Index,demand
0,0.034785494
1,0.030141018
2,0.02883722
3,0.05307096
4,0.09621527
5,0.015443423
6,0.03583881
7,0.18146136
8,0.028555755
9,0.065059915
10,0.03825316
11,0.25551507
12,0.21792643
13,0.05466576
14,0.14923443
15,0.10235344
16,0.15402399
17,0.051674347
18,0.089263
19,0.046085674
20,0.016258135
21,0.028611297
22,0.13721763
23,0.028238913
24,0.4516544
25,0.15598942
26,0.03896731
27,0.08365363
28,0.065898366
29,0.015740328
30,0.021929849
31,0.03876463
32,0.031892113
33,0.11746568
34,0.24327846
35,0.46674868
36,0.079023615
37,0.045364324
38,0.083432764
39,0.12833714
40,0.01448009
41,0.02482924
42,0.016551163
43,0.0383013
44,0.03511655
45,0.05815854
46,0.076122954
47,0.45145133
48,0.09169585
49,0.14943328
50,0.25557935
51,0.071401805
52,0.024510166
53,0.18457036
54,0.014564804
55,0.055541188
56,0.110419825
57,0.029571194
58,0.04599088
59,0.036397886
60,0.02609104
61,0.072831005
62,0.07675768
63,0.04428876
64,0.029879605
65,0.38805434
66,0.029757205
67,0.04301622
68,0.0476129
69,0.06222196
70,0.02460253
71,0.0346832
72,0.013819909
73,0.039497353
74,0.07293835
75,0.025376845
76,0.050923232
77,0.0904269
78,0.15804636
79,0.11899309
80,0.03175619
81,0.015512572
82,0.017649706
83,0.06394537
84,0.07624576
85,0.05430983
86,0.1451613
87,0.42612296
88,0.08052844
89,0.027419614
90,0.026006414
91,0.08419779
92,0.07586836
93,0.13566855
94,0.15258548
95,0.017878277
96,0.014564804
97,0.03280108
98,0.015179274
99,0.014329231
100,0.04461027
101,0.03377916
102,0.029675663
103,0.14653997
104,0.059920203
105,0.045786936
106,0.03553971
107,0.088451326
108,0.4379364
109,0.044708613
110,0.019581756
111,0.014842702
112,0.042365745
113,0.038546946
114,0.021718469
115,0.12692213
116,0.16152151
117,0.14913008
118,0.13971351
119,0.06595588
120,0.024368152
121,0.0403122
122,0.04513786
123,0.05228357
124,0.013132699
125,0.052958313
126,0.050128974
127,0.16504842
128,0.017253783
129,0.040644743
130,0.0371065
131,0.01939616
132,0.035079308
133,0.034597438
134,0.060387347
135,0.028380472
136,0.08943833
137,0.123537675
138,0.2596004
139,0.03528561
140,0.04230032
141,0.10369069
142,0.07723744
143,0.0154556865
144,0.14458068
145,0.029649021
146,0.014564804
147,0.029974058
148,0.11703031
149,0.02985453
150,0.028682932
151,0.041360267
152,0.060500503
153,0.073188044
154,0.13360584
155,0.12059621
156,0.18238907
157,0.06911722
158,0.04311539
159,0.016770674
160,0.051917132
161,0.05761776
162,0.07169274
163,0.038499754
164,0.641651
165,0.16876793
166,0.036816373
167,0.1515449
168,0.07149462
169,0.06601648
170,0.016004743
171,0.03400781
172,0.014557883
173,0.047903832
174,0.023112366
175,0.031883575
176,0.09262154
177,0.047527965
178,0.07621833
179,0.06785413
180,0.13547291
181,0.19578579
182,0.3979054
183,0.062650226
184,0.02265633
185,0.0751752
186,0.019001748
187,0.064092375
188,0.014339417
189,0.045716777
190,0.03438503
191,0.15896852
192,0.033470023
193,0.12721321
194,0.05324357
195,0.074110985
196,0.017760364
197,0.020502858
198,0.12715408
199,0.045623496
200,0.07036658
201,0.032756492
202,0.015206603
203,0.053909414
204,0.03522757
205,0.055294998
206,0.0958433
207,0.1338992
208,0.12029169
209,0.1520864
210,0.12372457
211,0.11468586
212,0.015672076
213,0.10318411
214,0.061492275
215,0.014969296
216,0.03149953
217,0.10458604
218,0.07246465
219,0.02548991
220,0.051422477
221,0.027733138
222,0.015672076
223,0.064572826
224,0.11972171
225,0.036352657
226,0.08595257
227,0.01693423
228,0.027631553
229,0.05192924
230,0.044844784
231,0.05169403
232,0.064047076
233,0.13159366
234,0.27461514
235,0.123832636
236,0.13205595
237,0.06503616
238,0.07035254
239,0.0888868
240,0.09763205
241,0.06965546
242,0.02203519
243,0.26138926
244,0.06073384
245,0.12243231
246,0.05489787
247,0.12909974
248,0.019810408
249,0.046319835
250,0.014557883
251,0.020879876
252,0.038448684
253,0.039336067
254,0.13668178
255,0.06458582
256,0.05268722
257,0.14392766
258,0.5333353
259,0.0973816
260,0.017622909
261,0.1887042
262,0.061585438
263,0.35178608
264,0.15073134
265,0.08812121
266,0.023237508
267,0.05400221
268,0.025525099
269,0.08568888
270,0.22857279
271,0.061764542
272,0.34804308
273,0.14266975
274,0.09754339
275,0.017810078
276,0.0375273
277,0.05355949
278,0.088987686
279,0.01645762
280,0.13078314
281,0.26811334
282,0.12976563
283,0.067045204
284,0.03180584
285,0.12564047
286,0.17887948
287,0.25978956
288,0.08137512
289,0.07755378
290,0.023534639
291,0.04236739
292,0.4464882
293,0.03349677
294,0.06934158
295,0.26680982
296,0.24141338
297,0.020380458
298,0.017088832
299,0.04664907
300,0.05652497
301,0.13447618
302,0.2484314
303,0.104486965
304,0.10849491
305,0.2622859
306,0.25662455
307,0.13858192
308,0.26524216
309,0.37154537
310,0.103006616
311,0.01963236
312,0.05789769
313,0.087105796
314,0.042926934
315,0.19971552
316,0.7570184
317,0.060375597
318,0.052963413
319,0.40063533
320,0.016155792
321,0.047770057
322,0.26521808
323,0.029208438
324,0.051290993
325,0.099175476
326,0.017624494
327,0.047015253
328,0.14616132
329,0.040671866
330,0.10134555
331,0.14525227
332,0.14314492
333,0.2667206
334,0.26499987
335,0.14830987
336,0.026597606
337,0.25121033
338,0.16656978
339,0.12657885
340,0.672724
341,0.43910244
342,0.32703322
343,0.025903335
344,0.17827497
345,0.043948777
346,0.030104242
347,0.016325044
348,0.019012334
349,0.06980796
350,0.014339417
351,0.014339417
352,0.02946437
353,0.053909734
354,0.1240499
355,0.11398673
356,0.13168432
357,0.09769291
358,0.14025612
359,0.1251408
360,0.03598836
361,0.12369188
362,0.25178355
363,0.018060375
364,0.045337994
365,0.63180983
366,0.78938353
367,0.423219
368,0.013896634
369,0.028286539
370,0.018835017
371,0.047827546
372,0.26669493
373,0.059817005
374,0.029343799
375,0.10826169
376,0.030356178
377,0.056314953
378,0.0999797
379,0.058241434
380,0.015222406
381,0.25336507
382,0.016409844
383,0.02473671
384,0.1335066
385,0.14756711
386,0.08387416
387,0.05523835
388,0.112050556
389,0.056324985
390,0.023866674
391,0.12523143
392,0.10171069
393,0.09858827
394,0.6452851
395,0.8768524
396,0.40800717
397,0.05357738
398,0.037586555
399,0.091701984
400,0.1223977
401,0.26551482
402,0.033024002
403,0.09553599
404,0.034365527
405,0.055242535
406,0.13603872
407,0.25456968
408,0.10428208
409,0.50865906
410,0.25825775
411,0.12911579
412,0.13407364
413,0.10865239
414,0.0631817
415,0.12586394
416,0.03929479
417,0.031208085
418,0.032471947
419,0.12910828
420,0.12991081
421,0.06472986
422,0.06654535
423,0.028500888
424,0.85598665
425,0.9920139
426,0.91382664
427,0.07799555
428,0.035071623
429,0.18785396
430,0.13939741
431,0.034011744
432,0.014339417
433,0.019249745
434,0.019553658
435,0.044362236
436,0.13030678
437,0.050866805
438,0.36652324
439,0.5388277
440,0.096547104
441,0.12527198
442,0.122323774
443,0.26099497
444,0.09647298
445,0.19364697
446,0.08180854
447,0.035034597
448,0.10164302
449,0.12024301
450,0.118853636
451,0.044895485
452,0.022540439
453,0.3225502
454,0.42148122
455,0.13452919
456,0.06398348
457,0.026713425
458,0.17362092
459,0.05872551
460,0.27153647
461,0.026404537
462,0.04735491
463,0.04965509
464,0.030368675
465,0.03133394
466,0.043683
467,0.0446922
468,0.2557444
469,0.8097294
470,0.43112668
471,0.34698483
472,0.13301699
473,0.18289249
474,0.25793335
475,0.43700323
476,0.06846976
477,0.026361616
478,0.029796697
479,0.036752995
480,0.19219503
481,0.17365363
482,0.07287365
483,0.2704082
484,0.26814196
485,0.2318184
486,1.0
487,0.116779506
488,0.034533896
489,0.12572025
490,0.24844627
491,0.019104727
492,0.045348167
493,0.39483303
494,0.013361351
495,0.0661792
496,0.059862327
497,0.040918887
498,0.051293306
499,0.25338507
500,0.42462856
501,0.44592685
502,0.5461972
503,0.4298802
504,0.14254408
505,0.1412062
506,0.26301068
507,0.015765281
508,0.029296191
509,0.1763499
510,0.09725137
511,0.040876422
512,0.18560149
513,0.15518725
514,0.47462824
515,0.18197408
516,0.015245503
517,0.06112889
518,0.10408897
519,0.11334851
520,0.085242644
521,0.016368272
522,0.014624443
523,0.016409844
524,0.03125167
525,0.07116739
526,0.102329075
527,0.1084436
528,0.1555726
529,0.43932697
530,0.7301287
531,0.45634392
532,0.43346167
533,0.6498497
534,0.111093
535,0.020075057
536,0.067318305
537,0.06765769
538,0.12797593
539,0.19196522
540,0.06996047
541,0.022121934
542,0.04965775
543,0.14485839
544,0.01810693
545,0.013361351
546,0.05819982
547,0.12570852
548,0.025631787
549,0.016807249
550,0.049977377
551,0.017405322
552,0.016200477
553,0.04515264
554,0.08555517
555,0.055945124
556,0.11538576
557,0.24640173
558,0.36546096
559,0.28813738
560,0.7897057
561,0.6864185
562,0.4130558
563,0.13052517
564,0.0430223
565,0.04529544
566,0.05305873
567,0.10726349
568,0.01610365
569,0.025339741
570,0.43643868
571,0.037497
572,0.01810693
573,0.061788592
574,0.058262024
575,0.08162819
576,0.029006954
577,0.04501688
578,0.017394826
579,0.0673771
580,0.017810078
581,0.025959233
582,0.030688671
583,0.11252027
584,0.1317162
585,0.4984167
586,0.36620918
587,0.20450991
588,0.8426937
589,0.4149
590,0.4804721
591,0.18378946
592,0.06503942
593,0.034982666
594,0.05870636
595,0.045476556
596,0.057202645
597,0.06119873
598,0.04500026
599,0.4464892
600,0.08838866
601,0.2592644
602,0.022773387
603,0.07003789
604,0.09787973
605,0.15382661
606,0.26349953
607,0.03544226
608,0.028012712
609,0.052552313
610,0.16480987
611,0.52500176
612,0.32036713
613,0.2637406
614,0.1412007
615,0.40519238
616,0.18509634
617,0.058923732
618,0.029889846
619,0.031572387
620,0.034537405
621,0.1200648
622,0.17893654
623,0.07501471
624,0.26740858
625,0.06095797
626,0.059909273
627,0.17280799
628,0.040890373
629,0.025485411
630,0.13664171
631,0.13854256
632,0.029636422
633,0.21218279
634,0.26766956
635,0.072684854
636,0.088418625
637,0.02635817
638,0.07582341
639,0.079423025
640,0.026004879
641,0.11968818
642,0.16851622
643,0.056249574
644,0.017345544
645,0.014797712
646,0.12544543
647,0.014557883
648,0.028143585
649,0.063991405
650,0.041458506
651,0.036991373
652,0.13737884
653,0.046314374
654,0.042985547
655,0.014787201
656,0.049837276
657,0.17563148
658,0.38293466
659,0.4104067
660,0.030441161
661,0.03568452
662,0.028484125
663,0.025037467
664,0.05010792
665,0.015632883
666,0.058368374
667,0.15887295
668,0.01748737
669,0.028211765
670,0.015983747
671,0.029392604
672,0.09553094
673,0.12539312
674,0.26411167
675,0.015622502
676,0.01594254
677,0.04154957
678,0.09106065
679,0.11641835
680,0.26265272
681,0.04594158
682,0.021741666
683,0.014950482
684,0.11796061
685,0.030763723
686,0.01557036
687,0.09088727
688,0.13090175
689,0.060895987
690,0.020573936
691,0.015099592
692,0.27017015
693,0.03400781
694,0.03700363
695,0.19810109
696,0.07207226
697,0.043951213
698,0.021553041
699,0.04155601
700,0.08585575
701,0.4072242
702,0.04679067
703,0.018416952
704,0.02982166
705,0.059875917
706,0.06157778
707,0.1344119
708,0.051528838
709,0.16236752
710,0.08544969
711,0.028762454
712,0.049657032
713,0.055803947
714,0.030106386
715,0.1568278
716,0.060375597
717,0.017760364
718,0.13124996
719,0.0198558
720,0.112954184
721,0.05886596
722,0.020229613
723,0.272077
724,0.58147997
725,0.17674951
726,0.04975489
727,0.09355775
728,0.036350247
729,0.08846862
730,0.09143604
731,0.1067625
732,0.70631003
733,0.05631606
734,0.01599995
735,0.1148173
736,0.08836913
737,0.07371706
738,0.15701915
739,0.45018324
740,0.06906347
741,0.124451414
742,0.021588651
743,0.032526802
744,0.03314478
745,0.10146883
746,0.041013546
747,0.013361351
748,0.024434224
749,0.060356636
750,0.036446452
751,0.053934302
752,0.046876688
753,0.02433373
754,0.12163514
755,0.040963463
756,0.03003846
757,0.016409844
758,0.036450252
759,0.06648519
760,0.14854875
761,0.0182107
762,0.0566236
763,0.454998
764,0.07375684
765,0.10964978
766,0.031097593
767,0.05586937
768,0.056900375
769,0.15702783
770,0.03111567
771,0.01838482
772,0.015672076
773,0.04704616
774,0.1165787
775,0.02203519
776,0.19649664
777,0.039596736
778,0.025826791
779,0.05882427
780,0.26405483
781,0.03207805
782,0.017613903
783,0.019801686
784,0.067741446
785,0.037540514
786,0.2578432
787,0.07364031
788,0.013606771
789,0.015667189
790,0.057164043
791,0.13313273
792,0.10603792
793,0.0623327
794,0.044676088
795,0.024386887
796,0.04336673
797,0.06022143
798,0.24989615
799,0.10463916
800,0.014339417
801,0.043517552
802,0.015672076
803,0.015531607
804,0.02462189
805,0.015407863
806,0.017808031
807,0.014689115
808,0.016864259
809,0.02024657
810,0.030892579
811,0.023878088
812,0.030470038
813,0.04878691
814,0.1184078
815,0.013361351
816,0.014969296
817,0.111473165
818,0.17989214
819,0.05958768
820,0.038050503
821,0.016368272
822,0.03231185
823,0.02750324
824,0.015659321
825,0.017016223
826,0.013361351
827,0.016807249
828,0.014557883
829,0.014339417
830,0.047057163
831,0.030053863
832,0.020594588
833,0.015667189
834,0.0140485605
835,0.017034585
836,0.0140485605
837,0.07575192
838,0.04957611
839,0.06774991
840,0.014339417
841,0.030057969
842,0.0152995875
843,0.07378011
844,0.0152995875
845,0.014969296
846,0.014557883
847,0.101120956
848,0.049931165
849,0.058346752
850,0.07745467
851,0.0140485605
852,0.12348451
853,0.030582728
854,0.024448717
855,0.052253183
856,0.05450685
857,0.114466734
858,0.025437701
859,0.027825167
860,0.03189443
861,0.026675036
862,0.02219458
863,0.016156359
864,0.0154079255
865,0.01960958
866,0.03402928
867,0.02614736
868,0.032591507
869,0.049758535
870,0.027824527
871,0.12712751
872,0.020212179
873,0.030330293
874,0.022634946
875,0.018584061
876,0.018885627
877,0.06582257
878,0.03445848
879,0.016398795
880,0.039496712
881,0.0154079255
882,0.015855532
883,0.12872508
884,0.09039407
885,0.017432991
886,0.07267563
887,0.018453399
888,0.06999354
889,0.024903435
890,0.048062406
891,0.02883722
892,0.04750912
893,0.015443423
894,0.02871795
895,0.031875856
896,0.034165226
897,0.14910413
898,0.030387042
899,0.041808333
900,0.12052304
901,0.10780188
902,0.21319963
903,0.027937228
904,0.05523366
905,0.1607615
906,0.056203343
907,0.40885416
908,0.05580871
909,0.12293692
910,0.037631813
911,0.01444352
912,0.016258135
913,0.2128465
914,0.027898373
915,0.4470616
916,0.10842537
917,0.038638197
918,0.1424672
919,0.04758997
920,0.028765371
921,0.032355335
922,0.026127152
923,0.029649021
924,0.117286235
925,0.11660456
926,0.086384356
927,0.41706538
928,0.041895732
929,0.055489812
930,0.041434936
931,0.048276022
932,0.15258701
933,0.017238371
934,0.045900784
935,0.03474241
936,0.06099254
937,0.064397976
938,0.44392252
939,0.110353716
940,0.05945037
941,0.39207223
942,0.04556282
943,0.43703008
944,0.014564804
945,0.04511094
946,0.1301296
947,0.032167207
948,0.033149466
949,0.040657558
950,0.027344452
951,0.085438214
952,0.076887496
953,0.04386835
954,0.026706913
955,0.039539587
956,0.3146046
957,0.030711314
958,0.022111814
959,0.052641127
960,0.041558493
961,0.072761215
962,0.03208989
963,0.0445576
964,0.045964897
965,0.046608433
966,0.025080042
967,0.045289624
968,0.13033415
969,0.14898887
970,0.014564804
971,0.013132699
972,0.017649706
973,0.08917957
974,0.22087945
975,0.014329231
976,0.036994565
977,0.14870219
978,0.25914302
979,0.06577777
980,0.04833816
981,0.021880308
982,0.019354612
983,0.013819909
984,0.058467425
985,0.017258717
986,0.056207504
987,0.24712466
988,0.24970667
989,0.029613137
990,0.027846055
991,0.0149779515
992,0.014329231
993,0.0272355
994,0.047158614
995,0.13159402
996,0.022219665
997,0.09217104
998,0.03529429
999,0.02260426
1000,0.090097755
1001,0.44691157
1002,0.014110765
1003,0.037966657
1004,0.014564804
1005,0.014842702
1006,0.031153262
1007,0.055632874
1008,0.021718469
1009,0.09172397
1010,0.16183324
1011,0.12139584
1012,0.105912566
1013,0.06644277
1014,0.015236575
1015,0.035115566
1016,0.045646995
1017,0.04357544
1018,0.013132699
1019,0.049555223
1020,0.052681915
1021,0.16293623
1022,0.016806021
1023,0.040946275
1024,0.03028293
1025,0.021953767
1026,0.03502176
1027,0.038193837
1028,0.045227665
1029,0.017904159
1030,0.09891876
1031,0.1316453
1032,0.20450057
1033,0.043868683
1034,0.0733435
1035,0.082307875
1036,0.10171355
1037,0.05400211
1038,0.022291295
1039,0.10332272
1040,0.014543834
1041,0.030391911
1042,0.11625786
1043,0.037074655
1044,0.03652142
1045,0.047198683
1046,0.08219822
1047,0.09262657
1048,0.18798752
1049,0.21221562
1050,0.1915116
1051,0.06167616
1052,0.05691512
1053,0.028698914
1054,0.063156135
1055,0.061536517
1056,0.07156809
1057,0.04393993
1058,0.6458512
1059,0.14117488
1060,0.015855532
1061,0.13262224
1062,0.08748611
1063,0.05861952
1064,0.042604037
1065,0.028629685
1066,0.015357462
1067,0.06097187
1068,0.025114112
1069,0.015672076
1070,0.027723579
1071,0.03821996
1072,0.11062118
1073,0.0466295
1074,0.07553184
1075,0.05869522
1076,0.11799464
1077,0.14054881
1078,0.37270775
1079,0.06317111
1080,0.035962045
1081,0.077849686
1082,0.02089095
1083,0.06330902
1084,0.03796278
1085,0.05660579
1086,0.033101372
1087,0.15997365
1088,0.07749334
1089,0.098915264
1090,0.041757412
1091,0.08419677
1092,0.044121675
1093,0.017760364
1094,0.015109952
1095,0.120150276
1096,0.015206603
1097,0.0482843
1098,0.08152436
1099,0.0472769
1100,0.015206603
1101,0.015407863
1102,0.037671924
1103,0.047809586
1104,0.05424442
1105,0.102243945
1106,0.13091528
1107,0.11571951
1108,0.14583462
1109,0.113841005
1110,0.12174675
1111,0.016560702
1112,0.105781145
1113,0.015465227
1114,0.065978676
1115,0.014672172
1116,0.030512819
1117,0.09986509
1118,0.052668374
1119,0.022540404
1120,0.051161245
1121,0.029253794
1122,0.015672076
1123,0.06498669
1124,0.14487223
1125,0.04422941
1126,0.067287974
1127,0.021444881
1128,0.04327429
1129,0.06173925
1130,0.01826518
1131,0.04317925
1132,0.054572787
1133,0.06802955
1134,0.13179895
1135,0.44482315
1136,0.12529412
1137,0.13025998
1138,0.06473299
1139,0.08089546
1140,0.0915011
1141,0.10199952
1142,0.061407674
1143,0.029081825
1144,0.029718185
1145,0.2594765
1146,0.05284838
1147,0.102958575
1148,0.06116083
1149,0.090734206
1150,0.01963236
1151,0.025596024
1152,0.014557883
1153,0.035411336
1154,0.038550023
1155,0.13721211
1156,0.06319815
1157,0.06701629
1158,0.13314167
1159,0.63207304
1160,0.0910955
1161,0.018868633
1162,0.1893217
1163,0.066201575
1164,0.269553
1165,0.2672109
1166,0.0873388
1167,0.045457993
1168,0.032280516
1169,0.07311767
1170,0.23578839
1171,0.05626151
1172,0.26962617
1173,0.10235451
1174,0.09819106
1175,0.018527037
1176,0.015672076
1177,0.01960992
1178,0.02660294
1179,0.07839891
1180,0.091992006
1181,0.024355546
1182,0.13508558
1183,0.1517089
1184,0.1305979
1185,0.07291039
1186,0.041993566
1187,0.13114324
1188,0.23452638
1189,0.26609692
1190,0.06919234
1191,0.015483773
1192,0.052785505
1193,0.023534639
1194,0.04717051
1195,0.4586752
1196,0.04321707
1197,0.090996414
1198,0.26603806
1199,0.24180682
1200,0.018766277
1201,0.015222406
1202,0.046354003
1203,0.06549095
1204,0.1776977
1205,0.13992678
1206,0.09950706
1207,0.10590365
1208,0.2617559
1209,0.25700814
1210,0.15094286
1211,0.26933953
1212,0.35957742
1213,0.0988925
1214,0.019389179
1215,0.0464787
1216,0.07213674
1217,0.06021929
1218,0.20303352
1219,0.8451111
1220,0.060375597
1221,0.059202157
1222,0.4059469
1223,0.015757693
1224,0.04295442
1225,0.26839972
1226,0.03032678
1227,0.019914946
1228,0.047946975
1229,0.09707669
1230,0.01976376
1231,0.048952922
1232,0.013361351
1233,0.13654897
1234,0.042413477
1235,0.09337142
1236,0.15270662
1237,0.17959413
1238,0.26665375
1239,0.3522317
1240,0.26471737
1241,0.036788806
1242,0.2555094
1243,0.17606524
1244,0.15564
1245,0.71584934
1246,0.43893915
1247,0.32703322
1248,0.0140485605
1249,0.024373986
1250,0.13249883
1251,0.04344794
1252,0.032201596
1253,0.017735703
1254,0.015765281
1255,0.08524331
1256,0.014787201
1257,0.029381944
1258,0.05406075
1259,0.113380395
1260,0.12425721
1261,0.1255079
1262,0.11121526
1263,0.14148974
1264,0.11542417
1265,0.034311652
1266,0.1600189
1267,0.25707796
1268,0.01610365
1269,0.050096318
1270,0.695161
1271,0.880465
1272,0.41887653
1273,0.013896634
1274,0.029560529
1275,0.01810693
1276,0.05347169
1277,0.26426953
1278,0.08049342
1279,0.026791807
1280,0.11556273
1281,0.014787201
1282,0.06699875
1283,0.10304053
1284,0.058674946
1285,0.014339417
1286,0.26090413
1287,0.016340483
1288,0.027924297
1289,0.12958068
1290,0.14726055
1291,0.0710526
1292,0.049015682
1293,0.11942327
1294,0.059924956
1295,0.035319038
1296,0.13211374
1297,0.101865344
1298,0.15629508
1299,0.6383642
1300,0.8745712
1301,0.42165267
1302,0.016098037
1303,0.04330651
1304,0.04878966
1305,0.21487702
1306,0.107839994
1307,0.17293604
1308,0.045776956
1309,0.07990476
1310,0.024732959
1311,0.05940662
1312,0.12481106
1313,0.25816634
1314,0.123167
1315,0.4899367
1316,0.26136157
1317,0.13760617
1318,0.17599358
1319,0.10255232
1320,0.086674415
1321,0.13483092
1322,0.034155227
1323,0.031360973
1324,0.029718185
1325,0.12846586
1326,0.13053639
1327,0.069196716
1328,0.059318352
1329,0.028055051
1330,0.7653447
1331,0.99569744
1332,0.9137911
1333,0.036730867
1334,0.20390433
1335,0.24951312
1336,0.049462575
1337,0.019247707
1338,0.019610956
1339,0.05632669
1340,0.12058838
1341,0.04967667
1342,0.37902433
1343,0.54215646
1344,0.093668684
1345,0.13848603
1346,0.115323745
1347,0.18604659
1348,0.10324415
1349,0.29657075
1350,0.07905241
1351,0.034179397
1352,0.10369294
1353,0.12582973
1354,0.115493074
1355,0.03208425
1356,0.46750697
1357,0.4152733
1358,0.12656762
1359,0.06317606
1360,0.025254274
1361,0.15508373
1362,0.014672172
1363,0.0591232
1364,0.19932161
1365,0.029794661
1366,0.05596322
1367,0.05100708
1368,0.028805286
1369,0.023054553
1370,0.04305713
1371,0.042220578
1372,0.3320269
1373,0.8044134
1374,0.4468765
1375,0.26600292
1376,0.12790659
1377,0.19389726
1378,0.25763032
1379,0.41779467
1380,0.0684278
1381,0.043813877
1382,0.031168541
1383,0.029744502
1384,0.17558062
1385,0.25882548
1386,0.05253335
1387,0.26908585
1388,0.27013868
1389,0.23292603
1390,1.0
1391,0.11364133
1392,0.029877674
1393,0.11092855
1394,0.17202874
1395,0.019886162
1396,0.049148925
1397,0.40941876
1398,0.06812785
1399,0.058522318
1400,0.034890488
1401,0.0519087
1402,0.13615297
1403,0.42404005
1404,0.27130574
1405,0.5423255
1406,0.44566742
1407,0.17084032
1408,0.21302862
1409,0.26289234
1410,0.030577475
1411,0.14759399
1412,0.070317656
1413,0.041019764
1414,0.2563682
1415,0.26467976
1416,0.06637451
1417,0.4826315
1418,0.25919026
1419,0.013819647
1420,0.058492642
1421,0.09638042
1422,0.07306292
1423,0.05349172
1424,0.015206603
1425,0.01512016
1426,0.015832877
1427,0.028160492
1428,0.081898496
1429,0.10448571
1430,0.109290056
1431,0.14227508
1432,0.4460271
1433,0.7169314
1434,0.44736478
1435,0.42660844
1436,0.6196659
1437,0.11128656
1438,0.018905759
1439,0.05425957
1440,0.07132267
1441,0.11902342
1442,0.19335821
1443,0.09462978
1444,0.02309999
1445,0.057049558
1446,0.11657704
1447,0.016078299
1448,0.046135228
1449,0.09399729
1450,0.016486788
1451,0.033419173
1452,0.01669803
1453,0.01875551
1454,0.026235066
1455,0.052859597
1456,0.09118867
1457,0.0642174
1458,0.114238754
1459,0.24957618
1460,0.26702347
1461,0.28153962
1462,0.7922982
1463,0.6862841
1464,0.43421543
1465,0.11624961
1466,0.04467966
1467,0.04285282
1468,0.05557838
1469,0.11104434
1470,0.020479588
1471,0.02709801
1472,0.47666997
1473,0.04138195
1474,0.016533233
1475,0.053942647
1476,0.04038622
1477,0.07970687
1478,0.029953351
1479,0.054011956
1480,0.018060375
1481,0.04092559
1482,0.034633283
1483,0.10808421
1484,0.12636241
1485,0.49282768
1486,0.3912695
1487,0.17480743
1488,0.8426937
1489,0.39406613
1490,0.47922155
1491,0.13980408
1492,0.05750867
1493,0.0304324
1494,0.05999204
1495,0.05911855
1496,0.058417656
1497,0.034686465
1498,0.045774754
1499,0.45418432
1500,0.083448075
1501,0.35625312
1502,0.022455176
1503,0.073568
1504,0.0934431
1505,0.12483291
1506,0.16778384
1507,0.04174989
1508,0.048316017
1509,0.2639742
1510,0.5222284
1511,0.34816092
1512,0.4155612
1513,0.11938819
1514,0.42371655
1515,0.1855606
1516,0.04713758
1517,0.021406278
1518,0.027780835
1519,0.025285866
1520,0.11626451
1521,0.17973575
1522,0.063213244
1523,0.26676092
1524,0.02576373
1525,0.06086788
1526,0.15713747
1527,0.03573455
1528,0.021318745
1529,0.12877017
1530,0.13446802
1531,0.039255485
1532,0.185378
1533,0.19379699
1534,0.072887674
1535,0.0911364
1536,0.023866674
1537,0.07567701
1538,0.060788978
1539,0.02531767
1540,0.08107921
1541,0.16382012
1542,0.03331676
1543,0.029045125
1544,0.12418707
1545,0.015474419
1546,0.014787201
1547,0.073073916
1548,0.036461834
1549,0.039548878
1550,0.14437519
1551,0.03687641
1552,0.043071568
1553,0.015222406
1554,0.050820693
1555,0.18418044
1556,0.38728
1557,0.26946405
1558,0.03213138
1559,0.019012334
1560,0.047127124
1561,0.020594588
1562,0.06783462
1563,0.1356752
1564,0.015465227
1565,0.024973193
1566,0.016040627
1567,0.049773775
1568,0.01810693
1569,0.10180772
1570,0.12488163
1571,0.2658962
1572,0.018301016
1573,0.016864259
1574,0.034487367
1575,0.087829545
1576,0.11031842
1577,0.26302433
1578,0.046862725
1579,0.030892579
1580,0.015465227
1581,0.1141658
1582,0.030681299
1583,0.015545008
1584,0.08906669
1585,0.14285776
1586,0.065042526
1587,0.029966427
1588,0.015465227
1589,0.1947158
1590,0.020563394
1591,0.026791807
1592,0.04131203
1593,0.13598794
1594,0.06997082
1595,0.053663805
1596,0.018634617
1597,0.04015415
1598,0.09686052
1599,0.26821232
1600,0.032388225
1601,0.03076569
1602,0.057939533
1603,0.042698186
1604,0.054618202
1605,0.135984
1606,0.050594445
1607,0.14220001
1608,0.09798303
1609,0.029831426
1610,0.015855532
1611,0.055454664
1612,0.041405912
1613,0.25202647
1614,0.060375597
1615,0.017760364
1616,0.1183512
1617,0.018801652
1618,0.11984443
1619,0.060545962
1620,0.014490276
1621,0.014339417
1622,0.2714476
1623,0.6103476
1624,0.12722795
1625,0.0567522
1626,0.076977886
1627,0.05299154
1628,0.03249481
1629,0.090012975
1630,0.09371662
1631,0.1067625
1632,0.670249
1633,0.058643725
1634,0.015667189
1635,0.094259955
1636,0.092293076
1637,0.0375171
1638,0.12919255
1639,0.45831284
1640,0.068416834
1641,0.11870364
1642,0.024297137
1643,0.01557036
1644,0.02825329
1645,0.047095418
1646,0.103978634
1647,0.041792817
1648,0.02367994
1649,0.069855005
1650,0.03866588
1651,0.028761065
1652,0.04558294
1653,0.015855532
1654,0.01557036
1655,0.11287195
1656,0.028875995
1657,0.017911222
1658,0.045520514
1659,0.06720447
1660,0.13347755
1661,0.023521932
1662,0.04671892
1663,0.4328627
1664,0.059304953
1665,0.091763176
1666,0.043053195
1667,0.06239172
1668,0.058688104
1669,0.01596898
1670,0.023719631
1671,0.2642301
1672,0.041281953
1673,0.01838482
1674,0.069173306
1675,0.10796422
1676,0.029718185
1677,0.015147413
1678,0.18187834
1679,0.04415302
1680,0.027779471
1681,0.048746694
1682,0.39858654
1683,0.018804872
1684,0.014339417
1685,0.016535467
1686,0.016398795
1687,0.066376045
1688,0.01410154
1689,0.042688683
1690,0.16426343
1691,0.07136829
1692,0.013606771
1693,0.016657416
1694,0.02132247
1695,0.06263914
1696,0.23395212
1697,0.100762986
1698,0.06017823
1699,0.050763387
1700,0.029423155
1701,0.068301976
1702,0.016657416
1703,0.054454833
1704,0.25140238
1705,0.10666838
1706,0.014339417
1707,0.03851282
1708,0.015806962
1709,0.020722782
1710,0.016105233
1711,0.016680874
1712,0.016857715
1713,0.014339417
1714,0.017760364
1715,0.017834602
1716,0.02770103
1717,0.04760131
1718,0.12046246
1719,0.013361351
1720,0.014672172
1721,0.13209055
1722,0.014339417
1723,0.12617908
1724,0.018925665
1725,0.03409193
1726,0.018340979
1727,0.045701444
1728,0.014689115
1729,0.01757216
1730,0.016486788
1731,0.014557883
1732,0.014339417
1733,0.047254037
1734,0.029078944
1735,0.024834538
1736,0.033152636
1737,0.017760364
1738,0.013771827
1739,0.017034585
1740,0.015602021
1741,0.09211798
1742,0.041281953
1743,0.08179159
1744,0.014339417
1745,0.014557883
1746,0.0384529
1747,0.0154079255
1748,0.029204609
1749,0.016792994
1750,0.05902442
1751,0.01537633
1752,0.014969296
1753,0.014557883
1754,0.08140447
1755,0.058950804
1756,0.058346752
1757,0.044897255
1758,0.013896634
1759,0.13554627
1760,0.029550023
1761,0.014689115
1762,0.048327312
1763,0.016932962
1764,0.066639975
1765,0.14113896
1766,0.029045125
1767,0.042689875
1768,0.03611603
1769,0.025769582
1770,0.03007136
1771,0.014158234
1772,0.015865503
1773,0.015574908
1774,0.015659321
1775,0.014557883
1776,0.036257885
1777,0.014512625
1778,0.014672172
1779,0.033542626
1780,0.04726658
1781,0.029292528
1782,0.0140485605
1783,0.18322329
1784,0.025355885
1785,0.02446192
1786,0.042327695
1787,0.013361351
1788,0.017186454
1789,0.058486108
1790,0.039917648
1791,0.016105233
1792,0.027647076
1793,0.029058484
1794,0.015855532
1795,0.03096973
1796,0.12900624
1797,0.10600789
1798,0.014557883
1799,0.019874439
1800,0.08399481
1801,0.021132698
1802,0.033742234
1803,0.03000031
1804,0.02472726
1805,0.034314223
1806,0.05706141
1807,0.015236575
1808,0.037971288
1809,0.03529429
1810,0.033785418
1811,0.14153025
1812,0.07232447
1813,0.025782723
1814,0.075168364
1815,0.036659498
1816,0.24403585
1817,0.21319963
1818,0.15812688
1819,0.0879454
1820,0.14803787
1821,0.054444823
1822,0.08902269
1823,0.045924295
1824,0.030202001
1825,0.023229426
1826,0.089017324
1827,0.06617103
1828,0.44802508
1829,0.14846428
1830,0.038456887
1831,0.08736619
1832,0.040747207
1833,0.013132699
1834,0.013132699
1835,0.0304735
1836,0.034842573
1837,0.056234665
1838,0.020207707
1839,0.0152372215
1840,0.12634069
1841,0.22038876
1842,0.24726677
1843,0.41482452
1844,0.03491549
1845,0.09421973
1846,0.16278383
1847,0.014110765
1848,0.014110765
1849,0.045674097
1850,0.10021265
1851,0.0709633
1852,0.46084574
1853,0.08406532
1854,0.10217362
1855,0.44062445
1856,0.07275584
1857,0.44390103
1858,0.014564804
1859,0.054808304
1860,0.15475228
1861,0.030208517
1862,0.03392673
1863,0.050776467
1864,0.027069107
1865,0.030424759
1866,0.078133784
1867,0.12882249
1868,0.06457601
1869,0.14822507
1870,0.248183
1871,0.03340095
1872,0.041492905
1873,0.039313737
1874,0.12411185
1875,0.03473424
1876,0.03474612
1877,0.085160896
1878,0.024632294
1879,0.109576106
1880,0.037017327
1881,0.15186039
1882,0.059844237
1883,0.03671951
1884,0.016319903
1885,0.14140105
1886,0.14885132
1887,0.04407573
1888,0.11656557
1889,0.39242786
1890,0.0135431755
1891,0.08734379
1892,0.027441572
1893,0.020583104
1894,0.015867105
1895,0.046474718
1896,0.013132699
1897,0.070011616
1898,0.09255078
1899,0.14420244
1900,0.24868266
1901,0.028401032
1902,0.01582398
1903,0.03935188
1904,0.017678898
1905,0.029257715
1906,0.15424462
1907,0.017317835
1908,0.060348667
1909,0.03224798
1910,0.03533171
1911,0.084367014
1912,0.41383326
1913,0.0659047
1914,0.020207707
1915,0.014842702
1916,0.04285765
1917,0.051577676
1918,0.026000887
1919,0.12065998
1920,0.16999817
1921,0.11122359
1922,0.11025896
1923,0.06426679
1924,0.013132699
1925,0.034272682
1926,0.051551595
1927,0.044806927
1928,0.046643227
1929,0.058826946
1930,0.160812
1931,0.016599176
1932,0.03818578
1933,0.032719303
1934,0.025186833
1935,0.027696995
1936,0.032634143
1937,0.04586101
1938,0.019029425
1939,0.09898827
1940,0.11931628
1941,0.41385394
1942,0.048217565
1943,0.06010672
1944,0.06686955
1945,0.103647545
1946,0.06543477
1947,0.014543834
1948,0.0946211
1949,0.0152372215
1950,0.025535386
1951,0.13488857
1952,0.042447798
1953,0.030271044
1954,0.041517705
1955,0.06514197
1956,0.086002685
1957,0.1942352
1958,0.12133623
1959,0.13182084
1960,0.06937058
1961,0.0552599
1962,0.016770674
1963,0.06492324
1964,0.0869726
1965,0.05747499
1966,0.040775713
1967,0.62785834
1968,0.18097834
1969,0.029599875
1970,0.124510996
1971,0.056607336
1972,0.035502333
1973,0.026355805
1974,0.01568434
1975,0.014557883
1976,0.055246364
1977,0.025046796
1978,0.041128293
1979,0.023427676
1980,0.09847492
1981,0.05955128
1982,0.075904146
1983,0.058995016
1984,0.12397816
1985,0.18472847
1986,0.27237746
1987,0.057085097
1988,0.021699233
1989,0.06995537
1990,0.03686306
1991,0.014487799
1992,0.025679016
1993,0.06957999
1994,0.033668958
1995,0.120820865
1996,0.03792001
1997,0.10942324
1998,0.03777768
1999,0.06551862
2000,0.04913365
2001,0.028925851
2002,0.028629685
2003,0.14076279
2004,0.015206603
2005,0.07304656
2006,0.06723483
2007,0.014969296
2008,0.041777447
2009,0.039044064
2010,0.06508299
2011,0.09916862
2012,0.15997633
2013,0.12509055
2014,0.25719097
2015,0.12375998
2016,0.115282066
2017,0.018301016
2018,0.10069345
2019,0.015465227
2020,0.059496563
2021,0.029795786
2022,0.09516709
2023,0.045693517
2024,0.042146713
2025,0.056550033
2026,0.025066694
2027,0.025168618
2028,0.058899894
2029,0.15461373
2030,0.026981285
2031,0.059243083
2032,0.020601988
2033,0.05802007
2034,0.063872635
2035,0.029049529
2036,0.04364591
2037,0.042806294
2038,0.082188554
2039,0.14572401
2040,0.4606653
2041,0.11399217
2042,0.12742323
2043,0.06591351
2044,0.082346484
2045,0.082485005
2046,0.10242951
2047,0.06762678
2048,0.014672172
2049,0.020975078
2050,0.41877475
2051,0.05004667
2052,0.1126712
2053,0.06193633
2054,0.09846544
2055,0.017095424
2056,0.045687597
2057,0.038891323
2058,0.041244715
2059,0.13376214
2060,0.06216074
2061,0.068811856
2062,0.12666655
2063,0.61505634
2064,0.09909075
2065,0.0176173
2066,0.15647586
2067,0.05698253
2068,0.26883328
2069,0.2595599
2070,0.09460137
2071,0.054359533
2072,0.03422063
2073,0.078164384
2074,0.15912385
2075,0.0747297
2076,0.26456657
2077,0.117503114
2078,0.112919345
2079,0.018527037
2080,0.019497704
2081,0.0355296
2082,0.05355949
2083,0.08484555
2084,0.01645762
2085,0.12795706
2086,0.18071821
2087,0.12928455
2088,0.09175613
2089,0.040866084
2090,0.15752281
2091,0.18240432
2092,0.26619717
2093,0.084861524
2094,0.015832877
2095,0.051252726
2096,0.022233116
2097,0.04236739
2098,0.4464882
2099,0.03687625
2100,0.08704165
2101,0.26584283
2102,0.23290454
2103,0.02075748
2104,0.016486788
2105,0.018433271
2106,0.057899646
2107,0.055956967
2108,0.1452659
2109,0.13074696
2110,0.10259447
2111,0.10825973
2112,0.2632328
2113,0.14632894
2114,0.16095671
2115,0.19368927
2116,0.29679754
2117,0.10070046
2118,0.047543626
2119,0.071573175
2120,0.061946977
2121,0.1947489
2122,0.8438038
2123,0.014339417
2124,0.0642167
2125,0.04198186
2126,0.4138838
2127,0.04295442
2128,0.26252818
2129,0.018097041
2130,0.049428042
2131,0.10128599
2132,0.017276956
2133,0.047015253
2134,0.132644
2135,0.042571034
2136,0.099078156
2137,0.25865647
2138,0.17704265
2139,0.19368927
2140,0.35116243
2141,0.18253337
2142,0.026003247
2143,0.24808776
2144,0.112451404
2145,0.13171318
2146,0.6768547
2147,0.42181876
2148,0.3017423
2149,0.013896634
2150,0.024373986
2151,0.12814489
2152,0.01838482
2153,0.027247371
2154,0.019299721
2155,0.016757643
2156,0.018072445
2157,0.08466883
2158,0.014708742
2159,0.014339417
2160,0.028963994
2161,0.056105934
2162,0.11402489
2163,0.112728454
2164,0.11842849
2165,0.09882031
2166,0.22949427
2167,0.16953051
2168,0.030714164
2169,0.16331051
2170,0.25646615
2171,0.016078299
2172,0.045926355
2173,0.69153535
2174,0.8772556
2175,0.4123371
2176,0.013771827
2177,0.021725873
2178,0.016766256
2179,0.062796526
2180,0.2635877
2181,0.08022482
2182,0.016420139
2183,0.014787201
2184,0.080645755
2185,0.1002397
2186,0.070776775
2187,0.015222406
2188,0.2513313
2189,0.01627153
2190,0.024344558
2191,0.1168462
2192,0.13292228
2193,0.10129039
2194,0.049905498
2195,0.11952707
2196,0.06806671
2197,0.028489852
2198,0.1114881
2199,0.099238746
2200,0.122476935
2201,0.6994571
2202,0.87244034
2203,0.42481348
2204,0.02844863
2205,0.0410604
2206,0.04210838
2207,0.014339417
2208,0.119690284
2209,0.110431865
2210,0.19712642
2211,0.055585504
2212,0.061234627
2213,0.02452815
2214,0.054776277
2215,0.12059725
2216,0.2578703
2217,0.22330925
2218,0.5156138
2219,0.25987804
2220,0.1974338
2221,0.14622685
2222,0.09903032
2223,0.078034535
2224,0.1305366
2225,0.035798397
2226,0.03861356
2227,0.024666727
2228,0.11740962
2229,0.12561598
2230,0.079693176
2231,0.073740564
2232,0.027835006
2233,0.7627675
2234,0.9920139
2235,0.9137911
2236,0.075526804
2237,0.02839948
2238,0.17470022
2239,0.16317056
2240,0.025952438
2241,0.014339417
2242,0.038869366
2243,0.03320474
2244,0.043124933
2245,0.12988524
2246,0.051660396
2247,0.37062603
2248,0.5438257
2249,0.087191224
2250,0.15494457
2251,0.103964105
2252,0.16762295
2253,0.12190241
2254,0.286067
2255,0.09182242
2256,0.039104916
2257,0.11233326
2258,0.12015661
2259,0.104153425
2260,0.03264154
2261,0.019887147
2262,0.32273245
2263,0.40797633
2264,0.24998748
2265,0.065766856
2266,0.025152348
2267,0.13551357
2268,0.014672172
2269,0.06351194
2270,0.17847738
2271,0.029727353
2272,0.04817207
2273,0.049997658
2274,0.033355005
2275,0.036957532
2276,0.043811187
2277,0.04277684
2278,0.23598257
2279,0.7879101
2280,0.26540402
2281,0.26582554
2282,0.13576806
2283,0.25944355
2284,0.17026776
2285,0.4315616
2286,0.060590062
2287,0.06515107
2288,0.02990637
2289,0.0545554
2290,0.14692609
2291,0.17814289
2292,0.07308453
2293,0.21111229
2294,0.37056282
2295,0.22871315
2296,1.0
2297,0.12023631
2298,0.020479588
2299,0.11070082
2300,0.13586049
2301,0.043470025
2302,0.4030974
2303,0.08238958
2304,0.043797683
2305,0.038564947
2306,0.059543736
2307,0.13288733
2308,0.4471159
2309,0.4460271
2310,0.5466074
2311,0.45236754
2312,0.17072229
2313,0.14689998
2314,0.26301068
2315,0.027578829
2316,0.13308217
2317,0.070005484
2318,0.041759666
2319,0.2558105
2320,0.26077247
2321,0.07664586
2322,0.39004925
2323,0.2597834
2324,0.060695317
2325,0.10294481
2326,0.07124345
2327,0.05591358
2328,0.014969296
2329,0.015163388
2330,0.015894255
2331,0.027264033
2332,0.071898825
2333,0.10622605
2334,0.10923433
2335,0.1686106
2336,0.4460271
2337,0.80030406
2338,0.44667453
2339,0.24658698
2340,0.6222619
2341,0.116608724
2342,0.06857722
2343,0.1139694
2344,0.12726395
2345,0.20243573
2346,0.0991627
2347,0.025197653
2348,0.013361351
2349,0.0478353
2350,0.1342298
2351,0.048316263
2352,0.111123614
2353,0.016486788
2354,0.03135384
2355,0.025264809
2356,0.041734174
2357,0.015222406
2358,0.039592236
2359,0.0840199
2360,0.06504818
2361,0.1142063
2362,0.24995433
2363,0.27035913
2364,0.28594747
2365,0.77957803
2366,0.6953272
2367,0.43411517
2368,0.1281258
2369,0.05662667
2370,0.02624837
2371,0.060155183
2372,0.1031047
2373,0.016972827
2374,0.014557883
2375,0.045208625
2376,0.47666997
2377,0.035816364
2378,0.016145034
2379,0.049613114
2380,0.030195866
2381,0.07782291
2382,0.029458443
2383,0.0447711
2384,0.041822303
2385,0.017946184
2386,0.025682418
2387,0.04318291
2388,0.114156835
2389,0.15173356
2390,0.47883072
2391,0.39189854
2392,0.13533771
2393,0.8067984
2394,0.41485634
2395,0.47790453
2396,0.14744855
2397,0.048564665
2398,0.028300831
2399,0.04521431
2400,0.040167466
2401,0.04782686
2402,0.46014053
2403,0.08131529
2404,0.26231208
2405,0.04277552
2406,0.085187994
2407,0.08153065
2408,0.12115719
2409,0.16104273
2410,0.039078113
2411,0.03467595
2412,0.084733136
2413,0.1754794
2414,0.52679884
2415,0.34816092
2416,0.44056612
2417,0.2460298
2418,0.4236163
2419,0.18145779
2420,0.045890093
2421,0.03352049
2422,0.01627153
2423,0.01691682
2424,0.015855532
2425,0.02899142
2426,0.025329938
2427,0.15779291
2428,0.12933184
2429,0.0756982
2430,0.2639708
2431,0.0233539
2432,0.055625286
2433,0.26568902
2434,0.036334224
2435,0.015197684
2436,0.014339417
2437,0.1281332
2438,0.13064252
2439,0.0324756
2440,0.18027398
2441,0.19379699
2442,0.07045564
2443,0.07530172
2444,0.061534885
2445,0.067337155
2446,0.02531767
2447,0.12583925
2448,0.11492112
2449,0.03090668
2450,0.017088832
2451,0.014797712
2452,0.11805984
2453,0.014787201
2454,0.014339417
2455,0.06486547
2456,0.014557883
2457,0.039054494
2458,0.039918054
2459,0.15774377
2460,0.04374951
2461,0.043235924
2462,0.015222406
2463,0.04921674
2464,0.19266585
2465,0.40111196
2466,0.42624146
2467,0.08027259
2468,0.05366809
2469,0.01596898
2470,0.055953924
2471,0.12834857
2472,0.015465227
2473,0.026284005
2474,0.01596898
2475,0.029519664
2476,0.030025302
2477,0.014614762
2478,0.01610365
2479,0.10088718
2480,0.12364485
2481,0.39197692
2482,0.018190075
2483,0.037042104
2484,0.093160614
2485,0.11682814
2486,0.26093566
2487,0.046973515
2488,0.0152995875
2489,0.112371445
2490,0.025860779
2491,0.08941801
2492,0.24441786
2493,0.09408625
2494,0.019867491
2495,0.019909143
2496,0.015206603
2497,0.31792104
2498,0.021760324
2499,0.029134143
2500,0.04010231
2501,0.13083026
2502,0.065363914
2503,0.0451957
2504,0.02931916
2505,0.03054177
2506,0.08916713
2507,0.17255276
2508,0.03725974
2509,0.018507432
2510,0.036300506
2511,0.048550114
2512,0.050957005
2513,0.16894348
2514,0.063513346
2515,0.2648421
2516,0.10017015
2517,0.038641766
2518,0.054353885
2519,0.03895836
2520,0.03593214
2521,0.14616206
2522,0.0642167
2523,0.017760364
2524,0.08612289
2525,0.025525752
2526,0.10883128
2527,0.07698575
2528,0.014339417
2529,0.27217725
2530,0.58783287
2531,0.13027075
2532,0.052421454
2533,0.01557036
2534,0.09213021
2535,0.057526253
2536,0.036047984
2537,0.08034928
2538,0.08914095
2539,0.06544687
2540,0.7500352
2541,0.068154365
2542,0.01787836
2543,0.09275367
2544,0.090100594
2545,0.01557036
2546,0.037271887
2547,0.16453017
2548,0.45700565
2549,0.100532226
2550,0.15240185
2551,0.023844225
2552,0.027908232
2553,0.048377424
2554,0.1040999
2555,0.03953301
2556,0.031007815
2557,0.061997846
2558,0.058689322
2559,0.036513098
2560,0.0445274
2561,0.028925851
2562,0.11357278
2563,0.040159933
2564,0.030973025
2565,0.016340483
2566,0.02568216
2567,0.06927382
2568,0.13778399
2569,0.02442673
2570,0.045786936
2571,0.44021803
2572,0.065020874
2573,0.07922328
2574,0.028873553
2575,0.02872834
2576,0.06445512
2577,0.053401746
2578,0.015667189
2579,0.029048478
2580,0.23872401
2581,0.04337947
2582,0.018273883
2583,0.0472383
2584,0.099230364
2585,0.021406278
2586,0.015206603
2587,0.11600723
2588,0.03645638
2589,0.025559016
2590,0.061244767
2591,0.41906798
2592,0.015886856
2593,0.014339417
2594,0.020563394
2595,0.016078653
2596,0.05266142
2597,0.014211323
2598,0.035643432
2599,0.12978505
2600,0.070581935
2601,0.016972827
2602,0.08035824
2603,0.14538059
2604,0.10109894
2605,0.062045094
2606,0.04971968
2607,0.060807608
2608,0.024910202
2609,0.0441032
2610,0.2597518
2611,0.10783312
2612,0.014339417
2613,0.041417345
2614,0.01537633
2615,0.015638445
2616,0.016315203
2617,0.01748737
2618,0.028925851
2619,0.014339417
2620,0.017760364
2621,0.015667189
2622,0.023521932
2623,0.030441815
2624,0.04605344
2625,0.10932227
2626,0.06342877
2627,0.014672172
2628,0.1278422
2629,0.014339417
2630,0.14988467
2631,0.020146776
2632,0.023693783
2633,0.036030397
2634,0.019452946
2635,0.039444417
2636,0.014339417
2637,0.028449547
2638,0.0204607
2639,0.016486788
2640,0.014339417
2641,0.058804233
2642,0.022935392
2643,0.029569639
2644,0.01596898
2645,0.035372708
2646,0.017293284
2647,0.015924336
2648,0.013779978
2649,0.09387749
2650,0.04267879
2651,0.06634549
2652,0.014689115
2653,0.014557883
2654,0.028760234
2655,0.061408255
2656,0.015794946
2657,0.014672172
2658,0.07213629
2659,0.05663902
2660,0.04208624
2661,0.015855532
2662,0.013896634
2663,0.11351483
2664,0.039123304
2665,0.0152995875
2666,0.054419417
2667,0.017305136
2668,0.069130935
2669,0.11123703
2670,0.03400781
2671,0.028193688
2672,0.027702807
2673,0.039034948
2674,0.024308924
2675,0.027322872
2676,0.014557883
2677,0.016164621
2678,0.015594054
2679,0.022470193
2680,0.014557883
2681,0.037827794
2682,0.014614762
2683,0.015357462
2684,0.058207672
2685,0.13116433
2686,0.018317705
2687,0.05296689
2688,0.02395429
2689,0.017444141
2690,0.026672142
2691,0.026827576
2692,0.017995989
2693,0.024628455
2694,0.049552623
2695,0.08368247
2696,0.029599875
2697,0.060265798
2698,0.064720616
2699,0.020334741
2700,0.03000031
2701,0.031234901
2702,0.07989826
2703,0.03502438
2704,0.1350322
2705,0.043050654
2706,0.12093839
2707,0.036354966
2708,0.060427677
2709,0.1762663
2710,0.2505004
2711,0.021924421
2712,0.022148315
2713,0.053704828
2714,0.14523701
2715,0.16099362
2716,0.04287825
2717,0.089409634
2718,0.048131682
2719,0.032727607
2720,0.067909166
2721,0.025574578
2722,0.015236575
2723,0.122686386
2724,0.10145419
2725,0.5333071
2726,0.14979814
2727,0.036280453
2728,0.23599304
2729,0.043098565
2730,0.013132699
2731,0.030706622
2732,0.033458415
2733,0.03147009
2734,0.025196124
2735,0.016119821
2736,0.15058605
2737,0.17600714
2738,0.40946823
2739,0.43439165
2740,0.037349552
2741,0.055007193
2742,0.11046863
2743,0.10734013
2744,0.014110765
2745,0.03799631
2746,0.035582036
2747,0.0720146
2748,0.02946393
2749,0.29165405
2750,0.07596686
2751,0.3729503
2752,0.42439312
2753,0.066552885
2754,0.25141203
2755,0.014110765
2756,0.014564804
2757,0.053731766
2758,0.1350376
2759,0.037725147
2760,0.035886038
2761,0.036892254
2762,0.027024418
2763,0.013970768
2764,0.097775035
2765,0.07960603
2766,0.06527001
2767,0.030163113
2768,0.052056096
2769,0.39024383
2770,0.031354472
2771,0.021576531
2772,0.03216039
2773,0.10473366
2774,0.03797581
2775,0.039911147
2776,0.03945698
2777,0.19004005
2778,0.043857746
2779,0.24520525
2780,0.036870368
2781,0.03033477
2782,0.0149779515
2783,0.47004083
2784,0.09367898
2785,0.058389712
2786,0.3189474
2787,0.25711206
2788,0.0842405
2789,0.047354594
2790,0.015740328
2791,0.018952932
2792,0.023927376
2793,0.017649706
2794,0.013819909
2795,0.03487224
2796,0.013132699
2797,0.051195256
2798,0.07358913
2799,0.07651783
2800,0.24601527
2801,0.402974
2802,0.015913535
2803,0.029672109
2804,0.023409678
2805,0.026355386
2806,0.15932159
2807,0.072747976
2808,0.041987997
2809,0.035396293
2810,0.11978079
2811,0.4278762
2812,0.066092856
2813,0.014564804
2814,0.020334741
2815,0.04226483
2816,0.04867555
2817,0.021718469
2818,0.014543834
2819,0.09952923
2820,0.1259145
2821,0.09793541
2822,0.15056384
2823,0.06398598
2824,0.038166415
2825,0.041249648
2826,0.048146494
2827,0.0570479
2828,0.057524614
2829,0.10901963
2830,0.016308967
2831,0.0420771
2832,0.030329557
2833,0.021233065
2834,0.042435206
2835,0.036634028
2836,0.057234157
2837,0.02342253
2838,0.12154314
2839,0.2421777
2840,0.2566533
2841,0.072576284
2842,0.03852851
2843,0.039510176
2844,0.1413118
2845,0.06890128
2846,0.029896067
2847,0.09002085
2848,0.016744174
2849,0.026908021
2850,0.12309631
2851,0.044279136
2852,0.041824497
2853,0.033122655
2854,0.013771827
2855,0.062355995
2856,0.07284621
2857,0.18663618
2858,0.10648347
2859,0.18999736
2860,0.065310754
2861,0.043904804
2862,0.017775837
2863,0.061052863
2864,0.060995985
2865,0.07902632
2866,0.03040668
2867,0.60454696
2868,0.1240562
2869,0.015855532
2870,0.15161003
2871,0.072983935
2872,0.05426366
2873,0.019909143
2874,0.07662367
2875,0.024827529
2876,0.015421188
2877,0.022620771
2878,0.023815233
2879,0.089205176
2880,0.07089247
2881,0.072517596
2882,0.07375697
2883,0.13416839
2884,0.17662752
2885,0.37516767
2886,0.061000735
2887,0.02265633
2888,0.075183816
2889,0.01944206
2890,0.062840454
2891,0.0140485605
2892,0.032956257
2893,0.044264913
2894,0.03463847
2895,0.12260102
2896,0.068699755
2897,0.13039021
2898,0.04098848
2899,0.043417875
2900,0.06843696
2901,0.029964311
2902,0.016067056
2903,0.15203434
2904,0.014969296
2905,0.031159969
2906,0.06697871
2907,0.059563242
2908,0.023240866
2909,0.041636735
2910,0.03890599
2911,0.058983058
2912,0.09919505
2913,0.14380635
2914,0.11607769
2915,0.257581
2916,0.115207985
2917,0.117905356
2918,0.014772486
2919,0.102993235
2920,0.054806534
2921,0.036385827
2922,0.09445957
2923,0.03986005
2924,0.06490942
2925,0.028753417
2926,0.046432827
2927,0.10603401
2928,0.028656708
2929,0.04592593
2930,0.027050454
2931,0.030547457
2932,0.019482333
2933,0.06594837
2934,0.022745604
2935,0.04618088
2936,0.050860632
2937,0.06920299
2938,0.13728799
2939,0.44482315
2940,0.12807313
2941,0.18361755
2942,0.06763372
2943,0.08596048
2944,0.08445644
2945,0.10491158
2946,0.05706496
2947,0.015131888
2948,0.014444673
2949,0.03257294
2950,0.2612987
2951,0.06535363
2952,0.10090729
2953,0.064884566
2954,0.09415036
2955,0.019165846
2956,0.046594907
2957,0.014557883
2958,0.030654749
2959,0.044309765
2960,0.13707386
2961,0.062255133
2962,0.06882468
2963,0.13131027
2964,0.6120106
2965,0.08180594
2966,0.01735214
2967,0.15993616
2968,0.06557014
2969,0.2660981
2970,0.19069552
2971,0.0935796
2972,0.021765703
2973,0.044007692
2974,0.11869745
2975,0.22475068
2976,0.05566738
2977,0.25781336
2978,0.12481568
2979,0.10469468
2980,0.017912703
2981,0.015465227
2982,0.018396145
2983,0.035261065
2984,0.051224638
2985,0.09374244
2986,0.025152357
2987,0.13520747
2988,0.27132624
2989,0.12752415
2990,0.07425114
2991,0.042136908
2992,0.12962638
2993,0.14599101
2994,0.2610324
2995,0.07120047
2996,0.02074886
2997,0.0681213
2998,0.019452589
2999,0.04522555
3000,0.43585262
3001,0.032888763
3002,0.14115007
3003,0.3999954
3004,0.23699926
3005,0.019763093
3006,0.016417427
3007,0.015659321
3008,0.044779755
3009,0.054105334
3010,0.13013555
3011,0.24808781
3012,0.09885313
3013,0.10583589
3014,0.2569858
3015,0.25513828
3016,0.1792625
3017,0.19344886
3018,0.35488766
3019,0.10109815
3020,0.013361351
3021,0.019165846
3022,0.05547166
3023,0.07790933
3024,0.05977462
3025,0.20317511
3026,0.8513891
3027,0.064556144
3028,0.04644645
3029,0.41867885
3030,0.018301016
3031,0.046923887
3032,0.25853953
3033,0.023962822
3034,0.048724342
3035,0.10386971
3036,0.0176173
3037,0.049507365
3038,0.14448957
3039,0.040956512
3040,0.1018912
3041,0.18465173
3042,0.14116947
3043,0.19344886
3044,0.3689839
3045,0.18984327
3046,0.024875304
3047,0.24240062
3048,0.17404501
3049,0.134409
3050,0.67305267
3051,0.42702448
3052,0.28437167
3053,0.013896634
3054,0.02807442
3055,0.13345616
3056,0.01838482
3057,0.042887926
3058,0.018094812
3059,0.015222406
3060,0.09118423
3061,0.01444909
3062,0.014294732
3063,0.028963994
3064,0.06536608
3065,0.12144888
3066,0.11206641
3067,0.13083167
3068,0.110974066
3069,0.22452243
3070,0.12351082
3071,0.029181743
3072,0.11801412
3073,0.14103794
3074,0.017394826
3075,0.052573547
3076,0.61209166
3077,0.8805124
3078,0.42199838
3079,0.014787201
3080,0.041683592
3081,0.047846045
3082,0.26235226
3083,0.06928612
3084,0.06491191
3085,0.015659321
3086,0.08213138
3087,0.1056604
3088,0.06612219
3089,0.014339417
3090,0.25260994
3091,0.016135277
3092,0.027176848
3093,0.116290465
3094,0.13362491
3095,0.06127112
3096,0.06262983
3097,0.1145194
3098,0.0978939
3099,0.029869441
3100,0.10845877
3101,0.09850764
3102,0.0977241
3103,0.6460398
3104,0.8764636
3105,0.42612067
3106,0.015855532
3107,0.040781323
3108,0.014339417
3109,0.08836337
3110,0.110119574
3111,0.26551482
3112,0.035048362
3113,0.07644287
3114,0.03923493
3115,0.079926446
3116,0.13967334
3117,0.25653467
3118,0.19979739
3119,0.5058559
3120,0.26379615
3121,0.14008293
3122,0.13917488
3123,0.10317833
3124,0.06703085
3125,0.13134107
3126,0.04252265
3127,0.031208085
3128,0.12805954
3129,0.12360295
3130,0.07995697
3131,0.059116315
3132,0.8572242
3133,0.99144816
3134,0.91491705
3135,0.047877986
3136,0.03841109
3137,0.12784901
3138,0.015465227
3139,0.14796351
3140,0.04372207
3141,0.038575567
3142,0.030758638
3143,0.03801552
3144,0.121381275
3145,0.05122658
3146,0.39077282
3147,0.5797612
3148,0.09617977
3149,0.12811768
3150,0.10399053
3151,0.16914284
3152,0.096718036
3153,0.18572368
3154,0.09474481
3155,0.027508132
3156,0.10805607
3157,0.110517114
3158,0.102220654
3159,0.0493889
3160,0.3376361
3161,0.42751008
3162,0.2511567
3163,0.062983975
3164,0.024221925
3165,0.12428915
3166,0.014672172
3167,0.061059836
3168,0.18405846
3169,0.026203211
3170,0.04736348
3171,0.050287038
3172,0.029234856
3173,0.029862178
3174,0.04533837
3175,0.050589755
3176,0.23552229
3177,0.80288804
3178,0.2643205
3179,0.2695447
3180,0.13453521
3181,0.18471068
3182,0.15131436
3183,0.43435296
3184,0.08425997
3185,0.029413346
3186,0.028581424
3187,0.029665938
3188,0.1413305
3189,0.17408782
3190,0.07967825
3191,0.19938979
3192,0.38048106
3193,0.22463407
3194,1.0
3195,0.23438859
3196,0.026096987
3197,0.084479444
3198,0.16820824
3199,0.035131954
3200,0.043829527
3201,0.24508318
3202,0.11237016
3203,0.044726368
3204,0.03808339
3205,0.06560072
3206,0.25271994
3207,0.42079094
3208,0.2699176
3209,0.53740823
3210,0.27599066
3211,0.1714664
3212,0.14380714
3213,0.25893492
3214,0.015467825
3215,0.032540914
3216,0.12644891
3217,0.068884
3218,0.041954506
3219,0.17037466
3220,0.2720431
3221,0.061861318
3222,0.49195743
3223,0.25827035
3224,0.05007033
3225,0.15381359
3226,0.07238597
3227,0.063970566
3228,0.01859324
3229,0.03828322
3230,0.07077219
3231,0.1042907
3232,0.10554359
3233,0.17262913
3234,0.26951072
3235,0.7380251
3236,0.45329213
3237,0.41230205
3238,0.629775
3239,0.11051142
3240,0.084575936
3241,0.0749983
3242,0.12114563
3243,0.25790223
3244,0.15401237
3245,0.024386596
3246,0.051242437
3247,0.12920466
3248,0.09972157
3249,0.029599238
3250,0.015832877
3251,0.029944463
3252,0.02651275
3253,0.017736433
3254,0.020722782
3255,0.036804903
3256,0.0808371
3257,0.06605147
3258,0.116796196
3259,0.19341403
3260,0.2664917
3261,0.28165844
3262,0.79445046
3263,0.68848586
3264,0.27028307
3265,0.12290889
3266,0.041989796
3267,0.029599875
3268,0.07020146
3269,0.1123909
3270,0.019359931
3271,0.014557883
3272,0.026283292
3273,0.436899
3274,0.041116003
3275,0.016461844
3276,0.05049849
3277,0.041925922
3278,0.0825681
3279,0.02939177
3280,0.044711884
3281,0.047471542
3282,0.05273673
3283,0.018177679
3284,0.017851433
3285,0.036908917
3286,0.11647029
3287,0.12981696
3288,0.47059795
3289,0.3917601
3290,0.118377656
3291,0.70654
3292,0.415275
3293,0.47922155
3294,0.13011979
3295,0.06450356
3296,0.049020164
3297,0.040838588
3298,0.04445865
3299,0.038264066
3300,0.047143426
3301,0.4409689
3302,0.08086702
3303,0.26417863
3304,0.029560529
3305,0.07561095
3306,0.10102756
3307,0.12077561
3308,0.15510745
3309,0.04127007
3310,0.029859835
3311,0.015222406
3312,0.06465641
3313,0.17623493
3314,0.52440345
3315,0.33134872
3316,0.42009452
3317,0.1405278
3318,0.41162345
3319,0.18380213
3320,0.049249154
3321,0.027651725
3322,0.016135277
3323,0.020563394
3324,0.015855532
3325,0.028305907
3326,0.12897053
3327,0.12122032
3328,0.06988966
3329,0.19234303
3330,0.020055529
3331,0.079215825
3332,0.2572269
3333,0.033847
3334,0.014672172
3335,0.014339417
3336,0.13963935
3337,0.13126218
3338,0.025553023
3339,0.12706542
3340,0.26523998
3341,0.06954041
3342,0.08324276
3343,0.030230109
3344,0.061885085
3345,0.08767426
3346,0.031192992
3347,0.12506567
3348,0.11293777
3349,0.030193826
3350,0.020714251
3351,0.014339417
3352,0.11718672
3353,0.014557883
3354,0.06733298
3355,0.037758794
3356,0.04258187
3357,0.19719678
3358,0.035898346
3359,0.045976996
3360,0.048639715
3361,0.17759937
3362,0.40141952
3363,0.42624146
3364,0.038901176
3365,0.015832877
3366,0.01919777
3367,0.024628816
3368,0.054844767
3369,0.072000794
3370,0.12628369
3371,0.015465227
3372,0.02701693
3373,0.01596898
3374,0.034626707
3375,0.018597774
3376,0.017995989
3377,0.10174395
3378,0.11131379
3379,0.39197692
3380,0.0152995875
3381,0.020479588
3382,0.029263917
3383,0.0928018
3384,0.110405445
3385,0.26420167
3386,0.048493918
3387,0.015855532
3388,0.015465227
3389,0.1214318
3390,0.030263348
3391,0.016348474
3392,0.09597086
3393,0.11339379
3394,0.064701416
3395,0.019909143
3396,0.015206603
3397,0.2658686
3398,0.029846692
3399,0.037515223
3400,0.15270051
3401,0.06462899
3402,0.04117
3403,0.019207116
3404,0.0376442
3405,0.11876659
3406,0.2686827
3407,0.04764385
3408,0.019111635
3409,0.028851984
3410,0.040324576
3411,0.051288243
3412,0.13503486
3413,0.07384854
3414,0.196495
3415,0.091712944
3416,0.02426267
3417,0.0152995875
3418,0.06817146
3419,0.06092971
3420,0.02407196
3421,0.12506413
3422,0.064556144
3423,0.12585713
3424,0.024465876
3425,0.116250336
3426,0.06570431
3427,0.014490276
3428,0.014339417
3429,0.27038416
3430,0.5748189
3431,0.18771246
3432,0.048965853
3433,0.07392447
3434,0.053121127
3435,0.027686516
3436,0.07084664
3437,0.07698437
3438,0.10629754
3439,0.71462214
3440,0.05737553
3441,0.09408676
3442,0.10127519
3443,0.033810746
3444,0.10595938
3445,0.45317167
3446,0.0689225
3447,0.11614512
3448,0.02366823
3449,0.043815285
3450,0.112878256
3451,0.042983644
3452,0.023831865
3453,0.062337346
3454,0.06311323
3455,0.058485355
3456,0.046812374
3457,0.015855532
3458,0.016277658
3459,0.092772916
3460,0.038392574
3461,0.03309586
3462,0.026466602
3463,0.08799205
3464,0.110272095
3465,0.01918876
3466,0.045817684
3467,0.4488118
3468,0.06377644
3469,0.09168462
3470,0.030184569
3471,0.028650098
3472,0.05148538
3473,0.05988235
3474,0.0152995875
3475,0.2654074
3476,0.04352148
3477,0.013771827
3478,0.013771827
3479,0.025660986
3480,0.06111249
3481,0.08889798
3482,0.02544014
3483,0.13822179
3484,0.055107076
3485,0.05618801
3486,0.26329303
3487,0.031720705
3488,0.029945696
3489,0.053160973
3490,0.013945037
3491,0.044332482
3492,0.1256641
3493,0.07047362
3494,0.013524533
3495,0.016078653
3496,0.016903466
3497,0.0140485605
3498,0.061937332
3499,0.11193731
3500,0.09313407
3501,0.07406558
3502,0.057888135
3503,0.024876673
3504,0.054535992
3505,0.026844341
3506,0.041646443
3507,0.18661563
3508,0.1162221
3509,0.014339417
3510,0.042870797
3511,0.0152995875
3512,0.0152995875
3513,0.015414762
3514,0.017159112
3515,0.014689115
3516,0.014557883
3517,0.016456094
3518,0.0152995875
3519,0.02306902
3520,0.033060726
3521,0.04539551
3522,0.11075536
3523,0.12914641
3524,0.14912882
3525,0.014339417
3526,0.043423153
3527,0.015313867
3528,0.018283568
3529,0.028763253
3530,0.014339417
3531,0.01718186
3532,0.024601962
3533,0.01596898
3534,0.016398795
3535,0.13215525
3536,0.023268152
3537,0.029810224
3538,0.03923908
3539,0.0203457
3540,0.018491242
3541,0.07781523
3542,0.029318376
3543,0.052782066
3544,0.014557883
3545,0.025819097
3546,0.027003825
3547,0.025644047
3548,0.09688113
3549,0.015224398
3550,0.013361351
3551,0.014672172
3552,0.103897765
3553,0.04352259
3554,0.05787878
3555,0.055339206
3556,0.015855532
3557,0.13251393
3558,0.03248353
3559,0.018305084
3560,0.021184858
3561,0.06290109
3562,0.017694768
3563,0.075629056
3564,0.016398795
3565,0.11012733
3566,0.016591672
3567,0.024156028
3568,0.026142208
3569,0.02853463
3570,0.01596898
3571,0.015296925
3572,0.015407863
3573,0.015659321
3574,0.014557883
3575,0.042343598
3576,0.018433271
3577,0.032346096
3578,0.046345748
3579,0.13130315
3580,0.019854233
3581,0.020008273
3582,0.01666219
3583,0.016818857
3584,0.05416583
3585,0.028074231
3586,0.016135277
3587,0.026848435
3588,0.016232973
3589,0.029233547
3590,0.050152775
3591,0.09905712
3592,0.01917723
3593,0.06943324
3594,0.015855532
3595,0.037789643
3596,0.03000031
3597,0.03294902
3598,0.048218176
3599,0.028845364
3600,0.03913688
3601,0.03333161
3602,0.08822499
3603,0.045543037
3604,0.014110765
3605,0.029119816
3606,0.0410442
3607,0.0358323
3608,0.1225321
3609,0.36814407
3610,0.23996043
3611,0.021924421
3612,0.07582926
3613,0.3686308
3614,0.056700487
3615,0.2472459
3616,0.068902604
3617,0.24544369
3618,0.074945726
3619,0.024895767
3620,0.044454668
3621,0.016744174
3622,0.015236575
3623,0.23994857
3624,0.041794784
3625,0.46366987
3626,0.13676551
3627,0.08773633
3628,0.039642185
3629,0.020951781
3630,0.053407475
3631,0.03141218
3632,0.018068505
3633,0.0152372215
3634,0.10701518
3635,0.17595309
3636,0.46924198
3637,0.41594422
3638,0.035302404
3639,0.045364324
3640,0.10404687
3641,0.2578749
3642,0.014110765
3643,0.09772452
3644,0.036782544
3645,0.042616326
3646,0.06972174
3647,0.45256394
3648,0.07292931
3649,0.3949748
3650,0.4166598
3651,0.0634709
3652,0.4286909
3653,0.014110765
3654,0.05502077
3655,0.2477423
3656,0.03204794
3657,0.040618617
3658,0.034812476
3659,0.045848936
3660,0.030468829
3661,0.062652014
3662,0.06980991
3663,0.05169044
3664,0.033479523
3665,0.049312774
3666,0.30153164
3667,0.03006845
3668,0.0286746
3669,0.041271236
3670,0.06892204
3671,0.04493104
3672,0.026823591
3673,0.04422211
3674,0.050674297
3675,0.069298446
3676,0.024802921
3677,0.040853314
3678,0.14721553
3679,0.038276985
3680,0.24586575
3681,0.028245917
3682,0.014740644
3683,0.017649706
3684,0.015906624
3685,0.51137966
3686,0.13492547
3687,0.053591058
3688,0.20892735
3689,0.43024987
3690,0.0135431755
3691,0.06495251
3692,0.027713438
3693,0.015740328
3694,0.02828176
3695,0.02347446
3696,0.017649706
3697,0.013667982
3698,0.04909961
3699,0.013132699
3700,0.052659366
3701,0.06147826
3702,0.0767344
3703,0.24431133
3704,0.32383186
3705,0.020934494
3706,0.027097818
3707,0.028440282
3708,0.026144348
3709,0.028842276
3710,0.17801307
3711,0.021168787
3712,0.04546893
3713,0.032114092
3714,0.1547288
3715,0.43323624
3716,0.037159357
3717,0.016902285
3718,0.043539613
3719,0.046249118
3720,0.027083462
3721,0.106759794
3722,0.18137021
3723,0.097550735
3724,0.13393614
3725,0.09917813
3726,0.029731948
3727,0.040953718
3728,0.03549212
3729,0.07976853
3730,0.05066293
3731,0.06547351
3732,0.16120866
3733,0.015906446
3734,0.033512
3735,0.032164183
3736,0.018886842
3737,0.04077702
3738,0.034756646
3739,0.062348556
3740,0.02342253
3741,0.108912975
3742,0.14852715
3743,0.24309814
3744,0.047017895
3745,0.03858985
3746,0.050437912
3747,0.1001686
3748,0.063526064
3749,0.01729857
3750,0.08292991
3751,0.041374475
3752,0.02909186
3753,0.113451906
3754,0.03520211
3755,0.04393223
3756,0.032557007
3757,0.06338497
3758,0.08576264
3759,0.13571413
3760,0.10947244
3761,0.13539809
3762,0.07184628
3763,0.04134093
3764,0.017775837
3765,0.055812668
3766,0.06387007
3767,0.07161018
3768,0.03040668
3769,0.58552974
3770,0.07831186
3771,0.024947952
3772,0.020588895
3773,0.150075
3774,0.07691879
3775,0.035217647
3776,0.020714251
3777,0.014793456
3778,0.08685704
3779,0.015465227
3780,0.0350731
3781,0.025773978
3782,0.09896205
3783,0.06120133
3784,0.077241346
3785,0.07153881
3786,0.123078115
3787,0.17420776
3788,0.39822307
3789,0.06190964
3790,0.028612955
3791,0.074368596
3792,0.01826518
3793,0.08457783
3794,0.06751408
3795,0.033955444
3796,0.13564128
3797,0.051936347
3798,0.104430914
3799,0.057325557
3800,0.04495128
3801,0.024808278
3802,0.019724412
3803,0.12559381
3804,0.014672172
3805,0.031271935
3806,0.07643505
3807,0.015616093
3808,0.04454054
3809,0.041462086
3810,0.054419175
3811,0.099511124
3812,0.1357731
3813,0.116046906
3814,0.2555221
3815,0.1106547
3816,0.12236205
3817,0.016119838
3818,0.10673988
3819,0.054334264
3820,0.05786895
3821,0.100275725
3822,0.035145216
3823,0.0293925
3824,0.059738733
3825,0.025701452
3826,0.015465227
3827,0.04189325
3828,0.095812924
3829,0.029601108
3830,0.04946291
3831,0.020220082
3832,0.050313003
3833,0.06362326
3834,0.03269291
3835,0.04872548
3836,0.043398168
3837,0.060978785
3838,0.13399076
3839,0.44482315
3840,0.12153872
3841,0.13724649
3842,0.064978756
3843,0.071063496
3844,0.10427308
3845,0.09958954
3846,0.06914258
3847,0.014672172
3848,0.014487799
3849,0.015646938
3850,0.2604878
3851,0.05270767
3852,0.09510157
3853,0.07112548
3854,0.10605024
3855,0.024329446
3856,0.024128446
3857,0.014339417
3858,0.021058967
3859,0.04238432
3860,0.1571663
3861,0.06062397
3862,0.051320907
3863,0.13566403
3864,0.6307987
3865,0.08385908
3866,0.01742888
3867,0.19736955
3868,0.056896772
3869,0.19224092
3870,0.24738322
3871,0.09084878
3872,0.02206807
3873,0.043900657
3874,0.034546614
3875,0.10840381
3876,0.13341123
3877,0.042363893
3878,0.25938052
3879,0.09164719
3880,0.09580629
3881,0.01805996
3882,0.015465227
3883,0.037389226
3884,0.05203923
3885,0.08568418
3886,0.018146846
3887,0.1295443
3888,0.14599235
3889,0.121907756
3890,0.071785115
3891,0.031796496
3892,0.13037087
3893,0.16584635
3894,0.26288506
3895,0.07169323
3896,0.06555738
3897,0.04686552
3898,0.48144642
3899,0.036251556
3900,0.14116289
3901,0.26460743
3902,0.24187396
3903,0.01596898
3904,0.016381541
3905,0.02074886
3906,0.046242133
3907,0.08210665
3908,0.12937486
3909,0.24854605
3910,0.10134057
3911,0.1041857
3912,0.26042023
3913,0.16987361
3914,0.1448212
3915,0.14746349
3916,0.35347304
3917,0.099427775
3918,0.018974619
3919,0.05471486
3920,0.12338409
3921,0.05901782
3922,0.26259655
3923,0.8599499
3924,0.06495266
3925,0.043500185
3926,0.41867885
3927,0.015757693
3928,0.05507286
3929,0.25825858
3930,0.018177679
3931,0.049682524
3932,0.09495918
3933,0.02349245
3934,0.09033537
3935,0.013361351
3936,0.26083645
3937,0.04073877
3938,0.10177743
3939,0.14455302
3940,0.13992397
3941,0.25781682
3942,0.36936283
3943,0.19016102
3944,0.025045184
3945,0.24603656
3946,0.10608669
3947,0.14493512
3948,0.7231396
3949,0.43234345
3950,0.3202303
3951,0.013771827
3952,0.03307388
3953,0.124539874
3954,0.042930014
3955,0.025152348
3956,0.015832877
3957,0.026408339
3958,0.015222406
3959,0.0686963
3960,0.014294732
3961,0.028963994
3962,0.05453661
3963,0.11429072
3964,0.1210478
3965,0.12834223
3966,0.11121682
3967,0.22555126
3968,0.1706889
3969,0.028305907
3970,0.12062778
3971,0.24963844
3972,0.017995989
3973,0.05950803
3974,0.69832665
3975,0.93978506
3976,0.42174518
3977,0.025274435
3978,0.071000166
3979,0.2559624
3980,0.07060585
3981,0.067620434
3982,0.014624443
3983,0.07420282
3984,0.09867497
3985,0.056554608
3986,0.014339417
3987,0.25451353
3988,0.016135277
3989,0.02841218
3990,0.12333038
3991,0.12540501
3992,0.061396424
3993,0.056691743
3994,0.128565
3995,0.12886125
3996,0.042226523
3997,0.11041656
3998,0.09273158
3999,0.1250045
4000,0.78114367
4001,0.80270946
4002,0.44180322
4003,0.023890821
4004,0.043468248
4005,0.024586149
4006,0.1521427
4007,0.11582087
4008,0.25671673
4009,0.039118227
4010,0.063212484
4011,0.024918452
4012,0.07932733
4013,0.13724577
4014,0.25813073
4015,0.17998461
4016,0.5056986
4017,0.26570746
4018,0.14511082
4019,0.16082564
4020,0.1026857
4021,0.06318495
4022,0.13199002
4023,0.042170033
4024,0.03895527
4025,0.025707083
4026,0.1667623
4027,0.22504658
4028,0.086228855
4029,0.06773393
4030,0.025634686
4031,0.86485046
4032,0.99434847
4033,0.9200105
4034,0.042022508
4035,0.038252085
4036,0.12244262
4037,0.015465227
4038,0.13218345
4039,0.03432317
4040,0.024466114
4041,0.019095624
4042,0.038279295
4043,0.12218431
4044,0.049503036
4045,0.3934357
4046,0.56588143
4047,0.09332064
4048,0.13499554
4049,0.10828276
4050,0.2547182
4051,0.09064352
4052,0.18361785
4053,0.09894133
4054,0.030649332
4055,0.10853888
4056,0.12590685
4057,0.10274053
4058,0.03298259
4059,0.47793114
4060,0.43728557
4061,0.18898554
4062,0.058267433
4063,0.026454436
4064,0.11595777
4065,0.08162533
4066,0.19883777
4067,0.029450534
4068,0.046419807
4069,0.057459697
4070,0.024093721
4071,0.04288885
4072,0.03996598
4073,0.2442317
4074,0.8092614
4075,0.2773611
4076,0.2687024
4077,0.16932856
4078,0.18383496
4079,0.25894994
4080,0.4353764
4081,0.1213023
4082,0.025506971
4083,0.029381255
4084,0.03575772
4085,0.12920837
4086,0.14549918
4087,0.07317496
4088,0.29850584
4089,0.26598874
4090,0.18187363
4091,1.0
4092,0.1185138
4093,0.029755214
4094,0.117252
4095,0.13407813
4096,0.04791277
4097,0.044021074
4098,0.1160536
4099,0.07522189
4100,0.045458324
4101,0.06360509
4102,0.06503295
4103,0.16258596
4104,0.4471159
4105,0.27535477
4106,0.5423255
4107,0.4292917
4108,0.14784832
4109,0.15984875
4110,0.38500595
4111,0.016098037
4112,0.025807893
4113,0.14327352
4114,0.07437354
4115,0.041676436
4116,0.26145175
4117,0.26358664
4118,0.065328956
4119,0.5125181
4120,0.26313096
4121,0.05968381
4122,0.1618973
4123,0.09994581
4124,0.04690203
4125,0.014672172
4126,0.019571872
4127,0.029964311
4128,0.062264435
4129,0.09245366
4130,0.10468345
4131,0.107562594
4132,0.14445221
4133,0.4460271
4134,0.8120192
4135,0.45634392
4136,0.25478944
4137,0.6196659
4138,0.108128555
4139,0.07732351
4140,0.12409127
4141,0.12398936
4142,0.18589704
4143,0.13134071
4144,0.024386596
4145,0.05175728
4146,0.14302163
4147,0.017995989
4148,0.059009988
4149,0.09475229
4150,0.028282037
4151,0.029858558
4152,0.02530888
4153,0.015819281
4154,0.040617667
4155,0.080537416
4156,0.06555321
4157,0.11300124
4158,0.16895667
4159,0.19479404
4160,0.28122827
4161,0.78201723
4162,0.7290327
4163,0.43587512
4164,0.122515954
4165,0.017570069
4166,0.041899662
4167,0.018367885
4168,0.049149495
4169,0.1184653
4170,0.014557883
4171,0.025980363
4172,0.43973756
4173,0.042439483
4174,0.017995989
4175,0.05028339
4176,0.042685594
4177,0.09208041
4178,0.030108692
4179,0.05105582
4180,0.031442836
4181,0.04199195
4182,0.111639254
4183,0.12652507
4184,0.49356088
4185,0.39116788
4186,0.12358541
4187,0.71405846
4188,0.41417223
4189,0.4583566
4190,0.13684638
4191,0.071636036
4192,0.02887758
4193,0.05339757
4194,0.04229899
4195,0.04103795
4196,0.033735175
4197,0.050679807
4198,0.45860916
4199,0.08670399
4200,0.37632066
4201,0.021014925
4202,0.07909818
4203,0.097255714
4204,0.120799825
4205,0.18091467
4206,0.040246453
4207,0.028305907
4208,0.024433197
4209,0.062113266
4210,0.18882506
4211,0.5359786
4212,0.32935578
4213,0.4230688
4214,0.14285114
4215,0.42138836
4216,0.17572287
4217,0.06646798
4218,0.03325268
4219,0.016135277
4220,0.020563394
4221,0.02188731
4222,0.032540914
4223,0.11558348
4224,0.12309568
4225,0.07375552
4226,0.19864164
4227,0.022335019
4228,0.058697168
4229,0.26152945
4230,0.038955994
4231,0.015222406
4232,0.02337111
4233,0.14530621
4234,0.13389595
4235,0.02518982
4236,0.1383817
4237,0.26101324
4238,0.07671145
4239,0.08451353
4240,0.023866674
4241,0.08710129
4242,0.08105802
4243,0.03737472
4244,0.115825236
4245,0.110471
4246,0.030344684
4247,0.029181924
4248,0.014787201
4249,0.15186295
4250,0.014339417
4251,0.05509021
4252,0.048342887
4253,0.046696752
4254,0.16420247
4255,0.03824572
4256,0.04312888
4257,0.014506854
4258,0.05278921
4259,0.15480486
4260,0.3888804
4261,0.42508146
4262,0.04176971
4263,0.015465227
4264,0.016420139
4265,0.01610365
4266,0.02441277
4267,0.045969907
4268,0.028718704
4269,0.07373473
4270,0.12999317
4271,0.015385588
4272,0.024973193
4273,0.01596898
4274,0.035292476
4275,0.018597774
4276,0.11292891
4277,0.11138028
4278,0.26835826
4279,0.028216755
4280,0.015834877
4281,0.02925319
4282,0.095541246
4283,0.13731864
4284,0.26151127
4285,0.06822402
4286,0.015531607
4287,0.11457981
4288,0.030263348
4289,0.016348474
4290,0.09319196
4291,0.12284948
4292,0.06430717
4293,0.015465227
4294,0.015848259
4295,0.02844863
4296,0.27158386
4297,0.03915418
4298,0.14128758
4299,0.08073153
4300,0.04203755
4301,0.017644396
4302,0.03497869
4303,0.113154285
4304,0.26834053
4305,0.047895227
4306,0.020374244
4307,0.030294007
4308,0.03870607
4309,0.05145159
4310,0.24756351
4311,0.06995374
4312,0.27650696
4313,0.09192951
4314,0.022765396
4315,0.05831223
4316,0.036410335
4317,0.034857333
4318,0.24860261
4319,0.06495266
4320,0.121081695
4321,0.024973322
4322,0.118245885
4323,0.04991371
4324,0.014339417
4325,0.27028453
4326,0.3196705
4327,0.13259684
4328,0.052975442
4329,0.10253655
4330,0.042838715
4331,0.030439993
4332,0.07669745
4333,0.073902816
4334,0.10567757
4335,0.67913765
4336,0.080101684
4337,0.09139949
4338,0.089034975
4339,0.03444982
4340,0.13443136
4341,0.45786384
4342,0.06566848
4343,0.1229795
4344,0.02282535
4345,0.032182667
4346,0.02188731
4347,0.05130437
4348,0.101109624
4349,0.036655992
4350,0.024122713
4351,0.055965144
4352,0.036731564
4353,0.016926903
4354,0.044631813
4355,0.01557036
4356,0.11135389
4357,0.040130064
4358,0.03622172
4359,0.061073754
4360,0.11745408
4361,0.024749193
4362,0.06592735
4363,0.47978914
4364,0.076197475
4365,0.09411361
4366,0.03349134
4367,0.031628434
4368,0.064927906
4369,0.06402206
4370,0.025128217
4371,0.4221444
4372,0.036189698
4373,0.013606771
4374,0.02020236
4375,0.05456636
4376,0.08711807
4377,0.01768135
4378,0.11052936
4379,0.038351174
4380,0.028204137
4381,0.015163388
4382,0.04886364
4383,0.3980983
4384,0.03156411
4385,0.017109483
4386,0.014797712
4387,0.024329446
4388,0.058830798
4389,0.0140485605
4390,0.03804069
4391,0.12291632
4392,0.07548093
4393,0.02580323
4394,0.015531607
4395,0.015864372
4396,0.07489764
4397,0.14661148
4398,0.100181796
4399,0.058872756
4400,0.06257153
4401,0.024735894
4402,0.06046945
4403,0.016972827
4404,0.044671882
4405,0.19346648
4406,0.095973276
4407,0.014339417
4408,0.015616093
4409,0.057438128
4410,0.0152995875
4411,0.015667189
4412,0.017808031
4413,0.014339417
4414,0.014557883
4415,0.017209932
4416,0.016972827
4417,0.022893023
4418,0.033891845
4419,0.06309083
4420,0.11075536
4421,0.11950003
4422,0.17277811
4423,0.016163066
4424,0.054256625
4425,0.015313867
4426,0.025977047
4427,0.022968523
4428,0.017092964
4429,0.01596898
4430,0.016348474
4431,0.014294732
4432,0.06931389
4433,0.029810224
4434,0.045458518
4435,0.0152995875
4436,0.015738422
4437,0.01963103
4438,0.080005735
4439,0.027781922
4440,0.05562648
4441,0.014553537
4442,0.014557883
4443,0.026690306
4444,0.026844341
4445,0.05284221
4446,0.014672172
4447,0.014557883
4448,0.10035084
4449,0.07507188
4450,0.061070766
4451,0.05684103
4452,0.117047064
4453,0.03258266
4454,0.014689115
4455,0.013361351
4456,0.072982565
4457,0.01666219
4458,0.062057663
4459,0.014866259
4460,0.11190182
4461,0.01599995
4462,0.024156028
4463,0.023063244
4464,0.014339417
4465,0.015296925
4466,0.056222532
4467,0.014689115
4468,0.015189392
4469,0.06275623
4470,0.05208079
4471,0.031931873
4472,0.17350084
4473,0.028057272
4474,0.028289143
4475,0.013361351
4476,0.018566977
4477,0.053172756
4478,0.018070878
4479,0.021291334
4480,0.0323413
4481,0.029233547
4482,0.015206603
4483,0.015855532
4484,0.017995989
4485,0.02690011
4486,0.0571939
4487,0.10918174
4488,0.016553003
4489,0.07251095
4490,0.020820763
4491,0.025155514
4492,0.03892111
4493,0.014842702
4494,0.029882
4495,0.032622054
4496,0.05562714
4497,0.015035255
4498,0.027750198
4499,0.038441345
4500,0.033111148
4501,0.0728229
4502,0.09690831
4503,0.043032393
4504,0.035083212
4505,0.14571191
4506,0.036159378
4507,0.26159292
4508,0.23942497
4509,0.026026493
4510,0.05196318
4511,0.2608839
4512,0.056743305
4513,0.1647136
4514,0.071795
4515,0.21071719
4516,0.04541834
4517,0.045137677
4518,0.01494636
4519,0.026882742
4520,0.20855674
4521,0.029228723
4522,0.59035885
4523,0.106819965
4524,0.16617566
4525,0.039601367
4526,0.023954362
4527,0.03482083
4528,0.029946554
4529,0.02713853
4530,0.015983569
4531,0.10067295
4532,0.088925205
4533,0.4089898
4534,0.41428006
4535,0.038915064
4536,0.055029947
4537,0.08150923
4538,0.15703066
4539,0.050537158
4540,0.047776505
4541,0.07213471
4542,0.07103765
4543,0.44769567
4544,0.20165575
4545,0.1513768
4546,0.4166598
4547,0.23496857
4548,0.40041202
4549,0.048184756
4550,0.2606054
4551,0.044336356
4552,0.04758949
4553,0.039568834
4554,0.04880732
4555,0.030366905
4556,0.124366574
4557,0.13439949
4558,0.039010387
4559,0.03166522
4560,0.043498855
4561,0.19894944
4562,0.026473377
4563,0.045988653
4564,0.062084097
4565,0.07384871
4566,0.027280888
4567,0.05447839
4568,0.11420284
4569,0.121729344
4570,0.03767442
4571,0.044585213
4572,0.2775513
4573,0.043815244
4574,0.2478347
4575,0.04916263
4576,0.024019413
4577,0.013132699
4578,0.016862169
4579,0.46677756
4580,0.085670814
4581,0.014461441
4582,0.05616275
4583,0.22262695
4584,0.43689945
4585,0.013378119
4586,0.090961054
4587,0.045496825
4588,0.014669624
4589,0.016862169
4590,0.03666643
4591,0.013132699
4592,0.044780955
4593,0.062588684
4594,0.05630153
4595,0.26466814
4596,0.43478164
4597,0.017767336
4598,0.014707017
4599,0.037528504
4600,0.0146264965
4601,0.014110765
4602,0.017678898
4603,0.02766621
4604,0.15929173
4605,0.021635614
4606,0.053400636
4607,0.048198666
4608,0.024224529
4609,0.15675113
4610,0.57368964
4611,0.035009164
4612,0.018745966
4613,0.025609836
4614,0.05822427
4615,0.04688224
4616,0.028697317
4617,0.022687176
4618,0.014797948
4619,0.09798418
4620,0.26263064
4621,0.095832
4622,0.10896841
4623,0.06748947
4624,0.027233742
4625,0.038174815
4626,0.03831152
4627,0.06333732
4628,0.05480947
4629,0.05449298
4630,0.15058155
4631,0.016512014
4632,0.04173889
4633,0.040443555
4634,0.018734913
4635,0.019421872
4636,0.036170512
4637,0.04502761
4638,0.021821477
4639,0.08418463
4640,0.14164422
4641,0.25961834
4642,0.048527293
4643,0.041653536
4644,0.044523463
4645,0.108616546
4646,0.12100216
4647,0.026794894
4648,0.0839595
4649,0.035314716
4650,0.024008114
4651,0.014167644
4652,0.12421373
4653,0.037228137
4654,0.043375857
4655,0.02952037
4656,0.074044384
4657,0.09151312
4658,0.18054058
4659,0.12383769
4660,0.17486939
4661,0.06622531
4662,0.04235997
4663,0.017436912
4664,0.059176836
4665,0.04977817
4666,0.06550085
4667,0.03355587
4668,0.5990085
4669,0.1655975
4670,0.019705955
4671,0.12096115
4672,0.062692486
4673,0.03527346
4674,0.024762277
4675,0.014935669
4676,0.014490276
4677,0.053420413
4678,0.015437111
4679,0.03769899
4680,0.027783584
4681,0.105047084
4682,0.04997448
4683,0.0712827
4684,0.06610445
4685,0.11744477
4686,0.17142294
4687,0.39223352
4688,0.0606857
4689,0.028520625
4690,0.07136269
4691,0.017515264
4692,0.061782375
4693,0.051711265
4694,0.034638394
4695,0.15523577
4696,0.050803043
4697,0.10222422
4698,0.060954787
4699,0.04359873
4700,0.017359309
4701,0.016067056
4702,0.12975849
4703,0.015189392
4704,0.037191384
4705,0.08051554
4706,0.031739324
4707,0.016892346
4708,0.04089786
4709,0.04222568
4710,0.05101841
4711,0.09483964
4712,0.1349491
4713,0.12519485
4714,0.2514089
4715,0.11162043
4716,0.11912859
4717,0.016119838
4718,0.12846513
4719,0.01465098
4720,0.060778428
4721,0.05132331
4722,0.09782305
4723,0.038051717
4724,0.037859306
4725,0.070186704
4726,0.028337978
4727,0.015378063
4728,0.06166392
4729,0.10580816
4730,0.02677636
4731,0.06632026
4732,0.0140485605
4733,0.015355375
4734,0.03297443
4735,0.061560467
4736,0.029410888
4737,0.04085982
4738,0.05294561
4739,0.07164791
4740,0.13495246
4741,0.44281402
4742,0.115287304
4743,0.1323795
4744,0.08389082
4745,0.08869682
4746,0.08491897
4747,0.115054704
4748,0.053291414
4749,0.014672172
4750,0.02359403
4751,0.2792324
4752,0.052151863
4753,0.11435025
4754,0.071418546
4755,0.11368101
4756,0.015798636
4757,0.023694323
4758,0.014339417
4759,0.024963763
4760,0.02484188
4761,0.04191806
4762,0.13704017
4763,0.061422255
4764,0.05046375
4765,0.12332332
4766,0.626832
4767,0.08051839
4768,0.185992
4769,0.056597475
4770,0.27519697
4771,0.1818402
4772,0.108149454
4773,0.0882042
4774,0.025525099
4775,0.11587654
4776,0.2265175
4777,0.051331982
4778,0.20769866
4779,0.13643041
4780,0.123264626
4781,0.018510435
4782,0.04270806
4783,0.052575707
4784,0.09230897
4785,0.019049771
4786,0.126057
4787,0.14296009
4788,0.12291679
4789,0.06795208
4790,0.032108653
4791,0.12714249
4792,0.19013897
4793,0.27054462
4794,0.08413832
4795,0.086368315
4796,0.020487532
4797,0.014396296
4798,0.0454717
4799,0.45427692
4800,0.04798688
4801,0.07483124
4802,0.4126995
4803,0.23678933
4804,0.015832877
4805,0.037473865
4806,0.046589173
4807,0.06438849
4808,0.13328828
4809,0.25031355
4810,0.09407818
4811,0.1017815
4812,0.25476566
4813,0.14405832
4814,0.17578183
4815,0.18508312
4816,0.26525304
4817,0.097124934
4818,0.055693567
4819,0.10568446
4820,0.047248837
4821,0.26246512
4822,0.8668489
4823,0.0667579
4824,0.07686433
4825,0.41269177
4826,0.01576214
4827,0.0466032
4828,0.25970364
4829,0.016590532
4830,0.022864966
4831,0.04867265
4832,0.098003104
4833,0.017341157
4834,0.12909132
4835,0.26313087
4836,0.039475773
4837,0.10730319
4838,0.17863724
4839,0.15472612
4840,0.1823858
4841,0.365293
4842,0.26531345
4843,0.18404312
4844,0.15543532
4845,0.16389517
4846,0.6818843
4847,0.43269354
4848,0.3279342
4849,0.013606771
4850,0.045665428
4851,0.14368205
4852,0.027247371
4853,0.014396296
4854,0.015263907
4855,0.020327633
4856,0.068034224
4857,0.0140485605
4858,0.028798925
4859,0.052577905
4860,0.114417136
4861,0.112614155
4862,0.11942863
4863,0.1130932
4864,0.22555126
4865,0.11577449
4866,0.027111078
4867,0.09795428
4868,0.17537841
4869,0.017995989
4870,0.09772233
4871,0.87561125
4872,0.94369775
4873,0.4310564
4874,0.013524533
4875,0.02320272
4876,0.09029676
4877,0.26400295
4878,0.080110684
4879,0.069769464
4880,0.015222406
4881,0.091038704
4882,0.10180306
4883,0.05406905
4884,0.014339417
4885,0.249105
4886,0.016135277
4887,0.041359082
4888,0.11564065
4889,0.12731147
4890,0.058270704
4891,0.048601866
4892,0.1238903
4893,0.06709209
4894,0.023870545
4895,0.12550548
4896,0.09663828
4897,0.09853213
4898,0.9012362
4899,0.88720834
4900,0.4596522
4901,0.025503375
4902,0.0660473
4903,0.02585742
4904,0.014339417
4905,0.11880297
4906,0.100239396
4907,0.252578
4908,0.042733885
4909,0.08117435
4910,0.0370929
4911,0.059194352
4912,0.12473219
4913,0.15193628
4914,0.16267006
4915,0.50067395
4916,0.26553512
4917,0.1733899
4918,0.13666297
4919,0.10005989
4920,0.0939215
4921,0.122971445
4922,0.040987942
4923,0.04308383
4924,0.17407699
4925,0.13832939
4926,0.110176705
4927,0.08297056
4928,0.031366933
4929,0.867432
4930,0.9953197
4931,0.9239232
4932,0.04388661
4933,0.059146896
4934,0.18665025
4935,0.1889011
4936,0.026799535
4937,0.025437541
4938,0.023933027
4939,0.037650704
4940,0.14593625
4941,0.05014822
4942,0.37021255
4943,0.5707734
4944,0.10787638
4945,0.13137765
4946,0.104549944
4947,0.16514878
4948,0.0913245
4949,0.1875817
4950,0.21910046
4951,0.02954758
4952,0.14614515
4953,0.11325744
4954,0.1309781
4955,0.034293406
4956,0.022630353
4957,0.47793114
4958,0.4156484
4959,0.25627258
4960,0.076782376
4961,0.048735943
4962,0.10402787
4963,0.014672172
4964,0.07165591
4965,0.19705065
4966,0.02813016
4967,0.045126747
4968,0.048091635
4969,0.018567733
4970,0.040360324
4971,0.041795943
4972,0.043163568
4973,0.33068806
4974,0.79935634
4975,0.2750254
4976,0.27040127
4977,0.14407797
4978,0.18743789
4979,0.17185651
4980,0.42982668
4981,0.10227815
4982,0.0256046
4983,0.03466866
4984,0.03538844
4985,0.1553608
4986,0.24360535
4987,0.083830364
4988,0.20529503
4989,0.2665982
4990,0.18095343
4991,1.0
4992,0.16744162
4993,0.02225905
4994,0.1159751
4995,0.18011953
4996,0.054457437
4997,0.04361106
4998,0.108989365
4999,0.06371596
5000,0.0498927
5001,0.078143984
5002,0.05559297
5003,0.12824668
5004,0.4394133
5005,0.26643223
5006,0.55306387
5007,0.27175078
5008,0.14836627
5009,0.14972799
5010,0.2574356
5011,0.030360475
5012,0.15704991
5013,0.06804768
5014,0.04169041
5015,0.25923878
5016,0.25831228
5017,0.057991248
5018,0.55079013
5019,0.26108533
5020,0.06837185
5021,0.1013954
5022,0.09082946
5023,0.04608529
5024,0.020763634
5025,0.016142188
5026,0.052770123
5027,0.07856134
5028,0.1001219
5029,0.10188732
5030,0.15321398
5031,0.23165411
5032,0.82362425
5033,0.45505753
5034,0.24862464
5035,0.6181346
5036,0.11464661
5037,0.031681865
5038,0.070987985
5039,0.09740606
5040,0.18498825
5041,0.19436404
5042,0.07356401
5043,0.023761906
5044,0.07542762
5045,0.11628682
5046,0.017528914
5047,0.046295494
5048,0.09297663
5049,0.017517665
5050,0.029756641
5051,0.01669803
5052,0.015483773
5053,0.038799834
5054,0.07892755
5055,0.083448276
5056,0.118895374
5057,0.23449345
5058,0.1945175
5059,0.28404447
5060,0.7833553
5061,0.7220214
5062,0.41056606
5063,0.11883405
5064,0.013691063
5065,0.04228687
5066,0.020485237
5067,0.04924653
5068,0.12243855
5069,0.014339417
5070,0.02598448
5071,0.5237612
5072,0.054987293
5073,0.017528914
5074,0.050393034
5075,0.03001023
5076,0.07721991
5077,0.02789422
5078,0.04373849
5079,0.025169296
5080,0.017799098
5081,0.018707246
5082,0.04073613
5083,0.108347066
5084,0.13121648
5085,0.49105543
5086,0.38488266
5087,0.12385848
5088,0.7325099
5089,0.391124
5090,0.46980682
5091,0.12630163
5092,0.028462054
5093,0.04849056
5094,0.06557838
5095,0.056167956
5096,0.070064634
5097,0.45179358
5098,0.11368343
5099,0.2614285
5100,0.022218976
5101,0.08225562
5102,0.09851399
5103,0.11696577
5104,0.200935
5105,0.031658437
5106,0.029350193
5107,0.015457991
5108,0.082097895
5109,0.17272843
5110,0.5396962
5111,0.32989493
5112,0.44185862
5113,0.25071356
5114,0.27620468
5115,0.16815452
5116,0.049103346
5117,0.026673658
5118,0.016135277
5119,0.020008273
5120,0.02984502
5121,0.023053775
5122,0.1340322
5123,0.16609974
5124,0.06321108
5125,0.19685452
5126,0.045966305
5127,0.057287935
5128,0.37694222
5129,0.0718964
5130,0.017837998
5131,0.01859324
5132,0.16335838
5133,0.12938102
5134,0.030353282
5135,0.17143227
5136,0.18257451
5137,0.07790827
5138,0.083555356
5139,0.024881618
5140,0.07165776
5141,0.05721533
5142,0.028320482
5143,0.122036844
5144,0.11482482
5145,0.049461782
5146,0.027094314
5147,0.014339417
5148,0.18367016
5149,0.014339417
5150,0.01669826
5151,0.06851371
5152,0.068224445
5153,0.050226524
5154,0.18225464
5155,0.04264824
5156,0.044499684
5157,0.013896634
5158,0.049845062
5159,0.16843694
5160,0.31322488
5161,0.42025438
5162,0.041769404
5163,0.022940975
5164,0.04618265
5165,0.09369064
5166,0.13941157
5167,0.0150266
5168,0.026284005
5169,0.01576214
5170,0.05006185
5171,0.01610365
5172,0.014396296
5173,0.11215825
5174,0.11259646
5175,0.409731
5176,0.04640585
5177,0.020851213
5178,0.02925319
5179,0.095682874
5180,0.13094577
5181,0.40622637
5182,0.036489125
5183,0.0150266
5184,0.1104217
5185,0.027896216
5186,0.016212221
5187,0.12660745
5188,0.11557441
5189,0.055608664
5190,0.017965611
5191,0.19771273
5192,0.029051747
5193,0.015983684
5194,0.03715787
5195,0.14933772
5196,0.07338364
5197,0.040785223
5198,0.023164516
5199,0.035272717
5200,0.09272625
5201,0.2646539
5202,0.03665292
5203,0.016932962
5204,0.03704645
5205,0.03813746
5206,0.050762203
5207,0.24660744
5208,0.061301928
5209,0.1837344
5210,0.095967226
5211,0.023743453
5212,0.070675656
5213,0.05432485
5214,0.02460724
5215,0.13349377
5216,0.0667579
5217,0.016903466
5218,0.124241754
5219,0.024940427
5220,0.10959726
5221,0.07636229
5222,0.014689115
5223,0.0147167165
5224,0.26786473
5225,0.5599001
5226,0.12197018
5227,0.058128636
5228,0.016135277
5229,0.10034642
5230,0.03628941
5231,0.027243739
5232,0.0989847
5233,0.088730715
5234,0.091759875
5235,0.75721645
5236,0.03045144
5237,0.06778471
5238,0.01557036
5239,0.0847021
5240,0.07387392
5241,0.019924467
5242,0.033574294
5243,0.16990216
5244,0.45763966
5245,0.0651408
5246,0.1675976
5247,0.030077599
5248,0.026999885
5249,0.04220745
5250,0.10455474
5251,0.036075797
5252,0.023144657
5253,0.057185005
5254,0.043806348
5255,0.01955123
5256,0.02627026
5257,0.044777375
5258,0.017995989
5259,0.114567205
5260,0.039577745
5261,0.016135277
5262,0.027424075
5263,0.07108655
5264,0.11397528
5265,0.028200524
5266,0.068185054
5267,0.47052214
5268,0.06733477
5269,0.10439764
5270,0.08559188
5271,0.0603737
5272,0.022749959
5273,0.4344473
5274,0.027277162
5275,0.017486341
5276,0.06511934
5277,0.12537712
5278,0.029062979
5279,0.11082794
5280,0.03543525
5281,0.044307686
5282,0.055476293
5283,0.39628315
5284,0.027367182
5285,0.013361351
5286,0.020008273
5287,0.028378163
5288,0.08270965
5289,0.015011831
5290,0.042194292
5291,0.12882656
5292,0.077967726
5293,0.01576214
5294,0.02892597
5295,0.050448973
5296,0.09315166
5297,0.09672476
5298,0.068144165
5299,0.086608835
5300,0.03326638
5301,0.05040823
5302,0.015724069
5303,0.04368538
5304,0.25773078
5305,0.14132155
5306,0.013896634
5307,0.05973688
5308,0.015531607
5309,0.015864372
5310,0.028796004
5311,0.025503375
5312,0.025169296
5313,0.014823031
5314,0.014339417
5315,0.021029258
5316,0.019049771
5317,0.017997785
5318,0.031500604
5319,0.060952526
5320,0.1270881
5321,0.013361351
5322,0.06596997
5323,0.014672172
5324,0.14478923
5325,0.014689115
5326,0.1884295
5327,0.0150266
5328,0.016610414
5329,0.041409396
5330,0.016424293
5331,0.017837998
5332,0.03558991
5333,0.038033254
5334,0.025568513
5335,0.01557036
5336,0.016212221
5337,0.061449558
5338,0.021957329
5339,0.029774342
5340,0.03978188
5341,0.01669826
5342,0.014553537
5343,0.09874443
5344,0.03648012
5345,0.05600793
5346,0.029461509
5347,0.018146846
5348,0.07407474
5349,0.014672172
5350,0.014339417
5351,0.12126819
5352,0.054430064
5353,0.05530152
5354,0.048253413
5355,0.015648693
5356,0.159288
5357,0.03452251
5358,0.015240748
5359,0.09754363
5360,0.01666219
5361,0.04971799
5362,0.13106735
5363,0.03045144
5364,0.02228659
5365,0.03130597
5366,0.024331216
5367,0.029116798
5368,0.016039513
5369,0.014672172
5370,0.014950482
5371,0.046007793
5372,0.014689115
5373,0.014689115
5374,0.04589669
5375,0.08529952
5376,0.029003195
5377,0.015659321
5378,0.013771827
5379,0.12402753
5380,0.027986804
5381,0.016903466
5382,0.049010545
5383,0.060016323
5384,0.020248247
5385,0.015864372
5386,0.03141156
5387,0.030077599
5388,0.02751776
5389,0.014689115
5390,0.017528914
5391,0.028898304
5392,0.07455277
5393,0.11033147
5394,0.01557036
5395,0.06955154
5396,0.016456094
5397,0.020354256
5398,0.015648693
5399,0.01977962
5400,0.05294196
5401,0.024102563
5402,0.032756425
5403,0.07163868
5404,0.015035255
5405,0.05060767
5406,0.036942
5407,0.035853893
5408,0.120533064
5409,0.036411155
5410,0.04077586
5411,0.035217583
5412,0.07857331
5413,0.37313837
5414,0.23619924
5415,0.021114968
5416,0.052310918
5417,0.2495039
5418,0.10562526
5419,0.2923969
5420,0.04304143
5421,0.16348462
5422,0.03572194
5423,0.04411332
5424,0.015983569
5425,0.023628829
5426,0.016674813
5427,0.015035255
5428,0.24561438
5429,0.03398682
5430,0.59139067
5431,0.10539986
5432,0.03598844
5433,0.238478
5434,0.037932906
5435,0.025172554
5436,0.021844357
5437,0.03439411
5438,0.03360343
5439,0.023879262
5440,0.1334782
5441,0.06983541
5442,0.42467135
5443,0.4350819
5444,0.061453827
5445,0.15128975
5446,0.1623401
5447,0.014110765
5448,0.014259147
5449,0.07074152
5450,0.03451867
5451,0.048047725
5452,0.04474363
5453,0.48906484
5454,0.07908265
5455,0.2491428
5456,0.4398277
5457,0.12664732
5458,0.018089373
5459,0.4244811
5460,0.058187578
5461,0.25517964
5462,0.04681939
5463,0.039773237
5464,0.045240514
5465,0.02729628
5466,0.07336904
5467,0.07016345
5468,0.029754952
5469,0.1326824
5470,0.40944704
5471,0.032087103
5472,0.025825221
5473,0.042182986
5474,0.046335597
5475,0.064654134
5476,0.023432497
5477,0.044716895
5478,0.07074519
5479,0.12431939
5480,0.029827341
5481,0.04605149
5482,0.2491923
5483,0.046920996
5484,0.24486473
5485,0.048227806
5486,0.036376137
5487,0.024019413
5488,0.016862169
5489,0.017300261
5490,0.47220665
5491,0.040358778
5492,0.1641569
5493,0.34080103
5494,0.013378119
5495,0.06084429
5496,0.039529514
5497,0.022436664
5498,0.026865661
5499,0.014216022
5500,0.034693692
5501,0.013132699
5502,0.07771653
5503,0.07296049
5504,0.07831911
5505,0.24720483
5506,0.30081242
5507,0.017767336
5508,0.016469607
5509,0.036878426
5510,0.014110765
5511,0.024482712
5512,0.025734466
5513,0.028860776
5514,0.24660465
5515,0.026702529
5516,0.055186786
5517,0.01444352
5518,0.04788745
5519,0.03778153
5520,0.27225065
5521,0.7173009
5522,0.03641754
5523,0.018745966
5524,0.026041606
5525,0.032358475
5526,0.036509007
5527,0.017913863
5528,0.022888502
5529,0.014543834
5530,0.13174036
5531,0.2621759
5532,0.10659409
5533,0.12919849
5534,0.1267978
5535,0.028719367
5536,0.042227156
5537,0.0417163
5538,0.05014184
5539,0.050803218
5540,0.05183789
5541,0.15229225
5542,0.017385636
5543,0.03807478
5544,0.029424097
5545,0.018220603
5546,0.022432953
5547,0.032537315
5548,0.04562806
5549,0.022793623
5550,0.021821477
5551,0.085707694
5552,0.12143184
5553,0.14008804
5554,0.033810344
5555,0.0386579
5556,0.033472043
5557,0.11067145
5558,0.105965964
5559,0.016862169
5560,0.08660955
5561,0.024895892
5562,0.014167644
5563,0.10373937
5564,0.028507464
5565,0.038606428
5566,0.038150463
5567,0.06854629
5568,0.069358155
5569,0.12980352
5570,0.120406136
5571,0.17594782
5572,0.06113302
5573,0.04235997
5574,0.01979254
5575,0.061612885
5576,0.070316896
5577,0.09173526
5578,0.047356054
5579,0.5827026
5580,0.12098225
5581,0.16222881
5582,0.06169097
5583,0.08192373
5584,0.019425718
5585,0.014793456
5586,0.014547154
5587,0.015421188
5588,0.06155265
5589,0.028636517
5590,0.014772486
5591,0.038234472
5592,0.0282248
5593,0.11047379
5594,0.054297954
5595,0.071796924
5596,0.06688995
5597,0.11828773
5598,0.16897844
5599,0.39177787
5600,0.061502025
5601,0.03726299
5602,0.07406265
5603,0.030838246
5604,0.05419044
5605,0.04984202
5606,0.044437975
5607,0.13340841
5608,0.034656826
5609,0.13120571
5610,0.053977363
5611,0.070508234
5612,0.029010043
5613,0.017679771
5614,0.13903813
5615,0.014749166
5616,0.034544546
5617,0.12306154
5618,0.036966577
5619,0.0148453815
5620,0.028302236
5621,0.054965608
5622,0.056089476
5623,0.09214856
5624,0.13305832
5625,0.1178299
5626,0.24806614
5627,0.104973674
5628,0.11281899
5629,0.02548644
5630,0.097972475
5631,0.015616093
5632,0.05136503
5633,0.059915986
5634,0.091130294
5635,0.02976004
5636,0.01899253
5637,0.0425624
5638,0.026991883
5639,0.09560667
5640,0.12768719
5641,0.06194477
5642,0.0140485605
5643,0.016968213
5644,0.026365949
5645,0.06361525
5646,0.051068805
5647,0.07367079
5648,0.06777452
5649,0.13569643
5650,0.46245325
5651,0.11617938
5652,0.12648392
5653,0.062347054
5654,0.099297866
5655,0.09148778
5656,0.12763575
5657,0.07299822
5658,0.014396296
5659,0.018327283
5660,0.3065595
5661,0.0644578
5662,0.0961072
5663,0.06363313
5664,0.09105387
5665,0.018974619
5666,0.023759598
5667,0.014339417
5668,0.029181924
5669,0.02223716
5670,0.041995987
5671,0.15277444
5672,0.061556626
5673,0.05046375
5674,0.12913597
5675,0.64429736
5676,0.09459087
5677,0.01765454
5678,0.17933774
5679,0.06330771
5680,0.25901636
5681,0.1743551
5682,0.09613024
5683,0.01913004
5684,0.04019354
5685,0.09190746
5686,0.17200306
5687,0.039386883
5688,0.19510111
5689,0.12542903
5690,0.09455304
5691,0.018080851
5692,0.03746002
5693,0.05256164
5694,0.08627711
5695,0.029720416
5696,0.13079628
5697,0.13078654
5698,0.1229764
5699,0.12692341
5700,0.039671242
5701,0.12726288
5702,0.18591107
5703,0.26198483
5704,0.089093894
5705,0.049519923
5706,0.021884842
5707,0.044927422
5708,0.45403567
5709,0.03610391
5710,0.067178026
5711,0.39897722
5712,0.24629809
5713,0.01596898
5714,0.015842777
5715,0.04306104
5716,0.06115689
5717,0.1648415
5718,0.23596337
5719,0.09960487
5720,0.09971453
5721,0.25569275
5722,0.18359488
5723,0.16904016
5724,0.17606834
5725,0.2665982
5726,0.09639224
5727,0.046365302
5728,0.10866579
5729,0.04340667
5730,0.31924304
5731,0.8653539
5732,0.06594564
5733,0.053226747
5734,0.41295993
5735,0.01610365
5736,0.056115262
5737,0.25666246
5738,0.026486995
5739,0.0501831
5740,0.09256309
5741,0.020596815
5742,0.09455002
5743,0.014787201
5744,0.25912547
5745,0.047283538
5746,0.09885144
5747,0.16711216
5748,0.14149567
5749,0.18140562
5750,0.3634376
5751,0.26215675
5752,0.024557741
5753,0.25030681
5754,0.26694912
5755,0.24942873
5756,0.73499924
5757,0.42319784
5758,0.4359275
5759,0.042560138
5760,0.14898069
5761,0.031217257
5762,0.017735703
5763,0.014614762
5764,0.015263907
5765,0.01848684
5766,0.015832877
5767,0.084213905
5768,0.014294732
5769,0.0140485605
5770,0.028798925
5771,0.055870146
5772,0.11546013
5773,0.11388276
5774,0.13659212
5775,0.11009483
5776,0.22555126
5777,0.11528542
5778,0.026350448
5779,0.11838655
5780,0.2574263
5781,0.167956
5782,0.9242834
5783,0.9386143
5784,0.43091652
5785,0.013524533
5786,0.021207439
5787,0.047210306
5788,0.061090935
5789,0.26400295
5790,0.070004694
5791,0.06527216
5792,0.014339417
5793,0.05612731
5794,0.10145096
5795,0.05771803
5796,0.014339417
5797,0.24602714
5798,0.016135277
5799,0.025139183
5800,0.12250915
5801,0.12562148
5802,0.059347626
5803,0.056785434
5804,0.13570963
5805,0.07717456
5806,0.029706776
5807,0.109492585
5808,0.099317096
5809,0.094484545
5810,0.901002
5811,0.88994426
5812,0.5162582
5813,0.015648693
5814,0.062119827
5815,0.026224328
5816,0.12306372
5817,0.12645517
5818,0.26190278
5819,0.11457585
5820,0.024089526
5821,0.07130687
5822,0.13644043
5823,0.25215933
5824,0.14959852
5825,0.5039098
5826,0.26636943
5827,0.1500057
5828,0.13756408
5829,0.09946036
5830,0.086787015
5831,0.1211844
5832,0.042495534
5833,0.052177645
5834,0.18303981
5835,0.14646748
5836,0.08382783
5837,0.07272884
5838,0.030654335
5839,0.8742918
5840,0.995459
5841,0.92112094
5842,0.042185687
5843,0.036736716
5844,0.30718023
5845,0.13608932
5846,0.038772643
5847,0.03687603
5848,0.023933027
5849,0.039340775
5850,0.11823008
5851,0.050151557
5852,0.3869009
5853,0.5727718
5854,0.09618172
5855,0.1294689
5856,0.10398007
5857,0.16394596
5858,0.09481721
5859,0.19216849
5860,0.09380098
5861,0.028012566
5862,0.12980361
5863,0.109927654
5864,0.106290795
5865,0.032608636
5866,0.4675998
5867,0.4202416
5868,0.25550944
5869,0.07811114
5870,0.041692816
5871,0.10384962
5872,0.08135137
5873,0.18961531
5874,0.03168787
5875,0.055157676
5876,0.048627924
5877,0.018080851
5878,0.036886692
5879,0.04319768
5880,0.04279233
5881,0.24576195
5882,0.6970712
5883,0.44071388
5884,0.26823205
5885,0.15282726
5886,0.19271426
5887,0.25723562
5888,0.43428507
5889,0.13367315
5890,0.02243842
5891,0.06030709
5892,0.02880004
5893,0.14270467
5894,0.25846884
5895,0.08579264
5896,0.20068511
5897,0.2665982
5898,0.14129232
5899,1.0
5900,0.12043349
5901,0.019410782
5902,0.11233222
5903,0.17023611
5904,0.018646693
5905,0.051701188
5906,0.07993589
5907,0.060343206
5908,0.063719615
5909,0.07474932
5910,0.05399035
5911,0.13348989
5912,0.43951494
5913,0.27322164
5914,0.5542239
5915,0.44852525
5916,0.15840925
5917,0.14886701
5918,0.25847995
5919,0.14865711
5920,0.07489912
5921,0.038338717
5922,0.43495038
5923,0.34807214
5924,0.06628011
5925,0.5121248
5926,0.39952967
5927,0.05870441
5928,0.10024737
5929,0.121039145
5930,0.049188487
5931,0.022352228
5932,0.037608236
5933,0.04492423
5934,0.09463511
5935,0.11261915
5936,0.101782225
5937,0.14039417
5938,0.27309284
5939,0.9485369
5940,0.4567804
5941,0.4264433
5942,0.6532578
5943,0.12885918
5944,0.090344995
5945,0.07372899
5946,0.18076597
5947,0.25687632
5948,0.08636791
5949,0.023761906
5950,0.013361351
5951,0.0673639
5952,0.13017224
5953,0.01610365
5954,0.060072824
5955,0.09782775
5956,0.033425175
5957,0.03192006
5958,0.027094314
5959,0.016119838
5960,0.03788792
5961,0.08337676
5962,0.055028528
5963,0.10766551
5964,0.23798281
5965,0.26553708
5966,0.28149
5967,0.7920771
5968,0.71713674
5969,0.26893413
5970,0.13486457
5971,0.014211323
5972,0.043147422
5973,0.018903164
5974,0.055720054
5975,0.11445721
5976,0.014339417
5977,0.024169704
5978,0.4735011
5979,0.036274657
5980,0.017528914
5981,0.05044556
5982,0.04142321
5983,0.12918918
5984,0.02789422
5985,0.072112456
5986,0.017995989
5987,0.041706655
5988,0.017810078
5989,0.026505386
5990,0.041661434
5991,0.10631883
5992,0.12539499
5993,0.47758394
5994,0.38591143
5995,0.127589
5996,0.73285156
5997,0.39333043
5998,0.4579386
5999,0.24722204
6000,0.05997921
6001,0.02894375
6002,0.036645897
6003,0.038718037
6004,0.046118803
6005,0.042157516
6006,0.045456532
6007,0.44764155
6008,0.13975216
6009,0.26521102
6010,0.022550447
6011,0.08520642
6012,0.098051086
6013,0.12287672
6014,0.19716097
6015,0.02912351
6016,0.025895325
6017,0.07012935
6018,0.1736004
6019,0.5541239
6020,0.33933496
6021,0.41953486
6022,0.13001697
6023,0.2666264
6024,0.15650553
6025,0.05122445
6026,0.03124456
6027,0.027220473
6028,0.16220091
6029,0.12601067
6030,0.061449908
6031,0.25865778
6032,0.022023084
6033,0.061242495
6034,0.25850978
6035,0.06525829
6036,0.014221769
6037,0.13338447
6038,0.13545014
6039,0.025563762
6040,0.013361351
6041,0.16327922
6042,0.18732888
6043,0.086429656
6044,0.0846649
6045,0.022888606
6046,0.07431447
6047,0.06910174
6048,0.027860032
6049,0.13634034
6050,0.11154425
6051,0.030225735
6052,0.027094314
6053,0.014950383
6054,0.2959386
6055,0.014339417
6056,0.016834512
6057,0.07551531
6058,0.045882635
6059,0.05207575
6060,0.18267086
6061,0.036308818
6062,0.04276186
6063,0.014354927
6064,0.06306048
6065,0.18359895
6066,0.3896841
6067,0.39874566
6068,0.04526945
6069,0.019974401
6070,0.023783863
6071,0.07496648
6072,0.015909621
6073,0.060301013
6074,0.16346969
6075,0.015222406
6076,0.026878854
6077,0.015222406
6078,0.025397683
6079,0.01848684
6080,0.099646874
6081,0.112977944
6082,0.40929604
6083,0.048020087
6084,0.027094314
6085,0.034941472
6086,0.08871767
6087,0.11403983
6088,0.42049834
6089,0.03583166
6090,0.1107082
6091,0.028566178
6092,0.016321894
6093,0.13637559
6094,0.13350199
6095,0.08657416
6096,0.024890466
6097,0.014672172
6098,0.27559105
6099,0.029051747
6100,0.01727081
6101,0.039844915
6102,0.17840554
6103,0.06455585
6104,0.040760607
6105,0.031442754
6106,0.030165415
6107,0.09409647
6108,0.3869287
6109,0.04912175
6110,0.013361351
6111,0.021271698
6112,0.02922742
6113,0.060140897
6114,0.051507037
6115,0.24660744
6116,0.052555803
6117,0.2544153
6118,0.13576002
6119,0.023734104
6120,0.06484983
6121,0.0364579
6122,0.02407196
6123,0.2535372
6124,0.08982701
6125,0.017307682
6126,0.11324455
6127,0.050163172
6128,0.013896634
6129,0.014689115
6130,0.26786473
6131,0.55948013
6132,0.12037662
6133,0.055382226
6134,0.11362909
6135,0.035659272
6136,0.031144021
6137,0.081244946
6138,0.06956746
6139,0.10472463
6140,0.76225966
6141,0.06420754
6142,0.01605725
6143,0.089074
6144,0.06351094
6145,0.02637467
6146,0.03319077
6147,0.13381311
6148,0.45093125
6149,0.09921385
6150,0.11703119
6151,0.026999885
6152,0.02398028
6153,0.0418375
6154,0.100367375
6155,0.040985085
6156,0.031913668
6157,0.069094054
6158,0.04522219
6159,0.028118193
6160,0.019877983
6161,0.047102604
6162,0.02506737
6163,0.111182146
6164,0.040148564
6165,0.02913769
6166,0.01557036
6167,0.02963369
6168,0.06656547
6169,0.11740903
6170,0.019878153
6171,0.044047195
6172,0.46631512
6173,0.05907142
6174,0.09558289
6175,0.06003324
6176,0.05321964
6177,0.024816284
6178,0.4185946
6179,0.030508848
6180,0.014339417
6181,0.0140485605
6182,0.013524533
6183,0.046221737
6184,0.099446975
6185,0.020008273
6186,0.014672172
6187,0.11141806
6188,0.038351174
6189,0.050249357
6190,0.41024432
6191,0.069740824
6192,0.017366454
6193,0.020008273
6194,0.027253795
6195,0.07008255
6196,0.014490276
6197,0.04171648
6198,0.14262746
6199,0.11147955
6200,0.01576214
6201,0.03283725
6202,0.053577874
6203,0.10993434
6204,0.09347971
6205,0.07548323
6206,0.06361277
6207,0.030259583
6208,0.06964375
6209,0.016903466
6210,0.066944346
6211,0.25821316
6212,0.14059736
6213,0.06803887
6214,0.015864372
6215,0.020327633
6216,0.0256053
6217,0.02113937
6218,0.018596513
6219,0.014689115
6220,0.017090822
6221,0.014339417
6222,0.015864372
6223,0.018245077
6224,0.030690804
6225,0.09819001
6226,0.15507182
6227,0.013361351
6228,0.065157704
6229,0.12692188
6230,0.014339417
6231,0.18135257
6232,0.014339417
6233,0.050532393
6234,0.016787807
6235,0.017284907
6236,0.030788954
6237,0.023547597
6238,0.031110033
6239,0.028915495
6240,0.016212221
6241,0.056746528
6242,0.024470124
6243,0.029908706
6244,0.01596898
6245,0.035823323
6246,0.01669826
6247,0.013896634
6248,0.03283546
6249,0.077853836
6250,0.036805555
6251,0.053622253
6252,0.01859324
6253,0.013361351
6254,0.014339417
6255,0.024787048
6256,0.014672172
6257,0.0150266
6258,0.030211966
6259,0.05843744
6260,0.0152995875
6261,0.015842777
6262,0.09950924
6263,0.05101398
6264,0.082380466
6265,0.057414602
6266,0.015648693
6267,0.18054478
6268,0.04140129
6269,0.014689115
6270,0.09227867
6271,0.018401714
6272,0.07747667
6273,0.13257603
6274,0.042716324
6275,0.015263907
6276,0.029181924
6277,0.024635168
6278,0.024041304
6279,0.028413625
6280,0.01596898
6281,0.020349076
6282,0.017606182
6283,0.0152995875
6284,0.014823031
6285,0.014689115
6286,0.036429636
6287,0.0152995875
6288,0.04804145
6289,0.06748323
6290,0.14381641
6291,0.016011441
6292,0.030492216
6293,0.04052639
6294,0.06473588
6295,0.03621885
6296,0.017054323
6297,0.04411205
6298,0.01599995
6299,0.031950206
6300,0.014672172
6301,0.015648693
6302,0.030055994
6303,0.07109646
6304,0.10826142
6305,0.017296739
6306,0.06843191
6307,0.017996378
6308,0.029189665
6309,0.046784855
6310,0.03307285
6311,0.13310173
6312,0.014797948
6313,0.024712607
6314,0.045016393
6315,0.028785728
6316,0.060377624
6317,0.07772823
6318,0.060696516
6319,0.014066081
6320,0.037556767
6321,0.034934495
6322,0.060093727
6323,0.060982317
6324,0.37565428
6325,0.2790834
6326,0.14409672
6327,0.39881104
6328,0.045506272
6329,0.3285517
6330,0.16535765
6331,0.14939155
6332,0.04368658
6333,0.15382694
6334,0.015776727
6335,0.041379996
6336,0.014543834
6337,0.28553832
6338,0.027640963
6339,0.7273326
6340,0.14777517
6341,0.16140866
6342,0.050922815
6343,0.02163899
6344,0.021532424
6345,0.04190571
6346,0.027554087
6347,0.026684945
6348,0.15704937
6349,0.12665826
6350,0.5263118
6351,0.53947717
6352,0.104838766
6353,0.078167334
6354,0.115270354
6355,0.19492358
6356,0.014066081
6357,0.013819909
6358,0.024167022
6359,0.04590454
6360,0.03414097
6361,0.04254173
6362,0.10735002
6363,0.028649032
6364,0.4857799
6365,0.128786
6366,0.28065014
6367,0.5420118
6368,0.124956265
6369,0.022852086
6370,0.46022576
6371,0.036507607
6372,0.0838673
6373,0.24962445
6374,0.050740477
6375,0.08546716
6376,0.035944216
6377,0.04440407
6378,0.044335596
6379,0.12308599
6380,0.1437784
6381,0.030563507
6382,0.08872424
6383,0.41236663
6384,0.03241198
6385,0.023690123
6386,0.08059711
6387,0.031250715
6388,0.06949747
6389,0.027096752
6390,0.0588667
6391,0.080342956
6392,0.03998042
6393,0.046250243
6394,0.11223658
6395,0.3884648
6396,0.056945257
6397,0.032242965
6398,0.015218709
6399,0.014707017
6400,0.014216022
6401,0.014564804
6402,0.4502623
6403,0.14824724
6404,0.05688308
6405,0.3325252
6406,0.48048437
6407,0.08248875
6408,0.034233678
6409,0.023413036
6410,0.01535151
6411,0.013378119
6412,0.04480373
6413,0.014066081
6414,0.04866107
6415,0.050926495
6416,0.14902154
6417,0.39828408
6418,0.42592555
6419,0.019127091
6420,0.21972808
6421,0.03812075
6422,0.014110765
6423,0.047453977
6424,0.027333457
6425,0.25651383
6426,0.018389216
6427,0.04534057
6428,0.01444352
6429,0.051120456
6430,0.019490069
6431,0.18765849
6432,0.69157207
6433,0.013819909
6434,0.04102575
6435,0.034028694
6436,0.032985266
6437,0.03864828
6438,0.021718469
6439,0.014259147
6440,0.09518675
6441,0.190236
6442,0.15031116
6443,0.09289647
6444,0.10850022
6445,0.025055364
6446,0.03761436
6447,0.044421315
6448,0.05418233
6449,0.062645495
6450,0.051757492
6451,0.1453541
6452,0.026995424
6453,0.028062899
6454,0.035630994
6455,0.021106213
6456,0.036488675
6457,0.028943768
6458,0.046400476
6459,0.014216022
6460,0.06719025
6461,0.021950731
6462,0.03253779
6463,0.0873403
6464,0.1552983
6465,0.19309391
6466,0.0363565
6467,0.04751406
6468,0.06404925
6469,0.14472844
6470,0.06323186
6471,0.026795192
6472,0.059524417
6473,0.029222842
6474,0.016620465
6475,0.023320902
6476,0.11196647
6477,0.040695906
6478,0.038249075
6479,0.037020497
6480,0.061368898
6481,0.087011784
6482,0.18067916
6483,0.20283464
6484,0.14361587
6485,0.060874663
6486,0.040596824
6487,0.018507887
6488,0.052807603
6489,0.05014594
6490,0.014396296
6491,0.0150266
6492,0.0778089
6493,0.043163627
6494,0.6043518
6495,0.12742588
6496,0.04994129
6497,0.01544736
6498,0.14717484
6499,0.046953917
6500,0.102394804
6501,0.027023844
6502,0.017208451
6503,0.014690093
6504,0.05069616
6505,0.014749166
6506,0.020757653
6507,0.03104753
6508,0.1186354
6509,0.06286927
6510,0.07369387
6511,0.08723435
6512,0.113373876
6513,0.1700574
6514,0.3942573
6515,0.060107484
6516,0.042267367
6517,0.07164549
6518,0.03200493
6519,0.07713661
6520,0.072571754
6521,0.0664092
6522,0.13455148
6523,0.032364134
6524,0.13332635
6525,0.07328144
6526,0.058936317
6527,0.029253984
6528,0.014793456
6529,0.018322749
6530,0.15045838
6531,0.015956225
6532,0.029697314
6533,0.10409867
6534,0.049360618
6535,0.014672172
6536,0.035757042
6537,0.085763186
6538,0.0542107
6539,0.094011314
6540,0.12822695
6541,0.116486296
6542,0.32042506
6543,0.108657934
6544,0.11538753
6545,0.026374059
6546,0.11414685
6547,0.018028233
6548,0.052856456
6549,0.03670752
6550,0.09706102
6551,0.046797134
6552,0.019155713
6553,0.056441925
6554,0.03835179
6555,0.06662785
6556,0.091882095
6557,0.038992614
6558,0.048044655
6559,0.013896634
6560,0.027183542
6561,0.06335157
6562,0.01808771
6563,0.058525186
6564,0.052243497
6565,0.05741363
6566,0.13269047
6567,0.45984578
6568,0.11529429
6569,0.14460024
6570,0.06554242
6571,0.0988694
6572,0.085811354
6573,0.09436629
6574,0.0847798
6575,0.014487799
6576,0.019593721
6577,0.3095324
6578,0.08060661
6579,0.119330354
6580,0.069865696
6581,0.100293495
6582,0.018863687
6583,0.024600534
6584,0.04191806
6585,0.17881344
6586,0.06639216
6587,0.06555719
6588,0.12249447
6589,0.63608646
6590,0.09912664
6591,0.017398834
6592,0.2917161
6593,0.05637313
6594,0.25805163
6595,0.26103616
6596,0.091205224
6597,0.04407065
6598,0.06995611
6599,0.16195697
6600,0.050035432
6601,0.15194811
6602,0.111952595
6603,0.014339417
6604,0.09072745
6605,0.018080851
6606,0.03060829
6607,0.05315856
6608,0.09119753
6609,0.017236851
6610,0.13389394
6611,0.1390588
6612,0.11693571
6613,0.09935536
6614,0.034742683
6615,0.120043956
6616,0.18278755
6617,0.26691708
6618,0.10346687
6619,0.015222406
6620,0.049280796
6621,0.027536418
6622,0.019460933
6623,0.049166862
6624,0.4555841
6625,0.052602693
6626,0.08673116
6627,0.40324515
6628,0.24583735
6629,0.017997032
6630,0.016212221
6631,0.014787201
6632,0.04476217
6633,0.052877687
6634,0.24389477
6635,0.24556741
6636,0.09275282
6637,0.092626475
6638,0.25217387
6639,0.17403604
6640,0.1771506
6641,0.18194729
6642,0.35279983
6643,0.09270811
6644,0.0351531
6645,0.046512816
6646,0.120418355
6647,0.04712074
6648,0.39929375
6649,0.92976433
6650,0.06749673
6651,0.0416138
6652,0.41449612
6653,0.01610365
6654,0.046346746
6655,0.2581911
6656,0.018796615
6657,0.049338203
6658,0.09111835
6659,0.017770953
6660,0.051413503
6661,0.452437
6662,0.044092685
6663,0.094904706
6664,0.25613287
6665,0.15836976
6666,0.26276705
6667,0.36219022
6668,0.25939912
6669,0.17987122
6670,0.2932553
6671,0.25394565
6672,0.72283554
6673,0.4471797
6674,0.43638784
6675,0.015335695
6676,0.02553744
6677,0.16119274
6678,0.02793458
6679,0.020101378
6680,0.018951938
6681,0.015222406
6682,0.0838599
6683,0.0140485605
6684,0.0140485605
6685,0.027604096
6686,0.0586612
6687,0.11295734
6688,0.11070102
6689,0.126736
6690,0.11130357
6691,0.23775953
6692,0.1308348
6693,0.044131786
6694,0.16029151
6695,0.175428
6696,0.02442574
6697,0.1084695
6698,0.8855421
6699,0.9536286
6700,0.4222055
6701,0.013524533
6702,0.026746659
6703,0.017070137
6704,0.062772095
6705,0.26175985
6706,0.098468125
6707,0.018954188
6708,0.07011044
6709,0.014866259
6710,0.054261044
6711,0.09513033
6712,0.055382922
6713,0.0140485605
6714,0.26183712
6715,0.015928436
6716,0.025139183
6717,0.11510483
6718,0.124226674
6719,0.076839425
6720,0.04767285
6721,0.13120379
6722,0.1253653
6723,0.013771827
6724,0.033278733
6725,0.09968369
6726,0.12796351
6727,0.12717272
6728,0.91544116
6729,0.9021739
6730,0.54024047
6731,0.019913075
6732,0.061810292
6733,0.024651282
6734,0.24700812
6735,0.10565567
6736,0.2578792
6737,0.041134387
6738,0.10414511
6739,0.028212048
6740,0.0963491
6741,0.116308205
6742,0.25213465
6743,0.12583321
6744,0.5118071
6745,0.26409417
6746,0.13323891
6747,0.13348153
6748,0.0976334
6749,0.06399905
6750,0.13558652
6751,0.036587235
6752,0.041284792
6753,0.17942423
6754,0.14623433
6755,0.082387395
6756,0.06412997
6757,0.030435834
6758,0.8752353
6759,0.9982712
6760,0.9325468
6761,0.046096016
6762,0.03783502
6763,0.18832718
6764,0.0150266
6765,0.19077948
6766,0.025707016
6767,0.014294732
6768,0.018791161
6769,0.038259923
6770,0.0378617
6771,0.11707223
6772,0.050739184
6773,0.38047668
6774,0.58807105
6775,0.08686444
6776,0.12484808
6777,0.09981822
6778,0.17407489
6779,0.08694932
6780,0.29678583
6781,0.08369092
6782,0.033347376
6783,0.11738902
6784,0.14696841
6785,0.09883301
6786,0.031711128
6787,0.022017151
6788,0.46165928
6789,0.41556334
6790,0.2717308
6791,0.1181843
6792,0.024745103
6793,0.1084819
6794,0.05768412
6795,0.26120925
6796,0.03837128
6797,0.057554882
6798,0.049162857
6799,0.042430863
6800,0.041993845
6801,0.04657244
6802,0.23525721
6803,0.6988033
6804,0.43128714
6805,0.26549613
6806,0.13185142
6807,0.1851421
6808,0.25935954
6809,0.43312508
6810,0.16128115
6811,0.024096133
6812,0.045983635
6813,0.028806394
6814,0.15341517
6815,0.21806896
6816,0.06559992
6817,0.32873023
6818,0.2722127
6819,0.18613882
6820,1.0
6821,0.20287924
6822,0.015832877
6823,0.14694205
6824,0.14132968
6825,0.019458931
6826,0.04432514
6827,0.091317765
6828,0.06489722
6829,0.076897055
6830,0.06383873
6831,0.06311395
6832,0.13025583
6833,0.43005118
6834,0.26509154
6835,0.54853845
6836,0.450162
6837,0.17325905
6838,0.16056272
6839,0.25645867
6840,0.17340326
6841,0.0931495
6842,0.040126506
6843,0.4319618
6844,0.25938398
6845,0.06547774
6846,0.6072856
6847,0.38112783
6848,0.014211323
6849,0.05909429
6850,0.08932158
6851,0.086441465
6852,0.057618555
6853,0.015222406
6854,0.022285134
6855,0.029837826
6856,0.057679437
6857,0.11312094
6858,0.09965481
6859,0.123046495
6860,0.42008975
6861,0.95570534
6862,0.46637058
6863,0.4200167
6864,0.6263491
6865,0.13260716
6866,0.07285114
6867,0.06567615
6868,0.17236571
6869,0.19440061
6870,0.06796132
6871,0.023132998
6872,0.052937288
6873,0.1123836
6874,0.016257357
6875,0.04556979
6876,0.090367876
6877,0.016297337
6878,0.049370572
6879,0.027623255
6880,0.01544736
6881,0.042317994
6882,0.08086288
6883,0.05477814
6884,0.11399352
6885,0.240035
6886,0.2631555
6887,0.27727365
6888,0.6926522
6889,0.70579076
6890,0.42339325
6891,0.11949739
6892,0.013524533
6893,0.06450457
6894,0.018367885
6895,0.04858592
6896,0.10578991
6897,0.01669826
6898,0.58177334
6899,0.07533076
6900,0.016533233
6901,0.04981594
6902,0.039676156
6903,0.10552878
6904,0.02805886
6905,0.043477323
6906,0.04114888
6907,0.017810078
6908,0.018099608
6909,0.03318357
6910,0.11182691
6911,0.12748352
6912,0.49082756
6913,0.38103157
6914,0.13940297
6915,0.71036273
6916,0.40746245
6917,0.47555014
6918,0.119708374
6919,0.03579678
6920,0.033357218
6921,0.03805474
6922,0.044387497
6923,0.045132756
6924,0.035520047
6925,0.06265328
6926,0.45589748
6927,0.14519879
6928,0.361893
6929,0.02190704
6930,0.07333649
6931,0.09168821
6932,0.13873795
6933,0.1949806
6934,0.041934177
6935,0.027040608
6936,0.060576744
6937,0.25733167
6938,0.5621851
6939,0.34022728
6940,0.4374736
6941,0.21980779
6942,0.4234945
6943,0.15975253
6944,0.057123136
6945,0.027651725
6946,0.022122227
6947,0.03183724
6948,0.023229063
6949,0.12780844
6950,0.14058849
6951,0.055121437
6952,0.38162616
6953,0.021556566
6954,0.06028465
6955,0.3753031
6956,0.046341024
6957,0.013361351
6958,0.015222406
6959,0.13263711
6960,0.21468395
6961,0.025747217
6962,0.15959702
6963,0.2596386
6964,0.0701897
6965,0.082248725
6966,0.0233469
6967,0.06969748
6968,0.08483521
6969,0.02531767
6970,0.12217365
6971,0.078334086
6972,0.027553426
6973,0.039959095
6974,0.0140485605
6975,0.15961793
6976,0.014339417
6977,0.07283456
6978,0.047631975
6979,0.043116167
6980,0.16231024
6981,0.038044777
6982,0.056133315
6983,0.015222406
6984,0.08238033
6985,0.1709203
6986,0.39432043
6987,0.41435575
6988,0.048366163
6989,0.015632883
6990,0.022807088
6991,0.046917222
6992,0.015620576
6993,0.066054575
6994,0.14220193
6995,0.014729473
6996,0.027279682
6997,0.01576214
6998,0.023570701
6999,0.015197684
7000,0.10822254
7001,0.11056071
7002,0.403452
7003,0.02835004
7004,0.031706244
7005,0.089007795
7006,0.10940824
7007,0.41891408
7008,0.050686214
7009,0.031178499
7010,0.014729473
7011,0.10839814
7012,0.028062394
7013,0.016849117
7014,0.11719449
7015,0.2137543
7016,0.08228363
7017,0.028948084
7018,0.014672172
7019,0.2684211
7020,0.029451495
7021,0.032474585
7022,0.17531955
7023,0.062597595
7024,0.041196484
7025,0.017898876
7026,0.04125017
7027,0.07445878
7028,0.26227126
7029,0.032637976
7030,0.013361351
7031,0.023552189
7032,0.0429705
7033,0.058844455
7034,0.060174298
7035,0.2539984
7036,0.052224133
7037,0.25713482
7038,0.09882461
7039,0.02621107
7040,0.045367997
7041,0.033062283
7042,0.029422652
7043,0.23072557
7044,0.01669826
7045,0.15651965
7046,0.017421972
7047,0.107386224
7048,0.050106376
7049,0.013771827
7050,0.014221769
7051,0.26522908
7052,0.5524422
7053,0.15695265
7054,0.064771414
7055,0.015928436
7056,0.08813241
7057,0.0340035
7058,0.026708456
7059,0.109599315
7060,0.088315204
7061,0.10475564
7062,0.77309966
7063,0.067942
7064,0.020493029
7065,0.08574828
7066,0.08892484
7067,0.019466685
7068,0.039546125
7069,0.16547157
7070,0.45015016
7071,0.12484798
7072,0.11643912
7073,0.027163072
7074,0.030185137
7075,0.04203526
7076,0.09874657
7077,0.053000003
7078,0.02445547
7079,0.07760597
7080,0.036468416
7081,0.027309135
7082,0.015886856
7083,0.10845408
7084,0.017208451
7085,0.109566934
7086,0.0391856
7087,0.029302752
7088,0.015928436
7089,0.032273732
7090,0.12721375
7091,0.15084311
7092,0.021495016
7093,0.08037188
7094,0.5769347
7095,0.080602996
7096,0.09276286
7097,0.029531995
7098,0.06908775
7099,0.05731602
7100,0.015579454
7101,0.3097574
7102,0.038389936
7103,0.013524533
7104,0.017402537
7105,0.046530325
7106,0.095579006
7107,0.019593721
7108,0.10520063
7109,0.036058687
7110,0.023269774
7111,0.056006007
7112,0.4086535
7113,0.13941824
7114,0.02858543
7115,0.019593721
7116,0.015912997
7117,0.08678625
7118,0.044307806
7119,0.013361351
7120,0.17463969
7121,0.095002666
7122,0.01557036
7123,0.051902812
7124,0.12427293
7125,0.09252193
7126,0.056137946
7127,0.050729316
7128,0.03207154
7129,0.05895736
7130,0.01669826
7131,0.057525065
7132,0.26547086
7133,0.11463756
7134,0.013771827
7135,0.0140485605
7136,0.060247794
7137,0.022391507
7138,0.027601171
7139,0.01975311
7140,0.01825383
7141,0.015956225
7142,0.016952507
7143,0.014339417
7144,0.029546984
7145,0.015195903
7146,0.017834602
7147,0.05095768
7148,0.047801245
7149,0.11767614
7150,0.066708796
7151,0.1613093
7152,0.14959715
7153,0.014339417
7154,0.059342228
7155,0.018287463
7156,0.018924123
7157,0.036581963
7158,0.026615625
7159,0.019077163
7160,0.025540626
7161,0.01576214
7162,0.016212221
7163,0.014339417
7164,0.0140485605
7165,0.07356845
7166,0.021957329
7167,0.02941502
7168,0.01576214
7169,0.0150266
7170,0.037755277
7171,0.018680926
7172,0.013606771
7173,0.091232456
7174,0.026326763
7175,0.06551507
7176,0.017135538
7177,0.013361351
7178,0.014339417
7179,0.024847733
7180,0.014672172
7181,0.026214575
7182,0.12838627
7183,0.015921675
7184,0.066708796
7185,0.014689115
7186,0.13293926
7187,0.057604905
7188,0.060987595
7189,0.040704764
7190,0.20542118
7191,0.044549145
7192,0.015177462
7193,0.014553537
7194,0.087088674
7195,0.017420202
7196,0.08366665
7197,0.013771827
7198,0.121370025
7199,0.031178499
7200,0.014729473
7201,0.023580888
7202,0.023125706
7203,0.0268471
7204,0.023467857
7205,0.027957484
7206,0.025662862
7207,0.022040293
7208,0.014553537
7209,0.014798956
7210,0.039693106
7211,0.014689115
7212,0.014689115
7213,0.0140485605
7214,0.04231817
7215,0.051457208
7216,0.027808363
7217,0.013771827
7218,0.1929859
7219,0.01655555
7220,0.07705312
7221,0.013361351
7222,0.025262421
7223,0.031730443
7224,0.08311964
7225,0.026819538
7226,0.033696435
7227,0.028166277
7228,0.014672172
7229,0.01544736
7230,0.01557036
7231,0.023431921
7232,0.077592194
7233,0.12979539
7234,0.083631754
7235,0.016698102
7236,0.019365069
7237,0.029298984
7238,0.09443411
7239,0.022630768
7240,0.033733238
7241,0.05366894
7242,0.014500821
7243,0.027219975
7244,0.03529429
7245,0.02822299
7246,0.076976165
7247,0.15136969
7248,0.034017358
7249,0.014066081
7250,0.02822677
7251,0.02180164
7252,0.0853347
7253,0.059238378
7254,0.08498554
7255,0.2384033
7256,0.27820167
7257,0.020954747
7258,0.14101121
7259,0.28465647
7260,0.05831606
7261,0.43043068
7262,0.10511609
7263,0.13271888
7264,0.03677425
7265,0.02371623
7266,0.14715888
7267,0.04546419
7268,0.016469607
7269,0.014500821
7270,0.1504908
7271,0.03286764
7272,0.90861547
7273,0.17577693
7274,0.050236452
7275,0.03226512
7276,0.17088535
7277,0.052701082
7278,0.024798214
7279,0.016829055
7280,0.053319667
7281,0.02929347
7282,0.0154772205
7283,0.026450764
7284,0.0299838
7285,0.13758509
7286,0.15205304
7287,0.44115886
7288,0.46747854
7289,0.049322322
7290,0.054864865
7291,0.21334751
7292,0.14916727
7293,0.020930227
7294,0.05418946
7295,0.044969887
7296,0.04410034
7297,0.06760894
7298,0.4838947
7299,0.14734428
7300,0.42363524
7301,0.5465429
7302,0.057942856
7303,0.032400593
7304,0.44647706
7305,0.051185753
7306,0.2951562
7307,0.07442958
7308,0.048522837
7309,0.03443316
7310,0.037187185
7311,0.16794439
7312,0.11731687
7313,0.07564394
7314,0.029037569
7315,0.04318257
7316,0.4217951
7317,0.0348161
7318,0.026143478
7319,0.094435506
7320,0.032463234
7321,0.07862508
7322,0.10292921
7323,0.073963195
7324,0.11150463
7325,0.032400593
7326,0.061306242
7327,0.23935543
7328,0.1759834
7329,0.09490966
7330,0.030882938
7331,0.013132699
7332,0.017130656
7333,0.54298776
7334,0.14855407
7335,0.06995738
7336,0.4236634
7337,0.54949766
7338,0.088321105
7339,0.05395049
7340,0.018877104
7341,0.01588128
7342,0.033837564
7343,0.014500821
7344,0.15032324
7345,0.05772913
7346,0.016469607
7347,0.056235764
7348,0.24954505
7349,0.4465995
7350,0.014500821
7351,0.0152372215
7352,0.0146836955
7353,0.0592834
7354,0.014520514
7355,0.025249995
7356,0.06777486
7357,0.030229377
7358,0.2727332
7359,0.032397076
7360,0.05892618
7361,0.013378119
7362,0.048576597
7363,0.03529429
7364,0.023256602
7365,0.19972456
7366,0.52974766
7367,0.024941865
7368,0.056995884
7369,0.01535151
7370,0.019709393
7371,0.0497066
7372,0.046553183
7373,0.014259147
7374,0.023662083
7375,0.015684344
7376,0.12350458
7377,0.19092624
7378,0.15223949
7379,0.08494891
7380,0.060375582
7381,0.024368152
7382,0.037358783
7383,0.037519887
7384,0.0461023
7385,0.058347795
7386,0.053030886
7387,0.14313322
7388,0.017826471
7389,0.03885133
7390,0.033058077
7391,0.027112437
7392,0.041497543
7393,0.03251158
7394,0.044016983
7395,0.021638796
7396,0.026777029
7397,0.110227585
7398,0.13869576
7399,0.2567766
7400,0.03892362
7401,0.041703
7402,0.07252584
7403,0.123433694
7404,0.06888274
7405,0.026608307
7406,0.062441897
7407,0.014564804
7408,0.030717444
7409,0.068275586
7410,0.11154531
7411,0.029680135
7412,0.031163817
7413,0.031636704
7414,0.05733084
7415,0.065705985
7416,0.12809992
7417,0.15177427
7418,0.17440663
7419,0.07340989
7420,0.037613973
7421,0.016912887
7422,0.08695967
7423,0.06442794
7424,0.014729473
7425,0.076402284
7426,0.041009974
7427,0.616703
7428,0.117821775
7429,0.022762058
7430,0.13772407
7431,0.04939123
7432,0.047058858
7433,0.016142748
7434,0.017070137
7435,0.014294732
7436,0.10727661
7437,0.020914715
7438,0.0150266
7439,0.03864333
7440,0.032369584
7441,0.097549
7442,0.04554307
7443,0.09539912
7444,0.061998807
7445,0.1165167
7446,0.27971253
7447,0.37183633
7448,0.06164653
7449,0.02784429
7450,0.07054091
7451,0.021877794
7452,0.04926424
7453,0.013771827
7454,0.098622024
7455,0.0591574
7456,0.110681914
7457,0.073967814
7458,0.12918621
7459,0.038230542
7460,0.044365317
7461,0.03187444
7462,0.016101643
7463,0.019422252
7464,0.12992306
7465,0.014672172
7466,0.02754297
7467,0.10258402
7468,0.029144892
7469,0.019460933
7470,0.02894547
7471,0.060800865
7472,0.056075387
7473,0.09068324
7474,0.142092
7475,0.12077446
7476,0.22224845
7477,0.10329801
7478,0.12816235
7479,0.01712797
7480,0.14362943
7481,0.055088323
7482,0.06158592
7483,0.09510558
7484,0.06724257
7485,0.05719281
7486,0.058112707
7487,0.049674697
7488,0.09081154
7489,0.026317932
7490,0.064560026
7491,0.013771827
7492,0.022549443
7493,0.025796143
7494,0.032625727
7495,0.06552262
7496,0.01752944
7497,0.045375146
7498,0.05566932
7499,0.05771944
7500,0.1219245
7501,0.45760408
7502,0.11937861
7503,0.15359475
7504,0.09369484
7505,0.10820284
7506,0.077056445
7507,0.10463412
7508,0.052541908
7509,0.018794345
7510,0.2594884
7511,0.072798714
7512,0.14546983
7513,0.05430936
7514,0.09154462
7515,0.018863687
7516,0.017209554
7517,0.035919204
7518,0.040608916
7519,0.15033819
7520,0.06549371
7521,0.060266517
7522,0.13412736
7523,0.6525805
7524,0.077637404
7525,0.018771995
7526,0.29308236
7527,0.0638706
7528,0.26686954
7529,0.25978467
7530,0.08915043
7531,0.08429434
7532,0.03304383
7533,0.07375973
7534,0.1879531
7535,0.03741204
7536,0.17887421
7537,0.10888585
7538,0.09688782
7539,0.017299905
7540,0.0180555
7541,0.05072677
7542,0.087519765
7543,0.016780078
7544,0.13150385
7545,0.14148612
7546,0.11695475
7547,0.112867594
7548,0.040281236
7549,0.14427634
7550,0.18332948
7551,0.25996354
7552,0.072999604
7553,0.014453706
7554,0.10743679
7555,0.04388489
7556,0.044394094
7557,0.43947613
7558,0.0365971
7559,0.087605864
7560,0.40744442
7561,0.2230512
7562,0.019513981
7563,0.016273951
7564,0.014453706
7565,0.01600538
7566,0.045205377
7567,0.054362163
7568,0.14652418
7569,0.16677488
7570,0.13438989
7571,0.09361454
7572,0.25255752
7573,0.24522837
7574,0.1839529
7575,0.26269266
7576,0.3628417
7577,0.09307486
7578,0.10085683
7579,0.09448938
7580,0.04595301
7581,0.31149912
7582,0.9316509
7583,0.066967905
7584,0.040672384
7585,0.41329265
7586,0.015765281
7587,0.053396605
7588,0.255523
7589,0.016816255
7590,0.017362798
7591,0.059574306
7592,0.09116993
7593,0.032759786
7594,0.06605516
7595,0.2620421
7596,0.039966572
7597,0.092516154
7598,0.2576794
7599,0.14706986
7600,0.19034304
7601,0.36594343
7602,0.17837904
7603,0.02291346
7604,0.24989589
7605,0.30054486
7606,0.26576024
7607,0.7479548
7608,0.43581378
7609,0.44291067
7610,0.013524533
7611,0.03097105
7612,0.16957837
7613,0.047048632
7614,0.016757643
7615,0.015222406
7616,0.013524533
7617,0.07525914
7618,0.013896634
7619,0.027604096
7620,0.052281886
7621,0.10882309
7622,0.10927173
7623,0.1247967
7624,0.09235155
7625,0.2306299
7626,0.1451702
7627,0.029736577
7628,0.12751363
7629,0.25833023
7630,0.03150677
7631,0.080112666
7632,0.89164513
7633,0.9541538
7634,0.47223505
7635,0.013524533
7636,0.021681191
7637,0.081089236
7638,0.31029665
7639,0.08926747
7640,0.06304197
7641,0.06668581
7642,0.090343624
7643,0.054408744
7644,0.0140485605
7645,0.4121661
7646,0.015928436
7647,0.02492072
7648,0.113589615
7649,0.11820269
7650,0.05535077
7651,0.060457688
7652,0.21755446
7653,0.12239106
7654,0.013771827
7655,0.023575818
7656,0.14560208
7657,0.14348835
7658,0.13880555
7659,0.94614744
7660,0.907914
7661,0.6975033
7662,0.014396296
7663,0.015765281
7664,0.042504754
7665,0.024509953
7666,0.16979234
7667,0.13699813
7668,0.26371548
7669,0.038524088
7670,0.11113668
7671,0.034516625
7672,0.084867045
7673,0.12667422
7674,0.14708813
7675,0.12526044
7676,0.51427245
7677,0.27834988
7678,0.16624011
7679,0.12969308
7680,0.097397976
7681,0.061449204
7682,0.12880373
7683,0.041153874
7684,0.056625318
7685,0.029489396
7686,0.16050652
7687,0.14030695
7688,0.09828411
7689,0.08535462
7690,0.055942103
7691,0.89083695
7692,0.9983531
7693,0.9357406
7694,0.05590177
7695,0.03716971
7696,0.30618608
7697,0.015879571
7698,0.14911056
7699,0.042886324
7700,0.017820274
7701,0.026182787
7702,0.043143492
7703,0.112726666
7704,0.050731502
7705,0.40100217
7706,0.580689
7707,0.09061016
7708,0.122184955
7709,0.09707429
7710,0.25000024
7711,0.087310515
7712,0.2900963
7713,0.107293226
7714,0.028660113
7715,0.10049791
7716,0.111707926
7717,0.09679256
7718,0.030711345
7719,0.026075888
7720,0.46227232
7721,0.41453287
7722,0.2643279
7723,0.11147288
7724,0.029329909
7725,0.1039526
7726,0.059629098
7727,0.26120925
7728,0.026545316
7729,0.04539425
7730,0.048104778
7731,0.028559387
7732,0.028892513
7733,0.04370919
7734,0.0408967
7735,0.23166849
7736,0.8192723
7737,0.43481097
7738,0.26549613
7739,0.17506139
7740,0.20161939
7741,0.25952238
7742,0.43352005
7743,0.10612326
7744,0.023530774
7745,0.07597425
7746,0.055315383
7747,0.13919237
7748,0.21003048
7749,0.09075697
7750,0.45178252
7751,0.26009926
7752,0.17001957
7753,1.0
7754,0.10657836
7755,0.017289948
7756,0.11260742
7757,0.13071364
7758,0.020229582
7759,0.058208447
7760,0.21181247
7761,0.09301936
7762,0.054208845
7763,0.043611474
7764,0.062143542
7765,0.22008216
7766,0.43188417
7767,0.2650821
7768,0.5566003
7769,0.45068255
7770,0.14888982
7771,0.15754446
7772,0.36982527
7773,0.029736577
7774,0.15461756
7775,0.068151355
7776,0.04138788
7777,0.41746563
7778,0.34463367
7779,0.08121377
7780,0.49227905
7781,0.39312685
7782,0.08297979
7783,0.09052552
7784,0.07873135
7785,0.06380396
7786,0.014604565
7787,0.017893385
7788,0.02567158
7789,0.06709685
7790,0.10445802
7791,0.11406946
7792,0.13430434
7793,0.41943955
7794,0.9209587
7795,0.45465893
7796,0.40885204
7797,0.622467
7798,0.11670684
7799,0.020202955
7800,0.07465688
7801,0.10588404
7802,0.11330272
7803,0.2549641
7804,0.07108043
7805,0.022290107
7806,0.089034595
7807,0.16364293
7808,0.01599606
7809,0.044384442
7810,0.0924771
7811,0.01600538
7812,0.07054991
7813,0.025940606
7814,0.015210059
7815,0.047542103
7816,0.08443111
7817,0.05468223
7818,0.111656465
7819,0.2409206
7820,0.26435167
7821,0.28010565
7822,0.7184124
7823,0.699962
7824,0.28146628
7825,0.13348673
7826,0.013524533
7827,0.04302263
7828,0.021436775
7829,0.05317992
7830,0.10934904
7831,0.016257357
7832,0.014339417
7833,0.025926625
7834,0.6880356
7835,0.07017221
7836,0.017070137
7837,0.049615044
7838,0.06117247
7839,0.0950459
7840,0.02891326
7841,0.043033365
7842,0.01599606
7843,0.043317273
7844,0.019337738
7845,0.033408705
7846,0.10292847
7847,0.12242752
7848,0.48777395
7849,0.36541015
7850,0.15361904
7851,0.73586893
7852,0.42010298
7853,0.45653903
7854,0.12322793
7855,0.040055163
7856,0.02873584
7857,0.03583286
7858,0.04239765
7859,0.04068398
7860,0.038855314
7861,0.058346987
7862,0.44828704
7863,0.12142727
7864,0.3701195
7865,0.021663854
7866,0.0715361
7867,0.10840556
7868,0.12160438
7869,0.18029898
7870,0.040438246
7871,0.03611008
7872,0.071187764
7873,0.25490278
7874,0.6204831
7875,0.34434897
7876,0.43755665
7877,0.1327548
7878,0.41121957
7879,0.18961237
7880,0.057021853
7881,0.029016571
7882,0.015928436
7883,0.01544736
7884,0.014453706
7885,0.026296372
7886,0.028106889
7887,0.1657403
7888,0.11461026
7889,0.12313983
7890,0.20553945
7891,0.02172819
7892,0.056770604
7893,0.37548444
7894,0.03867311
7895,0.013361351
7896,0.014453706
7897,0.016237525
7898,0.12605774
7899,0.21321116
7900,0.031466804
7901,0.29974595
7902,0.26215354
7903,0.0666049
7904,0.077520445
7905,0.024351137
7906,0.07440707
7907,0.058275666
7908,0.02686026
7909,0.12015597
7910,0.096887134
7911,0.04545673
7912,0.017413504
7913,0.30162996
7914,0.014339417
7915,0.11107514
7916,0.014294732
7917,0.039196357
7918,0.05503504
7919,0.15384072
7920,0.04393457
7921,0.044591013
7922,0.015222406
7923,0.046976507
7924,0.18272643
7925,0.38705632
7926,0.40911072
7927,0.062268477
7928,0.014729473
7929,0.016420139
7930,0.02375094
7931,0.046009067
7932,0.050386228
7933,0.13255316
7934,0.014729473
7935,0.048487943
7936,0.015560808
7937,0.025479915
7938,0.01681094
7939,0.014604565
7940,0.016933884
7941,0.09419268
7942,0.120899916
7943,0.39563155
7944,0.021007525
7945,0.017220994
7946,0.028836906
7947,0.08887858
7948,0.11078277
7949,0.41719732
7950,0.078774765
7951,0.0152995875
7952,0.14725636
7953,0.028729055
7954,0.09674927
7955,0.23295648
7956,0.076583646
7957,0.03483905
7958,0.014672172
7959,0.20540752
7960,0.016876265
7961,0.03169143
7962,0.1275775
7963,0.063954756
7964,0.040255155
7965,0.01897876
7966,0.03296894
7967,0.08611511
7968,0.27223408
7969,0.042520646
7970,0.025382293
7971,0.03658653
7972,0.055448897
7973,0.05549366
7974,0.23923934
7975,0.056114398
7976,0.1940096
7977,0.11765306
7978,0.04567244
7979,0.045480926
7980,0.038117465
7981,0.033473603
7982,0.137992
7983,0.01669826
7984,0.11691332
7985,0.017278193
7986,0.105319954
7987,0.06872066
7988,0.013606771
7989,0.014294732
7990,0.2659849
7991,0.55421335
7992,0.15014231
7993,0.057171423
7994,0.015864372
7995,0.0784837
7996,0.03915188
7997,0.029197538
7998,0.10320082
7999,0.1611016
8000,0.118545726
8001,0.90617615
8002,0.016933884
8003,0.07075705
8004,0.016816255
8005,0.083587766
8006,0.0874665
8007,0.0176993
8008,0.035179034
8009,0.14531003
8010,0.45358184
8011,0.099503435
8012,0.115137324
8013,0.023102926
8014,0.054873776
8015,0.019802142
8016,0.027479487
8017,0.11561763
8018,0.05003845
8019,0.025289996
8020,0.064426415
8021,0.038088683
8022,0.026290245
8023,0.085667364
8024,0.016753
8025,0.10958722
8026,0.039047517
8027,0.051343925
8028,0.01557036
8029,0.025864154
8030,0.11512141
8031,0.11484666
8032,0.021327699
8033,0.041251376
8034,0.087519124
8035,0.5417693
8036,0.06837636
8037,0.08279071
8038,0.03699216
8039,0.05354009
8040,0.0627435
8041,0.05138231
8042,0.43793738
8043,0.033130534
8044,0.017211774
8045,0.046049688
8046,0.11902717
8047,0.019593721
8048,0.10344938
8049,0.035547756
8050,0.04709533
8051,0.058262475
8052,0.39470246
8053,0.08925546
8054,0.043229528
8055,0.015038569
8056,0.03965275
8057,0.0645808
8058,0.013606771
8059,0.038017616
8060,0.24956715
8061,0.108718544
8062,0.059902944
8063,0.124065705
8064,0.11369863
8065,0.062877215
8066,0.05840388
8067,0.045345336
8068,0.1137428
8069,0.26384008
8070,0.12011645
8071,0.013606771
8072,0.013361351
8073,0.05644095
8074,0.017264223
8075,0.02913154
8076,0.0152995875
8077,0.0147167165
8078,0.01619511
8079,0.014553537
8080,0.016816255
8081,0.014339417
8082,0.027390594
8083,0.01492356
8084,0.017834602
8085,0.054040782
8086,0.059759818
8087,0.16088867
8088,0.13787706
8089,0.18608765
8090,0.014339417
8091,0.014798956
8092,0.04225876
8093,0.017331615
8094,0.027109047
8095,0.023030156
8096,0.018281795
8097,0.023595108
8098,0.015560808
8099,0.014294732
8100,0.013896634
8101,0.048941437
8102,0.027019756
8103,0.015921675
8104,0.077138625
8105,0.027390594
8106,0.030570583
8107,0.013606771
8108,0.09656008
8109,0.030075578
8110,0.06286787
8111,0.015641456
8112,0.013361351
8113,0.014339417
8114,0.024086611
8115,0.014672172
8116,0.072094224
8117,0.06617997
8118,0.14026459
8119,0.05461754
8120,0.084373906
8121,0.04204425
8122,0.014453706
8123,0.18525137
8124,0.032913584
8125,0.014689115
8126,0.089014314
8127,0.017197227
8128,0.07237911
8129,0.013606771
8130,0.11757455
8131,0.01557036
8132,0.023530852
8133,0.029319732
8134,0.033179305
8135,0.015769461
8136,0.025038172
8137,0.014339417
8138,0.04006127
8139,0.014553537
8140,0.014453706
8141,0.032346096
8142,0.0614655
8143,0.040262938
8144,0.16209623
8145,0.01948278
8146,0.013361351
8147,0.026802875
8148,0.027159186
8149,0.06235623
8150,0.03307455
8151,0.015667189
8152,0.029110776
8153,0.028360212
8154,0.014672172
8155,0.10390036
8156,0.15043935
8157,0.016199466
8158,0.01557036
8159,0.067278765
8160,0.01576214
8161,0.020785542
8162,0.029248096
8163,0.084493674
8164,0.029281704
8165,0.034992725
8166,0.073459916
8167,0.0376682
8168,0.095766865
8169,0.07875731
8170,0.03553401
8171,0.060093727
8172,0.036659498
8173,0.2623932
8174,0.26139665
8175,0.30658013
8176,0.044705372
8177,0.2629873
8178,0.19669883
8179,0.2496645
8180,0.036112186
8181,0.024169149
8182,0.023993712
8183,0.10748397
8184,0.015776727
8185,0.027903855
8186,0.01928126
8187,0.27033937
8188,0.02633014
8189,0.7333692
8190,0.26291853
8191,0.058615122
8192,0.032405823
8193,0.24165773
8194,0.05386991
8195,0.02163899
8196,0.06910932
8197,0.033650957
8198,0.017490488
8199,0.0152372215
8200,0.027560916
8201,0.15426248
8202,0.14326516
8203,0.484473
8204,0.43253595
8205,0.036502317
8206,0.057304747
8207,0.2396931
8208,0.2671507
8209,0.021568453
8210,0.04954929
8211,0.03516423
8212,0.04446392
8213,0.060991067
8214,0.029353658
8215,0.47338274
8216,0.07628224
8217,0.176676
8218,0.46806324
8219,0.08244508
8220,0.022670902
8221,0.44531706
8222,0.051740143
8223,0.40938178
8224,0.040582325
8225,0.03793555
8226,0.058869384
8227,0.033550452
8228,0.035258114
8229,0.15420936
8230,0.09501779
8231,0.07322311
8232,0.04492901
8233,0.02483612
8234,0.054331243
8235,0.39829788
8236,0.031295124
8237,0.07365583
8238,0.0343201
8239,0.049903642
8240,0.025290424
8241,0.07442142
8242,0.039664224
8243,0.14757696
8244,0.02180164
8245,0.050357837
8246,0.15074377
8247,0.38885808
8248,0.043554977
8249,0.03481448
8250,0.013132699
8251,0.015699783
8252,0.5986227
8253,0.10916136
8254,0.039417226
8255,0.42524117
8256,0.3271014
8257,0.015727572
8258,0.013295881
8259,0.092238374
8260,0.028340232
8261,0.018877104
8262,0.023350088
8263,0.032480307
8264,0.03306581
8265,0.12500742
8266,0.05116644
8267,0.06456407
8268,0.16920574
8269,0.43763605
8270,0.016302036
8271,0.015526858
8272,0.014110765
8273,0.03426893
8274,0.04100462
8275,0.025734909
8276,0.252777
8277,0.024577525
8278,0.08946404
8279,0.01444352
8280,0.02629625
8281,0.056680463
8282,0.023599839
8283,0.1580338
8284,0.6053886
8285,0.024941865
8286,0.072387695
8287,0.018635035
8288,0.016937824
8289,0.06563309
8290,0.04786971
8291,0.0142250545
8292,0.031122167
8293,0.032480307
8294,0.112063825
8295,0.15574412
8296,0.098105915
8297,0.07845043
8298,0.11510092
8299,0.025346212
8300,0.041313343
8301,0.044382185
8302,0.054428108
8303,0.090878345
8304,0.06132685
8305,0.14337981
8306,0.022457158
8307,0.029373704
8308,0.035630994
8309,0.03899835
8310,0.021966688
8311,0.04150106
8312,0.046097387
8313,0.021266364
8314,0.106423914
8315,0.16278991
8316,0.18556833
8317,0.034384962
8318,0.07049196
8319,0.03188444
8320,0.13253008
8321,0.115503445
8322,0.0152372215
8323,0.057476472
8324,0.014564804
8325,0.01585064
8326,0.053652253
8327,0.14288022
8328,0.03056838
8329,0.02962449
8330,0.037401687
8331,0.05911839
8332,0.066763476
8333,0.1888089
8334,0.20445785
8335,0.17715739
8336,0.0614331
8337,0.040327433
8338,0.026934538
8339,0.053178992
8340,0.046676364
8341,0.0150266
8342,0.09128526
8343,0.043100856
8344,0.59940267
8345,0.14174712
8346,0.01988941
8347,0.11792218
8348,0.049609598
8349,0.033972714
8350,0.018284155
8351,0.014339417
8352,0.0155370375
8353,0.08314627
8354,0.014772486
8355,0.032387264
8356,0.04903973
8357,0.09741421
8358,0.046820525
8359,0.068033986
8360,0.064441696
8361,0.11905632
8362,0.29146668
8363,0.37231869
8364,0.061394565
8365,0.036597818
8366,0.07681057
8367,0.026289908
8368,0.048726942
8369,0.024974683
8370,0.0140485605
8371,0.076293856
8372,0.0710635
8373,0.12730308
8374,0.07778267
8375,0.16619934
8376,0.042098835
8377,0.04428516
8378,0.026060116
8379,0.019422252
8380,0.19041218
8381,0.014672172
8382,0.027661966
8383,0.08218983
8384,0.014672172
8385,0.028350053
8386,0.07352305
8387,0.057245214
8388,0.09219721
8389,0.187255
8390,0.11460852
8391,0.25323722
8392,0.1290785
8393,0.11754105
8394,0.017333176
8395,0.11243776
8396,0.026219605
8397,0.06364615
8398,0.020917635
8399,0.03448413
8400,0.08990051
8401,0.03170255
8402,0.022376647
8403,0.11686889
8404,0.04421316
8405,0.059035875
8406,0.09321798
8407,0.058282666
8408,0.061592985
8409,0.014374504
8410,0.029706556
8411,0.063271664
8412,0.04594657
8413,0.07253649
8414,0.057818152
8415,0.143019
8416,0.44185546
8417,0.12013624
8418,0.13289635
8419,0.062257484
8420,0.122613475
8421,0.08005306
8422,0.0985135
8423,0.06728699
8424,0.019593721
8425,0.2594884
8426,0.07603204
8427,0.1321261
8428,0.06331215
8429,0.11415047
8430,0.018863687
8431,0.04250978
8432,0.023643993
8433,0.02215632
8434,0.04348112
8435,0.15212868
8436,0.06433662
8437,0.0508153
8438,0.125146
8439,0.6384101
8440,0.09120679
8441,0.025778223
8442,0.15712622
8443,0.0797719
8444,0.2598369
8445,0.26156706
8446,0.07977806
8447,0.018089993
8448,0.058900762
8449,0.03314677
8450,0.067991056
8451,0.15096718
8452,0.056960147
8453,0.19477272
8454,0.08862686
8455,0.09050237
8456,0.018080851
8457,0.026021747
8458,0.051539958
8459,0.08443052
8460,0.017019527
8461,0.13323432
8462,0.14750524
8463,0.11697553
8464,0.07226074
8465,0.03619489
8466,0.11998391
8467,0.1734665
8468,0.2753926
8469,0.06529834
8470,0.014453706
8471,0.050125603
8472,0.054137763
8473,0.4511938
8474,0.041526843
8475,0.08540148
8476,0.41365334
8477,0.24400012
8478,0.01576214
8479,0.016811125
8480,0.015832877
8481,0.055890962
8482,0.06336967
8483,0.15401043
8484,0.23958553
8485,0.014453706
8486,0.09755569
8487,0.09868079
8488,0.25217387
8489,0.18510948
8490,0.15401472
8491,0.26036766
8492,0.35279983
8493,0.11008609
8494,0.056338597
8495,0.07669518
8496,0.06096928
8497,0.2766262
8498,0.9310716
8499,0.06658057
8500,0.041171215
8501,0.41329265
8502,0.020321665
8503,0.05783827
8504,0.33400074
8505,0.017445033
8506,0.049374435
8507,0.087604426
8508,0.01828115
8509,0.051413503
8510,0.45542482
8511,0.038215328
8512,0.09325997
8513,0.2523329
8514,0.16799046
8515,0.25554872
8516,0.37604526
8517,0.271148
8518,0.023047347
8519,0.2717308
8520,0.17120427
8521,0.17196016
8522,0.7490077
8523,0.42049026
8524,0.45451033
8525,0.013524533
8526,0.025840253
8527,0.13992009
8528,0.017486341
8529,0.027247371
8530,0.031874582
8531,0.01744485
8532,0.014729473
8533,0.014729473
8534,0.014787201
8535,0.057523616
8536,0.0140485605
8537,0.027604096
8538,0.05339525
8539,0.110268265
8540,0.11145802
8541,0.117252626
8542,0.09129418
8543,0.23203915
8544,0.17721774
8545,0.028751863
8546,0.09653751
8547,0.1931764
8548,0.019509913
8549,0.10866957
8550,0.9370165
8551,0.90101635
8552,0.52321196
8553,0.013524533
8554,0.024964992
8555,0.016314767
8556,0.08112307
8557,0.4363115
8558,0.05958606
8559,0.017675798
8560,0.067296274
8561,0.014221769
8562,0.060801253
8563,0.094558656
8564,0.05447744
8565,0.014294732
8566,0.40778053
8567,0.015832877
8568,0.02541011
8569,0.12284971
8570,0.122991644
8571,0.08581072
8572,0.053971052
8573,0.21284293
8574,0.16877882
8575,0.023865301
8576,0.15323047
8577,0.13983214
8578,0.1852996
8579,0.9114037
8580,0.90417945
8581,0.60114753
8582,0.015059185
8583,0.04123203
8584,0.030560514
8585,0.15997718
8586,0.09922945
8587,0.25939912
8588,0.041071218
8589,0.09477543
8590,0.025745183
8591,0.07851737
8592,0.116881534
8593,0.12768228
8594,0.12204589
8595,0.49667493
8596,0.44651562
8597,0.19033918
8598,0.18576795
8599,0.09837853
8600,0.06114272
8601,0.14994727
8602,0.042333387
8603,0.054456584
8604,0.15446259
8605,0.15251425
8606,0.08075384
8607,0.14259437
8608,0.053329773
8609,0.8785952
8610,0.99458766
8611,0.9325468
8612,0.04661308
8613,0.03678366
8614,0.29000032
8615,0.25413042
8616,0.024882419
8617,0.01854204
8618,0.040387157
8619,0.11292587
8620,0.049261466
8621,0.38757986
8622,0.58045447
8623,0.092926085
8624,0.13708614
8625,0.096752815
8626,0.16173545
8627,0.08179328
8628,0.3074098
8629,0.23948301
8630,0.02884117
8631,0.12327623
8632,0.10744228
8633,0.156974
8634,0.03320163
8635,0.045657024
8636,0.4647969
8637,0.30199736
8638,0.25622725
8639,0.060377825
8640,0.032629244
8641,0.102819264
8642,0.10784944
8643,0.21124572
8644,0.02899175
8645,0.04896931
8646,0.048104778
8647,0.03250754
8648,0.027373007
8649,0.042842098
8650,0.04188591
8651,0.23643531
8652,0.8184694
8653,0.43571112
8654,0.2731146
8655,0.15304787
8656,0.19114523
8657,0.18363364
8658,0.45420682
8659,0.069961905
8660,0.037502922
8661,0.04144215
8662,0.12074821
8663,0.19610833
8664,0.07989041
8665,0.33054727
8666,0.26382774
8667,0.2289421
8668,1.0
8669,0.11151314
8670,0.016314767
8671,0.16166455
8672,0.24788718
8673,0.020229582
8674,0.067844234
8675,0.25708768
8676,0.06894236
8677,0.044231035
8678,0.037819337
8679,0.058395527
8680,0.21691713
8681,0.4180417
8682,0.43128714
8683,0.546438
8684,0.447371
8685,0.1729372
8686,0.17493604
8687,0.25645867
8688,0.01544736
8689,0.025524868
8690,0.14500996
8691,0.063425235
8692,0.0453332
8693,0.30047086
8694,0.33733937
8695,0.07556988
8696,0.51748556
8697,0.384482
8698,0.013524533
8699,0.068408
8700,0.09085026
8701,0.05849355
8702,0.072881676
8703,0.016098037
8704,0.031127412
8705,0.085657895
8706,0.09977032
8707,0.11446648
8708,0.12532309
8709,0.41809413
8710,0.83850485
8711,0.45347977
8712,0.41875145
8713,0.61574495
8714,0.11210334
8715,0.057127863
8716,0.08202793
8717,0.08685656
8718,0.14693964
8719,0.25768596
8720,0.07100791
8721,0.023840738
8722,0.08183856
8723,0.18443197
8724,0.019509913
8725,0.013361351
8726,0.06754672
8727,0.0959005
8728,0.016212221
8729,0.029667431
8730,0.024582261
8731,0.015385588
8732,0.05190549
8733,0.07936458
8734,0.06997339
8735,0.120731466
8736,0.22845806
8737,0.25324747
8738,0.27734333
8739,0.782139
8740,0.69470507
8741,0.40803203
8742,0.12641011
8743,0.013524533
8744,0.04386621
8745,0.020278398
8746,0.047181427
8747,0.1425425
8748,0.01669826
8749,0.014339417
8750,0.025480524
8751,0.5177635
8752,0.08322984
8753,0.01713909
8754,0.051290687
8755,0.041300494
8756,0.12340111
8757,0.029752139
8758,0.09441014
8759,0.028353555
8760,0.040081408
8761,0.022639027
8762,0.017611109
8763,0.030888408
8764,0.10222592
8765,0.12666586
8766,0.48893395
8767,0.37670916
8768,0.16085027
8769,0.7355538
8770,0.41884726
8771,0.46999106
8772,0.16374964
8773,0.04076354
8774,0.0276792
8775,0.038044244
8776,0.059589576
8777,0.039126575
8778,0.017070137
8779,0.031799138
8780,0.078275524
8781,0.4479067
8782,0.11833397
8783,0.3587356
8784,0.020499598
8785,0.06891703
8786,0.09924599
8787,0.16558823
8788,0.16949014
8789,0.040459123
8790,0.053773496
8791,0.049798697
8792,0.13744469
8793,0.57856774
8794,0.334342
8795,0.44036576
8796,0.2482123
8797,0.26253965
8798,0.19016092
8799,0.0483437
8800,0.03240339
8801,0.019593721
8802,0.01544736
8803,0.026430262
8804,0.024611987
8805,0.13620095
8806,0.11646688
8807,0.18833284
8808,0.2636316
8809,0.019425957
8810,0.06110692
8811,0.3907427
8812,0.03580508
8813,0.013361351
8814,0.014672172
8815,0.015032623
8816,0.13135456
8817,0.21793836
8818,0.03549277
8819,0.15264103
8820,0.26144946
8821,0.08615181
8822,0.08511058
8823,0.025031473
8824,0.09255703
8825,0.05916467
8826,0.027393771
8827,0.12048613
8828,0.13993046
8829,0.029449439
8830,0.01631447
8831,0.3200632
8832,0.014339417
8833,0.015894255
8834,0.07846644
8835,0.014339417
8836,0.036851473
8837,0.058230434
8838,0.14642984
8839,0.03926357
8840,0.0447249
8841,0.014787201
8842,0.0467958
8843,0.19049883
8844,0.39616016
8845,0.41405502
8846,0.057389926
8847,0.014729473
8848,0.019180173
8849,0.016590532
8850,0.022807088
8851,0.06562075
8852,0.01576214
8853,0.057748016
8854,0.16909035
8855,0.014729473
8856,0.15286456
8857,0.015765281
8858,0.02806996
8859,0.018348793
8860,0.014396296
8861,0.017070137
8862,0.09082971
8863,0.122459345
8864,0.403452
8865,0.014852295
8866,0.015224398
8867,0.03028891
8868,0.09335389
8869,0.10791603
8870,0.40464985
8871,0.048476074
8872,0.01544736
8873,0.20988607
8874,0.054165624
8875,0.0152995875
8876,0.08559071
8877,0.12550558
8878,0.09438347
8879,0.014689115
8880,0.01839302
8881,0.014672172
8882,0.20053342
8883,0.02284188
8884,0.029179974
8885,0.12981108
8886,0.081324905
8887,0.04168481
8888,0.017276796
8889,0.03029974
8890,0.09813051
8891,0.40538457
8892,0.03644285
8893,0.013361351
8894,0.019347267
8895,0.029553184
8896,0.04000759
8897,0.060420074
8898,0.25407207
8899,0.052719917
8900,0.26537177
8901,0.16227347
8902,0.024238983
8903,0.061112046
8904,0.035234135
8905,0.028314305
8906,0.17225821
8907,0.01669826
8908,0.13727258
8909,0.018138932
8910,0.107855126
8911,0.056493025
8912,0.014553537
8913,0.014689115
8914,0.26776722
8915,0.5743897
8916,0.16551183
8917,0.057070892
8918,0.06697068
8919,0.0340035
8920,0.026708456
8921,0.088602774
8922,0.101689704
8923,0.10069313
8924,0.92007583
8925,0.0152995875
8926,0.0732755
8927,0.0156377
8928,0.13160138
8929,0.11060858
8930,0.016591672
8931,0.036863863
8932,0.13992944
8933,0.5505852
8934,0.083707035
8935,0.24041855
8936,0.021588651
8937,0.01605725
8938,0.027163072
8939,0.014563379
8940,0.028620379
8941,0.11619046
8942,0.055355016
8943,0.028340641
8944,0.0643618
8945,0.072023675
8946,0.041557606
8947,0.027309135
8948,0.019632315
8949,0.047075775
8950,0.01546277
8951,0.116341874
8952,0.0391856
8953,0.036562018
8954,0.0152995875
8955,0.027612863
8956,0.07376111
8957,0.13303159
8958,0.020891046
8959,0.051931582
8960,0.05336441
8961,0.5207898
8962,0.061825953
8963,0.095925316
8964,0.030211387
8965,0.034480534
8966,0.078721486
8967,0.06933928
8968,0.036188513
8969,0.4607444
8970,0.04181067
8971,0.013361351
8972,0.014689115
8973,0.017348027
8974,0.047431685
8975,0.13329782
8976,0.019593721
8977,0.10516952
8978,0.056491498
8979,0.05083981
8980,0.013524533
8981,0.048288044
8982,0.40445063
8983,0.033531435
8984,0.04472871
8985,0.013471024
8986,0.018833848
8987,0.01544736
8988,0.074715964
8989,0.014866259
8990,0.05698905
8991,0.013361351
8992,0.2574781
8993,0.09268856
8994,0.01576214
8995,0.021230858
8996,0.029546984
8997,0.014339417
8998,0.07002039
8999,0.123029284
9000,0.103396796
9001,0.10809416
9002,0.049679276
9003,0.024253065
9004,0.06691972
9005,0.01557036
9006,0.0712889
9007,0.25191337
9008,0.110328384
9009,0.013771827
9010,0.013361351
9011,0.04162941
9012,0.015240748
9013,0.024861744
9014,0.0152995875
9015,0.015799548
9016,0.016358292
9017,0.014689115
9018,0.01557036
9019,0.014339417
9020,0.01669826
9021,0.021495016
9022,0.028355671
9023,0.046009135
9024,0.14211927
9025,0.013361351
9026,0.16938098
9027,0.25846443
9028,0.027762452
9029,0.015177462
9030,0.027354743
9031,0.022961395
9032,0.022542717
9033,0.037689127
9034,0.018281795
9035,0.06011747
9036,0.014339417
9037,0.0140485605
9038,0.04662698
9039,0.02769092
9040,0.01576214
9041,0.038587037
9042,0.022636116
9043,0.026060116
9044,0.013606771
9045,0.13190034
9046,0.0273433
9047,0.05536104
9048,0.013361351
9049,0.014339417
9050,0.02997713
9051,0.014672172
9052,0.09493492
9053,0.014294732
9054,0.02611265
9055,0.116464354
9056,0.057938762
9057,0.070956066
9058,0.03928875
9059,0.18495165
9060,0.03527753
9061,0.014689115
9062,0.077177174
9063,0.01702979
9064,0.061874468
9065,0.013771827
9066,0.106178194
9067,0.028353555
9068,0.021588651
9069,0.034334242
9070,0.030414607
9071,0.0351531
9072,0.01576214
9073,0.015313867
9074,0.019913075
9075,0.013945037
9076,0.0147167165
9077,0.041283738
9078,0.014396296
9079,0.015177462
9080,0.0333148
9081,0.08177569
9082,0.027390521
9083,0.013361351
9084,0.1941793
9085,0.026736965
9086,0.01948278
9087,0.026361031
9088,0.01351221
9089,0.01958271
9090,0.03295754
9091,0.053818386
9092,0.030948868
9093,0.027004901
9094,0.027514787
9095,0.015921675
9096,0.024455445
9097,0.09619133
9098,0.14352486
9099,0.014689115
9100,0.07232373
9101,0.025346212
9102,0.03304097
9103,0.043087658
9104,0.027052753
9105,0.050629176
9106,0.038051076
9107,0.013667982
9108,0.07333267
9109,0.050591588
9110,0.013132699
9111,0.06929344
9112,0.034844365
9113,0.063178934
9114,0.060652163
9115,0.30486542
9116,0.2395656
9117,0.015776727
9118,0.2632832
9119,0.060130607
9120,0.17190795
9121,0.095715135
9122,0.17053217
9123,0.045558013
9124,0.024470164
9125,0.039642166
9126,0.015776727
9127,0.024795327
9128,0.01494636
9129,0.014520514
9130,0.15971226
9131,0.02639026
9132,0.73252785
9133,0.14381197
9134,0.035035487
9135,0.03234835
9136,0.16151392
9137,0.037806544
9138,0.024798214
9139,0.034682754
9140,0.017170032
9141,0.026508313
9142,0.031594835
9143,0.15331185
9144,0.08921419
9145,0.41278577
9146,0.43269423
9147,0.036670513
9148,0.12020951
9149,0.27327275
9150,0.17257677
9151,0.045532677
9152,0.05869086
9153,0.05749003
9154,0.060180854
9155,0.02807822
9156,0.46891475
9157,0.11354638
9158,0.25032014
9159,0.4266769
9160,0.14765534
9161,0.024363235
9162,0.5273093
9163,0.013819909
9164,0.065504484
9165,0.3312228
9166,0.03365105
9167,0.06508607
9168,0.072879024
9169,0.032347698
9170,0.013295881
9171,0.02974221
9172,0.068064354
9173,0.08986379
9174,0.04462634
9175,0.028928256
9176,0.25353906
9177,0.47646508
9178,0.05793027
9179,0.02226374
9180,0.041153442
9181,0.034240972
9182,0.049959276
9183,0.02782235
9184,0.045960322
9185,0.039664224
9186,0.10388822
9187,0.10190824
9188,0.088667855
9189,0.03934441
9190,0.35797653
9191,0.08781993
9192,0.029548407
9193,0.022547612
9194,0.016587602
9195,0.015218709
9196,0.01535151
9197,0.015699783
9198,0.016841484
9199,0.4689434
9200,0.0774584
9201,0.06127456
9202,0.40560082
9203,0.3437687
9204,0.081821755
9205,0.048020236
9206,0.015350802
9207,0.0231741
9208,0.014707017
9209,0.040833756
9210,0.013132699
9211,0.051436584
9212,0.054159943
9213,0.100028954
9214,0.39476067
9215,0.464722
9216,0.016979799
9217,0.029956484
9218,0.04769727
9219,0.014543834
9220,0.013819909
9221,0.02675638
9222,0.022593092
9223,0.034974985
9224,0.1835532
9225,0.029260743
9226,0.055689238
9227,0.015970813
9228,0.049823456
9229,0.13324468
9230,0.5273713
9231,0.025105048
9232,0.080044426
9233,0.023037858
9234,0.02607231
9235,0.042868935
9236,0.05715953
9237,0.016910437
9238,0.025982417
9239,0.09645616
9240,0.15839325
9241,0.09383833
9242,0.13081345
9243,0.08469743
9244,0.024368152
9245,0.034931142
9246,0.04107286
9247,0.05355593
9248,0.08486144
9249,0.04973548
9250,0.1348202
9251,0.016265843
9252,0.03681507
9253,0.028584946
9254,0.037971117
9255,0.020448005
9256,0.0373853
9257,0.045869682
9258,0.06624756
9259,0.021816842
9260,0.01873012
9261,0.116431735
9262,0.14198455
9263,0.17218558
9264,0.06231543
9265,0.051758274
9266,0.032316715
9267,0.113145776
9268,0.08915081
9269,0.014564804
9270,0.014504569
9271,0.052817155
9272,0.16972812
9273,0.036664285
9274,0.02871926
9275,0.03791711
9276,0.083740905
9277,0.085575745
9278,0.19341506
9279,0.11338397
9280,0.1844713
9281,0.064645156
9282,0.040620625
9283,0.019540934
9284,0.05290136
9285,0.0475127
9286,0.09725835
9287,0.056613907
9288,0.46849284
9289,0.13220875
9290,0.018895764
9291,0.01544736
9292,0.10721569
9293,0.048372086
9294,0.03889795
9295,0.025882982
9296,0.014487799
9297,0.07811204
9298,0.015479629
9299,0.020113168
9300,0.035735816
9301,0.10035419
9302,0.056908533
9303,0.06902414
9304,0.05948037
9305,0.14724554
9306,0.1572259
9307,0.4003375
9308,0.055916257
9309,0.027918367
9310,0.09930172
9311,0.018562082
9312,0.048868213
9313,0.033175796
9314,0.07002084
9315,0.058629226
9316,0.11012351
9317,0.032293368
9318,0.13892677
9319,0.05653003
9320,0.044325802
9321,0.029028542
9322,0.015175012
9323,0.019783173
9324,0.1673561
9325,0.030092899
9326,0.061328422
9327,0.014453706
9328,0.029794643
9329,0.061610628
9330,0.063062906
9331,0.09181087
9332,0.15932861
9333,0.11635169
9334,0.17423883
9335,0.109763056
9336,0.12090932
9337,0.014729473
9338,0.12885118
9339,0.024861744
9340,0.0649754
9341,0.037182845
9342,0.08581956
9343,0.03022967
9344,0.01899253
9345,0.101773955
9346,0.029095488
9347,0.07164516
9348,0.10655281
9349,0.026299158
9350,0.082504556
9351,0.023467997
9352,0.026966324
9353,0.017592771
9354,0.063056685
9355,0.02603157
9356,0.0438428
9357,0.07600781
9358,0.06668102
9359,0.14404511
9360,0.4583033
9361,0.11211896
9362,0.16706394
9363,0.068719395
9364,0.12601465
9365,0.088950925
9366,0.0931115
9367,0.0612539
9368,0.014487799
9369,0.016182227
9370,0.25677958
9371,0.086538084
9372,0.090829365
9373,0.055555373
9374,0.08963565
9375,0.018863687
9376,0.019847572
9377,0.022962546
9378,0.04404819
9379,0.1798628
9380,0.06292736
9381,0.056955203
9382,0.12811966
9383,0.6593796
9384,0.07499152
9385,0.028647697
9386,0.16192064
9387,0.05809501
9388,0.26467735
9389,0.30110613
9390,0.08314329
9391,0.021231072
9392,0.042674776
9393,0.080525495
9394,0.16992158
9395,0.041129403
9396,0.25891984
9397,0.08655744
9398,0.08982057
9399,0.018345362
9400,0.038145997
9401,0.051931642
9402,0.08420145
9403,0.019398972
9404,0.12868762
9405,0.12501176
9406,0.11675468
9407,0.10256105
9408,0.040281236
9409,0.15550302
9410,0.23500386
9411,0.25941882
9412,0.070063315
9413,0.014453706
9414,0.050666984
9415,0.021933114
9416,0.01446794
9417,0.06743048
9418,0.4411403
9419,0.041406292
9420,0.10158177
9421,0.40744442
9422,0.1945176
9423,0.01576214
9424,0.019633638
9425,0.014453706
9426,0.01600538
9427,0.043243527
9428,0.066532925
9429,0.15263183
9430,0.23929618
9431,0.09728759
9432,0.09711889
9433,0.23822679
9434,0.25361753
9435,0.14251836
9436,0.25897586
9437,0.3535282
9438,0.13507903
9439,0.025624113
9440,0.046440084
9441,0.07869487
9442,0.044211958
9443,0.26865968
9444,0.9329581
9445,0.06655404
9446,0.042758193
9447,0.41451812
9448,0.043002635
9449,0.052810602
9450,0.26726785
9451,0.019929497
9452,0.049266104
9453,0.089882016
9454,0.01742888
9455,0.050048288
9456,0.013361351
9457,0.2643195
9458,0.039464522
9459,0.10189501
9460,0.2560464
9461,0.16682577
9462,0.26044744
9463,0.37499878
9464,0.27463564
9465,0.026265625
9466,0.16773696
9467,0.15286833
9468,0.18940678
9469,0.7403402
9470,0.43290886
9471,0.30715725
9472,0.024155667
9473,0.14317463
9474,0.017486341
9475,0.031715196
9476,0.025005167
9477,0.024510683
9478,0.014902682
9479,0.015385588
9480,0.06614672
9481,0.015222406
9482,0.014787201
9483,0.027604096
9484,0.070783846
9485,0.11261502
9486,0.11036866
9487,0.12407366
9488,0.09408389
9489,0.17483772
9490,0.19496422
9491,0.035456933
9492,0.14650111
9493,0.2530162
9494,0.01713909
9495,0.044815075
9496,0.93890303
9497,0.90154153
9498,0.466825
9499,0.013524533
9500,0.022087203
9501,0.01713909
9502,0.04849061
9503,0.42098632
9504,0.07042325
9505,0.022419835
9506,0.0623313
9507,0.017736338
9508,0.055555798
9509,0.099204466
9510,0.054174125
9511,0.0140485605
9512,0.41716862
9513,0.015928436
9514,0.025049938
9515,0.115351066
9516,0.13030848
9517,0.08485362
9518,0.060629427
9519,0.2076355
9520,0.16954385
9521,0.3084695
9522,0.13151175
9523,0.105592266
9524,0.94614744
9525,0.7635284
9526,0.5782105
9527,0.01544736
9528,0.06667497
9529,0.028083934
9530,0.017413504
9531,0.23953076
9532,0.13143373
9533,0.25739524
9534,0.039376345
9535,0.097560376
9536,0.023735106
9537,0.09644556
9538,0.12083472
9539,0.13701825
9540,0.11907806
9541,0.5024311
9542,0.2636118
9543,0.16579841
9544,0.17435904
9545,0.09854576
9546,0.07665241
9547,0.11824794
9548,0.05066885
9549,0.051153384
9550,0.037415244
9551,0.16017614
9552,0.22709562
9553,0.103854224
9554,0.081390776
9555,0.028513553
9556,0.87912035
9557,0.99695075
9558,0.93443334
9559,0.06833367
9560,0.05284679
9561,0.14551939
9562,0.020481637
9563,0.25793457
9564,0.024779728
9565,0.015222406
9566,0.01973824
9567,0.02768447
9568,0.03958573
9569,0.11142215
9570,0.050739184
9571,0.3670871
9572,0.6335788
9573,0.11995234
9574,0.13200097
9575,0.09907438
9576,0.16108307
9577,0.09644913
9578,0.31174135
9579,0.117437705
9580,0.028609294
9581,0.12950757
9582,0.11135989
9583,0.1320952
9584,0.059929613
9585,0.022017151
9586,0.46222186
9587,0.41076607
9588,0.25184143
9589,0.06217921
9590,0.047897894
9591,0.11534293
9592,0.084323965
9593,0.25936866
9594,0.028776707
9595,0.065984964
9596,0.048726052
9597,0.038029507
9598,0.043016218
9599,0.057313055
9600,0.04298216
9601,0.31715548
9602,0.79785943
9603,0.42942524
9604,0.26503333
9605,0.13243887
9606,0.18990618
9607,0.25282118
9608,0.45536682
9609,0.064442284
9610,0.023749243
9611,0.044282913
9612,0.05290667
9613,0.1533056
9614,0.18840064
9615,0.07646059
9616,0.33708677
9617,0.19484152
9618,0.22333017
9619,1.0
9620,0.13656938
9621,0.19815226
9622,0.22573265
9623,0.019543892
9624,0.04926341
9625,0.4232268
9626,0.084181294
9627,0.049026147
9628,0.037819337
9629,0.056316495
9630,0.21287043
9631,0.43051404
9632,0.27799395
9633,0.5427205
9634,0.45068255
9635,0.18433355
9636,0.20027946
9637,0.37245843
9638,0.01544736
9639,0.02520674
9640,0.20430349
9641,0.07443662
9642,0.04030137
9643,0.4222807
9644,0.25938398
9645,0.07862731
9646,0.5703021
9647,0.3983108
9648,0.013524533
9649,0.072267614
9650,0.095828876
9651,0.07303252
9652,0.05540525
9653,0.014453706
9654,0.016115053
9655,0.03407927
9656,0.06521118
9657,0.11791565
9658,0.10006452
9659,0.13415721
9660,0.43520492
9661,0.94907004
9662,0.45347977
9663,0.41838193
9664,0.6348154
9665,0.12080124
9666,0.017607486
9667,0.069564745
9668,0.06331181
9669,0.15314814
9670,0.25679216
9671,0.07816589
9672,0.022809139
9673,0.07812951
9674,0.192615
9675,0.019353902
9676,0.013361351
9677,0.044797692
9678,0.09052942
9679,0.032625727
9680,0.015832877
9681,0.030928683
9682,0.021274429
9683,0.015832877
9684,0.042254776
9685,0.078721285
9686,0.07116441
9687,0.118208975
9688,0.24338862
9689,0.26285556
9690,0.29977292
9691,0.79959565
9692,0.65131074
9693,0.42077047
9694,0.16419289
9695,0.04126082
9696,0.01946523
9697,0.057976604
9698,0.101763844
9699,0.019398972
9700,0.025926625
9701,0.6871524
9702,0.03791151
9703,0.017070137
9704,0.049036417
9705,0.041905887
9706,0.10370024
9707,0.07428004
9708,0.017208451
9709,0.064018354
9710,0.017362798
9711,0.020067256
9712,0.03861688
9713,0.102451414
9714,0.12363538
9715,0.48600855
9716,0.3653897
9717,0.16183579
9718,0.773518
9719,0.41985884
9720,0.47671014
9721,0.23792815
9722,0.036372658
9723,0.03319941
9724,0.054732695
9725,0.04051492
9726,0.016933884
9727,0.034762394
9728,0.05466832
9729,0.43206817
9730,0.12053724
9731,0.36182556
9732,0.021663854
9733,0.08664535
9734,0.09370189
9735,0.15834083
9736,0.17616567
9737,0.041322865
9738,0.02669618
9739,0.060865883
9740,0.13757071
9741,0.62157065
9742,0.32891053
9743,0.4385371
9744,0.26119587
9745,0.4124744
9746,0.17891338
9747,0.05270299
9748,0.030710738
9749,0.016381541
9750,0.01544736
9751,0.014880331
9752,0.031185562
9753,0.023703502
9754,0.123177215
9755,0.114055045
9756,0.16270953
9757,0.26871005
9758,0.02172819
9759,0.084387645
9760,0.014453706
9761,0.24519709
9762,0.037625503
9763,0.014453706
9764,0.0140485605
9765,0.13231713
9766,0.13823293
9767,0.027235847
9768,0.013361351
9769,0.1511861
9770,0.26498428
9771,0.09689849
9772,0.079230554
9773,0.13090706
9774,0.06515714
9775,0.029693328
9776,0.12047776
9777,0.12039439
9778,0.027553426
9779,0.0140485605
9780,0.18765873
9781,0.014339417
9782,0.0140485605
9783,0.01669826
9784,0.08983061
9785,0.048512284
9786,0.040004477
9787,0.17812489
9788,0.037876904
9789,0.048379004
9790,0.013606771
9791,0.056836605
9792,0.26275858
9793,0.4016736
9794,0.4119032
9795,0.061926328
9796,0.014729473
9797,0.027441684
9798,0.03373476
9799,0.023340466
9800,0.060715728
9801,0.01576214
9802,0.057748016
9803,0.19332448
9804,0.015187776
9805,0.11527673
9806,0.01576214
9807,0.029856255
9808,0.019014545
9809,0.014880331
9810,0.017070137
9811,0.09436676
9812,0.11478865
9813,0.40337557
9814,0.015199812
9815,0.017592771
9816,0.028490337
9817,0.09285492
9818,0.13771637
9819,0.25941563
9820,0.083494365
9821,0.01544736
9822,0.19984466
9823,0.03905136
9824,0.10118404
9825,0.140936
9826,0.09675986
9827,0.019913075
9828,0.01839302
9829,0.014689115
9830,0.20675762
9831,0.017014744
9832,0.03090095
9833,0.14249557
9834,0.066334166
9835,0.044083454
9836,0.035489254
9837,0.041456044
9838,0.09609815
9839,0.397336
9840,0.049051378
9841,0.01353456
9842,0.03688004
9843,0.03769481
9844,0.0597808
9845,0.24679011
9846,0.06881666
9847,0.26306185
9848,0.11371948
9849,0.02408656
9850,0.04537407
9851,0.041525304
9852,0.03747224
9853,0.25905332
9854,0.06655404
9855,0.12013351
9856,0.020188484
9857,0.1064407
9858,0.05211358
9859,0.013606771
9860,0.014490276
9861,0.46881795
9862,0.606293
9863,0.15255316
9864,0.07375048
9865,0.015928436
9866,0.09396471
9867,0.041110177
9868,0.029197538
9869,0.13165732
9870,0.08613134
9871,0.09579787
9872,0.9712093
9873,0.016933884
9874,0.06318297
9875,0.08693225
9876,0.08736133
9877,0.018019756
9878,0.038005635
9879,0.15127371
9880,0.35176104
9881,0.0852028
9882,0.24007055
9883,0.02403951
9884,0.03324646
9885,0.015240748
9886,0.040239125
9887,0.11897156
9888,0.037076764
9889,0.02829617
9890,0.07280814
9891,0.041557606
9892,0.019521382
9893,0.075960085
9894,0.017869998
9895,0.12738672
9896,0.040407587
9897,0.039191872
9898,0.015928436
9899,0.024408435
9900,0.08969813
9901,0.16662687
9902,0.072053395
9903,0.4805967
9904,0.07689034
9905,0.11238894
9906,0.031045265
9907,0.060208023
9908,0.10668229
9909,0.031178528
9910,0.5266274
9911,0.05903695
9912,0.013524533
9913,0.013361351
9914,0.05959563
9915,0.17504126
9916,0.024510683
9917,0.014672172
9918,0.10886389
9919,0.070660576
9920,0.027298067
9921,0.04923189
9922,0.40966862
9923,0.030204894
9924,0.016316436
9925,0.019593721
9926,0.0218639
9927,0.06079635
9928,0.046575144
9929,0.014553537
9930,0.25911522
9931,0.10756387
9932,0.0152995875
9933,0.015834631
9934,0.014339417
9935,0.07434992
9936,0.18087764
9937,0.1114203
9938,0.09879171
9939,0.054813825
9940,0.027795227
9941,0.042857416
9942,0.05938448
9943,0.2555414
9944,0.12205747
9945,0.014783417
9946,0.054421216
9947,0.0152995875
9948,0.0152995875
9949,0.017835964
9950,0.01619511
9951,0.014689115
9952,0.014339417
9953,0.0152995875
9954,0.027597655
9955,0.023569666
9956,0.054213926
9957,0.04559002
9958,0.14313911
9959,0.01544736
9960,0.014453706
9961,0.21952593
9962,0.19067684
9963,0.014339417
9964,0.014729473
9965,0.020561142
9966,0.03975752
9967,0.020481637
9968,0.014672172
9969,0.023598785
9970,0.03309743
9971,0.02644988
9972,0.10194416
9973,0.01576214
9974,0.014294732
9975,0.015641456
9976,0.02381526
9977,0.02941502
9978,0.03798231
9979,0.0152995875
9980,0.014689115
9981,0.1273861
9982,0.036475897
9983,0.07945816
9984,0.024086611
9985,0.014672172
9986,0.06825571
9987,0.029485883
9988,0.014689115
9989,0.160489
9990,0.08146822
9991,0.10465579
9992,0.056257516
9993,0.01544736
9994,0.18212874
9995,0.031339906
9996,0.015641456
9997,0.013361351
9998,0.1085019
9999,0.066706486
10000,0.01419942
10001,0.105726674
10002,0.01557036
10003,0.023981087
10004,0.0268471
10005,0.023063244
10006,0.06458185
10007,0.015341468
10008,0.014672172
10009,0.019802142
10010,0.06550335
10011,0.014396296
10012,0.016199466
10013,0.033033304
10014,0.08397525
10015,0.031437412
10016,0.15155493
10017,0.020044139
10018,0.019744579
10019,0.014553537
10020,0.020882312
10021,0.02198942
10022,0.08313491
10023,0.018488066
10024,0.024861744
10025,0.034361556
10026,0.015710063
10027,0.014626914
10028,0.025842795
10029,0.10375761
10030,0.18624501
10031,0.09332464
10032,0.020272702
10033,0.03305455
10034,0.029067105
10035,0.08968225
10036,0.046681374
10037,0.024549425
10038,0.043921478
10039,0.03529429
10040,0.033382323
10041,0.12567161
10042,0.033891674
10043,0.029119816
10044,0.024742832
10045,0.10766587
10046,0.05915234
10047,0.08902081
10048,0.3985939
10049,0.2789117
10050,0.020954747
10051,0.022137122
10052,0.050609
10053,0.015584157
10054,0.30755764
10055,0.045032214
10056,0.24951191
10057,0.07460028
10058,0.24448647
10059,0.04455182
10060,0.024292026
10061,0.04480603
10062,0.0289074
10063,0.014564804
10064,0.16116077
10065,0.02628834
10066,0.6040423
10067,0.2781878
10068,0.035465583
10069,0.03226512
10070,0.11293228
10071,0.046416182
10072,0.013132699
10073,0.039146997
10074,0.07628709
10075,0.014504569
10076,0.029568357
10077,0.091593094
10078,0.23881607
10079,0.5299479
10080,0.50812817
10081,0.15477706
10082,0.1185268
10083,0.30688938
10084,0.013819909
10085,0.026221111
10086,0.038398303
10087,0.048764776
10088,0.0142250545
10089,0.14536753
10090,0.46925163
10091,0.120557114
10092,0.24783261
10093,0.5084977
10094,0.11085745
10095,0.017678898
10096,0.44090828
10097,0.0485492
10098,0.41257083
10099,0.03302681
10100,0.06845239
10101,0.039816655
10102,0.047239255
10103,0.029587615
10104,0.11808829
10105,0.07052024
10106,0.043584745
10107,0.027134389
10108,0.07949221
10109,0.28172314
10110,0.06030375
10111,0.03295532
10112,0.045202184
10113,0.032007147
10114,0.050267246
10115,0.032658003
10116,0.039917067
10117,0.038903996
10118,0.12110755
10119,0.0232454
10120,0.04514724
10121,0.13204935
10122,0.086299874
10123,0.2584475
10124,0.021395616
10125,0.04299585
10126,0.02941009
10127,0.022249365
10128,0.016587602
10129,0.016587602
10130,0.016705232
10131,0.49393067
10132,0.092871904
10133,0.036601078
10134,0.4244615
10135,0.32462963
10136,0.061555345
10137,0.034818817
10138,0.016663693
10139,0.018410025
10140,0.023810858
10141,0.013295881
10142,0.037985317
10143,0.013132699
10144,0.014375913
10145,0.05133156
10146,0.09673084
10147,0.09883487
10148,0.23839594
10149,0.45604032
10150,0.016841484
10151,0.014543834
10152,0.039831482
10153,0.020252984
10154,0.020009492
10155,0.025575062
10156,0.027002454
10157,0.046589926
10158,0.2571377
10159,0.0258689
10160,0.05346004
10161,0.027111135
10162,0.044313263
10163,0.121442035
10164,0.4499962
10165,0.028533611
10166,0.03646143
10167,0.026657112
10168,0.024054056
10169,0.04138798
10170,0.061845858
10171,0.0142250545
10172,0.026560016
10173,0.017219529
10174,0.13651451
10175,0.1790194
10176,0.10730215
10177,0.09307593
10178,0.095356435
10179,0.026173074
10180,0.037861533
10181,0.036376104
10182,0.044915307
10183,0.07472027
10184,0.060101334
10185,0.13571844
10186,0.016845616
10187,0.038146242
10188,0.035178073
10189,0.052150495
10190,0.030839738
10191,0.06634439
10192,0.043329317
10193,0.0135431755
10194,0.06655211
10195,0.021214657
10196,0.1080886
10197,0.25320417
10198,0.21053383
10199,0.034262624
10200,0.036891785
10201,0.033143423
10202,0.10136926
10203,0.054248665
10204,0.016705232
10205,0.035509177
10206,0.18053268
10207,0.03218708
10208,0.027372107
10209,0.031316243
10210,0.06765371
10211,0.066412516
10212,0.19215629
10213,0.20629595
10214,0.18151963
10215,0.06283624
10216,0.04517421
10217,0.03319321
10218,0.065508574
10219,0.08040741
10220,0.095526874
10221,0.056565665
10222,0.60333645
10223,0.12594622
10224,0.027370919
10225,0.115090005
10226,0.048633773
10227,0.054313146
10228,0.014604565
10229,0.080486305
10230,0.024282709
10231,0.014772486
10232,0.022623768
10233,0.026142996
10234,0.11746648
10235,0.04615943
10236,0.0725182
10237,0.06845454
10238,0.11686166
10239,0.2953887
10240,0.38445908
10241,0.091887735
10242,0.027036091
10243,0.11989916
10244,0.039450265
10245,0.06188661
10246,0.013606771
10247,0.0140485605
10248,0.07046345
10249,0.045537405
10250,0.14756247
10251,0.09733489
10252,0.14396541
10253,0.051061556
10254,0.05821192
10255,0.033660606
10256,0.016807932
10257,0.018392628
10258,0.12466309
10259,0.014453706
10260,0.03048553
10261,0.05601644
10262,0.014772486
10263,0.014607854
10264,0.05002922
10265,0.058370683
10266,0.09487684
10267,0.15642737
10268,0.11800915
10269,0.18257074
10270,0.11341787
10271,0.15610066
10272,0.014729473
10273,0.10221492
10274,0.032625727
10275,0.068560064
10276,0.014453706
10277,0.031824347
10278,0.076415785
10279,0.038348615
10280,0.021284556
10281,0.06735651
10282,0.049993947
10283,0.018705692
10284,0.048691824
10285,0.09048524
10286,0.02485634
10287,0.050870933
10288,0.013771827
10289,0.01645711
10290,0.026341015
10291,0.060586013
10292,0.021976925
10293,0.045415707
10294,0.08615446
10295,0.059569262
10296,0.15163125
10297,0.4572264
10298,0.11549667
10299,0.13078979
10300,0.08456081
10301,0.13416159
10302,0.106810436
10303,0.119367704
10304,0.06679851
10305,0.019593721
10306,0.40359825
10307,0.062790245
10308,0.08450251
10309,0.05692485
10310,0.08878742
10311,0.0183966
10312,0.032629244
10313,0.014294732
10314,0.02159425
10315,0.05591406
10316,0.27168092
10317,0.06278046
10318,0.049649514
10319,0.121905945
10320,0.5937241
10321,0.09118481
10322,0.017253283
10323,0.1267691
10324,0.07697359
10325,0.2603742
10326,0.28166473
10327,0.10284833
10328,0.018335411
10329,0.043944724
10330,0.10783767
10331,0.24486344
10332,0.04081536
10333,0.15366054
10334,0.08490991
10335,0.08666461
10336,0.015303684
10337,0.018869087
10338,0.04161553
10339,0.052641228
10340,0.087114684
10341,0.016780078
10342,0.13028231
10343,0.17156243
10344,0.12764226
10345,0.11774264
10346,0.047383673
10347,0.13743375
10348,0.2316255
10349,0.30290908
10350,0.08422468
10351,0.014453706
10352,0.06213057
10353,0.019452589
10354,0.014396296
10355,0.05749396
10356,0.4320308
10357,0.033028036
10358,0.08225731
10359,0.415923
10360,0.21767524
10361,0.017676575
10362,0.015197684
10363,0.06100985
10364,0.07738504
10365,0.17245467
10366,0.24803801
10367,0.09583672
10368,0.096619055
10369,0.26121536
10370,0.16439842
10371,0.16931574
10372,0.26117164
10373,0.36056012
10374,0.13965134
10375,0.0140485605
10376,0.018466787
10377,0.057209358
10378,0.09959648
10379,0.05828552
10380,0.19946995
10381,0.93643004
10382,0.06685859
10383,0.040840857
10384,0.40150157
10385,0.04347989
10386,0.04534065
10387,0.25894493
10388,0.019398972
10389,0.03158796
10390,0.061361168
10391,0.08952848
10392,0.017098721
10393,0.048269805
10394,0.46244
10395,0.040281348
10396,0.106332995
10397,0.2611967
10398,0.14492486
10399,0.26548314
10400,0.36096323
10401,0.30386764
10402,0.023382256
10403,0.33490855
10404,0.1426077
10405,0.24177423
10406,0.74488175
10407,0.31228912
10408,0.4329565
10409,0.02306317
10410,0.14785825
10411,0.017348027
10412,0.04787843
10413,0.019627722
10414,0.016266832
10415,0.014626914
10416,0.06020592
10417,0.0140485605
10418,0.014787201
10419,0.027604533
10420,0.058175318
10421,0.11215498
10422,0.1078793
10423,0.12112634
10424,0.09847196
10425,0.24102886
10426,0.15953639
10427,0.033935674
10428,0.10046806
10429,0.2541377
10430,0.023972822
10431,0.04376595
10432,0.9436822
10433,0.95660025
10434,0.47059172
10435,0.013524533
10436,0.021435013
10437,0.01610365
10438,0.040212255
10439,0.42056635
10440,0.057570618
10441,0.062446814
10442,0.014621799
10443,0.08024702
10444,0.096909985
10445,0.05557535
10446,0.015222406
10447,0.42554197
10448,0.015832877
10449,0.025769921
10450,0.118202314
10451,0.11800586
10452,0.09259742
10453,0.047551125
10454,0.2023894
10455,0.124051735
10456,0.013606771
10457,0.023299085
10458,0.30274954
10459,0.10422421
10460,0.10930959
10461,0.91738963
10462,0.8150146
10463,0.59046006
10464,0.01491293
10465,0.041215245
10466,0.023340466
10467,0.17783071
10468,0.10136929
10469,0.25700283
10470,0.04047635
10471,0.07899677
10472,0.037624888
10473,0.08476993
10474,0.123546116
10475,0.15008144
10476,0.13362578
10477,0.5109846
10478,0.4595012
10479,0.21765006
10480,0.17677517
10481,0.11566942
10482,0.11225995
10483,0.11825356
10484,0.04275448
10485,0.057152905
10486,0.13620625
10487,0.21333283
10488,0.15648977
10489,0.122767776
10490,0.037043504
10491,0.9399549
10492,0.9932548
10493,0.94051975
10494,0.10233931
10495,0.037719123
10496,0.15508744
10497,0.25413042
10498,0.030815095
10499,0.021976925
10500,0.038310595
10501,0.04893144
10502,0.109736934
10503,0.051926598
10504,0.37789237
10505,0.8066527
10506,0.115763076
10507,0.15320994
10508,0.10570968
10509,0.1906469
10510,0.08208609
10511,0.2910128
10512,0.1164498
10513,0.043128945
10514,0.09884338
10515,0.10985508
10516,0.09647999
10517,0.035461582
10518,0.020979501
10519,0.44431695
10520,0.3924541
10521,0.25436938
10522,0.056329314
10523,0.026404215
10524,0.103722
10525,0.064085424
10526,0.3435069
10527,0.039685585
10528,0.04569297
10529,0.049120005
10530,0.04302483
10531,0.04161235
10532,0.05884023
10533,0.3433295
10534,0.69858176
10535,0.43481097
10536,0.3285061
10537,0.12212143
10538,0.28926435
10539,0.18894319
10540,0.44929338
10541,0.07139139
10542,0.026646757
10543,0.052353106
10544,0.029509928
10545,0.14271447
10546,0.1955394
10547,0.11689198
10548,0.33926934
10549,0.3660782
10550,0.23902847
10551,1.0
10552,0.20011255
10553,0.18279879
10554,0.23728544
10555,0.04284462
10556,0.3324447
10557,0.07573791
10558,0.057395812
10559,0.042913407
10560,0.058481604
10561,0.24591099
10562,0.4447852
10563,0.44249192
10564,0.5684437
10565,0.45043546
10566,0.18358584
10567,0.19700502
10568,0.25805822
10569,0.015832877
10570,0.14956464
10571,0.08417159
10572,0.035889268
10573,0.42042765
10574,0.1958385
10575,0.06349718
10576,0.5583877
10577,0.3925925
10578,0.013982828
10579,0.08316119
10580,0.09658635
10581,0.07014502
10582,0.024878686
10583,0.027680116
10584,0.065016866
10585,0.09860093
10586,0.09794177
10587,0.19486849
10588,0.4404691
10589,0.94462997
10590,0.45567444
10591,0.40878016
10592,0.6157848
10593,0.12011565
10594,0.018447306
10595,0.06694754
10596,0.077700995
10597,0.11852535
10598,0.25406805
10599,0.06676534
10600,0.041001827
10601,0.07202631
10602,0.114714004
10603,0.03598547
10604,0.044492234
10605,0.09354324
10606,0.032625727
10607,0.016155792
10608,0.051722404
10609,0.027231107
10610,0.015222406
10611,0.04043506
10612,0.0810688
10613,0.07124989
10614,0.11351823
10615,0.34821653
10616,0.26474535
10617,0.29076692
10618,0.7407377
10619,0.6754319
10620,0.42232975
10621,0.1458457
10622,0.013524533
10623,0.021436775
10624,0.054435194
10625,0.09638973
10626,0.016491417
10627,0.014339417
10628,0.030479211
10629,0.5882811
10630,0.04187388
10631,0.016933884
10632,0.12230013
10633,0.03626505
10634,0.07030943
10635,0.036574215
10636,0.07701658
10637,0.01599606
10638,0.042931266
10639,0.017538017
10640,0.024966173
10641,0.04274234
10642,0.10156615
10643,0.13914381
10644,0.48646888
10645,0.3625408
10646,0.15016764
10647,0.8273318
10648,0.4201825
10649,0.47821456
10650,0.3961224
10651,0.06583916
10652,0.045108046
10653,0.04640221
10654,0.04086982
10655,0.038793415
10656,0.03547137
10657,0.08545827
10658,0.4441218
10659,0.08451353
10660,0.35208365
10661,0.02207044
10662,0.09223057
10663,0.09352744
10664,0.12170309
10665,0.13095446
10666,0.05393429
10667,0.030188432
10668,0.060086545
10669,0.12716782
10670,0.70603144
10671,0.3250195
10672,0.43209472
10673,0.3911594
10674,0.26147264
10675,0.18178473
10676,0.06812681
10677,0.029187774
10678,0.01948278
10679,0.052265674
10680,0.024554685
10681,0.112022616
10682,0.10917118
10683,0.11925046
10684,0.3905295
10685,0.02172819
10686,0.0614558
10687,0.014453706
10688,0.25385427
10689,0.041143164
10690,0.12849464
10691,0.15320335
10692,0.027523832
10693,0.15258028
10694,0.2604125
10695,0.10022451
10696,0.11509975
10697,0.023051789
10698,0.13660964
10699,0.06339163
10700,0.027216276
10701,0.12935859
10702,0.10270288
10703,0.03049267
10704,0.0140485605
10705,0.16179991
10706,0.014294732
10707,0.014506854
10708,0.017333176
10709,0.12744896
10710,0.014294732
10711,0.04760639
10712,0.055121347
10713,0.13703637
10714,0.038282942
10715,0.045014307
10716,0.015222406
10717,0.049620166
10718,0.17129278
10719,0.40207675
10720,0.4099977
10721,0.04835405
10722,0.014729473
10723,0.015560808
10724,0.035882533
10725,0.022162521
10726,0.052396588
10727,0.015560808
10728,0.070144385
10729,0.19171362
10730,0.014729473
10731,0.026601734
10732,0.015560808
10733,0.0252345
10734,0.0176993
10735,0.016933884
10736,0.09700226
10737,0.10859593
10738,0.41529796
10739,0.018151294
10740,0.015921675
10741,0.031991325
10742,0.1036465
10743,0.15106271
10744,0.4150224
10745,0.060582403
10746,0.015210059
10747,0.10560721
10748,0.026735524
10749,0.015622502
10750,0.07997043
10751,0.111427605
10752,0.08712859
10753,0.014964014
10754,0.014729473
10755,0.018916572
10756,0.014964014
10757,0.20502551
10758,0.017124416
10759,0.029441679
10760,0.12607221
10761,0.06530514
10762,0.047432378
10763,0.039450265
10764,0.042565517
10765,0.09823353
10766,0.3326612
10767,0.03654198
10768,0.013361351
10769,0.018765809
10770,0.06039061
10771,0.03801028
10772,0.056744285
10773,0.2528508
10774,0.058762822
10775,0.25845855
10776,0.11269039
10777,0.03312183
10778,0.04468386
10779,0.049796022
10780,0.025164314
10781,0.34198532
10782,0.1210754
10783,0.030402057
10784,0.10755301
10785,0.061904207
10786,0.014689115
10787,0.0147167165
10788,0.46988794
10789,0.60230696
10790,0.16840903
10791,0.07141783
10792,0.06832944
10793,0.05771794
10794,0.035128973
10795,0.092123866
10796,0.11385248
10797,0.09303794
10798,0.9158174
10799,0.016933884
10800,0.06451453
10801,0.07542882
10802,0.094233856
10803,0.01557036
10804,0.032931495
10805,0.16341273
10806,0.45177191
10807,0.073687226
10808,0.17175119
10809,0.022218522
10810,0.029531064
10811,0.028620379
10812,0.094912454
10813,0.042072274
10814,0.032376155
10815,0.05583794
10816,0.036930144
10817,0.09625957
10818,0.02007847
10819,0.10700812
10820,0.04725524
10821,0.03329709
10822,0.015928436
10823,0.028388178
10824,0.08035916
10825,0.09614637
10826,0.02144331
10827,0.021612147
10828,0.051156916
10829,0.52980095
10830,0.10692252
10831,0.07016985
10832,0.04959958
10833,0.044325955
10834,0.08414104
10835,0.08990576
10836,0.023606071
10837,0.027298355
10838,0.4578182
10839,0.042030007
10840,0.013361351
10841,0.046021856
10842,0.093779586
10843,0.13881154
10844,0.05640918
10845,0.03010087
10846,0.049198326
10847,0.39465895
10848,0.03135259
10849,0.032625727
10850,0.029485883
10851,0.05868291
10852,0.040095545
10853,0.013361351
10854,0.17465626
10855,0.0837375
10856,0.013361351
10857,0.015560808
10858,0.05383278
10859,0.13512816
10860,0.11213994
10861,0.057655774
10862,0.04936285
10863,0.02356586
10864,0.04556096
10865,0.05093868
10866,0.18434994
10867,0.1032961
10868,0.013606771
10869,0.0152995875
10870,0.014729473
10871,0.014852295
10872,0.016849117
10873,0.014672172
10874,0.01802057
10875,0.014158234
10876,0.014339417
10877,0.015921675
10878,0.016491417
10879,0.014553537
10880,0.02339367
10881,0.02770103
10882,0.0457406
10883,0.1526526
10884,0.014242648
10885,0.015210059
10886,0.13543557
10887,0.251788
10888,0.022550777
10889,0.016199466
10890,0.033621974
10891,0.016111674
10892,0.01970301
10893,0.033549912
10894,0.027994586
10895,0.0140485605
10896,0.017872863
10897,0.048649803
10898,0.01576214
10899,0.014294732
10900,0.013896634
10901,0.052144997
10902,0.025523454
10903,0.029108893
10904,0.054182753
10905,0.013634207
10906,0.13565674
10907,0.05263824
10908,0.06758912
10909,0.0140485605
10910,0.013361351
10911,0.024582135
10912,0.014729473
10913,0.06788009
10914,0.017893385
10915,0.013361351
10916,0.0140485605
10917,0.014689115
10918,0.014339417
10919,0.2297562
10920,0.059979208
10921,0.07785514
10922,0.045186143
10923,0.015210059
10924,0.013361351
10925,0.01564735
10926,0.14480919
10927,0.029026033
10928,0.017379228
10929,0.07267545
10930,0.01666219
10931,0.060144562
10932,0.013524533
10933,0.19726764
10934,0.022953937
10935,0.024414744
10936,0.02609277
10937,0.02458083
10938,0.013606771
10939,0.015575233
10940,0.014672172
10941,0.020917635
10942,0.019802142
10943,0.046157133
10944,0.017507415
10945,0.045266923
10946,0.06384442
10947,0.036186375
10948,0.24356277
10949,0.0451043
10950,0.022099063
10951,0.013675393
10952,0.01616157
10953,0.017440934
10954,0.06233694
10955,0.01782546
10956,0.02716794
10957,0.016933884
10958,0.02738708
10959,0.015210059
10960,0.01557036
10961,0.03312183
10962,0.11603245
10963,0.18669517
10964,0.06863961
10965,0.01971242
10966,0.04771361
10967,0.07618569
10968,0.046681374
10969,0.02700071
10970,0.036482666
10971,0.129093
10972,0.06238747
10973,0.036328826
10974,0.07617949
10975,0.043464907
10976,0.02822677
10977,0.024014436
10978,0.06835744
10979,0.06639036
10980,0.07032619
10981,0.2280172
10982,0.26180547
10983,0.020954747
10984,0.043959394
10985,0.015776727
10986,0.32945213
10987,0.04645781
10988,0.17703524
10989,0.14804623
10990,0.14078303
10991,0.04520331
10992,0.023540234
10993,0.024292026
10994,0.041032545
10995,0.12384593
10996,0.02628834
10997,0.6040423
10998,0.19480413
10999,0.03226512
11000,0.17146304
11001,0.06565654
11002,0.02452968
11003,0.021065911
11004,0.06208636
11005,0.07222377
11006,0.017170032
11007,0.015776727
11008,0.027560916
11009,0.14038895
11010,0.16770756
11011,0.46699816
11012,0.40844458
11013,0.04396093
11014,0.11964804
11015,0.023381418
11016,0.21165776
11017,0.18557137
11018,0.014500821
11019,0.04564141
11020,0.052983765
11021,0.052264486
11022,0.1292921
11023,0.46478364
11024,0.06659538
11025,0.20939969
11026,0.47158435
11027,0.14573552
11028,0.46551818
11029,0.08563741
11030,0.47377154
11031,0.036621455
11032,0.06136422
11033,0.0388079
11034,0.047631297
11035,0.03189402
11036,0.071824394
11037,0.076998755
11038,0.03702145
11039,0.042406622
11040,0.28172314
11041,0.06005413
11042,0.027104128
11043,0.071191385
11044,0.068934046
11045,0.025941018
11046,0.039618764
11047,0.013295881
11048,0.038903996
11049,0.093514696
11050,0.025614142
11051,0.10334172
11052,0.2436491
11053,0.1762218
11054,0.021395616
11055,0.083395645
11056,0.06238747
11057,0.03576816
11058,0.039388023
11059,0.016587602
11060,0.54796576
11061,0.09020864
11062,0.0701904
11063,0.4801085
11064,0.41899025
11065,0.06293543
11066,0.026508193
11067,0.018877104
11068,0.020583104
11069,0.013295881
11070,0.040416777
11071,0.013819909
11072,0.07537338
11073,0.10037402
11074,0.08433808
11075,0.18858898
11076,0.5226682
11077,0.013667982
11078,0.016721057
11079,0.038849697
11080,0.0142250545
11081,0.014259147
11082,0.027105685
11083,0.018441752
11084,0.04736449
11085,0.25559852
11086,0.02134072
11087,0.047430046
11088,0.01444352
11089,0.01444352
11090,0.09946072
11091,0.022522662
11092,0.14529422
11093,0.4064997
11094,0.026665775
11095,0.0570683
11096,0.017643854
11097,0.029260743
11098,0.034644675
11099,0.06956951
11100,0.032889664
11101,0.016841484
11102,0.02551651
11103,0.014543834
11104,0.12705043
11105,0.13998914
11106,0.09225298
11107,0.078600995
11108,0.06483664
11109,0.027848557
11110,0.04262261
11111,0.068730764
11112,0.07894862
11113,0.09859841
11114,0.052374065
11115,0.12877165
11116,0.023561958
11117,0.0372162
11118,0.035674468
11119,0.035878032
11120,0.056512702
11121,0.04829194
11122,0.021214657
11123,0.08866037
11124,0.17125262
11125,0.25743768
11126,0.03349702
11127,0.033674635
11128,0.03623738
11129,0.09345684
11130,0.055002097
11131,0.016705232
11132,0.067048416
11133,0.038014367
11134,0.25624803
11135,0.033890292
11136,0.028740233
11137,0.043649882
11138,0.06088583
11139,0.077181116
11140,0.20395467
11141,0.20281248
11142,0.17356946
11143,0.06283624
11144,0.04282757
11145,0.03250754
11146,0.06156632
11147,0.09927275
11148,0.014729473
11149,0.07834256
11150,0.05172816
11151,0.61040795
11152,0.11217595
11153,0.018234855
11154,0.015210059
11155,0.113951765
11156,0.045171753
11157,0.035692636
11158,0.033631824
11159,0.01492356
11160,0.058863766
11161,0.03041827
11162,0.031124644
11163,0.039079137
11164,0.15178767
11165,0.067017905
11166,0.06878163
11167,0.07799209
11168,0.1100795
11169,0.15363166
11170,0.3848599
11171,0.09117231
11172,0.024702856
11173,0.11594412
11174,0.03108319
11175,0.0644642
11176,0.013606771
11177,0.0140485605
11178,0.08569519
11179,0.035840128
11180,0.15483496
11181,0.051183257
11182,0.13596168
11183,0.038105182
11184,0.04684636
11185,0.032533035
11186,0.015624266
11187,0.15763332
11188,0.014453706
11189,0.038671397
11190,0.055904713
11191,0.016892346
11192,0.03941161
11193,0.05774564
11194,0.059777576
11195,0.10653388
11196,0.14484195
11197,0.11068899
11198,0.25639454
11199,0.1340002
11200,0.13978393
11201,0.015131888
11202,0.11706959
11203,0.04081939
11204,0.07616864
11205,0.014453706
11206,0.031700194
11207,0.14192092
11208,0.03376965
11209,0.022079244
11210,0.04711457
11211,0.024531407
11212,0.06753213
11213,0.09901044
11214,0.02770711
11215,0.047922093
11216,0.015109952
11217,0.027794437
11218,0.08916374
11219,0.0439716
11220,0.04182478
11221,0.08726657
11222,0.06507041
11223,0.18845578
11224,0.31642312
11225,0.118045114
11226,0.12272616
11227,0.068539925
11228,0.10975529
11229,0.08921701
11230,0.103369
11231,0.08142111
11232,0.014453706
11233,0.014453706
11234,0.015646938
11235,0.39683726
11236,0.07484501
11237,0.07869199
11238,0.058662087
11239,0.11867729
11240,0.015855938
11241,0.039216004
11242,0.02598677
11243,0.08080815
11244,0.32838786
11245,0.06298312
11246,0.051603347
11247,0.12924674
11248,0.66170985
11249,0.08170307
11250,0.017727725
11251,0.18109685
11252,0.09268856
11253,0.2559972
11254,0.29125708
11255,0.10486851
11256,0.02115888
11257,0.04967235
11258,0.032986358
11259,0.081109166
11260,0.16645877
11261,0.037493523
11262,0.18165596
11263,0.08664449
11264,0.06547702
11265,0.01746493
11266,0.014729473
11267,0.018869087
11268,0.046270832
11269,0.055679888
11270,0.089589216
11271,0.017035529
11272,0.15318762
11273,0.15781565
11274,0.13181859
11275,0.12852806
11276,0.061833613
11277,0.13280869
11278,0.24124137
11279,0.2604947
11280,0.062401053
11281,0.014453706
11282,0.090441115
11283,0.024782937
11284,0.04848225
11285,0.43541104
11286,0.039811946
11287,0.0876056
11288,0.39839405
11289,0.23165058
11290,0.015385588
11291,0.06286388
11292,0.067234516
11293,0.14388102
11294,0.25905415
11295,0.014453706
11296,0.097649485
11297,0.09158655
11298,0.14894499
11299,0.1396394
11300,0.15623145
11301,0.18424472
11302,0.36059088
11303,0.120003834
11304,0.046702724
11305,0.07872157
11306,0.047666658
11307,0.28890973
11308,0.93643004
11309,0.066759884
11310,0.04719246
11311,0.39541385
11312,0.019513981
11313,0.061437957
11314,0.25894493
11315,0.019063173
11316,0.067304745
11317,0.10506534
11318,0.016904855
11319,0.046524655
11320,0.013361351
11321,0.4588971
11322,0.039658252
11323,0.0950551
11324,0.2576794
11325,0.1325309
11326,0.25976253
11327,0.35984898
11328,0.30187204
11329,0.028493969
11330,0.19373207
11331,0.13920926
11332,0.20337828
11333,0.87524235
11334,0.3328844
11335,0.43317145
11336,0.025954949
11337,0.13291164
11338,0.049405303
11339,0.024061121
11340,0.01948278
11341,0.014729473
11342,0.019802142
11343,0.08060306
11344,0.0140485605
11345,0.014604565
11346,0.02806436
11347,0.055292517
11348,0.10967368
11349,0.122693926
11350,0.119174555
11351,0.10543393
11352,0.19917072
11353,0.15250123
11354,0.02779152
11355,0.12522969
11356,0.2573039
11357,0.029070437
11358,0.04502968
11359,0.892387
11360,0.81695634
11361,0.58407545
11362,0.013524533
11363,0.023085939
11364,0.04584838
11365,0.42771652
11366,0.069497444
11367,0.06435567
11368,0.11308282
11369,0.09994233
11370,0.09275787
11371,0.0140485605
11372,0.43555355
11373,0.015928436
11374,0.027137348
11375,0.1503669
11376,0.12506218
11377,0.095170274
11378,0.04851882
11379,0.19792612
11380,0.119660504
11381,0.022487896
11382,0.14407879
11383,0.10258335
11384,0.09037959
11385,0.9502467
11386,0.76449066
11387,0.687053
11388,0.015632883
11389,0.041287716
11390,0.023340466
11391,0.2437373
11392,0.10496937
11393,0.25712425
11394,0.03671245
11395,0.071202934
11396,0.038094155
11397,0.07946379
11398,0.122867115
11399,0.16134226
11400,0.11354497
11401,0.5118071
11402,0.4498706
11403,0.21699053
11404,0.15461405
11405,0.10845445
11406,0.07191823
11407,0.12057781
11408,0.052087553
11409,0.042671576
11410,0.02058217
11411,0.12634131
11412,0.14010608
11413,0.1076611
11414,0.08271445
11415,0.031006385
11416,0.8828497
11417,0.99863
11418,0.94051975
11419,0.06790485
11420,0.03717405
11421,0.15485828
11422,0.24845096
11423,0.026994467
11424,0.018031392
11425,0.040114515
11426,0.04893144
11427,0.113017984
11428,0.050871402
11429,0.38826004
11430,0.7126445
11431,0.10779735
11432,0.122118495
11433,0.10724547
11434,0.1845197
11435,0.0906202
11436,0.3045504
11437,0.097054936
11438,0.028902723
11439,0.09827556
11440,0.13357131
11441,0.08393857
11442,0.034735985
11443,0.03133124
11444,0.31199288
11445,0.39995557
11446,0.13947049
11447,0.061428733
11448,0.023053775
11449,0.10080399
11450,0.09728365
11451,0.2644078
11452,0.025479915
11453,0.058681197
11454,0.04991877
11455,0.0404433
11456,0.03241247
11457,0.056958348
11458,0.05737775
11459,0.31148532
11460,0.72511613
11461,0.43193194
11462,0.19350126
11463,0.14053318
11464,0.2175896
11465,0.16925475
11466,0.5316854
11467,0.06286582
11468,0.024624968
11469,0.02789422
11470,0.061329138
11471,0.13333097
11472,0.15700656
11473,0.073957756
11474,0.44999373
11475,0.36629295
11476,0.24332093
11477,0.9993469
11478,0.18398052
11479,0.01610365
11480,0.16262934
11481,0.1763175
11482,0.018524427
11483,0.040947583
11484,0.18224998
11485,0.07216199
11486,0.043944526
11487,0.052141033
11488,0.08016821
11489,0.14179112
11490,0.44105586
11491,0.44070756
11492,0.55865735
11493,0.44048187
11494,0.17191741
11495,0.1977104
11496,0.2565047
11497,0.015222406
11498,0.05830476
11499,0.12017465
11500,0.08591489
11501,0.42391968
11502,0.1946735
11503,0.055469304
11504,0.49091947
11505,0.40083063
11506,0.013524533
11507,0.073751666
11508,0.095955364
11509,0.08909481
11510,0.053850386
11511,0.029485883
11512,0.027754573
11513,0.060078606
11514,0.12923731
11515,0.09811105
11516,0.19486849
11517,0.44375202
11518,0.7745506
11519,0.45308116
11520,0.40768704
11521,0.63687843
11522,0.10638535
11523,0.07606097
11524,0.07760229
11525,0.121240586
11526,0.17153409
11527,0.07224302
11528,0.023490049
11529,0.11070211
11530,0.14348425
11531,0.029485883
11532,0.013361351
11533,0.045404304
11534,0.07619276
11535,0.020153096
11536,0.04804331
11537,0.01491293
11538,0.037139475
11539,0.07622763
11540,0.055423044
11541,0.104879476
11542,0.24439748
11543,0.26090583
11544,0.27601266
11545,0.71095216
11546,0.63635075
11547,0.41610613
11548,0.12713923
11549,0.022559859
11550,0.05884191
11551,0.1390711
11552,0.016314767
11553,0.014339417
11554,0.025103083
11555,0.6932463
11556,0.037794832
11557,0.016933884
11558,0.063945785
11559,0.055784535
11560,0.0921521
11561,0.026773816
11562,0.04632426
11563,0.017445033
11564,0.027683845
11565,0.04035312
11566,0.106736764
11567,0.13116951
11568,0.49482375
11569,0.36421677
11570,0.13928498
11571,0.82963926
11572,0.415194
11573,0.4668891
11574,0.19475973
11575,0.035610076
11576,0.033483855
11577,0.03682162
11578,0.042397957
11579,0.040073518
11580,0.035243228
11581,0.050749976
11582,0.459867
11583,0.14894095
11584,0.37229282
11585,0.019371575
11586,0.08012626
11587,0.09720386
11588,0.166553
11589,0.20809308
11590,0.04033656
11591,0.032609608
11592,0.015222406
11593,0.04840641
11594,0.12706912
11595,0.7371694
11596,0.31748304
11597,0.43566406
11598,0.26121703
11599,0.40207925
11600,0.17756367
11601,0.06637514
11602,0.03649
11603,0.01948278
11604,0.015222406
11605,0.049743544
11606,0.02715036
11607,0.10709927
11608,0.11282955
11609,0.10193411
11610,0.20417173
11611,0.02172819
11612,0.057113912
11613,0.25359407
11614,0.03438227
11615,0.0140485605
11616,0.12532343
11617,0.22986157
11618,0.028390722
11619,0.1696832
11620,0.18550548
11621,0.07100546
11622,0.08217539
11623,0.13772531
11624,0.0753727
11625,0.027119206
11626,0.15002093
11627,0.1160979
11628,0.028833916
11629,0.0140485605
11630,0.19451834
11631,0.0140485605
11632,0.027390594
11633,0.08218112
11634,0.055659097
11635,0.1648631
11636,0.046986572
11637,0.04877381
11638,0.05590558
11639,0.16262943
11640,0.40207675
11641,0.41236353
11642,0.089093715
11643,0.014729473
11644,0.017187987
11645,0.022385852
11646,0.046138756
11647,0.024878686
11648,0.06497521
11649,0.18309431
11650,0.027252443
11651,0.032625727
11652,0.027328232
11653,0.0176993
11654,0.014396296
11655,0.016933884
11656,0.104115814
11657,0.10990117
11658,0.4166135
11659,0.017893385
11660,0.018590685
11661,0.03906893
11662,0.09069886
11663,0.1295714
11664,0.41437888
11665,0.09620215
11666,0.021970272
11667,0.102106236
11668,0.0152995875
11669,0.037016585
11670,0.08272876
11671,0.13998444
11672,0.05637992
11673,0.015754903
11674,0.014729473
11675,0.015848259
11676,0.014672172
11677,0.1954142
11678,0.01846778
11679,0.03408242
11680,0.12268793
11681,0.09022784
11682,0.03970837
11683,0.026396887
11684,0.03898818
11685,0.08900679
11686,0.4109793
11687,0.04302344
11688,0.013361351
11689,0.01576214
11690,0.017096145
11691,0.054076076
11692,0.039577246
11693,0.059867106
11694,0.22791433
11695,0.052049633
11696,0.25668854
11697,0.09338954
11698,0.0330386
11699,0.015224398
11700,0.04791481
11701,0.037603084
11702,0.024759168
11703,0.32847926
11704,0.086326286
11705,0.021091709
11706,0.10365742
11707,0.07220516
11708,0.013606771
11709,0.0140485605
11710,0.46485326
11711,0.57392776
11712,0.119191185
11713,0.055829775
11714,0.07276403
11715,0.05761924
11716,0.029061293
11717,0.09253348
11718,0.097677894
11719,0.087870955
11720,0.83268934
11721,0.05998465
11722,0.08127208
11723,0.08404053
11724,0.01557036
11725,0.05633323
11726,0.14858156
11727,0.45114
11728,0.06800919
11729,0.121913984
11730,0.022218522
11731,0.026999885
11732,0.04223176
11733,0.09729749
11734,0.042170167
11735,0.04085356
11736,0.06454112
11737,0.070772335
11738,0.050329242
11739,0.026748538
11740,0.033118315
11741,0.052287407
11742,0.10616308
11743,0.03256669
11744,0.015113666
11745,0.034835763
11746,0.06946775
11747,0.12142598
11748,0.021446517
11749,0.059483908
11750,0.5284937
11751,0.15396239
11752,0.092807226
11753,0.0140485605
11754,0.029205795
11755,0.027558303
11756,0.05985331
11757,0.078973934
11758,0.014852295
11759,0.017439978
11760,0.3230589
11761,0.029646372
11762,0.053051442
11763,0.1734032
11764,0.019593721
11765,0.14083183
11766,0.052601606
11767,0.027995637
11768,0.049109485
11769,0.39465895
11770,0.03663642
11771,0.04347989
11772,0.013361351
11773,0.019394057
11774,0.02738708
11775,0.059106864
11776,0.016365716
11777,0.03726082
11778,0.13916953
11779,0.08993319
11780,0.015560808
11781,0.01557036
11782,0.04843433
11783,0.14988568
11784,0.091654494
11785,0.058219187
11786,0.04631318
11787,0.02356586
11788,0.05823295
11789,0.071857065
11790,0.14319995
11791,0.16408831
11792,0.013606771
11793,0.014964014
11794,0.05491279
11795,0.023072118
11796,0.014689115
11797,0.023389937
11798,0.015711674
11799,0.0140485605
11800,0.014339417
11801,0.017084742
11802,0.016491417
11803,0.014553537
11804,0.02144331
11805,0.02879338
11806,0.05709513
11807,0.14050665
11808,0.015210059
11809,0.11604604
11810,0.015404144
11811,0.19066662
11812,0.014294732
11813,0.019278964
11814,0.041793987
11815,0.015588764
11816,0.0147167165
11817,0.03542152
11818,0.021881463
11819,0.0140485605
11820,0.016941039
11821,0.027395671
11822,0.0152995875
11823,0.013896634
11824,0.053639114
11825,0.022644537
11826,0.04751301
11827,0.015560808
11828,0.03756215
11829,0.016491417
11830,0.01655318
11831,0.014689115
11832,0.14605509
11833,0.042940393
11834,0.065360025
11835,0.0140485605
11836,0.013361351
11837,0.014339417
11838,0.025553748
11839,0.014729473
11840,0.019299842
11841,0.07041188
11842,0.015928436
11843,0.2480204
11844,0.04908913
11845,0.089792915
11846,0.060162943
11847,0.014211323
11848,0.12308238
11849,0.036833018
11850,0.014626914
11851,0.013361351
11852,0.09097277
11853,0.01702979
11854,0.06406651
11855,0.11361891
11856,0.01713909
11857,0.028314047
11858,0.042050466
11859,0.025703669
11860,0.01576214
11861,0.015575233
11862,0.014672172
11863,0.019429855
11864,0.03402928
11865,0.014823031
11866,0.04428551
11867,0.06255503
11868,0.03343855
11869,0.013361351
11870,0.22168455
11871,0.027231107
11872,0.015921675
11873,0.024398733
11874,0.013361351
11875,0.017845728
11876,0.080443025
11877,0.02668565
11878,0.02621706
11879,0.027168388
11880,0.017242976
11881,0.015210059
11882,0.026194692
11883,0.096491076
11884,0.24278206
11885,0.019105757
11886,0.06754711
11887,0.020052098
11888,0.029298984
11889,0.05357155
11890,0.03143428
11891,0.046681374
11892,0.03798103
11893,0.03763409
11894,0.02822299
11895,0.034920532
11896,0.10887852
11897,0.058712136
11898,0.029256746
11899,0.02314693
11900,0.025098994
11901,0.076395094
11902,0.03926544
11903,0.05939627
11904,0.15243177
11905,0.2358337
11906,0.06259552
11907,0.050609
11908,0.40404552
11909,0.04925092
11910,0.2510223
11911,0.07645815
11912,0.23752667
11913,0.045558013
11914,0.024292026
11915,0.041582897
11916,0.12635069
11917,0.0276534
11918,0.62821996
11919,0.21733278
11920,0.10264147
11921,0.21595952
11922,0.046264227
11923,0.017807119
11924,0.04937774
11925,0.033331223
11926,0.017170032
11927,0.015776727
11928,0.041974798
11929,0.13589968
11930,0.10742151
11931,0.42729554
11932,0.40048173
11933,0.034183916
11934,0.08395291
11935,0.02401033
11936,0.16676503
11937,0.25367987
11938,0.014259147
11939,0.019114202
11940,0.040465508
11941,0.04899218
11942,0.049296204
11943,0.086819574
11944,0.43909177
11945,0.07197455
11946,0.24781866
11947,0.4341399
11948,0.14540137
11949,0.02185855
11950,0.49300158
11951,0.051268082
11952,0.4788315
11953,0.032917496
11954,0.04518689
11955,0.08051223
11956,0.034130473
11957,0.032982565
11958,0.13448782
11959,0.089708835
11960,0.024999302
11961,0.039539587
11962,0.39624593
11963,0.06476997
11964,0.026826097
11965,0.060975213
11966,0.11871952
11967,0.023432497
11968,0.036665004
11969,0.013295881
11970,0.039431818
11971,0.091217265
11972,0.14287676
11973,0.09069859
11974,0.04424772
11975,0.24954505
11976,0.02184502
11977,0.04420917
11978,0.028488854
11979,0.022547612
11980,0.016616805
11981,0.4612088
11982,0.1384628
11983,0.06753253
11984,0.3778712
11985,0.41910666
11986,0.013295881
11987,0.06238692
11988,0.03813513
11989,0.015332156
11990,0.018877104
11991,0.022776287
11992,0.016587602
11993,0.013295881
11994,0.040833756
11995,0.014500821
11996,0.013819909
11997,0.10816646
11998,0.0676754
11999,0.08383152
12000,0.172051
12001,0.49638808
12002,0.014789253
12003,0.016469607
12004,0.05426007
12005,0.01444352
12006,0.020120423
12007,0.027062435
12008,0.021026164
12009,0.036428794
12010,0.2566249
12011,0.017853115
12012,0.056333303
12013,0.01444352
12014,0.046451475
12015,0.03545747
12016,0.14709724
12017,0.42037657
12018,0.013667982
12019,0.031400736
12020,0.043254394
12021,0.018635035
12022,0.025447996
12023,0.031840444
12024,0.057331502
12025,0.0142250545
12026,0.024027275
12027,0.014500821
12028,0.12816945
12029,0.12660782
12030,0.11335757
12031,0.08653384
12032,0.07162737
12033,0.02516964
12034,0.04472764
12035,0.05946183
12036,0.05524584
12037,0.112180494
12038,0.0815883
12039,0.15787539
12040,0.016113915
12041,0.037795708
12042,0.037283577
12043,0.0410878
12044,0.04187651
12045,0.08178662
12046,0.021638796
12047,0.01782192
12048,0.11065922
12049,0.18882719
12050,0.25857562
12051,0.045954794
12052,0.052769586
12053,0.032296363
12054,0.12642112
12055,0.055334795
12056,0.016705232
12057,0.05663227
12058,0.01494636
12059,0.025280833
12060,0.16119686
12061,0.035538368
12062,0.03486967
12063,0.046911642
12064,0.06682128
12065,0.09069014
12066,0.18570484
12067,0.21031223
12068,0.1899314
12069,0.058962844
12070,0.045321204
12071,0.033234037
12072,0.063717686
12073,0.061036766
12074,0.074964024
12075,0.041009974
12076,0.59940267
12077,0.1377207
12078,0.020955855
12079,0.11067022
12080,0.06194931
12081,0.046003282
12082,0.025676649
12083,0.014793456
12084,0.101663
12085,0.0218639
12086,0.035960265
12087,0.035735816
12088,0.119636945
12089,0.05946746
12090,0.0742457
12091,0.06980327
12092,0.1175239
12093,0.180497
12094,0.40275288
12095,0.06970762
12096,0.03334654
12097,0.08383608
12098,0.030195376
12099,0.078989126
12100,0.02483637
12101,0.0140485605
12102,0.0523354
12103,0.03436956
12104,0.10992248
12105,0.032170128
12106,0.10654656
12107,0.040636178
12108,0.06684592
12109,0.027661966
12110,0.1505779
12111,0.014453706
12112,0.029859895
12113,0.055297833
12114,0.029285962
12115,0.015210059
12116,0.015144707
12117,0.03867629
12118,0.043150283
12119,0.055478252
12120,0.091881596
12121,0.15659325
12122,0.11367841
12123,0.2576794
12124,0.18437187
12125,0.13470209
12126,0.028204
12127,0.14403884
12128,0.024878686
12129,0.076495655
12130,0.02982908
12131,0.13745913
12132,0.0350568
12133,0.023804156
12134,0.061075803
12135,0.026808633
12136,0.026272139
12137,0.06085362
12138,0.08893285
12139,0.042086914
12140,0.0474294
12141,0.0880586
12142,0.03761389
12143,0.064489834
12144,0.0710899
12145,0.08620086
12146,0.14782222
12147,0.30844918
12148,0.10997091
12149,0.12212162
12150,0.060703315
12151,0.079397656
12152,0.08328805
12153,0.10619687
12154,0.08555504
12155,0.025195614
12156,0.40588224
12157,0.05466308
12158,0.089892104
12159,0.05081584
12160,0.1290848
12161,0.025843697
12162,0.018565124
12163,0.021880552
12164,0.055480793
12165,0.33372363
12166,0.05911232
12167,0.060591206
12168,0.122952744
12169,0.6639954
12170,0.0780147
12171,0.017622909
12172,0.17117469
12173,0.060637634
12174,0.19186474
12175,0.28274792
12176,0.0862148
12177,0.02115888
12178,0.054662522
12179,0.08439109
12180,0.15434147
12181,0.041953776
12182,0.17700772
12183,0.087862454
12184,0.08562966
12185,0.016599553
12186,0.019165184
12187,0.044745184
12188,0.07158389
12189,0.09123083
12190,0.016812691
12191,0.1333211
12192,0.124095544
12193,0.14055535
12194,0.095335215
12195,0.040699296
12196,0.12840134
12197,0.18990944
12198,0.25998193
12199,0.061447587
12200,0.06347164
12201,0.033495925
12202,0.057755187
12203,0.5337325
12204,0.03945636
12205,0.06898016
12206,0.39903942
12207,0.23975115
12208,0.01576214
12209,0.0719781
12210,0.05521653
12211,0.25601736
12212,0.25370538
12213,0.09578494
12214,0.0921406
12215,0.21185681
12216,0.21232265
12217,0.17913969
12218,0.17046553
12219,0.34899595
12220,0.105118364
12221,0.046625916
12222,0.06689479
12223,0.04594602
12224,0.31322718
12225,0.9350263
12226,0.066967905
12227,0.045195006
12228,0.40618187
12229,0.015385588
12230,0.046544645
12231,0.26126453
12232,0.017177023
12233,0.09833894
12234,0.10126353
12235,0.020310452
12236,0.084483735
12237,0.013361351
12238,0.47018057
12239,0.041310888
12240,0.10264486
12241,0.25613287
12242,0.1363669
12243,0.25827995
12244,0.357651
12245,0.32896608
12246,0.026393816
12247,0.2495035
12248,0.11522348
12249,0.23418613
12250,0.72288364
12251,0.45435327
12252,0.33257693
12253,0.02640096
12254,0.23858294
12255,0.019758014
12256,0.029489396
12257,0.014729473
12258,0.06371979
12259,0.013945037
12260,0.013896634
12261,0.025525099
12262,0.05206
12263,0.11033993
12264,0.120627046
12265,0.13962893
12266,0.09969362
12267,0.2329919
12268,0.14652775
12269,0.03159936
12270,0.09705998
12271,0.19327667
12272,0.04439963
12273,0.9396449
12274,0.76359624
12275,0.47322795
12276,0.026437888
12277,0.021682113
12278,0.051505823
12279,0.43649375
12280,0.09255618
12281,0.06367749
12282,0.014787201
12283,0.091878995
12284,0.09320721
12285,0.05913745
12286,0.015222406
12287,0.4220924
12288,0.015928436
12289,0.03158292
12290,0.124454886
12291,0.12973563
12292,0.07600471
12293,0.05429752
12294,0.24118231
12295,0.122884005
12296,0.022316273
12297,0.18168601
12298,0.120367505
12299,0.10042178
12300,0.9462094
12301,0.8171164
12302,0.6818011
12303,0.076546684
12304,0.024397802
12305,0.014221769
12306,0.38744164
12307,0.14705572
12308,0.33223116
12309,0.041775882
12310,0.065476514
12311,0.033036016
12312,0.07632908
12313,0.122907884
12314,0.16274299
12315,0.13084053
12316,0.50500405
12317,0.44671318
12318,0.2190511
12319,0.16655615
12320,0.11561463
12321,0.06803525
12322,0.123958886
12323,0.042799436
12324,0.046989158
12325,0.02058217
12326,0.1474929
12327,0.16375847
12328,0.06689466
12329,0.09980617
12330,0.027942738
12331,0.9399549
12332,0.9947315
12333,0.9364824
12334,0.05935771
12335,0.029086681
12336,0.30907214
12337,0.014729473
12338,0.25627008
12339,0.027096922
12340,0.014445591
12341,0.018787734
12342,0.041094642
12343,0.11599309
12344,0.049774356
12345,0.37838474
12346,0.70769626
12347,0.093767695
12348,0.118824795
12349,0.09540137
12350,0.17841908
12351,0.08238916
12352,0.30971882
12353,0.12526397
12354,0.027103541
12355,0.10813118
12356,0.110437386
12357,0.081244685
12358,0.036080044
12359,0.022002233
12360,0.44487867
12361,0.2681279
12362,0.22207049
12363,0.06421239
12364,0.10193468
12365,0.09588111
12366,0.26113737
12367,0.028369848
12368,0.0584647
12369,0.04919077
12370,0.023919616
12371,0.06101829
12372,0.044795945
12373,0.32625338
12374,0.7073478
12375,0.43416744
12376,0.2661092
12377,0.13554129
12378,0.25904018
12379,0.25573146
12380,0.5350695
12381,0.0582267
12382,0.024252618
12383,0.02789422
12384,0.029632846
12385,0.12530567
12386,0.16925652
12387,0.23174146
12388,0.32425004
12389,0.26500025
12390,0.24487488
12391,1.0
12392,0.19980855
12393,0.017893385
12394,0.14544864
12395,0.25312665
12396,0.05209428
12397,0.16961966
12398,0.06787217
12399,0.039783485
12400,0.044574507
12401,0.05028086
12402,0.24920833
12403,0.42037904
12404,0.31578428
12405,0.5564332
12406,0.27425888
12407,0.18080328
12408,0.16032933
12409,0.37074164
12410,0.015832877
12411,0.1688908
12412,0.07137253
12413,0.076509394
12414,0.42887488
12415,0.28254038
12416,0.058212724
12417,0.515978
12418,0.3964953
12419,0.090418935
12420,0.07980339
12421,0.1000868
12422,0.04013219
12423,0.014453706
12424,0.02621706
12425,0.025033107
12426,0.086769134
12427,0.112408526
12428,0.09855512
12429,0.17440727
12430,0.44185308
12431,0.7773818
12432,0.45308116
12433,0.40808228
12434,0.6426079
12435,0.105466366
12436,0.111518554
12437,0.06344569
12438,0.13707314
12439,0.19376601
12440,0.069175735
12441,0.032629244
12442,0.06693046
12443,0.15514754
12444,0.013361351
12445,0.045274254
12446,0.091998175
12447,0.026559776
12448,0.035040833
12449,0.017184913
12450,0.027231107
12451,0.0138008585
12452,0.015210059
12453,0.036965106
12454,0.08346378
12455,0.069373265
12456,0.11050842
12457,0.23166849
12458,0.2638917
12459,0.27708694
12460,0.7176796
12461,0.62573856
12462,0.4154626
12463,0.12437476
12464,0.041158926
12465,0.021436775
12466,0.05875382
12467,0.103918575
12468,0.016410787
12469,0.024580186
12470,0.9100865
12471,0.04182729
12472,0.05033363
12473,0.041300494
12474,0.11774979
12475,0.029869787
12476,0.06553324
12477,0.01610365
12478,0.040452022
12479,0.017739339
12480,0.017834026
12481,0.039177448
12482,0.114447445
12483,0.12949832
12484,0.49898088
12485,0.38283795
12486,0.13581993
12487,0.90566224
12488,0.4186965
12489,0.456278
12490,0.1903784
12491,0.0140485605
12492,0.03625619
12493,0.026216472
12494,0.038250655
12495,0.047400393
12496,0.05456519
12497,0.040658817
12498,0.08529005
12499,0.45263425
12500,0.16550922
12501,0.36419806
12502,0.021600341
12503,0.08566024
12504,0.12762217
12505,0.14114921
12506,0.17158209
12507,0.03360949
12508,0.029582227
12509,0.0140485605
12510,0.049021788
12511,0.151782
12512,0.7010832
12513,0.23939204
12514,0.43312627
12515,0.38497582
12516,0.40910658
12517,0.20463331
12518,0.080831565
12519,0.028082209
12520,0.019593721
12521,0.01544736
12522,0.031185562
12523,0.024762038
12524,0.13187617
12525,0.11784777
12526,0.12547415
12527,0.37913316
12528,0.020055529
12529,0.05578899
12530,0.3753514
12531,0.03559502
12532,0.015560808
12533,0.020917635
12534,0.015956225
12535,0.121530555
12536,0.12849157
12537,0.03360454
12538,0.15617347
12539,0.25533763
12540,0.0928398
12541,0.10902626
12542,0.024777053
12543,0.10733362
12544,0.090738595
12545,0.027141089
12546,0.1453321
12547,0.12070094
12548,0.027429419
12549,0.018555557
12550,0.0140485605
12551,0.17736216
12552,0.01669826
12553,0.07763476
12554,0.044125095
12555,0.07263128
12556,0.16916029
12557,0.037974384
12558,0.053078555
12559,0.013606771
12560,0.051363364
12561,0.2519806
12562,0.39025316
12563,0.46232134
12564,0.055741783
12565,0.02683696
12566,0.023340466
12567,0.045623917
12568,0.06464796
12569,0.14379008
12570,0.024973193
12571,0.020481637
12572,0.026167879
12573,0.016243355
12574,0.014396296
12575,0.09013675
12576,0.10990117
12577,0.3929107
12578,0.0152995875
12579,0.019398972
12580,0.038894065
12581,0.086771145
12582,0.16444175
12583,0.41539997
12584,0.07508722
12585,0.014934531
12586,0.12453545
12587,0.028471928
12588,0.01600538
12589,0.08246548
12590,0.14078689
12591,0.05987019
12592,0.014453706
12593,0.014729473
12594,0.015848259
12595,0.014672172
12596,0.19506326
12597,0.024113318
12598,0.029282816
12599,0.13196248
12600,0.08759001
12601,0.043566518
12602,0.025436189
12603,0.038324706
12604,0.074531496
12605,0.40765926
12606,0.04912051
12607,0.013361351
12608,0.017349398
12609,0.043131188
12610,0.04238262
12611,0.089124545
12612,0.12180799
12613,0.056114398
12614,0.25638172
12615,0.092574544
12616,0.056432974
12617,0.015210059
12618,0.045867935
12619,0.033280637
12620,0.025005335
12621,0.25912976
12622,0.066967905
12623,0.11347095
12624,0.033846498
12625,0.11191241
12626,0.08101865
12627,0.013606771
12628,0.0140485605
12629,0.4617238
12630,0.64458317
12631,0.13981207
12632,0.060373265
12633,0.07276403
12634,0.057743654
12635,0.032543752
12636,0.10707914
12637,0.084466636
12638,0.118545726
12639,0.76206803
12640,0.01605725
12641,0.06653538
12642,0.031997688
12643,0.0904494
12644,0.074476816
12645,0.019014545
12646,0.10354566
12647,0.44816864
12648,0.07983825
12649,0.12209015
12650,0.022218522
12651,0.032301087
12652,0.014453706
12653,0.032893628
12654,0.09779149
12655,0.03588165
12656,0.014553537
12657,0.030694256
12658,0.06474914
12659,0.088215016
12660,0.05073392
12661,0.019521382
12662,0.04682195
12663,0.026736965
12664,0.108178586
12665,0.047436483
12666,0.021970272
12667,0.02534181
12668,0.071319446
12669,0.10741112
12670,0.020954834
12671,0.045031797
12672,0.5493543
12673,0.10642877
12674,0.11073784
12675,0.03852441
12676,0.0689261
12677,0.051095672
12678,0.05880601
12679,0.01712797
12680,0.036188513
12681,0.33674935
12682,0.035097644
12683,0.013524533
12684,0.014553537
12685,0.017211774
12686,0.043392453
12687,0.09645387
12688,0.014672172
12689,0.10432223
12690,0.045327447
12691,0.034061134
12692,0.048339047
12693,0.3928308
12694,0.03121966
12695,0.01630193
12696,0.019593721
12697,0.053247556
12698,0.04268922
12699,0.14049958
12700,0.085421786
12701,0.01576214
12702,0.015560808
12703,0.017220994
12704,0.07114663
12705,0.23481213
12706,0.09465424
12707,0.062877215
12708,0.07097092
12709,0.032246403
12710,0.07082493
12711,0.01669826
12712,0.05168273
12713,0.2245812
12714,0.13569422
12715,0.014553537
12716,0.0140485605
12717,0.015486925
12718,0.034054194
12719,0.0150266
12720,0.01701034
12721,0.01712797
12722,0.016122522
12723,0.01662469
12724,0.014553537
12725,0.024878686
12726,0.016402248
12727,0.014396296
12728,0.02144331
12729,0.035752498
12730,0.0757466
12731,0.12062599
12732,0.013361351
12733,0.015240748
12734,0.015240748
12735,0.1405986
12736,0.19174138
12737,0.014553537
12738,0.020035243
12739,0.017507415
12740,0.040951915
12741,0.015296925
12742,0.014689115
12743,0.03448887
12744,0.021881463
12745,0.0140485605
12746,0.016568938
12747,0.026941445
12748,0.013361351
12749,0.014294732
12750,0.013896634
12751,0.046289396
12752,0.023892205
12753,0.024991816
12754,0.041130483
12755,0.01669826
12756,0.016001081
12757,0.013524533
12758,0.13049963
12759,0.029391157
12760,0.05829405
12761,0.0147167165
12762,0.013361351
12763,0.014339417
12764,0.037433572
12765,0.014729473
12766,0.027601171
12767,0.054141168
12768,0.027390594
12769,0.015210059
12770,0.18646231
12771,0.05544744
12772,0.089792915
12773,0.037920635
12774,0.11125527
12775,0.035984077
12776,0.014689115
12777,0.013361351
12778,0.09207791
12779,0.020928826
12780,0.10749015
12781,0.013606771
12782,0.15134619
12783,0.01605725
12784,0.022772918
12785,0.024414744
12786,0.027010283
12787,0.024129087
12788,0.027324772
12789,0.015313867
12790,0.014950482
12791,0.037769023
12792,0.014553537
12793,0.037240226
12794,0.07303934
12795,0.068911135
12796,0.14499383
12797,0.033175796
12798,0.02146074
12799,0.013361351
12800,0.016092088
12801,0.026494069
12802,0.08219891
12803,0.030421477
12804,0.017264223
12805,0.026644876
12806,0.0152995875
12807,0.050222874
12808,0.01975311
12809,0.02509254
12810,0.079375215
12811,0.14260088
12812,0.019105757
12813,0.05606765
12814,0.025579805
12815,0.05357155
12816,0.06898733
12817,0.055236395
12818,0.026941095
12819,0.07256114
12820,0.03529429
12821,0.028469622
12822,0.033838212
12823,0.1025501
12824,0.0376682
12825,0.028610554
12826,0.0769842
12827,0.036103074
12828,0.07249591
12829,0.0941023
12830,0.3563602
12831,0.23899701
12832,0.07168152
12833,0.017104523
12834,0.30658013
12835,0.06274993
12836,0.40276217
12837,0.10794137
12838,0.13352431
12839,0.0494988
12840,0.06633237
12841,0.12712121
12842,0.030308686
12843,0.73252785
12844,0.10948777
12845,0.08990221
12846,0.21664168
12847,0.07959005
12848,0.022262605
12849,0.07937222
12850,0.029479202
12851,0.015569982
12852,0.015776727
12853,0.045486618
12854,0.08449147
12855,0.14841013
12856,0.4428947
12857,0.39122266
12858,0.036528595
12859,0.02401033
12860,0.24020813
12861,0.14048043
12862,0.03607086
12863,0.07996407
12864,0.035191465
12865,0.05140682
12866,0.09566143
12867,0.44002578
12868,0.07485978
12869,0.24084719
12870,0.46720418
12871,0.14513731
12872,0.4599668
12873,0.015627285
12874,0.056843042
12875,0.3407091
12876,0.05717902
12877,0.040559422
12878,0.06511402
12879,0.027459165
12880,0.02974221
12881,0.06733348
12882,0.073446184
12883,0.03967346
12884,0.027582847
12885,0.025989782
12886,0.07292029
12887,0.26054683
12888,0.070470326
12889,0.028292526
12890,0.061663177
12891,0.0837325
12892,0.08065534
12893,0.03797581
12894,0.039664224
12895,0.06753834
12896,0.024015527
12897,0.09127519
12898,0.15014414
12899,0.038652137
12900,0.25551763
12901,0.04361227
12902,0.035982683
12903,0.0233905
12904,0.016616805
12905,0.016587602
12906,0.5380154
12907,0.13965043
12908,0.048825335
12909,0.45924827
12910,0.45081198
12911,0.0518999
12912,0.046993688
12913,0.018877104
12914,0.03253779
12915,0.014954314
12916,0.013378119
12917,0.03224243
12918,0.06247716
12919,0.014066081
12920,0.08912934
12921,0.05290838
12922,0.15310368
12923,0.29537776
12924,0.43362164
12925,0.014543834
12926,0.058482017
12927,0.024633091
12928,0.014259147
12929,0.017678898
12930,0.03846357
12931,0.25202212
12932,0.021231653
12933,0.043813698
12934,0.01444352
12935,0.014610495
12936,0.04734993
12937,0.08990723
12938,0.44394067
12939,0.028138299
12940,0.059635755
12941,0.015569982
12942,0.01618986
12943,0.041634515
12944,0.060949974
12945,0.014334727
12946,0.0254121
12947,0.041078404
12948,0.11143173
12949,0.16107284
12950,0.10571205
12951,0.09457637
12952,0.06312536
12953,0.025579805
12954,0.04547073
12955,0.049985558
12956,0.05781032
12957,0.09684199
12958,0.10118295
12959,0.13683477
12960,0.015906446
12961,0.042503722
12962,0.033663884
12963,0.023300502
12964,0.034322426
12965,0.036989115
12966,0.05751858
12967,0.017658737
12968,0.12743196
12969,0.18260665
12970,0.25781742
12971,0.034956507
12972,0.03444639
12973,0.03310903
12974,0.10406665
12975,0.061554294
12976,0.016841484
12977,0.08393552
12978,0.024008114
12979,0.14354786
12980,0.033730306
12981,0.04137627
12982,0.04440067
12983,0.013524533
12984,0.061368898
12985,0.085488446
12986,0.18932158
12987,0.20307916
12988,0.18367271
12989,0.08620399
12990,0.051224098
12991,0.01783314
12992,0.062406704
12993,0.06326708
12994,0.01465098
12995,0.102974415
12996,0.04513854
12997,0.59609914
12998,0.15607314
12999,0.12808008
13000,0.056502506
13001,0.033503193
13002,0.02223295
13003,0.01713909
13004,0.15424718
13005,0.056215987
13006,0.022623224
13007,0.03254763
13008,0.11770838
13009,0.04612126
13010,0.07315887
13011,0.069730744
13012,0.11383959
13013,0.18793814
13014,0.40720364
13015,0.06629664
13016,0.024702856
13017,0.096082516
13018,0.021976925
13019,0.052036416
13020,0.023613192
13021,0.0140485605
13022,0.070356146
13023,0.032965522
13024,0.11836166
13025,0.031939827
13026,0.11839638
13027,0.04130506
13028,0.054053985
13029,0.0341189
13030,0.017220994
13031,0.019422252
13032,0.12577942
13033,0.019913075
13034,0.086519465
13035,0.05575965
13036,0.030706232
13037,0.014672172
13038,0.015131888
13039,0.043582477
13040,0.03802526
13041,0.063019544
13042,0.09087357
13043,0.14341275
13044,0.11576495
13045,0.25554308
13046,0.16852115
13047,0.12240459
13048,0.032908447
13049,0.0971235
13050,0.07141894
13051,0.016122522
13052,0.030097617
13053,0.1497468
13054,0.053311583
13055,0.021491403
13056,0.046581183
13057,0.028207382
13058,0.017333176
13059,0.042576436
13060,0.09576591
13061,0.048422053
13062,0.01643379
13063,0.02598407
13064,0.06104528
13065,0.018964574
13066,0.04555641
13067,0.08618472
13068,0.09784553
13069,0.25299037
13070,0.33258066
13071,0.11615459
13072,0.13125452
13073,0.06742578
13074,0.09342151
13075,0.09198103
13076,0.103867725
13077,0.052063737
13078,0.014823031
13079,0.015646938
13080,0.40303946
13081,0.051820602
13082,0.08556759
13083,0.052394774
13084,0.08943932
13085,0.015369047
13086,0.024626864
13087,0.019799277
13088,0.035277687
13089,0.04474745
13090,0.20296285
13091,0.061018478
13092,0.052714504
13093,0.13184206
13094,0.6147224
13095,0.07585655
13096,0.01821179
13097,0.1630532
13098,0.057359125
13099,0.2588098
13100,0.18839863
13101,0.08097911
13102,0.018089993
13103,0.038207233
13104,0.088900976
13105,0.119599976
13106,0.03597729
13107,0.15753809
13108,0.084058106
13109,0.08538579
13110,0.01890268
13111,0.042919785
13112,0.050612323
13113,0.087710865
13114,0.018938838
13115,0.12704049
13116,0.13163279
13117,0.15331616
13118,0.09328067
13119,0.043703422
13120,0.12120691
13121,0.15160628
13122,0.2586606
13123,0.06661131
13124,0.014453706
13125,0.093126826
13126,0.021331945
13127,0.058507483
13128,0.5521299
13129,0.033414718
13130,0.08746262
13131,0.41365334
13132,0.16705295
13133,0.01576214
13134,0.061037607
13135,0.0838878
13136,0.25913844
13137,0.26493993
13138,0.09705979
13139,0.09868079
13140,0.12544905
13141,0.1314974
13142,0.15252735
13143,0.16967857
13144,0.3693404
13145,0.12646352
13146,0.02442574
13147,0.04851892
13148,0.0537322
13149,0.04268268
13150,0.25798208
13151,0.79452044
13152,0.066849574
13153,0.04329666
13154,0.405162
13155,0.01576214
13156,0.046837505
13157,0.25945342
13158,0.031584255
13159,0.051862337
13160,0.09338489
13161,0.01949618
13162,0.10811938
13163,0.013675393
13164,0.47018057
13165,0.04023524
13166,0.09708058
13167,0.2609309
13168,0.12550385
13169,0.25925907
13170,0.36067837
13171,0.40556473
13172,0.25622725
13173,0.11296906
13174,0.13605618
13175,0.6809406
13176,0.43442112
13177,0.45629498
13178,0.028804945
13179,0.20708077
13180,0.046939686
13181,0.024137577
13182,0.08518399
13183,0.0140485605
13184,0.0140485605
13185,0.025525099
13186,0.05452577
13187,0.111248046
13188,0.10935285
13189,0.12013685
13190,0.091419294
13191,0.23188426
13192,0.14274211
13193,0.04957224
13194,0.11881362
13195,0.25926742
13196,0.044198986
13197,0.93890303
13198,0.73268795
13199,0.524071
13200,0.013524533
13201,0.022922205
13202,0.016200477
13203,0.05145024
13204,0.42861545
13205,0.119070694
13206,0.06468161
13207,0.014294732
13208,0.092087016
13209,0.09610898
13210,0.05541057
13211,0.014787201
13212,0.406635
13213,0.015928436
13214,0.024099143
13215,0.1264258
13216,0.12904592
13217,0.05801549
13218,0.059847217
13219,0.24020173
13220,0.25624532
13221,0.022539603
13222,0.16406003
13223,0.13234837
13224,0.09188792
13225,0.94614744
13226,0.899047
13227,0.6010883
13228,0.015832877
13229,0.04056217
13230,0.024397802
13231,0.018617008
13232,0.39703447
13233,0.12673548
13234,0.26038107
13235,0.036579024
13236,0.07193458
13237,0.023735106
13238,0.10644083
13239,0.11147731
13240,0.1452249
13241,0.198307
13242,0.49758315
13243,0.27110347
13244,0.20236017
13245,0.1375641
13246,0.09775659
13247,0.0779719
13248,0.11882542
13249,0.041634127
13250,0.043806873
13251,0.01994945
13252,0.13879919
13253,0.14623433
13254,0.0826564
13255,0.11860131
13256,0.035218105
13257,0.8916855
13258,0.99466956
13259,0.93443334
13260,0.15390284
13261,0.03278176
13262,0.14685713
13263,0.25354066
13264,0.025836632
13265,0.03746873
13266,0.018875215
13267,0.04148679
13268,0.11372448
13269,0.0505428
13270,0.38271347
13271,0.74288875
13272,0.09206608
13273,0.12948334
13274,0.09739573
13275,0.17233895
13276,0.083935544
13277,0.29976743
13278,0.122571774
13279,0.026751278
13280,0.11181444
13281,0.10978621
13282,0.09658705
13283,0.038722128
13284,0.022318417
13285,0.44955465
13286,0.40019348
13287,0.2036537
13288,0.055421118
13289,0.10158883
13290,0.1055375
13291,0.25936866
13292,0.026446156
13293,0.04678836
13294,0.04887789
13295,0.044648126
13296,0.0362738
13297,0.05779182
13298,0.043188173
13299,0.23218293
13300,0.7904024
13301,0.2662108
13302,0.26549613
13303,0.12439735
13304,0.18167031
13305,0.14925501
13306,0.48065892
13307,0.059189957
13308,0.023590595
13309,0.034596503
13310,0.033373095
13311,0.15256742
13312,0.15663083
13313,0.18544486
13314,0.2893333
13315,0.26732647
13316,0.22975817
13317,1.0
13318,0.20460166
13319,0.01610365
13320,0.19227566
13321,0.2573317
13322,0.018203909
13323,0.042258404
13324,0.13753964
13325,0.067723125
13326,0.042975422
13327,0.057395622
13328,0.06606764
13329,0.22204961
13330,0.42966443
13331,0.2720633
13332,0.5359166
13333,0.28262827
13334,0.16038752
13335,0.20821509
13336,0.25645867
13337,0.01552215
13338,0.02665224
13339,0.18246599
13340,0.12346334
13341,0.074766114
13342,0.43387178
13343,0.26657212
13344,0.04901674
13345,0.4953221
13346,0.38087353
13347,0.080138
13348,0.118290246
13349,0.09510745
13350,0.040393557
13351,0.014781845
13352,0.015641456
13353,0.027134525
13354,0.030895839
13355,0.0717139
13356,0.10770764
13357,0.09837926
13358,0.17336984
13359,0.43258214
13360,0.775054
13361,0.45237297
13362,0.40727827
13363,0.62824607
13364,0.099677674
13365,0.08389255
13366,0.087195076
13367,0.12715586
13368,0.16830076
13369,0.06942481
13370,0.022121934
13371,0.059543055
13372,0.12182981
13373,0.013361351
13374,0.045581784
13375,0.11753858
13376,0.021480815
13377,0.04791809
13378,0.019458067
13379,0.019774206
13380,0.0138008585
13381,0.015474419
13382,0.035458066
13383,0.0794438
13384,0.06800545
13385,0.11181142
13386,0.23166849
13387,0.26031604
13388,0.29760474
13389,0.6953139
13390,0.69179773
13391,0.4096058
13392,0.15131557
13393,0.052785248
13394,0.021436775
13395,0.05967151
13396,0.13984478
13397,0.017592771
13398,0.025926625
13399,0.8542077
13400,0.03614913
13401,0.016590532
13402,0.061092332
13403,0.038979586
13404,0.17465182
13405,0.02789422
13406,0.058372125
13407,0.05367723
13408,0.017739339
13409,0.017622909
13410,0.058537103
13411,0.10591119
13412,0.123092614
13413,0.48600855
13414,0.36599413
13415,0.116203755
13416,0.79601926
13417,0.40717664
13418,0.45948994
13419,0.25684392
13420,0.040337883
13421,0.028776163
13422,0.036123708
13423,0.057908893
13424,0.056795456
13425,0.034762394
13426,0.05777761
13427,0.46123335
13428,0.13279885
13429,0.3587356
13430,0.018929793
13431,0.0667134
13432,0.118081436
13433,0.15788423
13434,0.15477219
13435,0.040908996
13436,0.032491613
13437,0.014294732
13438,0.05942854
13439,0.14866169
13440,0.73488826
13441,0.3110747
13442,0.43611366
13443,0.39704615
13444,0.2620573
13445,0.20662816
13446,0.058920663
13447,0.033627063
13448,0.01544736
13449,0.07042928
13450,0.024545396
13451,0.14308487
13452,0.11651356
13453,0.11266918
13454,0.2604878
13455,0.027441684
13456,0.06752886
13457,0.014453706
13458,0.25365487
13459,0.03566827
13460,0.017736338
13461,0.14502132
13462,0.24295087
13463,0.027523832
13464,0.013361351
13465,0.12678109
13466,0.17915957
13467,0.067683354
13468,0.117089495
13469,0.060764935
13470,0.13090706
13471,0.092546575
13472,0.034753524
13473,0.17292945
13474,0.11631066
13475,0.027626747
13476,0.0140485605
13477,0.27418587
13478,0.014294732
13479,0.01599606
13480,0.093744226
13481,0.03408408
13482,0.047563784
13483,0.12440015
13484,0.04046066
13485,0.04253188
13486,0.013606771
13487,0.056121893
13488,0.15985763
13489,0.38673267
13490,0.413788
13491,0.05917952
13492,0.014729473
13493,0.026956234
13494,0.022629041
13495,0.04546481
13496,0.08238051
13497,0.15027238
13498,0.014729473
13499,0.028803447
13500,0.023990666
13501,0.028937707
13502,0.01610365
13503,0.015222406
13504,0.08980703
13505,0.109072655
13506,0.403452
13507,0.01557036
13508,0.016178587
13509,0.033210546
13510,0.08637475
13511,0.14309597
13512,0.4046822
13513,0.067219846
13514,0.01544736
13515,0.10496201
13516,0.044206314
13517,0.08312524
13518,0.16406369
13519,0.054586787
13520,0.014729473
13521,0.015848259
13522,0.014672172
13523,0.18133354
13524,0.027856916
13525,0.015886856
13526,0.029326532
13527,0.14210182
13528,0.062047236
13529,0.044990756
13530,0.017977152
13531,0.038275898
13532,0.08245763
13533,0.40855822
13534,0.033314012
13535,0.017343437
13536,0.029242046
13537,0.07100089
13538,0.05066896
13539,0.13192324
13540,0.07612491
13541,0.20591307
13542,0.09413666
13543,0.023300676
13544,0.01544736
13545,0.046036053
13546,0.03631982
13547,0.034046695
13548,0.25337222
13549,0.14128783
13550,0.019935185
13551,0.10439521
13552,0.06061762
13553,0.013771827
13554,0.014294732
13555,0.46331704
13556,0.7338828
13557,0.12166887
13558,0.07022652
13559,0.01557036
13560,0.077947
13561,0.059802003
13562,0.02854049
13563,0.16854936
13564,0.058741692
13565,0.11840298
13566,0.9712093
13567,0.017359309
13568,0.060781073
13569,0.015667189
13570,0.08823064
13571,0.07660895
13572,0.018019756
13573,0.039074637
13574,0.10076749
13575,0.45227465
13576,0.06715812
13577,0.24922064
13578,0.022218522
13579,0.044077232
13580,0.05920686
13581,0.028620379
13582,0.10103563
13583,0.031321485
13584,0.02330784
13585,0.08301332
13586,0.0376495
13587,0.027133137
13588,0.015886856
13589,0.046550695
13590,0.017208451
13591,0.14752403
13592,0.031213941
13593,0.019398972
13594,0.03051723
13595,0.06038812
13596,0.1355853
13597,0.027441684
13598,0.06167593
13599,0.5828465
13600,0.16245729
13601,0.13103126
13602,0.032268416
13603,0.08473682
13604,0.05122199
13605,0.4373303
13606,0.0344778
13607,0.014339417
13608,0.013524533
13609,0.017348027
13610,0.044484787
13611,0.09865872
13612,0.018764893
13613,0.13939123
13614,0.05573177
13615,0.03080013
13616,0.048217434
13617,0.4047099
13618,0.033665124
13619,0.017091617
13620,0.019802142
13621,0.019703394
13622,0.065554045
13623,0.059421
13624,0.11815378
13625,0.083113894
13626,0.015864372
13627,0.01576214
13628,0.014934531
13629,0.051849518
13630,0.12110011
13631,0.08823856
13632,0.055363055
13633,0.05802858
13634,0.027049886
13635,0.068211325
13636,0.01669826
13637,0.0718214
13638,0.24325451
13639,0.10780415
13640,0.05932181
13641,0.015240748
13642,0.014689115
13643,0.02894457
13644,0.019460933
13645,0.01825383
13646,0.0140485605
13647,0.01557036
13648,0.015781485
13649,0.021495016
13650,0.027946452
13651,0.05547764
13652,0.12669417
13653,0.01544736
13654,0.203634
13655,0.014547154
13656,0.26342523
13657,0.014339417
13658,0.022122227
13659,0.039447017
13660,0.015924336
13661,0.025662862
13662,0.0180511
13663,0.023514004
13664,0.017286992
13665,0.023677347
13666,0.016212221
13667,0.014339417
13668,0.044155274
13669,0.023845425
13670,0.024991816
13671,0.051399842
13672,0.01537633
13673,0.016546413
13674,0.014065065
13675,0.13534364
13676,0.028078828
13677,0.052320786
13678,0.020917635
13679,0.013361351
13680,0.014604565
13681,0.013361351
13682,0.026056534
13683,0.01557036
13684,0.07092177
13685,0.01557036
13686,0.15975027
13687,0.048350792
13688,0.06245749
13689,0.060750116
13690,0.01544736
13691,0.10937018
13692,0.04108551
13693,0.014672172
13694,0.08170853
13695,0.016738934
13696,0.08710307
13697,0.11042053
13698,0.029455008
13699,0.022438494
13700,0.027010283
13701,0.029637178
13702,0.019802142
13703,0.014672172
13704,0.016071228
13705,0.014339417
13706,0.04617123
13707,0.014396296
13708,0.057633895
13709,0.09909359
13710,0.06987181
13711,0.18459855
13712,0.01576214
13713,0.030712975
13714,0.019592453
13715,0.03335102
13716,0.013361351
13717,0.032429703
13718,0.068701245
13719,0.022722833
13720,0.022636116
13721,0.0270622
13722,0.017869998
13723,0.02745044
13724,0.01544736
13725,0.017070137
13726,0.040879272
13727,0.10637519
13728,0.104582615
13729,0.019105757
13730,0.05359492
13731,0.02016303
13732,0.035302404
13733,0.07339303
13734,0.0603219
13735,0.04459888
13736,0.08686396
13737,0.043414835
13738,0.06247716
13739,0.042771302
13740,0.037389882
13741,0.082983665
13742,0.033045296
13743,0.03553971
13744,0.024169149
13745,0.026889991
13746,0.1085929
13747,0.050820682
13748,0.07591852
13749,0.049197912
13750,0.15900214
13751,0.25417468
13752,0.02579989
13753,0.016068684
13754,0.27652416
13755,0.07339555
13756,0.19823988
13757,0.08449464
13758,0.08004677
13759,0.023725312
13760,0.022002881
13761,0.15015557
13762,0.02602025
13763,0.7988974
13764,0.15886146
13765,0.07154284
13766,0.2494712
13767,0.05438819
13768,0.028647652
13769,0.022537015
13770,0.119715996
13771,0.0359815
13772,0.017490488
13773,0.016620465
13774,0.032687303
13775,0.15542436
13776,0.13728738
13777,0.6214099
13778,0.61100066
13779,0.04630654
13780,0.1228983
13781,0.24939208
13782,0.029260743
13783,0.052611772
13784,0.043723706
13785,0.08917264
13786,0.14721172
13787,0.46118587
13788,0.084493324
13789,0.4137918
13790,0.5883927
13791,0.021532424
13792,0.5899912
13793,0.06065879
13794,0.3790816
13795,0.057174742
13796,0.08069068
13797,0.03662348
13798,0.05555511
13799,0.023916326
13800,0.113880716
13801,0.13257827
13802,0.046294764
13803,0.037760198
13804,0.053823445
13805,0.24861224
13806,0.077247225
13807,0.030514479
13808,0.06862574
13809,0.07904378
13810,0.08620258
13811,0.032441914
13812,0.034837063
13813,0.029364616
13814,0.14639883
13815,0.023472494
13816,0.044178557
13817,0.20084576
13818,0.29746273
13819,0.021638796
13820,0.08712876
13821,0.025561608
13822,0.5018665
13823,0.074591555
13824,0.10496034
13825,0.34444597
13826,0.33650386
13827,0.089236595
13828,0.046405587
13829,0.018877104
13830,0.022798447
13831,0.013378119
13832,0.050022088
13833,0.014500821
13834,0.06247716
13835,0.12649336
13836,0.06705639
13837,0.06947574
13838,0.19320765
13839,0.4573355
13840,0.016616805
13841,0.016469607
13842,0.06688582
13843,0.019474357
13844,0.0146698775
13845,0.028149232
13846,0.0219677
13847,0.05376026
13848,0.38518196
13849,0.02134072
13850,0.045239087
13851,0.10141825
13852,0.1359403
13853,0.6023694
13854,0.013819909
13855,0.05281807
13856,0.07115567
13857,0.026291579
13858,0.045294594
13859,0.066326655
13860,0.014395791
13861,0.016979799
13862,0.0255122
13863,0.15248518
13864,0.1641495
13865,0.103563614
13866,0.10125874
13867,0.08508579
13868,0.014500821
13869,0.035547815
13870,0.0425476
13871,0.052201614
13872,0.045446686
13873,0.114508495
13874,0.064575315
13875,0.14228976
13876,0.016193146
13877,0.03885133
13878,0.03742166
13879,0.020663572
13880,0.03037864
13881,0.036218822
13882,0.049516853
13883,0.066543095
13884,0.021352984
13885,0.09123537
13886,0.25125623
13887,0.25967547
13888,0.040300578
13889,0.056697413
13890,0.027283128
13891,0.10803177
13892,0.06074174
13893,0.014564804
13894,0.12494823
13895,0.028107017
13896,0.14019956
13897,0.035953477
13898,0.05237738
13899,0.04163892
13900,0.013524533
13901,0.079656504
13902,0.09461159
13903,0.20152201
13904,0.21598433
13905,0.18155533
13906,0.06433548
13907,0.045665924
13908,0.02541427
13909,0.07317355
13910,0.05540803
13911,0.0150266
13912,0.11661352
13913,0.046241857
13914,0.6040484
13915,0.13863692
13916,0.12703295
13917,0.06714609
13918,0.03567453
13919,0.028427776
13920,0.019509913
13921,0.014772486
13922,0.088786736
13923,0.023950892
13924,0.021033417
13925,0.022396805
13926,0.09189572
13927,0.05906444
13928,0.07142566
13929,0.065679476
13930,0.12264872
13931,0.19871598
13932,0.30096993
13933,0.06439257
13934,0.023220804
13935,0.096626125
13936,0.017137824
13937,0.056190614
13938,0.013771827
13939,0.022311639
13940,0.09191155
13941,0.06284197
13942,0.10971719
13943,0.039678797
13944,0.109092325
13945,0.0345841
13946,0.044408023
13947,0.033184085
13948,0.019299842
13949,0.019105757
13950,0.16420726
13951,0.05029341
13952,0.08257189
13953,0.023549555
13954,0.02662403
13955,0.03686457
13956,0.041400947
13957,0.07829683
13958,0.08119561
13959,0.13337708
13960,0.12499652
13961,0.25613287
13962,0.16402842
13963,0.17014022
13964,0.01701034
13965,0.1081949
13966,0.08319574
13967,0.014487799
13968,0.035430316
13969,0.112563446
13970,0.028276164
13971,0.027023844
13972,0.046211753
13973,0.031369
13974,0.056578644
13975,0.06729227
13976,0.032834053
13977,0.061929382
13978,0.016907297
13979,0.026375785
13980,0.03629951
13981,0.10644944
13982,0.030516447
13983,0.04727
13984,0.10933812
13985,0.062052526
13986,0.15751266
13987,0.31682172
13988,0.11414921
13989,0.12364582
13990,0.06371732
13991,0.09933582
13992,0.11127623
13993,0.106874615
13994,0.06006663
13995,0.014453706
13996,0.02016303
13997,0.26941332
13998,0.070193686
13999,0.08533572
14000,0.047396984
14001,0.089930676
14002,0.019593721
14003,0.020884082
14004,0.04077582
14005,0.2027595
14006,0.06904429
14007,0.051882535
14008,0.12702481
14009,0.647298
14010,0.07802188
14011,0.01742888
14012,0.16028617
14013,0.07322939
14014,0.2598369
14015,0.19385907
14016,0.090725586
14017,0.047988657
14018,0.10697373
14019,0.12516116
14020,0.036618315
14021,0.16941957
14022,0.0748043
14023,0.06369031
14024,0.02119824
14025,0.025255064
14026,0.062278792
14027,0.07140803
14028,0.016728392
14029,0.12558447
14030,0.12780866
14031,0.1408356
14032,0.106230326
14033,0.055414043
14034,0.1322648
14035,0.2296323
14036,0.2604031
14037,0.05909479
14038,0.014453706
14039,0.06558163
14040,0.023166344
14041,0.014396296
14042,0.10280904
14043,0.6089862
14044,0.028990747
14045,0.082056545
14046,0.41001382
14047,0.21898212
14048,0.01576214
14049,0.018313527
14050,0.051198572
14051,0.053607546
14052,0.25679725
14053,0.27725443
14054,0.07755421
14055,0.078963205
14056,0.1316024
14057,0.14567827
14058,0.14216681
14059,0.18239577
14060,0.35703054
14061,0.17541358
14062,0.05886271
14063,0.090539195
14064,0.06116266
14065,0.2573083
14066,0.96561116
14067,0.066849574
14068,0.03678522
14069,0.4173919
14070,0.019513981
14071,0.05242737
14072,0.2607273
14073,0.058887817
14074,0.09700537
14075,0.02828857
14076,0.09304137
14077,0.5987976
14078,0.044886507
14079,0.09708326
14080,0.26176602
14081,0.24528031
14082,0.26092982
14083,0.35764554
14084,0.43009943
14085,0.02419943
14086,0.33518198
14087,0.15993606
14088,0.1949379
14089,0.7693849
14090,0.45646632
14091,0.44393685
14092,0.026746659
14093,0.22610329
14094,0.047791388
14095,0.033540092
14096,0.015912997
14097,0.08881594
14098,0.0140485605
14099,0.0140485605
14100,0.033222713
14101,0.06532241
14102,0.099579655
14103,0.10497926
14104,0.11827718
14105,0.10930431
14106,0.24105968
14107,0.15883295
14108,0.024829911
14109,0.096666925
14110,0.26119024
14111,0.017208451
14112,0.041550472
14113,0.96909153
14114,0.83763385
14115,0.6260244
14116,0.013524533
14117,0.022805026
14118,0.020957943
14119,0.104688734
14120,0.44072783
14121,0.09523665
14122,0.057255935
14123,0.014294732
14124,0.06452755
14125,0.09977484
14126,0.058476977
14127,0.015222406
14128,0.43091726
14129,0.015928436
14130,0.02486582
14131,0.11448161
14132,0.12274301
14133,0.063397385
14134,0.05781357
14135,0.22556746
14136,0.15406603
14137,0.022698421
14138,0.12319458
14139,0.11921101
14140,0.107934654
14141,0.9526341
14142,0.8362235
14143,0.64764184
14144,0.01544736
14145,0.04339422
14146,0.026717523
14147,0.014787201
14148,0.42427158
14149,0.09141101
14150,0.26116917
14151,0.041052196
14152,0.11055503
14153,0.022380026
14154,0.11931516
14155,0.12754183
14156,0.12766634
14157,0.25007063
14158,0.51246154
14159,0.57261974
14160,0.2189194
14161,0.15446395
14162,0.098195076
14163,0.070423156
14164,0.11574615
14165,0.05188635
14166,0.05692146
14167,0.019055093
14168,0.11811443
14169,0.12383776
14170,0.08953635
14171,0.09319667
14172,0.023208667
14173,0.92891335
14174,0.9994452
14175,0.9576845
14176,0.15777856
14177,0.03802074
14178,0.08506077
14179,0.42335287
14180,0.019993952
14181,0.049180023
14182,0.033664152
14183,0.041454498
14184,0.109382495
14185,0.048974276
14186,0.3839815
14187,0.76889306
14188,0.07488577
14189,0.110814795
14190,0.096088074
14191,0.16707067
14192,0.059328567
14193,0.3113485
14194,0.14180732
14195,0.04421807
14196,0.10511738
14197,0.14965543
14198,0.10253836
14199,0.035009675
14200,0.025600215
14201,0.45039314
14202,0.28345215
14203,0.15536913
14204,0.06679036
14205,0.0982357
14206,0.08982527
14207,0.25734442
14208,0.031114252
14209,0.05569356
14210,0.042029824
14211,0.031384833
14212,0.039217092
14213,0.04009692
14214,0.06533264
14215,0.30388615
14216,0.80205727
14217,0.2645064
14218,0.26333988
14219,0.13069877
14220,0.19116615
14221,0.24841194
14222,0.66464955
14223,0.06132691
14224,0.02669618
14225,0.06085195
14226,0.048403583
14227,0.20237352
14228,0.25419986
14229,0.09261468
14230,0.55983895
14231,0.29125902
14232,0.218561
14233,1.0
14234,0.21170117
14235,0.026956234
14236,0.17839319
14237,0.25806388
14238,0.019813957
14239,0.041889187
14240,0.2559456
14241,0.013361351
14242,0.08586961
14243,0.043248452
14244,0.037547506
14245,0.059474565
14246,0.13750756
14247,0.43237594
14248,0.27353084
14249,0.48855308
14250,0.44538257
14251,0.15461166
14252,0.20061
14253,0.25850412
14254,0.025479818
14255,0.15617266
14256,0.088802665
14257,0.045453276
14258,0.45692086
14259,0.2743434
14260,0.094466396
14261,0.6424238
14262,0.3818769
14263,0.013524533
14264,0.089127585
14265,0.1413092
14266,0.09241309
14267,0.03470239
14268,0.022827508
14269,0.016200477
14270,0.031856537
14271,0.10460658
14272,0.098035924
14273,0.096763216
14274,0.14443524
14275,0.4439998
14276,0.7705954
14277,0.47207946
14278,0.24337976
14279,0.5145252
14280,0.12425986
14281,0.018937098
14282,0.08409388
14283,0.083873555
14284,0.11675378
14285,0.17149909
14286,0.086055845
14287,0.024496602
14288,0.07949746
14289,0.15983017
14290,0.037275385
14291,0.088533826
14292,0.018412558
14293,0.03126749
14294,0.013361351
14295,0.015467825
14296,0.037922174
14297,0.06369742
14298,0.061440744
14299,0.0790991
14300,0.24131271
14301,0.17470975
14302,0.2808659
14303,0.7038509
14304,0.71026826
14305,0.40898535
14306,0.1349279
14307,0.021989414
14308,0.04803521
14309,0.10324782
14310,0.027063757
14311,0.026179448
14312,0.97315335
14313,0.044187736
14314,0.019014545
14315,0.07547517
14316,0.05642346
14317,0.115208924
14318,0.028057402
14319,0.06833718
14320,0.031178499
14321,0.07142601
14322,0.017810078
14323,0.01735214
14324,0.057726607
14325,0.091725774
14326,0.11511799
14327,0.7260417
14328,0.38691998
14329,0.13856208
14330,0.9321917
14331,0.40433115
14332,0.47712085
14333,0.25735387
14334,0.055228937
14335,0.038138144
14336,0.026166385
14337,0.068361945
14338,0.06816845
14339,0.07684386
14340,0.47599593
14341,0.111025296
14342,0.3688595
14343,0.021757858
14344,0.08541915
14345,0.11125493
14346,0.124395214
14347,0.2520372
14348,0.04410701
14349,0.024128566
14350,0.014294732
14351,0.042472713
14352,0.16817853
14353,0.7627652
14354,0.3441474
14355,0.6771957
14356,0.3998332
14357,0.42309195
14358,0.16696957
14359,0.11083618
14360,0.06169523
14361,0.016381541
14362,0.025641521
14363,0.02929552
14364,0.14655761
14365,0.12826319
14366,0.08168019
14367,0.26068392
14368,0.024395674
14369,0.059519585
14370,0.018316394
14371,0.2576434
14372,0.033339776
14373,0.015956225
14374,0.014787201
14375,0.13318959
14376,0.23753323
14377,0.035333283
14378,0.28947088
14379,0.25760067
14380,0.08553747
14381,0.11526253
14382,0.031154409
14383,0.12264063
14384,0.08015771
14385,0.04607469
14386,0.13829538
14387,0.137464
14388,0.030354407
14389,0.015222406
14390,0.16041264
14391,0.025662862
14392,0.12379391
14393,0.030714361
14394,0.1532966
14395,0.044311002
14396,0.048988543
14397,0.015222406
14398,0.05549632
14399,0.17347261
14400,0.40045616
14401,0.6161488
14402,0.0929072
14403,0.022347959
14404,0.023928827
14405,0.043079153
14406,0.064718954
14407,0.14610323
14408,0.014729473
14409,0.02449997
14410,0.01576214
14411,0.025399657
14412,0.014396296
14413,0.017070137
14414,0.09517464
14415,0.11850673
14416,0.43469724
14417,0.0152995875
14418,0.0152995875
14419,0.042794406
14420,0.08329504
14421,0.115007006
14422,0.42836738
14423,0.119388625
14424,0.014689115
14425,0.20330597
14426,0.059572432
14427,0.065551154
14428,0.11776702
14429,0.046153083
14430,0.025940606
14431,0.25964934
14432,0.01669826
14433,0.027107244
14434,0.14351805
14435,0.070077084
14436,0.04641858
14437,0.022749959
14438,0.03660038
14439,0.069994755
14440,0.39781836
14441,0.041900817
14442,0.017249452
14443,0.05004716
14444,0.055803005
14445,0.26347136
14446,0.051978063
14447,0.19493648
14448,0.14875762
14449,0.03102252
14450,0.01544736
14451,0.072457016
14452,0.04846703
14453,0.025426947
14454,0.2541076
14455,0.066849574
14456,0.13888998
14457,0.074014686
14458,0.05956323
14459,0.014553537
14460,0.014553537
14461,0.48879248
14462,0.6763094
14463,0.15289503
14464,0.07441698
14465,0.02355467
14466,0.10885971
14467,0.06873246
14468,0.039895695
14469,0.11445762
14470,0.11240921
14471,0.096405424
14472,0.99652267
14473,0.054068435
14474,0.12573406
14475,0.09676915
14476,0.033258893
14477,0.13498975
14478,0.35839903
14479,0.07434789
14480,0.13881713
14481,0.022629011
14482,0.024798846
14483,0.060444616
14484,0.027234858
14485,0.092960276
14486,0.037344266
14487,0.034173705
14488,0.06463081
14489,0.09112561
14490,0.055386852
14491,0.030782863
14492,0.056742296
14493,0.016956039
14494,0.12264549
14495,0.037694108
14496,0.015928436
14497,0.063322365
14498,0.076449275
14499,0.10185407
14500,0.01897738
14501,0.026520232
14502,0.06510852
14503,0.68424654
14504,0.074751966
14505,0.14018995
14506,0.044350896
14507,0.03246486
14508,0.08867777
14509,0.0647096
14510,0.01576214
14511,0.028141243
14512,0.26289684
14513,0.039718807
14514,0.017348027
14515,0.045614608
14516,0.21691807
14517,0.026085991
14518,0.014672172
14519,0.114497975
14520,0.061370447
14521,0.022290107
14522,0.04735003
14523,0.39490494
14524,0.01755671
14525,0.01557036
14526,0.014689115
14527,0.063129105
14528,0.04651013
14529,0.11289894
14530,0.07266697
14531,0.027063757
14532,0.021070892
14533,0.05672945
14534,0.18062927
14535,0.06581954
14536,0.0656575
14537,0.07330168
14538,0.03178818
14539,0.057079874
14540,0.06926565
14541,0.2570116
14542,0.12456189
14543,0.058512032
14544,0.0150266
14545,0.015557032
14546,0.02711572
14547,0.014672172
14548,0.018751524
14549,0.014866259
14550,0.019802142
14551,0.01557036
14552,0.017834602
14553,0.03960594
14554,0.055149756
14555,0.12848945
14556,0.01544736
14557,0.13774763
14558,0.014604565
14559,0.19229631
14560,0.014339417
14561,0.019885138
14562,0.040330604
14563,0.015296925
14564,0.015956225
14565,0.017806023
14566,0.022021173
14567,0.0140485605
14568,0.017016223
14569,0.01576214
14570,0.01576214
14571,0.016212221
14572,0.06834015
14573,0.013361351
14574,0.047492474
14575,0.031221138
14576,0.041773763
14577,0.015834631
14578,0.013606771
14579,0.13335204
14580,0.030697338
14581,0.043915853
14582,0.014339417
14583,0.024873396
14584,0.014689115
14585,0.017070137
14586,0.1452814
14587,0.014339417
14588,0.17315592
14589,0.05825946
14590,0.06167277
14591,0.08619506
14592,0.12088053
14593,0.0427614
14594,0.014672172
14595,0.10011827
14596,0.01702979
14597,0.09871009
14598,0.013771827
14599,0.116438106
14600,0.023611493
14601,0.028193967
14602,0.038375963
14603,0.022529887
14604,0.022290107
14605,0.01576214
14606,0.014672172
14607,0.0147167165
14608,0.04343831
14609,0.0147167165
14610,0.019913075
14611,0.08944067
14612,0.086802535
14613,0.029660182
14614,0.12399207
14615,0.01576214
14616,0.02054759
14617,0.050317686
14618,0.0497097
14619,0.01353456
14620,0.020067256
14621,0.049885105
14622,0.029134627
14623,0.026318986
14624,0.034242094
14625,0.019509913
14626,0.03136722
14627,0.014689115
14628,0.024606423
14629,0.10321866
14630,0.19775352
14631,0.082286686
14632,0.019593721
14633,0.020475145
14634,0.09764308
14635,0.05391027
14636,0.035853893
14637,0.043661185
14638,0.02595624
14639,0.04479418
14640,0.03285907
14641,0.11340866
14642,0.042953357
14643,0.0359815
14644,0.02180164
14645,0.048163656
14646,0.035989612
14647,0.09933092
14648,0.03160609
14649,0.24571167
14650,0.28239623
14651,0.020544257
14652,0.04081086
14653,0.32783505
14654,0.11272001
14655,0.19973709
14656,0.31641185
14657,0.15047912
14658,0.03423434
14659,0.022706429
14660,0.013295881
14661,0.08990803
14662,0.17333141
14663,0.71894526
14664,0.20984219
14665,0.037592866
14666,0.39109865
14667,0.0553667
14668,0.015332156
14669,0.037508935
14670,0.02163522
14671,0.08942941
14672,0.032796044
14673,0.015776727
14674,0.101219654
14675,0.079738446
14676,0.17204593
14677,0.62106156
14678,0.6151109
14679,0.12946002
14680,0.24294895
14681,0.16436625
14682,0.021695979
14683,0.052611772
14684,0.040671896
14685,0.07812024
14686,0.065082595
14687,0.47571507
14688,0.15339257
14689,0.19360638
14690,0.6119493
14691,0.15075119
14692,0.020456854
14693,0.6257709
14694,0.068211004
14695,0.38357347
14696,0.05366203
14697,0.048558883
14698,0.059143852
14699,0.023287416
14700,0.14624225
14701,0.118206434
14702,0.10265163
14703,0.052883696
14704,0.28172314
14705,0.06993921
14706,0.013754176
14707,0.041840777
14708,0.051216837
14709,0.079890095
14710,0.12009598
14711,0.031207997
14712,0.049136437
14713,0.0416878
14714,0.13455845
14715,0.026012339
14716,0.18166724
14717,0.24918622
14718,0.021395616
14719,0.05425212
14720,0.023507662
14721,0.01444352
14722,0.51331705
14723,0.15016146
14724,0.14377642
14725,0.44063455
14726,0.32985732
14727,0.11974344
14728,0.057375032
14729,0.022647738
14730,0.013295881
14731,0.041256003
14732,0.014500821
14733,0.06238747
14734,0.09110649
14735,0.047914796
14736,0.09873617
14737,0.16782558
14738,0.44821262
14739,0.21939726
14740,0.051982336
14741,0.024339661
14742,0.046764843
14743,0.029260743
14744,0.04725782
14745,0.36936155
14746,0.020573761
14747,0.04844658
14748,0.0950852
14749,0.052618943
14750,0.15183061
14751,0.575265
14752,0.04946875
14753,0.07845352
14754,0.018167946
14755,0.015914096
14756,0.048740786
14757,0.06470452
14758,0.026606735
14759,0.016841484
14760,0.029173208
14761,0.11127466
14762,0.19047502
14763,0.097675174
14764,0.09982287
14765,0.07833629
14766,0.016899318
14767,0.04411132
14768,0.038129926
14769,0.037962444
14770,0.042602107
14771,0.1225361
14772,0.061119214
14773,0.14589387
14774,0.015863435
14775,0.03628074
14776,0.03652341
14777,0.019283066
14778,0.019585054
14779,0.03860651
14780,0.049127948
14781,0.021964924
14782,0.029260743
14783,0.08799548
14784,0.2589219
14785,0.26063254
14786,0.047991604
14787,0.045634508
14788,0.03352482
14789,0.1144748
14790,0.0796601
14791,0.016705232
14792,0.05735559
14793,0.016992342
14794,0.03557419
14795,0.1489304
14796,0.040021136
14797,0.058384683
14798,0.044749737
14799,0.014488819
14800,0.08022056
14801,0.067204796
14802,0.1783614
14803,0.12138028
14804,0.16434768
14805,0.06480388
14806,0.048843645
14807,0.01783314
14808,0.099778965
14809,0.062597185
14810,0.014396296
14811,0.014729473
14812,0.12074406
14813,0.053740107
14814,0.5893071
14815,0.13585526
14816,0.026559776
14817,0.14383179
14818,0.050034314
14819,0.04373263
14820,0.01948278
14821,0.08926588
14822,0.0140485605
14823,0.022976004
14824,0.024946837
14825,0.10443171
14826,0.06333904
14827,0.073432945
14828,0.09367486
14829,0.120431
14830,0.17610152
14831,0.41624406
14832,0.068209745
14833,0.025199661
14834,0.0937738
14835,0.028179599
14836,0.060202233
14837,0.013606771
14838,0.022475448
14839,0.11056992
14840,0.062292963
14841,0.10994353
14842,0.036503676
14843,0.11478128
14844,0.038417786
14845,0.039920706
14846,0.033184085
14847,0.12769037
14848,0.027179083
14849,0.07865104
14850,0.026100403
14851,0.014772486
14852,0.014563379
14853,0.03843066
14854,0.0454726
14855,0.08530386
14856,0.08851389
14857,0.20600007
14858,0.112619504
14859,0.25627217
14860,0.13315606
14861,0.14844821
14862,0.017333176
14863,0.1024659
14864,0.015360917
14865,0.09320269
14866,0.05054778
14867,0.10260993
14868,0.047921218
14869,0.02175326
14870,0.042999882
14871,0.03490286
14872,0.051077865
14873,0.06774653
14874,0.04080236
14875,0.062263496
14876,0.015560143
14877,0.018124258
14878,0.10840176
14879,0.030516447
14880,0.060336087
14881,0.10235335
14882,0.067269556
14883,0.25352302
14884,0.33045962
14885,0.11428552
14886,0.12621458
14887,0.08946868
14888,0.09694224
14889,0.10919652
14890,0.09920655
14891,0.06853784
14892,0.028398478
14893,0.40879744
14894,0.07091737
14895,0.09934952
14896,0.05699156
14897,0.01779647
14898,0.01647663
14899,0.021985034
14900,0.04192172
14901,0.20045939
14902,0.060771856
14903,0.06957025
14904,0.1545273
14905,0.67331374
14906,0.07751253
14907,0.019857185
14908,0.17886484
14909,0.068463184
14910,0.25846404
14911,0.19348595
14912,0.09256187
14913,0.047864992
14914,0.11819834
14915,0.22145201
14916,0.035539344
14917,0.12161367
14918,0.08859115
14919,0.07500921
14920,0.01669826
14921,0.0308178
14922,0.063694105
14923,0.06933004
14924,0.017170385
14925,0.13212243
14926,0.1330902
14927,0.15676993
14928,0.10343478
14929,0.09518983
14930,0.14451537
14931,0.18382426
14932,0.260841
14933,0.06727536
14934,0.064110495
14935,0.022365544
14936,0.014396296
14937,0.07309734
14938,0.5765915
14939,0.07085655
14940,0.089740686
14941,0.42386302
14942,0.22754978
14943,0.01576214
14944,0.01799306
14945,0.014453706
14946,0.06563824
14947,0.054508
14948,0.26081157
14949,0.26208994
14950,0.07443691
14951,0.07512105
14952,0.21456148
14953,0.1471771
14954,0.14335673
14955,0.18949321
14956,0.34892407
14957,0.14080694
14958,0.06917961
14959,0.09320569
14960,0.0644015
14961,0.28508925
14962,0.969064
14963,0.066759884
14964,0.035793856
14965,0.41829807
14966,0.015560808
14967,0.060226236
14968,0.2599646
14969,0.017043557
14970,0.03085747
14971,0.049346153
14972,0.09143869
14973,0.030581782
14974,0.085218616
14975,0.5644926
14976,0.033147074
14977,0.09527754
14978,0.26295677
14979,0.1349249
14980,0.2586429
14981,0.3646898
14982,0.4243232
14983,0.023051789
14984,0.24291864
14985,0.1261936
14986,0.12390948
14987,0.7696031
14988,0.27212173
14989,0.34407952
14990,0.04307466
14991,0.21817498
14992,0.06901066
14993,0.017524315
14994,0.015474419
14995,0.081893586
14996,0.0140485605
14997,0.013896634
14998,0.0279041
14999,0.07480497
15000,0.09922776
15001,0.102538675
15002,0.114119194
15003,0.10755365
15004,0.22536452
15005,0.13951452
15006,0.02502518
15007,0.095257506
15008,0.26009926
15009,0.017070137
15010,0.04542613
15011,0.9752019
15012,0.77504617
15013,0.6539795
15014,0.021767689
15015,0.019398972
15016,0.11058548
15017,0.42942625
15018,0.097901985
15019,0.062343374
15020,0.013896634
15021,0.015754903
15022,0.05706238
15023,0.09196888
15024,0.09072766
15025,0.015222406
15026,0.44416165
15027,0.015928436
15028,0.026741134
15029,0.12476051
15030,0.123650976
15031,0.082277246
15032,0.049328413
15033,0.25044188
15034,0.13696572
15035,0.027093735
15036,0.14639486
15037,0.14776248
15038,0.12003058
15039,0.9815734
15040,0.7525522
15041,0.70359606
15042,0.015879571
15043,0.07648595
15044,0.023462208
15045,0.0140485605
15046,0.2832609
15047,0.08725876
15048,0.32769233
15049,0.0410842
15050,0.11354108
15051,0.022380026
15052,0.1166918
15053,0.12835231
15054,0.12483273
15055,0.24076933
15056,0.5100577
15057,0.5931874
15058,0.2170339
15059,0.17106074
15060,0.09267222
15061,0.05173768
15062,0.11929544
15063,0.05346505
15064,0.045743316
15065,0.01877836
15066,0.13303092
15067,0.12069186
15068,0.07923681
15069,0.1160411
15070,0.02321428
15071,0.9732464
15072,0.9973697
15073,0.96510214
15074,0.12752645
15075,0.05259519
15076,0.11557892
15077,0.42328182
15078,0.029329909
15079,0.018352542
15080,0.01859945
15081,0.0333964
15082,0.09905502
15083,0.058912992
15084,0.3878144
15085,0.9816865
15086,0.10017714
15087,0.12883364
15088,0.08767794
15089,0.25148675
15090,0.06725005
15091,0.3191317
15092,0.2559919
15093,0.033998154
15094,0.14141676
15095,0.11518818
15096,0.11710701
15097,0.049872853
15098,0.025806624
15099,0.26647532
15100,0.26276073
15101,0.18372099
15102,0.0851002
15103,0.022156218
15104,0.116831616
15105,0.09997793
15106,0.2561867
15107,0.03351109
15108,0.04634316
15109,0.05638358
15110,0.03687773
15111,0.050697796
15112,0.05313219
15113,0.04702924
15114,0.33253813
15115,0.7930844
15116,0.41704518
15117,0.19046184
15118,0.11829556
15119,0.18436588
15120,0.22203483
15121,0.66599536
15122,0.055778924
15123,0.03391512
15124,0.043980107
15125,0.18532087
15126,0.2550513
15127,0.13257025
15128,0.34304574
15129,0.28372747
15130,0.22296192
15131,1.0
15132,0.13219267
15133,0.015832877
15134,0.19221365
15135,0.25491267
15136,0.04380734
15137,0.41874364
15138,0.08350377
15139,0.043341838
15140,0.038130578
15141,0.04493881
15142,0.12811916
15143,0.42037904
15144,0.26513103
15145,0.4929778
15146,0.26636088
15147,0.15914375
15148,0.19330125
15149,0.26328054
15150,0.01701034
15151,0.12774855
15152,0.07723029
15153,0.04139854
15154,0.45529938
15155,0.2717723
15156,0.0721814
15157,0.675707
15158,0.38603392
15159,0.013524533
15160,0.07412345
15161,0.14056057
15162,0.09969861
15163,0.041407574
15164,0.025038172
15165,0.018874919
15166,0.032608733
15167,0.09300337
15168,0.101538114
15169,0.097084865
15170,0.1360398
15171,0.44357982
15172,0.7708135
15173,0.45822364
15174,0.41897413
15175,0.5051531
15176,0.11383967
15177,0.019633638
15178,0.07304498
15179,0.12520902
15180,0.14210173
15181,0.17213722
15182,0.08566117
15183,0.026309695
15184,0.06062053
15185,0.19548932
15186,0.038110774
15187,0.12973693
15188,0.021254217
15189,0.01600538
15190,0.03764744
15191,0.016868424
15192,0.016590532
15193,0.014729473
15194,0.04112254
15195,0.06144783
15196,0.09003852
15197,0.09063782
15198,0.23816109
15199,0.18341123
15200,0.2775082
15201,0.712353
15202,0.7132846
15203,0.2616199
15204,0.17037511
15205,0.041907813
15206,0.022006081
15207,0.048364412
15208,0.10907131
15209,0.016491417
15210,0.02591092
15211,0.9730774
15212,0.04146775
15213,0.016170988
15214,0.11295058
15215,0.06605399
15216,0.09005661
15217,0.029262334
15218,0.047540396
15219,0.027390594
15220,0.059317425
15221,0.017856773
15222,0.019488199
15223,0.053188518
15224,0.10138027
15225,0.12841083
15226,0.7172776
15227,0.38093638
15228,0.15985607
15229,0.8424905
15230,0.4181285
15231,0.46915796
15232,0.25858462
15233,0.033920288
15234,0.029805075
15235,0.02364772
15236,0.050590385
15237,0.047430377
15238,0.034685396
15239,0.07615133
15240,0.4750383
15241,0.100441575
15242,0.3646671
15243,0.028398478
15244,0.08789666
15245,0.11198053
15246,0.116842456
15247,0.19568159
15248,0.052346073
15249,0.02291109
15250,0.058634248
15251,0.16608451
15252,0.8315328
15253,0.33056763
15254,0.66756827
15255,0.40259844
15256,0.26198542
15257,0.21525694
15258,0.11177502
15259,0.04834208
15260,0.01948278
15261,0.0272734
15262,0.13288939
15263,0.16796814
15264,0.084803745
15265,0.1803634
15266,0.060942374
15267,0.014950383
15268,0.2658484
15269,0.028823845
15270,0.014880331
15271,0.014604565
15272,0.15669979
15273,0.24830443
15274,0.03688124
15275,0.013361351
15276,0.17522965
15277,0.25760067
15278,0.08764668
15279,0.116429925
15280,0.034234963
15281,0.1090194
15282,0.08296775
15283,0.026086869
15284,0.1270707
15285,0.11945314
15286,0.031733222
15287,0.0140485605
15288,0.13108613
15289,0.015483773
15290,0.098435916
15291,0.031221079
15292,0.18365204
15293,0.0434782
15294,0.04201706
15295,0.049476303
15296,0.15307021
15297,0.39137122
15298,0.6315453
15299,0.09774083
15300,0.0183966
15301,0.032625727
15302,0.026207771
15303,0.05826669
15304,0.029070437
15305,0.07129795
15306,0.11075293
15307,0.014729473
15308,0.025998628
15309,0.015560808
15310,0.031456977
15311,0.0176993
15312,0.014396296
15313,0.10258184
15314,0.10039393
15315,0.43591884
15316,0.015560808
15317,0.015195903
15318,0.04602719
15319,0.09987212
15320,0.11032764
15321,0.42275965
15322,0.121785864
15323,0.015210059
15324,0.014689115
15325,0.14662237
15326,0.028661551
15327,0.08909685
15328,0.11234346
15329,0.057380646
15330,0.014453706
15331,0.014729473
15332,0.0188188
15333,0.014672172
15334,0.33113256
15335,0.01669826
15336,0.031267893
15337,0.12755328
15338,0.06997364
15339,0.041027553
15340,0.031178528
15341,0.046707578
15342,0.069096304
15343,0.41475043
15344,0.032502517
15345,0.019922059
15346,0.046157308
15347,0.041040853
15348,0.08895712
15349,0.2570552
15350,0.052422266
15351,0.18699452
15352,0.14443141
15353,0.024455445
15354,0.04596712
15355,0.048261825
15356,0.024842339
15357,0.17129211
15358,0.066759884
15359,0.01669826
15360,0.12741263
15361,0.016940081
15362,0.07357311
15363,0.06097069
15364,0.0147167165
15365,0.48995247
15366,0.68763095
15367,0.147648
15368,0.07659975
15369,0.0152995875
15370,0.105074964
15371,0.059528705
15372,0.039891172
15373,0.18902744
15374,0.11220119
15375,0.0968186
15376,0.92694813
15377,0.017252656
15378,0.06614514
15379,0.022711776
15380,0.081212945
15381,0.086695135
15382,0.01557036
15383,0.05035474
15384,0.14860085
15385,0.34382004
15386,0.06432743
15387,0.19282939
15388,0.023804156
15389,0.03036612
15390,0.092442654
15391,0.041358583
15392,0.034239672
15393,0.06454112
15394,0.06558407
15395,0.053679954
15396,0.03150572
15397,0.05491681
15398,0.032073587
15399,0.120281994
15400,0.053497262
15401,0.015622502
15402,0.04688379
15403,0.082018875
15404,0.093955286
15405,0.02907395
15406,0.025388487
15407,0.05022399
15408,0.73454154
15409,0.059818745
15410,0.16144778
15411,0.074574314
15412,0.030081237
15413,0.06852478
15414,0.058648355
15415,0.0152995875
15416,0.03259626
15417,0.42596936
15418,0.05414176
15419,0.013524533
15420,0.014729473
15421,0.04244395
15422,0.11940344
15423,0.02016303
15424,0.11617826
15425,0.031229535
15426,0.018243914
15427,0.0473778
15428,0.40436086
15429,0.023375582
15430,0.01713909
15431,0.014211323
15432,0.024565013
15433,0.052366577
15434,0.040780455
15435,0.11622117
15436,0.091489345
15437,0.020481637
15438,0.014934531
15439,0.065686345
15440,0.11949596
15441,0.122422025
15442,0.058804575
15443,0.09065329
15444,0.031764444
15445,0.04628094
15446,0.10821747
15447,0.2511825
15448,0.11724717
15449,0.014374504
15450,0.015240748
15451,0.041198924
15452,0.014902682
15453,0.029070437
15454,0.023147779
15455,0.019802142
15456,0.018813662
15457,0.014604565
15458,0.026362626
15459,0.01557036
15460,0.014689115
15461,0.021775126
15462,0.036422487
15463,0.04892747
15464,0.10783071
15465,0.06597195
15466,0.12746988
15467,0.0147167165
15468,0.3569474
15469,0.019774206
15470,0.04053647
15471,0.01813658
15472,0.017946213
15473,0.021881463
15474,0.027072266
15475,0.027778352
15476,0.015560808
15477,0.01600538
15478,0.06906784
15479,0.029155074
15480,0.030252466
15481,0.041876156
15482,0.016491417
15483,0.013606771
15484,0.013524533
15485,0.11385512
15486,0.026164124
15487,0.052217796
15488,0.013361351
15489,0.014339417
15490,0.024941621
15491,0.014852295
15492,0.11988871
15493,0.015531607
15494,0.014689115
15495,0.26217562
15496,0.05672032
15497,0.07000872
15498,0.08264403
15499,0.07090787
15500,0.032913584
15501,0.0152995875
15502,0.11206093
15503,0.01887324
15504,0.1156848
15505,0.013606771
15506,0.119543985
15507,0.015781485
15508,0.025017848
15509,0.041444514
15510,0.02269307
15511,0.013606771
15512,0.015313867
15513,0.014626914
15514,0.014604565
15515,0.046015125
15516,0.014396296
15517,0.014512625
15518,0.09382951
15519,0.067593284
15520,0.022889169
15521,0.12305053
15522,0.023812858
15523,0.026885765
15524,0.016818857
15525,0.047708135
15526,0.032436773
15527,0.019513981
15528,0.037118293
15529,0.022711776
15530,0.030019185
15531,0.015210059
15532,0.042836256
15533,0.1159904
15534,0.25705853
15535,0.07276386
15536,0.01633514
15537,0.03227164
15538,0.03443611
15539,0.04719642
15540,0.029316092
15541,0.04426457
15542,0.033838212
15543,0.13630773
15544,0.033553805
15545,0.02371623
15546,0.124365486
15547,0.036471114
15548,0.1742283
15549,0.029704317
15550,0.37690663
15551,0.29037815
15552,0.0427254
15553,0.32626742
15554,0.07711715
15555,0.41820222
15556,0.15873145
15557,0.14931569
15558,0.041814316
15559,0.023549316
15560,0.094249226
15561,0.015776727
15562,0.17394146
15563,0.20059167
15564,0.026200172
15565,0.66991574
15566,0.15285422
15567,0.037738472
15568,0.24362986
15569,0.043683637
15570,0.05904531
15571,0.02185855
15572,0.06713324
15573,0.05017557
15574,0.017170032
15575,0.022407463
15576,0.14908515
15577,0.6299917
15578,0.5943154
15579,0.045868486
15580,0.12949884
15581,0.14883232
15582,0.021695979
15583,0.054195214
15584,0.042545233
15585,0.06835092
15586,0.04683862
15587,0.43927065
15588,0.16087048
15589,0.19494684
15590,0.6014751
15591,0.1224265
15592,0.021289244
15593,0.60928077
15594,0.032947145
15595,0.06642523
15596,0.404014
15597,0.0523634
15598,0.109460056
15599,0.02682555
15600,0.06687423
15601,0.07864056
15602,0.15122208
15603,0.056591336
15604,0.03034268
15605,0.054466847
15606,0.39562342
15607,0.058155928
15608,0.035545036
15609,0.075003795
15610,0.06523358
15611,0.08660237
15612,0.049499568
15613,0.031924974
15614,0.013295881
15615,0.029364616
15616,0.077414185
15617,0.026566453
15618,0.0921112
15619,0.14681761
15620,0.05008037
15621,0.24539919
15622,0.021395616
15623,0.041895732
15624,0.085401565
15625,0.023855805
15626,0.014564804
15627,0.48088393
15628,0.1147425
15629,0.078905635
15630,0.27636203
15631,0.40704986
15632,0.091114454
15633,0.06209919
15634,0.014564804
15635,0.032397076
15636,0.016587602
15637,0.013378119
15638,0.037675474
15639,0.01760731
15640,0.058585946
15641,0.06488476
15642,0.09436678
15643,0.24826483
15644,0.43072915
15645,0.013819909
15646,0.016910437
15647,0.025091384
15648,0.044044998
15649,0.014694909
15650,0.020316701
15651,0.028095443
15652,0.26549286
15653,0.02191431
15654,0.09413274
15655,0.01444352
15656,0.08543547
15657,0.23031466
15658,0.5981833
15659,0.05484992
15660,0.071376726
15661,0.018635035
15662,0.019365069
15663,0.048378445
15664,0.06606912
15665,0.014259147
15666,0.024810642
15667,0.014500821
15668,0.11103088
15669,0.1474449
15670,0.09633396
15671,0.09562408
15672,0.088705674
15673,0.044570714
15674,0.037848946
15675,0.037820883
15676,0.08080307
15677,0.11609957
15678,0.059412323
15679,0.110498965
15680,0.023244143
15681,0.061411347
15682,0.036797456
15683,0.018220603
15684,0.021828374
15685,0.032518815
15686,0.04575899
15687,0.01797523
15688,0.07777891
15689,0.30655667
15690,0.25965708
15691,0.06037314
15692,0.048069783
15693,0.026677506
15694,0.13143462
15695,0.07678929
15696,0.014707017
15697,0.055617046
15698,0.024633091
15699,0.028690156
15700,0.17304727
15701,0.043382876
15702,0.04405146
15703,0.044749737
15704,0.12415871
15705,0.08675848
15706,0.2046361
15707,0.2078351
15708,0.14719458
15709,0.067877956
15710,0.05541352
15711,0.01783314
15712,0.074715674
15713,0.058904123
15714,0.014396296
15715,0.2415565
15716,0.07638088
15717,0.6104535
15718,0.12763153
15719,0.16517203
15720,0.05663356
15721,0.037439156
15722,0.025676649
15723,0.10607228
15724,0.015387849
15725,0.021033417
15726,0.04065311
15727,0.10578217
15728,0.06044739
15729,0.068089634
15730,0.070515536
15731,0.12069719
15732,0.1914793
15733,0.4111776
15734,0.07681924
15735,0.032536097
15736,0.0986173
15737,0.029059166
15738,0.055039976
15739,0.026357109
15740,0.10296647
15741,0.053184386
15742,0.10633301
15743,0.031754874
15744,0.106374025
15745,0.0321574
15746,0.08002773
15747,0.043782234
15748,0.029485883
15749,0.17761277
15750,0.014487799
15751,0.040677756
15752,0.07453519
15753,0.049120925
15754,0.014772486
15755,0.02890079
15756,0.037613828
15757,0.07710519
15758,0.08642259
15759,0.15374298
15760,0.14001232
15761,0.32739046
15762,0.13408865
15763,0.17435284
15764,0.020481637
15765,0.10731432
15766,0.015001885
15767,0.06803367
15768,0.034272566
15769,0.13846667
15770,0.046124622
15771,0.027441684
15772,0.043268416
15773,0.03748566
15774,0.04719564
15775,0.068479754
15776,0.03377893
15777,0.053649005
15778,0.032964766
15779,0.111002564
15780,0.034202665
15781,0.04725454
15782,0.10333846
15783,0.088848144
15784,0.1693222
15785,0.47917786
15786,0.12664242
15787,0.12509297
15788,0.057647407
15789,0.10841555
15790,0.09245335
15791,0.10907892
15792,0.054645557
15793,0.014396296
15794,0.027441684
15795,0.41383204
15796,0.07468029
15797,0.0954774
15798,0.04629885
15799,0.06681321
15800,0.01779647
15801,0.01948278
15802,0.020292295
15803,0.054516234
15804,0.22807111
15805,0.05911232
15806,0.051950395
15807,0.15358382
15808,0.69168484
15809,0.07618081
15810,0.019956315
15811,0.30803904
15812,0.05919863
15813,0.25927263
15814,0.2335696
15815,0.08884844
15816,0.04825293
15817,0.049696323
15818,0.106469646
15819,0.15835196
15820,0.050908588
15821,0.13612098
15822,0.11574104
15823,0.068003766
15824,0.01669826
15825,0.0150266
15826,0.022955514
15827,0.024220116
15828,0.07152446
15829,0.06659022
15830,0.017288387
15831,0.12151791
15832,0.12946983
15833,0.1375794
15834,0.09609597
15835,0.08251175
15836,0.15279746
15837,0.18934977
15838,0.25739524
15839,0.071064465
15840,0.06862681
15841,0.037027694
15842,0.11418084
15843,0.6119506
15844,0.04417128
15845,0.07501213
15846,0.4063901
15847,0.16239996
15848,0.01576214
15849,0.06506254
15850,0.26132435
15851,0.25601354
15852,0.014453706
15853,0.074766695
15854,0.07434277
15855,0.22554785
15856,0.1552377
15857,0.17493144
15858,0.17952204
15859,0.3605127
15860,0.1413426
15861,0.062525734
15862,0.09189588
15863,0.06336552
15864,0.30266234
15865,0.91009474
15866,0.066967905
15867,0.029117936
15868,0.4173919
15869,0.051925477
15870,0.26408547
15871,0.016816255
15872,0.017697798
15873,0.05003362
15874,0.09856965
15875,0.017281398
15876,0.061442185
15877,0.013361351
15878,0.5875196
15879,0.0390423
15880,0.115517706
15881,0.19371288
15882,0.12452135
15883,0.18996222
15884,0.35610664
15885,0.42418936
15886,0.024283776
15887,0.24804376
15888,0.14819434
15889,0.10954679
15890,0.74565154
15891,0.4396413
15892,0.33201054
15893,0.024283739
15894,0.20499082
15895,0.08373171
15896,0.016870325
15897,0.015385588
15898,0.058550775
15899,0.013896634
15900,0.033498473
15901,0.0848516
15902,0.10503233
15903,0.099993825
15904,0.115962036
15905,0.1081479
15906,0.21098845
15907,0.1261122
15908,0.023257295
15909,0.09566584
15910,0.32942203
15911,0.01713909
15912,0.044029694
15913,0.96909153
15914,0.7745408
15915,0.7513796
15916,0.021498732
15917,0.016590532
15918,0.10674547
15919,0.43984058
15920,0.09996419
15921,0.07504255
15922,0.068427764
15923,0.07378131
15924,0.08293097
15925,0.014547154
15926,0.452286
15927,0.015832877
15928,0.036192022
15929,0.11524191
15930,0.1219638
15931,0.061143223
15932,0.04938791
15933,0.3120821
15934,0.27017763
15935,0.03018865
15936,0.10682757
15937,0.10795488
15938,0.10607398
15939,0.97614294
15940,0.927486
15941,0.6974553
15942,0.024408827
15943,0.056103997
15944,0.023828492
15945,0.41408816
15946,0.087362625
15947,0.33193767
15948,0.054450482
15949,0.11465641
15950,0.022380026
15951,0.124952845
15952,0.18258528
15953,0.14304264
15954,0.19387868
15955,0.5105195
15956,0.5855307
15957,0.21798453
15958,0.1722671
15959,0.09130133
15960,0.058192596
15961,0.112879485
15962,0.05041144
15963,0.044437654
15964,0.018531067
15965,0.16493039
15966,0.13738835
15967,0.11361513
15968,0.09653545
15969,0.022898542
15970,0.97250456
15971,0.9994452
15972,0.9576845
15973,0.1131334
15974,0.05454106
15975,0.15133166
15976,0.4205593
15977,0.021091305
15978,0.021933697
15979,0.034152687
15980,0.043262657
15981,0.107660174
15982,0.050849535
15983,0.3657921
15984,0.9755761
15985,0.11439434
15986,0.11157353
15987,0.086804
15988,0.14646193
15989,0.06573391
15990,0.31559944
15991,0.25255063
15992,0.04881691
15993,0.13613315
15994,0.11903966
15995,0.11716722
15996,0.060578704
15997,0.45318884
15998,0.21320061
15999,0.18590273
16000,0.11309606
16001,0.022290107
16002,0.094390236
16003,0.09645778
16004,0.256326
16005,0.031762026
16006,0.04619952
16007,0.04344073
16008,0.019540934
16009,0.036622427
16010,0.041788705
16011,0.06308002
16012,0.23961338
16013,0.8102661
16014,0.2630074
16015,0.2635705
16016,0.118359335
16017,0.18926273
16018,0.23763897
16019,0.66975725
16020,0.061940845
16021,0.029582227
16022,0.038515024
16023,0.05924116
16024,0.15251149
16025,0.26721403
16026,0.10038434
16027,0.31942478
16028,0.26300353
16029,0.1757433
16030,1.0
16031,0.12831312
16032,0.01610365
16033,0.17755601
16034,0.2569271
16035,0.04348759
16036,0.1702677
16037,0.10116808
16038,0.038821846
16039,0.03900666
16040,0.042850286
16041,0.132544
16042,0.4429679
16043,0.27340207
16044,0.48935604
16045,0.26942003
16046,0.1599915
16047,0.13429728
16048,0.25826874
16049,0.13776113
16050,0.111723915
16051,0.05168219
16052,0.45778474
16053,0.279141
16054,0.057045363
16055,0.033464864
16056,0.6645215
16057,0.40858787
16058,0.085080884
16059,0.1290279
16060,0.08079438
16061,0.051199157
16062,0.014729473
16063,0.0140485605
16064,0.015909621
16065,0.041113704
16066,0.0765166
16067,0.1168448
16068,0.09682217
16069,0.17372558
16070,0.44447878
16071,0.7700717
16072,0.45712215
16073,0.40780947
16074,0.51194435
16075,0.11093302
16076,0.023684666
16077,0.080942094
16078,0.075015694
16079,0.15654628
16080,0.2547148
16081,0.07389613
16082,0.023134964
16083,0.07661806
16084,0.1318147
16085,0.01599606
16086,0.035484135
16087,0.08909525
16088,0.01600538
16089,0.028990747
16090,0.019141579
16091,0.015210059
16092,0.047542103
16093,0.0596975
16094,0.06104829
16095,0.06961616
16096,0.2434889
16097,0.180715
16098,0.2932722
16099,0.706949
16100,0.72602403
16101,0.42754507
16102,0.1316717
16103,0.058167845
16104,0.055877093
16105,0.04775381
16106,0.117527634
16107,0.9718461
16108,0.043333735
16109,0.029485883
16110,0.084764756
16111,0.055196363
16112,0.11303026
16113,0.029361155
16114,0.058225106
16115,0.016635913
16116,0.058198925
16117,0.017856773
16118,0.018099608
16119,0.041241392
16120,0.094387986
16121,0.11272444
16122,0.7333479
16123,0.38126037
16124,0.15812156
16125,0.87552476
16126,0.4222435
16127,0.4632202
16128,0.2603157
16129,0.035990704
16130,0.033402618
16131,0.024576884
16132,0.048566602
16133,0.04704221
16134,0.07760206
16135,0.47567022
16136,0.12765326
16137,0.35717705
16138,0.022177367
16139,0.09386369
16140,0.10633301
16141,0.14020693
16142,0.18909292
16143,0.07201436
16144,0.02441941
16145,0.05830995
16146,0.16617717
16147,0.76366746
16148,0.33279994
16149,0.67015266
16150,0.25016865
16151,0.40910658
16152,0.20812567
16153,0.112788275
16154,0.04868651
16155,0.015928436
16156,0.020458305
16157,0.01544736
16158,0.04544305
16159,0.022601603
16160,0.13715343
16161,0.15173513
16162,0.0642874
16163,0.20285796
16164,0.0652969
16165,0.014453706
16166,0.38767314
16167,0.027558224
16168,0.023990666
16169,0.014069841
16170,0.15884592
16171,0.25933278
16172,0.03242679
16173,0.013361351
16174,0.2959581
16175,0.18502446
16176,0.09087892
16177,0.11561482
16178,0.024594245
16179,0.108258374
16180,0.081662536
16181,0.029957699
16182,0.11259189
16183,0.11209417
16184,0.03305477
16185,0.03483905
16186,0.0140485605
16187,0.11472162
16188,0.014339417
16189,0.0140485605
16190,0.11248415
16191,0.040459402
16192,0.030356223
16193,0.19028635
16194,0.039340235
16195,0.04207755
16196,0.013606771
16197,0.048750795
16198,0.1641464
16199,0.3906957
16200,0.62850636
16201,0.11674093
16202,0.0271645
16203,0.0393941
16204,0.02611265
16205,0.08189287
16206,0.119689845
16207,0.014729473
16208,0.025998628
16209,0.015822161
16210,0.027590206
16211,0.016314767
16212,0.014396296
16213,0.016933884
16214,0.08991405
16215,0.13086288
16216,0.42239138
16217,0.01576214
16218,0.01669826
16219,0.038894065
16220,0.10378439
16221,0.112471394
16222,0.43521985
16223,0.1556512
16224,0.01941485
16225,0.1102767
16226,0.03590049
16227,0.0152995875
16228,0.08358654
16229,0.118934415
16230,0.05484972
16231,0.024878686
16232,0.019794151
16233,0.20692138
16234,0.0152995875
16235,0.028648471
16236,0.13241293
16237,0.06303524
16238,0.05251155
16239,0.022539897
16240,0.033233784
16241,0.051241796
16242,0.4047353
16243,0.032502517
16244,0.017736334
16245,0.044258352
16246,0.0384674
16247,0.08414486
16248,0.15982275
16249,0.056844927
16250,0.2569503
16251,0.10783652
16252,0.028602898
16253,0.015210059
16254,0.04572348
16255,0.058286518
16256,0.031030873
16257,0.2555363
16258,0.12943627
16259,0.025186105
16260,0.073417835
16261,0.056022916
16262,0.014553537
16263,0.4779233
16264,0.682634
16265,0.11043128
16266,0.07083519
16267,0.015928436
16268,0.10453319
16269,0.05626443
16270,0.14267206
16271,0.11345263
16272,0.09020173
16273,0.9619874
16274,0.016933884
16275,0.0665946
16276,0.016954321
16277,0.08686644
16278,0.06465302
16279,0.03313932
16280,0.1494486
16281,0.3448843
16282,0.06665735
16283,0.1381417
16284,0.026031584
16285,0.06986565
16286,0.091113046
16287,0.06542122
16288,0.02729178
16289,0.06474914
16290,0.07266508
16291,0.052891713
16292,0.01955123
16293,0.019521382
16294,0.05476809
16295,0.0152995875
16296,0.016097974
16297,0.1154928
16298,0.0388461
16299,0.041308895
16300,0.01576214
16301,0.025221335
16302,0.07936313
16303,0.11439777
16304,0.033498224
16305,0.7276449
16306,0.05666814
16307,0.13888218
16308,0.03039317
16309,0.048472676
16310,0.056833386
16311,0.016892346
16312,0.42334348
16313,0.0385648
16314,0.017211774
16315,0.014729473
16316,0.04141422
16317,0.11651608
16318,0.016698102
16319,0.124509364
16320,0.033629842
16321,0.04886424
16322,0.39441183
16323,0.020847509
16324,0.02778274
16325,0.014294732
16326,0.016778113
16327,0.018471753
16328,0.050720338
16329,0.014689115
16330,0.04284408
16331,0.13350934
16332,0.077807926
16333,0.01576214
16334,0.016491417
16335,0.064667016
16336,0.2512922
16337,0.108518906
16338,0.07055959
16339,0.067814514
16340,0.03303681
16341,0.04999923
16342,0.070268884
16343,0.2560159
16344,0.23911367
16345,0.014553537
16346,0.014964014
16347,0.015240748
16348,0.020481637
16349,0.019513981
16350,0.015177462
16351,0.025940606
16352,0.014553537
16353,0.015360963
16354,0.022636116
16355,0.014396296
16356,0.017834602
16357,0.036382433
16358,0.07503891
16359,0.13959692
16360,0.013361351
16361,0.1474171
16362,0.0140485605
16363,0.26077664
16364,0.0152995875
16365,0.014880331
16366,0.015404144
16367,0.03338704
16368,0.023072118
16369,0.014689115
16370,0.03204467
16371,0.023265425
16372,0.01600538
16373,0.014294732
16374,0.06428019
16375,0.026645573
16376,0.03038062
16377,0.04466801
16378,0.0152995875
16379,0.013606771
16380,0.01879303
16381,0.013606771
16382,0.11943347
16383,0.030813416
16384,0.042930998
16385,0.014339417
16386,0.024251768
16387,0.10996981
16388,0.014339417
16389,0.1968921
16390,0.07981729
16391,0.057404246
16392,0.07881248
16393,0.01544736
16394,0.07242401
16395,0.037593186
16396,0.014672172
16397,0.1041917
16398,0.01970052
16399,0.09564046
16400,0.013606771
16401,0.14355099
16402,0.017208451
16403,0.025017848
16404,0.041052684
16405,0.02269307
16406,0.013606771
16407,0.015313867
16408,0.014689115
16409,0.014339417
16410,0.038646117
16411,0.017576369
16412,0.08661394
16413,0.06890338
16414,0.013771827
16415,0.17295213
16416,0.02223295
16417,0.026679417
16418,0.018239485
16419,0.017576868
16420,0.06272417
16421,0.031309262
16422,0.029485883
16423,0.04655882
16424,0.042800598
16425,0.0332512
16426,0.024861744
16427,0.10455204
16428,0.19710815
16429,0.10404874
16430,0.018833848
16431,0.03203976
16432,0.035450812
16433,0.035640158
16434,0.043475363
16435,0.024549425
16436,0.028994083
16437,0.034707572
16438,0.060743045
16439,0.038477525
16440,0.029659772
16441,0.08729505
16442,0.034688387
16443,0.07864362
16444,0.042551696
16445,0.15047912
16446,0.1913873
16447,0.020544257
16448,0.030665958
16449,0.25040132
16450,0.08015299
16451,0.32192144
16452,0.1705001
16453,0.19205701
16454,0.03888573
16455,0.022706429
16456,0.081194505
16457,0.015776727
16458,0.20526002
16459,0.015192537
16460,0.15225194
16461,0.026019944
16462,0.71723217
16463,0.2394431
16464,0.10568913
16465,0.10109723
16466,0.05481221
16467,0.015776727
16468,0.041769065
16469,0.13502012
16470,0.15382509
16471,0.38516077
16472,0.5853754
16473,0.02398463
16474,0.10020747
16475,0.09570046
16476,0.021695979
16477,0.05437008
16478,0.0480621
16479,0.07704694
16480,0.0142250545
16481,0.060593743
16482,0.47865176
16483,0.15305263
16484,0.1448695
16485,0.60735554
16486,0.09081538
16487,0.029260743
16488,0.5736858
16489,0.06635629
16490,0.48379397
16491,0.06292685
16492,0.06824733
16493,0.033483054
16494,0.06440305
16495,0.10705037
16496,0.100445844
16497,0.07712572
16498,0.027191935
16499,0.031086806
16500,0.052809358
16501,0.3998491
16502,0.05270631
16503,0.030807039
16504,0.0753399
16505,0.06275451
16506,0.12483236
16507,0.06778784
16508,0.12779292
16509,0.043991674
16510,0.24776284
16511,0.24728093
16512,0.0258652
16513,0.05373869
16514,0.03450746
16515,0.026450764
16516,0.49220124
16517,0.16234232
16518,0.0664409
16519,0.2606824
16520,0.4342833
16521,0.10564844
16522,0.046171118
16523,0.018877104
16524,0.027213031
16525,0.014564804
16526,0.05526763
16527,0.014500821
16528,0.013132699
16529,0.013819909
16530,0.0804335
16531,0.07748276
16532,0.26012182
16533,0.44743067
16534,0.016841484
16535,0.022553824
16536,0.055618733
16537,0.013993117
16538,0.03435192
16539,0.25480166
16540,0.05731559
16541,0.047237806
16542,0.01444352
16543,0.06269906
16544,0.027054217
16545,0.33774248
16546,0.6017281
16547,0.08429624
16548,0.019254128
16549,0.04942038
16550,0.055733822
16551,0.017621504
16552,0.02739203
16553,0.12053614
16554,0.14003134
16555,0.10684025
16556,0.100788996
16557,0.08936556
16558,0.039040502
16559,0.04116629
16560,0.03973364
16561,0.039115254
16562,0.115730934
16563,0.05615128
16564,0.16079837
16565,0.015867181
16566,0.052789077
16567,0.035674468
16568,0.02118534
16569,0.040798284
16570,0.037803143
16571,0.048279095
16572,0.017401006
16573,0.022340272
16574,0.048400242
16575,0.19100416
16576,0.25731334
16577,0.03838601
16578,0.041297074
16579,0.0259966
16580,0.14149097
16581,0.059546683
16582,0.016415482
16583,0.06017821
16584,0.03176769
16585,0.16343299
16586,0.0428895
16587,0.04260938
16588,0.041561972
16589,0.12525663
16590,0.06761264
16591,0.19318369
16592,0.20687218
16593,0.18034853
16594,0.089630075
16595,0.053418897
16596,0.035489254
16597,0.0612852
16598,0.049288586
16599,0.11754988
16600,0.05145001
16601,0.5971778
16602,0.11217595
16603,0.032625727
16604,0.11344528
16605,0.059036333
16606,0.07025752
16607,0.021237407
16608,0.014294732
16609,0.015210059
16610,0.1187546
16611,0.02715036
16612,0.019970955
16613,0.026840677
16614,0.11872508
16615,0.05162077
16616,0.07014123
16617,0.06501329
16618,0.13024019
16619,0.19319223
16620,0.39724398
16621,0.061011933
16622,0.04188688
16623,0.097138405
16624,0.030868333
16625,0.078989126
16626,0.022365775
16627,0.0140485605
16628,0.094631776
16629,0.07488634
16630,0.11171946
16631,0.033793435
16632,0.12193429
16633,0.031065091
16634,0.05368173
16635,0.05284188
16636,0.15919745
16637,0.014487799
16638,0.027204322
16639,0.08559405
16640,0.06639398
16641,0.015230788
16642,0.029212054
16643,0.03570342
16644,0.09030216
16645,0.082498275
16646,0.15065555
16647,0.13285068
16648,0.26043853
16649,0.13405089
16650,0.19156544
16651,0.022760184
16652,0.10232533
16653,0.06603468
16654,0.014453706
16655,0.034518912
16656,0.097300254
16657,0.027536249
16658,0.02175326
16659,0.060660876
16660,0.032074794
16661,0.06460562
16662,0.10981609
16663,0.022973562
16664,0.08302932
16665,0.01881606
16666,0.03054657
16667,0.11016409
16668,0.032179795
16669,0.04912146
16670,0.13367335
16671,0.06528922
16672,0.15397997
16673,0.47388643
16674,0.11258143
16675,0.13466741
16676,0.0564584
16677,0.11813326
16678,0.08589371
16679,0.09932902
16680,0.05842087
16681,0.02213642
16682,0.31429803
16683,0.088817984
16684,0.09607878
16685,0.06005766
16686,0.09149962
16687,0.015369047
16688,0.022295563
16689,0.018660253
16690,0.029274324
16691,0.04404819
16692,0.2201524
16693,0.05988043
16694,0.057810538
16695,0.12855197
16696,0.6335427
16697,0.07460625
16698,0.017166222
16699,0.19534986
16700,0.065424636
16701,0.27202913
16702,0.19503036
16703,0.09256187
16704,0.02147537
16705,0.047816183
16706,0.048328213
16707,0.10720378
16708,0.20357545
16709,0.033773664
16710,0.25659892
16711,0.07328338
16712,0.06841736
16713,0.014729473
16714,0.019472683
16715,0.03594873
16716,0.06949773
16717,0.070972554
16718,0.016271705
16719,0.13101071
16720,0.122110374
16721,0.2526105
16722,0.1043848
16723,0.056050465
16724,0.17323248
16725,0.18486924
16726,0.36281526
16727,0.06910451
16728,0.09179919
16729,0.02147543
16730,0.07348426
16731,0.60128087
16732,0.04512477
16733,0.08623939
16734,0.41492897
16735,0.16465457
16736,0.01576214
16737,0.01799306
16738,0.014453706
16739,0.060153097
16740,0.05503583
16741,0.2607113
16742,0.26064152
16743,0.014453706
16744,0.0731608
16745,0.07140531
16746,0.24928036
16747,0.1471771
16748,0.1511314
16749,0.25996676
16750,0.35916504
16751,0.13839705
16752,0.07308095
16753,0.12490327
16754,0.053794768
16755,0.20117813
16756,0.9108366
16757,0.066759884
16758,0.036534946
16759,0.4254133
16760,0.059452936
16761,0.25554827
16762,0.05250565
16763,0.091184184
16764,0.017622909
16765,0.052308757
16766,0.013361351
16767,0.57672185
16768,0.03455359
16769,0.09623635
16770,0.20887525
16771,0.13491955
16772,0.2029108
16773,0.3879589
16774,0.41014937
16775,0.024166582
16776,0.24304323
16777,0.11061082
16778,0.2014521
16779,0.82924247
16780,0.28659865
16781,0.34168476
16782,0.040264644
16783,0.24986745
16784,0.06025657
16785,0.03111437
16786,0.014729473
16787,0.06957105
16788,0.015222406
16789,0.013896634
16790,0.028389253
16791,0.062293142
16792,0.09837109
16793,0.09976748
16794,0.12391196
16795,0.12367939
16796,0.20784347
16797,0.12722395
16798,0.13065217
16799,0.25997406
16800,0.017070137
16801,0.043799955
16802,0.9752019
16803,0.8362739
16804,0.6601722
16805,0.021294564
16806,0.016933884
16807,0.12308481
16808,0.45944396
16809,0.09880801
16810,0.016871467
16811,0.058750015
16812,0.0140485605
16813,0.07321608
16814,0.070830844
16815,0.06527908
16816,0.014490276
16817,0.4469409
16818,0.015928436
16819,0.03303372
16820,0.13285068
16821,0.11787305
16822,0.08931984
16823,0.06654603
16824,0.25003144
16825,0.26985687
16826,0.026335966
16827,0.10852052
16828,0.14705709
16829,0.17848979
16830,0.9815734
16831,0.92822784
16832,0.7022888
16833,0.016642274
16834,0.04233116
16835,0.023375582
16836,0.42147473
16837,0.096728586
16838,0.28932032
16839,0.041106552
16840,0.11439022
16841,0.02346437
16842,0.15956229
16843,0.14312789
16844,0.1469663
16845,0.21358417
16846,0.50761855
16847,0.6005663
16848,0.21798453
16849,0.15114684
16850,0.10690926
16851,0.072088696
16852,0.15024304
16853,0.053453702
16854,0.04268144
16855,0.021294564
16856,0.1459928
16857,0.11949361
16858,0.10684063
16859,0.1349689
16860,0.022475448
16861,0.9296552
16862,1.0
16863,0.9637949
16864,0.14147468
16865,0.046993576
16866,0.18175562
16867,0.25955296
16868,0.02068116
16869,0.027721306
16870,0.023679737
16871,0.04179767
16872,0.104341015
16873,0.048722498
16874,0.384612
16875,0.9816865
16876,0.09681895
16877,0.113067485
16878,0.078499325
16879,0.1808808
16880,0.06255413
16881,0.28867444
16882,0.25144583
16883,0.04580479
16884,0.11986495
16885,0.11582909
16886,0.11100254
16887,0.048484467
16888,0.026249943
16889,0.27330685
16890,0.30517027
16891,0.1937233
16892,0.12348699
16893,0.023219276
16894,0.089946985
16895,0.07624394
16896,0.256326
16897,0.029134551
16898,0.045563225
16899,0.06797146
16900,0.021669392
16901,0.023511186
16902,0.040946405
16903,0.08004832
16904,0.31503934
16905,0.80934376
16906,0.26250088
16907,0.2572131
16908,0.11858509
16909,0.15810798
16910,0.2572202
16911,0.64610934
16912,0.05392353
16913,0.033269517
16914,0.029459504
16915,0.12199249
16916,0.25984105
16917,0.13089505
16918,0.34174332
16919,0.26068392
16920,0.22069895
16921,1.0
16922,0.21596147
16923,0.01610365
16924,0.14205883
16925,0.2536278
16926,0.019227399
16927,0.044842698
16928,0.1496598
16929,0.09712764
16930,0.041125983
16931,0.042928807
16932,0.046634957
16933,0.13375682
16934,0.42117855
16935,0.28844547
16936,0.4941378
16937,0.26812002
16938,0.14143506
16939,0.12759723
16940,0.3624004
16941,0.023642786
16942,0.16096862
16943,0.07766867
16944,0.06800967
16945,0.45151663
16946,0.26011738
16947,0.07821731
16948,0.032937035
16949,0.6775085
16950,0.3974607
16951,0.0851593
16952,0.12660478
16953,0.09208903
16954,0.059591986
16955,0.015222406
16956,0.029349245
16957,0.06716647
16958,0.10505803
16959,0.10372555
16960,0.16395256
16961,0.44381455
16962,0.75180334
16963,0.44765875
16964,0.40250698
16965,0.5051531
16966,0.111308336
16967,0.084972344
16968,0.09445557
16969,0.17247453
16970,0.16149722
16971,0.064049184
16972,0.02285942
16973,0.07538777
16974,0.110640116
16975,0.016170988
16976,0.037117165
16977,0.086775094
16978,0.020232832
16979,0.032074794
16980,0.018674493
16981,0.015385588
16982,0.043607317
16983,0.064613774
16984,0.06539375
16985,0.07002765
16986,0.24055362
16987,0.25684637
16988,0.27601266
16989,0.70204955
16990,0.7251016
16991,0.2869264
16992,0.12845494
16993,0.06708349
16994,0.040202737
16995,0.048830427
16996,0.09990992
16997,0.016491417
16998,0.014339417
16999,0.034002103
17000,0.97407764
17001,0.043338057
17002,0.016933884
17003,0.071470894
17004,0.063282624
17005,0.11496664
17006,0.029080076
17007,0.066361934
17008,0.017070137
17009,0.034449656
17010,0.018080851
17011,0.019857185
17012,0.040759787
17013,0.10436832
17014,0.11329733
17015,0.73113376
17016,0.37904674
17017,0.19245021
17018,0.93524104
17019,0.40450194
17020,0.4638122
17021,0.2568699
17022,0.030287119
17023,0.030918289
17024,0.025003096
17025,0.050167665
17026,0.04630438
17027,0.054195564
17028,0.090375595
17029,0.47411144
17030,0.12841296
17031,0.35339513
17032,0.020231903
17033,0.08852354
17034,0.115279004
17035,0.114746846
17036,0.15480839
17037,0.04410701
17038,0.026635136
17039,0.020238144
17040,0.042677104
17041,0.15827784
17042,0.8315328
17043,0.3437553
17044,0.67358536
17045,0.26390645
17046,0.41380352
17047,0.18342765
17048,0.12694035
17049,0.046917796
17050,0.015928436
17051,0.01705188
17052,0.029329909
17053,0.13185303
17054,0.14832442
17055,0.06256754
17056,0.26009926
17057,0.063794255
17058,0.014453706
17059,0.3840028
17060,0.038550623
17061,0.014880331
17062,0.16428119
17063,0.25389883
17064,0.031664513
17065,0.013361351
17066,0.28818697
17067,0.1700967
17068,0.09125075
17069,0.13160188
17070,0.02579706
17071,0.107204646
17072,0.08015771
17073,0.03827928
17074,0.106608614
17075,0.14429416
17076,0.034173734
17077,0.0140485605
17078,0.15415227
17079,0.014294732
17080,0.1236554
17081,0.027026664
17082,0.13221341
17083,0.043774337
17084,0.040538047
17085,0.014787201
17086,0.059751984
17087,0.17180161
17088,0.3917225
17089,0.62973434
17090,0.12022982
17091,0.023862483
17092,0.040189918
17093,0.015385588
17094,0.11145978
17095,0.17555632
17096,0.022938231
17097,0.025998628
17098,0.01610365
17099,0.035252534
17100,0.015222406
17101,0.016170988
17102,0.091388546
17103,0.10135422
17104,0.43540928
17105,0.015921675
17106,0.015921675
17107,0.037591994
17108,0.07094778
17109,0.11353909
17110,0.42275965
17111,0.1377634
17112,0.019513981
17113,0.14993529
17114,0.02936923
17115,0.06872871
17116,0.14155568
17117,0.04961059
17118,0.04227099
17119,0.19721799
17120,0.01948278
17121,0.01669826
17122,0.027107244
17123,0.13268182
17124,0.064573534
17125,0.043396667
17126,0.018348284
17127,0.05312351
17128,0.05077437
17129,0.26131335
17130,0.03654198
17131,0.03080574
17132,0.05616567
17133,0.03563269
17134,0.06987435
17135,0.18298474
17136,0.056161307
17137,0.25635624
17138,0.123220555
17139,0.036978498
17140,0.015912997
17141,0.04568534
17142,0.059060037
17143,0.02532313
17144,0.2594921
17145,0.1285317
17146,0.018280037
17147,0.072568096
17148,0.054829538
17149,0.01492356
17150,0.48469347
17151,0.6881539
17152,0.14451377
17153,0.07268309
17154,0.015928436
17155,0.10002778
17156,0.107068874
17157,0.13284248
17158,0.11161681
17159,0.09571297
17160,0.8524654
17161,0.016933884
17162,0.0660225
17163,0.080316395
17164,0.06247888
17165,0.0176993
17166,0.045664497
17167,0.11656717
17168,0.45674264
17169,0.06746105
17170,0.15252277
17171,0.023452677
17172,0.05172169
17173,0.04386066
17174,0.093903236
17175,0.03845094
17176,0.025654102
17177,0.06454112
17178,0.06532912
17179,0.056218024
17180,0.01955123
17181,0.061104454
17182,0.015210059
17183,0.018863952
17184,0.1188178
17185,0.03262011
17186,0.055415273
17187,0.015864372
17188,0.025491064
17189,0.081390046
17190,0.09915545
17191,0.021853799
17192,0.036213424
17193,0.7627474
17194,0.0449893
17195,0.11850891
17196,0.041703958
17197,0.038229704
17198,0.08075023
17199,0.05917227
17200,0.01941485
17201,0.027298355
17202,0.27099293
17203,0.054055452
17204,0.013524533
17205,0.013361351
17206,0.013896634
17207,0.017211774
17208,0.014729473
17209,0.04034887
17210,0.12719734
17211,0.02016303
17212,0.014453706
17213,0.14625536
17214,0.02870938
17215,0.022156218
17216,0.048472866
17217,0.39570582
17218,0.023375582
17219,0.013361351
17220,0.017302139
17221,0.052379563
17222,0.013606771
17223,0.037305027
17224,0.1337545
17225,0.07604494
17226,0.015560808
17227,0.026996445
17228,0.06056503
17229,0.11839733
17230,0.119057044
17231,0.058804575
17232,0.05797519
17233,0.030490516
17234,0.045438446
17235,0.01557036
17236,0.081978396
17237,0.2575369
17238,0.13886268
17239,0.013606771
17240,0.0152995875
17241,0.03898576
17242,0.015303684
17243,0.024408827
17244,0.014852295
17245,0.014672172
17246,0.02475917
17247,0.023796825
17248,0.032625727
17249,0.014396296
17250,0.027231107
17251,0.04313373
17252,0.04966985
17253,0.1313612
17254,0.013361351
17255,0.12507562
17256,0.0140485605
17257,0.19229631
17258,0.014294732
17259,0.037021905
17260,0.015924336
17261,0.014689115
17262,0.017806023
17263,0.024325574
17264,0.026996605
17265,0.027576169
17266,0.015560808
17267,0.014294732
17268,0.06988622
17269,0.025017848
17270,0.03159709
17271,0.05476318
17272,0.017893385
17273,0.015924336
17274,0.013524533
17275,0.1337149
17276,0.03734921
17277,0.04563299
17278,0.013361351
17279,0.014339417
17280,0.030332383
17281,0.10963858
17282,0.06597195
17283,0.014339417
17284,0.1963343
17285,0.059454147
17286,0.06528334
17287,0.08650722
17288,0.015210059
17289,0.09670156
17290,0.042482197
17291,0.014950482
17292,0.01353456
17293,0.12540644
17294,0.09678486
17295,0.013606771
17296,0.1343597
17297,0.016954321
17298,0.02260168
17299,0.05728194
17300,0.022716273
17301,0.023494275
17302,0.01542371
17303,0.014672172
17304,0.014689115
17305,0.046409156
17306,0.024232825
17307,0.09379624
17308,0.07618962
17309,0.013361351
17310,0.25448567
17311,0.025676649
17312,0.04227099
17313,0.015921675
17314,0.013361351
17315,0.017300744
17316,0.060442284
17317,0.032675967
17318,0.022711776
17319,0.03395475
17320,0.029070437
17321,0.044811502
17322,0.022369983
17323,0.023965329
17324,0.1021557
17325,0.19423328
17326,0.0980624
17327,0.01948278
17328,0.029964108
17329,0.02001988
17330,0.040528256
17331,0.074724525
17332,0.03111798
17333,0.03851494
17334,0.07703857
17335,0.037222616
17336,0.023540234
17337,0.16038091
17338,0.07631011
17339,0.037383772
17340,0.15174744
17341,0.2586004
17342,0.020544257
17343,0.03051832
17344,0.027072664
17345,0.2513182
17346,0.07696086
17347,0.26152465
17348,0.15328315
17349,0.08439433
17350,0.034132417
17351,0.022706429
17352,0.015776727
17353,0.014707017
17354,0.014500821
17355,0.28725958
17356,0.026019944
17357,0.67551935
17358,0.24581566
17359,0.03750778
17360,0.20465876
17361,0.028844064
17362,0.10478869
17363,0.09802805
17364,0.016415482
17365,0.027301753
17366,0.12591825
17367,0.23910934
17368,0.6269312
17369,0.5703708
17370,0.16404788
17371,0.24835502
17372,0.052577186
17373,0.03824796
17374,0.066225
17375,0.0142250545
17376,0.05054372
17377,0.033612687
17378,0.4588657
17379,0.1380554
17380,0.20201199
17381,0.5759791
17382,0.0674133
17383,0.016992237
17384,0.5883732
17385,0.064813346
17386,0.4513296
17387,0.08457405
17388,0.09710372
17389,0.027626809
17390,0.0650721
17391,0.022444526
17392,0.10835081
17393,0.083903685
17394,0.077224426
17395,0.032955434
17396,0.034948353
17397,0.051704075
17398,0.41078886
17399,0.059771962
17400,0.060050674
17401,0.05643275
17402,0.064626284
17403,0.11989237
17404,0.056422513
17405,0.03069867
17406,0.03045697
17407,0.12336316
17408,0.022453608
17409,0.043261226
17410,0.15956862
17411,0.20529267
17412,0.041345395
17413,0.042091064
17414,0.023241602
17415,0.022865755
17416,0.014543834
17417,0.5112116
17418,0.16179375
17419,0.12992321
17420,0.4177079
17421,0.35260648
17422,0.0142250545
17423,0.1204996
17424,0.045543153
17425,0.015636204
17426,0.023362152
17427,0.016415482
17428,0.013295881
17429,0.037414934
17430,0.013132699
17431,0.062486175
17432,0.08753444
17433,0.096291594
17434,0.13228308
17435,0.24967863
17436,0.42167467
17437,0.016841484
17438,0.024462465
17439,0.049328774
17440,0.021023655
17441,0.025575062
17442,0.021214657
17443,0.032491993
17444,0.256701
17445,0.050956838
17446,0.014543834
17447,0.0839022
17448,0.078266434
17449,0.24034387
17450,0.5506508
17451,0.05378822
17452,0.058282662
17453,0.019254128
17454,0.050152704
17455,0.07243154
17456,0.014564804
17457,0.06991718
17458,0.0146264965
17459,0.18887408
17460,0.16926594
17461,0.09592911
17462,0.10156663
17463,0.079829134
17464,0.014543834
17465,0.034646187
17466,0.037737895
17467,0.043663323
17468,0.11325276
17469,0.0598867
17470,0.15585797
17471,0.015906446
17472,0.04265915
17473,0.03946002
17474,0.02692121
17475,0.019824393
17476,0.04599549
17477,0.045772877
17478,0.02583356
17479,0.022340272
17480,0.05588031
17481,0.1928319
17482,0.26063254
17483,0.046413116
17484,0.041957725
17485,0.025309388
17486,0.12370603
17487,0.07698389
17488,0.016705232
17489,0.06038087
17490,0.015332156
17491,0.028466389
17492,0.16355665
17493,0.03733296
17494,0.050686978
17495,0.048268594
17496,0.078979574
17497,0.06696324
17498,0.18704757
17499,0.21477027
17500,0.19369784
17501,0.08656878
17502,0.045309763
17503,0.029721262
17504,0.06630223
17505,0.06206719
17506,0.014729473
17507,0.11420974
17508,0.05694066
17509,0.6062342
17510,0.11282055
17511,0.049673207
17512,0.11354399
17513,0.050246924
17514,0.07524626
17515,0.016933884
17516,0.1281602
17517,0.02036046
17518,0.023837008
17519,0.10970368
17520,0.056866176
17521,0.073804684
17522,0.060462803
17523,0.13371228
17524,0.21016052
17525,0.30739537
17526,0.08200868
17527,0.025199661
17528,0.104882464
17529,0.03102147
17530,0.05919604
17531,0.08883879
17532,0.0528997
17533,0.12492304
17534,0.036503676
17535,0.12115361
17536,0.031986345
17537,0.06569996
17538,0.07053141
17539,0.018638678
17540,0.15422043
17541,0.014453706
17542,0.044859275
17543,0.08733691
17544,0.036903173
17545,0.019802142
17546,0.03867629
17547,0.04121851
17548,0.07973259
17549,0.07940424
17550,0.14406043
17551,0.12495836
17552,0.25639454
17553,0.19486849
17554,0.19103111
17555,0.0155370375
17556,0.12305078
17557,0.08749504
17558,0.03434812
17559,0.09305677
17560,0.05875609
17561,0.03392781
17562,0.018705692
17563,0.051284686
17564,0.06308604
17565,0.025327647
17566,0.11130754
17567,0.014487799
17568,0.030421782
17569,0.025917107
17570,0.13096169
17571,0.019007802
17572,0.058127515
17573,0.10449413
17574,0.06132088
17575,0.15757246
17576,0.30919337
17577,0.11712313
17578,0.1358354
17579,0.059070095
17580,0.11823197
17581,0.0755148
17582,0.103843644
17583,0.059941974
17584,0.014396296
17585,0.017394017
17586,0.32561988
17587,0.07976196
17588,0.12616384
17589,0.08107586
17590,0.076385915
17591,0.029563036
17592,0.020647807
17593,0.03736288
17594,0.04131279
17595,0.24799713
17596,0.05838773
17597,0.09420301
17598,0.13578382
17599,0.67416316
17600,0.09629743
17601,0.01742888
17602,0.31952143
17603,0.08807085
17604,0.2598918
17605,0.19545034
17606,0.07005516
17607,0.049517926
17608,0.047152445
17609,0.10889695
17610,0.14745384
17611,0.044963345
17612,0.24944983
17613,0.06862741
17614,0.09725462
17615,0.01669826
17616,0.0308178
17617,0.034318447
17618,0.0678772
17619,0.073190816
17620,0.017170385
17621,0.12240348
17622,0.12984404
17623,0.16511342
17624,0.10343478
17625,0.043503523
17626,0.14371292
17627,0.23309897
17628,0.36288768
17629,0.067828216
17630,0.085280426
17631,0.022415405
17632,0.017007345
17633,0.067651734
17634,0.616146
17635,0.089824036
17636,0.4239097
17637,0.23045366
17638,0.015560808
17639,0.015222406
17640,0.014221769
17641,0.08472718
17642,0.053605825
17643,0.25601354
17644,0.25721547
17645,0.07094938
17646,0.07901749
17647,0.12719938
17648,0.13333993
17649,0.15578629
17650,0.17261818
17651,0.35253316
17652,0.13638346
17653,0.05741089
17654,0.07391154
17655,0.053460773
17656,0.27090895
17657,0.8170221
17658,0.05374174
17659,0.4253906
17660,0.058341023
17661,0.25894493
17662,0.01610365
17663,0.051480263
17664,0.091231845
17665,0.017675497
17666,0.059757967
17667,0.013361351
17668,0.5806585
17669,0.041950643
17670,0.101499714
17671,0.2597053
17672,0.12225185
17673,0.20673889
17674,0.3676708
17675,0.4202391
17676,0.1466254
17677,0.15248643
17678,0.20735501
17679,0.9209261
17680,0.32736862
17681,0.48140293
17682,0.023596527
17683,0.20614807
17684,0.058995746
17685,0.021309586
17686,0.017524315
17687,0.015474419
17688,0.07533071
17689,0.013771827
17690,0.028829483
17691,0.07441635
17692,0.098612815
17693,0.13243182
17694,0.12401067
17695,0.10802058
17696,0.22318839
17697,0.17519547
17698,0.11763395
17699,0.32406506
17700,0.026617693
17701,0.055955023
17702,0.9752019
17703,0.8362739
17704,0.7099592
17705,0.013524533
17706,0.022594964
17707,0.016933884
17708,0.11826562
17709,0.46051455
17710,0.09504513
17711,0.016933884
17712,0.058694128
17713,0.015222406
17714,0.06276203
17715,0.095113836
17716,0.06519573
17717,0.015222406
17718,0.45297626
17719,0.016200477
17720,0.031308956
17721,0.16889992
17722,0.12062961
17723,0.080178924
17724,0.04848886
17725,0.2515045
17726,0.264599
17727,0.023866715
17728,0.12620358
17729,0.13239717
17730,0.11306104
17731,0.9815734
17732,0.9303587
17733,0.6712757
17734,0.01491293
17735,0.043085176
17736,0.022490611
17737,0.27260786
17738,0.09308887
17739,0.2655495
17740,0.10832132
17741,0.034317657
17742,0.14818071
17743,0.12625273
17744,0.17362075
17745,0.19077215
17746,0.5169454
17747,0.5982401
17748,0.18654051
17749,0.14528644
17750,0.096160665
17751,0.053352557
17752,0.11585167
17753,0.07104805
17754,0.05426059
17755,0.154366
17756,0.16174473
17757,0.08181954
17758,0.121110484
17759,0.022121934
17760,0.9209261
17761,1.0
17762,0.9637949
17763,0.16390294
17764,0.06074283
17765,0.15064189
17766,0.25955296
17767,0.033820063
17768,0.037939973
17769,0.037563216
17770,0.10686688
17771,0.050887197
17772,0.36413616
17773,0.9816865
17774,0.08529357
17775,0.11382983
17776,0.10349738
17777,0.16622543
17778,0.0649112
17779,0.31641385
17780,0.11512364
17781,0.041333787
17782,0.11365732
17783,0.11528689
17784,0.13337508
17785,0.040011857
17786,0.026887655
17787,0.27330685
17788,0.40688464
17789,0.17565817
17790,0.09525023
17791,0.091093935
17792,0.07473379
17793,0.26042846
17794,0.030344063
17795,0.044643395
17796,0.04251783
17797,0.046830907
17798,0.032001972
17799,0.05313219
17800,0.059110075
17801,0.33540455
17802,0.5949717
17803,0.26344532
17804,0.26250088
17805,0.121924646
17806,0.17944624
17807,0.17852302
17808,0.67896634
17809,0.04949936
17810,0.024996972
17811,0.053713575
17812,0.03406819
17813,0.120308205
17814,0.1845282
17815,0.13099375
17816,0.61045784
17817,0.3133469
17818,0.22069895
17819,1.0
17820,0.12032711
17821,0.028231096
17822,0.16121137
17823,0.26242915
17824,0.022478357
17825,0.09311937
17826,0.1680165
17827,0.09937992
17828,0.03554262
17829,0.043055423
17830,0.04304967
17831,0.24847934
17832,0.44126707
17833,0.31857604
17834,0.49591422
17835,0.43558112
17836,0.15684395
17837,0.15636678
17838,0.2571532
17839,0.022490611
17840,0.1419586
17841,0.09744231
17842,0.085991554
17843,0.4643302
17844,0.28611413
17845,0.09047438
17846,0.032937035
17847,0.6783279
17848,0.3999499
17849,0.08176039
17850,0.1278189
17851,0.0924837
17852,0.046969928
17853,0.014453706
17854,0.025351927
17855,0.055272587
17856,0.16208138
17857,0.12468898
17858,0.15029038
17859,0.4352112
17860,0.7483293
17861,0.45822364
17862,0.40664446
17863,0.49334067
17864,0.11759307
17865,0.080428876
17866,0.0753855
17867,0.12814589
17868,0.1693436
17869,0.091100276
17870,0.024297247
17871,0.13405994
17872,0.10719913
17873,0.016933884
17874,0.038207848
17875,0.08250695
17876,0.032625727
17877,0.01610365
17878,0.02242362
17879,0.021970272
17880,0.041618727
17881,0.05693005
17882,0.077903055
17883,0.08458316
17884,0.24190801
17885,0.191528
17886,0.27711228
17887,0.73187876
17888,0.6630108
17889,0.27719992
17890,0.1260761
17891,0.05910634
17892,0.025280572
17893,0.047521405
17894,0.0847616
17895,0.015832877
17896,0.014339417
17897,0.02961456
17898,0.9753849
17899,0.04296146
17900,0.016933884
17901,0.09765335
17902,0.07835224
17903,0.11431007
17904,0.028304694
17905,0.06111078
17906,0.017070137
17907,0.03533714
17908,0.019268377
17909,0.018155176
17910,0.037885636
17911,0.099604756
17912,0.124622874
17913,0.65372
17914,0.38282397
17915,0.18441238
17916,0.93293357
17917,0.40450194
17918,0.4590087
17919,0.2474647
17920,0.03084152
17921,0.029908096
17922,0.02606446
17923,0.05613742
17924,0.048382945
17925,0.038033202
17926,0.09382728
17927,0.47304085
17928,0.13099846
17929,0.35710517
17930,0.026345033
17931,0.12250119
17932,0.11118453
17933,0.11373471
17934,0.122860916
17935,0.0437479
17936,0.023858733
17937,0.0455982
17938,0.15412322
17939,0.8315328
17940,0.34214482
17941,0.6850787
17942,0.39056936
17943,0.26134747
17944,0.21257815
17945,0.118119255
17946,0.06146704
17947,0.017421588
17948,0.015210059
17949,0.024500487
17950,0.024624968
17951,0.11042783
17952,0.11742123
17953,0.08231537
17954,0.15157376
17955,0.02115888
17956,0.05678161
17957,0.014453706
17958,0.38893843
17959,0.031245602
17960,0.014453706
17961,0.015222406
17962,0.14368111
17963,0.25250262
17964,0.038015418
17965,0.013361351
17966,0.17814678
17967,0.2134561
17968,0.08791371
17969,0.11554595
17970,0.030626599
17971,0.124167465
17972,0.07890679
17973,0.03829468
17974,0.11314209
17975,0.1279816
17976,0.029240584
17977,0.016381541
17978,0.11122501
17979,0.09713828
17980,0.042414606
17981,0.12311958
17982,0.043774337
17983,0.04309944
17984,0.02256576
17985,0.055479385
17986,0.18370809
17987,0.3917225
17988,0.61862624
17989,0.12382487
17990,0.0183966
17991,0.04213442
17992,0.0393941
17993,0.027390594
17994,0.06308533
17995,0.11872964
17996,0.014729473
17997,0.01946315
17998,0.015560808
17999,0.016266832
18000,0.014396296
18001,0.016933884
18002,0.09222618
18003,0.09951014
18004,0.4347661
18005,0.02611265
18006,0.01557036
18007,0.036188938
18008,0.072794534
18009,0.11432422
18010,0.43532038
18011,0.13410835
18012,0.015240748
18013,0.15105096
18014,0.06414458
18015,0.088301
18016,0.13863444
18017,0.0216479
18018,0.21505564
18019,0.028058039
18020,0.1254649
18021,0.063402236
18022,0.056747388
18023,0.01735354
18024,0.042565517
18025,0.05968417
18026,0.26314974
18027,0.033588987
18028,0.017412635
18029,0.044699833
18030,0.0501912
18031,0.11130754
18032,0.1683289
18033,0.05956011
18034,0.25701085
18035,0.11666093
18036,0.0424963
18037,0.014934531
18038,0.045817714
18039,0.046955626
18040,0.026572775
18041,0.26000488
18042,0.12822728
18043,0.022742933
18044,0.10198078
18045,0.05484512
18046,0.014647793
18047,0.0140485605
18048,0.47808158
18049,0.6853706
18050,0.16750278
18051,0.06944029
18052,0.103090435
18053,0.064085715
18054,0.040067248
18055,0.11032568
18056,0.11260534
18057,0.09629584
18058,0.931842
18059,0.06439606
18060,0.01602866
18061,0.07285415
18062,0.07085893
18063,0.0176993
18064,0.05650923
18065,0.108868934
18066,0.44247898
18067,0.06130374
18068,0.25305173
18069,0.022355324
18070,0.06263302
18071,0.041111402
18072,0.09330491
18073,0.03882476
18074,0.041838974
18075,0.06463982
18076,0.058725093
18077,0.052940514
18078,0.020238435
18079,0.02531591
18080,0.055042468
18081,0.016097974
18082,0.11538348
18083,0.031939194
18084,0.036839876
18085,0.015928436
18086,0.028032927
18087,0.08211758
18088,0.1308454
18089,0.04227099
18090,0.033498224
18091,0.8265477
18092,0.048917975
18093,0.19379482
18094,0.05981822
18095,0.038087696
18096,0.057996295
18097,0.04656247
18098,0.0152995875
18099,0.2605168
18100,0.03534834
18101,0.013524533
18102,0.017211774
18103,0.041604225
18104,0.11672474
18105,0.017595332
18106,0.14984813
18107,0.038402386
18108,0.01755671
18109,0.04705333
18110,0.40902114
18111,0.023375582
18112,0.017329324
18113,0.0140485605
18114,0.020910654
18115,0.015711674
18116,0.05406607
18117,0.030077705
18118,0.13755946
18119,0.07689767
18120,0.017084742
18121,0.06025098
18122,0.16358165
18123,0.10865661
18124,0.058626745
18125,0.08338381
18126,0.064730234
18127,0.054597087
18128,0.09935897
18129,0.24531823
18130,0.12577225
18131,0.013606771
18132,0.048408374
18133,0.0152995875
18134,0.015645899
18135,0.016642274
18136,0.014689115
18137,0.021977603
18138,0.016491417
18139,0.017834602
18140,0.036684174
18141,0.051448453
18142,0.14778289
18143,0.013361351
18144,0.17197415
18145,0.014689115
18146,0.20688294
18147,0.032334853
18148,0.018457849
18149,0.014453706
18150,0.019067282
18151,0.021773877
18152,0.017387114
18153,0.030384693
18154,0.014294732
18155,0.083548605
18156,0.025017848
18157,0.0363916
18158,0.024878686
18159,0.041757554
18160,0.01546277
18161,0.013606771
18162,0.014729473
18163,0.013524533
18164,0.107749626
18165,0.031477373
18166,0.04303637
18167,0.013361351
18168,0.029169071
18169,0.01605725
18170,0.122324824
18171,0.26177424
18172,0.076516606
18173,0.101790726
18174,0.079137236
18175,0.08542915
18176,0.035984077
18177,0.014689115
18178,0.1376973
18179,0.09466816
18180,0.013606771
18181,0.15602525
18182,0.032625727
18183,0.024208928
18184,0.034059316
18185,0.056420278
18186,0.022472711
18187,0.022329425
18188,0.013606771
18189,0.016837938
18190,0.015486925
18191,0.014374504
18192,0.04365224
18193,0.015754903
18194,0.0140485605
18195,0.0774248
18196,0.0857484
18197,0.013606771
18198,0.013361351
18199,0.2575694
18200,0.01851101
18201,0.018945133
18202,0.017220994
18203,0.023924116
18204,0.014242648
18205,0.016214909
18206,0.01698204
18207,0.05867472
18208,0.020927722
18209,0.015645899
18210,0.037725218
18211,0.030829255
18212,0.014672172
18213,0.015210059
18214,0.02722421
18215,0.12845792
18216,0.21996637
18217,0.01904917
18218,0.075624555
18219,0.01948278
18220,0.01491293
18221,0.029964108
18222,0.04311205
18223,0.1418904
18224,0.027015116
18225,0.038172603
18226,0.13719116
18227,0.037139386
18228,0.022697346
18229,0.18260679
18230,0.051901665
18231,0.09761633
18232,0.05082032
18233,0.37044328
18234,0.26090193
18235,0.036975414
18236,0.10913816
18237,0.075578175
18238,0.33720475
18239,0.10497541
18240,0.1387339
18241,0.022706429
18242,0.055157613
18243,0.12833562
18244,0.016469607
18245,0.21805301
18246,0.026019944
18247,0.6925846
18248,0.18080021
18249,0.036822677
18250,0.1118707
18251,0.054814707
18252,0.014543834
18253,0.07631822
18254,0.021806844
18255,0.07849016
18256,0.041955993
18257,0.01610786
18258,0.01685609
18259,0.11542739
18260,0.24748094
18261,0.5738848
18262,0.60828185
18263,0.054610487
18264,0.18880379
18265,0.021695979
18266,0.09206596
18267,0.050474137
18268,0.078142315
18269,0.111069635
18270,0.44959477
18271,0.10112415
18272,0.15785325
18273,0.56284916
18274,0.07086828
18275,0.021237537
18276,0.6120823
18277,0.062699296
18278,0.7124657
18279,0.088150814
18280,0.06699369
18281,0.04370399
18282,0.053135443
18283,0.08583216
18284,0.19302548
18285,0.07713707
18286,0.027236005
18287,0.030284138
18288,0.053371012
18289,0.27007654
18290,0.0397859
18291,0.047139235
18292,0.056864373
18293,0.06867562
18294,0.07832786
18295,0.03086222
18296,0.0283162
18297,0.07788588
18298,0.06726796
18299,0.13744612
18300,0.24909824
18301,0.025406908
18302,0.059161715
18303,0.022572542
18304,0.026331492
18305,0.4794441
18306,0.13881043
18307,0.10241271
18308,0.24663138
18309,0.2981243
18310,0.13618016
18311,0.04822365
18312,0.018410025
18313,0.028265316
18314,0.023585115
18315,0.013295881
18316,0.013132699
18317,0.06217101
18318,0.014278202
18319,0.11787855
18320,0.08602221
18321,0.077677846
18322,0.17319903
18323,0.43681583
18324,0.016705232
18325,0.016721057
18326,0.05116321
18327,0.014066081
18328,0.026433285
18329,0.016829055
18330,0.21342109
18331,0.04753281
18332,0.0142250545
18333,0.06625319
18334,0.12854476
18335,0.031916976
18336,0.08623541
18337,0.53076255
18338,0.050107483
18339,0.084018186
18340,0.014564804
18341,0.027074955
18342,0.060087927
18343,0.09126801
18344,0.014259147
18345,0.026874717
18346,0.024650034
18347,0.15961383
18348,0.18993044
18349,0.09804434
18350,0.1186837
18351,0.08221422
18352,0.03235331
18353,0.039386295
18354,0.04129255
18355,0.04141628
18356,0.14056027
18357,0.09225316
18358,0.14057723
18359,0.015867181
18360,0.042096153
18361,0.032001544
18362,0.020899378
18363,0.021368008
18364,0.041481026
18365,0.04677256
18366,0.018138412
18367,0.046696085
18368,0.19149582
18369,0.392182
18370,0.03465918
18371,0.04064163
18372,0.030291084
18373,0.12544042
18374,0.075546816
18375,0.01535151
18376,0.05735559
18377,0.17148384
18378,0.029694438
18379,0.04011544
18380,0.046564393
18381,0.017413504
18382,0.11657827
18383,0.06690481
18384,0.19181763
18385,0.21470973
18386,0.16609173
18387,0.06198278
18388,0.06515853
18389,0.03284189
18390,0.06892833
18391,0.048190355
18392,0.014729473
18393,0.11924707
18394,0.055235356
18395,0.5899781
18396,0.13067745
18397,0.029489396
18398,0.11914338
18399,0.081242874
18400,0.047136307
18401,0.024442682
18402,0.16256899
18403,0.023122441
18404,0.021033417
18405,0.033278592
18406,0.1168712
18407,0.07805623
18408,0.08670289
18409,0.069135465
18410,0.13843551
18411,0.18821776
18412,0.41791368
18413,0.06350244
18414,0.025199661
18415,0.12263267
18416,0.016510101
18417,0.057233308
18418,0.013606771
18419,0.022231888
18420,0.0140485605
18421,0.12008228
18422,0.053147316
18423,0.10844168
18424,0.033793435
18425,0.13945115
18426,0.03503576
18427,0.04784379
18428,0.029731704
18429,0.18148507
18430,0.06544566
18431,0.08605328
18432,0.02491767
18433,0.042122975
18434,0.038368262
18435,0.07804923
18436,0.085252516
18437,0.15716633
18438,0.12930268
18439,0.2310527
18440,0.13339742
18441,0.14140719
18442,0.015303684
18443,0.104211
18444,0.015131888
18445,0.08697939
18446,0.014453706
18447,0.03963927
18448,0.08187983
18449,0.021073764
18450,0.05171688
18451,0.030858383
18452,0.015479629
18453,0.048092876
18454,0.06525893
18455,0.024971485
18456,0.053179543
18457,0.026560144
18458,0.12072317
18459,0.026636263
18460,0.060741138
18461,0.113756634
18462,0.05619801
18463,0.15167345
18464,0.3174714
18465,0.11719343
18466,0.16355392
18467,0.05917847
18468,0.11542161
18469,0.070004255
18470,0.10074118
18471,0.06619846
18472,0.014396296
18473,0.020052098
18474,0.20607091
18475,0.07126778
18476,0.08527132
18477,0.070856534
18478,0.0718008
18479,0.017633287
18480,0.034678638
18481,0.02909628
18482,0.03903181
18483,0.2569346
18484,0.06541314
18485,0.06881779
18486,0.12280862
18487,0.6363918
18488,0.08853558
18489,0.026534498
18490,0.31256294
18491,0.087088935
18492,0.26441458
18493,0.19503036
18494,0.07871364
18495,0.01917065
18496,0.0474531
18497,0.06654342
18498,0.05642727
18499,0.13136904
18500,0.14915907
18501,0.04784728
18502,0.25865445
18503,0.10883794
18504,0.064521216
18505,0.01669826
18506,0.018608458
18507,0.023065085
18508,0.069786996
18509,0.0773062
18510,0.016726388
18511,0.13558988
18512,0.12395059
18513,0.24425367
18514,0.10395151
18515,0.05694236
18516,0.14010505
18517,0.18157576
18518,0.38447246
18519,0.08493579
18520,0.056819443
18521,0.042050466
18522,0.014396296
18523,0.06915881
18524,0.5815318
18525,0.042130083
18526,0.06622554
18527,0.43272108
18528,0.18980287
18529,0.017184913
18530,0.014787201
18531,0.016122522
18532,0.05198653
18533,0.053439938
18534,0.2595917
18535,0.25574258
18536,0.06754339
18537,0.07950683
18538,0.15092494
18539,0.1439117
18540,0.17542721
18541,0.18198682
18542,0.357651
18543,0.12488361
18544,0.01996754
18545,0.06377848
18546,0.10165902
18547,0.053257447
18548,0.3904154
18549,0.9135277
18550,0.06654342
18551,0.03523629
18552,0.42391255
18553,0.051170353
18554,0.34035027
18555,0.08061215
18556,0.08989391
18557,0.016987095
18558,0.055815425
18559,0.57243997
18560,0.04141151
18561,0.09445028
18562,0.26257
18563,0.117039405
18564,0.25969276
18565,0.38246906
18566,0.42184272
18567,0.023299085
18568,0.24378663
18569,0.14439179
18570,0.093131036
18571,0.9659012
18572,0.31276545
18573,0.4622989
18574,0.022952052
18575,0.1643917
18576,0.055459257
18577,0.020059258
18578,0.020066489
18579,0.014396296
18580,0.015246271
18581,0.06571939
18582,0.013896634
18583,0.013771827
18584,0.028829483
18585,0.10861295
18586,0.100192785
18587,0.1014397
18588,0.109115764
18589,0.11037612
18590,0.23779605
18591,0.19106682
18592,0.023627013
18593,0.115548156
18594,0.2595189
18595,0.053608097
18596,0.97545105
18597,0.933153
18598,0.71126646
18599,0.02146619
18600,0.11520821
18601,0.4601342
18602,0.09870138
18603,0.016933884
18604,0.0721762
18605,0.0140485605
18606,0.06004702
18607,0.10272515
18608,0.07013954
18609,0.0140485605
18610,0.4548492
18611,0.015832877
18612,0.025687397
18613,0.112761125
18614,0.11097149
18615,0.06591204
18616,0.06662543
18617,0.25882813
18618,0.2697866
18619,0.022485005
18620,0.12200515
18621,0.10920344
18622,0.15861902
18623,0.98182255
18624,0.75011045
18625,0.60934836
18626,0.015832877
18627,0.05913748
18628,0.023628706
18629,0.33359694
18630,0.096462645
18631,0.26113737
18632,0.101120025
18633,0.02227244
18634,0.13836034
18635,0.116361335
18636,0.15198097
18637,0.18271898
18638,0.5174057
18639,0.59830016
18640,0.19403082
18641,0.17632161
18642,0.11094283
18643,0.049030993
18644,0.12551646
18645,0.052695386
18646,0.05749616
18647,0.14378333
18648,0.16112842
18649,0.08249796
18650,0.09586611
18651,0.022231888
18652,0.7699953
18653,1.0
18654,0.9653513
18655,0.13659164
18656,0.037232693
18657,0.11687681
18658,0.4322065
18659,0.019993952
18660,0.03670849
18661,0.036037855
18662,0.031121055
18663,0.10099479
18664,0.05836881
18665,0.37936905
18666,0.9819356
18667,0.062085487
18668,0.11396868
18669,0.09236077
18670,0.18166514
18671,0.06504118
18672,0.3232396
18673,0.25607428
18674,0.032858953
18675,0.110195465
18676,0.11521463
18677,0.11091177
18678,0.036579866
18679,0.025754916
18680,0.26447994
18681,0.30353135
18682,0.19585238
18683,0.09123736
18684,0.021734992
18685,0.10859497
18686,0.07593759
18687,0.256326
18688,0.03018088
18689,0.04489942
18690,0.042326026
18691,0.037888803
18692,0.025182858
18693,0.06586833
18694,0.045453526
18695,0.34865054
18696,0.7044506
18697,0.26165986
18698,0.16247186
18699,0.13018969
18700,0.1673177
18701,0.14435886
18702,0.6487079
18703,0.05117296
18704,0.03238463
18705,0.06102033
18706,0.029632902
18707,0.12176212
18708,0.19463079
18709,0.13086274
18710,0.59085065
18711,0.26487148
18712,0.22063749
18713,1.0
18714,0.16484624
18715,0.018151294
18716,0.13903446
18717,0.25995007
18718,0.038441546
18719,0.059562266
18720,0.4207131
18721,0.09724345
18722,0.037288338
18723,0.04447157
18724,0.043430507
18725,0.25233722
18726,0.4199838
18727,0.44167963
18728,0.4941378
18729,0.4372582
18730,0.13908362
18731,0.14267217
18732,0.3623276
18733,0.13509102
18734,0.07508053
18735,0.05365677
18736,0.4499902
18737,0.28476647
18738,0.073423386
18739,0.032237776
18740,0.67219555
18741,0.33104813
18742,0.013675393
18743,0.084884845
18744,0.13151233
18745,0.0957629
18746,0.05830572
18747,0.014453706
18748,0.015711674
18749,0.015928436
18750,0.033734426
18751,0.06414855
18752,0.10643273
18753,0.124138534
18754,0.15892664
18755,0.4380237
18756,0.7483293
18757,0.44812527
18758,0.40660095
18759,0.5051531
18760,0.11006209
18761,0.019015701
18762,0.08112347
18763,0.07126116
18764,0.15784639
18765,0.17629014
18766,0.06464734
18767,0.028914463
18768,0.13987166
18769,0.12518415
18770,0.016933884
18771,0.013361351
18772,0.0573699
18773,0.08859336
18774,0.020907443
18775,0.022953937
18776,0.04337906
18777,0.018354034
18778,0.020816308
18779,0.037261706
18780,0.059192747
18781,0.07790579
18782,0.06927452
18783,0.33563
18784,0.18359388
18785,0.2787702
18786,0.73882437
18787,0.65249604
18788,0.26060024
18789,0.13597986
18790,0.073109545
18791,0.02625637
18792,0.04846357
18793,0.09775224
18794,0.016491417
18795,0.014294732
18796,0.024977205
18797,0.97332656
18798,0.044187736
18799,0.016933884
18800,0.067551434
18801,0.054344267
18802,0.12591122
18803,0.027781744
18804,0.054883894
18805,0.03600588
18806,0.03128291
18807,0.02846343
18808,0.03774008
18809,0.09556943
18810,0.11159469
18811,0.66875726
18812,0.36314788
18813,0.21570483
18814,0.98681885
18815,0.40517747
18816,0.4795097
18817,0.25318673
18818,0.013896634
18819,0.030561928
18820,0.039524592
18821,0.023484537
18822,0.06222866
18823,0.04766196
18824,0.016933884
18825,0.03488541
18826,0.08708871
18827,0.4524171
18828,0.09117177
18829,0.3725343
18830,0.020415362
18831,0.09641216
18832,0.1079155
18833,0.121896766
18834,0.17331536
18835,0.052598014
18836,0.02404219
18837,0.042348668
18838,0.14309604
18839,0.96981514
18840,0.31928718
18841,0.68013394
18842,0.26224333
18843,0.41027158
18844,0.16589418
18845,0.13551183
18846,0.049032792
18847,0.015210059
18848,0.025898777
18849,0.023806542
18850,0.10204329
18851,0.12514018
18852,0.06225682
18853,0.2584394
18854,0.02115888
18855,0.055156257
18856,0.014453706
18857,0.26006347
18858,0.02987904
18859,0.015323509
18860,0.014453706
18861,0.14322762
18862,0.23534992
18863,0.035077326
18864,0.013361351
18865,0.29892066
18866,0.25760067
18867,0.11454223
18868,0.1148874
18869,0.025915055
18870,0.11173527
18871,0.08091904
18872,0.028546961
18873,0.12731205
18874,0.113819115
18875,0.029258842
18876,0.0140485605
18877,0.1501282
18878,0.11382017
18879,0.04051762
18880,0.13317102
18881,0.03928239
18882,0.055003174
18883,0.014647793
18884,0.05077496
18885,0.1906626
18886,0.3873647
18887,0.63847816
18888,0.09508642
18889,0.016520085
18890,0.027231107
18891,0.03897279
18892,0.06043417
18893,0.12093364
18894,0.015303684
18895,0.025730092
18896,0.015822161
18897,0.017629938
18898,0.014396296
18899,0.016933884
18900,0.09262436
18901,0.10079777
18902,0.43718767
18903,0.015588487
18904,0.01537633
18905,0.029955972
18906,0.06545838
18907,0.11423952
18908,0.43738526
18909,0.14461313
18910,0.015210059
18911,0.014729473
18912,0.19783957
18913,0.044374757
18914,0.015734024
18915,0.07455689
18916,0.15483354
18917,0.048610818
18918,0.018696925
18919,0.19963372
18920,0.022953937
18921,0.03331667
18922,0.12260484
18923,0.06024062
18924,0.051881023
18925,0.03127958
18926,0.062238563
18927,0.26328906
18928,0.032853924
18929,0.026940897
18930,0.043357737
18931,0.034259375
18932,0.052796986
18933,0.19482692
18934,0.051920217
18935,0.24916929
18936,0.09287323
18937,0.024292327
18938,0.027463093
18939,0.04549123
18940,0.07213538
18941,0.043665253
18942,0.25807992
18943,0.19382358
18944,0.028168691
18945,0.068860486
18946,0.05434449
18947,0.014689115
18948,0.47768217
18949,0.6282279
18950,0.11077125
18951,0.0721741
18952,0.015928436
18953,0.10543553
18954,0.054609716
18955,0.042790983
18956,0.11057403
18957,0.11232288
18958,0.09458258
18959,0.8598367
18960,0.066919304
18961,0.016816255
18962,0.072101496
18963,0.066950805
18964,0.017629938
18965,0.13076854
18966,0.3189692
18967,0.06713082
18968,0.15778475
18969,0.07683681
18970,0.031097556
18971,0.09464092
18972,0.038383625
18973,0.035243794
18974,0.064324655
18975,0.06545137
18976,0.05429903
18977,0.01955123
18978,0.019521382
18979,0.05602134
18980,0.015886856
18981,0.12661022
18982,0.04185338
18983,0.025609067
18984,0.07505871
18985,0.09758241
18986,0.022304712
18987,0.034590572
18988,0.8279316
18989,0.049056645
18990,0.121212356
18991,0.041484687
18992,0.03168524
18993,0.05595734
18994,0.046273645
18995,0.019642169
18996,0.018314647
18997,0.43646476
18998,0.029994158
18999,0.013524533
19000,0.013361351
19001,0.013524533
19002,0.017211774
19003,0.015645899
19004,0.039856214
19005,0.11321806
19006,0.023979915
19007,0.014453706
19008,0.13641483
19009,0.039402097
19010,0.013524533
19011,0.046688404
19012,0.26026082
19013,0.01755671
19014,0.013361351
19015,0.0210583
19016,0.0152995875
19017,0.061483625
19018,0.013524533
19019,0.033954296
19020,0.013361351
19021,0.16604014
19022,0.05949149
19023,0.013524533
19024,0.015560808
19025,0.015560808
19026,0.016491417
19027,0.058374826
19028,0.14575149
19029,0.084385596
19030,0.05688284
19031,0.057705995
19032,0.052976772
19033,0.052841753
19034,0.07035259
19035,0.24624817
19036,0.20332658
19037,0.014689115
19038,0.03867963
19039,0.014729473
19040,0.016685503
19041,0.01557036
19042,0.014453706
19043,0.022700228
19044,0.014294732
19045,0.01669826
19046,0.016491417
19047,0.014396296
19048,0.022550777
19049,0.048473306
19050,0.060567077
19051,0.13462861
19052,0.013361351
19053,0.0152995875
19054,0.15131068
19055,0.017253533
19056,0.25881988
19057,0.014294732
19058,0.042940393
19059,0.015078454
19060,0.0152995875
19061,0.03141576
19062,0.029514087
19063,0.018802598
19064,0.030829735
19065,0.025435425
19066,0.081808105
19067,0.035585366
19068,0.029529555
19069,0.0152995875
19070,0.04168262
19071,0.01537633
19072,0.01655318
19073,0.014553537
19074,0.12189439
19075,0.027195223
19076,0.04284565
19077,0.025751192
19078,0.014453706
19079,0.016933884
19080,0.10716026
19081,0.029719012
19082,0.014453706
19083,0.014294732
19084,0.26362923
19085,0.06312696
19086,0.060476247
19087,0.08928381
19088,0.01491293
19089,0.07213333
19090,0.029302763
19091,0.017242976
19092,0.16144419
19093,0.02830033
19094,0.1166424
19095,0.1614959
19096,0.026362626
19097,0.028193967
19098,0.06971373
19099,0.023217095
19100,0.022231888
19101,0.014453706
19102,0.013697741
19103,0.0147167165
19104,0.046157133
19105,0.014880331
19106,0.014453706
19107,0.09032542
19108,0.07686945
19109,0.1582562
19110,0.018016629
19111,0.013361351
19112,0.016818857
19113,0.048861574
19114,0.020927722
19115,0.041850343
19116,0.01557036
19117,0.06316322
19118,0.01491293
19119,0.15894476
19120,0.19368286
19121,0.102899656
19122,0.01948278
19123,0.01491293
19124,0.038778815
19125,0.022061454
19126,0.035640158
19127,0.070193715
19128,0.02729193
19129,0.039840914
19130,0.02792057
19131,0.061334427
19132,0.037280098
19133,0.013819909
19134,0.16812396
19135,0.09843746
19136,0.03353785
19137,0.143777
19138,0.2456782
19139,0.26763484
19140,0.07536353
19141,0.17189458
19142,0.12724267
19143,0.19355342
19144,0.04520331
19145,0.055343036
19146,0.04782086
19147,0.016469607
19148,0.117610894
19149,0.027686343
19150,0.62924445
19151,0.20557234
19152,0.014500821
19153,0.12029953
19154,0.026684504
19155,0.07899958
19156,0.032657165
19157,0.017014692
19158,0.017664732
19159,0.13502012
19160,0.23250043
19161,0.27252162
19162,0.60385257
19163,0.061864506
19164,0.13751589
19165,0.1384258
19166,0.01896294
19167,0.05350643
19168,0.07418093
19169,0.06513731
19170,0.121074654
19171,0.028599937
19172,0.46598014
19173,0.08708839
19174,0.10804045
19175,0.5989454
19176,0.021289244
19177,0.59718806
19178,0.017881138
19179,0.062873915
19180,0.6129745
19181,0.0672686
19182,0.05924684
19183,0.04181309
19184,0.060881328
19185,0.11893712
19186,0.07222241
19187,0.055145312
19188,0.027191935
19189,0.036681164
19190,0.053954083
19191,0.24614213
19192,0.04375953
19193,0.040166236
19194,0.055923615
19195,0.076606184
19196,0.085372806
19197,0.03478385
19198,0.079196304
19199,0.05614037
19200,0.16032375
19201,0.16782558
19202,0.021395616
19203,0.05442204
19204,0.016587602
19205,0.01907119
19206,0.4830784
19207,0.15414721
19208,0.06324971
19209,0.4104239
19210,0.4226503
19211,0.15743674
19212,0.045813885
19213,0.016899318
19214,0.01645861
19215,0.014707017
19216,0.013295881
19217,0.036661703
19218,0.013819909
19219,0.0598907
19220,0.1467272
19221,0.131365
19222,0.14949293
19223,0.4390393
19224,0.014789253
19225,0.016721057
19226,0.07611001
19227,0.014110765
19228,0.028018788
19229,0.025392441
19230,0.028928734
19231,0.32171285
19232,0.018664984
19233,0.045283023
19234,0.04593701
19235,0.058278963
19236,0.024461089
19237,0.1771434
19238,0.5438479
19239,0.06452786
19240,0.08008688
19241,0.018167946
19242,0.016623052
19243,0.059278723
19244,0.07261917
19245,0.030093666
19246,0.16146302
19247,0.18044363
19248,0.1292992
19249,0.10431716
19250,0.09364574
19251,0.034166586
19252,0.06262911
19253,0.03702292
19254,0.039258588
19255,0.13232493
19256,0.06568224
19257,0.14550711
19258,0.015863435
19259,0.042186193
19260,0.030921452
19261,0.023154693
19262,0.020115249
19263,0.03860651
19264,0.046639126
19265,0.018510513
19266,0.06035675
19267,0.19905989
19268,0.40657696
19269,0.044353373
19270,0.040452063
19271,0.025309388
19272,0.097005896
19273,0.10448366
19274,0.023568172
19275,0.08270448
19276,0.030754698
19277,0.12835559
19278,0.03330108
19279,0.033945523
19280,0.044749737
19281,0.014647793
19282,0.10855429
19283,0.066412516
19284,0.20253655
19285,0.20683014
19286,0.1748791
19287,0.06795275
19288,0.06500058
19289,0.019540934
19290,0.06403334
19291,0.04813154
19292,0.014729473
19293,0.12380887
19294,0.052479737
19295,0.62222725
19296,0.13612469
19297,0.01901814
19298,0.12975012
19299,0.05045711
19300,0.0188477
19301,0.017995927
19302,0.1464017
19303,0.024141328
19304,0.0150230825
19305,0.019970955
19306,0.030949472
19307,0.10547338
19308,0.052008457
19309,0.094635434
19310,0.059444502
19311,0.12090724
19312,0.1887448
19313,0.38882694
19314,0.064550176
19315,0.03510174
19316,0.09578105
19317,0.024467858
19318,0.058838014
19319,0.013606771
19320,0.022365775
19321,0.0140485605
19322,0.090081364
19323,0.08127649
19324,0.10151183
19325,0.03423966
19326,0.09735574
19327,0.040475905
19328,0.06560125
19329,0.028772665
19330,0.1946645
19331,0.0268389
19332,0.08868742
19333,0.027886052
19334,0.014453706
19335,0.04298462
19336,0.0467546
19337,0.08530386
19338,0.08146893
19339,0.14321971
19340,0.11156812
19341,0.24899824
19342,0.14194347
19343,0.16046205
19344,0.016892346
19345,0.110227406
19346,0.05512922
19347,0.03438188
19348,0.0873077
19349,0.026345033
19350,0.047165003
19351,0.03815493
19352,0.06785055
19353,0.076397076
19354,0.030954894
19355,0.075614385
19356,0.05071746
19357,0.025521288
19358,0.124591485
19359,0.018127412
19360,0.047834396
19361,0.1600437
19362,0.056425177
19363,0.1267724
19364,0.31851786
19365,0.110334374
19366,0.19452034
19367,0.062436283
19368,0.11384466
19369,0.06851996
19370,0.12027842
19371,0.08678294
19372,0.014396296
19373,0.01649679
19374,0.35858375
19375,0.07756084
19376,0.09209575
19377,0.04647554
19378,0.057184648
19379,0.0183966
19380,0.020779178
19381,0.058829483
19382,0.35225013
19383,0.06632698
19384,0.055481106
19385,0.13843995
19386,0.6366985
19387,0.08781056
19388,0.020071324
19389,0.30840492
19390,0.06135237
19391,0.27202913
19392,0.19140403
19393,0.097201586
19394,0.022800686
19395,0.08458351
19396,0.05457798
19397,0.10879824
19398,0.13108602
19399,0.05035825
19400,0.19319095
19401,0.07278929
19402,0.06457529
19403,0.037873402
19404,0.027706007
19405,0.06824946
19406,0.070308805
19407,0.024878686
19408,0.13279176
19409,0.12918206
19410,0.14359818
19411,0.10850466
19412,0.03878557
19413,0.12010902
19414,0.17751384
19415,0.38144305
19416,0.08564277
19417,0.014453706
19418,0.054405775
19419,0.022417774
19420,0.015222406
19421,0.063249074
19422,0.5997016
19423,0.035635564
19424,0.08051629
19425,0.43272108
19426,0.19633625
19427,0.023147779
19428,0.015222406
19429,0.05043833
19430,0.054001853
19431,0.2599869
19432,0.3159806
19433,0.0671082
19434,0.07912886
19435,0.25808218
19436,0.14242563
19437,0.15315914
19438,0.26001716
19439,0.356486
19440,0.13929597
19441,0.05383076
19442,0.079920396
19443,0.06390327
19444,0.26113737
19445,0.9121438
19446,0.034610983
19447,0.28591222
19448,0.058958534
19449,0.19033012
19450,0.050891906
19451,0.092589214
19452,0.016987095
19453,0.05574967
19454,0.013965915
19455,0.5770824
19456,0.042275287
19457,0.09428046
19458,0.26292098
19459,0.12528369
19460,0.25969276
19461,0.36032367
19462,0.43739393
19463,0.024284588
19464,0.1705263
19465,0.16440827
19466,0.113898546
19467,0.9209261
19468,0.43991405
19469,0.44393685
19470,0.022547485
19471,0.24878898
19472,0.04766843
19473,0.017687498
19474,0.014880331
19475,0.08217644
19476,0.013896634
19477,0.028299244
19478,0.063391544
19479,0.11488584
19480,0.09974349
19481,0.109696165
19482,0.10554368
19483,0.32947716
19484,0.29119194
19485,0.024255928
19486,0.09650727
19487,0.32776517
19488,0.017070137
19489,0.06157219
19490,0.9698334
19491,0.9296382
19492,0.6281419
19493,0.013524533
19494,0.016933884
19495,0.14497489
19496,0.45882702
19497,0.098080605
19498,0.016933884
19499,0.053254653
19500,0.013854244
19501,0.014604565
19502,0.048838302
19503,0.09222485
19504,0.06417527
19505,0.0140485605
19506,0.45541722
19507,0.01576214
19508,0.026078308
19509,0.11410528
19510,0.113124736
19511,0.053374264
19512,0.063477546
19513,0.31886357
19514,0.2905992
19515,0.022646714
19516,0.10293344
19517,0.11507933
19518,0.102340825
19519,0.9762049
19520,0.7784932
19521,0.61399853
19522,0.059888028
19523,0.023885727
19524,0.015222406
19525,0.3282236
19526,0.08965264
19527,0.19000813
19528,0.041647587
19529,0.106806144
19530,0.030145774
19531,0.14818071
19532,0.11907242
19533,0.12888774
19534,0.15676585
19535,0.5180206
19536,0.5950919
19537,0.1794815
19538,0.16382821
19539,0.100325674
19540,0.049139302
19541,0.11904354
19542,0.063449785
19543,0.06857866
19544,0.022307076
19545,0.12332356
19546,0.16155143
19547,0.07723818
19548,0.12978162
19549,0.023709085
19550,0.77114
19551,0.99582356
19552,0.9597336
19553,0.1494179
19554,0.04154523
19555,0.14984658
19556,0.014729473
19557,0.43485293
19558,0.02146905
19559,0.031289518
19560,0.01931282
19561,0.032373343
19562,0.102543145
19563,0.050871402
19564,0.37960744
19565,0.97631794
19566,0.064954914
19567,0.10955809
19568,0.07967637
19569,0.1551524
19570,0.08437904
19571,0.33103842
19572,0.2576124
19573,0.048518118
19574,0.10239878
19575,0.13733484
19576,0.11141044
19577,0.033956073
19578,0.025806624
19579,0.2611717
19580,0.32680222
19581,0.19616397
19582,0.09247599
19583,0.09104405
19584,0.07622235
19585,0.27229255
19586,0.036786765
19587,0.043956187
19588,0.04181594
19589,0.035489254
19590,0.038824946
19591,0.04050056
19592,0.046919078
19593,0.33540455
19594,0.79539186
19595,0.26250088
19596,0.1645252
19597,0.12157366
19598,0.17944624
19599,0.14252391
19600,0.67578423
19601,0.05307733
19602,0.042253964
19603,0.03865704
19604,0.037808903
19605,0.118400306
19606,0.18846658
19607,0.19391519
19608,0.41811594
19609,0.3658634
19610,0.19102703
19611,1.0
19612,0.19508426
19613,0.01669826
19614,0.16324045
19615,0.2594128
19616,0.019913087
19617,0.047512583
19618,0.3300603
19619,0.0677631
19620,0.036785588
19621,0.03899758
19622,0.04348214
19623,0.2432371
19624,0.43061706
19625,0.2739426
19626,0.4842606
19627,0.42363328
19628,0.14131074
19629,0.1502708
19630,0.37454242
19631,0.04533962
19632,0.1289128
19633,0.08781556
19634,0.044736404
19635,0.482371
19636,0.26011738
19637,0.04958949
19638,0.6783279
19639,0.42666045
19640,0.077073984
19641,0.114129394
19642,0.09154342
19643,0.07145042
19644,0.014453706
19645,0.015935346
19646,0.050444342
19647,0.06006688
19648,0.09330869
19649,0.09873762
19650,0.13630922
19651,0.43850604
19652,0.7473795
19653,0.4492821
19654,0.4010309
19655,0.52804554
19656,0.11291222
19657,0.124680854
19658,0.08037764
19659,0.14835249
19660,0.25512508
19661,0.06860699
19662,0.02443836
19663,0.07817807
19664,0.10869807
19665,0.022953937
19666,0.013361351
19667,0.038110774
19668,0.08255915
19669,0.017434495
19670,0.01600538
19671,0.031110764
19672,0.018862305
19673,0.016642274
19674,0.038198683
19675,0.057575367
19676,0.09003852
19677,0.07186058
19678,0.24480969
19679,0.14927678
19680,0.27986956
19681,0.80911684
19682,0.7297907
19683,0.25952318
19684,0.11344942
19685,0.05915396
19686,0.025636736
19687,0.065765604
19688,0.09726585
19689,0.016060036
19690,0.014339417
19691,0.9738952
19692,0.04245647
19693,0.016933884
19694,0.08144953
19695,0.061202947
19696,0.116515495
19697,0.02789422
19698,0.047147553
19699,0.037292194
19700,0.017810078
19701,0.021535147
19702,0.03742386
19703,0.09285815
19704,0.11563853
19705,0.69487405
19706,0.36333656
19707,0.19245021
19708,0.93524104
19709,0.41093224
19710,0.46915796
19711,0.25587583
19712,0.04074967
19713,0.039036255
19714,0.024970526
19715,0.048957422
19716,0.052230604
19717,0.025707139
19718,0.08701919
19719,0.4737311
19720,0.09242363
19721,0.35717705
19722,0.021534527
19723,0.08413472
19724,0.07849974
19725,0.12828858
19726,0.11837956
19727,0.047367446
19728,0.02354879
19729,0.0140485605
19730,0.041265752
19731,0.14332733
19732,0.9750741
19733,0.3366582
19734,0.63736266
19735,0.38333234
19736,0.2620573
19737,0.18644573
19738,0.1447443
19739,0.048478656
19740,0.022308618
19741,0.015210059
19742,0.04448451
19743,0.023806542
19744,0.11196206
19745,0.11883932
19746,0.06409086
19747,0.26041898
19748,0.018625272
19749,0.056687374
19750,0.25997406
19751,0.028953344
19752,0.015222406
19753,0.015222406
19754,0.13097866
19755,0.25561512
19756,0.03250754
19757,0.013361351
19758,0.17329179
19759,0.258478
19760,0.09541932
19761,0.115323536
19762,0.05371455
19763,0.10810621
19764,0.09421573
19765,0.05608233
19766,0.12734014
19767,0.1153864
19768,0.030558819
19769,0.016854025
19770,0.16067703
19771,0.01669826
19772,0.113252506
19773,0.03379608
19774,0.12797819
19775,0.046807945
19776,0.05721174
19777,0.013524533
19778,0.050677173
19779,0.18062219
19780,0.3948214
19781,0.6354765
19782,0.14059034
19783,0.016576134
19784,0.03629951
19785,0.039920043
19786,0.015560808
19787,0.07129795
19788,0.12239758
19789,0.015222406
19790,0.025998628
19791,0.020321665
19792,0.018466787
19793,0.014396296
19794,0.016933884
19795,0.091388546
19796,0.11876065
19797,0.44405663
19798,0.0152995875
19799,0.01669826
19800,0.029542662
19801,0.06585989
19802,0.116285965
19803,0.43602565
19804,0.14510632
19805,0.12801798
19806,0.03404972
19807,0.069532424
19808,0.08764909
19809,0.054007955
19810,0.016614934
19811,0.014672172
19812,0.28536186
19813,0.01537633
19814,0.03519799
19815,0.12563074
19816,0.07330444
19817,0.04204043
19818,0.017547568
19819,0.03362783
19820,0.052075025
19821,0.26082096
19822,0.041057933
19823,0.017659927
19824,0.04595525
19825,0.0384828
19826,0.054272864
19827,0.19592004
19828,0.06361948
19829,0.25392944
19830,0.09098854
19831,0.026414426
19832,0.05074489
19833,0.048398074
19834,0.04862968
19835,0.28777725
19836,0.19446436
19837,0.017933726
19838,0.078878835
19839,0.065138325
19840,0.01492356
19841,0.0140485605
19842,0.4806012
19843,0.72418594
19844,0.14662601
19845,0.07406142
19846,0.10879342
19847,0.051904798
19848,0.039808217
19849,0.1145806
19850,0.11817196
19851,0.09789178
19852,0.86262524
19853,0.016933884
19854,0.06539594
19855,0.0152995875
19856,0.0762321
19857,0.058308158
19858,0.017345302
19859,0.032563325
19860,0.105221815
19861,0.3145186
19862,0.09245306
19863,0.15050493
19864,0.025927173
19865,0.0686925
19866,0.015338635
19867,0.029575601
19868,0.11099987
19869,0.037582703
19870,0.03362269
19871,0.06454112
19872,0.061978746
19873,0.05448555
19874,0.026290245
19875,0.022415558
19876,0.055943917
19877,0.015779266
19878,0.13463138
19879,0.056232203
19880,0.024488693
19881,0.07498906
19882,0.099307686
19883,0.02297035
19884,0.032902513
19885,0.97124845
19886,0.06585847
19887,0.11752416
19888,0.07406873
19889,0.03174279
19890,0.048625093
19891,0.046345856
19892,0.029485883
19893,0.017338173
19894,0.33075824
19895,0.024022909
19896,0.013524533
19897,0.017211774
19898,0.014729473
19899,0.040332977
19900,0.11386827
19901,0.02413897
19902,0.014453706
19903,0.13588677
19904,0.038946062
19905,0.019686706
19906,0.013524533
19907,0.04706744
19908,0.39483687
19909,0.01755671
19910,0.013361351
19911,0.017363183
19912,0.015210059
19913,0.060365625
19914,0.0331618
19915,0.13773018
19916,0.07404137
19917,0.015560808
19918,0.016491417
19919,0.065686345
19920,0.2549307
19921,0.103635736
19922,0.09267585
19923,0.054909874
19924,0.04852301
19925,0.057979524
19926,0.022213459
19927,0.07930527
19928,0.15524404
19929,0.29595533
19930,0.014647793
19931,0.015711674
19932,0.015912997
19933,0.026522106
19934,0.01537633
19935,0.014672172
19936,0.018540738
19937,0.014689115
19938,0.016559776
19939,0.0152995875
19940,0.02640096
19941,0.036902223
19942,0.049083225
19943,0.117451675
19944,0.12507562
19945,0.28250262
19946,0.040951915
19947,0.01682421
19948,0.033501953
19949,0.026588751
19950,0.0140485605
19951,0.017362535
19952,0.04849108
19953,0.015224398
19954,0.01600538
19955,0.014294732
19956,0.013896634
19957,0.06792549
19958,0.029712025
19959,0.028828943
19960,0.017264223
19961,0.055401657
19962,0.01669826
19963,0.01655318
19964,0.013524533
19965,0.11385512
19966,0.026569273
19967,0.042988963
19968,0.014339417
19969,0.030413128
19970,0.014729473
19971,0.01605725
19972,0.13955118
19973,0.0152995875
19974,0.26479423
19975,0.0764179
19976,0.0625096
19977,0.079053886
19978,0.07107022
19979,0.032525167
19980,0.0147167165
19981,0.12038056
19982,0.016932962
19983,0.095267065
19984,0.16901729
19985,0.019509913
19986,0.032767743
19987,0.026853723
19988,0.04221881
19989,0.0226066
19990,0.01576214
19991,0.013606771
19992,0.017446615
19993,0.0152995875
19994,0.01492356
19995,0.043580126
19996,0.01492356
19997,0.09423797
19998,0.07760849
19999,0.19519696
20000,0.015822908
20001,0.014553537
20002,0.016051726
20003,0.017576868
20004,0.04909398
20005,0.031745262
20006,0.019513981
20007,0.03856662
20008,0.035232678
20009,0.015210059
20010,0.02465188
20011,0.172424
20012,0.20148824
20013,0.0140485605
20014,0.119798325
20015,0.01948278
20016,0.03227164
20017,0.036766414
20018,0.022061454
20019,0.034920532
20020,0.04995701
20021,0.038472805
20022,0.10579796
20023,0.029659772
20024,0.023938775
20025,0.15252066
20026,0.032911543
20027,0.044522356
20028,0.046837214
20029,0.12772667
20030,0.06877158
20031,0.30023715
20032,0.42094743
20033,0.08366487
20034,0.19696128
20035,0.04520331
20036,0.0780049
20037,0.04750868
20038,0.016469607
20039,0.11171075
20040,0.024154492
20041,0.72052336
20042,0.0869677
20043,0.034993157
20044,0.14372802
20045,0.054845426
20046,0.015332156
20047,0.066760145
20048,0.033619504
20049,0.02925723
20050,0.13951515
20051,0.13770635
20052,0.6320672
20053,0.5909442
20054,0.035056073
20055,0.13851984
20056,0.26200846
20057,0.021695979
20058,0.07305144
20059,0.041719258
20060,0.07378294
20061,0.056307066
20062,0.4342269
20063,0.13349429
20064,0.12801677
20065,0.5527127
20066,0.6108919
20067,0.071610995
20068,0.45743716
20069,0.052243236
20070,0.07049944
20071,0.03913282
20072,0.06671993
20073,0.1267135
20074,0.082795866
20075,0.027191935
20076,0.035983287
20077,0.044060294
20078,0.4081381
20079,0.05001608
20080,0.05248381
20081,0.07891273
20082,0.07569796
20083,0.08498592
20084,0.031742647
20085,0.12483832
20086,0.022453608
20087,0.044502564
20088,0.24179006
20089,0.15956862
20090,0.021395616
20091,0.040603645
20092,0.016587602
20093,0.02421403
20094,0.028807394
20095,0.5176405
20096,0.0948645
20097,0.05646256
20098,0.28172308
20099,0.4331233
20100,0.013295881
20101,0.134915
20102,0.08242552
20103,0.020252984
20104,0.027142266
20105,0.01917032
20106,0.037200928
20107,0.013819909
20108,0.06878147
20109,0.064858615
20110,0.055549856
20111,0.24575998
20112,0.4436683
20113,0.016721057
20114,0.079981595
20115,0.014110765
20116,0.018176204
20117,0.034245454
20118,0.2715894
20119,0.047171768
20120,0.04500362
20121,0.041167904
20122,0.19002569
20123,0.34705418
20124,0.084218144
20125,0.085426696
20126,0.018167946
20127,0.015377987
20128,0.048920818
20129,0.07085005
20130,0.029975664
20131,0.13213037
20132,0.13659099
20133,0.08419521
20134,0.10531674
20135,0.09037769
20136,0.03235331
20137,0.042884924
20138,0.036561765
20139,0.04402461
20140,0.12941849
20141,0.08367413
20142,0.1442118
20143,0.016032238
20144,0.039895095
20145,0.03888488
20146,0.032271944
20147,0.026158089
20148,0.038255192
20149,0.056210417
20150,0.021964924
20151,0.04905301
20152,0.19897915
20153,0.25965708
20154,0.04967133
20155,0.04631616
20156,0.025309388
20157,0.1052189
20158,0.08733867
20159,0.05561449
20160,0.027587652
20161,0.16548215
20162,0.04144741
20163,0.034458548
20164,0.041139074
20165,0.014647793
20166,0.0881632
20167,0.0652616
20168,0.17310847
20169,0.20740496
20170,0.17199378
20171,0.06355561
20172,0.06114301
20173,0.016770674
20174,0.083415486
20175,0.047383197
20176,0.01465098
20177,0.13737378
20178,0.051436517
20179,0.60956705
20180,0.13830662
20181,0.022012616
20182,0.12975012
20183,0.050090704
20184,0.03355648
20185,0.018724984
20186,0.017070137
20187,0.014294732
20188,0.10684063
20189,0.021513999
20190,0.02306304
20191,0.10898171
20192,0.05151433
20193,0.07260143
20194,0.06949017
20195,0.13749667
20196,0.31584814
20197,0.38887537
20198,0.09565721
20199,0.033440545
20200,0.11992235
20201,0.026266742
20202,0.049333904
20203,0.023580382
20204,0.0140485605
20205,0.120803446
20206,0.053284384
20207,0.10881379
20208,0.03235164
20209,0.1114901
20210,0.03377306
20211,0.042324062
20212,0.035781235
20213,0.01669826
20214,0.015864857
20215,0.18321095
20216,0.014453706
20217,0.029824512
20218,0.09348709
20219,0.023712737
20220,0.014453706
20221,0.04290139
20222,0.04841435
20223,0.08838321
20224,0.08390212
20225,0.15085846
20226,0.1105699
20227,0.15967055
20228,0.16798761
20229,0.25779724
20230,0.018705692
20231,0.10391202
20232,0.05512922
20233,0.015754903
20234,0.050583437
20235,0.086828895
20236,0.045512486
20237,0.03768699
20238,0.08560467
20239,0.07761636
20240,0.02403354
20241,0.053594988
20242,0.046269216
20243,0.025521288
20244,0.10939217
20245,0.01808771
20246,0.046621636
20247,0.13289705
20248,0.064310454
20249,0.13752908
20250,0.2927911
20251,0.11131782
20252,0.17421283
20253,0.080829866
20254,0.10013648
20255,0.066272885
20256,0.12431091
20257,0.06971277
20258,0.02016303
20259,0.33319652
20260,0.07190874
20261,0.11004808
20262,0.047511432
20263,0.07628721
20264,0.015369047
20265,0.017341256
20266,0.042516105
20267,0.040537022
20268,0.33566734
20269,0.08171442
20270,0.066272624
20271,0.118639864
20272,0.6379952
20273,0.07437018
20274,0.017622909
20275,0.29795998
20276,0.06285678
20277,0.26523882
20278,0.18978097
20279,0.065301165
20280,0.013361351
20281,0.02147537
20282,0.04817478
20283,0.049696323
20284,0.10734345
20285,0.19302388
20286,0.034278
20287,0.2568699
20288,0.07629014
20289,0.014294732
20290,0.07033962
20291,0.037873402
20292,0.0610495
20293,0.07758362
20294,0.022711776
20295,0.13260198
20296,0.14219008
20297,0.255538
20298,0.113420635
20299,0.059681546
20300,0.13055855
20301,0.23876236
20302,0.37051198
20303,0.07494744
20304,0.062436115
20305,0.022745108
20306,0.020917635
20307,0.06299911
20308,0.5960932
20309,0.03260072
20310,0.08623939
20311,0.417164
20312,0.21976209
20313,0.015483773
20314,0.01600538
20315,0.017531134
20316,0.04952588
20317,0.05351057
20318,0.25601354
20319,0.31023064
20320,0.07213543
20321,0.07950683
20322,0.25223705
20323,0.123469554
20324,0.1356151
20325,0.24858679
20326,0.3596833
20327,0.1181851
20328,0.05234975
20329,0.08720358
20330,0.08474616
20331,0.266221
20332,0.81915295
20333,0.066759884
20334,0.028905062
20335,0.2744184
20336,0.061258417
20337,0.19503339
20338,0.019929497
20339,0.051473904
20340,0.091335095
20341,0.017080076
20342,0.052226745
20343,0.60599864
20344,0.033605367
20345,0.09015123
20346,0.18750066
20347,0.14343725
20348,0.25498614
20349,0.39184582
20350,0.44495124
20351,0.024283776
20352,0.1935987
20353,0.14857358
20354,0.11185483
20355,0.8271116
20356,0.4577885
20357,0.45324272
20358,0.013524533
20359,0.024764523
20360,0.22763878
20361,0.04650593
20362,0.020296559
20363,0.022719108
20364,0.065632775
20365,0.013524533
20366,0.0140485605
20367,0.013896634
20368,0.03338697
20369,0.06040606
20370,0.09890878
20371,0.10450992
20372,0.10986526
20373,0.10678567
20374,0.29030278
20375,0.19045094
20376,0.024695726
20377,0.10400746
20378,0.19503339
20379,0.017070137
20380,0.04578677
20381,0.9698334
20382,0.8272937
20383,0.67317635
20384,0.019985495
20385,0.10421396
20386,0.43877712
20387,0.09575818
20388,0.01610365
20389,0.05873638
20390,0.01492356
20391,0.049713224
20392,0.0722622
20393,0.054130815
20394,0.0144567415
20395,0.45358908
20396,0.015928436
20397,0.025816606
20398,0.13358027
20399,0.10796649
20400,0.05618297
20401,0.050649717
20402,0.31886357
20403,0.2794317
20404,0.02413897
20405,0.13630156
20406,0.122218244
20407,0.106872454
20408,0.9762049
20409,0.74785864
20410,0.7022888
20411,0.015222406
20412,0.06241219
20413,0.025997793
20414,0.43065014
20415,0.0832925
20416,0.2605888
20417,0.041585017
20418,0.11354108
20419,0.036622427
20420,0.14305615
20421,0.12570545
20422,0.16260445
20423,0.14349993
20424,0.5180206
20425,0.5979272
20426,0.18711922
20427,0.14194347
20428,0.08841786
20429,0.050450753
20430,0.115752965
20431,0.05045435
20432,0.07108415
20433,0.12794937
20434,0.14894035
20435,0.077660486
20436,0.19575848
20437,0.022532409
20438,0.9296552
20439,0.9962978
20440,0.95842636
20441,0.1582289
20442,0.040167045
20443,0.1879022
20444,0.014729473
20445,0.44188383
20446,0.022156218
20447,0.01830716
20448,0.018875215
20449,0.030710584
20450,0.10599993
20451,0.051926598
20452,0.36652625
20453,0.97631794
20454,0.07445341
20455,0.11131756
20456,0.09434912
20457,0.22820748
20458,0.06901964
20459,0.31366733
20460,0.26336902
20461,0.035648156
20462,0.10342923
20463,0.11833066
20464,0.10971923
20465,0.07495852
20466,0.02754183
20467,0.2614235
20468,0.28550386
20469,0.19391978
20470,0.083998024
20471,0.022121934
20472,0.10042178
20473,0.10916213
20474,0.19593038
20475,0.032045845
20476,0.04560968
20477,0.038772296
20478,0.022595799
20479,0.024329891
20480,0.047677003
20481,0.04701451
20482,0.3308152
20483,0.79863113
20484,0.43816885
20485,0.2635705
20486,0.116147384
20487,0.18926273
20488,0.15638943
20489,0.64831007
20490,0.052693587
20491,0.055605054
20492,0.032146
20493,0.12203972
20494,0.12116461
20495,0.17102328
20496,0.38443866
20497,0.3853922
20498,0.19092676
20499,1.0
20500,0.16239192
20501,0.01669826
20502,0.16366345
20503,0.24977222
20504,0.018577911
20505,0.05766492
20506,0.38146478
20507,0.06000732
20508,0.032957714
20509,0.043464325
20510,0.043470144
20511,0.16219452
20512,0.43051404
20513,0.26451796
20514,0.4740355
20515,0.26599365
20516,0.15486476
20517,0.17173624
20518,0.3686603
20519,0.18933477
20520,0.08954774
20521,0.04475401
20522,0.45567706
20523,0.20570321
20524,0.05092762
20525,0.64551675
20526,0.30570444
20527,0.013524533
20528,0.082631946
20529,0.13668635
20530,0.09632309
20531,0.03952357
20532,0.015879571
20533,0.033630013
20534,0.08588032
20535,0.09668485
20536,0.09855512
20537,0.13309512
20538,0.43472886
20539,0.74851215
20540,0.4559817
20541,0.40255314
20542,0.50788003
20543,0.1099172
20544,0.0790633
20545,0.07829899
20546,0.14755005
20547,0.19493312
20548,0.06408596
20549,0.024634585
20550,0.0843699
20551,0.12757054
20552,0.017655913
20553,0.013361351
20554,0.039249673
20555,0.0915461
20556,0.019764291
20557,0.030513246
20558,0.015210059
20559,0.038029622
20560,0.05883202
20561,0.0634538
20562,0.084492184
20563,0.32632914
20564,0.25561512
20565,0.2750213
20566,0.70842177
20567,0.6955281
20568,0.265612
20569,0.13774681
20570,0.041492376
20571,0.01938091
20572,0.06405667
20573,0.11878275
20574,0.01615534
20575,0.014339417
20576,0.026042199
20577,0.9738952
20578,0.04445109
20579,0.027390594
20580,0.08546281
20581,0.055366304
20582,0.112476766
20583,0.02789422
20584,0.046389017
20585,0.016590532
20586,0.03551914
20587,0.017810078
20588,0.01742888
20589,0.041241392
20590,0.09479988
20591,0.12225974
20592,0.73096704
20593,0.377852
20594,0.2002349
20595,0.93293357
20596,0.404082
20597,0.47031796
20598,0.2648684
20599,0.047916226
20600,0.023484537
20601,0.0716956
20602,0.045270927
20603,0.016933884
20604,0.025707139
20605,0.06327108
20606,0.4663852
20607,0.075079985
20608,0.3565566
20609,0.019545032
20610,0.09321127
20611,0.13117802
20612,0.11743776
20613,0.15905812
20614,0.043957625
20615,0.0140485605
20616,0.04018791
20617,0.16817884
20618,0.92197585
20619,0.3347995
20620,0.68362945
20621,0.26212096
20622,0.40094346
20623,0.18012501
20624,0.13459222
20625,0.04875005
20626,0.01544736
20627,0.026899578
20628,0.03127788
20629,0.10702976
20630,0.11318855
20631,0.08151061
20632,0.37635475
20633,0.02115888
20634,0.05678161
20635,0.017507415
20636,0.39029527
20637,0.02892635
20638,0.016892346
20639,0.0140485605
20640,0.17162085
20641,0.32646614
20642,0.027912177
20643,0.013361351
20644,0.1709414
20645,0.25813332
20646,0.084976405
20647,0.115837574
20648,0.036585085
20649,0.102857314
20650,0.10513301
20651,0.037648916
20652,0.12730238
20653,0.110143
20654,0.03400923
20655,0.020734614
20656,0.0140485605
20657,0.12841259
20658,0.01610365
20659,0.097928554
20660,0.0140485605
20661,0.029843194
20662,0.14553568
20663,0.039252426
20664,0.04207755
20665,0.014787201
20666,0.04960291
20667,0.18956947
20668,0.38959572
20669,0.6134534
20670,0.13056377
20671,0.015832877
20672,0.027231107
20673,0.039091945
20674,0.015560808
20675,0.111729205
20676,0.17894618
20677,0.014729473
20678,0.025998628
20679,0.015912997
20680,0.025399657
20681,0.01610365
20682,0.016933884
20683,0.094073586
20684,0.10559561
20685,0.4347661
20686,0.015531607
20687,0.01546277
20688,0.034893975
20689,0.065175354
20690,0.14051896
20691,0.43463013
20692,0.14057425
20693,0.01544736
20694,0.1289128
20695,0.034484453
20696,0.016115053
20697,0.069455124
20698,0.10637994
20699,0.048246402
20700,0.019794151
20701,0.014672172
20702,0.26070574
20703,0.032898072
20704,0.01669826
20705,0.027107244
20706,0.12585306
20707,0.071944885
20708,0.040657423
20709,0.018348284
20710,0.029973034
20711,0.07134793
20712,0.2669509
20713,0.03354981
20714,0.013361351
20715,0.019594392
20716,0.04924579
20717,0.03418165
20718,0.05186422
20719,0.26149508
20720,0.060800083
20721,0.24612077
20722,0.077119485
20723,0.025947206
20724,0.015210059
20725,0.047731757
20726,0.07321695
20727,0.03761389
20728,0.20519127
20729,0.01669826
20730,0.1665914
20731,0.026747797
20732,0.06945418
20733,0.074522726
20734,0.013606771
20735,0.47768217
20736,0.7603333
20737,0.12602852
20738,0.07442408
20739,0.015928436
20740,0.110952206
20741,0.07284531
20742,0.04066692
20743,0.10903016
20744,0.121306404
20745,0.09049214
20746,0.9638194
20747,0.016933884
20748,0.06622436
20749,0.0891371
20750,0.09045636
20751,0.0176993
20752,0.06982463
20753,0.12335295
20754,0.44440886
20755,0.07386167
20756,0.1185194
20757,0.022629011
20758,0.065822065
20759,0.014604565
20760,0.027601276
20761,0.092178434
20762,0.04395006
20763,0.024681715
20764,0.051644888
20765,0.050897025
20766,0.02086205
20767,0.055224862
20768,0.0152995875
20769,0.017913872
20770,0.13463138
20771,0.038191594
20772,0.060317617
20773,0.015928436
20774,0.025611393
20775,0.07904909
20776,0.074903816
20777,0.027231107
20778,0.044351712
20779,0.97273815
20780,0.046404447
20781,0.117776066
20782,0.028732643
20783,0.046955016
20784,0.058445703
20785,0.021137768
20786,0.019225148
20787,0.4314738
20788,0.024681311
20789,0.014553537
20790,0.017211774
20791,0.040332977
20792,0.114678636
20793,0.023962973
20794,0.014453706
20795,0.1262904
20796,0.033852708
20797,0.01755671
20798,0.048606712
20799,0.3956623
20800,0.023375582
20801,0.026362626
20802,0.019893281
20803,0.015210059
20804,0.061958596
20805,0.034189783
20806,0.13377877
20807,0.077249184
20808,0.017264223
20809,0.016491417
20810,0.013524533
20811,0.06601262
20812,0.24482234
20813,0.12300399
20814,0.062466208
20815,0.05687593
20816,0.05528446
20817,0.060423233
20818,0.01669826
20819,0.082502306
20820,0.2511825
20821,0.28050765
20822,0.0140485605
20823,0.015711674
20824,0.017592771
20825,0.016685503
20826,0.018345736
20827,0.014553537
20828,0.014689115
20829,0.01669826
20830,0.01669826
20831,0.014689115
20832,0.020514937
20833,0.04618448
20834,0.055541918
20835,0.09834564
20836,0.0152995875
20837,0.1422207
20838,0.0140485605
20839,0.26942945
20840,0.014729473
20841,0.014453706
20842,0.032445785
20843,0.015865503
20844,0.017594906
20845,0.03615892
20846,0.01695739
20847,0.026840692
20848,0.068943284
20849,0.02517018
20850,0.032632023
20851,0.054690763
20852,0.01669826
20853,0.014689115
20854,0.021970272
20855,0.013524533
20856,0.14276767
20857,0.025476916
20858,0.046689957
20859,0.014689115
20860,0.026758524
20861,0.01546277
20862,0.122273944
20863,0.014453706
20864,0.014339417
20865,0.4389604
20866,0.058033627
20867,0.078500465
20868,0.0704228
20869,0.031339906
20870,0.014689115
20871,0.13098055
20872,0.017420202
20873,0.09393209
20874,0.19568984
20875,0.015781485
20876,0.022438494
20877,0.026645573
20878,0.041915312
20879,0.0226066
20880,0.022365775
20881,0.014672172
20882,0.013854244
20883,0.042075034
20884,0.019802142
20885,0.09136306
20886,0.06972297
20887,0.045256272
20888,0.013771827
20889,0.19095868
20890,0.015848259
20891,0.016164748
20892,0.026377967
20893,0.016214909
20894,0.018168561
20895,0.04909398
20896,0.038084023
20897,0.016060036
20898,0.041305818
20899,0.031061118
20900,0.024900176
20901,0.16366008
20902,0.19423328
20903,0.019516256
20904,0.10203743
20905,0.02001988
20906,0.04114539
20907,0.043661185
20908,0.027072664
20909,0.027614126
20910,0.02792057
20911,0.033077978
20912,0.15282474
20913,0.036845855
20914,0.118029125
20915,0.059487198
20916,0.068375684
20917,0.030638736
20918,0.17537378
20919,0.2386653
20920,0.14817546
20921,0.07558006
20922,0.32921064
20923,0.122662604
20924,0.2380809
20925,0.04455182
20926,0.022706429
20927,0.05459143
20928,0.015776727
20929,0.04932824
20930,0.014564804
20931,0.10881852
20932,0.026019944
20933,0.654664
20934,0.106585674
20935,0.10961365
20936,0.050280828
20937,0.015332156
20938,0.026891045
20939,0.061407164
20940,0.03570476
20941,0.038869612
20942,0.0748339
20943,0.09011075
20944,0.56891656
20945,0.5422761
20946,0.035393298
20947,0.054687794
20948,0.08555749
20949,0.3743675
20950,0.05762589
20951,0.048913352
20952,0.063615285
20953,0.030420057
20954,0.47571507
20955,0.12548502
20956,0.08295369
20957,0.5586035
20958,0.082597286
20959,0.64871615
20960,0.06253832
20961,0.6270734
20962,0.07151841
20963,0.059710335
20964,0.026390802
20965,0.10837733
20966,0.081474185
20967,0.13662815
20968,0.07712572
20969,0.057743046
20970,0.053954083
20971,0.4118993
20972,0.052180294
20973,0.05660833
20974,0.09272735
20975,0.06585922
20976,0.080104604
20977,0.05576792
20978,0.029045824
20979,0.12040497
20980,0.023668215
20981,0.055901308
20982,0.19208394
20983,0.09365233
20984,0.07830553
20985,0.021395616
20986,0.041345395
20987,0.041498277
20988,0.019849818
20989,0.4581059
20990,0.095380545
20991,0.05576769
20992,0.07990574
20993,0.41996425
20994,0.1037844
20995,0.07470349
20996,0.015332156
20997,0.03565388
20998,0.016587602
20999,0.013295881
21000,0.05526763
21001,0.014259147
21002,0.058208287
21003,0.11945779
21004,0.07058255
21005,0.10489813
21006,0.24955423
21007,0.016721057
21008,0.09375712
21009,0.025575062
21010,0.021214657
21011,0.03151667
21012,0.25830573
21013,0.017317835
21014,0.044716228
21015,0.0618243
21016,0.039588377
21017,0.026101902
21018,0.08504676
21019,0.5754702
21020,0.05535474
21021,0.056086373
21022,0.02340821
21023,0.015005883
21024,0.052181713
21025,0.12731776
21026,0.02788836
21027,0.015109983
21028,0.15661466
21029,0.15416639
21030,0.0958304
21031,0.12265294
21032,0.077374205
21033,0.014500821
21034,0.043839067
21035,0.038028
21036,0.032329865
21037,0.0384817
21038,0.12728943
21039,0.057604924
21040,0.1465425
21041,0.015863435
21042,0.03382806
21043,0.02959143
21044,0.018886842
21045,0.019667294
21046,0.03251158
21047,0.04887658
21048,0.043609135
21049,0.051804323
21050,0.19462268
21051,0.39310518
21052,0.04270889
21053,0.061436433
21054,0.02564336
21055,0.105898656
21056,0.07618136
21057,0.02638904
21058,0.054311294
21059,0.028466389
21060,0.17148384
21061,0.052450784
21062,0.035891056
21063,0.044743277
21064,0.013524533
21065,0.1208872
21066,0.069184564
21067,0.19388185
21068,0.20559488
21069,0.29370046
21070,0.059581816
21071,0.04539577
21072,0.03142847
21073,0.08230036
21074,0.06439193
21075,0.016685503
21076,0.1159872
21077,0.05694066
21078,0.5718669
21079,0.12660865
21080,0.022012616
21081,0.114449486
21082,0.050892126
21083,0.035317715
21084,0.015071354
21085,0.017252656
21086,0.014294732
21087,0.015210059
21088,0.08602938
21089,0.022274576
21090,0.023486257
21091,0.109026656
21092,0.05177587
21093,0.07522657
21094,0.062378988
21095,0.12069719
21096,0.1587618
21097,0.39081442
21098,0.062883504
21099,0.022815662
21100,0.10478376
21101,0.017296799
21102,0.04710925
21103,0.023573885
21104,0.0140485605
21105,0.09621002
21106,0.081614025
21107,0.10762137
21108,0.033356268
21109,0.08091243
21110,0.031817283
21111,0.039337188
21112,0.029593268
21113,0.01669826
21114,0.018638678
21115,0.24051833
21116,0.015144707
21117,0.029176056
21118,0.08716478
21119,0.024084838
21120,0.04290139
21121,0.040760756
21122,0.08246475
21123,0.08554889
21124,0.12483571
21125,0.11080014
21126,0.25586188
21127,0.1794815
21128,0.1809002
21129,0.015711674
21130,0.10457331
21131,0.06311461
21132,0.014512625
21133,0.042091437
21134,0.09058056
21135,0.021203583
21136,0.054760218
21137,0.0359952
21138,0.05635476
21139,0.06308604
21140,0.023321293
21141,0.058952875
21142,0.0274656
21143,0.0183966
21144,0.13657418
21145,0.02458081
21146,0.04653973
21147,0.15635826
21148,0.06475147
21149,0.12086559
21150,0.47689816
21151,0.112888835
21152,0.12621458
21153,0.07866662
21154,0.09748074
21155,0.071590014
21156,0.12005648
21157,0.073341176
21158,0.01649679
21159,0.22423288
21160,0.069284946
21161,0.10944387
21162,0.041737303
21163,0.08115433
21164,0.0183966
21165,0.020810625
21166,0.016893065
21167,0.03872955
21168,0.04027482
21169,0.34130394
21170,0.066025384
21171,0.05196397
21172,0.12096915
21173,0.6797364
21174,0.0743882
21175,0.017276956
21176,0.322522
21177,0.059619624
21178,0.27202913
21179,0.28912064
21180,0.07076473
21181,0.04749765
21182,0.061931517
21183,0.14941923
21184,0.19333172
21185,0.03593717
21186,0.24561551
21187,0.07629014
21188,0.06511959
21189,0.024475029
21190,0.028112885
21191,0.059547693
21192,0.068237156
21193,0.016780078
21194,0.120754905
21195,0.12876587
21196,0.18254742
21197,0.17696019
21198,0.059420317
21199,0.14194569
21200,0.18250675
21201,0.38504484
21202,0.06731872
21203,0.014453706
21204,0.05342214
21205,0.021199666
21206,0.014339417
21207,0.063249074
21208,0.616146
21209,0.029440423
21210,0.09783573
21211,0.40494847
21212,0.20631526
21213,0.015560808
21214,0.025038172
21215,0.04929684
21216,0.06505991
21217,0.25721547
21218,0.33875355
21219,0.014453706
21220,0.07208419
21221,0.0783996
21222,0.22758274
21223,0.12298292
21224,0.14593503
21225,0.16534878
21226,0.34837553
21227,0.11224101
21228,0.04768661
21229,0.07533655
21230,0.063640594
21231,0.26552558
21232,0.75543857
21233,0.066759884
21234,0.028659644
21235,0.41696748
21236,0.015560808
21237,0.06768669
21238,0.17388919
21239,0.049664687
21240,0.09100808
21241,0.01735214
21242,0.052688945
21243,0.013361351
21244,0.6010399
21245,0.036214482
21246,0.09573809
21247,0.25842038
21248,0.14919154
21249,0.2547938
21250,0.39184582
21251,0.43739393
21252,0.022888606
21253,0.13283059
21254,0.17575659
21255,0.09438697
21256,0.8334163
21257,0.45921296
21258,0.4622989
21259,0.013524533
21260,0.028783916
21261,0.25392944
21262,0.049686518
21263,0.029135054
21264,0.026992932
21265,0.06327913
21266,0.016237525
21267,0.013896634
21268,0.03338697
21269,0.068760276
21270,0.09665397
21271,0.10450992
21272,0.11623173
21273,0.103338346
21274,0.29966065
21275,0.16862836
21276,0.023257295
21277,0.115560785
21278,0.2595189
21279,0.017070137
21280,0.08106099
21281,0.9759156
21282,0.9416004
21283,0.7575556
21284,0.021294564
21285,0.017392177
21286,0.17365713
21287,0.46051455
21288,0.127808
21289,0.01610365
21290,0.11147826
21291,0.0140485605
21292,0.050360747
21293,0.07207583
21294,0.053988807
21295,0.015754903
21296,0.44644395
21297,0.015928436
21298,0.026078308
21299,0.18586503
21300,0.11186244
21301,0.05814969
21302,0.05694405
21303,0.32293218
21304,0.27491033
21305,0.022313379
21306,0.11539527
21307,0.116900876
21308,0.101792395
21309,0.9818281
21310,0.74850196
21311,0.67141277
21312,0.01491293
21313,0.065480724
21314,0.023375582
21315,0.4373058
21316,0.0687195
21317,0.31963456
21318,0.041804288
21319,0.11566199
21320,0.029304603
21321,0.1272988
21322,0.118589096
21323,0.14158118
21324,0.14349993
21325,0.5180206
21326,0.5930809
21327,0.18942237
21328,0.14518774
21329,0.09237527
21330,0.048963133
21331,0.11390588
21332,0.06504441
21333,0.060872547
21334,0.23534021
21335,0.11899961
21336,0.07257456
21337,0.120386384
21338,0.024596255
21339,0.77530766
21340,0.9980986
21341,0.96581584
21342,0.16097046
21343,0.04954058
21344,0.15498874
21345,0.43080708
21346,0.019210162
21347,0.030710584
21348,0.1027229
21349,0.05051385
21350,0.38009876
21351,0.9834788
21352,0.071201906
21353,0.10990788
21354,0.08189709
21355,0.16802436
21356,0.064708546
21357,0.3231711
21358,0.25504002
21359,0.030657148
21360,0.10378899
21361,0.113664925
21362,0.109696284
21363,0.049092725
21364,0.025806624
21365,0.27827743
21366,0.2795334
21367,0.19853285
21368,0.09725011
21369,0.089216396
21370,0.07681185
21371,0.2561867
21372,0.03335964
21373,0.045643788
21374,0.04180878
21375,0.035601154
21376,0.054933503
21377,0.048104547
21378,0.34903005
21379,0.81403285
21380,0.4165528
21381,0.26335016
21382,0.11782208
21383,0.16265756
21384,0.14189443
21385,0.6795731
21386,0.052278142
21387,0.038515024
21388,0.036046952
21389,0.12786517
21390,0.18657762
21391,0.17280667
21392,0.34708047
21393,0.2612212
21394,0.2188102
21395,1.0
21396,0.25734195
21397,0.015879571
21398,0.15072505
21399,0.21024127
21400,0.017622909
21401,0.052043855
21402,0.51108074
21403,0.059745476
21404,0.03741486
21405,0.038050264
21406,0.043717623
21407,0.119916305
21408,0.4324762
21409,0.4353813
21410,0.48641267
21411,0.26933765
21412,0.18126638
21413,0.13044359
21414,0.21623805
21415,0.023199584
21416,0.20580871
21417,0.07430079
21418,0.05779031
21419,0.4631702
21420,0.25851306
21421,0.045456342
21422,0.67075217
21423,0.28948954
21424,0.013524533
21425,0.07660673
21426,0.119956
21427,0.095477946
21428,0.014453706
21429,0.01615534
21430,0.026077533
21431,0.054412
21432,0.09284143
21433,0.096527144
21434,0.13451938
21435,0.42005935
21436,0.7265421
21437,0.44827005
21438,0.4061521
21439,0.50323737
21440,0.12835597
21441,0.016757643
21442,0.08033017
21443,0.07266053
21444,0.14237116
21445,0.25498575
21446,0.0667155
21447,0.023658989
21448,0.07703278
21449,0.13224342
21450,0.013361351
21451,0.06253855
21452,0.11995994
21453,0.020907443
21454,0.01600538
21455,0.029878715
21456,0.016381541
21457,0.015832877
21458,0.03674128
21459,0.059240192
21460,0.06539375
21461,0.0691519
21462,0.30368525
21463,0.18003559
21464,0.28636512
21465,0.71636647
21466,0.7251016
21467,0.40898535
21468,0.1386007
21469,0.042579927
21470,0.027231107
21471,0.048486095
21472,0.13054165
21473,0.015909621
21474,0.014339417
21475,0.025795411
21476,0.9748697
21477,0.050286323
21478,0.016933884
21479,0.09292743
21480,0.06272932
21481,0.1610438
21482,0.068438284
21483,0.01814195
21484,0.034228873
21485,0.020604517
21486,0.017622909
21487,0.036773894
21488,0.09161002
21489,0.11813209
21490,0.6647723
21491,0.36655435
21492,0.17883891
21493,0.9907435
21494,0.4002046
21495,0.46600965
21496,0.2568699
21497,0.08794618
21498,0.02475782
21499,0.04968294
21500,0.04945814
21501,0.0286949
21502,0.08101969
21503,0.47411144
21504,0.06668574
21505,0.35518512
21506,0.019956138
21507,0.09555883
21508,0.11661774
21509,0.13242055
21510,0.15905812
21511,0.041054256
21512,0.023392517
21513,0.014866259
21514,0.04253936
21515,0.14226547
21516,0.9830451
21517,0.33056763
21518,0.69906783
21519,0.26261735
21520,0.26391178
21521,0.2208446
21522,0.11411395
21523,0.04857684
21524,0.015928436
21525,0.025947206
21526,0.035882533
21527,0.16457373
21528,0.11604438
21529,0.06248443
21530,0.25804928
21531,0.02115888
21532,0.056860965
21533,0.014453706
21534,0.3796629
21535,0.02780365
21536,0.015222406
21537,0.0140485605
21538,0.12151633
21539,0.2348548
21540,0.026336493
21541,0.013361351
21542,0.16912405
21543,0.18519355
21544,0.087338194
21545,0.11636985
21546,0.025003945
21547,0.15737529
21548,0.1235948
21549,0.028893417
21550,0.11808151
21551,0.11521982
21552,0.029240584
21553,0.026362626
21554,0.11102752
21555,0.014294732
21556,0.017084742
21557,0.1004471
21558,0.026357409
21559,0.13356283
21560,0.039526805
21561,0.043162085
21562,0.013697741
21563,0.047163732
21564,0.25449595
21565,0.38756338
21566,0.65204835
21567,0.14238843
21568,0.03914577
21569,0.06689466
21570,0.1183354
21571,0.014729473
21572,0.025998628
21573,0.015560808
21574,0.02935954
21575,0.08938509
21576,0.09889071
21577,0.4435963
21578,0.015560808
21579,0.01669826
21580,0.03697633
21581,0.06399594
21582,0.12593406
21583,0.4290109
21584,0.13685548
21585,0.014689115
21586,0.15105096
21587,0.033718996
21588,0.020321665
21589,0.083477445
21590,0.109145194
21591,0.050040994
21592,0.014453706
21593,0.019327063
21594,0.014672172
21595,0.265287
21596,0.015622502
21597,0.028204598
21598,0.12755328
21599,0.06997364
21600,0.042861596
21601,0.019019945
21602,0.029562907
21603,0.065470755
21604,0.26131335
21605,0.045681562
21606,0.017412635
21607,0.043728955
21608,0.036844816
21609,0.055692073
21610,0.26105633
21611,0.06877262
21612,0.14975044
21613,0.11100139
21614,0.028121298
21615,0.048453495
21616,0.065464936
21617,0.026416704
21618,0.25714955
21619,0.066759884
21620,0.13771188
21621,0.018480018
21622,0.07145356
21623,0.08402406
21624,0.013606771
21625,0.014689115
21626,0.48608744
21627,0.74710226
21628,0.14662601
21629,0.07375665
21630,0.015928436
21631,0.106875025
21632,0.0630165
21633,0.040358104
21634,0.114355445
21635,0.11635282
21636,0.09079848
21637,0.93635494
21638,0.08403685
21639,0.016816255
21640,0.08212344
21641,0.063805304
21642,0.024442682
21643,0.06991193
21644,0.11226021
21645,0.4562576
21646,0.062467147
21647,0.13684003
21648,0.060148694
21649,0.014689115
21650,0.09049764
21651,0.03845094
21652,0.024157682
21653,0.053858
21654,0.053747814
21655,0.028612781
21656,0.055773024
21657,0.016373739
21658,0.12532073
21659,0.037972324
21660,0.058362182
21661,0.015928436
21662,0.024243278
21663,0.113511644
21664,0.09175106
21665,0.023804156
21666,0.035121553
21667,0.0444799
21668,0.97691196
21669,0.044911508
21670,0.16924238
21671,0.043332554
21672,0.03909152
21673,0.04727092
21674,0.06685552
21675,0.015560808
21676,0.025114717
21677,0.27099293
21678,0.023859726
21679,0.013524533
21680,0.017211774
21681,0.014689115
21682,0.03994992
21683,0.20818192
21684,0.017190186
21685,0.014453706
21686,0.1307148
21687,0.029000228
21688,0.022156218
21689,0.046170503
21690,0.40773496
21691,0.023996282
21692,0.019893281
21693,0.057428487
21694,0.030213302
21695,0.16526796
21696,0.058462564
21697,0.024232825
21698,0.016491417
21699,0.013524533
21700,0.062365826
21701,0.17747588
21702,0.10770891
21703,0.078837566
21704,0.06976235
21705,0.033165205
21706,0.05063568
21707,0.0152995875
21708,0.08170332
21709,0.17529932
21710,0.2426889
21711,0.014553537
21712,0.031274356
21713,0.014729473
21714,0.022938231
21715,0.01557036
21716,0.01839449
21717,0.022834117
21718,0.016816255
21719,0.015113666
21720,0.021445422
21721,0.052422263
21722,0.04882844
21723,0.1068463
21724,0.015210059
21725,0.014453706
21726,0.115746826
21727,0.35593382
21728,0.014294732
21729,0.014729473
21730,0.08279897
21731,0.014453706
21732,0.03961712
21733,0.02207657
21734,0.017400878
21735,0.037619814
21736,0.0140485605
21737,0.016926695
21738,0.027377618
21739,0.014950482
21740,0.01576214
21741,0.051481098
21742,0.02669618
21743,0.042554304
21744,0.016491417
21745,0.013606771
21746,0.017170385
21747,0.013524533
21748,0.10672817
21749,0.035329595
21750,0.061041202
21751,0.0140485605
21752,0.024939982
21753,0.016933884
21754,0.14513393
21755,0.015928436
21756,0.01491293
21757,0.014453706
21758,0.4406627
21759,0.060880717
21760,0.06268275
21761,0.081121765
21762,0.07058558
21763,0.032486774
21764,0.111447126
21765,0.01714408
21766,0.091764316
21767,0.017667385
21768,0.17990771
21769,0.01713909
21770,0.022643082
21771,0.030267918
21772,0.05737003
21773,0.021588651
21774,0.013606771
21775,0.015313867
21776,0.014672172
21777,0.057897452
21778,0.014880331
21779,0.014453706
21780,0.09136306
21781,0.0897698
21782,0.013606771
21783,0.1744893
21784,0.016277842
21785,0.02722467
21786,0.026195064
21787,0.016894212
21788,0.016895598
21789,0.059707444
21790,0.02060288
21791,0.019513981
21792,0.03622833
21793,0.029801717
21794,0.014672172
21795,0.024540948
21796,0.172424
21797,0.19601667
21798,0.10427895
21799,0.0140485605
21800,0.019254128
21801,0.043670293
21802,0.056331
21803,0.06807901
21804,0.04052037
21805,0.033077978
21806,0.12420784
21807,0.037222616
21808,0.030382613
21809,0.022697346
21810,0.02180164
21811,0.14761013
21812,0.036387883
21813,0.14505437
21814,0.23377705
21815,0.27346104
21816,0.021053249
21817,0.028941851
21818,0.38436398
21819,0.101050936
21820,0.32921064
21821,0.09925798
21822,0.2494712
21823,0.022706429
21824,0.04604727
21825,0.04896452
21826,0.01860411
21827,0.23986988
21828,0.021964822
21829,0.7158332
21830,0.1246523
21831,0.08778456
21832,0.044370838
21833,0.028844064
21834,0.07630446
21835,0.118931696
21836,0.58653885
21837,0.5574247
21838,0.04177908
21839,0.123718135
21840,0.13735001
21841,0.0938123
21842,0.07225559
21843,0.040580764
21844,0.07848514
21845,0.09499096
21846,0.02768608
21847,0.45283034
21848,0.12558372
21849,0.24624011
21850,0.57530844
21851,0.14570746
21852,0.63451093
21853,0.07423721
21854,0.45263678
21855,0.056775704
21856,0.054417614
21857,0.03221603
21858,0.07472686
21859,0.18274522
21860,0.083286606
21861,0.026829746
21862,0.096999355
21863,0.07495732
21864,0.40925264
21865,0.039772566
21866,0.068953134
21867,0.07553356
21868,0.07872663
21869,0.03370791
21870,0.07225615
21871,0.07617989
21872,0.021268278
21873,0.043261226
21874,0.23252554
21875,0.10215918
21876,0.14950176
21877,0.021172283
21878,0.042781908
21879,0.0325426
21880,0.017879413
21881,0.373423
21882,0.07465625
21883,0.014066081
21884,0.09940039
21885,0.26537025
21886,0.41618335
21887,0.10164775
21888,0.04433118
21889,0.015332156
21890,0.017643854
21891,0.016587602
21892,0.013295881
21893,0.054840308
21894,0.068485506
21895,0.061950926
21896,0.0704595
21897,0.24737324
21898,0.26247096
21899,0.014500821
21900,0.21959536
21901,0.05116321
21902,0.014110765
21903,0.026886202
21904,0.019878134
21905,0.028664142
21906,0.25736442
21907,0.020573761
21908,0.047180496
21909,0.046095975
21910,0.13123958
21911,0.028427806
21912,0.105787836
21913,0.5995177
21914,0.06098673
21915,0.08500054
21916,0.015578792
21917,0.022079965
21918,0.04950361
21919,0.069212526
21920,0.025600035
21921,0.1488367
21922,0.13746597
21923,0.089326106
21924,0.1188105
21925,0.081875876
21926,0.08974631
21927,0.0398658
21928,0.04188454
21929,0.03843378
21930,0.15012397
21931,0.089113235
21932,0.14664121
21933,0.02065366
21934,0.03845918
21935,0.02789773
21936,0.024272341
21937,0.02046218
21938,0.034074023
21939,0.04677732
21940,0.021493167
21941,0.049228888
21942,0.17474982
21943,0.25967547
21944,0.033219967
21945,0.045051716
21946,0.025309388
21947,0.10531761
21948,0.059833307
21949,0.023568172
21950,0.054875877
21951,0.031136937
21952,0.24829105
21953,0.04716108
21954,0.034531638
21955,0.04387994
21956,0.014444673
21957,0.124273464
21958,0.063307524
21959,0.29835963
21960,0.21197446
21961,0.31452695
21962,0.06296481
21963,0.050209686
21964,0.027138392
21965,0.060733285
21966,0.0485045
21967,0.014396296
21968,0.123149134
21969,0.06271223
21970,0.5741166
21971,0.11953096
21972,0.018070733
21973,0.11354399
21974,0.056940354
21975,0.0349059
21976,0.01948278
21977,0.017107092
21978,0.07014379
21979,0.026642973
21980,0.022396805
21981,0.10369364
21982,0.056866176
21983,0.11946199
21984,0.06258583
21985,0.13557012
21986,0.30454826
21987,0.3915391
21988,0.066982776
21989,0.030756269
21990,0.09855522
21991,0.04762253
21992,0.089998506
21993,0.06965073
21994,0.1148784
21995,0.050293885
21996,0.08908965
21997,0.034214284
21998,0.04431579
21999,0.032845296
22000,0.15919745
22001,0.08395198
22002,0.023549555
22003,0.01701034
22004,0.0379455
22005,0.037551265
22006,0.09066094
22007,0.085762374
22008,0.13338362
22009,0.110898845
22010,0.24377315
22011,0.16061835
22012,0.26213002
22013,0.022760184
22014,0.10770078
22015,0.015303684
22016,0.06609512
22017,0.07655779
22018,0.030245332
22019,0.03301117
22020,0.044628393
22021,0.03085182
22022,0.014729473
22023,0.056825474
22024,0.06477037
22025,0.023757108
22026,0.052353393
22027,0.022719108
22028,0.026021518
22029,0.13637201
22030,0.046765715
22031,0.1349674
22032,0.068357244
22033,0.12284165
22034,0.48238063
22035,0.112417735
22036,0.12130937
22037,0.06669568
22038,0.10099704
22039,0.0665529
22040,0.097174786
22041,0.07987425
22042,0.02016303
22043,0.22417356
22044,0.0778401
22045,0.11179201
22046,0.05579775
22047,0.06318445
22048,0.022365775
22049,0.036971524
22050,0.04012415
22051,0.2201524
22052,0.05979925
22053,0.06911229
22054,0.118135214
22055,0.67457587
22056,0.07394006
22057,0.017719736
22058,0.29972887
22059,0.082056105
22060,0.18931957
22061,0.31421363
22062,0.06234609
22063,0.013361351
22064,0.019093687
22065,0.06096679
22066,0.056550547
22067,0.13376229
22068,0.19430272
22069,0.034684226
22070,0.24944983
22071,0.0664731
22072,0.082886264
22073,0.016314767
22074,0.022468505
22075,0.03807006
22076,0.05899588
22077,0.07199943
22078,0.017260656
22079,0.11924843
22080,0.14268255
22081,0.1905743
22082,0.12470514
22083,0.047058538
22084,0.13992621
22085,0.19057725
22086,0.37051198
22087,0.067056045
22088,0.014453706
22089,0.05482168
22090,0.014396296
22091,0.06549694
22092,0.61082566
22093,0.033401847
22094,0.088892974
22095,0.4196201
22096,0.21327366
22097,0.015560808
22098,0.060352482
22099,0.06643766
22100,0.26081157
22101,0.32934573
22102,0.014453706
22103,0.07327752
22104,0.0783996
22105,0.12649632
22106,0.14563413
22107,0.1442317
22108,0.17952709
22109,0.35813335
22110,0.10956183
22111,0.05925285
22112,0.09055777
22113,0.054047775
22114,0.26120925
22115,0.82012165
22116,0.06685859
22117,0.032945793
22118,0.41215423
22119,0.015560808
22120,0.07610972
22121,0.25887305
22122,0.05176255
22123,0.091231845
22124,0.020199511
22125,0.055030506
22126,0.013361351
22127,0.6022781
22128,0.23686285
22129,0.09508121
22130,0.2626093
22131,0.12342768
22132,0.1862171
22133,0.38246906
22134,0.43176904
22135,0.024475772
22136,0.16608192
22137,0.16150954
22138,0.11840662
22139,0.9686911
22140,0.33477244
22141,0.45226824
22142,0.013524533
22143,0.02971535
22144,0.13019495
22145,0.04757497
22146,0.021977603
22147,0.022406274
22148,0.06485803
22149,0.013524533
22150,0.01492356
22151,0.013896634
22152,0.029139625
22153,0.06974489
22154,0.098612815
22155,0.10027814
22156,0.11192009
22157,0.10796086
22158,0.29966065
22159,0.15112391
22160,0.10256665
22161,0.2547922
22162,0.016933884
22163,0.057605237
22164,0.9759156
22165,0.9416004
22166,0.754559
22167,0.01599606
22168,0.13300055
22169,0.43330327
22170,0.09674608
22171,0.01599606
22172,0.08277936
22173,0.065620355
22174,0.07206475
22175,0.053751655
22176,0.0140485605
22177,0.45541722
22178,0.015928436
22179,0.025687397
22180,0.17437974
22181,0.14933853
22182,0.05075718
22183,0.04962434
22184,0.32782713
22185,0.14075142
22186,0.022971777
22187,0.10670026
22188,0.12410056
22189,0.10518817
22190,0.9818281
22191,0.69174933
22192,0.7216988
22193,0.01491293
22194,0.04155572
22195,0.0140485605
22196,0.438613
22197,0.0718907
22198,0.2606246
22199,0.043203607
22200,0.11720158
22201,0.0277851
22202,0.1302711
22203,0.1409036
22204,0.16338748
22205,0.15446207
22206,0.5112178
22207,0.5996477
22208,0.18466148
22209,0.12239545
22210,0.09269274
22211,0.04926287
22212,0.11703125
22213,0.0707749
22214,0.060601495
22215,0.021294564
22216,0.14614312
22217,0.13674317
22218,0.07978652
22219,0.09559018
22220,0.7739053
22221,1.0
22222,0.96581584
22223,0.17644943
22224,0.037545037
22225,0.18700111
22226,0.016933884
22227,0.4338539
22228,0.018362982
22229,0.03509783
22230,0.1027229
22231,0.0488619
22232,0.3788817
22233,0.9834788
22234,0.08431827
22235,0.11072178
22236,0.08088419
22237,0.16057977
22238,0.06844897
22239,0.3197342
22240,0.25459573
22241,0.028249443
22242,0.10364597
22243,0.11327709
22244,0.11689283
22245,0.043382585
22246,0.043714963
22247,0.45249328
22248,0.42700708
22249,0.22584803
22250,0.088899836
22251,0.022121934
22252,0.09168646
22253,0.07380092
22254,0.17435646
22255,0.031387642
22256,0.04759897
22257,0.03454615
22258,0.04210958
22259,0.055421457
22260,0.34903005
22261,0.7981393
22262,0.26435018
22263,0.2543501
22264,0.14354843
22265,0.18350162
22266,0.24739511
22267,0.6799653
22268,0.06415068
22269,0.041499354
22270,0.034125485
22271,0.117889784
22272,0.18846658
22273,0.17025013
22274,0.3484104
22275,0.26500025
22276,0.17533489
22277,1.0
22278,0.11665598
22279,0.01599606
22280,0.19312471
22281,0.14890666
22282,0.018577911
22283,0.071818516
22284,0.3408366
22285,0.05765283
22286,0.032712776
22287,0.036870286
22288,0.05617916
22289,0.15009356
22290,0.43302074
22291,0.26977587
22292,0.4868783
22293,0.26648602
22294,0.14282595
22295,0.1513332
22296,0.37498033
22297,0.015720587
22298,0.023525555
22299,0.1872841
22300,0.07970945
22301,0.06797348
22302,0.46931326
22303,0.25947013
22304,0.051187173
22305,0.6513293
22306,0.39359584
22307,0.08492554
22308,0.10590583
22309,0.09703227
22310,0.035121895
22311,0.019802142
22312,0.015762918
22313,0.026399909
22314,0.061040826
22315,0.09532052
22316,0.10220796
22317,0.16204011
22318,0.43850604
22319,0.7636525
22320,0.45822364
22321,0.42763096
22322,0.5051531
22323,0.12257708
22324,0.080428876
22325,0.084459275
22326,0.13312075
22327,0.26009926
22328,0.06788042
22329,0.02609277
22330,0.07404528
22331,0.108635046
22332,0.037753444
22333,0.082380354
22334,0.017434495
22335,0.01600538
22336,0.03447102
22337,0.018354034
22338,0.06685859
22339,0.01491293
22340,0.037189823
22341,0.05832211
22342,0.052515473
22343,0.07624022
22344,0.22624737
22345,0.26164773
22346,0.28636512
22347,0.7098445
22348,0.725675
22349,0.25997978
22350,0.12057976
22351,0.024723832
22352,0.048278775
22353,0.11130287
22354,0.01615534
22355,0.02513312
22356,0.97586995
22357,0.0503947
22358,0.016933884
22359,0.07083692
22360,0.06960631
22361,0.115581386
22362,0.027883667
22363,0.04674909
22364,0.037847362
22365,0.017538017
22366,0.01737003
22367,0.03774008
22368,0.092348926
22369,0.1114687
22370,0.66875726
22371,0.39579725
22372,0.18437414
22373,0.9907435
22374,0.26754388
22375,0.4669482
22376,0.25361282
22377,0.029711252
22378,0.0332065
22379,0.02505484
22380,0.056512717
22381,0.046524465
22382,0.03715539
22383,0.097356275
22384,0.47411144
22385,0.0900637
22386,0.3674188
22387,0.01929774
22388,0.09131642
22389,0.13367158
22390,0.10880717
22391,0.2524273
22392,0.04434118
22393,0.022653794
22394,0.04426291
22395,0.13344271
22396,0.9807376
22397,0.310967
22398,0.6363122
22399,0.2609995
22400,0.26259455
22401,0.17760698
22402,0.11310396
22403,0.053980757
22404,0.015928436
22405,0.022550777
22406,0.02609277
22407,0.02268226
22408,0.12799458
22409,0.12503418
22410,0.055023246
22411,0.26172748
22412,0.02115888
22413,0.05678161
22414,0.26009926
22415,0.02780365
22416,0.12326997
22417,0.2519445
22418,0.027912177
22419,0.16796365
22420,0.17134495
22421,0.08630218
22422,0.11498903
22423,0.02426057
22424,0.108226106
22425,0.07890679
22426,0.11117674
22427,0.113882
22428,0.02916982
22429,0.0140485605
22430,0.15243632
22431,0.014294732
22432,0.10622054
22433,0.030340359
22434,0.02744464
22435,0.12777248
22436,0.03928239
22437,0.04388258
22438,0.04750382
22439,0.16483633
22440,0.3917225
22441,0.6191996
22442,0.109499305
22443,0.015385588
22444,0.018076144
22445,0.02460883
22446,0.03833554
22447,0.06394289
22448,0.110202596
22449,0.014626914
22450,0.025730092
22451,0.015560808
22452,0.027421797
22453,0.017187987
22454,0.014396296
22455,0.093400076
22456,0.099472456
22457,0.45151696
22458,0.01537633
22459,0.016491417
22460,0.029538143
22461,0.065587506
22462,0.12572715
22463,0.41948217
22464,0.12751685
22465,0.0152995875
22466,0.20233972
22467,0.0152995875
22468,0.035946
22469,0.01600538
22470,0.066315785
22471,0.11851907
22472,0.055140533
22473,0.016614934
22474,0.014672172
22475,0.26038602
22476,0.031580813
22477,0.01537633
22478,0.028085312
22479,0.12027314
22480,0.071374215
22481,0.042380184
22482,0.017758686
22483,0.03469479
22484,0.051136855
22485,0.26118815
22486,0.046987105
22487,0.019271558
22488,0.05690346
22489,0.03369559
22490,0.08039249
22491,0.28877103
22492,0.053924818
22493,0.22819947
22494,0.09127579
22495,0.023909094
22496,0.04494818
22497,0.04737426
22498,0.029225308
22499,0.26511243
22500,0.01669826
22501,0.19382358
22502,0.022082789
22503,0.06827231
22504,0.08764903
22505,0.014621799
22506,0.48608744
22507,0.7607869
22508,0.15360774
22509,0.07473542
22510,0.014934531
22511,0.106564604
22512,0.049567726
22513,0.039601933
22514,0.11453084
22515,0.14858107
22516,0.10069977
22517,0.8644445
22518,0.064176746
22519,0.016816255
22520,0.08103982
22521,0.078684926
22522,0.016651273
22523,0.03389483
22524,0.10167313
22525,0.3369412
22526,0.06678102
22527,0.18487646
22528,0.022629011
22529,0.07441297
22530,0.09837058
22531,0.051516585
22532,0.03260141
22533,0.05863342
22534,0.055008937
22535,0.02228376
22536,0.019521382
22537,0.080712296
22538,0.016097974
22539,0.11419533
22540,0.035904434
22541,0.03649848
22542,0.015928436
22543,0.025859205
22544,0.09007482
22545,0.08771838
22546,0.029722525
22547,0.028552042
22548,0.036673345
22549,0.97691196
22550,0.045039747
22551,0.13976002
22552,0.058204193
22553,0.029008407
22554,0.047615014
22555,0.045472898
22556,0.015560808
22557,0.017439978
22558,0.26118022
22559,0.02543766
22560,0.017211774
22561,0.04067703
22562,0.117073804
22563,0.02016303
22564,0.014453706
22565,0.13350005
22566,0.02941728
22567,0.03624683
22568,0.046170503
22569,0.39679894
22570,0.023573088
22571,0.017329324
22572,0.019804547
22573,0.015210059
22574,0.08623987
22575,0.028992342
22576,0.013361351
22577,0.17752695
22578,0.068907574
22579,0.020816308
22580,0.013524533
22581,0.061054982
22582,0.16809031
22583,0.090112254
22584,0.062044192
22585,0.1012607
22586,0.032999028
22587,0.01669826
22588,0.06658548
22589,0.25709814
22590,0.21734904
22591,0.0140485605
22592,0.015956225
22593,0.034008827
22594,0.014729473
22595,0.014729473
22596,0.015560808
22597,0.014880331
22598,0.025993142
22599,0.016816255
22600,0.0140485605
22601,0.016101643
22602,0.014396296
22603,0.02144331
22604,0.040042132
22605,0.058511514
22606,0.12639293
22607,0.10759279
22608,0.14143136
22609,0.014294732
22610,0.014453706
22611,0.032334853
22612,0.016379645
22613,0.017766602
22614,0.017594906
22615,0.03783468
22616,0.017016223
22617,0.027576169
22618,0.014852295
22619,0.01600538
22620,0.0140485605
22621,0.073483296
22622,0.029155074
22623,0.030118829
22624,0.015579454
22625,0.0420702
22626,0.016491417
22627,0.013606771
22628,0.015924336
22629,0.013524533
22630,0.105767965
22631,0.04487464
22632,0.0140485605
22633,0.024251768
22634,0.01605725
22635,0.14350346
22636,0.014453706
22637,0.42731142
22638,0.060466167
22639,0.05826022
22640,0.07789936
22641,0.014453706
22642,0.072336346
22643,0.032913584
22644,0.11077569
22645,0.15502986
22646,0.013606771
22647,0.19537829
22648,0.01557036
22649,0.024564933
22650,0.05637692
22651,0.013524533
22652,0.015505084
22653,0.014453706
22654,0.060617846
22655,0.014689115
22656,0.014689115
22657,0.089320816
22658,0.100898825
22659,0.013361351
22660,0.13961022
22661,0.019026244
22662,0.02475917
22663,0.01669826
22664,0.024745515
22665,0.018858526
22666,0.016715178
22667,0.053996522
22668,0.023133323
22669,0.016642274
22670,0.035533972
22671,0.030914888
22672,0.014672172
22673,0.015210059
22674,0.017250376
22675,0.024969626
22676,0.16253954
22677,0.21629868
22678,0.020953882
22679,0.101598345
22680,0.016093677
22681,0.0326051
22682,0.04040956
22683,0.122936666
22684,0.042962257
22685,0.14365679
22686,0.024742832
22687,0.1506007
22688,0.035302404
22689,0.098185554
22690,0.03157208
22691,0.18052268
22692,0.25380385
22693,0.035787765
22694,0.166434
22695,0.29959393
22696,0.108622864
22697,0.16443108
22698,0.022706429
22699,0.081793405
22700,0.026235893
22701,0.046335917
22702,0.016469607
22703,0.17698584
22704,0.026478237
22705,0.69678324
22706,0.23744406
22707,0.034993157
22708,0.08611144
22709,0.06107953
22710,0.053966645
22711,0.033071566
22712,0.017104523
22713,0.03269309
22714,0.06254326
22715,0.19318938
22716,0.60136896
22717,0.5803125
22718,0.038411934
22719,0.06159135
22720,0.16443999
22721,0.19502564
22722,0.01776063
22723,0.06200539
22724,0.05895928
22725,0.06253712
22726,0.027362935
22727,0.46073863
22728,0.06326794
22729,0.1643401
22730,0.55595773
22731,0.12285525
22732,0.60942763
22733,0.061827432
22734,0.45639437
22735,0.05751339
22736,0.036281325
22737,0.08593348
22738,0.1506251
22739,0.07194627
22740,0.03045697
22741,0.031086806
22742,0.045152634
22743,0.32661733
22744,0.04085989
22745,0.045579582
22746,0.12393341
22747,0.079890095
22748,0.09572715
22749,0.031742647
22750,0.029052358
22751,0.060674306
22752,0.07231472
22753,0.14172918
22754,0.05621667
22755,0.12645455
22756,0.047994226
22757,0.043781914
22758,0.28487742
22759,0.09588543
22760,0.069689356
22761,0.32938263
22762,0.30170012
22763,0.0142250545
22764,0.013295881
22765,0.10955246
22766,0.044687342
22767,0.015332156
22768,0.014564804
22769,0.037100986
22770,0.08758767
22771,0.065309115
22772,0.13603628
22773,0.25058118
22774,0.014500821
22775,0.016841484
22776,0.015002136
22777,0.0429242
22778,0.014110765
22779,0.027801774
22780,0.02138133
22781,0.04537817
22782,0.28171167
22783,0.018005043
22784,0.04538464
22785,0.10396155
22786,0.044702195
22787,0.14669965
22788,0.61156607
22789,0.11883625
22790,0.05733678
22791,0.018167946
22792,0.026996017
22793,0.04907279
22794,0.07061679
22795,0.014564804
22796,0.029975664
22797,0.13652298
22798,0.1827705
22799,0.07020239
22800,0.10897941
22801,0.08542407
22802,0.014500821
22803,0.056653958
22804,0.044299565
22805,0.04119706
22806,0.03933365
22807,0.013132699
22808,0.14121416
22809,0.06704504
22810,0.1412848
22811,0.017621268
22812,0.04005254
22813,0.029588722
22814,0.020070568
22815,0.028499786
22816,0.045691784
22817,0.025708927
22818,0.046696085
22819,0.1687593
22820,0.39241666
22821,0.06324425
22822,0.040452063
22823,0.026401738
22824,0.09678256
22825,0.06144997
22826,0.016064735
22827,0.061605155
22828,0.020557929
22829,0.054901894
22830,0.2483094
22831,0.038093135
22832,0.043984205
22833,0.06234976
22834,0.014444673
22835,0.13226514
22836,0.06554695
22837,0.18517876
22838,0.29050002
22839,0.28687292
22840,0.07357981
22841,0.04466397
22842,0.03617847
22843,0.06337233
22844,0.050140038
22845,0.12531641
22846,0.052762024
22847,0.62472105
22848,0.11526873
22849,0.022012616
22850,0.12560828
22851,0.046772376
22852,0.04026939
22853,0.01948278
22854,0.015641456
22855,0.08616195
22856,0.019799277
22857,0.021033417
22858,0.036841802
22859,0.11630353
22860,0.09570347
22861,0.0933252
22862,0.07053355
22863,0.13092026
22864,0.30408156
22865,0.39085925
22866,0.067281574
22867,0.026065981
22868,0.093860105
22869,0.01895552
22870,0.048128184
22871,0.0902211
22872,0.058240622
22873,0.12616313
22874,0.032380216
22875,0.101710394
22876,0.034926444
22877,0.05107007
22878,0.028195372
22879,0.15351506
22880,0.014607854
22881,0.073841505
22882,0.02797549
22883,0.014487799
22884,0.052450784
22885,0.039355114
22886,0.08669809
22887,0.10025067
22888,0.12613225
22889,0.12036663
22890,0.2558128
22891,0.14194347
22892,0.25806823
22893,0.014772486
22894,0.10715259
22895,0.014772486
22896,0.06049199
22897,0.034494568
22898,0.08627457
22899,0.034198307
22900,0.02176191
22901,0.04856576
22902,0.03490286
22903,0.046033476
22904,0.06621975
22905,0.025327647
22906,0.080588356
22907,0.01881606
22908,0.027183542
22909,0.12524891
22910,0.024711054
22911,0.04652375
22912,0.12660663
22913,0.056152105
22914,0.15847114
22915,0.31080833
22916,0.110334374
22917,0.1208638
22918,0.06517397
22919,0.1033861
22920,0.07966818
22921,0.09929385
22922,0.06853784
22923,0.014396296
22924,0.42485482
22925,0.12507464
22926,0.08957846
22927,0.053494066
22928,0.056620058
22929,0.022365775
22930,0.016963512
22931,0.038314104
22932,0.03919499
22933,0.22082457
22934,0.05880597
22935,0.063005924
22936,0.114362076
22937,0.64544374
22938,0.09326068
22939,0.021238137
22940,0.31444064
22941,0.10877426
22942,0.18988155
22943,0.20548372
22944,0.07148307
22945,0.019339858
22946,0.04777647
22947,0.06189247
22948,0.1160107
22949,0.17484967
22950,0.033873953
22951,0.12295358
22952,0.07046916
22953,0.071453705
22954,0.024819871
22955,0.05979932
22956,0.06867855
22957,0.016825216
22958,0.13212243
22959,0.13724892
22960,0.25710812
22961,0.13788246
22962,0.040274687
22963,0.12889448
22964,0.17751384
22965,0.37048596
22966,0.08564277
22967,0.053244326
22968,0.07184001
22969,0.612341
22970,0.029915074
22971,0.10314799
22972,0.40833902
22973,0.15116844
22974,0.01576214
22975,0.017184913
22976,0.015222406
22977,0.06658442
22978,0.065936804
22979,0.2610803
22980,0.2575601
22981,0.014453706
22982,0.08808084
22983,0.07187518
22984,0.1450274
22985,0.17901614
22986,0.14138247
22987,0.1623061
22988,0.34783098
22989,0.109112374
22990,0.07866533
22991,0.088199355
22992,0.049007785
22993,0.20159811
22994,0.9110967
22995,0.066759884
22996,0.030868178
22997,0.4267502
22998,0.015560808
22999,0.049825937
23000,0.25731778
23001,0.016816255
23002,0.018132541
23003,0.06000145
23004,0.0885597
23005,0.01735214
23006,0.057705197
23007,0.013361351
23008,0.6071495
23009,0.039890908
23010,0.096090026
23011,0.2627486
23012,0.13986185
23013,0.19050677
23014,0.3879589
23015,0.43739393
23016,0.1466254
23017,0.11038679
23018,0.20013258
23019,0.9225476
23020,0.32736862
23021,0.33634305
23022,0.033014685
23023,0.24986745
23024,0.14508532
23025,0.026795106
23026,0.018272568
23027,0.08355004
23028,0.0140485605
23029,0.013896634
23030,0.031018335
23031,0.06857391
23032,0.10773585
23033,0.10116332
23034,0.1170797
23035,0.108356155
23036,0.2389829
23037,0.30383715
23038,0.024255928
23039,0.13353464
23040,0.25902963
23041,0.017070137
23042,0.04418048
23043,0.975462
23044,0.7807533
23045,0.6617087
23046,0.013524533
23047,0.020919662
23048,0.11597928
23049,0.4603058
23050,0.097241215
23051,0.01610365
23052,0.05684978
23053,0.028389253
23054,0.013896634
23055,0.067618
23056,0.088825464
23057,0.06398499
23058,0.0140485605
23059,0.46231872
23060,0.01610365
23061,0.02486582
23062,0.17299089
23063,0.1500439
23064,0.05257507
23065,0.053771615
23066,0.32782713
23067,0.136002
23068,0.02460883
23069,0.10923256
23070,0.109359965
23071,0.105358735
23072,0.9818335
23073,0.7405336
23074,0.7044454
23075,0.015822161
23076,0.04074349
23077,0.023375582
23078,0.4401913
23079,0.07551074
23080,0.25755122
23081,0.056091297
23082,0.11354108
23083,0.022591144
23084,0.1166918
23085,0.13242175
23086,0.15419751
23087,0.19387868
23088,0.5191805
23089,0.61305743
23090,0.19556665
23091,0.13544285
23092,0.092925146
23093,0.049425777
23094,0.12109925
23095,0.061374933
23096,0.043479793
23097,0.11713134
23098,0.18921773
23099,0.0841986
23100,0.123673595
23101,0.041001827
23102,0.76767457
23103,0.9976298
23104,0.964055
23105,0.1822223
23106,0.05259519
23107,0.17920123
23108,0.44188383
23109,0.02308731
23110,0.037563216
23111,0.10786547
23112,0.050345488
23113,0.36589235
23114,0.9819466
23115,0.066119835
23116,0.1118336
23117,0.08657074
23118,0.17176576
23119,0.06613551
23120,0.31282875
23121,0.25686014
23122,0.028249443
23123,0.10015478
23124,0.11336199
23125,0.10506051
23126,0.054674186
23127,0.11437996
23128,0.26447994
23129,0.3345203
23130,0.13461508
23131,0.08473068
23132,0.022121934
23133,0.07647861
23134,0.07205369
23135,0.14772528
23136,0.029134551
23137,0.047444645
23138,0.04212376
23139,0.019178545
23140,0.026962506
23141,0.040463768
23142,0.04701451
23143,0.31544685
23144,0.8036448
23145,0.26165986
23146,0.26052645
23147,0.12448279
23148,0.18243699
23149,0.14054967
23150,0.6941517
23151,0.058597114
23152,0.03220316
23153,0.029160194
23154,0.121767335
23155,0.16885243
23156,0.16149314
23157,0.3484104
23158,0.26006347
23159,0.127726
23160,1.0
23161,0.121486284
23162,0.01669826
23163,0.12059383
23164,0.21973145
23165,0.017622909
23166,0.05738985
23167,0.2554051
23168,0.060918838
23169,0.032957714
23170,0.038605426
23171,0.043964744
23172,0.13072683
23173,0.42117855
23174,0.19860454
23175,0.47343794
23176,0.26636088
23177,0.12219212
23178,0.120275974
23179,0.25928837
23180,0.023996282
23181,0.16989595
23182,0.09120049
23183,0.04401249
23184,0.4633418
23185,0.25702444
23186,0.044363994
23187,0.63019997
23188,0.26120442
23189,0.013524533
23190,0.08519865
23191,0.1032812
23192,0.096933566
23193,0.03857181
23194,0.014880331
23195,0.01610365
23196,0.029643118
23197,0.052676775
23198,0.10339911
23199,0.112320624
23200,0.13046153
23201,0.43693167
23202,0.8303711
23203,0.4314967
23204,0.40773758
23205,0.50904006
23206,0.1473401
23207,0.02683696
23208,0.07330634
23209,0.080121666
23210,0.17153086
23211,0.26068392
23212,0.07074176
23213,0.051286165
23214,0.07724106
23215,0.11183054
23216,0.016170988
23217,0.03831597
23218,0.08772728
23219,0.01825608
23220,0.029774768
23221,0.01635619
23222,0.066759884
23223,0.015832877
23224,0.03784943
23225,0.059057355
23226,0.052647743
23227,0.0797959
23228,0.23427509
23229,0.25561512
23230,0.27967283
23231,0.8168787
23232,0.7251016
23233,0.2616529
23234,0.16431247
23235,0.042579927
23236,0.0563754
23237,0.111259885
23238,0.016491417
23239,0.025238348
23240,0.97333753
23241,0.04331744
23242,0.016590532
23243,0.09375204
23244,0.054344267
23245,0.11357689
23246,0.027883667
23247,0.046576977
23248,0.017070137
23249,0.034228873
23250,0.018132541
23251,0.017166222
23252,0.040759787
23253,0.09257347
23254,0.11813209
23255,0.6961156
23256,0.37904674
23257,0.2002349
23258,0.9881912
23259,0.30332878
23260,0.46915796
23261,0.24989411
23262,0.033139255
23263,0.03273895
23264,0.024913726
23265,0.08152269
23266,0.044466354
23267,0.035510097
23268,0.06341309
23269,0.47541863
23270,0.12887384
23271,0.26009926
23272,0.02541545
23273,0.10988227
23274,0.13188869
23275,0.1324152
23276,0.24851985
23277,0.042259187
23278,0.013361351
23279,0.023845425
23280,0.0140485605
23281,0.04188561
23282,0.14272563
23283,0.9804928
23284,0.3441474
23285,0.68009216
23286,0.26435137
23287,0.27109268
23288,0.15810832
23289,0.24096008
23290,0.052240532
23291,0.015928436
23292,0.019885635
23293,0.015210059
23294,0.02268226
23295,0.111906335
23296,0.11494625
23297,0.08442917
23298,0.16659799
23299,0.018777197
23300,0.058969278
23301,0.014453706
23302,0.37932926
23303,0.027968703
23304,0.12147588
23305,0.25894037
23306,0.037888803
23307,0.17560658
23308,0.17176796
23309,0.0888278
23310,0.11675926
23311,0.024141328
23312,0.108803965
23313,0.080914654
23314,0.027520128
23315,0.114449486
23316,0.110017546
23317,0.03358801
23318,0.016381541
23319,0.12511194
23320,0.014294732
23321,0.0140485605
23322,0.017084742
23323,0.07630504
23324,0.04139828
23325,0.12861688
23326,0.043971635
23327,0.041662104
23328,0.013922687
23329,0.059954636
23330,0.18264346
23331,0.28330287
23332,0.6514083
23333,0.12536718
23334,0.0466241
23335,0.017333176
23336,0.06470969
23337,0.12268868
23338,0.014729473
23339,0.025998628
23340,0.01610365
23341,0.026492015
23342,0.0176993
23343,0.014396296
23344,0.016078299
23345,0.091195814
23346,0.0995978
23347,0.4347661
23348,0.0152995875
23349,0.016125487
23350,0.031595312
23351,0.06890381
23352,0.1228319
23353,0.42990983
23354,0.13685548
23355,0.20146365
23356,0.029025177
23357,0.01600538
23358,0.1180227
23359,0.11949099
23360,0.060782675
23361,0.014729473
23362,0.019794151
23363,0.017835964
23364,0.26038602
23365,0.031580813
23366,0.01948278
23367,0.015781485
23368,0.027270427
23369,0.12889859
23370,0.060104854
23371,0.053916857
23372,0.01893152
23373,0.03906893
23374,0.052574154
23375,0.41025338
23376,0.043387737
23377,0.017956743
23378,0.06874571
23379,0.03533999
23380,0.053319428
23381,0.26041898
23382,0.052927244
23383,0.13525213
23384,0.093009956
23385,0.024565602
23386,0.032625727
23387,0.04311756
23388,0.04728565
23389,0.042984866
23390,0.33783337
23391,0.2479164
23392,0.020757038
23393,0.067843705
23394,0.066824384
23395,0.013606771
23396,0.0140485605
23397,0.48879248
23398,0.72503537
23399,0.14924607
23400,0.074197665
23401,0.11026561
23402,0.10179586
23403,0.04004679
23404,0.13076204
23405,0.14843075
23406,0.097932965
23407,0.93861
23408,0.06648572
23409,0.015781485
23410,0.07929219
23411,0.05889299
23412,0.032625727
23413,0.03663208
23414,0.11961092
23415,0.44854897
23416,0.08400273
23417,0.16585542
23418,0.023452677
23419,0.062204987
23420,0.09777787
23421,0.03985157
23422,0.0338421
23423,0.05041628
23424,0.053693783
23425,0.01955123
23426,0.019521382
23427,0.0578008
23428,0.0228683
23429,0.13936244
23430,0.031415172
23431,0.03664934
23432,0.015928436
23433,0.028032927
23434,0.08130258
23435,0.09119569
23436,0.019140562
23437,0.033661403
23438,0.97435963
23439,0.043765012
23440,0.11571616
23441,0.049004704
23442,0.02788571
23443,0.06373088
23444,0.0464198
23445,0.015560808
23446,0.01735354
23447,0.21469031
23448,0.023859726
23449,0.017211774
23450,0.04145867
23451,0.12698486
23452,0.016698102
23453,0.12609841
23454,0.033410907
23455,0.018490085
23456,0.04735003
23457,0.39268875
23458,0.017398685
23459,0.022331515
23460,0.065908164
23461,0.030267006
23462,0.17571655
23463,0.06612085
23464,0.014689115
23465,0.013524533
23466,0.0776775
23467,0.17239274
23468,0.10866131
23469,0.06434772
23470,0.07466
23471,0.032673262
23472,0.056803677
23473,0.01669826
23474,0.060148615
23475,0.18475065
23476,0.24745916
23477,0.0140485605
23478,0.035831966
23479,0.015912997
23480,0.0152995875
23481,0.015560808
23482,0.02862005
23483,0.017667385
23484,0.01546277
23485,0.014339417
23486,0.015921675
23487,0.024878686
23488,0.020654218
23489,0.07092847
23490,0.05070295
23491,0.124702
23492,0.014453706
23493,0.10592429
23494,0.1911386
23495,0.014729473
23496,0.014453706
23497,0.04223176
23498,0.019802142
23499,0.015754903
23500,0.037267916
23501,0.016926695
23502,0.027930437
23503,0.015059185
23504,0.01600538
23505,0.014294732
23506,0.013896634
23507,0.08158629
23508,0.028808063
23509,0.029818213
23510,0.015531607
23511,0.016402248
23512,0.013524533
23513,0.14716975
23514,0.026574269
23515,0.065505356
23516,0.0140485605
23517,0.014339417
23518,0.026107356
23519,0.11111738
23520,0.015113666
23521,0.014453706
23522,0.4452709
23523,0.056284655
23524,0.055751394
23525,0.081383
23526,0.015210059
23527,0.014453706
23528,0.06995591
23529,0.0331245
23530,0.123226866
23531,0.09810433
23532,0.18091747
23533,0.01789091
23534,0.022643082
23535,0.025017848
23536,0.042668168
23537,0.013606771
23538,0.015865503
23539,0.014672172
23540,0.046015125
23541,0.014689115
23542,0.014689115
23543,0.089916594
23544,0.0689007
23545,0.25658903
23546,0.015560808
23547,0.015822908
23548,0.016164748
23549,0.015989529
23550,0.017543238
23551,0.062599726
23552,0.022173466
23553,0.017333176
23554,0.034875784
23555,0.035232678
23556,0.014672172
23557,0.015210059
23558,0.026533555
23559,0.041001827
23560,0.16366008
23561,0.18519953
23562,0.016337043
23563,0.10328075
23564,0.01948278
23565,0.047539573
23566,0.10484337
23567,0.035640158
23568,0.0432997
23569,0.027491592
23570,0.029388046
23571,0.0365279
23572,0.13309738
23573,0.037222616
23574,0.04521391
23575,0.025098994
23576,0.15252066
23577,0.03461076
23578,0.06664268
23579,0.19685812
23580,0.24014789
23581,0.048693854
23582,0.1349206
23583,0.07550276
23584,0.42094743
23585,0.11203535
23586,0.1516008
23587,0.04478677
23588,0.08096124
23589,0.049431663
23590,0.018847307
23591,0.0854241
23592,0.024331816
23593,0.80328935
23594,0.15910241
23595,0.034831237
23596,0.038686458
23597,0.08664348
23598,0.054411735
23599,0.025839312
23600,0.053986926
23601,0.038806636
23602,0.112221554
23603,0.23788369
23604,0.63395494
23605,0.5984202
23606,0.049866226
23607,0.24009584
23608,0.17631277
23609,0.021695979
23610,0.051972054
23611,0.03837018
23612,0.072600976
23613,0.06605952
23614,0.02768608
23615,0.46370548
23616,0.14542808
23617,0.1597792
23618,0.643591
23619,0.09081538
23620,0.62737024
23621,0.017881138
23622,0.06642523
23623,0.45639437
23624,0.05559379
23625,0.06611845
23626,0.029589415
23627,0.08449756
23628,0.11648746
23629,0.08273107
23630,0.07712572
23631,0.027134389
23632,0.071954586
23633,0.20107596
23634,0.05215301
23635,0.036006793
23636,0.06022376
23637,0.086001195
23638,0.091033764
23639,0.03130706
23640,0.030176088
23641,0.03057192
23642,0.090004064
23643,0.039303884
23644,0.07545813
23645,0.16127639
23646,0.051607087
23647,0.19587667
23648,0.021395616
23649,0.036580365
23650,0.044022925
23651,0.016851382
23652,0.49104124
23653,0.15033565
23654,0.055328514
23655,0.27733058
23656,0.45298222
23657,0.0142250545
23658,0.013295881
23659,0.08520188
23660,0.041325156
23661,0.015332156
23662,0.013819909
23663,0.06582087
23664,0.109368734
23665,0.17501852
23666,0.25108916
23667,0.016841484
23668,0.2299966
23669,0.044492487
23670,0.036250472
23671,0.028664142
23672,0.38616303
23673,0.017317835
23674,0.046408657
23675,0.060984816
23676,0.055753723
23677,0.10443671
23678,0.56487834
23679,0.07683308
23680,0.06950753
23681,0.029260743
23682,0.0836435
23683,0.074244305
23684,0.0142250545
23685,0.015231052
23686,0.030426964
23687,0.017779732
23688,0.10368422
23689,0.15487175
23690,0.0856018
23691,0.11231372
23692,0.09315173
23693,0.014500821
23694,0.03953173
23695,0.042533502
23696,0.032329865
23697,0.03570701
23698,0.013132699
23699,0.12372066
23700,0.057222866
23701,0.14448728
23702,0.030173404
23703,0.038284317
23704,0.035178073
23705,0.019283066
23706,0.019585054
23707,0.03403987
23708,0.04654442
23709,0.020612024
23710,0.02186296
23711,0.0469249
23712,0.1588631
23713,0.39169958
23714,0.04417094
23715,0.03866695
23716,0.02815601
23717,0.112653255
23718,0.060478833
23719,0.09144995
23720,0.015332156
23721,0.031686947
23722,0.2584897
23723,0.03330108
23724,0.030124843
23725,0.051766634
23726,0.013524533
23727,0.12316479
23728,0.08601335
23729,0.18937568
23730,0.21463038
23731,0.29490858
23732,0.061981194
23733,0.06636013
23734,0.03319321
23735,0.08519848
23736,0.048743434
23737,0.11746825
23738,0.05145001
23739,0.58596534
23740,0.12099949
23741,0.11548902
23742,0.05045711
23743,0.020413144
23744,0.014444673
23745,0.015210059
23746,0.07840759
23747,0.023493363
23748,0.024001155
23749,0.021821622
23750,0.02798914
23751,0.10993531
23752,0.08318705
23753,0.06903102
23754,0.10006258
23755,0.12451468
23756,0.29630518
23757,0.40130487
23758,0.06410551
23759,0.039444685
23760,0.088988885
23761,0.019030008
23762,0.0472684
23763,0.022365775
23764,0.0140485605
23765,0.07791658
23766,0.051677708
23767,0.1194793
23768,0.035905644
23769,0.10672118
23770,0.033002142
23771,0.04173961
23772,0.032673664
23773,0.014793456
23774,0.13932061
23775,0.019802142
23776,0.07575469
23777,0.024886088
23778,0.016892346
23779,0.04489234
23780,0.03936155
23781,0.0839943
23782,0.10220512
23783,0.12009367
23784,0.11927163
23785,0.2611996
23786,0.19486849
23787,0.17722334
23788,0.014772486
23789,0.118339114
23790,0.014729473
23791,0.07372266
23792,0.04035621
23793,0.08707048
23794,0.04263793
23795,0.021159211
23796,0.045512486
23797,0.037254177
23798,0.015711674
23799,0.059184507
23800,0.07913315
23801,0.025327647
23802,0.06746173
23803,0.024565013
23804,0.028666105
23805,0.014793456
23806,0.015491507
23807,0.11018475
23808,0.018356562
23809,0.048525266
23810,0.15323257
23811,0.083251774
23812,0.13334407
23813,0.31080833
23814,0.11282082
23815,0.12440072
23816,0.058048263
23817,0.102195784
23818,0.06614376
23819,0.09923615
23820,0.082424395
23821,0.014749166
23822,0.02016303
23823,0.19657291
23824,0.0926901
23825,0.08205491
23826,0.04594696
23827,0.05699156
23828,0.0183966
23829,0.020685507
23830,0.019556858
23831,0.035139605
23832,0.04098115
23833,0.3420887
23834,0.0652129
23835,0.052530274
23836,0.133268
23837,0.69571275
23838,0.07534713
23839,0.017447695
23840,0.30033883
23841,0.061686154
23842,0.18429434
23843,0.28912064
23844,0.06837551
23845,0.02147537
23846,0.0487034
23847,0.05585169
23848,0.14138067
23849,0.1376542
23850,0.037559886
23851,0.148948
23852,0.070082024
23853,0.068493426
23854,0.018449483
23855,0.02738555
23856,0.05939746
23857,0.071900725
23858,0.016812691
23859,0.12102391
23860,0.14504412
23861,0.25612777
23862,0.11316873
23863,0.04411009
23864,0.11911913
23865,0.18719348
23866,0.37328038
23867,0.09140547
23868,0.014563379
23869,0.05461316
23870,0.028147282
23871,0.014396296
23872,0.06509913
23873,0.61742496
23874,0.030452143
23875,0.0920698
23876,0.40637612
23877,0.13198487
23878,0.032305993
23879,0.06461287
23880,0.0604503
23881,0.2534305
23882,0.26064152
23883,0.014453706
23884,0.08808084
23885,0.07284556
23886,0.15486738
23887,0.25211382
23888,0.1247205
23889,0.16650923
23890,0.34773073
23891,0.11091188
23892,0.01610365
23893,0.061263118
23894,0.13026123
23895,0.055159952
23896,0.1711875
23897,0.96954906
23898,0.030803995
23899,0.4254133
23900,0.015909621
23901,0.05923361
23902,0.2632613
23903,0.016314767
23904,0.049445417
23905,0.08683171
23906,0.017080076
23907,0.051989917
23908,0.013675393
23909,0.6117358
23910,0.039890908
23911,0.10189501
23912,0.26791346
23913,0.13172777
23914,0.18439472
23915,0.3998087
23916,0.44423366
23917,0.25812012
23918,0.155207
23919,0.13133305
23920,0.8334163
23921,0.29483137
23922,0.45326546
23923,0.013524533
23924,0.023085939
23925,0.1364801
23926,0.049720533
23927,0.019945811
23928,0.017940754
23929,0.05450671
23930,0.0140485605
23931,0.013896634
23932,0.043960378
23933,0.068760276
23934,0.098595135
23935,0.111660756
23936,0.11562771
23937,0.10965819
23938,0.23350137
23939,0.30326438
23940,0.02456811
23941,0.09794319
23942,0.31269914
23943,0.017070137
23944,0.04607655
23945,0.9759156
23946,0.838666
23947,0.71172005
23948,0.019822313
23949,0.11748686
23950,0.45813677
23951,0.09433552
23952,0.015832877
23953,0.062343374
23954,0.013896634
23955,0.057494782
23956,0.06935261
23957,0.052392095
23958,0.0140485605
23959,0.4565518
23960,0.015832877
23961,0.026046503
23962,0.11458526
23963,0.12868562
23964,0.050341737
23965,0.058928516
23966,0.31014216
23967,0.2653377
23968,0.02568927
23969,0.111511156
23970,0.13143556
23971,0.10724311
23972,0.9818281
23973,0.7797383
23974,0.65311104
23975,0.015467825
23976,0.044067357
23977,0.024308478
23978,0.42932025
23979,0.08043561
23980,0.2604994
23981,0.042280745
23982,0.09803087
23983,0.027741872
23984,0.13876796
23985,0.1770441
23986,0.1323223
23987,0.2511493
23988,0.5112178
23989,0.5833276
23990,0.3070813
23991,0.14602698
23992,0.09141962
23993,0.060352784
23994,0.13964896
23995,0.09441054
23996,0.05426059
23997,0.12169745
23998,0.1661891
23999,0.08884186
24000,0.09470463
24001,0.022516632
24002,0.92296904
24003,1.0
24004,0.96581584
24005,0.17366515
24006,0.04668723
24007,0.14756685
24008,0.4338539
24009,0.022426208
24010,0.014547154
24011,0.018920597
24012,0.054708067
24013,0.10229146
24014,0.052223653
24015,0.3632408
24016,0.9834788
24017,0.056199268
24018,0.116426654
24019,0.098622486
24020,0.13818029
24021,0.08963214
24022,0.33132797
24023,0.2635536
24024,0.0332641
24025,0.09765724
24026,0.115184486
24027,0.11702739
24028,0.037286375
24029,0.029241955
24030,0.2657799
24031,0.39389107
24032,0.25501668
24033,0.1124861
24034,0.0898589
24035,0.014453706
24036,0.10324776
24037,0.14852773
24038,0.030791337
24039,0.052601755
24040,0.042830776
24041,0.021600666
24042,0.041251894
24043,0.047653094
24044,0.3223352
24045,0.79884934
24046,0.2503092
24047,0.23799266
24048,0.12729058
24049,0.1578776
24050,0.24739511
24051,0.73306715
24052,0.05117296
24053,0.026853723
24054,0.054878492
24055,0.031395983
24056,0.17499419
24057,0.20509215
24058,0.25017786
24059,0.5864673
24060,0.26500025
24061,0.18984441
24062,1.0
24063,0.15107039
24064,0.016612109
24065,0.19249253
24066,0.2419411
24067,0.02534277
24068,0.041487027
24069,0.41653877
24070,0.06002122
24071,0.031557124
24072,0.04285124
24073,0.04336573
24074,0.1342377
24075,0.43679872
24076,0.28844547
24077,0.49520126
24078,0.26648602
24079,0.13316059
24080,0.12464552
24081,0.25701392
24082,0.022490611
24083,0.18292187
24084,0.076806776
24085,0.04666651
24086,0.45723087
24087,0.2569021
24088,0.050555196
24089,0.6597567
24090,0.26120442
24091,0.013524533
24092,0.08427415
24093,0.115912385
24094,0.09497688
24095,0.014453706
24096,0.04125572
24097,0.054706044
24098,0.10206998
24099,0.09614621
24100,0.16277444
24101,0.44463864
24102,0.73803335
24103,0.45788068
24104,0.40345955
24105,0.50904006
24106,0.11274238
24107,0.08028742
24108,0.07470165
24109,0.15491742
24110,0.18622017
24111,0.064501
24112,0.029329909
24113,0.088162564
24114,0.12292715
24115,0.016933884
24116,0.013361351
24117,0.037117165
24118,0.07694041
24119,0.032767743
24120,0.019398972
24121,0.033953987
24122,0.018674493
24123,0.015371231
24124,0.037598424
24125,0.06126652
24126,0.052155655
24127,0.070148505
24128,0.227828
24129,0.1485005
24130,0.28595668
24131,0.7126921
24132,0.72282255
24133,0.2869264
24134,0.18418656
24135,0.06028198
24136,0.105866484
24137,0.016491417
24138,0.015641456
24139,0.97586995
24140,0.04781249
24141,0.018547457
24142,0.10698042
24143,0.055174816
24144,0.08768928
24145,0.027348435
24146,0.060840104
24147,0.016314767
24148,0.03447919
24149,0.013361351
24150,0.027976511
24151,0.017622909
24152,0.04254049
24153,0.095558085
24154,0.11414007
24155,0.6721151
24156,0.37735963
24157,0.19899876
24158,0.9863609
24159,0.4214626
24160,0.47712085
24161,0.24879305
24162,0.031049855
24163,0.023484537
24164,0.05059607
24165,0.045837216
24166,0.026736965
24167,0.036545858
24168,0.076907575
24169,0.47541863
24170,0.12874685
24171,0.37001684
24172,0.029489396
24173,0.09337912
24174,0.13216712
24175,0.120037146
24176,0.2436013
24177,0.040891077
24178,0.047560595
24179,0.12916094
24180,0.9807376
24181,0.34424767
24182,0.63736266
24183,0.26198167
24184,0.31214324
24185,0.14783168
24186,0.12396881
24187,0.051825177
24188,0.016792016
24189,0.02268226
24190,0.120795295
24191,0.11653203
24192,0.079761304
24193,0.17761685
24194,0.02115888
24195,0.05878794
24196,0.016122522
24197,0.2581886
24198,0.030847857
24199,0.01712797
24200,0.12664475
24201,0.26031268
24202,0.027879084
24203,0.16058002
24204,0.12583205
24205,0.079806216
24206,0.11671895
24207,0.023740983
24208,0.10736783
24209,0.08366077
24210,0.029889757
24211,0.11554678
24212,0.11352913
24213,0.035111368
24214,0.0140485605
24215,0.15868029
24216,0.014294732
24217,0.12691826
24218,0.014294732
24219,0.02655873
24220,0.12302087
24221,0.043083906
24222,0.04207755
24223,0.049559534
24224,0.18264346
24225,0.40199724
24226,0.61862624
24227,0.116301976
24228,0.015560808
24229,0.016590532
24230,0.022385852
24231,0.041648973
24232,0.07662697
24233,0.16513413
24234,0.015832877
24235,0.024209933
24236,0.015210059
24237,0.026377724
24238,0.018066881
24239,0.014787201
24240,0.026362626
24241,0.013771827
24242,0.094621725
24243,0.1015112
24244,0.43473375
24245,0.02250223
24246,0.01663955
24247,0.028950352
24248,0.06638348
24249,0.11032764
24250,0.42990983
24251,0.11875071
24252,0.01566836
24253,0.014729473
24254,0.20538601
24255,0.015560808
24256,0.036184553
24257,0.01600538
24258,0.066315785
24259,0.20997263
24260,0.04977962
24261,0.019794151
24262,0.014950482
24263,0.26038602
24264,0.031580813
24265,0.015781485
24266,0.027794456
24267,0.14937319
24268,0.06022633
24269,0.04347741
24270,0.018521491
24271,0.03746883
24272,0.051789906
24273,0.383667
24274,0.04104886
24275,0.041358553
24276,0.0432123
24277,0.033644363
24278,0.05724699
24279,0.25994858
24280,0.059914812
24281,0.2521119
24282,0.09094208
24283,0.02609277
24284,0.043522693
24285,0.044729
24286,0.02689782
24287,0.25899974
24288,0.14046243
24289,0.020188484
24290,0.06876099
24291,0.05747975
24292,0.0140485605
24293,0.48198962
24294,0.6718646
24295,0.14549889
24296,0.07473542
24297,0.01557036
24298,0.12083129
24299,0.06253103
24300,0.039653506
24301,0.13566715
24302,0.11151391
24303,0.09819983
24304,0.93786246
24305,0.016933884
24306,0.09576109
24307,0.016871467
24308,0.120367385
24309,0.06557249
24310,0.027384156
24311,0.03262991
24312,0.12533243
24313,0.3193733
24314,0.08144028
24315,0.2258097
24316,0.02297035
24317,0.060250618
24318,0.09639765
24319,0.036609564
24320,0.03362269
24321,0.0515018
24322,0.054318596
24323,0.025038378
24324,0.018667242
24325,0.061104454
24326,0.027303608
24327,0.11875947
24328,0.035904434
24329,0.03825434
24330,0.025601206
24331,0.09025365
24332,0.10185407
24333,0.026243415
24334,0.036673345
24335,0.9782192
24336,0.041338302
24337,0.13888504
24338,0.058204193
24339,0.034485847
24340,0.05839934
24341,0.047062032
24342,0.014852295
24343,0.19883561
24344,0.0334761
24345,0.017211774
24346,0.043000225
24347,0.24497543
24348,0.01693693
24349,0.014453706
24350,0.15896419
24351,0.031419564
24352,0.045908004
24353,0.4049054
24354,0.030793639
24355,0.017398685
24356,0.013361351
24357,0.019893281
24358,0.015645899
24359,0.060229316
24360,0.033954296
24361,0.17013082
24362,0.07936209
24363,0.013524533
24364,0.06860705
24365,0.15817943
24366,0.115416355
24367,0.08806329
24368,0.06268275
24369,0.04766054
24370,0.01669826
24371,0.058071885
24372,0.16529171
24373,0.25312737
24374,0.0140485605
24375,0.04159373
24376,0.015711674
24377,0.014729473
24378,0.01576214
24379,0.014689115
24380,0.017101487
24381,0.017274547
24382,0.014339417
24383,0.01669826
24384,0.022324184
24385,0.014950482
24386,0.01852181
24387,0.05161176
24388,0.04973771
24389,0.1323028
24390,0.013361351
24391,0.080258094
24392,0.0140485605
24393,0.26023206
24394,0.016912295
24395,0.05061336
24396,0.015313867
24397,0.03035526
24398,0.041278467
24399,0.015560808
24400,0.013361351
24401,0.0268389
24402,0.01600538
24403,0.014294732
24404,0.013896634
24405,0.09064651
24406,0.047375094
24407,0.029556846
24408,0.01557036
24409,0.040837742
24410,0.026362626
24411,0.024392314
24412,0.02704525
24413,0.015869906
24414,0.1549576
24415,0.032414563
24416,0.04453349
24417,0.0140485605
24418,0.014339417
24419,0.02570535
24420,0.014729473
24421,0.01557036
24422,0.10660625
24423,0.01557036
24424,0.01491293
24425,0.014453706
24426,0.014339417
24427,0.44953203
24428,0.059901968
24429,0.070690095
24430,0.116864465
24431,0.013361351
24432,0.07719022
24433,0.035984077
24434,0.14594045
24435,0.12997669
24436,0.18675609
24437,0.01605725
24438,0.026190402
24439,0.041826338
24440,0.040590502
24441,0.02370376
24442,0.023641923
24443,0.015240748
24444,0.04730859
24445,0.014689115
24446,0.0147167165
24447,0.08938763
24448,0.08925376
24449,0.027330931
24450,0.19519696
24451,0.015560808
24452,0.026195064
24453,0.01740745
24454,0.019956315
24455,0.047857825
24456,0.015645899
24457,0.037047528
24458,0.0342087
24459,0.014672172
24460,0.024105536
24461,0.2491067
24462,0.16768508
24463,0.019516256
24464,0.10927931
24465,0.040142864
24466,0.050295707
24467,0.051092405
24468,0.035640158
24469,0.042830165
24470,0.033090103
24471,0.013819909
24472,0.17245103
24473,0.07761272
24474,0.058786016
24475,0.08577118
24476,0.06808972
24477,0.03074565
24478,0.015776727
24479,0.19849163
24480,0.045299508
24481,0.2527006
24482,0.05626839
24483,0.15209855
24484,0.02212804
24485,0.022706429
24486,0.14198516
24487,0.024650034
24488,0.04632473
24489,0.015584157
24490,0.089768946
24491,0.023169754
24492,0.6922354
24493,0.2394431
24494,0.034993157
24495,0.14431775
24496,0.05765804
24497,0.055800986
24498,0.014564804
24499,0.015776727
24500,0.03693759
24501,0.13273136
24502,0.4068946
24503,0.58271986
24504,0.5691379
24505,0.035393298
24506,0.109483756
24507,0.1656998
24508,0.15060374
24509,0.013819909
24510,0.02118047
24511,0.076043196
24512,0.041725256
24513,0.0960053
24514,0.13071084
24515,0.084875874
24516,0.4534934
24517,0.10424797
24518,0.3750333
24519,0.5852477
24520,0.14164016
24521,0.017516263
24522,0.5650086
24523,0.026304903
24524,0.060251873
24525,0.45108768
24526,0.11038072
24527,0.054083835
24528,0.02736511
24529,0.10393007
24530,0.08256078
24531,0.061595876
24532,0.082228824
24533,0.027909435
24534,0.030854933
24535,0.08471313
24536,0.17847732
24537,0.03889363
24538,0.047052927
24539,0.060866244
24540,0.12259147
24541,0.09565609
24542,0.03025363
24543,0.03253659
24544,0.03057192
24545,0.082949795
24546,0.023438273
24547,0.039046507
24548,0.14563087
24549,0.055221308
24550,0.2458459
24551,0.02756612
24552,0.04052144
24553,0.023646843
24554,0.027004287
24555,0.02174162
24556,0.016705232
24557,0.49220124
24558,0.11042256
24559,0.101023994
24560,0.12512285
24561,0.19935492
24562,0.0841698
24563,0.04581466
24564,0.037920892
24565,0.0900384
24566,0.06580944
24567,0.15401772
24568,0.2506364
24569,0.016841484
24570,0.21939726
24571,0.04468164
24572,0.014110765
24573,0.032070782
24574,0.27682438
24575,0.040811285
24576,0.043972664
24577,0.014543834
24578,0.060862254
24579,0.03890117
24580,0.024282943
24581,0.12088421
24582,0.5730773
24583,0.1310473
24584,0.08600366
24585,0.014564804
24586,0.032164678
24587,0.07840772
24588,0.07419585
24589,0.0142250545
24590,0.025839312
24591,0.014543834
24592,0.1096432
24593,0.16006112
24594,0.096493565
24595,0.10114281
24596,0.10063059
24597,0.014500821
24598,0.04295055
24599,0.05024296
24600,0.02953632
24601,0.03868078
24602,0.12871459
24603,0.06450129
24604,0.28350496
24605,0.021118574
24606,0.031566802
24607,0.032603975
24608,0.024517283
24609,0.020229539
24610,0.031916384
24611,0.050561342
24612,0.03450746
24613,0.028265316
24614,0.047583196
24615,0.25634143
24616,0.39199015
24617,0.034239423
24618,0.04631616
24619,0.028085243
24620,0.10092547
24621,0.07959506
24622,0.07628443
24623,0.016262764
24624,0.015094858
24625,0.06214982
24626,0.25210187
24627,0.038141944
24628,0.030347036
24629,0.055281486
24630,0.013524533
24631,0.1170432
24632,0.07049129
24633,0.30775684
24634,0.28114676
24635,0.2834659
24636,0.08166308
24637,0.048244797
24638,0.031625986
24639,0.07926547
24640,0.047558118
24641,0.11675493
24642,0.07561113
24643,0.6152849
24644,0.103913024
24645,0.021280644
24646,0.13400456
24647,0.047636732
24648,0.0339212
24649,0.016933884
24650,0.0140485605
24651,0.015210059
24652,0.07107749
24653,0.04013171
24654,0.026617693
24655,0.026522106
24656,0.02224258
24657,0.033278592
24658,0.108321495
24659,0.099770434
24660,0.069496356
24661,0.07255567
24662,0.11963741
24663,0.30040842
24664,0.40466192
24665,0.07359923
24666,0.035973124
24667,0.09674023
24668,0.025734786
24669,0.05400612
24670,0.026795106
24671,0.071624294
24672,0.05291445
24673,0.13472502
24674,0.032083496
24675,0.12596259
24676,0.03361524
24677,0.040673945
24678,0.02837597
24679,0.014898276
24680,0.13753729
24681,0.026157126
24682,0.090103574
24683,0.024527615
24684,0.015754903
24685,0.031039346
24686,0.039320722
24687,0.07716102
24688,0.10690545
24689,0.12588356
24690,0.1125149
24691,0.33419526
24692,0.1898352
24693,0.2590486
24694,0.014772486
24695,0.10194475
24696,0.014487799
24697,0.086692706
24698,0.040895462
24699,0.08385808
24700,0.032478333
24701,0.021246972
24702,0.06817841
24703,0.039530173
24704,0.027459579
24705,0.05716093
24706,0.06831257
24707,0.023654468
24708,0.10821642
24709,0.027298598
24710,0.016807908
24711,0.13646424
24712,0.017880864
24713,0.04630448
24714,0.14583042
24715,0.067383185
24716,0.12220974
24717,0.32897046
24718,0.111615404
24719,0.1214656
24720,0.05862745
24721,0.136141
24722,0.06888134
24723,0.09945204
24724,0.07272234
24725,0.014444673
24726,0.014453706
24727,0.029489396
24728,0.28846633
24729,0.074129954
24730,0.092030704
24731,0.048209716
24732,0.057054255
24733,0.0183966
24734,0.022365775
24735,0.035188414
24736,0.04107414
24737,0.34184682
24738,0.081622496
24739,0.054528244
24740,0.12260872
24741,0.67094725
24742,0.07847134
24743,0.027263597
24744,0.30895346
24745,0.06288658
24746,0.25963876
24747,0.28876257
24748,0.072149634
24749,0.069265135
24750,0.053605825
24751,0.116633266
24752,0.13754424
24753,0.036592755
24754,0.15589379
24755,0.071805164
24756,0.014294732
24757,0.08925377
24758,0.0324675
24759,0.063930154
24760,0.09910447
24761,0.016812691
24762,0.1214165
24763,0.12142464
24764,0.25573537
24765,0.10869559
24766,0.039439306
24767,0.12116197
24768,0.18520983
24769,0.37051678
24770,0.09642158
24771,0.022760184
24772,0.07433681
24773,0.031478226
24774,0.015222406
24775,0.07525408
24776,0.5921279
24777,0.035183527
24778,0.108565375
24779,0.4161005
24780,0.13099965
24781,0.04417324
24782,0.015879571
24783,0.05043833
24784,0.0671332
24785,0.25615287
24786,0.3316551
24787,0.014453706
24788,0.12681817
24789,0.07624045
24790,0.2220245
24791,0.24184315
24792,0.12583284
24793,0.18498643
24794,0.356486
24795,0.116518624
24796,0.05808405
24797,0.10536009
24798,0.053454597
24799,0.25696364
24800,0.9708563
24801,0.06695081
24802,0.04209031
24803,0.41829807
24804,0.04417324
24805,0.05003359
24806,0.194541
24807,0.018080851
24808,0.06179504
24809,0.09132407
24810,0.017098721
24811,0.07276176
24812,0.014211323
24813,0.6284762
24814,0.23629367
24815,0.09643231
24816,0.2629069
24817,0.11990838
24818,0.25626668
24819,0.36770156
24820,0.36212438
24821,0.024166582
24822,0.23917231
24823,0.145703
24824,0.10907372
24825,0.9250999
24826,0.30484012
24827,0.3352543
24828,0.013524533
24829,0.02443836
24830,0.22791673
24831,0.06928889
24832,0.021978172
24833,0.019893281
24834,0.015483773
24835,0.054166906
24836,0.014374504
24837,0.013771827
24838,0.029449904
24839,0.09779374
24840,0.103526145
24841,0.09966823
24842,0.11659012
24843,0.11344759
24844,0.3216985
24845,0.18435006
24846,0.023944503
24847,0.11153073
24848,0.2595189
24849,0.01610365
24850,0.047154084
24851,0.9759156
24852,0.98427784
24853,0.6563737
24854,0.02146619
24855,0.016933884
24856,0.1145413
24857,0.46051455
24858,0.09528844
24859,0.057665717
24860,0.06040833
24861,0.06672793
24862,0.053454243
24863,0.0140485605
24864,0.4565518
24865,0.015928436
24866,0.03549277
24867,0.122371465
24868,0.11285769
24869,0.04988048
24870,0.061144255
24871,0.30898672
24872,0.28289896
24873,0.02408237
24874,0.11174256
24875,0.10631499
24876,0.10364449
24877,0.9818281
24878,0.78451777
24879,0.6466224
24880,0.040753502
24881,0.023375582
24882,0.0140485605
24883,0.43735525
24884,0.081548356
24885,0.2604739
24886,0.04160146
24887,0.11212683
24888,0.0227951
24889,0.16817175
24890,0.12746328
24891,0.12177282
24892,0.27692005
24893,0.5106068
24894,0.62364644
24895,0.32898676
24896,0.13138098
24897,0.11112042
24898,0.050251152
24899,0.11400193
24900,0.08957841
24901,0.046242878
24902,0.022382746
24903,0.15014936
24904,0.1803781
24905,0.08636701
24906,0.11683927
24907,0.024308478
24908,0.9250999
24909,0.9976244
24910,0.9645086
24911,0.14041992
24912,0.040830832
24913,0.18821633
24914,0.44188383
24915,0.019993952
24916,0.015222406
24917,0.018031392
24918,0.01859945
24919,0.058076333
24920,0.10172227
24921,0.05836881
24922,0.38033807
24923,0.9834788
24924,0.061914116
24925,0.11211797
24926,0.074045666
24927,0.14947875
24928,0.063543625
24929,0.326208
24930,0.16326177
24931,0.02919622
24932,0.10881958
24933,0.109009236
24934,0.109870605
24935,0.05101074
24936,0.026112024
24937,0.26200086
24938,0.26200968
24939,0.1857704
24940,0.09408343
24941,0.021978172
24942,0.07537641
24943,0.10102999
24944,0.2585564
24945,0.029611005
24946,0.059859663
24947,0.042615294
24948,0.023311796
24949,0.04058863
24950,0.048218615
24951,0.31673342
24952,0.80353844
24953,0.41176042
24954,0.14854151
24955,0.11613029
24956,0.17735371
24957,0.16828373
24958,0.68288493
24959,0.07924194
24960,0.03484828
24961,0.028484581
24962,0.20401897
24963,0.19920476
24964,0.31748652
24965,0.58470106
24966,0.38912758
24967,0.23156129
24968,1.0
24969,0.15250018
24970,0.020193478
24971,0.18607794
24972,0.25350544
24973,0.027247548
24974,0.043872345
24975,0.2558527
24976,0.067954026
24977,0.04192628
24978,0.043209538
24979,0.047631167
24980,0.12145506
24981,0.41994113
24982,0.28286794
24983,0.48750895
24984,0.26744306
24985,0.1248098
24986,0.120299034
24987,0.3624172
24988,0.02656437
24989,0.19249342
24990,0.07558522
24991,0.049132824
24992,0.44107375
24993,0.25851306
24994,0.050030436
24995,0.644112
24996,0.26149166
24997,0.013361351
24998,0.08409903
24999,0.124529734
25000,0.07573083
25001,0.014453706
25002,0.014729473
25003,0.0140485605
25004,0.04654204
25005,0.06637798
25006,0.09613386
25007,0.097230546
25008,0.12210311
25009,0.4439998
25010,0.76895964
25011,0.45491824
25012,0.41767862
25013,0.5051531
25014,0.11025285
25015,0.08293964
25016,0.07618657
25017,0.14786418
25018,0.19464128
25019,0.0657454
25020,0.031549275
25021,0.013361351
25022,0.12547612
25023,0.07242662
25024,0.016933884
25025,0.052144967
25026,0.11330682
25027,0.01600538
25028,0.03349297
25029,0.016381541
25030,0.019204887
25031,0.015912997
25032,0.03884171
25033,0.059403077
25034,0.05200051
25035,0.069177546
25036,0.33139393
25037,0.2352633
25038,0.28694504
25039,0.81547683
25040,0.726128
25041,0.41610613
25042,0.17492248
25043,0.0432786
25044,0.02141797
25045,0.05875382
25046,0.14321761
25047,0.016491417
25048,0.02563644
25049,0.97586995
25050,0.07397525
25051,0.018547457
25052,0.08156316
25053,0.07530105
25054,0.13592187
25055,0.02956386
25056,0.04484101
25057,0.01610365
25058,0.036510732
25059,0.028819392
25060,0.017675051
25061,0.042807348
25062,0.094095975
25063,0.11158301
25064,0.6700531
25065,0.38234162
25066,0.20086035
25067,0.98843604
25068,0.4055595
25069,0.4696198
25070,0.25923955
25071,0.033139255
25072,0.040116914
25073,0.05021153
25074,0.045399114
25075,0.034685396
25076,0.070660956
25077,0.49395826
25078,0.12754722
25079,0.36026862
25080,0.027231107
25081,0.094765015
25082,0.10392645
25083,0.117865175
25084,0.25807407
25085,0.041349377
25086,0.022490611
25087,0.044906907
25088,0.13418569
25089,0.9807376
25090,0.315636
25091,0.6943119
25092,0.39127263
25093,0.33178625
25094,0.163922
25095,0.2390553
25096,0.052134153
25097,0.024282709
25098,0.015474419
25099,0.014453706
25100,0.024877788
25101,0.02268226
25102,0.15584758
25103,0.118035935
25104,0.10212883
25105,0.2738696
25106,0.019187339
25107,0.06362707
25108,0.015483773
25109,0.3877734
25110,0.027558224
25111,0.015323509
25112,0.12699877
25113,0.2627522
25114,0.037873402
25115,0.013361351
25116,0.17348272
25117,0.14699852
25118,0.08210572
25119,0.11540382
25120,0.024075001
25121,0.105187744
25122,0.10818055
25123,0.029436853
25124,0.13101034
25125,0.110208474
25126,0.042201184
25127,0.02907395
25128,0.0140485605
25129,0.18168011
25130,0.014294732
25131,0.09795775
25132,0.028442042
25133,0.031852823
25134,0.15748046
25135,0.038299154
25136,0.04179995
25137,0.013524533
25138,0.05348125
25139,0.16743678
25140,0.39027575
25141,0.65242434
25142,0.12556349
25143,0.015560808
25144,0.016520085
25145,0.01610365
25146,0.022162521
25147,0.0466241
25148,0.015560808
25149,0.06389039
25150,0.1741144
25151,0.015222406
25152,0.019904932
25153,0.015560808
25154,0.0176993
25155,0.014836565
25156,0.016933884
25157,0.10534201
25158,0.10020068
25159,0.44515055
25160,0.015323509
25161,0.01557036
25162,0.032921776
25163,0.06572689
25164,0.12596248
25165,0.42990983
25166,0.13704641
25167,0.015486925
25168,0.21758595
25169,0.024878686
25170,0.02936847
25171,0.06872871
25172,0.16188231
25173,0.053148977
25174,0.015360917
25175,0.019327063
25176,0.014672172
25177,0.2613431
25178,0.031580813
25179,0.017084742
25180,0.027107244
25181,0.13558294
25182,0.09556082
25183,0.05728513
25184,0.025244962
25185,0.03317373
25186,0.052477088
25187,0.4084618
25188,0.046614435
25189,0.019236911
25190,0.043407682
25191,0.037387423
25192,0.05275574
25193,0.25997406
25194,0.052702826
25195,0.24986745
25196,0.09201291
25197,0.028914463
25198,0.05828413
25199,0.055990152
25200,0.026786884
25201,0.2630931
25202,0.01669826
25203,0.13535371
25204,0.021753084
25205,0.07287883
25206,0.08073386
25207,0.0140485605
25208,0.47808158
25209,0.63220376
25210,0.11034243
25211,0.07049567
25212,0.12600753
25213,0.057097256
25214,0.042139746
25215,0.14906797
25216,0.11654375
25217,0.096914105
25218,0.9296479
25219,0.016933884
25220,0.076263145
25221,0.01557036
25222,0.09045622
25223,0.058085818
25224,0.016753
25225,0.032931495
25226,0.11905228
25227,0.45114
25228,0.070971146
25229,0.2256983
25230,0.022355324
25231,0.1017069
25232,0.02679306
25233,0.09668076
25234,0.037381507
25235,0.025282642
25236,0.04991169
25237,0.061845135
25238,0.026290245
25239,0.016373739
25240,0.08255608
25241,0.027390594
25242,0.13750887
25243,0.03872597
25244,0.04097405
25245,0.023389937
25246,0.024243278
25247,0.094247185
25248,0.10117858
25249,0.021853799
25250,0.032235842
25251,0.97591174
25252,0.04355981
25253,0.1322895
25254,0.058339067
25255,0.027640296
25256,0.048085906
25257,0.04581375
25258,0.015560808
25259,0.01735354
25260,0.2643096
25261,0.0418567
25262,0.013524533
25263,0.042022116
25264,0.1704602
25265,0.016698102
25266,0.014453706
25267,0.10622722
25268,0.033923786
25269,0.02271253
25270,0.06004702
25271,0.4071078
25272,0.023199584
25273,0.017329324
25274,0.013361351
25275,0.0140485605
25276,0.0152995875
25277,0.08387929
25278,0.013606771
25279,0.034331568
25280,0.2599109
25281,0.062388014
25282,0.0152995875
25283,0.015560808
25284,0.07345189
25285,0.16809031
25286,0.12549849
25287,0.07024564
25288,0.0665263
25289,0.043652765
25290,0.04750571
25291,0.019398972
25292,0.060175177
25293,0.252304
25294,0.24319889
25295,0.0140485605
25296,0.044951335
25297,0.026777176
25298,0.015486925
25299,0.014852295
25300,0.014453706
25301,0.01737822
25302,0.020349076
25303,0.016816255
25304,0.014294732
25305,0.01669826
25306,0.01546277
25307,0.014396296
25308,0.018245077
25309,0.039851353
25310,0.048304323
25311,0.10802164
25312,0.013361351
25313,0.014453706
25314,0.124190554
25315,0.3620603
25316,0.042940393
25317,0.015313867
25318,0.016199466
25319,0.034444958
25320,0.0140485605
25321,0.027668463
25322,0.015560808
25323,0.01576214
25324,0.0140485605
25325,0.1383345
25326,0.040362865
25327,0.041440956
25328,0.014729473
25329,0.039792813
25330,0.015099592
25331,0.013716444
25332,0.016546413
25333,0.014488819
25334,0.15849248
25335,0.0278973
25336,0.058452837
25337,0.0140485605
25338,0.014294732
25339,0.04777207
25340,0.014672172
25341,0.016933884
25342,0.08718599
25343,0.014339417
25344,0.44953203
25345,0.063476436
25346,0.06004502
25347,0.10748225
25348,0.08552137
25349,0.029302763
25350,0.014453706
25351,0.014553537
25352,0.115160994
25353,0.01861533
25354,0.104165874
25355,0.19413592
25356,0.017422248
25357,0.05096845
25358,0.038375963
25359,0.0454517
25360,0.023102252
25361,0.0152995875
25362,0.044629123
25363,0.014378272
25364,0.014689115
25365,0.014158234
25366,0.0898054
25367,0.06618744
25368,0.02573212
25369,0.19568934
25370,0.025676649
25371,0.024688752
25372,0.013361351
25373,0.016603356
25374,0.03013194
25375,0.05057839
25376,0.023133323
25377,0.015928436
25378,0.034054875
25379,0.0315364
25380,0.014672172
25381,0.015886856
25382,0.023513919
25383,0.2516092
25384,0.2595815
25385,0.0216479
25386,0.16706033
25387,0.01948278
25388,0.12296328
25389,0.036515754
25390,0.04222421
25391,0.014727936
25392,0.02777048
25393,0.027755545
25394,0.050537784
25395,0.04725862
25396,0.037366506
25397,0.030188588
25398,0.024517037
25399,0.14873804
25400,0.068774804
25401,0.073166996
25402,0.033004735
25403,0.14063708
25404,0.089968614
25405,0.060520936
25406,0.037145052
25407,0.24679571
25408,0.07438359
25409,0.38259086
25410,0.10151413
25411,0.24994268
25412,0.043749925
25413,0.022813452
25414,0.022621615
25415,0.05588764
25416,0.014727936
25417,0.24636887
25418,0.6391296
25419,0.15750386
25420,0.03446004
25421,0.102213696
25422,0.05355478
25423,0.031377666
25424,0.06037836
25425,0.035430696
25426,0.027231406
25427,0.031722132
25428,0.12034701
25429,0.4086189
25430,0.6428087
25431,0.5734002
25432,0.034860183
25433,0.060044885
25434,0.15210855
25435,0.13574578
25436,0.014047024
25437,0.075661324
25438,0.057412792
25439,0.09896223
25440,0.06539926
25441,0.03085393
25442,0.44908923
25443,0.068248354
25444,0.23862861
25445,0.59651667
25446,0.1241131
25447,0.021464657
25448,0.571581
25449,0.064378254
25450,0.45255753
25451,0.07492275
25452,0.061256107
25453,0.03514364
25454,0.056470886
25455,0.061208524
25456,0.09424497
25457,0.07127299
25458,0.030839879
25459,0.04629366
25460,0.26233754
25461,0.038787797
25462,0.047033295
25463,0.05780189
25464,0.08456638
25465,0.08910494
25466,0.030857472
25467,0.030099781
25468,0.027202107
25469,0.04386386
25470,0.13997062
25471,0.15940362
25472,0.048972275
25473,0.015725581
25474,0.016932352
25475,0.48116392
25476,0.14797735
25477,0.05539062
25478,0.2584317
25479,0.38260183
25480,0.13010041
25481,0.08413274
25482,0.018316679
25483,0.02257252
25484,0.036508907
25485,0.06500438
25486,0.1302266
25487,0.24374287
25488,0.45979732
25489,0.016932352
25490,0.22446936
25491,0.04490876
25492,0.02682954
25493,0.017056175
25494,0.0448622
25495,0.25668663
25496,0.017544955
25497,0.046287134
25498,0.01445217
25499,0.05612169
25500,0.043921664
25501,0.024619736
25502,0.14355974
25503,0.3597412
25504,0.12761082
25505,0.11084256
25506,0.01800525
25507,0.019481247
25508,0.052312557
25509,0.076595895
25510,0.024936283
25511,0.14558642
25512,0.110010296
25513,0.096434005
25514,0.13636415
25515,0.08236771
25516,0.03959844
25517,0.049378823
25518,0.035931308
25519,0.039563168
25520,0.013359814
25521,0.14003834
25522,0.06625949
25523,0.2750063
25524,0.016090555
25525,0.036515415
25526,0.031818714
25527,0.03690615
25528,0.019812174
25529,0.03767292
25530,0.055765204
25531,0.023725562
25532,0.04624395
25533,0.25712872
25534,0.39819014
25535,0.038260233
25536,0.041485675
25537,0.099887826
25538,0.13068445
25539,0.019966006
25540,0.0828054
25541,0.016489884
25542,0.028698005
25543,0.24795617
25544,0.030912893
25545,0.028612265
25546,0.04335998
25547,0.013751648
25548,0.12071635
25549,0.06981672
25550,0.29345864
25551,0.3037205
25552,0.30615467
25553,0.057762343
25554,0.046620794
25555,0.022720339
25556,0.08224473
25557,0.04873162
25558,0.13670298
25559,0.073584564
25560,0.5970328
25561,0.1069488
25562,0.13771932
25563,0.06359742
25564,0.034148015
25565,0.018922355
25566,0.0739308
25567,0.022296492
25568,0.03581048
25569,0.10738913
25570,0.08776915
25571,0.07176987
25572,0.088558845
25573,0.12481473
25574,0.28485215
25575,0.4201005
25576,0.06281296
25577,0.037804972
25578,0.0961035
25579,0.01918264
25580,0.048476443
25581,0.09240063
25582,0.05949578
25583,0.13021503
25584,0.043694038
25585,0.13365586
25586,0.04930761
25587,0.04335294
25588,0.034307327
25589,0.24253106
25590,0.014680821
25591,0.026732428
25592,0.103880696
25593,0.024463886
25594,0.014680821
25595,0.034999426
25596,0.037533306
25597,0.07932715
25598,0.0981849
25599,0.118538745
25600,0.1102582
25601,0.3101087
25602,0.17106627
25603,0.26243013
25604,0.014999601
25605,0.10609478
25606,0.06084249
25607,0.048443634
25608,0.07516208
25609,0.054613587
25610,0.03166154
25611,0.057290092
25612,0.062083676
25613,0.02474569
25614,0.080337174
25615,0.02799824
25616,0.13811846
25617,0.017844066
25618,0.046952296
25619,0.15446429
25620,0.06544285
25621,0.22141187
25622,0.4733316
25623,0.121313535
25624,0.17815574
25625,0.065268375
25626,0.08309006
25627,0.06697947
25628,0.097367585
25629,0.0646837
25630,0.04448371
25631,0.22445999
25632,0.07839054
25633,0.09164382
25634,0.07631309
25635,0.06876132
25636,0.022037772
25637,0.019242821
25638,0.0404581
25639,0.34021243
25640,0.0633402
25641,0.05136932
25642,0.12122525
25643,0.7078672
25644,0.077190265
25645,0.017748008
25646,0.29840294
25647,0.066322975
25648,0.25916258
25649,0.30805245
25650,0.07742624
25651,0.024069214
25652,0.048074357
25653,0.12996463
25654,0.16846716
25655,0.03668836
25656,0.2147448
25657,0.058481336
25658,0.0645452
25659,0.016718537
25660,0.01867615
25661,0.08841013
25662,0.11558635
25663,0.016498825
25664,0.11895235
25665,0.14399266
25666,0.26173502
25667,0.10350507
25668,0.03945237
25669,0.11905946
25670,0.15686677
25671,0.22376148
25672,0.060287647
25673,0.05521103
25674,0.022524344
25675,0.113662824
25676,0.6451987
25677,0.029410684
25678,0.11651163
25679,0.41470972
25680,0.15816012
25681,0.019290578
25682,0.0162325
25683,0.04996619
25684,0.07577631
25685,0.3117104
25686,0.30887434
25687,0.014636137
25688,0.1025524
25689,0.07137064
25690,0.21228221
25691,0.12243384
25692,0.12420141
25693,0.18123066
25694,0.36008722
25695,0.10917194
25696,0.067359984
25697,0.08690783
25698,0.08264433
25699,0.26397035
25700,0.9733501
25701,0.044030238
25702,0.43527496
25703,0.05017032
25704,0.25448042
25705,0.05167563
25706,0.08940306
25707,0.017069897
25708,0.06294517
25709,0.013902508
25710,0.62863934
25711,0.035932846
25712,0.09402554
25713,0.26176855
25714,0.13063051
25715,0.2585254
25716,0.35571334
25717,0.43808138
25718,0.024395732
25719,0.25072917
25720,0.14596836
25721,0.12282921
25722,0.9743948
25723,0.47012466
25724,0.5087937
25725,0.013751648
25726,0.024523905
25727,0.13466303
25728,0.04880631
25729,0.02173878
25730,0.028819472
25731,0.014956588
25732,0.016912622
25733,0.054063823
25734,0.013751648
25735,0.014123749
25736,0.013998942
25737,0.049355187
25738,0.094232924
25739,0.109756015
25740,0.099448636
25741,0.12375548
25742,0.1449533
25743,0.3057904
25744,0.16346087
25745,0.03628749
25746,0.09418049
25747,0.2694094
25748,0.016599186
25749,0.065547556
25750,0.97723573
25751,0.9823886
25752,0.71572334
25753,0.02220835
25754,0.01633077
25755,0.14705025
25756,0.4598948
25757,0.095800154
25758,0.01633077
25759,0.07522469
25760,0.028329795
25761,0.013998942
25762,0.017758254
25763,0.049617898
25764,0.07145375
25765,0.055830527
25766,0.014172152
25767,0.45457262
25768,0.015954234
25769,0.026934944
25770,0.11368338
25771,0.11237941
25772,0.050233662
25773,0.049206987
25774,0.2584749
25775,0.2898917
25776,0.10531775
25777,0.10832945
25778,0.102287136
25779,0.9831482
25780,0.8461309
25781,0.72407794
25782,0.015140045
25783,0.042891078
25784,0.022583812
25785,0.018643258
25786,0.45921972
25787,0.0818182
25788,0.26155546
25789,0.04111895
25790,0.12936111
25791,0.1397828
25792,0.11396997
25793,0.15000346
25794,0.25654265
25795,0.50834286
25796,0.600104
25797,0.1841196
25798,0.1285995
25799,0.09140594
25800,0.049743727
25801,0.1211554
25802,0.06636596
25803,0.04424765
25804,0.13146876
25805,0.13053812
25806,0.105062984
25807,0.11502843
25808,0.02364893
25809,0.97231966
25810,0.9972529
25811,0.9658287
25812,0.14737034
25813,0.039578438
25814,0.28726187
25815,0.017545324
25816,0.4492764
25817,0.014275676
25818,0.01853428
25819,0.019261166
25820,0.038940914
25821,0.10237809
25822,0.050959896
25823,0.36611947
25824,0.9859726
25825,0.06266386
25826,0.11465051
25827,0.07033962
25828,0.16069518
25829,0.062107973
25830,0.32915753
25831,0.26389566
25832,0.058754403
25833,0.103936486
25834,0.1250625
25835,0.10947421
25836,0.034100376
25837,0.025982035
25838,0.26052567
25839,0.26178163
25840,0.18219
25841,0.09125645
25842,0.02173878
25843,0.09255502
25844,0.07279566
25845,0.24902381
25846,0.03206677
25847,0.04473838
25848,0.042293027
25849,0.023145996
25850,0.040800106
25851,0.08093804
25852,0.3336364
25853,0.8057438
25854,0.2645014
25855,0.18629012
25856,0.11671859
25857,0.14239147
25858,0.119136155
25859,0.67743015
25860,0.0537986
25861,0.039045762
25862,0.028611965
25863,0.16411458
25864,0.20489928
25865,0.24475151
25866,0.5810066
25867,0.27428252
25868,0.23827001
25869,1.0
25870,0.12105781
25871,0.021013701
25872,0.16809635
25873,0.25769916
25874,0.018666716
25875,0.06999881
25876,0.2562314
25877,0.013588466
25878,0.06311557
25879,0.030371122
25880,0.03817546
25881,0.05711528
25882,0.13233486
25883,0.43563867
25884,0.26589537
25885,0.4959512
25886,0.26776317
25887,0.13356847
25888,0.13815103
25889,0.35741585
25890,0.015140045
25891,0.02374806
25892,0.118281625
25893,0.079183176
25894,0.04343885
25895,0.45571935
25896,0.25118014
25897,0.049770854
25898,0.6447195
25899,0.31189653
25900,0.013588466
25901,0.08293361
25902,0.1388841
25903,0.09138836
25904,0.015449521
25905,0.014956588
25906,0.02956487
25907,0.087383114
25908,0.095848426
25909,0.0971351
25910,0.12801613
25911,0.43637052
25912,0.7478822
25913,0.43211907
25914,0.40368667
25915,0.493484
25916,0.11778891
25917,0.018922355
25918,0.07323921
25919,0.077517085
25920,0.15815508
25921,0.2585696
25922,0.062113486
25923,0.024737332
25924,0.077619314
25925,0.11002662
25926,0.017161004
25927,0.013588466
25928,0.057049897
25929,0.10015392
25930,0.027918398
25931,0.028860524
25932,0.018511793
25933,0.018964928
25934,0.01723746
25935,0.03923482
25936,0.084316425
25937,0.058335204
25938,0.06787095
25939,0.23026292
25940,0.13702963
25941,0.27748412
25942,0.81037956
25943,0.7036689
25944,0.25985056
25945,0.19274041
25946,0.04939433
25947,0.019444847
25948,0.047315974
25949,0.12457217
25950,0.016718537
25951,0.026850628
25952,0.97836375
25953,0.054381456
25954,0.017161004
25955,0.1478187
25956,0.055283703
25957,0.17782249
25958,0.05960627
25959,0.052486725
25960,0.017742442
25961,0.037078667
25962,0.091806084
25963,0.11689798
25964,0.7338154
25965,0.37807912
25966,0.19061412
25967,0.99092984
25968,0.41277695
25969,0.46927893
25970,0.16399495
25971,0.03302002
25972,0.04489375
25973,0.023711657
25974,0.0492013
25975,0.052919906
25976,0.028882844
25977,0.0639817
25978,0.5204363
25979,0.13606496
25980,0.3573323
25981,0.022599129
25982,0.09173596
25983,0.10991864
25984,0.13972582
25985,0.18614262
25986,0.04846633
25987,0.02442043
25988,0.015449521
25989,0.042376503
25990,0.1364237
25991,0.9855389
25992,0.3188981
25993,0.7404207
25994,0.40411115
25995,0.2648184
25996,0.16979067
25997,0.24234238
25998,0.017019136
25999,0.025284681
26000,0.047665793
26001,0.12679051
26002,0.11178614
26003,0.072446145
26004,0.3326719
26005,0.025383487
26006,0.055391118
26007,0.014680821
26008,0.37895337
26009,0.027785344
26010,0.13033503
26011,0.26041138
26012,0.03031711
26013,0.013588466
26014,0.17645967
26015,0.15987645
26016,0.099931255
26017,0.122833416
26018,0.106995076
26019,0.07950855
26020,0.02732544
26021,0.12175489
26022,0.12832981
26023,0.023021093
26024,0.014275676
26025,0.18499927
26026,0.014275676
26027,0.01633077
26028,0.1193082
26029,0.014275676
26030,0.032779835
26031,0.12119325
26032,0.04289558
26033,0.04042441
26034,0.013751648
26035,0.061115474
26036,0.16893807
26037,0.38433206
26038,0.65193784
26039,0.095681235
26040,0.018233903
26041,0.016976483
26042,0.024735581
26043,0.055041492
26044,0.016059997
26045,0.06197516
26046,0.20165029
26047,0.015449521
26048,0.02453187
26049,0.015253496
26050,0.025626777
26051,0.015334138
26052,0.017161004
26053,0.08913391
26054,0.09951227
26055,0.43269646
26056,0.0151616465
26057,0.015689887
26058,0.03733648
26059,0.06953597
26060,0.1373092
26061,0.4302708
26062,0.14622384
26063,0.015140045
26064,0.01491623
26065,0.21299961
26066,0.02178284
26067,0.035610843
26068,0.07118851
26069,0.15647157
26070,0.048454955
26071,0.014956588
26072,0.019233724
26073,0.014680821
26074,0.20995323
26075,0.031632733
26076,0.019242821
26077,0.016718537
26078,0.033953305
26079,0.12177822
26080,0.089486755
26081,0.042219874
26082,0.01758066
26083,0.034956064
26084,0.056887425
26085,0.4170998
26086,0.04400816
26087,0.02654332
26088,0.042154927
26089,0.052405786
26090,0.19466192
26091,0.058106706
26092,0.25358987
26093,0.09039617
26094,0.03139687
26095,0.01735509
26096,0.045943506
26097,0.049794268
26098,0.025738697
26099,0.20905931
26100,0.06489339
26101,0.016718537
26102,0.2579457
26103,0.022548826
26104,0.07202364
26105,0.057667084
26106,0.014275676
26107,0.3413451
26108,0.68355995
26109,0.110157974
26110,0.07952739
26111,0.015797487
26112,0.12874892
26113,0.0501875
26114,0.040756818
26115,0.14779069
26116,0.16940297
26117,0.09732529
26118,0.98809344
26119,0.088798046
26120,0.017043374
26121,0.080504924
26122,0.08139711
26123,0.016167875
26124,0.03660594
26125,0.11728264
26126,0.35713086
26127,0.087995045
26128,0.20680572
26129,0.022745198
26130,0.015797487
26131,0.1073124
26132,0.027596343
26133,0.09614941
26134,0.036690738
26135,0.013588466
26136,0.025389623
26137,0.049114186
26138,0.064075075
26139,0.026205437
26140,0.06362218
26141,0.14243321
26142,0.031479113
26143,0.048674237
26144,0.015954234
26145,0.028317472
26146,0.0808754
26147,0.12999688
26148,0.021969987
26149,0.033725344
26150,0.97768426
26151,0.043860517
26152,0.16307193
26153,0.04177323
26154,0.031802382
26155,0.048820637
26156,0.048364032
26157,0.015326707
26158,0.033066887
26159,0.2615983
26160,0.0354666
26161,0.014874908
26162,0.014275676
26163,0.013751648
26164,0.015804606
26165,0.019081743
26166,0.04079353
26167,0.13569956
26168,0.020279218
26169,0.014680821
26170,0.1110188
26171,0.028249292
26172,0.017947013
26173,0.04906509
26174,0.4098611
26175,0.019151948
26176,0.014275676
26177,0.027300572
26178,0.07260166
26179,0.013751648
26180,0.032553136
26181,0.1856214
26182,0.07027955
26183,0.015550628
26184,0.016148794
26185,0.055787317
26186,0.1688635
26187,0.12959188
26188,0.06453484
26189,0.07879932
26190,0.03670955
26191,0.048446678
26192,0.016585574
26193,0.060744643
26194,0.20983206
26195,0.24299541
26196,0.013751648
26197,0.045005117
26198,0.023634
26199,0.01491623
26200,0.015526703
26201,0.014680821
26202,0.017328607
26203,0.014426535
26204,0.014275676
26205,0.016718537
26206,0.014578726
26207,0.02148944
26208,0.039509017
26209,0.047242228
26210,0.15666462
26211,0.104920186
26212,0.014275676
26213,0.2670837
26214,0.021166347
26215,0.015107446
26216,0.037982527
26217,0.015568583
26218,0.014680821
26219,0.014123749
26220,0.018258842
26221,0.028656704
26222,0.015253496
26223,0.015787937
26224,0.027479636
26225,0.014275676
26226,0.013998942
26227,0.08124781
26228,0.041034397
26229,0.04566375
26230,0.015526703
26231,0.04211286
26232,0.016718537
26233,0.013751648
26234,0.020437853
26235,0.013751648
26236,0.14734603
26237,0.026801389
26238,0.053611632
26239,0.014780652
26240,0.014275676
26241,0.024478888
26242,0.014680821
26243,0.019626092
26244,0.10758077
26245,0.015954234
26246,0.01491623
26247,0.016225263
26248,0.29078043
26249,0.06360402
26250,0.08582498
26251,0.08530439
26252,0.013588466
26253,0.0873149
26254,0.03257295
26255,0.12939027
26256,0.027001208
26257,0.12795249
26258,0.14548141
26259,0.017161004
26260,0.014956588
26261,0.041115943
26262,0.022278598
26263,0.013751648
26264,0.01580236
26265,0.015526703
26266,0.01838535
26267,0.04548201
26268,0.014780652
26269,0.104686074
26270,0.07711853
26271,0.025901906
26272,0.16799524
26273,0.016075378
26274,0.018729785
26275,0.013588466
26276,0.018382277
26277,0.019618038
26278,0.05121568
26279,0.022894181
26280,0.043140646
26281,0.050744142
26282,0.014680821
26283,0.015526703
26284,0.030274436
26285,0.023215674
26286,0.25114912
26287,0.19515063
26288,0.014275676
26289,0.10285228
26290,0.015550628
26291,0.026470473
26292,0.089429416
26293,0.027146285
26294,0.03572431
26295,0.027698278
26296,0.04047242
26297,0.036097024
26298,0.080348425
26299,0.014463353
26300,0.040562134
26301,0.023467803
26302,0.17211524
26303,0.03664445
26304,0.0588616
26305,0.08845193
26306,0.24073952
26307,0.020688586
26308,0.030992974
26309,0.027200887
26310,0.1934295
26311,0.076231636
26312,0.17356999
26313,0.055613413
26314,0.15027025
26315,0.043788258
26316,0.022670485
26317,0.05604235
26318,0.013380032
26319,0.048694864
26320,0.016346917
26321,0.13057408
26322,0.026104096
26323,0.74886096
26324,0.15118024
26325,0.03460926
26326,0.035077307
26327,0.12924457
26328,0.054851796
26329,0.019369481
26330,0.02693207
26331,0.07857431
26332,0.02701584
26333,0.07553703
26334,0.2502013
26335,0.6371222
26336,0.57024986
26337,0.06083744
26338,0.10629466
26339,0.12216565
26340,0.08924221
26341,0.07065407
26342,0.06824384
26343,0.061507575
26344,0.4366976
26345,0.08877579
26346,0.16465211
26347,0.57793266
26348,0.11447982
26349,0.02132169
26350,0.6141649
26351,0.016202345
26352,0.0768922
26353,0.5149219
26354,0.061646402
26355,0.079120964
26356,0.033476442
26357,0.1210488
26358,0.060357414
26359,0.09143031
26360,0.10064512
26361,0.027320158
26362,0.037080046
26363,0.052994438
26364,0.25426742
26365,0.059547618
26366,0.03486896
26367,0.12367773
26368,0.10563107
26369,0.131711
26370,0.029956814
26371,0.02135243
26372,0.04408475
26373,0.089091174
26374,0.08808928
26375,0.032687955
26376,0.049483623
26377,0.023955567
26378,0.014648954
26379,0.013216849
26380,0.015783936
26381,0.49228537
26382,0.09287213
26383,0.04523526
26384,0.15700875
26385,0.30909976
26386,0.1589747
26387,0.04625527
26388,0.028447852
26389,0.022502214
26390,0.034534138
26391,0.037922803
26392,0.045461673
26393,0.0652579
26394,0.10146143
26395,0.24671422
26396,0.4461552
26397,0.016789384
26398,0.02763362
26399,0.04440117
26400,0.014150231
26401,0.045918126
26402,0.029779231
26403,0.25209644
26404,0.026098609
26405,0.0467482
26406,0.05690339
26407,0.04145427
26408,0.024080815
26409,0.059662066
26410,0.5872525
26411,0.084910765
26412,0.10151326
26413,0.01598933
26414,0.07880561
26415,0.08026833
26416,0.026577475
26417,0.016541002
26418,0.10793348
26419,0.123899005
26420,0.095255636
26421,0.104706496
26422,0.10704521
26423,0.014584972
26424,0.03787816
26425,0.041769918
26426,0.036973182
26427,0.036315184
26428,0.12027984
26429,0.062771425
26430,0.28237313
26431,0.01652179
26432,0.036415577
26433,0.029329028
26434,0.041313965
26435,0.019893179
26436,0.030718924
26437,0.053061232
26438,0.013627326
26439,0.02157732
26440,0.048011288
26441,0.19536798
26442,0.397516
26443,0.033062756
26444,0.041292302
26445,0.05759429
26446,0.10362793
26447,0.10340981
26448,0.016789384
26449,0.054065354
26450,0.014627985
26451,0.027273463
26452,0.24839355
26453,0.038006824
26454,0.037533704
26455,0.013608684
26456,0.11659933
26457,0.06777316
26458,0.29553634
26459,0.2911562
26460,0.3162363
26461,0.06287536
26462,0.04387345
26463,0.026014503
26464,0.08430945
26465,0.04461212
26466,0.0148566365
26467,0.13412465
26468,0.051545158
26469,0.6223842
26470,0.1307616
26471,0.026891306
26472,0.14837381
26473,0.08189678
26474,0.049868822
26475,0.0152591625
26476,0.01875754
26477,0.014997081
26478,0.06839497
26479,0.024423786
26480,0.02019732
26481,0.038741212
26482,0.11259478
26483,0.08847126
26484,0.09534888
26485,0.0740283
26486,0.1240754
26487,0.31410062
26488,0.40822357
26489,0.06627139
26490,0.0420332
26491,0.09347536
26492,0.046456717
26493,0.07572814
26494,0.06379011
26495,0.12238257
26496,0.052079707
26497,0.13112184
26498,0.053934805
26499,0.047927942
26500,0.015896963
26501,0.018402364
26502,0.25060543
26503,0.01498268
26504,0.025148924
26505,0.07157741
26506,0.025639944
26507,0.014537857
26508,0.01457195
26509,0.029398704
26510,0.038346056
26511,0.08677771
26512,0.087187946
26513,0.12512742
26514,0.115725815
26515,0.31509322
26516,0.17842855
26517,0.25788137
26518,0.01624039
26519,0.10479649
26520,0.053842686
26521,0.033807576
26522,0.0907159
26523,0.027327921
26524,0.031737816
26525,0.015064104
26526,0.04665453
26527,0.062289305
26528,0.025055638
26529,0.051879816
26530,0.030040598
26531,0.11253208
26532,0.05452967
26533,0.15345185
26534,0.065240666
26535,0.2399119
26536,0.479262
26537,0.12488528
26538,0.14273034
26539,0.058477703
26540,0.09253201
26541,0.07190599
26542,0.10002248
26543,0.071199834
26544,0.014537857
26545,0.03162991
26546,0.42527166
26547,0.07861503
26548,0.083758265
26549,0.04999086
26550,0.06689158
26551,0.018160297
26552,0.02231604
26553,0.019566933
26554,0.022069186
26555,0.043716896
26556,0.36291558
26557,0.07183803
26558,0.054478932
26559,0.11648673
26560,0.6774555
26561,0.08976598
26562,0.023081621
26563,0.28412303
26564,0.05835656
26565,0.25942123
26566,0.3118958
26567,0.06194573
26568,0.01923888
26569,0.047843486
26570,0.069190115
26571,0.105343
26572,0.19148993
26573,0.04793143
26574,0.13417678
26575,0.07248011
26576,0.08276507
26577,0.014813623
26578,0.0193794
26579,0.06710113
26580,0.08585062
26581,0.016704954
26582,0.13836057
26583,0.1370775
26584,0.26159203
26585,0.104056105
26586,0.03952839
26587,0.1271316
26588,0.17236161
26589,0.3729724
26590,0.060246967
26591,0.07987146
26592,0.06893869
26593,0.097947516
26594,0.6511528
26595,0.13295944
26596,0.4075828
26597,0.1490589
26598,0.015644971
26599,0.02915459
26600,0.016089533
26601,0.061254356
26602,0.095155545
26603,0.34766018
26604,0.32456282
26605,0.014537857
26606,0.08902315
26607,0.08963014
26608,0.13354377
26609,0.20769621
26610,0.14377297
26611,0.18904303
26612,0.35844502
26613,0.114695996
26614,0.07513847
26615,0.08686516
26616,0.07698007
26617,0.19793624
26618,0.9717675
26619,0.033852242
26620,0.40968955
26621,0.05777369
26622,0.26156306
26623,0.05087312
26624,0.08905942
26625,0.017436292
26626,0.052207064
26627,0.013596361
26628,0.6233184
26629,0.04628929
26630,0.096115746
26631,0.2666976
26632,0.12938191
26633,0.1805805
26634,0.3677857
26635,0.43049356
26636,0.022972759
26637,0.19387932
26638,0.15731527
26639,0.11165624
26640,0.9817138
26641,0.46250734
26642,0.46712214
26643,0.023926094
26644,0.15273874
26645,0.047594734
26646,0.024123663
26647,0.015469738
26648,0.04040945
26649,0.013608684
26650,0.05535307
26651,0.013608684
26652,0.01428357
26653,0.013855978
26654,0.042102348
26655,0.062925324
26656,0.10149023
26657,0.1047331
26658,0.109355085
26659,0.14486884
26660,0.20407063
26661,0.18253471
26662,0.04015599
26663,0.08963293
26664,0.28817162
26665,0.016187802
26666,0.04395569
26667,0.97696036
26668,0.9830414
26669,0.76040316
26670,0.013608684
26671,0.021660015
26672,0.017018037
26673,0.108816184
26674,0.46021834
26675,0.11244246
26676,0.0678454
26677,0.01985521
26678,0.06004782
26679,0.06817579
26680,0.05333614
26681,0.02873409
26682,0.46265954
26683,0.017212123
26684,0.02693166
26685,0.11255711
26686,0.118943796
26687,0.05004123
26688,0.049990777
26689,0.25891227
26690,0.2701287
26691,0.045347173
26692,0.13999039
26693,0.1323503
26694,0.103010625
26695,0.98287284
26696,0.84556824
26697,0.7035384
26698,0.044151507
26699,0.022440845
26700,0.43073428
26701,0.09526468
26702,0.1907187
26703,0.04123646
26704,0.11377348
26705,0.022675296
26706,0.15602773
26707,0.12055103
26708,0.16201791
26709,0.2174833
26710,0.5088628
26711,0.58517283
26712,0.16628772
26713,0.12681045
26714,0.08933298
26715,0.049115144
26716,0.1144615
26717,0.05400777
26718,0.043280516
26719,0.11020391
26720,0.1273793
26721,0.08124474
26722,0.092184536
26723,0.023574201
26724,0.97963864
26725,1.0
26726,0.9668606
26727,0.10627259
26728,0.05495725
26729,0.15601484
26730,0.026606258
26731,0.4264543
26732,0.020078104
26733,0.014132711
26734,0.018828915
26735,0.020883562
26736,0.034353744
26737,0.10267032
26738,0.05087441
26739,0.37284425
26740,0.9856972
26741,0.063377
26742,0.1255541
26743,0.08597232
26744,0.1718499
26745,0.081745856
26746,0.3017594
26747,0.26444292
26748,0.0603243
26749,0.102344505
26750,0.13789503
26751,0.11780354
26752,0.043466736
26753,0.025839068
26754,0.44497588
26755,0.262219
26756,0.2559297
26757,0.07655068
26758,0.021819144
26759,0.07340259
26760,0.014537857
26761,0.102762684
26762,0.25910044
26763,0.03176461
26764,0.045937512
26765,0.038398884
26766,0.018651886
26767,0.0221717
26768,0.04384042
26769,0.062189844
26770,0.32319754
26771,0.8024533
26772,0.25086588
26773,0.1833671
26774,0.12686023
26775,0.17976503
26776,0.11928322
26777,0.63239247
26778,0.052362293
26779,0.050298218
26780,0.028468998
26781,0.1433928
26782,0.19468868
26783,0.16807604
26784,0.58938074
26785,0.36528397
26786,0.19165576
26787,1.0
26788,0.12978652
26789,0.015963724
26790,0.21874662
26791,0.25942504
26792,0.017707061
26793,0.25663698
26794,0.066120096
26795,0.030228155
26796,0.043407764
26797,0.044326637
26798,0.12572496
26799,0.42006794
26800,0.28415346
26801,0.49589822
26802,0.26657015
26803,0.14237651
26804,0.14395165
26805,0.36206257
26806,0.014997081
26807,0.022440845
26808,0.14955735
26809,0.075164676
26810,0.044750046
26811,0.47340113
26812,0.18315165
26813,0.05010713
26814,0.67861897
26815,0.39580944
26816,0.0695896
26817,0.13843755
26818,0.0957871
26819,0.032977387
26820,0.014537857
26821,0.028697051
26822,0.053721484
26823,0.095081426
26824,0.0979246
26825,0.1247793
26826,0.43318444
26827,0.7547579
26828,0.44407323
26829,0.4016085
26830,0.4966426
26831,0.11071604
26832,0.106629565
26833,0.07756968
26834,0.15824467
26835,0.19511753
26836,0.06333093
26837,0.022388453
26838,0.07718164
26839,0.114692785
26840,0.035966683
26841,0.013445501
26842,0.05908453
26843,0.076451585
26844,0.019992147
26845,0.03357712
26846,0.018438186
26847,0.024962839
26848,0.038104698
26849,0.06786852
26850,0.05210392
26851,0.08406187
26852,0.3176793
26853,0.16386269
26854,0.2769506
26855,0.7154588
26856,0.6613359
26857,0.26036555
26858,0.1750986
26859,0.060833696
26860,0.11095322
26861,0.016187802
26862,0.9793956
26863,0.044264227
26864,0.017018037
26865,0.075870834
26866,0.08774405
26867,0.12367796
26868,0.029243989
26869,0.07718325
26870,0.035437904
26871,0.037725147
26872,0.037969787
26873,0.09017933
26874,0.12368622
26875,0.6675065
26876,0.37754402
26877,0.1766671
26878,0.99296194
26879,0.26145127
26880,0.46834433
26881,0.16401787
26882,0.030515691
26883,0.02977672
26884,0.046170138
26885,0.04825733
26886,0.015993774
26887,0.036025617
26888,0.0743334
26889,0.48789436
26890,0.092978984
26891,0.37261844
26892,0.02124422
26893,0.094727755
26894,0.14515594
26895,0.12251051
26896,0.25871703
26897,0.088874
26898,0.013445501
26899,0.023667118
26900,0.12648816
26901,0.9852635
26902,0.31183776
26903,0.7389399
26904,0.38854325
26905,0.26152098
26906,0.1495484
26907,0.25303113
26908,0.045881804
26909,0.01908271
26910,0.014537857
26911,0.02453588
26912,0.022767995
26913,0.11735259
26914,0.13654554
26915,0.0629756
26916,0.20485348
26917,0.01910585
26918,0.07667313
26919,0.39099494
26920,0.029474407
26921,0.06632464
26922,0.13001554
26923,0.16488414
26924,0.032725725
26925,0.15511052
26926,0.16142699
26927,0.12048742
26928,0.13507886
26929,0.02469614
26930,0.10703503
26931,0.08451064
26932,0.028657112
26933,0.133873
26934,0.12217699
26935,0.035803962
26936,0.018319255
26937,0.015191173
26938,0.17735443
26939,0.014378883
26940,0.014132711
26941,0.17279789
26942,0.028526194
26943,0.033315282
26944,0.12130399
26945,0.043717775
26946,0.040182434
26947,0.0488404
26948,0.18991944
26949,0.39035988
26950,0.65331113
26951,0.14097
26952,0.015407661
26953,0.018160297
26954,0.022195837
26955,0.023204237
26956,0.046271507
26957,0.06679141
26958,0.13712575
26959,0.015469738
26960,0.025458092
26961,0.015865961
26962,0.033833627
26963,0.020162623
26964,0.015034534
26965,0.01639892
26966,0.08957257
26967,0.099314585
26968,0.4372718
26969,0.015644971
26970,0.025572112
26971,0.03150625
26972,0.07202751
26973,0.12772
26974,0.44336736
26975,0.13755947
26976,0.015403885
26977,0.23253937
26978,0.036297962
26979,0.016089533
26980,0.0839798
26981,0.14788419
26982,0.079855196
26983,0.014537857
26984,0.019090757
26985,0.014537857
26986,0.19566208
26987,0.026446778
26988,0.03100987
26989,0.12425092
26990,0.06664163
26991,0.043329153
26992,0.025329115
26993,0.032764316
26994,0.050792433
26995,0.40602294
26996,0.03218152
26997,0.020006211
26998,0.041097607
26999,0.037791308
27000,0.05370792
27001,0.31142777
27002,0.05907907
27003,0.21955606
27004,0.09413569
27005,0.02293272
27006,0.015383738
27007,0.065631576
27008,0.055408116
27009,0.026277525
27010,0.32926247
27011,0.06632464
27012,0.016782412
27013,0.25929072
27014,0.018992275
27015,0.07193626
27016,0.07804096
27017,0.014132711
27018,0.28783974
27019,0.6892645
27020,0.11186606
27021,0.078157015
27022,0.01565451
27023,0.10933989
27024,0.06461581
27025,0.042874802
27026,0.08933648
27027,0.17144942
27028,0.09488447
27029,1.0
27030,0.097669184
27031,0.016900407
27032,0.08041036
27033,0.0646889
27034,0.024526834
27035,0.032723144
27036,0.10241701
27037,0.34216616
27038,0.067162655
27039,0.22625841
27040,0.022722906
27041,0.14758703
27042,0.030792495
27043,0.09652384
27044,0.03945638
27045,0.028381875
27046,0.051117815
27047,0.05473753
27048,0.022233313
27049,0.0893796
27050,0.16009331
27051,0.037998926
27052,0.045801837
27053,0.024843615
27054,0.080461666
27055,0.10224523
27056,0.021707397
27057,0.032660797
27058,0.9784091
27059,0.046728224
27060,0.17282581
27061,0.048345763
27062,0.03285335
27063,0.047209755
27064,0.04606856
27065,0.017094493
27066,0.01752413
27067,0.1922553
27068,0.035944078
27069,0.014637687
27070,0.016143529
27071,0.037709307
27072,0.118762344
27073,0.02013625
27074,0.12034706
27075,0.043933626
27076,0.021819144
27077,0.055583727
27078,0.4072376
27079,0.021273516
27080,0.019483125
27081,0.014132711
27082,0.014997081
27083,0.06591174
27084,0.038450498
27085,0.17692967
27086,0.062033467
27087,0.015644971
27088,0.015795827
27089,0.016189283
27090,0.073269196
27091,0.223243
27092,0.1332172
27093,0.06282754
27094,0.07463752
27095,0.03196088
27096,0.04688359
27097,0.06225504
27098,0.2638532
27099,0.24285245
27100,0.05058712
27101,0.026606258
27102,0.014813623
27103,0.015383738
27104,0.015383738
27105,0.02057312
27106,0.013980784
27107,0.016900407
27108,0.014378883
27109,0.01657557
27110,0.015460481
27111,0.021527462
27112,0.045517843
27113,0.049397014
27114,0.10678951
27115,0.014537857
27116,0.1278608
27117,0.014132711
27118,0.3099347
27119,0.017091498
27120,0.014813623
27121,0.019858358
27122,0.016005352
27123,0.015589243
27124,0.014537857
27125,0.027609233
27126,0.015407661
27127,0.016012589
27128,0.014132711
27129,0.014773265
27130,0.12497372
27131,0.027483527
27132,0.029817097
27133,0.016005827
27134,0.056181613
27135,0.01657557
27136,0.022165148
27137,0.014637687
27138,0.15355696
27139,0.027981453
27140,0.04667117
27141,0.013864129
27142,0.013759543
27143,0.041337546
27144,0.015387835
27145,0.11042534
27146,0.020294886
27147,0.0655367
27148,0.014537857
27149,0.014773265
27150,0.32850868
27151,0.05921849
27152,0.059947867
27153,0.08510352
27154,0.014997081
27155,0.013445501
27156,0.014537857
27157,0.07397865
27158,0.029797042
27159,0.015324899
27160,0.13494238
27161,0.023062719
27162,0.11672655
27163,0.013608684
27164,0.19448589
27165,0.016070955
27166,0.023565743
27167,0.038269255
27168,0.04085971
27169,0.02261404
27170,0.013608684
27171,0.014773265
27172,0.017455315
27173,0.04929799
27174,0.014480446
27175,0.014242385
27176,0.12827782
27177,0.06788412
27178,0.18640287
27179,0.026745915
27180,0.022483997
27181,0.014637687
27182,0.013445501
27183,0.016299061
27184,0.01804751
27185,0.04957377
27186,0.026425004
27187,0.014537857
27188,0.015383738
27189,0.017334528
27190,0.03248099
27191,0.18342355
27192,0.25804746
27193,0.014132711
27194,0.10301873
27195,0.019566933
27196,0.020060237
27197,0.044151675
27198,0.10928567
27199,0.07026918
27200,0.043035362
27201,0.05068655
27202,0.032419074
27203,0.060502276
27204,0.034215376
27205,0.014735265
27206,0.022934344
27207,0.10795708
27208,0.03642824
27209,0.058132194
27210,0.034034915
27211,0.15056641
27212,0.30393538
27213,0.03187832
27214,0.3833478
27215,0.05810315
27216,0.15843575
27217,0.105803005
27218,0.1035723
27219,0.02262669
27220,0.14789355
27221,0.0142995035
27222,0.024690391
27223,0.15914276
27224,0.025255462
27225,0.9395804
27226,0.1074429
27227,0.035033513
27228,0.122688875
27229,0.028196132
27230,0.059135575
27231,0.036021855
27232,0.027566979
27233,0.031767245
27234,0.061888397
27235,0.16015764
27236,0.5929885
27237,0.5984606
27238,0.060667887
27239,0.057359748
27240,0.16450687
27241,0.014541177
27242,0.091214314
27243,0.07380434
27244,0.08115761
27245,0.043087956
27246,0.45127746
27247,0.19253604
27248,0.12372723
27249,0.6271411
27250,0.10149147
27251,0.60375243
27252,0.069033936
27253,0.53568274
27254,0.09599543
27255,0.054278053
27256,0.03541745
27257,0.07367426
27258,0.124376595
27259,0.078173146
27260,0.094219945
27261,0.027276363
27262,0.07593312
27263,0.39625043
27264,0.041581012
27265,0.051487
27266,0.07444727
27267,0.14499062
27268,0.12960663
27269,0.035293724
27270,0.02991302
27271,0.025833426
27272,0.09032331
27273,0.14921984
27274,0.05079973
27275,0.17467687
27276,0.040719558
27277,0.05479502
27278,0.029141614
27279,0.030558283
27280,0.015740141
27281,0.50706524
27282,0.07641338
27283,0.063362494
27284,0.16269949
27285,0.2557438
27286,0.0133362375
27287,0.14384077
27288,0.054894056
27289,0.018129917
27290,0.02245842
27291,0.052162807
27292,0.060830854
27293,0.06469116
27294,0.057662055
27295,0.15120871
27296,0.5385533
27297,0.015391868
27298,0.21963571
27299,0.050537374
27300,0.014106437
27301,0.02710249
27302,0.016869413
27303,0.027849223
27304,0.38513988
27305,0.022772973
27306,0.047827948
27307,0.057385623
27308,0.040225834
27309,0.03690226
27310,0.08770821
27311,0.59666306
27312,0.057298843
27313,0.08445655
27314,0.026174331
27315,0.014883058
27316,0.0836952
27317,0.08066428
27318,0.014265411
27319,0.026912365
27320,0.14735785
27321,0.13973191
27322,0.09521184
27323,0.09653541
27324,0.11055671
27325,0.041132715
27326,0.037659757
27327,0.03829396
27328,0.03558419
27329,0.12760733
27330,0.089592494
27331,0.3037941
27332,0.027957303
27333,0.034042165
27334,0.03076029
27335,0.041143555
27336,0.02320446
27337,0.028540144
27338,0.04602217
27339,0.018015588
27340,0.050301835
27341,0.21680464
27342,0.28300044
27343,0.051887814
27344,0.06757607
27345,0.028340789
27346,0.1051648
27347,0.049434215
27348,0.017203882
27349,0.053627856
27350,0.01458419
27351,0.027229669
27352,0.163597
27353,0.031230228
27354,0.035931412
27355,0.013564889
27356,0.11672111
27357,0.069586605
27358,0.28335655
27359,0.3096877
27360,0.16291273
27361,0.06790481
27362,0.046076316
27363,0.022636157
27364,0.06376784
27365,0.048171896
27366,0.015752032
27367,0.16569783
27368,0.05897509
27369,0.5923012
27370,0.13977444
27371,0.033531476
27372,0.016682632
27373,0.14647123
27374,0.08130762
27375,0.039814334
27376,0.01905606
27377,0.014088917
27378,0.06345695
27379,0.026325602
27380,0.026726559
27381,0.038925547
27382,0.10455405
27383,0.06610108
27384,0.07936343
27385,0.065361395
27386,0.12050717
27387,0.18754941
27388,0.376906
27389,0.06618423
27390,0.039736006
27391,0.08297457
27392,0.016692668
27393,0.04703194
27394,0.014088917
27395,0.08974637
27396,0.06578912
27397,0.11052383
27398,0.038891215
27399,0.10504634
27400,0.03534093
27401,0.057994038
27402,0.032216396
27403,0.015620519
27404,0.01835857
27405,0.18526126
27406,0.01466727
27407,0.027953282
27408,0.085769854
27409,0.014494062
27410,0.014494062
27411,0.02935491
27412,0.03844112
27413,0.086085424
27414,0.08531219
27415,0.12088795
27416,0.11872397
27417,0.32419115
27418,0.16111556
27419,0.26147425
27420,0.014812842
27421,0.12266002
27422,0.053920344
27423,0.035042714
27424,0.090672106
27425,0.031150604
27426,0.04448115
27427,0.035126816
27428,0.014769829
27429,0.0558432
27430,0.06323477
27431,0.024116572
27432,0.055939544
27433,0.019655745
27434,0.018116502
27435,0.12556681
27436,0.04666199
27437,0.15340805
27438,0.056238364
27439,0.1428144
27440,0.48138404
27441,0.1177825
27442,0.13223258
27443,0.0604424
27444,0.097019725
27445,0.070698835
27446,0.09835887
27447,0.054507725
27448,0.3318582
27449,0.091653556
27450,0.08111718
27451,0.050130233
27452,0.05658038
27453,0.022272246
27454,0.039876875
27455,0.020332653
27456,0.041353147
27457,0.34160376
27458,0.060671855
27459,0.052245017
27460,0.117005415
27461,0.7257512
27462,0.07540274
27463,0.024346767
27464,0.2855542
27465,0.08958474
27466,0.17007333
27467,0.26950002
27468,0.08409487
27469,0.019544182
27470,0.04683219
27471,0.080009475
27472,0.110112146
27473,0.17396756
27474,0.08423623
27475,0.18786226
27476,0.07889752
27477,0.016253553
27478,0.106002554
27479,0.023763841
27480,0.07652365
27481,0.068315856
27482,0.016820889
27483,0.13877839
27484,0.13301112
27485,0.2568038
27486,0.10983175
27487,0.039953824
27488,0.13142133
27489,0.16303024
27490,0.38425264
27491,0.059170365
27492,0.014494062
27493,0.09033504
27494,0.048256107
27495,0.08313548
27496,0.6499554
27497,0.028893027
27498,0.08210193
27499,0.41458157
27500,0.12711442
27501,0.062190864
27502,0.08526287
27503,0.32994777
27504,0.3269122
27505,0.07001323
27506,0.07357485
27507,0.14053887
27508,0.1269336
27509,0.124237426
27510,0.16320008
27511,0.34747922
27512,0.11239717
27513,0.013401707
27514,0.018116502
27515,0.052193165
27516,0.09147246
27517,0.06146562
27518,0.19759215
27519,0.9727552
27520,0.033044435
27521,0.41407165
27522,0.015873235
27523,0.050202146
27524,0.32822505
27525,0.072030984
27526,0.09046471
27527,0.017392498
27528,0.05133319
27529,0.6132312
27530,0.23739758
27531,0.09292127
27532,0.26296133
27533,0.11884877
27534,0.25951642
27535,0.37995172
27536,0.42053294
27537,0.025560219
27538,0.25596184
27539,0.16333567
27540,0.21412155
27541,0.98139423
27542,0.44854382
27543,0.46065173
27544,0.024399742
27545,0.25716227
27546,0.048899114
27547,0.019500593
27548,0.01992781
27549,0.05391146
27550,0.013564889
27551,0.014827557
27552,0.046431
27553,0.056957725
27554,0.100316636
27555,0.099555805
27556,0.12366375
27557,0.16043949
27558,0.20408472
27559,0.15447867
27560,0.02585534
27561,0.09932981
27562,0.2796718
27563,0.044316188
27564,0.9766408
27565,0.98500305
27566,0.752469
27567,0.013564889
27568,0.021506548
27569,0.02975937
27570,0.20001046
27571,0.4654259
27572,0.0977143
27573,0.06478524
27574,0.028362297
27575,0.05046167
27576,0.06906602
27577,0.05168875
27578,0.01393699
27579,0.46261576
27580,0.015873235
27581,0.03133196
27582,0.11954314
27583,0.1110082
27584,0.061206833
27585,0.047737043
27586,0.25048223
27587,0.26097453
27588,0.041150566
27589,0.17327207
27590,0.10694041
27591,0.089381814
27592,0.9825533
27593,0.7809245
27594,0.7233098
27595,0.014953286
27596,0.044204786
27597,0.023881752
27598,0.014088917
27599,0.43790388
27600,0.11377408
27601,0.26027283
27602,0.041008834
27603,0.13603102
27604,0.04007711
27605,0.15263128
27606,0.15122166
27607,0.15055723
27608,0.20657258
27609,0.5081561
27610,0.56984824
27611,0.15894695
27612,0.14500083
27613,0.092549436
27614,0.05029151
27615,0.11306999
27616,0.052036475
27617,0.0438402
27618,0.019229824
27619,0.15354237
27620,0.17402555
27621,0.086812176
27622,0.11696623
27623,0.9793191
27624,1.0
27625,0.96654105
27626,0.12740138
27627,0.04054527
27628,0.1873556
27629,0.015873235
27630,0.443478
27631,0.02177535
27632,0.014088917
27633,0.017860632
27634,0.03607821
27635,0.03542664
27636,0.094998695
27637,0.059831407
27638,0.37280047
27639,0.98537767
27640,0.05753247
27641,0.11218931
27642,0.08483704
27643,0.13760336
27644,0.068194814
27645,0.2997989
27646,0.25709617
27647,0.029576326
27648,0.10312236
27649,0.14084077
27650,0.11396402
27651,0.043457065
27652,0.043318573
27653,0.45750833
27654,0.30383116
27655,0.25233924
27656,0.08347607
27657,0.023462169
27658,0.09038746
27659,0.014494062
27660,0.113412246
27661,0.25595605
27662,0.032541584
27663,0.07922859
27664,0.040628985
27665,0.04980019
27666,0.30474123
27667,0.80475426
27668,0.23681708
27669,0.16945261
27670,0.11712094
27671,0.16547772
27672,0.12878893
27673,0.6305449
27674,0.06125114
27675,0.03357185
27676,0.029556723
27677,0.16728358
27678,0.15169568
27679,0.12800324
27680,0.5876831
27681,0.25955924
27682,0.17943
27683,1.0
27684,0.1203945
27685,0.016531775
27686,0.14165501
27687,0.25785705
27688,0.01906092
27689,0.04163107
27690,0.17582433
27691,0.059359644
27692,0.03081289
27693,0.05218139
27694,0.043584216
27695,0.12627327
27696,0.43526348
27697,0.19427139
27698,0.27230382
27699,0.26730603
27700,0.13482206
27701,0.1303656
27702,0.362265
27703,0.025563812
27704,0.16828041
27705,0.08746233
27706,0.043434873
27707,0.5532477
27708,0.2590662
27709,0.04870168
27710,0.6740328
27711,0.3927134
27712,0.013564889
27713,0.12882306
27714,0.15815452
27715,0.10977948
27716,0.03385582
27717,0.014494062
27718,0.015760954
27719,0.014088917
27720,0.026235063
27721,0.056191098
27722,0.09789023
27723,0.10087133
27724,0.121260196
27725,0.44171998
27726,0.75443834
27727,0.43425876
27728,0.4176778
27729,0.52165717
27730,0.124462426
27731,0.08290567
27732,0.07579749
27733,0.2186598
27734,0.19789244
27735,0.07834331
27736,0.022587843
27737,0.08009194
27738,0.10625876
27739,0.020007897
27740,0.039293945
27741,0.0887288
27742,0.02027319
27743,0.016045738
27744,0.029919073
27745,0.018394392
27746,0.015425944
27747,0.03763878
27748,0.059150245
27749,0.052171435
27750,0.07000687
27751,0.3102187
27752,0.12626088
27753,0.28727183
27754,0.7339704
27755,0.7283333
27756,0.26107708
27757,0.1524422
27758,0.02532093
27759,0.048996516
27760,0.11812568
27761,0.02975937
27762,0.025542583
27763,0.9767686
27764,0.04498576
27765,0.016974242
27766,0.07582704
27767,0.08725591
27768,0.14699975
27769,0.028345052
27770,0.057871528
27771,0.022994295
27772,0.053871576
27773,0.017663267
27774,0.0368052
27775,0.09220174
27776,0.11909318
27777,0.6671828
27778,0.38050812
27779,0.19042736
27780,0.9926424
27781,0.4013381
27782,0.46714056
27783,0.14086162
27784,0.034547728
27785,0.03715143
27786,0.024559831
27787,0.05010798
27788,0.048666943
27789,0.016974242
27790,0.036716405
27791,0.07047352
27792,0.48275825
27793,0.091705084
27794,0.35659695
27795,0.020725561
27796,0.11150227
27797,0.1104192
27798,0.13896391
27799,0.17848028
27800,0.091979004
27801,0.013401707
27802,0.044502217
27803,0.14069815
27804,0.984944
27805,0.3199947
27806,0.74510497
27807,0.26485166
27808,0.2626349
27809,0.14236398
27810,0.25559807
27811,0.052160278
27812,0.015767472
27813,0.0164219
27814,0.03035313
27815,0.023571132
27816,0.10283518
27817,0.13820179
27818,0.080618896
27819,0.28947544
27820,0.020611122
27821,0.056592345
27822,0.3819774
27823,0.030633995
27824,0.121840134
27825,0.22964396
27826,0.03792916
27827,0.013401707
27828,0.16789268
27829,0.17326213
27830,0.1026915
27831,0.20017342
27832,0.023094133
27833,0.10579109
27834,0.077148214
27835,0.029407535
27836,0.16052428
27837,0.11024323
27838,0.033177346
27839,0.01827546
27840,0.0149907395
27841,0.1789054
27842,0.014335088
27843,0.14585476
27844,0.02529534
27845,0.12901317
27846,0.03962005
27847,0.04128258
27848,0.015262762
27849,0.058224384
27850,0.16747713
27851,0.39250818
27852,0.65349996
27853,0.12803185
27854,0.022374505
27855,0.040988393
27856,0.060391173
27857,0.16796297
27858,0.014769829
27859,0.025414297
27860,0.01579805
27861,0.03201991
27862,0.017670296
27863,0.015072979
27864,0.018064722
27865,0.09254582
27866,0.101272464
27867,0.4399795
27868,0.01561072
27869,0.015339944
27870,0.033420425
27871,0.06418421
27872,0.114862375
27873,0.4346922
27874,0.13119523
27875,0.016682632
27876,0.0222233
27877,0.24202496
27878,0.03452481
27879,0.022121353
27880,0.09623744
27881,0.15379171
27882,0.050303236
27883,0.014729471
27884,0.019046962
27885,0.014494062
27886,0.19507374
27887,0.024919044
27888,0.033232223
27889,0.12215739
27890,0.08661152
27891,0.041571252
27892,0.017480336
27893,0.02891606
27894,0.051027566
27895,0.40323317
27896,0.045263782
27897,0.03332891
27898,0.05108345
27899,0.034094032
27900,0.053359784
27901,0.19046843
27902,0.07474413
27903,0.20455605
27904,0.08622293
27905,0.024384864
27906,0.014953286
27907,0.053243186
27908,0.07194247
27909,0.025363488
27910,0.3428076
27911,0.06628084
27912,0.016738618
27913,0.25848204
27914,0.01808601
27915,0.06688316
27916,0.08284265
27917,0.014088917
27918,0.27521083
27919,0.6240775
27920,0.11577921
27921,0.074599706
27922,0.015968794
27923,0.12504376
27924,0.04384193
27925,0.06289801
27926,0.1507861
27927,0.17208706
27928,0.096016936
27929,1.0
27930,0.017462606
27931,0.120170675
27932,0.09941639
27933,0.06353577
27934,0.029114308
27935,0.032949284
27936,0.09735168
27937,0.29004434
27938,0.07680675
27939,0.25256038
27940,0.023372376
27941,0.01602716
27942,0.07512966
27943,0.015147379
27944,0.027123284
27945,0.08769098
27946,0.050890747
27947,0.028742563
27948,0.051500246
27949,0.05625838
27950,0.026825015
27951,0.01956174
27952,0.091106966
27953,0.18230517
27954,0.031537767
27955,0.042361505
27956,0.015968794
27957,0.024694111
27958,0.08207542
27959,0.11186056
27960,0.036339853
27961,0.9780896
27962,0.055299256
27963,0.1655481
27964,0.05963992
27965,0.06162091
27966,0.04866545
27967,0.047640912
27968,0.02598889
27969,0.017393898
27970,0.18990993
27971,0.041655283
27972,0.013564889
27973,0.014769829
27974,0.03989657
27975,0.18638715
27976,0.026442286
27977,0.014729471
27978,0.11815739
27979,0.038584758
27980,0.024636613
27981,0.0465971
27982,0.41983044
27983,0.02239705
27984,0.017300729
27985,0.013401707
27986,0.0149639165
27987,0.053792376
27988,0.02966675
27989,0.26066247
27990,0.07067061
27991,0.015601175
27992,0.016531775
27993,0.014709973
27994,0.059726935
27995,0.2587274
27996,0.109247565
27997,0.08076395
27998,0.06851645
27999,0.05811149
28000,0.04808975
28001,0.033531476
28002,0.07972011
28003,0.19296765
28004,0.25800157
28005,0.033751756
28006,0.016196596
28007,0.014769829
28008,0.014892651
28009,0.024170611
28010,0.024625614
28011,0.016531775
28012,0.016218945
28013,0.021483667
28014,0.042743757
28015,0.0497887
28016,0.107048646
28017,0.014494062
28018,0.13527827
28019,0.014088917
28020,0.38870764
28021,0.014335088
28022,0.014729471
28023,0.035310347
28024,0.017489603
28025,0.01736449
28026,0.029879577
28027,0.028608255
28028,0.0153638655
28029,0.013401707
28030,0.016045738
28031,0.014088917
28032,0.013812183
28033,0.109231286
28034,0.029776935
28035,0.030159187
28036,0.051034126
28037,0.022752134
28038,0.016311007
28039,0.014593893
28040,0.13913447
28041,0.04560237
28042,0.042974476
28043,0.013715749
28044,0.014335088
28045,0.02579155
28046,0.014494062
28047,0.11199597
28048,0.01561072
28049,0.065492906
28050,0.019375412
28051,0.019276282
28052,0.44070306
28053,0.05833006
28054,0.10031549
28055,0.07497113
28056,0.06999299
28057,0.032460377
28058,0.014729471
28059,0.13733682
28060,0.019840008
28061,0.09423052
28062,0.25802365
28063,0.021499138
28064,0.036346104
28065,0.040815916
28066,0.023662591
28067,0.01511881
28068,0.014729471
28069,0.04607088
28070,0.017047703
28071,0.014729471
28072,0.11954158
28073,0.072151504
28074,0.024021884
28075,0.26170716
28076,0.02975937
28077,0.01896976
28078,0.025966894
28079,0.017157855
28080,0.018119393
28081,0.058983434
28082,0.018632494
28083,0.015339944
28084,0.03741214
28085,0.034708273
28086,0.014494062
28087,0.03925636
28088,0.30194315
28089,0.19341654
28090,0.014088917
28091,0.031586114
28092,0.103115916
28093,0.018668998
28094,0.03014168
28095,0.037107166
28096,0.02168391
28097,0.032780938
28098,0.05703098
28099,0.01467839
28100,0.084643036
28101,0.030728737
28102,0.03255629
28103,0.06050518
28104,0.058950096
28105,0.014436716
28106,0.022874918
28107,0.024920404
28108,0.2197235
28109,0.0369874
28110,0.12041774
28111,0.2347239
28112,0.28056186
28113,0.02061089
28114,0.02408571
28115,0.032543264
28116,0.24707264
28117,0.115168974
28118,0.25192553
28119,0.14267634
28120,0.1949673
28121,0.038295373
28122,0.14044875
28123,0.04637724
28124,0.027181858
28125,0.014599897
28126,0.2183176
28127,0.026307188
28128,0.67898667
28129,0.21576096
28130,0.041313477
28131,0.03493833
28132,0.057567813
28133,0.052852444
28134,0.015272428
28135,0.025188792
28136,0.06604494
28137,0.032341253
28138,0.014742373
28139,0.015954299
28140,0.11081251
28141,0.19757122
28142,0.6308246
28143,0.61884564
28144,0.035233647
28145,0.05999534
28146,0.024460515
28147,0.08430068
28148,0.15675792
28149,0.09629131
28150,0.07420162
28151,0.08029617
28152,0.07500117
28153,0.027792886
28154,0.45990768
28155,0.14790274
28156,0.14524741
28157,0.5803263
28158,0.05567199
28159,0.021415109
28160,0.6149676
28161,0.023219349
28162,0.07459361
28163,0.71353376
28164,0.12698697
28165,0.05866006
28166,0.04123043
28167,0.0738419
28168,0.0801151
28169,0.08281112
28170,0.08973479
28171,0.029203719
28172,0.0322885
28173,0.11877092
28174,0.24033554
28175,0.043953024
28176,0.041957524
28177,0.057664793
28178,0.12242452
28179,0.15073773
28180,0.031508178
28181,0.035550293
28182,0.029542187
28183,0.04489246
28184,0.02249729
28185,0.048073936
28186,0.1379378
28187,0.045027543
28188,0.24985622
28189,0.02152148
28190,0.02558448
28191,0.04056093
28192,0.022585753
28193,0.022526808
28194,0.016765174
28195,0.5105461
28196,0.19177009
28197,0.07403446
28198,0.15792719
28199,0.33952314
28200,0.122437336
28201,0.07172241
28202,0.016765174
28203,0.05962873
28204,0.01467839
28205,0.05946894
28206,0.06517817
28207,0.08609567
28208,0.17381218
28209,0.44955018
28210,0.22579023
28211,0.0520507
28212,0.014243649
28213,0.04001053
28214,0.021392228
28215,0.033103313
28216,0.39727283
28217,0.017495407
28218,0.06498157
28219,0.014402623
28220,0.061705388
28221,0.10083619
28222,0.024460515
28223,0.15315464
28224,0.5453319
28225,0.050445754
28226,0.23579758
28227,0.02966793
28228,0.018468698
28229,0.09385114
28230,0.07630696
28231,0.024655597
28232,0.16391091
28233,0.190108
28234,0.14843766
28235,0.10349256
28236,0.08984827
28237,0.036151808
28238,0.03688856
28239,0.036813755
28240,0.13618405
28241,0.06342664
28242,0.2833067
28243,0.020831231
28244,0.04269601
28245,0.035856877
28246,0.029884081
28247,0.02154558
28248,0.036492843
28249,0.048293926
28250,0.028381784
28251,0.043995168
28252,0.2265179
28253,0.4055588
28254,0.076744564
28255,0.05633048
28256,0.027974583
28257,0.105287865
28258,0.07329995
28259,0.014742373
28260,0.053160146
28261,0.016440336
28262,0.016634421
28263,0.028070698
28264,0.17801899
28265,0.029028628
28266,0.030005768
28267,0.041742884
28268,0.013702102
28269,0.12018212
28270,0.073097534
28271,0.3002643
28272,0.29267412
28273,0.31501865
28274,0.060674686
28275,0.044821445
28276,0.017734943
28277,0.06965568
28278,0.045471296
28279,0.18128027
28280,0.079682134
28281,0.5885423
28282,0.11540817
28283,0.0265795
28284,0.015090499
28285,0.11494815
28286,0.1167957
28287,0.03509087
28288,0.019193273
28289,0.014226129
28290,0.015090499
28291,0.07088064
28292,0.02280134
28293,0.022574376
28294,0.10544273
28295,0.052650105
28296,0.104615666
28297,0.06678368
28298,0.1290803
28299,0.17621873
28300,0.42879367
28301,0.06311059
28302,0.028266722
28303,0.095953494
28304,0.04619398
28305,0.10822226
28306,0.06388353
28307,0.13016549
28308,0.034417234
28309,0.10119452
28310,0.03352466
28311,0.054209527
28312,0.027949791
28313,0.016668988
28314,0.018495783
28315,0.15388273
28316,0.014950055
28317,0.025929552
28318,0.10428087
28319,0.03151865
28320,0.03490665
28321,0.04176784
28322,0.08465884
28323,0.08332848
28324,0.119846754
28325,0.11916737
28326,0.3237672
28327,0.17938867
28328,0.2611727
28329,0.014907042
28330,0.105950914
28331,0.054505177
28332,0.041363657
28333,0.09616408
28334,0.027522959
28335,0.0218199
28336,0.08627544
28337,0.09072693
28338,0.057952825
28339,0.06841296
28340,0.024253786
28341,0.05432614
28342,0.015900902
28343,0.1193335
28344,0.018058436
28345,0.048100766
28346,0.14082211
28347,0.057356913
28348,0.24223192
28349,0.46911287
28350,0.1249787
28351,0.14409691
28352,0.05701976
28353,0.105570495
28354,0.07586221
28355,0.09904174
28356,0.07442056
28357,0.022062922
28358,0.02209066
28359,0.42446437
28360,0.08376789
28361,0.08125439
28362,0.048496604
28363,0.05883097
28364,0.018253716
28365,0.018903213
28366,0.02383137
28367,0.029734997
28368,0.040103626
28369,0.4659384
28370,0.061418593
28371,0.054923613
28372,0.11600586
28373,0.670489
28374,0.0732928
28375,0.020248896
28376,0.30944118
28377,0.09062484
28378,0.1502903
28379,0.28271464
28380,0.09965066
28381,0.0705698
28382,0.04704684
28383,0.113171674
28384,0.13277681
28385,0.1839148
28386,0.055511378
28387,0.14784214
28388,0.084598936
28389,0.08291186
28390,0.014907042
28391,0.018810058
28392,0.023079474
28393,0.05896609
28394,0.08861426
28395,0.01714112
28396,0.12529685
28397,0.12916884
28398,0.34552372
28399,0.11307477
28400,0.037447996
28401,0.1205559
28402,0.16987601
28403,0.36465687
28404,0.05774813
28405,0.06759755
28406,0.034396876
28407,0.06965469
28408,0.6183694
28409,0.033173732
28410,0.093364835
28411,0.40738887
28412,0.23173885
28413,0.017290672
28414,0.057444688
28415,0.054028664
28416,0.33156985
28417,0.3290328
28418,0.014631275
28419,0.088250145
28420,0.07208935
28421,0.12964793
28422,0.12858854
28423,0.11910658
28424,0.12825668
28425,0.35712212
28426,0.119197026
28427,0.018319521
28428,0.0532807
28429,0.1047775
28430,0.08174287
28431,0.229554
28432,0.8267847
28433,0.03465464
28434,0.41198313
28435,0.01633381
28436,0.07480229
28437,0.25795746
28438,0.01747829
28439,0.06495343
28440,0.08901572
28441,0.01769846
28442,0.05242001
28443,0.013538919
28444,0.6151286
28445,0.039119974
28446,0.09368342
28447,0.26255393
28448,0.1118083
28449,0.255504
28450,0.36338428
28451,0.4303606
28452,0.25721532
28453,0.1677488
28454,0.109009854
28455,0.9821128
28456,0.45771447
28457,0.47546855
28458,0.013702102
28459,0.02494709
28460,0.25742432
28461,0.07583273
28462,0.022420187
28463,0.029251521
28464,0.018149048
28465,0.0542326
28466,0.013702102
28467,0.014074203
28468,0.014680038
28469,0.028507106
28470,0.089604124
28471,0.098302186
28472,0.099772185
28473,0.10794922
28474,0.121709906
28475,0.24070291
28476,0.17365861
28477,0.03987254
28478,0.11005342
28479,0.28345993
28480,0.01625587
28481,0.04441344
28482,0.9773594
28483,0.9433611
28484,0.8407331
28485,0.013702102
28486,0.021097234
28487,0.03963722
28488,0.14841916
28489,0.4736842
28490,0.11867894
28491,0.017111456
28492,0.06378746
28493,0.02849951
28494,0.013949396
28495,0.01463431
28496,0.05005653
28497,0.062516056
28498,0.052043457
28499,0.014226129
28500,0.45571133
28501,0.016281221
28502,0.030365217
28503,0.1210441
28504,0.111606866
28505,0.050628625
28506,0.05508266
28507,0.2555786
28508,0.13951078
28509,0.024329042
28510,0.14979917
28511,0.10665914
28512,0.1044594
28513,0.9832719
28514,0.84645486
28515,0.7536739
28516,0.015090499
28517,0.04120771
28518,0.023599382
28519,0.45726746
28520,0.110485844
28521,0.2798847
28522,0.04097284
28523,0.113592535
28524,0.03449523
28525,0.15913068
28526,0.11790674
28527,0.13929719
28528,0.19377097
28529,0.5113954
28530,0.57805794
28531,0.1563402
28532,0.14005177
28533,0.111120395
28534,0.057384145
28535,0.124985375
28536,0.077832
28537,0.050128084
28538,0.11084009
28539,0.18721701
28540,0.089549586
28541,0.09160663
28542,0.023707487
28543,0.9800377
28544,1.0
28545,0.96725965
28546,0.12523344
28547,0.042572636
28548,0.15474375
28549,0.014907042
28550,0.4487665
28551,0.021912564
28552,0.015399975
28553,0.026519984
28554,0.03556456
28555,0.03637787
28556,0.09268338
28557,0.058538657
28558,0.3785623
28559,0.98609626
28560,0.062214073
28561,0.112331554
28562,0.0930046
28563,0.1670767
28564,0.061270244
28565,0.31135395
28566,0.24017975
28567,0.03570518
28568,0.13061543
28569,0.11283199
28570,0.11013478
28571,0.033740405
28572,0.26156926
28573,0.4003256
28574,0.21245165
28575,0.08457236
28576,0.022299506
28577,0.084765434
28578,0.014631275
28579,0.08200294
28580,0.25734416
28581,0.049370144
28582,0.062138986
28583,0.043933842
28584,0.05602901
28585,0.3242905
28586,0.8075527
28587,0.262678
28588,0.25695643
28589,0.120300956
28590,0.17003773
28591,0.16205694
28592,0.6318863
28593,0.05277293
28594,0.04193743
28595,0.041180637
28596,0.029913682
28597,0.21552558
28598,0.11906142
28599,0.25040144
28600,0.38978043
28601,0.26387784
28602,0.2026988
28603,1.0
28604,0.116977386
28605,0.016281221
28606,0.1375613
28607,0.2576496
28608,0.01888139
28609,0.042677846
28610,0.263844
28611,0.05920967
28612,0.030950103
28613,0.053388286
28614,0.04291861
28615,0.12640616
28616,0.4312086
28617,0.26947108
28618,0.26685008
28619,0.26736736
28620,0.14600536
28621,0.12120226
28622,0.2575142
28623,0.029092034
28624,0.17743845
28625,0.087690935
28626,0.04391186
28627,0.6205083
28628,0.25865483
28629,0.08449818
28630,0.6642721
28631,0.3931922
28632,0.013538919
28633,0.083473444
28634,0.12666398
28635,0.095138595
28636,0.03307081
28637,0.014631275
28638,0.022521215
28639,0.024677567
28640,0.053570975
28641,0.09569162
28642,0.099327765
28643,0.12109507
28644,0.4375882
28645,0.7300421
28646,0.45697984
28647,0.40341425
28648,0.49479404
28649,0.11051392
28650,0.082404055
28651,0.07750338
28652,0.1529998
28653,0.2646215
28654,0.07172097
28655,0.025347395
28656,0.07972357
28657,0.13981105
28658,0.017111456
28659,0.09632315
28660,0.021591023
28661,0.016182952
28662,0.03678487
28663,0.018531606
28664,0.013538919
28665,0.037987836
28666,0.058184575
28667,0.051331952
28668,0.074226335
28669,0.31104076
28670,0.1318625
28671,0.28684944
28672,0.7375967
28673,0.72796637
28674,0.24683218
28675,0.17402299
28676,0.077656105
28677,0.11718694
28678,0.04061125
28679,0.014472301
28680,0.044524673
28681,0.97848743
28682,0.04236946
28683,0.016492339
28684,0.102981195
28685,0.06246073
28686,0.19013347
28687,0.029349284
28688,0.07177011
28689,0.016010448
28690,0.035376795
28691,0.036951467
28692,0.093964376
28693,0.10795045
28694,0.6692607
28695,0.37976852
28696,0.19986725
28697,0.993361
28698,0.40225708
28699,0.4801476
28700,0.1400209
28701,0.040551726
28702,0.027522666
28703,0.060420968
28704,0.04454527
28705,0.028833296
28706,0.11236135
28707,0.47521585
28708,0.090491615
28709,0.36562857
28710,0.019770421
28711,0.09703099
28712,0.11488863
28713,0.12988536
28714,0.19588073
28715,0.044347327
28716,0.023658438
28717,0.041976213
28718,0.1294942
28719,0.9856626
28720,0.32876727
28721,0.74157274
28722,0.40372393
28723,0.2616502
28724,0.16864689
28725,0.24810408
28726,0.019660352
28727,0.014631275
28728,0.023963401
28729,0.022779174
28730,0.12260735
28731,0.11485357
28732,0.08128838
28733,0.38680413
28734,0.021729365
28735,0.056913882
28736,0.38680413
28737,0.029244358
28738,0.01520395
28739,0.014226129
28740,0.12687878
28741,0.25667718
28742,0.030773014
28743,0.013538919
28744,0.15654911
28745,0.2266378
28746,0.09409238
28747,0.11289516
28748,0.15454574
28749,0.10360352
28750,0.030070215
28751,0.15185432
28752,0.15161327
28753,0.02928008
28754,0.018343313
28755,0.015399975
28756,0.11737636
28757,0.15559763
28758,0.025804646
28759,0.12935477
28760,0.04117733
28761,0.042577755
28762,0.047396574
28763,0.18215977
28764,0.37954858
28765,0.61736166
28766,0.13065664
28767,0.0153653445
28768,0.022511719
28769,0.04062856
28770,0.016281221
28771,0.08254163
28772,0.1535839
28773,0.014907042
28774,0.019558482
28775,0.015848061
28776,0.032585073
28777,0.018319521
28778,0.014573865
28779,0.023991339
28780,0.08998605
28781,0.10347155
28782,0.43591008
28783,0.01550108
28784,0.04806326
28785,0.06663941
28786,0.123219915
28787,0.43716756
28788,0.12313132
28789,0.015200175
28790,0.23263279
28791,0.01520395
28792,0.033743072
28793,0.016182952
28794,0.09869475
28795,0.22234014
28796,0.08818691
28797,0.014907042
28798,0.019184176
28799,0.015477156
28800,0.2118366
28801,0.031474847
28802,0.015747938
28803,0.036015343
28804,0.12814201
28805,0.07572225
28806,0.043453142
28807,0.018492218
28808,0.029216457
28809,0.062416136
28810,0.414928
28811,0.043815278
28812,0.019953823
28813,0.041962046
28814,0.034309432
28815,0.061463088
28816,0.25986034
28817,0.074486665
28818,0.19400114
28819,0.094606385
28820,0.0389766
28821,0.015090499
28822,0.04717427
28823,0.050129022
28824,0.047152523
28825,0.31919095
28826,0.06543294
28827,0.016875831
28828,0.2539997
28829,0.017388426
28830,0.072442815
28831,0.07398562
28832,0.01463431
28833,0.47415248
28834,0.6305193
28835,0.112212405
28836,0.079003744
28837,0.017305542
28838,0.107561216
28839,0.061985247
28840,0.05700385
28841,0.120339416
28842,0.12747747
28843,0.096511014
28844,0.9960019
28845,0.12337942
28846,0.015477156
28847,0.07254284
28848,0.05909411
28849,0.01623482
28850,0.03318473
28851,0.09704757
28852,0.4433547
28853,0.068433955
28854,0.25586015
28855,0.022517141
28856,0.01623482
28857,0.08046898
28858,0.014866684
28859,0.026725218
28860,0.093158275
28861,0.038222007
28862,0.041959073
28863,0.063214175
28864,0.05278159
28865,0.06147606
28866,0.020139277
28867,0.01655131
28868,0.080368586
28869,0.015956838
28870,0.1434211
28871,0.031592745
28872,0.037008762
28873,0.02442085
28874,0.080942824
28875,0.10138338
28876,0.019458493
28877,0.035836812
28878,0.97880816
28879,0.059389718
28880,0.117799714
28881,0.041679062
28882,0.032045316
28883,0.047074735
28884,0.047014058
28885,0.01550108
28886,0.017936258
28887,0.26371008
28888,0.041288976
28889,0.017389346
28890,0.055263977
28891,0.11175045
28892,0.019375525
28893,0.014631275
28894,0.13426626
28895,0.03310308
28896,0.019284928
28897,0.06500677
28898,0.3998668
28899,0.021366935
28900,0.015747938
28901,0.014226129
28902,0.020070853
28903,0.05411898
28904,0.028874803
28905,0.252265
28906,0.08803464
28907,0.015477156
28908,0.015090499
28909,0.07535012
28910,0.13788684
28911,0.10942483
28912,0.059627358
28913,0.056579363
28914,0.057225574
28915,0.047750533
28916,0.06569503
28917,0.1950308
28918,0.19435452
28919,0.013702102
28920,0.033040177
28921,0.026699677
28922,0.014907042
28923,0.014631275
28924,0.044539724
28925,0.016282702
28926,0.01588078
28927,0.026104193
28928,0.037045226
28929,0.050137434
28930,0.14371148
28931,0.013538919
28932,0.13741973
28933,0.29973787
28934,0.014631275
28935,0.030125804
28936,0.015256023
28937,0.03575105
28938,0.014074203
28939,0.026619054
28940,0.030562265
28941,0.015738389
28942,0.015911596
28943,0.014226129
28944,0.12577598
28945,0.014420217
28946,0.026873447
28947,0.03145937
28948,0.01633381
28949,0.042379897
28950,0.017144684
28951,0.013702102
28952,0.02083391
28953,0.014866684
28954,0.10582883
28955,0.040232446
28956,0.04430331
28957,0.025985226
28958,0.017111456
28959,0.111901455
28960,0.015904685
28961,0.06464501
28962,0.014472301
28963,0.45936644
28964,0.061746925
28965,0.09679763
28966,0.12329135
28967,0.015747938
28968,0.013538919
28969,0.079717025
28970,0.029908534
28971,0.014631275
28972,0.10973333
28973,0.15724613
28974,0.15585274
28975,0.015959056
28976,0.029251521
28977,0.0406002
28978,0.044208553
28979,0.02222905
28980,0.022231411
28981,0.017741816
28982,0.041300185
28983,0.018035185
28984,0.09376063
28985,0.093655065
28986,0.030418828
28987,0.19854622
28988,0.026540197
28989,0.01634232
28990,0.013538919
28991,0.02404798
28992,0.058120653
28993,0.033122346
28994,0.014631275
28995,0.017427947
28996,0.02777336
28997,0.3085372
28998,0.25605205
28999,0.042007696
29000,0.10202426
29001,0.018689869
29002,0.021855408
29003,0.031975146
29004,0.035585325
29005,0.048702177
29006,0.027294306
29007,0.027791698
29008,0.03699989
29009,0.03146934
29010,0.03660553
29011,0.080842935
29012,0.0380628
29013,0.036159072
29014,0.023606427
29015,0.24692708
29016,0.035479978
29017,0.07339844
29018,0.24571185
29019,0.3040726
29020,0.031059708
29021,0.24688919
29022,0.14346617
29023,0.3825413
29024,0.08489267
29025,0.14334561
29026,0.04388168
29027,0.16081357
29028,0.015954299
29029,0.01347345
29030,0.041469853
29031,0.019347891
29032,0.07957229
29033,0.025928987
29034,0.6170656
29035,0.19897382
29036,0.03778422
29037,0.044704985
29038,0.24618372
29039,0.05550284
29040,0.015272428
29041,0.058563467
29042,0.035948746
29043,0.071986824
29044,0.24055031
29045,0.6027034
29046,0.57421094
29047,0.03557087
29048,0.024460515
29049,0.13884565
29050,0.2590683
29051,0.02094291
29052,0.060227357
29053,0.046475813
29054,0.08457508
29055,0.061378203
29056,0.46229702
29057,0.1377177
29058,0.24990307
29059,0.56248796
29060,0.14682253
29061,0.021415109
29062,0.59931767
29063,0.07419894
29064,0.4805625
29065,0.08726947
29066,0.091653176
29067,0.03339181
29068,0.0706086
29069,0.060307093
29070,0.078310356
29071,0.23983847
29072,0.030077463
29073,0.068195306
29074,0.056296643
29075,0.23644991
29076,0.040859334
29077,0.039421495
29078,0.0559458
29079,0.098229505
29080,0.11321481
29081,0.03489408
29082,0.029399993
29083,0.045182467
29084,0.17999555
29085,0.054882478
29086,0.39399377
29087,0.03983258
29088,0.049588915
29089,0.014721403
29090,0.014191565
29091,0.015676033
29092,0.47939524
29093,0.1532684
29094,0.057296038
29095,0.4247633
29096,0.43161818
29097,0.10562279
29098,0.048758775
29099,0.015272428
29100,0.01826713
29101,0.01347345
29102,0.05962873
29103,0.023338856
29104,0.090507865
29105,0.06517817
29106,0.0701107
29107,0.15553768
29108,0.32074317
29109,0.21977292
29110,0.053566523
29111,0.027673049
29112,0.034858964
29113,0.3784685
29114,0.017495407
29115,0.05056626
29116,0.050775796
29117,0.041484915
29118,0.15195644
29119,0.56273913
29120,0.013720744
29121,0.050406713
29122,0.12271741
29123,0.01774834
29124,0.023474531
29125,0.048887912
29126,0.070841104
29127,0.014436716
29128,0.10616128
29129,0.17121549
29130,0.093032874
29131,0.09239162
29132,0.09037472
29133,0.03955743
29134,0.046993684
29135,0.038941935
29136,0.15115058
29137,0.058799054
29138,0.14385508
29139,0.016214214
29140,0.036367957
29141,0.03697473
29142,0.037476186
29143,0.02040711
29144,0.040497575
29145,0.049261756
29146,0.026174681
29147,0.04748395
29148,0.4860025
29149,0.2603658
29150,0.0329734
29151,0.060920566
29152,0.025732374
29153,0.105287865
29154,0.08671983
29155,0.016994732
29156,0.060688403
29157,0.016440336
29158,0.014721403
29159,0.16983575
29160,0.033478655
29161,0.030263238
29162,0.045960043
29163,0.013702102
29164,0.12336497
29165,0.09019479
29166,0.29682115
29167,0.3068641
29168,0.31834376
29169,0.066749826
29170,0.046559744
29171,0.019219866
29172,0.0620044
29173,0.044886142
29174,0.25674
29175,0.064019494
29176,0.6145462
29177,0.11789397
29178,0.019691376
29179,0.111484535
29180,0.08725574
29181,0.077232346
29182,0.019193273
29183,0.014226129
29184,0.0668955
29185,0.028378565
29186,0.014907042
29187,0.021999193
29188,0.034210373
29189,0.10731053
29190,0.050969604
29191,0.1238703
29192,0.06951568
29193,0.117262974
29194,0.29940096
29195,0.40521184
29196,0.06273781
29197,0.029786222
29198,0.09503609
29199,0.05783928
29200,0.022431556
29201,0.08940445
29202,0.09079305
29203,0.14449964
29204,0.033399954
29205,0.106648415
29206,0.031242657
29207,0.054209527
29208,0.027252905
29209,0.018495783
29210,0.12675571
29211,0.014631275
29212,0.025242344
29213,0.12853365
29214,0.04600605
29215,0.014631275
29216,0.028069332
29217,0.04293934
29218,0.082971916
29219,0.10130578
29220,0.12901427
29221,0.11621874
29222,0.3212205
29223,0.20335382
29224,0.26213017
29225,0.014907042
29226,0.101960324
29227,0.06715969
29228,0.035451353
29229,0.0991128
29230,0.027522959
29231,0.030285532
29232,0.06851054
29233,0.08535775
29234,0.08180518
29235,0.022627108
29236,0.053066343
29237,0.01573772
29238,0.05707983
29239,0.12249589
29240,0.047596525
29241,0.14348046
29242,0.056239698
29243,0.12396705
29244,0.50036895
29245,0.1430781
29246,0.12802494
29247,0.05685318
29248,0.09976141
29249,0.08380419
29250,0.1028456
29251,0.057582647
29252,0.014665368
29253,0.017285287
29254,0.42434707
29255,0.07759913
29256,0.07541831
29257,0.047221035
29258,0.06823767
29259,0.018253716
29260,0.032043073
29261,0.022162605
29262,0.044851515
29263,0.34174097
29264,0.07210794
29265,0.058902156
29266,0.11842598
29267,0.67092353
29268,0.0778958
29269,0.027746212
29270,0.28375477
29271,0.06644657
29272,0.22188154
29273,0.33286238
29274,0.08336566
29275,0.033212658
29276,0.06476002
29277,0.13046226
29278,0.1572183
29279,0.15687421
29280,0.061893895
29281,0.20788717
29282,0.07238378
29283,0.08033
29284,0.014907042
29285,0.018626602
29286,0.023742076
29287,0.06766266
29288,0.08507761
29289,0.016990263
29290,0.12151895
29291,0.13283975
29292,0.2597499
29293,0.10504939
29294,0.036760796
29295,0.11917164
29296,0.17245503
29297,0.3687805
29298,0.058555067
29299,0.05483225
29300,0.02064319
29301,0.09061793
29302,0.58250135
29303,0.03117981
29304,0.10317001
29305,0.40787122
29306,0.21994978
29307,0.02269457
29308,0.055300493
29309,0.053983774
29310,0.33279407
29311,0.3084959
29312,0.014631275
29313,0.08692337
29314,0.07791381
29315,0.12333814
29316,0.122384295
29317,0.13005589
29318,0.14724137
29319,0.35782856
29320,0.11260755
29321,0.01695156
29322,0.07868602
29323,0.10144904
29324,0.052497715
29325,0.2264348
29326,0.9734738
29327,0.035238333
29328,0.41267338
29329,0.01550108
29330,0.07075668
29331,0.25965977
29332,0.01747829
29333,0.050623983
29334,0.08867284
29335,0.017082427
29336,0.06351654
29337,0.013538919
29338,0.62361264
29339,0.03969585
29340,0.08892646
29341,0.33580303
29342,0.12249604
29343,0.25945997
29344,0.3665459
29345,0.41142008
29346,0.24947006
29347,0.14477466
29348,0.12860668
29349,0.9735756
29350,0.44937128
29351,0.46879023
29352,0.028995875
29353,0.25068757
29354,0.052344933
29355,0.021912564
29356,0.033212658
29357,0.017305542
29358,0.054722
29359,0.013702102
29360,0.013949396
29361,0.046123557
29362,0.089604124
29363,0.09812608
29364,0.10090527
29365,0.11105585
29366,0.1312923
29367,0.24415185
29368,0.29419836
29369,0.03280973
29370,0.13809316
29371,0.28345993
29372,0.019576544
29373,0.047503036
29374,0.9773594
29375,0.9825123
29376,0.7271747
29377,0.013702102
29378,0.021474978
29379,0.016281221
29380,0.09968807
29381,0.45995343
29382,0.09593082
29383,0.016281221
29384,0.064163856
29385,0.054873016
29386,0.0714271
29387,0.054602187
29388,0.014226129
29389,0.4545334
29390,0.015904685
29391,0.027107038
29392,0.11720905
29393,0.12065272
29394,0.050628625
29395,0.05306902
29396,0.31784377
29397,0.13882844
29398,0.040196527
29399,0.14783685
29400,0.13308688
29401,0.12879603
29402,0.9832719
29403,0.84645486
29404,0.72550637
29405,0.015090499
29406,0.041659378
29407,0.024818331
29408,0.020415716
29409,0.438358
29410,0.08832432
29411,0.26022178
29412,0.041240826
29413,0.11377975
29414,0.022557598
29415,0.17341538
29416,0.116566144
29417,0.122836195
29418,0.18912405
29419,0.50945336
29420,0.59474975
29421,0.19452251
29422,0.120862514
29423,0.092686646
29424,0.053712565
29425,0.121789396
29426,0.062623255
29427,0.04795905
29428,0.01879087
29429,0.19988406
29430,0.1893953
29431,0.08706358
29432,0.09234291
29433,0.023391852
29434,0.9800377
29435,1.0
29436,0.9659524
29437,0.12877518
29438,0.040209472
29439,0.2587658
29440,0.4641635
29441,0.021912564
29442,0.014226129
29443,0.023999665
29444,0.054335296
29445,0.09828598
29446,0.048875723
29447,0.3785623
29448,0.98609626
29449,0.06270363
29450,0.11094607
29451,0.07743693
29452,0.13743493
29453,0.07017212
29454,0.28120703
29455,0.23443344
29456,0.029525556
29457,0.13249719
29458,0.1295574
29459,0.14337353
29460,0.03976821
29461,0.44366732
29462,0.39919013
29463,0.20795694
29464,0.08457236
29465,0.022462688
29466,0.09035153
29467,0.014631275
29468,0.07711939
29469,0.19462271
29470,0.05112886
29471,0.054041404
29472,0.018258423
29473,0.023489367
29474,0.03989155
29475,0.055838723
29476,0.3056609
29477,0.8028636
29478,0.2610347
29479,0.2598252
29480,0.116751775
29481,0.1465988
29482,0.11937664
29483,0.6783777
29484,0.051977113
29485,0.04936743
29486,0.034096863
29487,0.13098374
29488,0.15808177
29489,0.16787164
29490,0.58867556
29491,0.26891372
29492,0.1504758
29493,1.0
29494,0.12804556
29495,0.016281221
29496,0.15898108
29497,0.2567772
29498,0.01806499
29499,0.040733352
29500,0.43084103
29501,0.057940077
29502,0.030679334
29503,0.044649143
29504,0.04332618
29505,0.21659529
29506,0.41976926
29507,0.28197494
29508,0.48878968
29509,0.26876166
29510,0.13585944
29511,0.15183195
29512,0.36250246
29513,0.039812665
29514,0.14778765
29515,0.07799918
29516,0.04484347
29517,0.4699246
29518,0.2582532
29519,0.094947174
29520,0.6350495
29521,0.39901522
29522,0.08584378
29523,0.22561283
29524,0.102082685
29525,0.039284665
29526,0.014631275
29527,0.014226129
29528,0.024595328
29529,0.053676832
29530,0.0945307
29531,0.09601558
29532,0.12814268
29533,0.4450678
29534,0.7247085
29535,0.45335677
29536,0.40187
29537,0.49199882
29538,0.11948085
29539,0.07719209
29540,0.072753616
29541,0.19712432
29542,0.26024103
29543,0.06548731
29544,0.029900096
29545,0.0742094
29546,0.12991078
29547,0.026420925
29548,0.039578106
29549,0.12060496
29550,0.040502872
29551,0.035077702
29552,0.04058663
29553,0.059645016
29554,0.05225118
29555,0.067821406
29556,0.3269581
29557,0.21563062
29558,0.28455278
29559,0.7219981
29560,0.69740283
29561,0.2608239
29562,0.16870351
29563,0.041752808
29564,0.05165675
29565,0.12345332
29566,0.01594049
29567,0.014472301
29568,0.025456034
29569,0.9774872
29570,0.0440813
29571,0.040758174
29572,0.07895423
29573,0.10268265
29574,0.15959883
29575,0.029947914
29576,0.060712818
29577,0.017111456
29578,0.048441384
29579,0.017912466
29580,0.037426006
29581,0.0889082
29582,0.119222976
29583,0.7072543
29584,0.37802956
29585,0.21560027
29586,0.9910535
29587,0.40616977
29588,0.47852728
29589,0.18827944
29590,0.03252059
29591,0.05433183
29592,0.02561734
29593,0.07366216
29594,0.046561334
29595,0.041106526
29596,0.07294908
29597,0.46462077
29598,0.12302589
29599,0.37268913
29600,0.021883722
29601,0.09482117
29602,0.13360985
29603,0.11449993
29604,0.18422212
29605,0.044235088
29606,0.0225512
29607,0.04162325
29608,0.13278511
29609,0.9833551
29610,0.34403312
29611,0.7405419
29612,0.4040616
29613,0.4181159
29614,0.19382182
29615,0.21114586
29616,0.1134479
29617,0.019691553
29618,0.019660352
29619,0.014631275
29620,0.024129603
29621,0.15617235
29622,0.1340347
29623,0.152626
29624,0.39000812
29625,0.019089146
29626,0.05667726
29627,0.014631275
29628,0.38736975
29629,0.054195277
29630,0.12203668
29631,0.26108003
29632,0.027380336
29633,0.013538919
29634,0.17277971
29635,0.25071588
29636,0.08391893
29637,0.13486995
29638,0.1064228
29639,0.07896743
29640,0.036367115
29641,0.13736619
29642,0.13308077
29643,0.01462316
29644,0.14941376
29645,0.014226129
29646,0.09916123
29647,0.02928513
29648,0.025432553
29649,0.1322003
29650,0.039459962
29651,0.04223922
29652,0.045831446
29653,0.16761434
29654,0.26483685
29655,0.7147101
29656,0.09631183
29657,0.014907042
29658,0.022511719
29659,0.036686704
29660,0.06919705
29661,0.14091092
29662,0.014907042
29663,0.024755087
29664,0.026682328
29665,0.027275892
29666,0.01780751
29667,0.015399975
29668,0.020835966
29669,0.09251129
29670,0.13245128
29671,0.4381047
29672,0.027640665
29673,0.039335858
29674,0.064969756
29675,0.11090509
29676,0.4359768
29677,0.13438903
29678,0.015128051
29679,0.2026988
29680,0.01520395
29681,0.05586483
29682,0.016182952
29683,0.06406619
29684,0.25509843
29685,0.082519256
29686,0.014907042
29687,0.0272706
29688,0.015241362
29689,0.20123604
29690,0.01564034
29691,0.028497312
29692,0.13823135
29693,0.060418192
29694,0.04219662
29695,0.03310882
29696,0.030334864
29697,0.06040252
29698,0.414928
29699,0.045330234
29700,0.015738389
29701,0.029853141
29702,0.050731894
29703,0.035424728
29704,0.05350724
29705,0.25348517
29706,0.052821793
29707,0.18080924
29708,0.07966272
29709,0.025299914
29710,0.015747938
29711,0.07327728
29712,0.05738369
29713,0.046440337
29714,0.33163002
29715,0.06543294
29716,0.1267134
29717,0.017388426
29718,0.07261754
29719,0.10614756
29720,0.014731105
29721,0.26844564
29722,0.6610714
29723,0.11253942
29724,0.071850315
29725,0.015823478
29726,0.10513975
29727,0.05478729
29728,0.06236577
29729,0.14127627
29730,0.1351763
29731,0.11294014
29732,1.0
29733,0.06444092
29734,0.016993826
29735,0.08345639
29736,0.060106173
29737,0.033751868
29738,0.090669155
29739,0.45792738
29740,0.083712704
29741,0.252819
29742,0.024289668
29743,0.017738556
29744,0.08395713
29745,0.027500575
29746,0.0907029
29747,0.036618713
29748,0.035421368
29749,0.059118748
29750,0.08336607
29751,0.026814576
29752,0.085508734
29753,0.1319097
29754,0.03352329
29755,0.036736555
29756,0.027158061
29757,0.08430088
29758,0.110852405
29759,0.027656043
29760,0.061527785
29761,0.97780794
29762,0.04588569
29763,0.11431886
29764,0.04495207
29765,0.033745717
29766,0.047074735
29767,0.045420542
29768,0.015090499
29769,0.02267079
29770,0.4255855
29771,0.04165514
29772,0.013702102
29773,0.013538919
29774,0.014866684
29775,0.013949396
29776,0.017389346
29777,0.07072687
29778,0.11760733
29779,0.042925816
29780,0.014631275
29781,0.11277146
29782,0.031054877
29783,0.017734282
29784,0.08143321
29785,0.4136452
29786,0.017734282
29787,0.01623482
29788,0.013538919
29789,0.05216742
29790,0.013702102
29791,0.030097442
29792,0.17133918
29793,0.06686985
29794,0.01550108
29795,0.01550108
29796,0.06897017
29797,0.2570839
29798,0.10804194
29799,0.07203654
29800,0.05431733
29801,0.030852683
29802,0.07318591
29803,0.015959056
29804,0.06435466
29805,0.2602245
29806,0.29787406
29807,0.013702102
29808,0.031914365
29809,0.019352661
29810,0.014907042
29811,0.0152912345
29812,0.015418317
29813,0.02915536
29814,0.015538531
29815,0.016099246
29816,0.02748118
29817,0.03629093
29818,0.08988915
29819,0.11219846
29820,0.013538919
29821,0.16614789
29822,0.014226129
29823,0.28710172
29824,0.014226129
29825,0.017089866
29826,0.0287955
29827,0.015585739
29828,0.023382079
29829,0.022251884
29830,0.027035207
29831,0.017305542
29832,0.013538919
29833,0.014226129
29834,0.013949396
29835,0.08321052
29836,0.013538919
29837,0.032874737
29838,0.029283952
29839,0.022258567
29840,0.0421919
29841,0.029896583
29842,0.017465958
29843,0.013702102
29844,0.118582204
29845,0.041710068
29846,0.042733658
29847,0.013538919
29848,0.014472301
29849,0.030175257
29850,0.026540197
29851,0.110609934
29852,0.015904685
29853,0.06464501
29854,0.4811589
29855,0.059074543
29856,0.06768386
29857,0.07560666
29858,0.088474706
29859,0.038984235
29860,0.015695173
29861,0.13569935
29862,0.14233036
29863,0.14208944
29864,0.015747938
29865,0.03164667
29866,0.044072952
29867,0.023799805
29868,0.021766223
29869,0.047325745
29870,0.013949396
29871,0.09103933
29872,0.11989954
29873,0.32488272
29874,0.01602583
29875,0.026856683
29876,0.013538919
29877,0.016996428
29878,0.059357643
29879,0.036356043
29880,0.036204707
29881,0.017111456
29882,0.029979289
29883,0.015029863
29884,0.015090499
29885,0.024486693
29886,0.25551608
29887,0.2581409
29888,0.018852532
29889,0.09960039
29890,0.01602583
29891,0.014866684
29892,0.032024693
29893,0.04113613
29894,0.035147652
29895,0.039273627
29896,0.027241934
29897,0.02777048
29898,0.04108972
29899,0.032605838
29900,0.086982176
29901,0.03552141
29902,0.14744256
29903,0.036064807
29904,0.059888832
29905,0.26371896
29906,0.2891006
29907,0.039877903
29908,0.24757989
29909,0.058877483
29910,0.25143048
29911,0.065179266
29912,0.24415168
29913,0.043931227
29914,0.02235516
29915,0.15460001
29916,0.015354563
29917,0.048972957
29918,0.027270116
29919,0.24573813
29920,0.025978535
29921,0.72706085
29922,0.21728495
29923,0.032370724
29924,0.25131658
29925,0.017008808
29926,0.054859065
29927,0.04917915
29928,0.14104715
29929,0.24599844
29930,0.6246272
29931,0.6075215
29932,0.03538801
29933,0.055060245
29934,0.10897921
29935,0.17454815
29936,0.014100003
29937,0.016312936
29938,0.052721076
29939,0.046790026
29940,0.101470955
29941,0.07505072
29942,0.027775122
29943,0.4759422
29944,0.23364341
29945,0.37472177
29946,0.608831
29947,0.1450706
29948,0.6006309
29949,0.07352065
29950,0.25102094
29951,0.13546476
29952,0.09328514
29953,0.03086799
29954,0.06626206
29955,0.060474448
29956,0.14184958
29957,0.1482509
29958,0.027361207
29959,0.035152607
29960,0.050368294
29961,0.24636924
29962,0.03888928
29963,0.06078349
29964,0.07360002
29965,0.14279065
29966,0.03110065
29967,0.02983715
29968,0.022546839
29969,0.25029674
29970,0.05625364
29971,0.12406804
29972,0.039882127
29973,0.043165755
29974,0.014443137
29975,0.49242836
29976,0.09360309
29977,0.014047024
29978,0.060530096
29979,0.22757718
29980,0.33124977
29981,0.14867021
29982,0.052272443
29983,0.015024845
29984,0.014791919
29985,0.047990654
29986,0.01450947
29987,0.060520936
29988,0.05906374
29989,0.06810064
29990,0.062307563
29991,0.28183103
29992,0.27339357
29993,0.016932352
29994,0.21982247
29995,0.04260751
29996,0.027751531
29997,0.32869735
29998,0.03348959
29999,0.07930561
30000,0.01445217
30001,0.11922903
30002,0.0436047
30003,0.025267402
30004,0.19587144
30005,0.5882409
30006,0.16578534
30007,0.018074611
30008,0.015069817
30009,0.045684893
30010,0.07078548
30011,0.020805163
30012,0.02619531
30013,0.14711876
30014,0.15908086
30015,0.09873694
30016,0.09665824
30017,0.10998044
30018,0.013359814
30019,0.014727936
30020,0.035466302
30021,0.04323956
30022,0.05024423
30023,0.043834742
30024,0.1315219
30025,0.06933724
30026,0.15534392
30027,0.022390865
30028,0.03177295
30029,0.041434783
30030,0.031480175
30031,0.020036146
30032,0.02837452
30033,0.05687204
30034,0.020752855
30035,0.046509117
30036,0.604731
30037,0.40140608
30038,0.037055302
30039,0.055122837
30040,0.108723454
30041,0.11007723
30042,0.027250983
30043,0.05758429
30044,0.016489884
30045,0.015024845
30046,0.027685914
30047,0.24795617
30048,0.030700086
30049,0.034758758
30050,0.04427113
30051,0.14802133
30052,0.066213794
30053,0.195533
30054,0.20310311
30055,0.31767583
30056,0.09207635
30057,0.04416645
30058,0.016997794
30059,0.062212676
30060,0.060011953
30061,0.25131333
30062,0.096392855
30063,0.5914591
30064,0.103408486
30065,0.022239735
30066,0.11929064
30067,0.107572496
30068,0.034792826
30069,0.018922355
30070,0.017262239
30071,0.06981918
30072,0.024172088
30073,0.035034258
30074,0.03593878
30075,0.102413945
30076,0.05758362
30077,0.10876399
30078,0.07306794
30079,0.12083072
30080,0.33478314
30081,0.39703918
30082,0.05935626
30083,0.02253973
30084,0.09400782
30085,0.017523918
30086,0.04880079
30087,0.022892727
30088,0.12323472
30089,0.05553552
30090,0.11718547
30091,0.057184905
30092,0.094485946
30093,0.03129218
30094,0.040089972
30095,0.028978271
30096,0.016718537
30097,0.15569259
30098,0.015447589
30099,0.11289469
30100,0.028264029
30101,0.022218842
30102,0.029885514
30103,0.042461064
30104,0.078783385
30105,0.10953923
30106,0.16117793
30107,0.11239496
30108,0.3300517
30109,0.17688178
30110,0.25402147
30111,0.014878095
30112,0.100526564
30113,0.05370204
30114,0.037716407
30115,0.085503295
30116,0.01997237
30117,0.05677048
30118,0.03114947
30119,0.057557706
30120,0.08035057
30121,0.03432137
30122,0.05465943
30123,0.019842507
30124,0.10775681
30125,0.01792101
30126,0.061991308
30127,0.15521283
30128,0.05691081
30129,0.21589305
30130,0.50094706
30131,0.10980107
30132,0.12407147
30133,0.05626854
30134,0.09540793
30135,0.06925644
30136,0.09597564
30137,0.059867986
30138,0.01483168
30139,0.03209262
30140,0.26240015
30141,0.07788689
30142,0.08346098
30143,0.044777676
30144,0.060914457
30145,0.018303264
30146,0.019860758
30147,0.021206623
30148,0.04490106
30149,0.34067276
30150,0.07848958
30151,0.06381272
30152,0.120089896
30153,0.6602448
30154,0.072419286
30155,0.027367746
30156,0.19287813
30157,0.059262574
30158,0.2596
30159,0.33196053
30160,0.0848139
30161,0.04943597
30162,0.09275077
30163,0.10656863
30164,0.15626025
30165,0.034864448
30166,0.16338553
30167,0.083769985
30168,0.061742067
30169,0.01633077
30170,0.014956588
30171,0.018835578
30172,0.039157968
30173,0.08445917
30174,0.10378942
30175,0.016955512
30176,0.13000533
30177,0.139907
30178,0.26173502
30179,0.10641932
30180,0.040140588
30181,0.1362487
30182,0.1886767
30183,0.38509792
30184,0.07451257
30185,0.056699015
30186,0.022951055
30187,0.07606905
30188,0.6216358
30189,0.034768168
30190,0.09314448
30191,0.4329482
30192,0.23677644
30193,0.01692515
30194,0.014680821
30195,0.01633077
30196,0.04996619
30197,0.060379755
30198,0.3467257
30199,0.34553096
30200,0.014680821
30201,0.07624184
30202,0.09512369
30203,0.13642906
30204,0.15007102
30205,0.13129565
30206,0.18239659
30207,0.35109243
30208,0.10917194
30209,0.016803253
30210,0.11596586
30211,0.0878266
30212,0.05572387
30213,0.26933032
30214,0.9640595
30215,0.030254874
30216,0.42539132
30217,0.015550628
30218,0.0646418
30219,0.3382319
30220,0.013588466
30221,0.059380855
30222,0.09089973
30223,0.017131975
30224,0.07102436
30225,0.013588466
30226,0.62515956
30227,0.039079186
30228,0.091015905
30229,0.3358526
30230,0.12972867
30231,0.26113996
30232,0.35960123
30233,0.4307508
30234,0.14470121
30235,0.110519126
30236,0.10888186
30237,0.9736251
30238,0.43297678
30239,0.4649976
30240,0.024523905
30241,0.16181722
30242,0.08981394
30243,0.014623411
30244,0.058110688
30245,0.013751648
30246,0.014123749
30247,0.013998942
30248,0.030546207
30249,0.091340706
30250,0.09864939
30251,0.09944984
30252,0.107998766
30253,0.14567758
30254,0.22986148
30255,0.16722932
30256,0.023484414
30257,0.09982028
30258,0.33610278
30259,0.043947197
30260,0.97740895
30261,0.84189224
30262,0.7206268
30263,0.013751648
30264,0.02169331
30265,0.016565915
30266,0.1484687
30267,0.46863168
30268,0.100753255
30269,0.017604765
30270,0.058350164
30271,0.014874908
30272,0.05075686
30273,0.068318754
30274,0.053265918
30275,0.023776552
30276,0.4540678
30277,0.015954234
30278,0.043455627
30279,0.113144524
30280,0.11277892
30281,0.058453076
30282,0.051991645
30283,0.25901946
30284,0.14081454
30285,0.02481422
30286,0.1457115
30287,0.11830289
30288,0.12303301
30289,0.9833214
30290,0.69522274
30291,0.76037127
30292,0.08213007
30293,0.02275702
30294,0.014275676
30295,0.43753293
30296,0.08223518
30297,0.20197582
30298,0.050564278
30299,0.15067293
30300,0.022607146
30301,0.15055886
30302,0.11811167
30303,0.1306946
30304,0.18951124
30305,0.50732476
30306,0.6058522
30307,0.16297418
30308,0.12747613
30309,0.09268313
30310,0.04897608
30311,0.11306249
30312,0.0608549
30313,0.04255395
30314,0.16273922
30315,0.19920626
30316,0.082378976
30317,0.12865156
30318,0.024102708
30319,0.9736251
30320,0.99911773
30321,0.9673092
30322,0.09227719
30323,0.064447515
30324,0.28142706
30325,0.014956588
30326,0.4492764
30327,0.02150188
30328,0.018047394
30329,0.020282555
30330,0.038940914
30331,0.097943366
30332,0.061024606
30333,0.36648557
30334,0.9861458
30335,0.0629417
30336,0.110889085
30337,0.070787944
30338,0.14391167
30339,0.067021206
30340,0.31245467
30341,0.25728294
30342,0.029083101
30343,0.10457557
30344,0.12247068
30345,0.14268255
30346,0.044063274
30347,0.0342325
30348,0.26457825
30349,0.40816933
30350,0.22644265
30351,0.083652444
30352,0.021962112
30353,0.12065451
30354,0.014680821
30355,0.08075613
30356,0.19506437
30357,0.04375596
30358,0.06824259
30359,0.04246813
30360,0.04235702
30361,0.048445735
30362,0.29343948
30363,0.80305296
30364,0.25113344
30365,0.16659744
30366,0.14096671
30367,0.13970491
30368,0.13078143
30369,0.6495778
30370,0.05588139
30371,0.029044056
30372,0.041705646
30373,0.03789531
30374,0.1407766
30375,0.11931626
30376,0.24433911
30377,0.6147857
30378,0.3131286
30379,0.19858958
30380,1.0
30381,0.11783143
30382,0.01638246
30383,0.1187047
30384,0.26830116
30385,0.017742442
30386,0.04177826
30387,0.4550774
30388,0.059994895
30389,0.036492433
30390,0.047002744
30391,0.043637197
30392,0.2148477
30393,0.43545026
30394,0.264265
30395,0.47341993
30396,0.26707926
30397,0.13859554
30398,0.14227909
30399,0.37520745
30400,0.02325301
30401,0.13102157
30402,0.07362247
30403,0.04409866
30404,0.4770147
30405,0.2576256
30406,0.07230188
30407,0.6369786
30408,0.26924413
30409,0.013588466
30410,0.095923744
30411,0.16069704
30412,0.077505
30413,0.03397637
30414,0.015701538
30415,0.014123749
30416,0.029453842
30417,0.052507352
30418,0.09655882
30419,0.097235344
30420,0.1213631
30421,0.43651527
30422,0.7748072
30423,0.44530934
30424,0.2377345
30425,0.4956256
30426,0.13422155
30427,0.118620455
30428,0.08303504
30429,0.15796179
30430,0.34734806
30431,0.08540999
30432,0.024554549
30433,0.0825034
30434,0.112057045
30435,0.019626092
30436,0.048515875
30437,0.10219739
30438,0.02540141
30439,0.029405512
30440,0.018511793
30441,0.018964928
30442,0.038571842
30443,0.056706224
30444,0.052115783
30445,0.070580475
30446,0.30600476
30447,0.21329431
30448,0.28713822
30449,0.81369144
30450,0.7095836
30451,0.41427925
30452,0.20262836
30453,0.042154104
30454,0.020399373
30455,0.05215134
30456,0.10990376
30457,0.01633077
30458,0.026731355
30459,0.97753674
30460,0.041159585
30461,0.016136741
30462,0.1377216
30463,0.05582093
30464,0.1604216
30465,0.05175768
30466,0.045161758
30467,0.01633077
30468,0.03633897
30469,0.037256803
30470,0.09195418
30471,0.11996743
30472,0.7155535
30473,0.36558673
30474,0.21222225
30475,0.99110305
30476,0.40962046
30477,0.47973683
30478,0.18756896
30479,0.030884841
30480,0.036006186
30481,0.025666889
30482,0.07347998
30483,0.048193093
30484,0.035635874
30485,0.06282826
30486,0.47433856
30487,0.15751256
30488,0.38347208
30489,0.02930107
30490,0.0937362
30491,0.17236125
30492,0.13130985
30493,0.17866704
30494,0.04436581
30495,0.022717731
30496,0.039459813
30497,0.13278933
30498,0.98340464
30499,0.3381692
30500,0.7474117
30501,0.40071073
30502,0.412084
30503,0.18158892
30504,0.25525215
30505,0.14549723
30506,0.016608661
30507,0.015140045
30508,0.014680821
30509,0.023170061
30510,0.024815688
30511,0.13995112
30512,0.14646609
30513,0.1931001
30514,0.30088177
30515,0.032994863
30516,0.075693585
30517,0.26631266
30518,0.037918877
30519,0.11395819
30520,0.33150625
30521,0.035304446
30522,0.15665509
30523,0.25907865
30524,0.08609661
30525,0.14862141
30526,0.12963158
30527,0.07987768
30528,0.03357282
30529,0.13443734
30530,0.12300001
30531,0.029409507
30532,0.019142587
30533,0.15853153
30534,0.09923118
30535,0.029774135
30536,0.025482101
30537,0.12810436
30538,0.040084183
30539,0.040325403
30540,0.048825372
30541,0.16128305
30542,0.38985935
30543,0.6625306
30544,0.11895232
30545,0.023634
30546,0.01622318
30547,0.04075867
30548,0.063408196
30549,0.16658534
30550,0.020812966
30551,0.015550628
30552,0.06842916
30553,0.017788105
30554,0.014623411
30555,0.016565915
30556,0.09024781
30557,0.10244524
30558,0.4443585
30559,0.022308115
30560,0.015526703
30561,0.04310796
30562,0.08240437
30563,0.11311438
30564,0.44752768
30565,0.114846855
30566,0.015797487
30567,0.19616729
30568,0.055560924
30569,0.019741101
30570,0.06981015
30571,0.12781541
30572,0.049397998
30573,0.04870561
30574,0.014680821
30575,0.26373178
30576,0.03328837
30577,0.0156034455
30578,0.015787937
30579,0.028186675
30580,0.13133264
30581,0.07364334
30582,0.04189619
30583,0.022720339
30584,0.033289917
30585,0.062465683
30586,0.28773662
30587,0.04836215
30588,0.02840337
30589,0.06939862
30590,0.03585981
30591,0.06832788
30592,0.24794352
30593,0.05273892
30594,0.25599268
30595,0.06515612
30596,0.024495777
30597,0.015140045
30598,0.06502051
30599,0.05803662
30600,0.031438027
30601,0.33467394
30602,0.06489339
30603,0.2570904
30604,0.020984158
30605,0.06761762
30606,0.085060984
30607,0.014943832
30608,0.27174735
30609,0.67270225
30610,0.1433986
30611,0.07727796
30612,0.10970369
30613,0.088802695
30614,0.08413001
30615,0.17214377
30616,0.11093125
30617,0.08685565
30618,0.99605143
30619,0.017161004
30620,0.06795695
30621,0.015797487
30622,0.0811898
30623,0.07840989
30624,0.017788105
30625,0.037258737
30626,0.101422496
30627,0.4979598
30628,0.08645073
30629,0.24877305
30630,0.026350958
30631,0.09404726
30632,0.026774766
30633,0.09498956
30634,0.04166514
30635,0.051006712
30636,0.04927376
30637,0.055968747
30638,0.026659148
30639,0.018451894
30640,0.07770169
30641,0.015129797
30642,0.1498656
30643,0.04254827
30644,0.05616476
30645,0.07885345
30646,0.11694128
30647,0.019449914
30648,0.01922174
30649,0.0315883
30650,0.9788577
30651,0.057747804
30652,0.12677492
30653,0.04384245
30654,0.032727793
30655,0.058445513
30656,0.048177622
30657,0.015660308
30658,0.01758066
30659,0.26410386
30660,0.03410365
30661,0.013751648
30662,0.013588466
30663,0.015334138
30664,0.014469763
30665,0.017438894
30666,0.04141333
30667,0.12909007
30668,0.14991175
30669,0.033926897
30670,0.047502995
30671,0.39842308
30672,0.018876184
30673,0.024216885
30674,0.014275676
30675,0.019315546
30676,0.015140045
30677,0.07260166
30678,0.014601619
30679,0.03699669
30680,0.25959837
30681,0.07573982
30682,0.01735509
30683,0.024476888
30684,0.013751648
30685,0.08036489
30686,0.2563598
30687,0.1092322
30688,0.063820586
30689,0.058624346
30690,0.03302095
30691,0.07135457
30692,0.016718537
30693,0.052078184
30694,0.2525311
30695,0.19148529
30696,0.014956588
30697,0.025209632
30698,0.014956588
30699,0.020605149
30700,0.014123749
30701,0.015689887
30702,0.01717683
30703,0.014623411
30704,0.04055242
30705,0.052099038
30706,0.06044075
30707,0.106240764
30708,0.15142608
30709,0.014275676
30710,0.2615811
30711,0.014275676
30712,0.023479147
30713,0.014680821
30714,0.028927283
30715,0.015472547
30716,0.01723746
30717,0.018740736
30718,0.022377003
30719,0.016894242
30720,0.027635762
30721,0.01507941
30722,0.017948482
30723,0.10836485
30724,0.030552113
30725,0.023634
30726,0.040589727
30727,0.01633225
30728,0.014780652
30729,0.017190669
30730,0.013751648
30731,0.12123066
30732,0.02772162
30733,0.043334473
30734,0.013588466
30735,0.041077893
30736,0.02571508
30737,0.10503894
30738,0.015954234
30739,0.06410545
30740,0.45119646
30741,0.059699096
30742,0.05674848
30743,0.09162475
30744,0.07270849
30745,0.039612893
30746,0.0154678635
30747,0.13508534
30748,0.01688931
30749,0.11890663
30750,0.16446097
30751,0.017793192
30752,0.025499651
30753,0.04339609
30754,0.023792563
30755,0.023965904
30756,0.014874908
30757,0.04075221
30758,0.016426586
30759,0.091724485
30760,0.075117126
30761,0.0294915
30762,0.013751648
30763,0.19591644
30764,0.018581154
30765,0.01923885
30766,0.024106547
30767,0.013588466
30768,0.026709083
30769,0.047766343
30770,0.053223323
30771,0.037594583
30772,0.029258592
30773,0.014943832
30774,0.024925973
30775,0.34080988
30776,0.25304195
30777,0.014275676
30778,0.018955832
30779,0.101946905
30780,0.018953556
30781,0.01623856
30782,0.04721513
30783,0.036269847
30784,0.027342608
30785,0.03446114
30786,0.10251046
30787,0.014781291
30788,0.02729529
30789,0.040585518
30790,0.03427541
30791,0.03224375
30792,0.07875044
30793,0.040213324
30794,0.39460495
30795,0.03411514
30796,0.076319814
30797,0.4032399
30798,0.32703
30799,0.025550364
30800,0.25025406
30801,0.14110433
30802,0.3986398
30803,0.056446325
30804,0.20501153
30805,0.034256537
30806,0.02243179
30807,0.2690068
30808,0.013576351
30809,0.042550556
30810,0.01866325
30811,0.29899973
30812,0.026332004
30813,0.949392
30814,0.24667974
30815,0.03522883
30816,0.24909446
30817,0.020887434
30818,0.025137104
30819,0.038570732
30820,0.0554941
30821,0.014824304
30822,0.032573577
30823,0.084269665
30824,0.49297208
30825,0.7388681
30826,0.7264748
30827,0.03453398
30828,0.14718269
30829,0.11503381
30830,0.42088085
30831,0.078960784
30832,0.06870912
30833,0.063155666
30834,0.15590206
30835,0.02760921
30836,0.45361826
30837,0.19722253
30838,0.26383218
30839,0.72605675
30840,0.1193814
30841,0.02015861
30842,0.698075
30843,0.07309657
30844,0.22942764
30845,0.08946356
30846,0.058114152
30847,0.027471453
30848,0.099085234
30849,0.08064146
30850,0.10573137
30851,0.19920209
30852,0.033191007
30853,0.030893235
30854,0.12294287
30855,0.240899
30856,0.046482522
30857,0.11306651
30858,0.09498338
30859,0.16452949
30860,0.02964509
30861,0.022178968
30862,0.04765156
30863,0.1601425
30864,0.14032328
30865,0.3747077
30866,0.027726045
30867,0.054676667
30868,0.022688657
30869,0.01666124
30870,0.015778936
30871,0.48138702
30872,0.07839505
30873,0.08110442
30874,0.52100337
30875,0.26688692
30876,0.014505524
30877,0.15703605
30878,0.09732201
30879,0.015631992
30880,0.014562825
30881,0.05021767
30882,0.101008326
30883,0.06388719
30884,0.2939262
30885,0.41883913
30886,0.015422467
30887,0.045880593
30888,0.026861252
30889,0.38721284
30890,0.050503664
30891,0.062255424
30892,0.014505524
30893,0.12289256
30894,0.039936054
30895,0.06326258
30896,0.2546796
30897,0.59885186
30898,0.15091638
30899,0.021204375
30900,0.019067524
30901,0.049543824
30902,0.067817636
30903,0.03222117
30904,0.014824304
30905,0.17438544
30906,0.15206094
30907,0.1468509
30908,0.09875777
30909,0.11598241
30910,0.014562825
30911,0.04175262
30912,0.0415508
30913,0.039876044
30914,0.048806675
30915,0.15560713
30916,0.056854002
30917,0.14221938
30918,0.01618692
30919,0.02960746
30920,0.038600743
30921,0.028979918
30922,0.01972332
30923,0.032231532
30924,0.061145004
30925,0.05379384
30926,0.5331466
30927,0.25994232
30928,0.033588193
30929,0.055017028
30930,0.1044902
30931,0.07612129
30932,0.02741495
30933,0.05363467
30934,0.028389523
30935,0.23983414
30936,0.03908944
30937,0.039110824
30938,0.041946173
30939,0.11554734
30940,0.08550369
30941,0.29597595
30942,0.2941736
30943,0.30909196
30944,0.05756928
30945,0.045009606
30946,0.01972992
30947,0.068105906
30948,0.056689627
30949,0.2625964
30950,0.05366324
30951,0.5469003
30952,0.115209736
30953,0.026682403
30954,0.12257115
30955,0.051894616
30956,0.033235807
30957,0.018357787
30958,0.01432903
30959,0.09053675
30960,0.024861868
30961,0.019612664
30962,0.022697406
30963,0.03581614
30964,0.1066192
30965,0.053035296
30966,0.06754042
30967,0.08850044
30968,0.1189319
30969,0.32628518
30970,0.3958205
30971,0.07763604
30972,0.022429902
30973,0.10411373
30974,0.026361616
30975,0.050337125
30976,0.013805003
30977,0.0887328
30978,0.07194657
30979,0.10204889
30980,0.052493062
30981,0.1400193
30982,0.033035155
30983,0.043646745
30984,0.032815624
30985,0.015052956
30986,0.017878417
30987,0.19213092
30988,0.09665562
30989,0.02383003
30990,0.028172236
30991,0.046861738
30992,0.08417521
30993,0.08245422
30994,0.11922084
30995,0.11127911
30996,0.26313072
30997,0.19618332
30998,0.2541577
30999,0.01493145
31000,0.1078746
31001,0.014768269
31002,0.056626525
31003,0.022873139
31004,0.034050766
31005,0.07394922
31006,0.027723605
31007,0.045254957
31008,0.039567
31009,0.015009942
31010,0.06730435
31011,0.068771206
31012,0.024315037
31013,0.060249023
31014,0.019895863
31015,0.027794803
31016,0.10760796
31017,0.021380564
31018,0.050634496
31019,0.13955149
31020,0.056216598
31021,0.2287587
31022,0.54535323
31023,0.11467139
31024,0.12011729
31025,0.055571154
31026,0.09933288
31027,0.072414175
31028,0.097142264
31029,0.05531619
31030,0.30925772
31031,0.07661656
31032,0.084064014
31033,0.04775132
31034,0.06900297
31035,0.016433315
31036,0.022091128
31037,0.01940585
31038,0.02057277
31039,0.0478111
31040,0.41249767
31041,0.074391976
31042,0.059006467
31043,0.11805298
31044,0.6739442
31045,0.0741663
31046,0.017903384
31047,0.16081645
31048,0.0612947
31049,0.2587638
31050,0.33210123
31051,0.06417898
31052,0.01885014
31053,0.06715905
31054,0.08922592
31055,0.15493421
31056,0.20168619
31057,0.037022065
31058,0.2060424
31059,0.0673094
31060,0.01432903
31061,0.0738021
31062,0.015009942
31063,0.02309018
31064,0.03606929
31065,0.091339394
31066,0.06737915
31067,0.016784789
31068,0.11827689
31069,0.14900489
31070,0.2571268
31071,0.10125075
31072,0.040027592
31073,0.12504263
31074,0.17229734
31075,0.38378835
31076,0.082586534
31077,0.08288907
31078,0.021907162
31079,0.07775152
31080,0.62698036
31081,0.033044375
31082,0.112893365
31083,0.42288232
31084,0.2158228
31085,0.01718962
31086,0.016084533
31087,0.048852153
31088,0.0840172
31089,0.24647884
31090,0.34566718
31091,0.014689491
31092,0.087516695
31093,0.102338314
31094,0.22001787
31095,0.12499892
31096,0.11969339
31097,0.15624118
31098,0.3573939
31099,0.10775089
31100,0.017054463
31101,0.0561238
31102,0.11402809
31103,0.053769115
31104,0.19354291
31105,0.9716523
31106,0.035558186
31107,0.41517165
31108,0.015306851
31109,0.0594555
31110,0.2571591
31111,0.017284073
31112,0.051055335
31113,0.087233804
31114,0.022287166
31115,0.08265083
31116,0.6004745
31117,0.05878628
31118,0.08920918
31119,0.27703872
31120,0.13826798
31121,0.26708743
31122,0.37355837
31123,0.43010145
31124,0.2547639
31125,0.11589965
31126,0.11028797
31127,0.98188937
31128,0.4502991
31129,0.49622282
31130,0.032940775
31131,0.119965285
31132,0.10030889
31133,0.022507485
31134,0.020173756
31135,0.016965978
31136,0.06318612
31137,0.013805003
31138,0.014052297
31139,0.015502876
31140,0.02857949
31141,0.057094708
31142,0.10283804
31143,0.10264111
31144,0.11755719
31145,0.13038717
31146,0.19901243
31147,0.17327368
31148,0.024905888
31149,0.098602034
31150,0.33971336
31151,0.01721436
31152,0.045951054
31153,0.9768452
31154,0.983217
31155,0.7373084
31156,0.013805003
31157,0.021819238
31158,0.10817921
31159,0.4602635
31160,0.098245636
31161,0.056767117
31162,0.04608978
31163,0.0150676705
31164,0.054124452
31165,0.06861368
31166,0.052473024
31167,0.027523039
31168,0.45611218
31169,0.01600759
31170,0.03237281
31171,0.112923354
31172,0.11286472
31173,0.04983503
31174,0.051608257
31175,0.3352525
31176,0.14587773
31177,0.023417503
31178,0.16471988
31179,0.15325071
31180,0.14902946
31181,0.98235005
31182,0.8530743
31183,0.7353634
31184,0.02617789
31185,0.109823495
31186,0.023518331
31187,0.01720917
31188,0.47651687
31189,0.09430128
31190,0.20534463
31191,0.05728854
31192,0.18417886
31193,0.023088297
31194,0.15671206
31195,0.13116772
31196,0.13478366
31197,0.17016232
31198,0.5239279
31199,0.60526043
31200,0.1570833
31201,0.1299026
31202,0.09104385
31203,0.04849037
31204,0.11327838
31205,0.07351079
31206,0.04504441
31207,0.021564327
31208,0.16241342
31209,0.18958102
31210,0.073404856
31211,0.14552556
31212,0.029428067
31213,0.93653995
31214,1.0
31215,0.96674544
31216,0.14734064
31217,0.04153704
31218,0.15280844
31219,0.49469417
31220,0.022425175
31221,0.014536768
31222,0.018168088
31223,0.02551115
31224,0.035885207
31225,0.09775067
31226,0.04856405
31227,0.3670597
31228,0.98558205
31229,0.061862215
31230,0.10828451
31231,0.07208973
31232,0.11960006
31233,0.061095554
31234,0.29314327
31235,0.27100825
31236,0.029438958
31237,0.11919605
31238,0.13476942
31239,0.12263348
31240,0.03525197
31241,0.028414616
31242,0.44261625
31243,0.40112588
31244,0.24543203
31245,0.09089864
31246,0.022937689
31247,0.115331724
31248,0.01520403
31249,0.105407305
31250,0.17882523
31251,0.031271953
31252,0.04623376
31253,0.03413942
31254,0.018629743
31255,0.022149557
31256,0.042486023
31257,0.052218646
31258,0.31142324
31259,0.8064303
31260,0.26151314
31261,0.15664732
31262,0.12207652
31263,0.14339253
31264,0.123159334
31265,0.6732515
31266,0.06824489
31267,0.036915142
31268,0.032595504
31269,0.13232557
31270,0.12756735
31271,0.16505094
31272,0.58178
31273,0.3323018
31274,0.12092076
31275,1.0
31276,0.13791683
31277,0.016190097
31278,0.113783695
31279,0.2586111
31280,0.018114502
31281,0.058955304
31282,0.4828966
31283,0.061101742
31284,0.029743575
31285,0.051800795
31286,0.044124812
31287,0.11427626
31288,0.42018598
31289,0.2673211
31290,0.46963903
31291,0.2686172
31292,0.121827126
31293,0.11671843
31294,0.2611661
31295,0.022325233
31296,0.1809415
31297,0.08708517
31298,0.04349221
31299,0.5334672
31300,0.3342004
31301,0.07412341
31302,0.67243695
31303,0.3976867
31304,0.086180635
31305,0.13977459
31306,0.099951334
31307,0.042504616
31308,0.014734176
31309,0.016113352
31310,0.0141771035
31311,0.026358008
31312,0.053491414
31313,0.094145596
31314,0.09434674
31315,0.120881125
31316,0.44291228
31317,0.7603926
31318,0.45021805
31319,0.24195012
31320,0.49303427
31321,0.11534
31322,0.079374745
31323,0.076911345
31324,0.15244499
31325,0.33200216
31326,0.06285135
31327,0.024425251
31328,0.075384304
31329,0.14077838
31330,0.017846547
31331,0.03939167
31332,0.08690096
31333,0.021076981
31334,0.039878197
31335,0.034018867
31336,0.018496195
31337,0.018697817
31338,0.03819001
31339,0.08841479
31340,0.05123468
31341,0.067610264
31342,0.31136537
31343,0.21211562
31344,0.27701432
31345,0.82186896
31346,0.7266912
31347,0.23119293
31348,0.19467661
31349,0.05496174
31350,0.022616431
31351,0.04668446
31352,0.14604604
31353,0.015666058
31354,0.9792805
31355,0.043184083
31356,0.018250227
31357,0.09240282
31358,0.057893287
31359,0.15026942
31360,0.046514902
31361,0.037111998
31362,0.036588106
31363,0.08984597
31364,0.11765143
31365,0.6684896
31366,0.3795829
31367,0.18156058
31368,0.99313754
31369,0.38963574
31370,0.46991205
31371,0.14167216
31372,0.040551692
31373,0.02554527
31374,0.049594417
31375,0.07500523
31376,0.01721436
31377,0.06327975
31378,0.47470725
31379,0.13647181
31380,0.3549323
31381,0.021888535
31382,0.09181385
31383,0.1331754
31384,0.12242033
31385,0.25303623
31386,0.054706693
31387,0.023761341
31388,0.01432903
31389,0.041216668
31390,0.12334893
31391,0.9822561
31392,0.34798512
31393,0.6918322
31394,0.40164736
31395,0.40118983
31396,0.16249055
31397,0.20760886
31398,0.1609387
31399,0.019296177
31400,0.0151934
31401,0.016278619
31402,0.029463077
31403,0.025245761
31404,0.15338208
31405,0.14888115
31406,0.13366261
31407,0.38905883
31408,0.019057672
31409,0.1022394
31410,0.3791664
31411,0.030677702
31412,0.12238115
31413,0.25423473
31414,0.026323123
31415,0.01364182
31416,0.15542158
31417,0.22441766
31418,0.08058873
31419,0.15238053
31420,0.105843164
31421,0.099496916
31422,0.033138536
31423,0.14953223
31424,0.116991594
31425,0.01781161
31426,0.16244064
31427,0.01432903
31428,0.123569176
31429,0.03588713
31430,0.026740385
31431,0.12084024
31432,0.040524524
31433,0.042215474
31434,0.049036972
31435,0.16371903
31436,0.3887034
31437,0.7131303
31438,0.1588597
31439,0.018655583
31440,0.016384125
31441,0.05246228
31442,0.06449581
31443,0.15606943
31444,0.014791477
31445,0.022744104
31446,0.015306851
31447,0.032971494
31448,0.02165876
31449,0.015502876
31450,0.016384125
31451,0.09453935
31452,0.09880961
31453,0.4448374
31454,0.018481344
31455,0.016771892
31456,0.034856305
31457,0.078306764
31458,0.11040352
31459,0.4359162
31460,0.17501251
31461,0.015580057
31462,0.16955413
31463,0.07464599
31464,0.016084533
31465,0.06527698
31466,0.15889406
31467,0.059344295
31468,0.01911277
31469,0.014734176
31470,0.19539668
31471,0.04262677
31472,0.015743257
31473,0.015603993
31474,0.033285215
31475,0.1492255
31476,0.06373671
31477,0.04229839
31478,0.025525438
31479,0.03160963
31480,0.052278202
31481,0.26542252
31482,0.03338412
31483,0.017775346
31484,0.04192301
31485,0.034285005
31486,0.053048156
31487,0.2756581
31488,0.054511957
31489,0.17331932
31490,0.09179348
31491,0.026373245
31492,0.015230952
31493,0.10475057
31494,0.0728834
31495,0.027013112
31496,0.25950754
31497,0.016771892
31498,0.2600085
31499,0.018214202
31500,0.06961026
31501,0.06578257
31502,0.27827442
31503,0.67898256
31504,0.15209813
31505,0.08500213
31506,0.120366514
31507,0.06694414
31508,0.06984373
31509,0.1584121
31510,0.111848004
31511,0.09630357
31512,0.9944953
31513,0.01721436
31514,0.089983985
31515,0.02725188
31516,0.080339946
31517,0.085590854
31518,0.015743257
31519,0.03351115
31520,0.10117226
31521,0.441263
31522,0.060257528
31523,0.25530076
31524,0.032145977
31525,0.069864996
31526,0.028108923
31527,0.09515223
31528,0.036584668
31529,0.03785284
31530,0.050931517
31531,0.057447303
31532,0.026015604
31533,0.081499316
31534,0.015215001
31535,0.116664834
31536,0.03262482
31537,0.045203313
31538,0.015983684
31539,0.045430608
31540,0.09389567
31541,0.104111195
31542,0.018739816
31543,0.033417035
31544,0.97670895
31545,0.0455761
31546,0.13724437
31547,0.07283289
31548,0.030606344
31549,0.048496407
31550,0.046390068
31551,0.017828044
31552,0.4178831
31553,0.02518536
31554,0.013805003
31555,0.01364182
31556,0.014052297
31557,0.013971533
31558,0.055695742
31559,0.12507683
31560,0.023532502
31561,0.11860663
31562,0.03046273
31563,0.02196376
31564,0.04751683
31565,0.39879176
31566,0.020719822
31567,0.016119258
31568,0.027408885
31569,0.07698273
31570,0.2581992
31571,0.06230383
31572,0.029584043
31573,0.015132764
31574,0.11615428
31575,0.18366168
31576,0.15885767
31577,0.08013645
31578,0.057501394
31579,0.050007336
31580,0.01620215
31581,0.049512748
31582,0.25316367
31583,0.24502799
31584,0.013805003
31585,0.03307875
31586,0.015580057
31587,0.015009942
31588,0.015881697
31589,0.014734176
31590,0.015850842
31591,0.031130526
31592,0.04555375
31593,0.08045871
31594,0.124667786
31595,0.063985676
31596,0.0151934
31597,0.193547
31598,0.01432903
31599,0.29880852
31600,0.033349164
31601,0.015358924
31602,0.0153692905
31603,0.018587254
31604,0.022054352
31605,0.017307706
31606,0.054074798
31607,0.014834006
31608,0.08281829
31609,0.031750552
31610,0.048435543
31611,0.015306851
31612,0.050856486
31613,0.015713684
31614,0.023536526
31615,0.10937707
31616,0.026578972
31617,0.04329075
31618,0.01364182
31619,0.041894473
31620,0.11902082
31621,0.015132764
31622,0.01432903
31623,0.46629995
31624,0.054397233
31625,0.06316909
31626,0.099845566
31627,0.07326093
31628,0.03347552
31629,0.014907383
31630,0.15667671
31631,0.019613858
31632,0.13808146
31633,0.01432903
31634,0.1478533
31635,0.025160667
31636,0.028474443
31637,0.041882955
31638,0.022641381
31639,0.02203231
31640,0.015358924
31641,0.035202
31642,0.014632081
31643,0.015580057
31644,0.0149695845
31645,0.020051533
31646,0.08929853
31647,0.09439344
31648,0.025792375
31649,0.1692728
31650,0.019292206
31651,0.016154097
31652,0.029919077
31653,0.058491405
31654,0.015580057
31655,0.03656572
31656,0.029178545
31657,0.18400635
31658,0.2289402
31659,0.01432903
31660,0.123710565
31661,0.019296177
31662,0.029938456
31663,0.019833278
31664,0.10627313
31665,0.039586272
31666,0.04314176
31667,0.042363495
31668,0.014781291
31669,0.031536736
31670,0.027756523
31671,0.03961546
31672,0.07580717
31673,0.063143045
31674,0.029582897
31675,0.40005592
31676,0.12212727
31677,0.15131436
31678,0.359562
31679,0.28787893
31680,0.020713793
31681,0.047865707
31682,0.23246618
31683,0.10878764
31684,0.3955669
31685,0.057353485
31686,0.10763877
31687,0.035689797
31688,0.023110837
31689,0.20592274
31690,0.01654324
31691,0.24687408
31692,0.8168512
31693,0.20539486
31694,0.038308084
31695,0.032630544
31696,0.18361662
31697,0.09028447
31698,0.025953164
31699,0.06575734
31700,0.032868806
31701,0.10277148
31702,0.32714957
31703,0.62761474
31704,0.61839914
31705,0.03549973
31706,0.07236884
31707,0.08600185
31708,0.25976527
31709,0.051444467
31710,0.041859023
31711,0.07718634
31712,0.09081832
31713,0.45158
31714,0.16507392
31715,0.250133
31716,0.59427476
31717,0.16641325
31718,0.01710953
31719,0.6033472
31720,0.021840598
31721,0.06338566
31722,0.34755823
31723,0.08035054
31724,0.05556148
31725,0.03320841
31726,0.065792836
31727,0.022413068
31728,0.14079235
31729,0.18626332
31730,0.12330117
31731,0.027414562
31732,0.05429863
31733,0.07355426
31734,0.31092116
31735,0.07665394
31736,0.013576351
31737,0.034159385
31738,0.09891077
31739,0.09498338
31740,0.15606368
31741,0.031432938
31742,0.030988142
31743,0.06668563
31744,0.022178968
31745,0.2498884
31746,0.12748908
31747,0.3855541
31748,0.021624384
31749,0.03941792
31750,0.047672868
31751,0.014505524
31752,0.015778936
31753,0.55517733
31754,0.12708545
31755,0.063135765
31756,0.42397338
31757,0.46495667
31758,0.014505524
31759,0.10402418
31760,0.08811894
31761,0.014987486
31762,0.025829062
31763,0.04033547
31764,0.060282554
31765,0.07079237
31766,0.07417132
31767,0.40059388
31768,0.5357257
31769,0.01782832
31770,0.041791033
31771,0.014100378
31772,0.033991717
31773,0.0288773
31774,0.046011545
31775,0.38420725
31776,0.031218078
31777,0.046612244
31778,0.014505524
31779,0.081817225
31780,0.04103841
31781,0.20056506
31782,0.7060957
31783,0.15185617
31784,0.015123172
31785,0.0477418
31786,0.09504266
31787,0.046238
31788,0.020887434
31789,0.16551591
31790,0.24035795
31791,0.09741009
31792,0.09740028
31793,0.08852734
31794,0.014562825
31795,0.031524956
31796,0.037306502
31797,0.03720651
31798,0.037489332
31799,0.1556319
31800,0.06876105
31801,0.1427594
31802,0.01614391
31803,0.03634544
31804,0.028178206
31805,0.022976393
31806,0.021212092
31807,0.038462788
31808,0.054123964
31809,0.022043545
31810,0.018418888
31811,0.047168706
31812,0.54907113
31813,0.40553537
31814,0.03776554
31815,0.042458564
31816,0.025589863
31817,0.112276785
31818,0.07612129
31819,0.035793647
31820,0.0531674
31821,0.021607542
31822,0.031070393
31823,0.20335333
31824,0.038145296
31825,0.031418566
31826,0.045922235
31827,0.10565919
31828,0.09952908
31829,0.2942062
31830,0.19948645
31831,0.1901379
31832,0.05756928
31833,0.046076275
31834,0.026640415
31835,0.062682584
31836,0.047058407
31837,0.37704468
31838,0.07356985
31839,0.5461353
31840,0.109981656
31841,0.029912347
31842,0.114979364
31843,0.046611056
31844,0.0382218
31845,0.01897571
31846,0.015817521
31847,0.08382645
31848,0.03334728
31849,0.043447882
31850,0.11152251
31851,0.049920373
31852,0.06485673
31853,0.059747055
31854,0.117815174
31855,0.21251993
31856,0.37711242
31857,0.105519466
31858,0.026951795
31859,0.095940545
31860,0.019268021
31861,0.059073027
31862,0.09108611
31863,0.08537479
31864,0.1052944
31865,0.032950494
31866,0.1463091
31867,0.033664618
31868,0.05633314
31869,0.028034598
31870,0.018529326
31871,0.1960235
31872,0.014734176
31873,0.02511226
31874,0.08565074
31875,0.023993213
31876,0.014734176
31877,0.014768269
31878,0.031088397
31879,0.03689125
31880,0.10155923
31881,0.08478267
31882,0.14145504
31883,0.1086055
31884,0.33018792
31885,0.30226284
31886,0.2595508
31887,0.015009942
31888,0.10543404
31889,0.014791477
31890,0.053864714
31891,0.05218949
31892,0.075001895
31893,0.018822819
31894,0.056687653
31895,0.037393942
31896,0.015009942
31897,0.051325157
31898,0.06115898
31899,0.02396845
31900,0.047314636
31901,0.013805003
31902,0.019428775
31903,0.028556364
31904,0.017088383
31905,0.12920368
31906,0.017258566
31907,0.05025421
31908,0.16092369
31909,0.055822514
31910,0.13908908
31911,0.5027465
31912,0.10977585
31913,0.13759774
31914,0.055843323
31915,0.09970437
31916,0.06979479
31917,0.10531947
31918,0.064577885
31919,0.023266673
31920,0.33241364
31921,0.086693205
31922,0.08094031
31923,0.07181262
31924,0.058850642
31925,0.025535401
31926,0.01897571
31927,0.029836865
31928,0.049367562
31929,0.45709354
31930,0.06149246
31931,0.06436005
31932,0.11515842
31933,0.7356153
31934,0.09031731
31935,0.017709356
31936,0.15904571
31937,0.058281858
31938,0.14352295
31939,0.30876273
31940,0.060680818
31941,0.023279682
31942,0.047655523
31943,0.11300784
31944,0.112042315
31945,0.1678245
31946,0.03629267
31947,0.13717772
31948,0.07206971
31949,0.014885034
31950,0.06519267
31951,0.016771892
31952,0.03487268
31953,0.023598813
31954,0.098125435
31955,0.070959575
31956,0.016891845
31957,0.1226692
31958,0.15473777
31959,0.25949886
31960,0.1208824
31961,0.03961347
31962,0.12722044
31963,0.2404456
31964,0.25895503
31965,0.06255937
31966,0.05404458
31967,0.022435186
31968,0.073148
31969,0.59018767
31970,0.04669437
31971,0.15480755
31972,0.4245891
31973,0.2233809
31974,0.015366613
31975,0.015502876
31976,0.016084533
31977,0.05150517
31978,0.06660524
31979,0.3467603
31980,0.33226395
31981,0.09351709
31982,0.11286506
31983,0.2179814
31984,0.24297573
31985,0.1376742
31986,0.1828575
31987,0.3573939
31988,0.11115766
31989,0.055196896
31990,0.09247568
31991,0.05686075
31992,0.23964629
31993,0.9712543
31994,0.06407913
31995,0.029103298
31996,0.42666072
31997,0.016113352
31998,0.05647351
31999,0.25922507
32000,0.016889893
32001,0.017898347
32002,0.049588937
32003,0.089648545
32004,0.017432626
32005,0.060543552
32006,0.01364182
32007,0.5938746
32008,0.048668914
32009,0.093146734
32010,0.36186334
32011,0.13997893
32012,0.19032551
32013,0.3593118
32014,0.43010145
32015,0.16974635
32016,0.11130699
32017,0.1089119
32018,0.8474701
32019,0.45016986
32020,0.46782303
32021,0.013805003
32022,0.022720993
32023,0.20916478
32024,0.01749225
32025,0.08571274
32026,0.021328986
32027,0.015666058
32028,0.055462822
32029,0.013805003
32030,0.028323434
32031,0.06480032
32032,0.10283804
32033,0.10264111
32034,0.11475835
32035,0.11693316
32036,0.2317655
32037,0.17234366
32038,0.094642475
32039,0.26783505
32040,0.01721436
32041,0.043803733
32042,0.97644717
32043,0.9427396
32044,0.73907155
32045,0.013805003
32046,0.017735066
32047,0.16875899
32048,0.46157068
32049,0.08428998
32050,0.058435354
32051,0.028300889
32052,0.049559593
32053,0.071452625
32054,0.068311095
32055,0.015500943
32056,0.45386136
32057,0.015666058
32058,0.027394868
32059,0.10788538
32060,0.112324886
32061,0.05530337
32062,0.04867367
32063,0.33470792
32064,0.15373828
32065,0.022816256
32066,0.20060664
32067,0.16354783
32068,0.14464428
32069,0.98235965
32070,0.7545527
32071,0.73149693
32072,0.06444429
32073,0.022503281
32074,0.015502876
32075,0.45145097
32076,0.10677553
32077,0.26165542
32078,0.055766847
32079,0.14445734
32080,0.022925012
32081,0.14989549
32082,0.114946134
32083,0.12559187
32084,0.16216889
32085,0.5089534
32086,0.61701727
32087,0.19102967
32088,0.12107348
32089,0.08761154
32090,0.049924802
32091,0.11436218
32092,0.05037102
32093,0.044193584
32094,0.2389544
32095,0.185221
32096,0.07462104
32097,0.13619353
32098,0.02240241
32099,0.9361419
32100,1.0
32101,0.9663474
32102,0.14013615
32103,0.046113983
32104,0.1933002
32105,0.49469417
32106,0.022187028
32107,0.018449346
32108,0.020874681
32109,0.03140151
32110,0.09992379
32111,0.048777632
32112,0.36601552
32113,0.985184
32114,0.06373886
32115,0.11038837
32116,0.08361765
32117,0.13798158
32118,0.05768605
32119,0.1500327
32120,0.31190422
32121,0.029442929
32122,0.111360595
32123,0.13634491
32124,0.15786175
32125,0.039211057
32126,0.029165084
32127,0.4562646
32128,0.4174659
32129,0.20629545
32130,0.103933156
32131,0.02196376
32132,0.08963923
32133,0.014689491
32134,0.08299268
32135,0.2500829
32136,0.03337816
32137,0.047550518
32138,0.03550753
32139,0.018428665
32140,0.030456131
32141,0.047784142
32142,0.04647407
32143,0.29269812
32144,0.8121344
32145,0.25887647
32146,0.1469761
32147,0.11640646
32148,0.1598363
32149,0.12215989
32150,0.6870047
32151,0.06341824
32152,0.029809378
32153,0.03926418
32154,0.028969735
32155,0.13167408
32156,0.17200284
32157,0.1684384
32158,0.5947607
32159,0.37363082
32160,0.115828544
32161,1.0
32162,0.1419118
32163,0.016276535
32164,0.15248843
32165,0.1328338
32166,0.01917738
32167,0.058955304
32168,0.5113721
32169,0.059402525
32170,0.038752295
32171,0.03760413
32172,0.044070974
32173,0.12940489
32174,0.4330941
32175,0.4193684
32176,0.48252353
32177,0.4386621
32178,0.13838993
32179,0.12893118
32180,0.36572614
32181,0.022325233
32182,0.1375527
32183,0.076008335
32184,0.049878478
32185,0.53408414
32186,0.25829604
32187,0.06557436
32188,0.6636269
32189,0.30903104
32190,0.14001222
32191,0.1454094
32192,0.15149508
32193,0.033787537
32194,0.014734176
32195,0.02647518
32196,0.0534098
32197,0.096703276
32198,0.09680363
32199,0.118107796
32200,0.433346
32201,0.7480355
32202,0.43113565
32203,0.41802603
32204,0.49622735
32205,0.111659035
32206,0.07998346
32207,0.07582568
32208,0.21550967
32209,0.3301765
32210,0.07345332
32211,0.022361442
32212,0.07524455
32213,0.13800186
32214,0.01721436
32215,0.03774594
32216,0.08797293
32217,0.018536555
32218,0.018496195
32219,0.018656295
32220,0.039726578
32221,0.06907981
32222,0.052690793
32223,0.06691848
32224,0.34076798
32225,0.21187715
32226,0.27668518
32227,0.8149224
32228,0.66119075
32229,0.40881568
32230,0.18773642
32231,0.013805003
32232,0.045433722
32233,0.027306965
32234,0.049008723
32235,0.12403903
32236,0.01657057
32237,0.025506917
32238,0.9775752
32239,0.062656984
32240,0.016276535
32241,0.0880226
32242,0.06352123
32243,0.15137465
32244,0.03345143
32245,0.05343108
32246,0.016276535
32247,0.03467253
32248,0.04162833
32249,0.0900188
32250,0.14774933
32251,0.6749632
32252,0.38356024
32253,0.20014738
32254,0.9937545
32255,0.40596756
32256,0.46829748
32257,0.13631962
32258,0.0462853
32259,0.06373543
32260,0.04161933
32261,0.04807017
32262,0.04448478
32263,0.048538096
32264,0.06419513
32265,0.4555484
32266,0.13647181
32267,0.36806688
32268,0.025832927
32269,0.09125018
32270,0.12819903
32271,0.19193806
32272,0.19193482
32273,0.05613694
32274,0.022763776
32275,0.038420822
32276,0.13453883
32277,0.98578894
32278,0.3219709
32279,0.7551572
32280,0.3883124
32281,0.42163587
32282,0.18234374
32283,0.25088152
32284,0.07518711
32285,0.0168252
32286,0.014734176
32287,0.024691999
32288,0.022407621
32289,0.15777515
32290,0.12464318
32291,0.13311487
32292,0.2615366
32293,0.024543544
32294,0.081232674
32295,0.38976178
32296,0.037272975
32297,0.06407913
32298,0.015306851
32299,0.014734176
32300,0.12589628
32301,0.32960966
32302,0.026245637
32303,0.15877956
32304,0.13872948
32305,0.08375942
32306,0.12319286
32307,0.105486095
32308,0.077287264
32309,0.037814923
32310,0.14794832
32311,0.112982355
32312,0.043487847
32313,0.0141771035
32314,0.1596934
32315,0.014985564
32316,0.09439221
32317,0.04429506
32318,0.027466
32319,0.13947444
32320,0.038792618
32321,0.045766063
32322,0.0150676705
32323,0.048978485
32324,0.16733001
32325,0.3887399
32326,0.74130476
32327,0.16118352
32328,0.028066622
32329,0.022614622
32330,0.055579297
32331,0.015306851
32332,0.076117314
32333,0.15312111
32334,0.023687355
32335,0.116223805
32336,0.015306851
32337,0.038579524
32338,0.01770521
32339,0.017645225
32340,0.090407096
32341,0.100698195
32342,0.43641418
32343,0.015580057
32344,0.016771892
32345,0.029473772
32346,0.072719656
32347,0.11087819
32348,0.4904991
32349,0.15936393
32350,0.015132764
32351,0.24244817
32352,0.04393714
32353,0.0660948
32354,0.19125308
32355,0.058653623
32356,0.014791477
32357,0.01864737
32358,0.014734176
32359,0.25989583
32360,0.10065047
32361,0.015743257
32362,0.015306851
32363,0.03282778
32364,0.12795842
32365,0.060398698
32366,0.055075485
32367,0.024328077
32368,0.0344543
32369,0.05077591
32370,0.26271316
32371,0.040318776
32372,0.01769311
32373,0.041293934
32374,0.0341602
32375,0.052990682
32376,0.26456025
32377,0.079552025
32378,0.2512972
32379,0.1363138
32380,0.024572803
32381,0.0151934
32382,0.044920657
32383,0.072707295
32384,0.026601095
32385,0.3289971
32386,0.06407913
32387,0.14490898
32388,0.017297301
32389,0.089148015
32390,0.055052448
32391,0.01484035
32392,0.2737626
32393,0.689527
32394,0.15711106
32395,0.09022034
32396,0.104479626
32397,0.049625497
32398,0.07463621
32399,0.15346055
32400,0.111639984
32401,0.09218529
32402,1.0
32403,0.017007522
32404,0.08324278
32405,0.017082242
32406,0.11964956
32407,0.059527684
32408,0.015850842
32409,0.15458286
32410,0.4531848
32411,0.066556275
32412,0.214835
32413,0.03144671
32414,0.062069997
32415,0.028164145
32416,0.09031185
32417,0.039547175
32418,0.01364182
32419,0.046145752
32420,0.06345455
32421,0.06576761
32422,0.019831706
32423,0.016167331
32424,0.05732394
32425,0.15857773
32426,0.03153247
32427,0.048727594
32428,0.0156568
32429,0.028857483
32430,0.08064804
32431,0.11513083
32432,0.020034747
32433,0.0196187
32434,0.048311904
32435,0.9779195
32436,0.045459803
32437,0.13512056
32438,0.07174034
32439,0.039752997
32440,0.04740988
32441,0.05720114
32442,0.015306851
32443,0.018421914
32444,0.42788127
32445,0.024140202
32446,0.021786947
32447,0.2522712
32448,0.01947843
32449,0.1459521
32450,0.028302647
32451,0.017837185
32452,0.045791086
32453,0.39407873
32454,0.022503281
32455,0.020248014
32456,0.04736068
32457,0.051983736
32458,0.013805003
32459,0.037903227
32460,0.41519287
32461,0.057593044
32462,0.015306851
32463,0.119699486
32464,0.11961876
32465,0.12908883
32466,0.07513947
32467,0.056519955
32468,0.032214925
32469,0.04986663
32470,0.015850842
32471,0.05105677
32472,0.24393776
32473,0.24867384
32474,0.045054957
32475,0.015580057
32476,0.015850842
32477,0.02886931
32478,0.014632081
32479,0.021218657
32480,0.055637594
32481,0.080282606
32482,0.09580421
32483,0.01364182
32484,0.13380875
32485,0.0141771035
32486,0.2583071
32487,0.01432903
32488,0.030115388
32489,0.0149695845
32490,0.033411115
32491,0.015358924
32492,0.017529424
32493,0.022373056
32494,0.014052297
32495,0.016849414
32496,0.041677997
32497,0.01432903
32498,0.040781416
32499,0.036875345
32500,0.015306851
32501,0.04123832
32502,0.013914676
32503,0.013805003
32504,0.1301315
32505,0.025757391
32506,0.04014009
32507,0.02508657
32508,0.018572269
32509,0.10762662
32510,0.015770288
32511,0.06329119
32512,0.01432903
32513,0.3946221
32514,0.08621589
32515,0.09074812
32516,0.0821319
32517,0.0151934
32518,0.06991156
32519,0.03420323
32520,0.0149695845
32521,0.14842382
32522,0.017424555
32523,0.13994025
32524,0.1763169
32525,0.027484115
32526,0.028719865
32527,0.039343648
32528,0.029098779
32529,0.02203231
32530,0.015603993
32531,0.01432903
32532,0.015183861
32533,0.014834006
32534,0.01432903
32535,0.042115483
32536,0.014689491
32537,0.014985564
32538,0.0149695845
32539,0.109431334
32540,0.07038763
32541,0.013805003
32542,0.21300271
32543,0.022950811
32544,0.016332202
32545,0.029919077
32546,0.04954036
32547,0.018872611
32548,0.035299603
32549,0.057516765
32550,0.0153692905
32551,0.015926382
32552,0.024021856
32553,0.29277006
32554,0.25763464
32555,0.13467638
32556,0.017167784
32557,0.016374152
32558,0.014052297
32559,0.029706573
32560,0.01951281
32561,0.03886489
32562,0.028338801
32563,0.021735108
32564,0.03446114
32565,0.040831655
32566,0.045697283
32567,0.02747971
32568,0.039825283
32569,0.028465612
32570,0.12166262
32571,0.086715214
32572,0.029834082
32573,0.022245297
32574,0.40248108
32575,0.040606037
32576,0.13198264
32577,0.030919211
32578,0.20061977
32579,0.2989372
32580,0.020862592
32581,0.03132001
32582,0.20180492
32583,0.1393096
32584,0.3990777
32585,0.07979332
32586,0.26978302
32587,0.15838629
32588,0.08348308
32589,0.72934544
32590,0.14608133
32591,0.06846678
32592,0.04765384
32593,0.2855824
32594,0.10703876
32595,0.025137104
32596,0.054069735
32597,0.01717594
32598,0.03213433
32599,0.10849934
32600,0.34670988
32601,0.7355769
32602,0.5977488
32603,0.03887335
32604,0.10606807
32605,0.097377196
32606,0.20177928
32607,0.10525519
32608,0.037748244
32609,0.08419317
32610,0.1261759
32611,0.030537352
32612,0.46159455
32613,0.14707303
32614,0.28841838
32615,0.59687424
32616,0.08385187
32617,0.021407072
32618,0.6037452
32619,0.07775308
32620,0.33982542
32621,0.116559245
32622,0.05453468
32623,0.026273182
32624,0.13122769
32625,0.07992178
32626,0.23693816
32627,0.20216243
32628,0.045335688
32629,0.038846377
32630,0.051674645
32631,0.25328192
32632,0.08061658
32633,0.02974229
32634,0.063955516
32635,0.089795195
32636,0.14891596
32637,0.03324042
32638,0.07067816
32639,0.013576351
32640,0.029215368
32641,0.06899411
32642,0.25748155
32643,0.06396725
32644,0.3729683
32645,0.03146984
32646,0.046587944
32647,0.02327606
32648,0.014505524
32649,0.4783601
32650,0.12933831
32651,0.0923933
32652,0.4129958
32653,0.5697777
32654,0.10594839
32655,0.07217216
32656,0.015631992
32657,0.01666124
32658,0.051267795
32659,0.09391984
32660,0.11922097
32661,0.26062766
32662,0.464634
32663,0.01680021
32664,0.058243252
32665,0.028404763
32666,0.021546485
32667,0.045238517
32668,0.27720803
32669,0.019722726
32670,0.04877323
32671,0.014505524
32672,0.014505524
32673,0.0508787
32674,0.04051058
32675,0.06923792
32676,0.3251316
32677,0.64093953
32678,0.15208481
32679,0.018747058
32680,0.07214546
32681,0.082834855
32682,0.045200985
32683,0.15773907
32684,0.18611933
32685,0.093149655
32686,0.1030437
32687,0.07981864
32688,0.03772702
32689,0.03669668
32690,0.037489332
32691,0.1359969
32692,0.058191106
32693,0.14191863
32694,0.017257953
32695,0.033792708
32696,0.040785357
32697,0.024193183
32698,0.02143054
32699,0.03268836
32700,0.05840073
32701,0.022624094
32702,0.04594731
32703,0.5126668
32704,0.40732852
32705,0.03309985
32706,0.042112503
32707,0.13004152
32708,0.07164551
32709,0.022450646
32710,0.055869218
32711,0.016341917
32712,0.029222239
32713,0.23991355
32714,0.036077283
32715,0.029379582
32716,0.04724829
32717,0.08334251
32718,0.06518562
32719,0.29770288
32720,0.29324356
32721,0.2884386
32722,0.05949159
32723,0.046674345
32724,0.028926536
32725,0.05652028
32726,0.047666833
32727,0.25790122
32728,0.072888866
32729,0.61592495
32730,0.122326314
32731,0.018188026
32732,0.123528704
32733,0.049202386
32734,0.057555452
32735,0.018156465
32736,0.01432903
32737,0.0740584
32738,0.027117562
32739,0.03985165
32740,0.10100405
32741,0.056534793
32742,0.11991455
32743,0.060654692
32744,0.12638547
32745,0.20460738
32746,0.39092273
32747,0.073398896
32748,0.0347818
32749,0.095774636
32750,0.017172128
32751,0.05101611
32752,0.023457462
32753,0.0141771035
32754,0.08832662
32755,0.053969383
32756,0.13055153
32757,0.032346744
32758,0.10792732
32759,0.05420154
32760,0.06882832
32761,0.028204516
32762,0.01615684
32763,0.17052336
32764,0.11245955
32765,0.030426752
32766,0.015226563
32767,0.032992087
32768,0.038015496
32769,0.08797425
32770,0.084359914
32771,0.14944302
32772,0.11194023
32773,0.3240066
32774,0.18262672
32775,0.25698256
32776,0.015009942
32777,0.10350954
32778,0.05700371
32779,0.070185825
32780,0.10774304
32781,0.097900085
32782,0.031178206
32783,0.014791477
32784,0.048806895
32785,0.06486971
32786,0.043362774
32787,0.047151458
32788,0.013805003
32789,0.14463376
32790,0.017258566
32791,0.060010195
32792,0.16432823
32793,0.059724748
32794,0.13286617
32795,0.50158656
32796,0.107892126
32797,0.16360329
32798,0.07259162
32799,0.09862827
32800,0.07181054
32801,0.10370201
32802,0.054081205
32803,0.0152604235
32804,0.019326407
32805,0.26420286
32806,0.107564494
32807,0.075327106
32808,0.055304077
32809,0.061491784
32810,0.039666764
32811,0.016757105
32812,0.02689344
32813,0.04931008
32814,0.49148366
32815,0.058726538
32816,0.05469717
32817,0.115505174
32818,0.7346468
32819,0.07489568
32820,0.017331043
32821,0.17149
32822,0.06038315
32823,0.122360796
32824,0.3323292
32825,0.06236024
32826,0.019565834
32827,0.07045108
32828,0.1496252
32829,0.10342
32830,0.22276214
32831,0.03355989
32832,0.22608995
32833,0.085702375
32834,0.01432903
32835,0.066195115
32836,0.027510393
32837,0.124421224
32838,0.072222956
32839,0.016290814
32840,0.12740523
32841,0.13401213
32842,0.26062506
32843,0.1052119
32844,0.04018958
32845,0.118966825
32846,0.15857448
32847,0.22617531
32848,0.05855276
32849,0.015500943
32850,0.058467384
32851,0.020746093
32852,0.12058787
32853,0.6090138
32854,0.03454621
32855,0.1477314
32856,0.42600563
32857,0.20228842
32858,0.027149957
32859,0.017998971
32860,0.016384125
32861,0.048986375
32862,0.058426037
32863,0.33209243
32864,0.33741415
32865,0.066572905
32866,0.07281469
32867,0.13069485
32868,0.13938165
32869,0.1244259
32870,0.14283465
32871,0.3508401
32872,0.10726883
32873,0.053268757
32874,0.0906455
32875,0.08316189
32876,0.20460139
32877,0.8714302
32878,0.05018382
32879,0.42273828
32880,0.015306851
32881,0.04996112
32882,0.26179433
32883,0.022079537
32884,0.05018888
32885,0.095385335
32886,0.017632615
32887,0.05057228
32888,0.6244256
32889,0.03726523
32890,0.09275198
32891,0.34781697
32892,0.12087603
32893,0.18809912
32894,0.3651869
32895,0.2971873
32896,0.023169082
32897,0.18989977
32898,0.103969835
32899,0.14409153
32900,0.98188937
32901,0.46224305
32902,0.53032243
32903,0.027306562
32904,0.2456122
32905,0.04967678
32906,0.022117667
32907,0.018553043
32908,0.014791477
32909,0.015502876
32910,0.057105184
32911,0.013805003
32912,0.031420924
32913,0.06842005
32914,0.09781186
32915,0.10604962
32916,0.11361764
32917,0.11185885
32918,0.23241569
32919,0.16078137
32920,0.026676808
32921,0.0989349
32922,0.26065046
32923,0.0226793
32924,0.059084073
32925,0.9768452
32926,0.85278517
32927,0.7046938
32928,0.013805003
32929,0.018221103
32930,0.14590439
32931,0.44854894
32932,0.100804254
32933,0.05985848
32934,0.049688406
32935,0.070778444
32936,0.052394345
32937,0.014594179
32938,0.45436478
32939,0.015473155
32940,0.03237281
32941,0.11217267
32942,0.11869961
32943,0.04988383
32944,0.053764127
32945,0.3246651
32946,0.14469309
32947,0.023415439
32948,0.117201775
32949,0.11314467
32950,0.10066266
32951,0.98235005
32952,0.84828687
32953,0.73207223
32954,0.014385909
32955,0.016113352
32956,0.050872095
32957,0.022422194
32958,0.47520968
32959,0.09019264
32960,0.25247103
32961,0.041041818
32962,0.1324366
32963,0.023444293
32964,0.1563531
32965,0.123281516
32966,0.21116044
32967,0.1713036
32968,0.5073433
32969,0.60027236
32970,0.16240796
32971,0.11993684
32972,0.089421384
32973,0.05361314
32974,0.11816403
32975,0.050669804
32976,0.044607695
32977,0.10583237
32978,0.15421855
32979,0.07176633
32980,0.1580139
32981,0.02203942
32982,0.97981423
32983,1.0
32984,0.96674544
32985,0.08465824
32986,0.039670687
32987,0.15458381
32988,0.48589513
32989,0.026343891
32990,0.018335896
32991,0.019457044
32992,0.03532118
32993,0.09907516
32994,0.048448995
32995,0.3658636
32996,0.98558205
32997,0.064219855
32998,0.10975783
32999,0.06955221
33000,0.1252296
33001,0.060637146
33002,0.15090531
33003,0.26997682
33004,0.12842152
33005,0.11121198
33006,0.14047638
33007,0.049547944
33008,0.028487332
33009,0.44361877
33010,0.3970801
33011,0.25125667
33012,0.11161236
33013,0.02196376
33014,0.096873045
33015,0.087664105
33016,0.1688083
33017,0.031925727
33018,0.047773194
33019,0.035804436
33020,0.032634243
33021,0.039441355
33022,0.04668503
33023,0.32111672
33024,0.6029462
33025,0.2362302
33026,0.14566842
33027,0.12414578
33028,0.12719585
33029,0.12527487
33030,0.636806
33031,0.07084431
33032,0.026262414
33033,0.032157257
33034,0.028040634
33035,0.13556516
33036,0.17009503
33037,0.12687215
33038,0.5605165
33039,0.26024833
33040,0.1333906
33041,1.0
33042,0.24321508
33043,0.1686263
33044,0.25453898
33045,0.018171804
33046,0.041320484
33047,0.43026605
33048,0.058828287
33049,0.03489643
33050,0.039253753
33051,0.043794893
33052,0.11730506
33053,0.4196639
33054,0.43572724
33055,0.27400735
33056,0.43479565
33057,0.12674154
33058,0.13737327
33059,0.374771
33060,0.022082046
33061,0.16306108
33062,0.10451131
33063,0.04429045
33064,0.5344822
33065,0.24785484
33066,0.050420467
33067,0.63628256
33068,0.3899719
33069,0.16005567
33070,0.14768831
33071,0.10575447
33072,0.014734176
33073,0.016190097
33074,0.024535049
33075,0.05559945
33076,0.094187625
33077,0.0942352
33078,0.12241569
33079,0.43186077
33080,0.74843353
33081,0.4450675
33082,0.20009789
33083,0.4945632
33084,0.120171554
33085,0.07935941
33086,0.07467968
33087,0.14761668
33088,0.33831885
33089,0.097391866
33090,0.022533068
33091,0.07553092
33092,0.10957705
33093,0.017007522
33094,0.040053584
33095,0.08140225
33096,0.021076981
33097,0.016276535
33098,0.08501467
33099,0.052825518
33100,0.06985093
33101,0.31269333
33102,0.21784255
33103,0.27708164
33104,0.72911185
33105,0.7150573
33106,0.25940645
33107,0.18663938
33108,0.04376722
33109,0.019661386
33110,0.046268657
33111,0.12674695
33112,0.037668295
33113,0.9779732
33114,0.074058495
33115,0.016732717
33116,0.08088472
33117,0.058402665
33118,0.17274395
33119,0.027547205
33120,0.046961766
33121,0.01721436
33122,0.036148276
33123,0.017343832
33124,0.019770524
33125,0.036588106
33126,0.08886948
33127,0.11100538
33128,0.70772153
33129,0.37937033
33130,0.32987627
33131,0.99415255
33132,0.41083428
33133,0.46336988
33134,0.16080877
33135,0.03566944
33136,0.029759105
33137,0.03071717
33138,0.053777456
33139,0.045121755
33140,0.04414571
33141,0.063876204
33142,0.46471125
33143,0.100928135
33144,0.3662573
33145,0.0231248
33146,0.14036976
33147,0.13728906
33148,0.22009243
33149,0.2478309
33150,0.06832007
33151,0.023689955
33152,0.039972387
33153,0.14046763
33154,0.9838795
33155,0.32435918
33156,0.7578627
33157,0.39075965
33158,0.26179287
33159,0.18105184
33160,0.2566233
33161,0.045076817
33162,0.018935945
33163,0.022911483
33164,0.022355914
33165,0.1397362
33166,0.112242594
33167,0.11801811
33168,0.29242125
33169,0.020743638
33170,0.080248155
33171,0.2629608
33172,0.0439763
33173,0.015306851
33174,0.12552659
33175,0.31828386
33176,0.029404124
33177,0.2849237
33178,0.14224054
33179,0.085337736
33180,0.12294096
33181,0.10794892
33182,0.07196859
33183,0.026886942
33184,0.13339749
33185,0.13328831
33186,0.030776469
33187,0.018241012
33188,0.10856189
33189,0.01432903
33190,0.09671001
33191,0.029708222
33192,0.026521916
33193,0.12571475
33194,0.03855113
33195,0.05100134
33196,0.047763806
33197,0.18003221
33198,0.391102
33199,0.6607797
33200,0.1631703
33201,0.018082052
33202,0.01770521
33203,0.024977388
33204,0.0444761
33205,0.067771755
33206,0.12098966
33207,0.017201608
33208,0.026335359
33209,0.059383187
33210,0.016384125
33211,0.019780926
33212,0.013805003
33213,0.09288451
33214,0.095657974
33215,0.43674543
33216,0.015521218
33217,0.01606196
33218,0.029668031
33219,0.06296482
33220,0.1140102
33221,0.4375858
33222,0.17028613
33223,0.0151934
33224,0.014791477
33225,0.21896806
33226,0.015306851
33227,0.049521744
33228,0.015847232
33229,0.062805876
33230,0.13970463
33231,0.048951272
33232,0.019012515
33233,0.014734176
33234,0.29466224
33235,0.12610762
33236,0.016771892
33237,0.030943837
33238,0.120423876
33239,0.060201876
33240,0.04578093
33241,0.027042538
33242,0.038934506
33243,0.05264445
33244,0.40606466
33245,0.0457973
33246,0.017529927
33247,0.04205378
33248,0.055842426
33249,0.057657506
33250,0.1964283
33251,0.118302025
33252,0.330967
33253,0.13454154
33254,0.023539517
33255,0.015457714
33256,0.04571974
33257,0.10712928
33258,0.026601369
33259,0.3430522
33260,0.063812934
33261,0.12310757
33262,0.023079973
33263,0.07251916
33264,0.056436
33265,0.47289768
33266,0.69513136
33267,0.14685196
33268,0.091857925
33269,0.015770288
33270,0.10411989
33271,0.052149408
33272,0.07585959
33273,0.14546715
33274,0.10925424
33275,0.09617822
33276,1.0
33277,0.017007522
33278,0.0892895
33279,0.13678229
33280,0.07552399
33281,0.023808094
33282,0.1488383
33283,0.44142133
33284,0.06762886
33285,0.24933308
33286,0.029105952
33287,0.016115353
33288,0.07271629
33289,0.027515333
33290,0.088502154
33291,0.038386986
33292,0.037050143
33293,0.055538032
33294,0.070192456
33295,0.02680654
33296,0.053276036
33297,0.11779371
33298,0.035678383
33299,0.096326664
33300,0.029102437
33301,0.024523754
33302,0.08081493
33303,0.08688304
33304,0.022023343
33305,0.021465193
33306,0.05388089
33307,0.97831756
33308,0.04501075
33309,0.16702847
33310,0.05572702
33311,0.036173493
33312,0.051583745
33313,0.046390068
33314,0.015230952
33315,0.018421914
33316,0.4137966
33317,0.030738028
33318,0.013805003
33319,0.013887241
33320,0.04408758
33321,0.2621246
33322,0.020543722
33323,0.11524072
33324,0.033372913
33325,0.02196376
33326,0.013805003
33327,0.40632078
33328,0.022082046
33329,0.017404594
33330,0.01364182
33331,0.019490056
33332,0.056552485
33333,0.013805003
33334,0.029501732
33335,0.13467103
33336,0.062047314
33337,0.015580057
33338,0.10530102
33339,0.15755415
33340,0.12977704
33341,0.056282755
33342,0.057195548
33343,0.032975525
33344,0.065325275
33345,0.017899295
33346,0.057517122
33347,0.13627207
33348,0.13701162
33349,0.013805003
33350,0.014052297
33351,0.048110172
33352,0.022706494
33353,0.01484035
33354,0.018645803
33355,0.08461452
33356,0.060734026
33357,0.10734829
33358,0.18067436
33359,0.3821151
33360,0.01432903
33361,0.015580057
33362,0.036549196
33363,0.015621938
33364,0.018441137
33365,0.017174356
33366,0.02863615
33367,0.01432903
33368,0.13005976
33369,0.031892568
33370,0.029358193
33371,0.015306851
33372,0.015009942
33373,0.04298918
33374,0.01563657
33375,0.01610482
33376,0.013805003
33377,0.15441635
33378,0.038447104
33379,0.0437003
33380,0.028024025
33381,0.015743257
33382,0.11702744
33383,0.015473155
33384,0.063025
33385,0.01432903
33386,0.46496627
33387,0.13559799
33388,0.05685381
33389,0.10084779
33390,0.0151934
33391,0.09055545
33392,0.030340958
33393,0.014734176
33394,0.17146027
33395,0.017519435
33396,0.10883896
33397,0.17440909
33398,0.026232388
33399,0.044277385
33400,0.030618919
33401,0.02203942
33402,0.01432903
33403,0.014883578
33404,0.049016345
33405,0.02238292
33406,0.014443319
33407,0.013887241
33408,0.10913363
33409,0.072230905
33410,0.26482257
33411,0.016479436
33412,0.016445223
33413,0.024379045
33414,0.014052297
33415,0.048952404
33416,0.020817608
33417,0.03656572
33418,0.031232081
33419,0.0151934
33420,0.030073995
33421,0.29066765
33422,0.25838774
33423,0.01873462
33424,0.15956533
33425,0.015306851
33426,0.017167784
33427,0.02767799
33428,0.0149695845
33429,0.017604481
33430,0.037270367
33431,0.034758102
33432,0.02024197
33433,0.028159952
33434,0.027537258
33435,0.03709174
33436,0.032943707
33437,0.14723843
33438,0.033689853
33439,0.05547288
33440,0.3847115
33441,0.044467412
33442,0.11655816
33443,0.030430434
33444,0.32544556
33445,0.24835236
33446,0.031026123
33447,0.29024273
33448,0.13685618
33449,0.41505724
33450,0.17932233
33451,0.088749625
33452,0.0822508
33453,0.022450646
33454,0.3174663
33455,0.8538306
33456,0.24648942
33457,0.057890944
33458,0.13966528
33459,0.34561923
33460,0.11699064
33461,0.014845273
33462,0.02676036
33463,0.064517975
33464,0.01764992
33465,0.01866325
33466,0.108751245
33467,0.2712538
33468,0.7355769
33469,0.7276048
33470,0.040313438
33471,0.055366363
33472,0.110601194
33473,0.19335853
33474,0.067712486
33475,0.0395412
33476,0.1425611
33477,0.06897684
33478,0.027551664
33479,0.48373443
33480,0.23082976
33481,0.40094745
33482,0.84604675
33483,0.24076052
33484,0.601966
33485,0.10736694
33486,0.21246435
33487,0.11185293
33488,0.055169236
33489,0.03185388
33490,0.14637505
33491,0.021794168
33492,0.07180837
33493,0.08478182
33494,0.16889602
33495,0.030406626
33496,0.049018495
33497,0.12294287
33498,0.2464482
33499,0.07638775
33500,0.02974229
33501,0.054748286
33502,0.06615585
33503,0.105818704
33504,0.04132349
33505,0.029847011
33506,0.021955637
33507,0.040476635
33508,0.20056461
33509,0.14237626
33510,0.17615198
33511,0.021513445
33512,0.05274363
33513,0.044194903
33514,0.60821134
33515,0.1616125
33516,0.10170731
33517,0.44851267
33518,0.71939325
33519,0.013576351
33520,0.102958284
33521,0.058238577
33522,0.015893359
33523,0.04253736
33524,0.01666124
33525,0.037103053
33526,0.05975325
33527,0.14247729
33528,0.07474963
33529,0.26062766
33530,0.60491407
33531,0.21987581
33532,0.052100487
33533,0.02492637
33534,0.017520009
33535,0.028551923
33536,0.3285597
33537,0.04673635
33538,0.14498107
33539,0.031402484
33540,0.25309873
33541,0.6473494
33542,0.24411438
33543,0.0178534
33544,0.0152863525
33545,0.050480045
33546,0.08310105
33547,0.026558077
33548,0.18698533
33549,0.18611933
33550,0.10820662
33551,0.12544788
33552,0.095899016
33553,0.034820393
33554,0.038052615
33555,0.036982387
33556,0.03930085
33557,0.113748655
33558,0.08357917
33559,0.143133
33560,0.01614391
33561,0.028343374
33562,0.033043668
33563,0.019243088
33564,0.020104868
33565,0.038554266
33566,0.05840073
33567,0.020163842
33568,0.04848958
33569,0.5126668
33570,0.39945292
33571,0.043322615
33572,0.04185496
33573,0.028021295
33574,0.11673545
33575,0.07744504
33576,0.054064322
33577,0.016341917
33578,0.027867975
33579,0.014539617
33580,0.23991355
33581,0.041722372
33582,0.04079797
33583,0.04349969
33584,0.013805003
33585,0.08279204
33586,0.06279508
33587,0.30207142
33588,0.2928599
33589,0.31149012
33590,0.05959352
33591,0.04520762
33592,0.01705115
33593,0.06675411
33594,0.045105346
33595,0.23975064
33596,0.04932825
33597,0.57774794
33598,0.10862567
33599,0.02218216
33600,0.122319244
33601,0.051341597
33602,0.056203052
33603,0.01890635
33604,0.01432903
33605,0.0151934
33606,0.10573556
33607,0.023274787
33608,0.03753972
33609,0.10649132
33610,0.052037362
33611,0.085394174
33612,0.08031489
33613,0.12210841
33614,0.21018058
33615,0.4039525
33616,0.06585934
33617,0.03092581
33618,0.09775765
33619,0.016790576
33620,0.049586717
33621,0.02146091
33622,0.09743056
33623,0.07371917
33624,0.103519514
33625,0.049028654
33626,0.12856106
33627,0.06479947
33628,0.040527955
33629,0.016771892
33630,0.023860628
33631,0.1636061
33632,0.02675013
33633,0.10205844
33634,0.06666676
33635,0.014734176
33636,0.036339395
33637,0.04041346
33638,0.102191165
33639,0.076146916
33640,0.12237236
33641,0.10856421
33642,0.28678977
33643,0.15411384
33644,0.26109886
33645,0.015009942
33646,0.09895012
33647,0.015412358
33648,0.05680434
33649,0.05377054
33650,0.087407075
33651,0.05213346
33652,0.046028543
33653,0.04759565
33654,0.044852216
33655,0.06870492
33656,0.06377064
33657,0.020949949
33658,0.027221726
33659,0.11114301
33660,0.017809914
33661,0.05802755
33662,0.1523596
33663,0.056237817
33664,0.12577468
33665,0.48857293
33666,0.109030716
33667,0.117476724
33668,0.06346407
33669,0.11769391
33670,0.080786355
33671,0.09671178
33672,0.05748724
33673,0.014385909
33674,0.014885034
33675,0.0271478
33676,0.26275072
33677,0.07850665
33678,0.08290768
33679,0.06398299
33680,0.049711905
33681,0.017913762
33682,0.01897571
33683,0.020735953
33684,0.054565668
33685,0.4854001
33686,0.05862021
33687,0.05794792
33688,0.12114653
33689,0.7313556
33690,0.08466575
33691,0.01718533
33692,0.15681094
33693,0.062315594
33694,0.16202156
33695,0.33210123
33696,0.07160894
33697,0.048142023
33698,0.14910842
33699,0.10342
33700,0.19284035
33701,0.038004983
33702,0.25083524
33703,0.07189252
33704,0.06377133
33705,0.01833186
33706,0.10476492
33707,0.07682643
33708,0.017008867
33709,0.12225166
33710,0.1240845
33711,0.26004556
33712,0.09919158
33713,0.039871097
33714,0.11743438
33715,0.1403605
33716,0.25862673
33717,0.05730861
33718,0.069087714
33719,0.020746093
33720,0.09402806
33721,0.6483785
33722,0.03356839
33723,0.12760381
33724,0.4266015
33725,0.19380192
33726,0.022458581
33727,0.016084533
33728,0.015502876
33729,0.051102877
33730,0.052731402
33731,0.33208653
33732,0.32214442
33733,0.07350196
33734,0.08662679
33735,0.2317455
33736,0.24106869
33737,0.12095979
33738,0.13888668
33739,0.26024833
33740,0.10984587
33741,0.054487783
33742,0.10661455
33743,0.08542918
33744,0.30710363
33745,0.8367044
33746,0.036350563
33747,0.41165796
33748,0.015183152
33749,0.05100305
33750,0.19576277
33751,0.016889893
33752,0.019935407
33753,0.05803588
33754,0.087307796
33755,0.017632615
33756,0.053217247
33757,0.60172063
33758,0.035074335
33759,0.09220757
33760,0.3567744
33761,0.12075534
33762,0.19112949
33763,0.37711802
33764,0.42435786
33765,0.022562178
33766,0.17342977
33767,0.08353521
33768,0.11779397
33769,0.98188937
33770,0.46190104
33771,0.34256867
33772,0.030301303
33773,0.21173252
33774,0.051153976
33775,0.021564327
33776,0.03071157
33777,0.027037792
33778,0.055050172
33779,0.014052297
33780,0.015502876
33781,0.028784048
33782,0.07214291
33783,0.097551346
33784,0.09937183
33785,0.11650346
33786,0.10651338
33787,0.15259531
33788,0.12151334
33789,0.098684505
33790,0.26824564
33791,0.01721436
33792,0.051748537
33793,0.9768452
33794,0.850504
33795,0.8507267
33796,0.022276131
33797,0.14138801
33798,0.39996025
33799,0.10139484
33800,0.06466775
33801,0.01432903
33802,0.049739115
33803,0.06952688
33804,0.05111546
33805,0.015230853
33806,0.45533383
33807,0.016113352
33808,0.02865228
33809,0.117119536
33810,0.10946868
33811,0.05530337
33812,0.054172814
33813,0.3246651
33814,0.11526583
33815,0.023415439
33816,0.089433275
33817,0.10778262
33818,0.09674775
33819,0.98235005
33820,0.7531177
33821,0.7332022
33822,0.05142881
33823,0.022325233
33824,0.48531598
33825,0.09155681
33826,0.23450126
33827,0.03922406
33828,0.11021799
33829,0.027556077
33830,0.12285946
33831,0.11802814
33832,0.11692134
33833,0.1999481
33834,0.5073433
33835,0.6184083
33836,0.13447966
33837,0.12412543
33838,0.090815805
33839,0.04720333
33840,0.112839475
33841,0.05236373
33842,0.044455286
33843,0.022276131
33844,0.11185316
33845,0.13455082
33846,0.07400733
33847,0.16775714
33848,0.023796657
33849,0.97981423
33850,1.0
33851,0.96674544
33852,0.09021489
33853,0.04342443
33854,0.16467814
33855,0.5291805
33856,0.021555236
33857,0.01923654
33858,0.018561218
33859,0.09707599
33860,0.055968285
33861,0.3817837
33862,0.98558205
33863,0.06170219
33864,0.12611423
33865,0.07775917
33866,0.14116837
33867,0.058971543
33868,0.15044445
33869,0.26027128
33870,0.032921296
33871,0.079640046
33872,0.11026019
33873,0.107978374
33874,0.043246083
33875,0.039856657
33876,0.44145626
33877,0.39836404
33878,0.24869616
33879,0.082543924
33880,0.02196376
33881,0.087525316
33882,0.075459026
33883,0.17130995
33884,0.058366276
33885,0.05289106
33886,0.041721698
33887,0.02188114
33888,0.039679203
33889,0.048234377
33890,0.32464296
33891,0.8121344
33892,0.16654766
33893,0.21940184
33894,0.11658161
33895,0.12065328
33896,0.118882895
33897,0.6683721
33898,0.05141635
33899,0.030347465
33900,0.03885371
33901,0.0345195
33902,0.12323049
33903,0.18290177
33904,0.16912864
33905,0.583032
33906,0.26345247
33907,0.118293785
33908,1.0
33909,0.13497509
33910,0.01657057
33911,0.19118926
33912,0.2586111
33913,0.022216102
33914,0.041526426
33915,0.25447205
33916,0.06065868
33917,0.02921955
33918,0.039572317
33919,0.04391759
33920,0.1266858
33921,0.42125604
33922,0.43471894
33923,0.27400735
33924,0.4243081
33925,0.12473791
33926,0.125413
33927,0.25211486
33928,0.016113352
33929,0.022771087
33930,0.16569059
33931,0.07261878
33932,0.044397965
33933,0.54201066
33934,0.22462845
33935,0.045179754
33936,0.666339
33937,0.2954806
33938,0.14918503
33939,0.113389656
33940,0.10903372
33941,0.034363877
33942,0.014791477
33943,0.024698231
33944,0.055974253
33945,0.09484891
33946,0.09350129
33947,0.122256964
33948,0.43350035
33949,0.73323184
33950,0.44509014
33951,0.24195012
33952,0.5114407
33953,0.108485185
33954,0.08060108
33955,0.07404372
33956,0.14366437
33957,0.2673527
33958,0.07355252
33959,0.022533068
33960,0.07331279
33961,0.11552193
33962,0.038243704
33963,0.07655203
33964,0.031240596
33965,0.017078452
33966,0.016384125
33967,0.0151934
33968,0.039726578
33969,0.05784908
33970,0.051655944
33971,0.07452975
33972,0.33268282
33973,0.21187715
33974,0.27778292
33975,0.80488724
33976,0.7288815
33977,0.26118296
33978,0.14691024
33979,0.040691
33980,0.022175625
33981,0.048162248
33982,0.13054942
33983,0.026351659
33984,0.9779732
33985,0.04556831
33986,0.017007522
33987,0.085829854
33988,0.06708786
33989,0.16295384
33990,0.05221231
33991,0.04733813
33992,0.01721436
33993,0.03614982
33994,0.017632615
33995,0.038059514
33996,0.089857474
33997,0.112602815
33998,0.7001069
33999,0.36565566
34000,0.31159145
34001,0.9918451
34002,0.41110745
34003,0.46781182
34004,0.11654043
34005,0.030156154
34006,0.032027483
34007,0.024988007
34008,0.07210167
34009,0.0486009
34010,0.04618313
34011,0.11143561
34012,0.4643647
34013,0.0902488
34014,0.36806604
34015,0.027096689
34016,0.12340123
34017,0.10842504
34018,0.19090413
34019,0.24600245
34020,0.057658624
34021,0.023920743
34022,0.041888017
34023,0.12160483
34024,0.986187
34025,0.34124115
34026,0.7578627
34027,0.40256816
34028,0.2612556
34029,0.13446732
34030,0.2566233
34031,0.04486125
34032,0.015523116
34033,0.023648122
34034,0.014734176
34035,0.0313053
34036,0.022718895
34037,0.11311468
34038,0.13378336
34039,0.12046758
34040,0.26783505
34041,0.019154252
34042,0.059074864
34043,0.25978905
34044,0.031257227
34045,0.015306851
34046,0.014734176
34047,0.11003067
34048,0.23591913
34049,0.026598891
34050,0.28538582
34051,0.2094703
34052,0.08475943
34053,0.13415717
34054,0.02375573
34055,0.12128571
34056,0.092434354
34057,0.031367004
34058,0.13551013
34059,0.13143934
34060,0.029846359
34061,0.01397821
34062,0.16278978
34063,0.015502876
34064,0.09018324
34065,0.028263878
34066,0.12316676
34067,0.038069606
34068,0.06009151
34069,0.04828188
34070,0.17314965
34071,0.26068157
34072,0.66798395
34073,0.16459633
34074,0.015306851
34075,0.01680056
34076,0.023117468
34077,0.02250369
34078,0.041056048
34079,0.06728
34080,0.14698465
34081,0.015230853
34082,0.025025502
34083,0.015306851
34084,0.05402373
34085,0.02767799
34086,0.015230853
34087,0.016652541
34088,0.09160235
34089,0.09881388
34090,0.45055285
34091,0.015306851
34092,0.023687355
34093,0.03224161
34094,0.06477652
34095,0.11311074
34096,0.43883327
34097,0.16081774
34098,0.23242612
34099,0.015306851
34100,0.036025763
34101,0.015847232
34102,0.06649816
34103,0.1703164
34104,0.08157344
34105,0.014734176
34106,0.014791477
34107,0.019148765
34108,0.014734176
34109,0.33175984
34110,0.05661419
34111,0.015580057
34112,0.03253825
34113,0.1250335
34114,0.06031783
34115,0.043435384
34116,0.017828044
34117,0.03333604
34118,0.051455114
34119,0.38999265
34120,0.04269502
34121,0.023351489
34122,0.047981843
34123,0.051963698
34124,0.05517585
34125,0.26126662
34126,0.08529188
34127,0.26137745
34128,0.09026166
34129,0.023129042
34130,0.015132764
34131,0.057747256
34132,0.13381633
34133,0.025626663
34134,0.33765218
34135,0.1604123
34136,0.017759746
34137,0.07003132
34138,0.053703412
34139,0.01687966
34140,0.48098004
34141,0.6441512
34142,0.16582444
34143,0.12273215
34144,0.015580057
34145,0.10829027
34146,0.048867654
34147,0.06553172
34148,0.13726848
34149,0.105806306
34150,0.09776296
34151,1.0
34152,0.017007522
34153,0.06631661
34154,0.016889893
34155,0.074426115
34156,0.06850819
34157,0.018306758
34158,0.16072142
34159,0.46693736
34160,0.07655361
34161,0.24789241
34162,0.026404314
34163,0.120284304
34164,0.037036076
34165,0.08672541
34166,0.03676764
34167,0.025447974
34168,0.050625656
34169,0.05764668
34170,0.025173046
34171,0.044046987
34172,0.048956588
34173,0.020899173
34174,0.14022404
34175,0.037878454
34176,0.08239377
34177,0.023687355
34178,0.025673402
34179,0.08247331
34180,0.08684737
34181,0.05388089
34182,0.97831756
34183,0.045904737
34184,0.16561875
34185,0.045848962
34186,0.031299178
34187,0.047762606
34188,0.04592682
34189,0.017828044
34190,0.4245502
34191,0.024140202
34192,0.013887241
34193,0.042517237
34194,0.2562757
34195,0.047829278
34196,0.11408361
34197,0.0388391
34198,0.02196376
34199,0.055282246
34200,0.28127128
34201,0.021363616
34202,0.017404594
34203,0.017058589
34204,0.0151934
34205,0.053271756
34206,0.013805003
34207,0.030366095
34208,0.24960202
34209,0.059404444
34210,0.017083978
34211,0.07642271
34212,0.15313452
34213,0.14695689
34214,0.06556401
34215,0.060799643
34216,0.033240486
34217,0.06065628
34218,0.016401628
34219,0.085325144
34220,0.1635417
34221,0.17245118
34222,0.015009942
34223,0.023255907
34224,0.014052297
34225,0.016119258
34226,0.01759868
34227,0.01692275
34228,0.019295072
34229,0.021031044
34230,0.0699643
34231,0.049925935
34232,0.14164455
34233,0.019225711
34234,0.15097588
34235,0.38726455
34236,0.016204812
34237,0.0153692905
34238,0.01740462
34239,0.037173674
34240,0.014052297
34241,0.016849414
34242,0.02784377
34243,0.015306851
34244,0.016084533
34245,0.01432903
34246,0.08175088
34247,0.027541772
34248,0.045958675
34249,0.015306851
34250,0.043131344
34251,0.044046987
34252,0.016475584
34253,0.013805003
34254,0.15981595
34255,0.026636275
34256,0.04321412
34257,0.026432501
34258,0.10720844
34259,0.02238292
34260,0.014689491
34261,0.01432903
34262,0.460245
34263,0.063453354
34264,0.054579366
34265,0.124856584
34266,0.0151934
34267,0.084043175
34268,0.033647142
34269,0.014734176
34270,0.12725401
34271,0.018320624
34272,0.14378983
34273,0.25384507
34274,0.022613363
34275,0.029332975
34276,0.056675497
34277,0.024020493
34278,0.02203231
34279,0.01432903
34280,0.040662404
34281,0.014689491
34282,0.12855846
34283,0.066738375
34284,0.013805003
34285,0.2951323
34286,0.018730704
34287,0.023856852
34288,0.014052297
34289,0.01364182
34290,0.050301183
34291,0.018872611
34292,0.037475474
34293,0.015850842
34294,0.029471446
34295,0.014734176
34296,0.0151934
34297,0.023957577
34298,0.32027724
34299,0.19076848
34300,0.02669106
34301,0.14761524
34302,0.017167784
34303,0.020482678
34304,0.019731075
34305,0.029938456
34306,0.042645384
34307,0.03380603
34308,0.0317202
34309,0.027537258
34310,0.1135317
34311,0.03920043
34312,0.3923289
34313,0.03520886
34314,0.10075081
34315,0.061957963
34316,0.12353376
34317,0.3217116
34318,0.031583954
34319,0.24789013
34320,0.08586539
34321,0.4163227
34322,0.07505794
34323,0.14791147
34324,0.08105732
34325,0.02176754
34326,0.12017587
34327,0.305166
34328,0.85175544
34329,0.32357877
34330,0.08198208
34331,0.040657103
34332,0.3571315
34333,0.08727856
34334,0.014824304
34335,0.03246261
34336,0.035574768
34337,0.015587307
34338,0.021985155
34339,0.08334994
34340,0.31821817
34341,0.6537596
34342,0.6414293
34343,0.0364289
34344,0.055743504
34345,0.113290146
34346,0.24863032
34347,0.06930992
34348,0.041859023
34349,0.14644231
34350,0.14117122
34351,0.03407408
34352,0.45958185
34353,0.24008766
34354,0.25342464
34355,0.59484947
34356,0.122003056
34357,0.027255462
34358,0.6427585
34359,0.09839421
34360,0.230516
34361,0.07055424
34362,0.09048448
34363,0.025737902
34364,0.16069846
34365,0.07656486
34366,0.14345214
34367,0.06530615
34368,0.027146028
34369,0.06416321
34370,0.09002022
34371,0.29245037
34372,0.048044942
34373,0.056699645
34374,0.062859416
34375,0.11221122
34376,0.03754147
34377,0.033383157
34378,0.021548754
34379,0.044884887
34380,0.16944697
34381,0.11777613
34382,0.18796672
34383,0.016831638
34384,0.0272145
34385,0.04052854
34386,0.022888815
34387,0.01677887
34388,0.5515927
34389,0.1519256
34390,0.110790946
34391,0.4607423
34392,0.5697777
34393,0.104120806
34394,0.05589192
34395,0.01823172
34396,0.0288773
34397,0.037103053
34398,0.014505524
34399,0.11985889
34400,0.06588598
34401,0.064133205
34402,0.19329137
34403,0.5365815
34404,0.016985707
34405,0.21987581
34406,0.042208876
34407,0.038139597
34408,0.026987197
34409,0.3045625
34410,0.021510264
34411,0.04473305
34412,0.13711697
34413,0.025525475
34414,0.3942796
34415,0.59553546
34416,0.1538945
34417,0.0178534
34418,0.018747058
34419,0.05779559
34420,0.08386505
34421,0.18923737
34422,0.17603587
34423,0.102785595
34424,0.1394593
34425,0.095899016
34426,0.0134131685
34427,0.020887434
34428,0.07112516
34429,0.03817184
34430,0.034790717
34431,0.038579762
34432,0.12272885
34433,0.087259784
34434,0.14221938
34435,0.015902234
34436,0.036232032
34437,0.030130895
34438,0.018725527
34439,0.021212092
34440,0.037668422
34441,0.050300185
34442,0.026987197
34443,0.067823775
34444,0.42971906
34445,0.40689558
34446,0.050898656
34447,0.048547946
34448,0.02732341
34449,0.14875865
34450,0.075295575
34451,0.05893364
34452,0.017179793
34453,0.027411437
34454,0.029875575
34455,0.13255294
34456,0.04255733
34457,0.039943606
34458,0.013805003
34459,0.07815249
34460,0.0680124
34461,0.1580774
34462,0.19595034
34463,0.2949823
34464,0.059233703
34465,0.06024842
34466,0.017193362
34467,0.057546344
34468,0.04659266
34469,0.253065
34470,0.059212133
34471,0.621491
34472,0.113566846
34473,0.021399044
34474,0.15481398
34475,0.053507537
34476,0.046794884
34477,0.0255824
34478,0.01432903
34479,0.0151934
34480,0.087141104
34481,0.01432903
34482,0.027579606
34483,0.020393644
34484,0.023400394
34485,0.110463604
34486,0.07272844
34487,0.06644301
34488,0.1180285
34489,0.20347682
34490,0.4011047
34491,0.07375701
34492,0.038174257
34493,0.09622299
34494,0.026603777
34495,0.046546858
34496,0.013805003
34497,0.02146091
34498,0.13789947
34499,0.06639003
34500,0.11080619
34501,0.043004304
34502,0.11275887
34503,0.03237908
34504,0.043406297
34505,0.027745955
34506,0.015052956
34507,0.1825086
34508,0.026032455
34509,0.0964476
34510,0.034507655
34511,0.015052956
34512,0.033211876
34513,0.037140746
34514,0.08721605
34515,0.08550171
34516,0.12040408
34517,0.1086055
34518,0.30960226
34519,0.19835277
34520,0.2595508
34521,0.01493145
34522,0.12415006
34523,0.015457714
34524,0.061405774
34525,0.048716158
34526,0.10459829
34527,0.048598886
34528,0.08684163
34529,0.060630005
34530,0.091659375
34531,0.075705804
34532,0.029535033
34533,0.016887061
34534,0.10146983
34535,0.017258566
34536,0.055985957
34537,0.16944547
34538,0.07086045
34539,0.12030026
34540,0.51546985
34541,0.11472761
34542,0.12851089
34543,0.060664408
34544,0.09947111
34545,0.066062555
34546,0.09866517
34547,0.053288344
34548,0.02617789
34549,0.26275072
34550,0.079210415
34551,0.08556151
34552,0.050103493
34553,0.07666339
34554,0.026554469
34555,0.016920287
34556,0.020818185
34557,0.056693565
34558,0.5037905
34559,0.05726809
34560,0.06147857
34561,0.1165837
34562,0.73601335
34563,0.07725499
34564,0.017632615
34565,0.11738364
34566,0.058198694
34567,0.17058997
34568,0.39958388
34569,0.06498468
34570,0.019463854
34571,0.051840052
34572,0.090896346
34573,0.11247395
34574,0.19172373
34575,0.03627669
34576,0.15242238
34577,0.08001342
34578,0.064417884
34579,0.09532025
34580,0.065169275
34581,0.017686492
34582,0.118837155
34583,0.12716322
34584,0.25983453
34585,0.10121397
34586,0.040193945
34587,0.12004326
34588,0.15265088
34589,0.2551013
34590,0.060980137
34591,0.060553916
34592,0.0410197
34593,0.014385909
34594,0.11582931
34595,0.6056974
34596,0.02885603
34597,0.1072911
34598,0.44228125
34599,0.21941234
34600,0.015306851
34601,0.014443319
34602,0.015764255
34603,0.04944136
34604,0.058732383
34605,0.34566718
34606,0.31047735
34607,0.07081346
34608,0.08711412
34609,0.23411791
34610,0.113932624
34611,0.12630151
34612,0.16196097
34613,0.26126662
34614,0.1093111
34615,0.052304845
34616,0.14845765
34617,0.08594504
34618,0.26172188
34619,0.8367044
34620,0.036452487
34621,0.41703957
34622,0.02264981
34623,0.052061807
34624,0.2577207
34625,0.016889893
34626,0.017643273
34627,0.060123153
34628,0.08762513
34629,0.027837358
34630,0.06426152
34631,0.59481096
34632,0.03383269
34633,0.093901746
34634,0.26977524
34635,0.1156464
34636,0.25866163
34637,0.35791367
34638,0.4195296
34639,0.25607744
34640,0.110008486
34641,0.11061427
34642,0.98188937
34643,0.50343794
34644,0.43697205
34645,0.027306562
34646,0.15071353
34647,0.046986487
34648,0.03222037
34649,0.03144671
34650,0.0551536
34651,0.014052297
34652,0.0150676705
34653,0.035956796
34654,0.06336755
34655,0.103587106
34656,0.099218965
34657,0.11054792
34658,0.1036543
34659,0.13443753
34660,0.1570853
34661,0.022930713
34662,0.0936222
34663,0.33500266
34664,0.016595243
34665,0.076602444
34666,0.9768452
34667,0.85278517
34668,0.7305477
34669,0.17150123
34670,0.49876195
34671,0.14503455
34672,0.017420819
34673,0.057777893
34674,0.01432903
34675,0.047241006
34676,0.07073429
34677,0.05221422
34678,0.0150676705
34679,0.4645289
34680,0.016160047
34681,0.033681348
34682,0.112452306
34683,0.11171272
34684,0.04884184
34685,0.049770124
34686,0.25498816
34687,0.095944695
34688,0.02741335
34689,0.121839665
34690,0.103929766
34691,0.10454108
34692,0.98235005
34693,0.94397956
34694,0.6497871
34695,0.014385909
34696,0.0151934
34697,0.041909065
34698,0.022771087
34699,0.0141771035
34700,0.48531598
34701,0.10931981
34702,0.26130798
34703,0.04202459
34704,0.15070547
34705,0.11401716
34706,0.1143736
34707,0.13826664
34708,0.25165886
34709,0.50778586
34710,0.6183992
34711,0.1201128
34712,0.12955569
34713,0.09021427
34714,0.053380124
34715,0.11180086
34716,0.04927533
34717,0.045012835
34718,0.027154237
34719,0.10907455
34720,0.13235219
34721,0.07554857
34722,0.17116998
34723,0.02435122
34724,0.97981423
34725,1.0
34726,0.9654382
34727,0.09026071
34728,0.03754991
34729,0.16467814
34730,0.015009942
34731,0.48281917
34732,0.020274427
34733,0.01810075
34734,0.018561218
34735,0.040181946
34736,0.09610991
34737,0.0484209
34738,0.37392995
34739,0.98558205
34740,0.06373886
34741,0.112294234
34742,0.0871796
34743,0.14077695
34744,0.05967569
34745,0.1907928
34746,0.114031896
34747,0.07707303
34748,0.116166465
34749,0.11198046
34750,0.07266244
34751,0.025924461
34752,0.4562646
34753,0.39614162
34754,0.20551006
34755,0.081904896
34756,0.02196376
34757,0.093649484
34758,0.075459026
34759,0.25741816
34760,0.05167599
34761,0.048058264
34762,0.041721698
34763,0.02188114
34764,0.039822545
34765,0.04685992
34766,0.30657738
34767,0.7906536
34768,0.22807898
34769,0.238065
34770,0.12445804
34771,0.2233092
34772,0.1387623
34773,0.64266264
34774,0.05153365
34775,0.02635166
34776,0.044623062
34777,0.02956628
34778,0.13547704
34779,0.23991212
34780,0.26013044
34781,0.5942578
34782,0.26126662
34783,0.11635565
34784,1.0
34785,0.2249151
34786,0.01657057
34787,0.18577683
34788,0.19533391
34789,0.034005724
34790,0.059486985
34791,0.18723425
34792,0.058831707
34793,0.030789906
34794,0.035815917
34795,0.044024445
34796,0.12755696
34797,0.4367163
34798,0.43532392
34799,0.26641878
34800,0.2616835
34801,0.119548135
34802,0.15019618
34803,0.3704722
34804,0.022771087
34805,0.1809415
34806,0.106947415
34807,0.073034205
34808,0.469959
34809,0.3342004
34810,0.051930606
34811,0.6706624
34812,0.41363668
34813,0.01364182
34814,0.1343954
34815,0.122766696
34816,0.13295485
34817,0.033471245
34818,0.014734176
34819,0.015502876
34820,0.015770288
34821,0.024535049
34822,0.062266268
34823,0.095460616
34824,0.09368915
34825,0.17243506
34826,0.4340449
34827,0.75374067
34828,0.45035532
34829,0.23982501
34830,0.40361637
34831,0.10703428
34832,0.016930528
34833,0.07814558
34834,0.07254046
34835,0.16744938
34836,0.2005137
34837,0.071474604
34838,0.02407199
34839,0.07716679
34840,0.10904985
34841,0.039790325
34842,0.07480575
34843,0.041902415
34844,0.037027784
34845,0.05902455
34846,0.06150549
34847,0.08983335
34848,0.34076798
34849,0.21565764
34850,0.27933562
34851,0.81619114
34852,0.7303899
34853,0.26105538
34854,0.14140141
34855,0.058358494
34856,0.03071157
34857,0.046690136
34858,0.15338734
34859,0.026186425
34860,0.9779732
34861,0.078099385
34862,0.021548035
34863,0.09062513
34864,0.08314594
34865,0.27647093
34866,0.055137914
34867,0.047603175
34868,0.01721436
34869,0.055310756
34870,0.03713686
34871,0.09103596
34872,0.1040519
34873,0.7037903
34874,0.36411026
34875,0.20842099
34876,0.9918451
34877,0.40204787
34878,0.46840382
34879,0.13829778
34880,0.03451208
34881,0.03710782
34882,0.024452217
34883,0.059592616
34884,0.050777406
34885,0.035996236
34886,0.06395428
34887,0.49020225
34888,0.09217523
34889,0.2635094
34890,0.040661804
34891,0.10747726
34892,0.1908569
34893,0.25901872
34894,0.25084645
34895,0.042263903
34896,0.02293427
34897,0.042043116
34898,0.122854926
34899,0.9838795
34900,0.34531772
34901,0.7555552
34902,0.4022749
34903,0.41182378
34904,0.1400629
34905,0.18482114
34906,0.016113352
34907,0.02081735
34908,0.017316608
34909,0.024656158
34910,0.02218429
34911,0.13958588
34912,0.122766696
34913,0.10042635
34914,0.27899137
34915,0.019249352
34916,0.053421248
34917,0.3826153
34918,0.028373983
34919,0.0141771035
34920,0.11971704
34921,0.2573962
34922,0.02678235
34923,0.15767407
34924,0.12210706
34925,0.09807739
34926,0.15679231
34927,0.027173813
34928,0.12821342
34929,0.07509786
34930,0.029514043
34931,0.16069481
34932,0.11133433
34933,0.03018599
34934,0.015502876
34935,0.160094
34936,0.01432903
34937,0.12249323
34938,0.04551479
34939,0.036281988
34940,0.1270326
34941,0.038660623
34942,0.04235949
34943,0.04677734
34944,0.16202553
34945,0.2610737
34946,0.8551196
34947,0.15390965
34948,0.015666058
34949,0.018082052
34950,0.01770521
34951,0.024255991
34952,0.04161741
34953,0.061176453
34954,0.15234917
34955,0.014791477
34956,0.025025502
34957,0.015666058
34958,0.036538415
34959,0.029414322
34960,0.0150676705
34961,0.021676224
34962,0.013805003
34963,0.09221135
34964,0.09790398
34965,0.43926746
34966,0.015306851
34967,0.016771892
34968,0.03155677
34969,0.06235319
34970,0.108935215
34971,0.43716365
34972,0.17461185
34973,0.24288608
34974,0.029412068
34975,0.0687708
34976,0.14769189
34977,0.049525756
34978,0.014734176
34979,0.019148765
34980,0.33198783
34981,0.043271184
34982,0.016771892
34983,0.015306851
34984,0.033872776
34985,0.13106838
34986,0.062419705
34987,0.043193582
34988,0.017828044
34989,0.029691461
34990,0.06602364
34991,0.40979862
34992,0.03338412
34993,0.013805003
34994,0.04244276
34995,0.054283436
34996,0.03350994
34997,0.060153004
34998,0.25552288
34999,0.07391658
35000,0.25597972
35001,0.08980937
35002,0.024221392
35003,0.016965978
35004,0.045167327
35005,0.072707295
35006,0.024921726
35007,0.3394451
35008,0.016771892
35009,0.25074643
35010,0.01749133
35011,0.07132617
35012,0.054812253
35013,0.27615044
35014,0.68179613
35015,0.14586373
35016,0.112943165
35017,0.015881697
35018,0.16076806
35019,0.05048528
35020,0.049683817
35021,0.11167697
35022,0.13734403
35023,0.13907023
35024,1.0
35025,0.017007522
35026,0.0813356
35027,0.07815484
35028,0.062900946
35029,0.02173442
35030,0.17809682
35031,0.5319997
35032,0.0850515
35033,0.22760387
35034,0.024293471
35035,0.118726134
35036,0.030296786
35037,0.08863982
35038,0.035269782
35039,0.024438158
35040,0.049401235
35041,0.060995642
35042,0.02057579
35043,0.02669106
35044,0.065930925
35045,0.021975247
35046,0.17766427
35047,0.06244505
35048,0.015580057
35049,0.024581168
35050,0.09619955
35051,0.10702598
35052,0.076228835
35053,0.97831756
35054,0.050824787
35055,0.20007658
35056,0.04170731
35057,0.030428298
35058,0.048774634
35059,0.046165362
35060,0.015580057
35061,0.018039161
35062,0.43668798
35063,0.024140202
35064,0.013887241
35065,0.0149695845
35066,0.017285412
35067,0.042357314
35068,0.16379018
35069,0.044046987
35070,0.1467064
35071,0.033103272
35072,0.02196376
35073,0.048179157
35074,0.41691133
35075,0.019205304
35076,0.016119258
35077,0.01364182
35078,0.015580057
35079,0.051035963
35080,0.013805003
35081,0.028977707
35082,0.17672302
35083,0.0584733
35084,0.03144671
35085,0.09949228
35086,0.13263087
35087,0.13225007
35088,0.11918656
35089,0.06769307
35090,0.03217711
35091,0.08846139
35092,0.027149957
35093,0.11656073
35094,0.1485786
35095,0.13701162
35096,0.035115514
35097,0.015580057
35098,0.014734176
35099,0.021123419
35100,0.01447989
35101,0.0156568
35102,0.026732113
35103,0.016385606
35104,0.014385909
35105,0.021884002
35106,0.078094445
35107,0.04947078
35108,0.13978578
35109,0.014689491
35110,0.25755733
35111,0.0141771035
35112,0.3925396
35113,0.014791477
35114,0.019267134
35115,0.033411115
35116,0.015358924
35117,0.018226689
35118,0.014052297
35119,0.021056429
35120,0.028573811
35121,0.015306851
35122,0.015850842
35123,0.100466065
35124,0.02635166
35125,0.04023689
35126,0.015306851
35127,0.015009942
35128,0.040929206
35129,0.013805003
35130,0.016004823
35131,0.15458223
35132,0.027568128
35133,0.04258991
35134,0.015580057
35135,0.026301276
35136,0.10689922
35137,0.06329119
35138,0.015580057
35139,0.014689491
35140,0.01432903
35141,0.34157568
35142,0.06908081
35143,0.05654161
35144,0.13224158
35145,0.06849238
35146,0.038674362
35147,0.11336476
35148,0.017748201
35149,0.12916853
35150,0.14327078
35151,0.015850842
35152,0.023563553
35153,0.07374067
35154,0.04372845
35155,0.03833582
35156,0.014385909
35157,0.13322787
35158,0.077201195
35159,0.23410895
35160,0.016608406
35161,0.025221935
35162,0.017904865
35163,0.047962856
35164,0.019359494
35165,0.015215001
35166,0.021676224
35167,0.07331436
35168,0.016965978
35169,0.031450227
35170,0.32027724
35171,0.25797245
35172,0.040411435
35173,0.15970571
35174,0.018602226
35175,0.014052297
35176,0.030387713
35177,0.0915582
35178,0.08309495
35179,0.035484675
35180,0.026457585
35181,0.02734082
35182,0.03084307
35183,0.08309817
35184,0.12057049
35185,0.029258514
35186,0.02566308
35187,0.39011544
35188,0.034240153
35189,0.13317584
35190,0.03531853
35191,0.36499202
35192,0.21788971
35193,0.059706684
35194,0.02697513
35195,0.01617237
35196,0.36054713
35197,0.09769425
35198,0.40843764
35199,0.07022587
35200,0.31737843
35201,0.13824916
35202,0.14847283
35203,0.024252715
35204,0.016048089
35205,0.259142
35206,0.023692163
35207,0.72981906
35208,0.2882082
35209,0.0390683
35210,0.32557055
35211,0.04668558
35212,0.017179793
35213,0.042594034
35214,0.027457613
35215,0.01866325
35216,0.014824304
35217,0.09728899
35218,0.42357743
35219,0.53267866
35220,0.47109142
35221,0.03520886
35222,0.043187577
35223,0.022422709
35224,0.18690358
35225,0.16335148
35226,0.013948452
35227,0.020118847
35228,0.040180683
35229,0.042455185
35230,0.102721974
35231,0.22359532
35232,0.030700533
35233,0.45111877
35234,0.2317409
35235,0.24724647
35236,0.61253285
35237,0.10287816
35238,0.4631481
35239,0.017476557
35240,0.07619905
35241,0.20242316
35242,0.041109685
35243,0.088578455
35244,0.025737902
35245,0.1459631
35246,0.060652662
35247,0.07632896
35248,0.14315109
35249,0.027009666
35250,0.031469434
35251,0.11376994
35252,0.25673297
35253,0.036546048
35254,0.055156525
35255,0.05030475
35256,0.07384902
35257,0.023026308
35258,0.031196643
35259,0.07236825
35260,0.11775291
35261,0.044952776
35262,0.14246427
35263,0.048838906
35264,0.054146413
35265,0.054655313
35266,0.021790002
35267,0.01666124
35268,0.028873784
35269,0.4804101
35270,0.12530746
35271,0.14170581
35272,0.4457803
35273,0.483536
35274,0.10536343
35275,0.10878551
35276,0.035793647
35277,0.037934825
35278,0.0688065
35279,0.13923919
35280,0.054413658
35281,0.16666608
35282,0.4385357
35283,0.21987286
35284,0.04777264
35285,0.02880385
35286,0.031360075
35287,0.3059101
35288,0.016831638
35289,0.042270936
35290,0.12861638
35291,0.3701248
35292,0.5714556
35293,0.15476008
35294,0.026868036
35295,0.019157557
35296,0.049513057
35297,0.10837621
35298,0.014460839
35299,0.026589904
35300,0.014562825
35301,0.14420682
35302,0.17676954
35303,0.09831434
35304,0.1314762
35305,0.08113368
35306,0.040306225
35307,0.03680903
35308,0.042894512
35309,0.03836122
35310,0.14180546
35311,0.057084896
35312,0.09766074
35313,0.01614391
35314,0.032850362
35315,0.041635722
35316,0.02119125
35317,0.020510014
35318,0.03382866
35319,0.049024653
35320,0.023251398
35321,0.103550956
35322,0.47297764
35323,0.42743754
35324,0.049794715
35325,0.034402963
35326,0.025005894
35327,0.14451185
35328,0.06719566
35329,0.01677887
35330,0.08168994
35331,0.0150749
35332,0.058663655
35333,0.24112204
35334,0.034531496
35335,0.02992417
35336,0.036154576
35337,0.050923787
35338,0.05596015
35339,0.188671
35340,0.2083069
35341,0.3061721
35342,0.050907657
35343,0.037522253
35344,0.019497115
35345,0.04830153
35346,0.041070413
35347,0.014385909
35348,0.2534056
35349,0.05967157
35350,0.44631413
35351,0.10500321
35352,0.021844499
35353,0.113117866
35354,0.043016348
35355,0.060652584
35356,0.021215724
35357,0.01432903
35358,0.089347504
35359,0.040831454
35360,0.025106784
35361,0.078594804
35362,0.039911013
35363,0.07320254
35364,0.057136968
35365,0.09086244
35366,0.188671
35367,0.3905341
35368,0.053032182
35369,0.022507219
35370,0.0930017
35371,0.025947064
35372,0.053632256
35373,0.12330754
35374,0.11835066
35375,0.11235612
35376,0.026103418
35377,0.102310665
35378,0.027281128
35379,0.026757099
35380,0.01657057
35381,0.018079896
35382,0.19389363
35383,0.014734176
35384,0.026591314
35385,0.07128274
35386,0.054857247
35387,0.033842497
35388,0.029717162
35389,0.05951736
35390,0.056849442
35391,0.115189746
35392,0.082174644
35393,0.31677464
35394,0.1903558
35395,0.25813806
35396,0.015009942
35397,0.09552116
35398,0.044135515
35399,0.05111998
35400,0.088334255
35401,0.029793603
35402,0.019229444
35403,0.11702843
35404,0.035967615
35405,0.105242774
35406,0.021880157
35407,0.065945186
35408,0.013805003
35409,0.015073925
35410,0.023285508
35411,0.089091286
35412,0.018833002
35413,0.04117743
35414,0.16088371
35415,0.049016386
35416,0.10839116
35417,0.66930217
35418,0.082096756
35419,0.10365247
35420,0.0577489
35421,0.10854928
35422,0.059728626
35423,0.08345919
35424,0.052277718
35425,0.2569176
35426,0.10813795
35427,0.05814402
35428,0.047377016
35429,0.05689522
35430,0.018082052
35431,0.028481469
35432,0.020015592
35433,0.024040569
35434,0.04159209
35435,0.44279355
35436,0.05466118
35437,0.052995607
35438,0.08312792
35439,0.7131644
35440,0.11140858
35441,0.01726757
35442,0.13299148
35443,0.051107455
35444,0.25309265
35445,0.32239938
35446,0.061764557
35447,0.0601744
35448,0.117970176
35449,0.07355554
35450,0.14661579
35451,0.03390171
35452,0.24637994
35453,0.045344796
35454,0.06913025
35455,0.018361326
35456,0.023655692
35457,0.087190256
35458,0.053450875
35459,0.019143822
35460,0.096738696
35461,0.11997807
35462,0.25915822
35463,0.058931224
35464,0.032772206
35465,0.09367279
35466,0.13038787
35467,0.25069213
35468,0.0650475
35469,0.06296638
35470,0.041717425
35471,0.049114697
35472,0.64492214
35473,0.027168185
35474,0.12280771
35475,0.3704508
35476,0.14904793
35477,0.015306851
35478,0.017682485
35479,0.016084533
35480,0.043600455
35481,0.048138633
35482,0.2663363
35483,0.32200462
35484,0.059288166
35485,0.0840888
35486,0.10893337
35487,0.2027058
35488,0.114874244
35489,0.17126738
35490,0.34799498
35491,0.08766306
35492,0.01364182
35493,0.026779892
35494,0.054114584
35495,0.12542135
35496,0.09034034
35497,0.21792229
35498,0.81673604
35499,0.041053303
35500,0.399404
35501,0.015764255
35502,0.039468866
35503,0.25619665
35504,0.046116114
35505,0.056006305
35506,0.017600043
35507,0.078360446
35508,0.01364182
35509,0.5000895
35510,0.036531586
35511,0.06773926
35512,0.26484445
35513,0.12830819
35514,0.2620935
35515,0.26044387
35516,0.40699312
35517,0.022151686
35518,0.1931821
35519,0.17117825
35520,0.09409309
35521,0.98164004
35522,0.4696872
35523,0.4420446
35524,0.024124501
35525,0.12568697
35526,0.07459361
35527,0.054380346
35528,0.0255824
35529,0.014791477
35530,0.015019202
35531,0.053258575
35532,0.014052297
35533,0.01397821
35534,0.038586855
35535,0.053579047
35536,0.09277688
35537,0.08782655
35538,0.0867171
35539,0.06994784
35540,0.18282138
35541,0.10538098
35542,0.022771087
35543,0.12432979
35544,0.27295575
35545,0.016384125
35546,0.07066776
35547,0.9765959
35548,0.9820395
35549,0.7332428
35550,0.013805003
35551,0.027484115
35552,0.027674478
35553,0.1254754
35554,0.4837528
35555,0.095133655
35556,0.018891903
35557,0.052275714
35558,0.043126814
35559,0.05933997
35560,0.055899702
35561,0.015502876
35562,0.44058612
35563,0.016190097
35564,0.025710106
35565,0.08119375
35566,0.07972057
35567,0.04488096
35568,0.03742214
35569,0.25554678
35570,0.08315673
35571,0.022561263
35572,0.16895331
35573,0.12640199
35574,0.09046744
35575,0.9821007
35576,0.98484254
35577,0.63083386
35578,0.0151934
35579,0.061350193
35580,0.022735722
35581,0.0150676705
35582,0.47651687
35583,0.052927274
35584,0.2620244
35585,0.058240622
35586,0.1448091
35587,0.023076937
35588,0.08254441
35589,0.0870048
35590,0.11537192
35591,0.25408885
35592,0.50609124
35593,0.59110373
35594,0.105711445
35595,0.11049781
35596,0.05718235
35597,0.056630924
35598,0.0670629
35599,0.046757206
35600,0.029674845
35601,0.019335568
35602,0.10924187
35603,0.18741684
35604,0.066589974
35605,0.1441118
35606,0.023552055
35607,0.9795649
35608,1.0
35609,0.9664961
35610,0.054459512
35611,0.060736947
35612,0.14488223
35613,0.45089254
35614,0.02196376
35615,0.01447989
35616,0.017993163
35617,0.018808514
35618,0.03196413
35619,0.06232772
35620,0.046854235
35621,0.36151224
35622,0.9853327
35623,0.05400881
35624,0.079924926
35625,0.07026035
35626,0.09776036
35627,0.049611185
35628,0.15725335
35629,0.09241743
35630,0.038365558
35631,0.08962852
35632,0.111691535
35633,0.122268975
35634,0.02986578
35635,0.02101747
35636,0.33391526
35637,0.3908905
35638,0.1943837
35639,0.061517227
35640,0.066058
35641,0.17434777
35642,0.02722537
35643,0.040681813
35644,0.034661464
35645,0.018501032
35646,0.049634755
35647,0.042653
35648,0.21893716
35649,0.536301
35650,0.21152312
35651,0.13175783
35652,0.12677178
35653,0.122461416
35654,0.119459674
35655,0.6253881
35656,0.04990763
35657,0.07170643
35658,0.028919578
35659,0.03556311
35660,0.15089527
35661,0.19272576
35662,0.2665696
35663,0.50551695
35664,0.358002
35665,0.073148094
35666,1.0
35667,0.23998733
35668,0.01657057
35669,0.11364078
35670,0.19444095
35671,0.027260033
35672,0.036828246
35673,0.60213673
35674,0.03853827
35675,0.030383412
35676,0.03724297
35677,0.040596694
35678,0.108542494
35679,0.42043114
35680,0.43334407
35681,0.4679276
35682,0.4143241
35683,0.12481021
35684,0.13618612
35685,0.37188894
35686,0.022671074
35687,0.18273412
35688,0.09084923
35689,0.054598916
35690,0.54201066
35691,0.2657377
35692,0.03832208
35693,0.49084803
35694,0.41294786
35695,0.01364182
35696,0.083785616
35697,0.09039878
35698,0.068407275
35699,0.03851147
35700,0.015478154
35701,0.02581042
35702,0.045370333
35703,0.071864806
35704,0.07166495
35705,0.09669141
35706,0.43531233
35707,0.7394854
35708,0.44676238
35709,0.22280318
35710,0.47553602
35711,0.08140961
35712,0.06671634
35713,0.05072323
35714,0.1458214
35715,0.21067223
35716,0.06572121
35717,0.023090644
35718,0.063293524
35719,0.102476835
35720,0.016276535
35721,0.051397063
35722,0.04944395
35723,0.022536254
35724,0.016190097
35725,0.026605185
35726,0.0151934
35727,0.035483323
35728,0.05270177
35729,0.042697117
35730,0.058109492
35731,0.308529
35732,0.2127665
35733,0.13860019
35734,0.6875928
35735,0.52089274
35736,0.25866854
35737,0.15649092
35738,0.04099715
35739,0.022714302
35740,0.046693873
35741,0.15441631
35742,0.017408445
35743,0.029896809
35744,0.976973
35745,0.07111561
35746,0.017365217
35747,0.050040483
35748,0.11743376
35749,0.17214985
35750,0.04754489
35751,0.05594543
35752,0.01721436
35753,0.0381464
35754,0.033786327
35755,0.07091788
35756,0.07896589
35757,0.6892122
35758,0.36572295
35759,0.21502787
35760,0.9731751
35761,0.41004688
35762,0.45618996
35763,0.17212443
35764,0.027906593
35765,0.027511982
35766,0.024919465
35767,0.09749223
35768,0.07993992
35769,0.060139645
35770,0.06171525
35771,0.4417815
35772,0.08449476
35773,0.30807412
35774,0.027579606
35775,0.09713592
35776,0.11749304
35777,0.15478966
35778,0.2541519
35779,0.049289186
35780,0.01364182
35781,0.02386344
35782,0.014928263
35783,0.038140494
35784,0.10528707
35785,0.98593765
35786,0.3182922
35787,0.73913074
35788,0.40322167
35789,0.40443215
35790,0.12265317
35791,0.18042502
35792,0.031034645
35793,0.019902326
35794,0.015500943
35795,0.032844648
35796,0.02203942
35797,0.094844244
35798,0.06514517
35799,0.069358245
35800,0.27708933
35801,0.020843964
35802,0.0717747
35803,0.40547565
35804,0.03498481
35805,0.015230853
35806,0.077739544
35807,0.25298703
35808,0.026981164
35809,0.14451924
35810,0.121781014
35811,0.0883178
35812,0.16465555
35813,0.02289454
35814,0.10134918
35815,0.09970771
35816,0.03233014
35817,0.11614081
35818,0.013805003
35819,0.14592203
35820,0.033164788
35821,0.018498994
35822,0.16343623
35823,0.01432903
35824,0.026018403
35825,0.13913947
35826,0.041208304
35827,0.09903124
35828,0.042234175
35829,0.042555325
35830,0.035611313
35831,0.14895673
35832,0.274059
35833,0.74587995
35834,0.15407524
35835,0.0231153
35836,0.015306851
35837,0.018082052
35838,0.018082175
35839,0.022276131
35840,0.041568525
35841,0.052504234
35842,0.16534439
35843,0.015457714
35844,0.02262222
35845,0.046964332
35846,0.027414046
35847,0.0171508
35848,0.083280995
35849,0.07262447
35850,0.41050896
35851,0.015983684
35852,0.029251445
35853,0.06571952
35854,0.0893351
35855,0.5237306
35856,0.18540952
35857,0.03965702
35858,0.027569324
35859,0.19576341
35860,0.04959539
35861,0.06015883
35862,0.16402636
35863,0.08562964
35864,0.014791477
35865,0.018738266
35866,0.014734176
35867,0.39210603
35868,0.016385606
35869,0.015623361
35870,0.035915308
35871,0.09937119
35872,0.038628984
35873,0.033839516
35874,0.018539917
35875,0.03395795
35876,0.05000971
35877,0.25121528
35878,0.044329397
35879,0.030185662
35880,0.07746268
35881,0.03004666
35882,0.09420453
35883,0.21237774
35884,0.04278076
35885,0.25578424
35886,0.06601011
35887,0.024233125
35888,0.014964684
35889,0.04718025
35890,0.085740946
35891,0.030540416
35892,0.2625861
35893,0.330435
35894,0.017297301
35895,0.063129604
35896,0.043268844
35897,0.014834006
35898,0.2687119
35899,0.67896426
35900,0.15422139
35901,0.12275335
35902,0.11607472
35903,0.05319149
35904,0.08951476
35905,0.1445362
35906,0.072850846
35907,0.11944575
35908,1.0
35909,0.087821275
35910,0.06413249
35911,0.055242803
35912,0.026018403
35913,0.1632929
35914,0.4569686
35915,0.05465896
35916,0.24946538
35917,0.02291476
35918,0.1559379
35919,0.026991304
35920,0.067653984
35921,0.030133612
35922,0.026297208
35923,0.0694592
35924,0.09758313
35925,0.034780867
35926,0.12282503
35927,0.0149695845
35928,0.026018403
35929,0.26142344
35930,0.043982454
35931,0.04345358
35932,0.016305573
35933,0.024826689
35934,0.1188502
35935,0.14944771
35936,0.97806823
35937,0.06497837
35938,0.16425717
35939,0.0710335
35940,0.036847524
35941,0.04279937
35942,0.036187533
35943,0.017720453
35944,0.44865146
35945,0.023373522
35946,0.013805003
35947,0.013887241
35948,0.026018403
35949,0.014791477
35950,0.071111605
35951,0.13261947
35952,0.04322208
35953,0.112551965
35954,0.04034534
35955,0.02196376
35956,0.013805003
35957,0.050946854
35958,0.40022147
35959,0.02517924
35960,0.01364182
35961,0.016950315
35962,0.027037792
35963,0.038403034
35964,0.03369181
35965,0.18590549
35966,0.06248209
35967,0.015306851
35968,0.01657057
35969,0.08652455
35970,0.14118746
35971,0.14974442
35972,0.073753744
35973,0.045386333
35974,0.02409175
35975,0.074242234
35976,0.02194692
35977,0.08333405
35978,0.16463026
35979,0.24888808
35980,0.013805003
35981,0.015457714
35982,0.015366613
35983,0.014734176
35984,0.018435247
35985,0.014928263
35986,0.017656563
35987,0.01432903
35988,0.021458918
35989,0.01615684
35990,0.044642467
35991,0.046003204
35992,0.06355971
35993,0.11710507
35994,0.25809458
35995,0.0141771035
35996,0.32905388
35997,0.03284181
35998,0.015358924
35999,0.020614536
36000,0.03856784
36001,0.01691005
36002,0.023957577
36003,0.015580057
36004,0.013887241
36005,0.05254662
36006,0.02379112
36007,0.09886593
36008,0.03786572
36009,0.016881565
36010,0.013805003
36011,0.023553468
36012,0.13538627
36013,0.02931067
36014,0.06897081
36015,0.01432903
36016,0.027436621
36017,0.027674478
36018,0.104257636
36019,0.0151934
36020,0.3392564
36021,0.09170623
36022,0.10012338
36023,0.08987604
36024,0.0151934
36025,0.07867886
36026,0.040943317
36027,0.09129798
36028,0.022423256
36029,0.1254687
36030,0.14755243
36031,0.01721436
36032,0.022964379
36033,0.058802735
36034,0.04227572
36035,0.038776744
36036,0.02264981
36037,0.13218667
36038,0.081118606
36039,0.21048173
36040,0.021749523
36041,0.02445618
36042,0.01364182
36043,0.016154097
36044,0.044101145
36045,0.018635718
36046,0.031847447
36047,0.014734176
36048,0.022082046
36049,0.3049729
36050,0.26099765
36051,0.02767799
36052,0.12243166
36053,0.01897571
36054,0.042528156
36055,0.042420067
36056,0.027691718
36057,0.03381414
36058,0.048118997
36059,0.025497379
36060,0.107057445
36061,0.03585873
36062,0.031366482
36063,0.046845425
36064,0.039462917
36065,0.38614288
36066,0.035151757
36067,0.054922655
36068,0.05416662
36069,0.2435739
36070,0.27512434
36071,0.022324614
36072,0.025290826
36073,0.026457585
36074,0.24576923
36075,0.055620767
36076,0.40712476
36077,0.07073145
36078,0.10199545
36079,0.09914503
36080,0.17470604
36081,0.021994991
36082,0.2923906
36083,0.8525682
36084,0.25993487
36085,0.045199003
36086,0.039510984
36087,0.31774777
36088,0.04303507
36089,0.02042252
36090,0.07040924
36091,0.025330523
36092,0.01717594
36093,0.08321315
36094,0.24905068
36095,0.58674973
36096,0.52010137
36097,0.069377646
36098,0.119314596
36099,0.19126347
36100,0.13636503
36101,0.022625875
36102,0.05380165
36103,0.039460637
36104,0.079295464
36105,0.102233745
36106,0.4563196
36107,0.18998112
36108,0.17567195
36109,0.5705592
36110,0.10024554
36111,0.021518013
36112,0.43203482
36113,0.017476557
36114,0.07710958
36115,0.17720428
36116,0.03306674
36117,0.09700022
36118,0.041876562
36119,0.10675707
36120,0.12933123
36121,0.09176539
36122,0.14670986
36123,0.026576858
36124,0.04086522
36125,0.14324707
36126,0.28562936
36127,0.051320836
36128,0.024121823
36129,0.05468792
36130,0.07087144
36131,0.10693243
36132,0.041092344
36133,0.07072431
36134,0.06078693
36135,0.20191471
36136,0.04951092
36137,0.1207087
36138,0.083250426
36139,0.070235685
36140,0.01666124
36141,0.49532685
36142,0.18450834
36143,0.088362776
36144,0.412832
36145,0.4228607
36146,0.097353734
36147,0.06981843
36148,0.018300673
36149,0.029687209
36150,0.068398066
36151,0.07580001
36152,0.053667378
36153,0.056231868
36154,0.3064168
36155,0.46390122
36156,0.22360155
36157,0.082754314
36158,0.014100378
36159,0.019004885
36160,0.038854256
36161,0.32883805
36162,0.021099763
36163,0.03709844
36164,0.014505524
36165,0.06820042
36166,0.021462744
36167,0.37345996
36168,0.56559896
36169,0.12137964
36170,0.019407567
36171,0.027449338
36172,0.08610804
36173,0.12285104
36174,0.016985707
36175,0.026642885
36176,0.0148009835
36177,0.14205767
36178,0.18799734
36179,0.13123739
36180,0.14648052
36181,0.06017673
36182,0.04832485
36183,0.03645287
36184,0.040292136
36185,0.03642537
36186,0.13955432
36187,0.063858405
36188,0.10670576
36189,0.01614391
36190,0.03481045
36191,0.03324353
36192,0.019345075
36193,0.021267295
36194,0.032389186
36195,0.045549672
36196,0.02214825
36197,0.07607268
36198,0.4847732
36199,0.42547688
36200,0.03066635
36201,0.04396472
36202,0.027189491
36203,0.14855285
36204,0.104044475
36205,0.016985707
36206,0.119124725
36207,0.015078199
36208,0.05233841
36209,0.25994092
36210,0.02788429
36211,0.039827026
36212,0.028490033
36213,0.037607506
36214,0.06341625
36215,0.20408344
36216,0.21121104
36217,0.16640593
36218,0.05933914
36219,0.044743508
36220,0.017694067
36221,0.04632548
36222,0.04290325
36223,0.25911367
36224,0.08753402
36225,0.43168512
36226,0.09476912
36227,0.09405615
36228,0.042532314
36229,0.03144671
36230,0.05473583
36231,0.03925734
36232,0.02426892
36233,0.07919812
36234,0.040658075
36235,0.07501255
36236,0.074341305
36237,0.09039255
36238,0.1595834
36239,0.39496946
36240,0.055236258
36241,0.022329453
36242,0.08268879
36243,0.016790576
36244,0.037527416
36245,0.09271931
36246,0.0454679
36247,0.09035615
36248,0.02845209
36249,0.14084399
36250,0.029443707
36251,0.028687648
36252,0.015052956
36253,0.19534399
36254,0.015344263
36255,0.02702044
36256,0.077945344
36257,0.039543584
36258,0.029834662
36259,0.031647664
36260,0.059474003
36261,0.08135334
36262,0.10568969
36263,0.092951514
36264,0.25741985
36265,0.19182141
36266,0.24754924
36267,0.015009942
36268,0.08564057
36269,0.046477716
36270,0.059689865
36271,0.097355075
36272,0.02678517
36273,0.020414466
36274,0.061243623
36275,0.116475396
36276,0.028523225
36277,0.062022764
36278,0.048622664
36279,0.08675425
36280,0.01994832
36281,0.04676844
36282,0.16078344
36283,0.04874707
36284,0.20155309
36285,0.62546337
36286,0.082154624
36287,0.10548688
36288,0.05409596
36289,0.0628737
36290,0.05602281
36291,0.08396407
36292,0.07525482
36293,0.014734176
36294,0.036022298
36295,0.25676322
36296,0.09542448
36297,0.060904615
36298,0.040982846
36299,0.046576392
36300,0.017315594
36301,0.017913762
36302,0.016757105
36303,0.04408765
36304,0.45546162
36305,0.055562746
36306,0.05856622
36307,0.07225878
36308,0.7377819
36309,0.10116078
36310,0.017632615
36311,0.09861958
36312,0.052828725
36313,0.25348502
36314,0.39489946
36315,0.060747158
36316,0.027484115
36317,0.10263537
36318,0.073384225
36319,0.0691432
36320,0.15992968
36321,0.030042132
36322,0.21202601
36323,0.05780465
36324,0.060479246
36325,0.016384125
36326,0.031100398
36327,0.04992964
36328,0.057526425
36329,0.027911996
36330,0.089718975
36331,0.12341275
36332,0.26126102
36333,0.06555851
36334,0.03162653
36335,0.09506415
36336,0.13807195
36337,0.17094824
36338,0.057743866
36339,0.059757583
36340,0.042701878
36341,0.049275663
36342,0.61668897
36343,0.027168185
36344,0.11890203
36345,0.3325781
36346,0.16549702
36347,0.015603993
36348,0.017682485
36349,0.01432903
36350,0.04606965
36351,0.0354071
36352,0.26099563
36353,0.31316462
36354,0.06601423
36355,0.083694756
36356,0.1276881
36357,0.20075472
36358,0.10351328
36359,0.1899859
36360,0.355846
36361,0.069550455
36362,0.048868388
36363,0.13989913
36364,0.064323105
36365,0.3307588
36366,0.8154288
36367,0.055379998
36368,0.4067339
36369,0.015306851
36370,0.042524654
36371,0.19714016
36372,0.0458418
36373,0.05983413
36374,0.016826132
36375,0.061212752
36376,0.01364182
36377,0.5082617
36378,0.042579643
36379,0.091333434
36380,0.26497325
36381,0.10892227
36382,0.19012615
36383,0.26182827
36384,0.1714776
36385,0.022151686
36386,0.25373974
36387,0.1419667
36388,0.094349064
36389,0.98164004
36390,0.44611102
36391,0.44464636
36392,0.024119506
36393,0.21796235
36394,0.07498828
36395,0.022650793
36396,0.021734979
36397,0.015009942
36398,0.014791477
36399,0.04334928
36400,0.015615961
36401,0.041465063
36402,0.05329071
36403,0.073883384
36404,0.07082602
36405,0.090657294
36406,0.07323164
36407,0.10078362
36408,0.08832958
36409,0.024921235
36410,0.08371105
36411,0.29776835
36412,0.054293945
36413,0.9765959
36414,0.9829677
36415,0.64042985
36416,0.013805003
36417,0.026087824
36418,0.09858551
36419,0.4821889
36420,0.12203616
36421,0.01652383
36422,0.056832526
36423,0.015502876
36424,0.016393622
36425,0.046709888
36426,0.057123736
36427,0.051305294
36428,0.4440354
36429,0.01600759
36430,0.02646813
36431,0.07947164
36432,0.073372856
36433,0.042914663
36434,0.040631052
36435,0.32477844
36436,0.0657138
36437,0.14340803
36438,0.11018924
36439,0.09120303
36440,0.9821007
36441,0.9871237
36442,0.5645242
36443,0.016115362
36444,0.057057682
36445,0.023047658
36446,0.0150676705
36447,0.43099684
36448,0.052408177
36449,0.26119545
36450,0.079109885
36451,0.15686166
36452,0.022823684
36453,0.113170035
36454,0.09192626
36455,0.10581761
36456,0.25341225
36457,0.507829
36458,0.5852471
36459,0.119110204
36460,0.10352282
36461,0.058589794
36462,0.056203596
36463,0.07341799
36464,0.043959342
36465,0.0367482
36466,0.11663481
36467,0.15852632
36468,0.087073654
36469,0.10932871
36470,0.02391601
36471,0.9795649
36472,0.99674547
36473,0.96518886
36474,0.031591896
36475,0.073472664
36476,0.14630073
36477,0.4569509
36478,0.025650403
36479,0.018888988
36480,0.030240033
36481,0.057692878
36482,0.05671984
36483,0.38178453
36484,0.9853327
36485,0.05313229
36486,0.08200333
36487,0.062450834
36488,0.08805887
36489,0.04330362
36490,0.14375868
36491,0.1003582
36492,0.03281687
36493,0.098145105
36494,0.14691041
36495,0.11344903
36496,0.03679888
36497,0.52116054
36498,0.4116185
36499,0.13643049
36500,0.05765665
36501,0.06900388
36502,0.050332587
36503,0.19237769
36504,0.027932048
36505,0.044025593
36506,0.04661133
36507,0.020329416
36508,0.038938437
36509,0.042775564
36510,0.30149257
36511,0.54923517
36512,0.13355419
36513,0.14898342
36514,0.11639932
36515,0.12891081
36516,0.13620311
36517,0.67129266
36518,0.05618241
36519,0.031578533
36520,0.026400391
36521,0.12018023
36522,0.15115616
36523,0.32411757
36524,0.33436888
36525,0.25870284
36526,0.09781706
36527,1.0
36528,0.21727754
36529,0.016771892
36530,0.08531969
36531,0.1842358
36532,0.018114502
36533,0.03628997
36534,0.6585156
36535,0.04881128
36536,0.028700165
36537,0.031141203
36538,0.040497743
36539,0.11316739
36540,0.41923502
36541,0.26175553
36542,0.48283994
36543,0.4203382
36544,0.105579466
36545,0.112287164
36546,0.25628746
36547,0.022325233
36548,0.19084106
36549,0.07525929
36550,0.07139711
36551,0.47867775
36552,0.2918727
36553,0.057125162
36554,0.48967275
36555,0.4085373
36556,0.01364182
36557,0.083845325
36558,0.11279817
36559,0.06814311
36560,0.03400558
36561,0.015478154
36562,0.028967384
36563,0.047778293
36564,0.07221826
36565,0.066349566
36566,0.122035064
36567,0.43950114
36568,0.77169925
36569,0.4397454
36570,0.22506322
36571,0.47329834
36572,0.10498961
36573,0.02154375
36574,0.06042551
36575,0.07320177
36576,0.15968859
36577,0.20188804
36578,0.07205844
36579,0.040184543
36580,0.049615048
36581,0.10444912
36582,0.023251355
36583,0.052063253
36584,0.077164575
36585,0.01692275
36586,0.028677471
36587,0.0151934
36588,0.035936236
36589,0.047194928
36590,0.049781494
36591,0.06208439
36592,0.32798085
36593,0.22600241
36594,0.29214498
36595,0.65735066
36596,0.5417308
36597,0.25956562
36598,0.1776852
36599,0.047782548
36600,0.02160631
36601,0.047594164
36602,0.103776716
36603,0.017365217
36604,0.031596176
36605,0.9779732
36606,0.054190155
36607,0.016595243
36608,0.051626515
36609,0.072174914
36610,0.16619758
36611,0.04252082
36612,0.038741026
36613,0.016384125
36614,0.05269534
36615,0.025572421
36616,0.01813853
36617,0.030394372
36618,0.08937859
36619,0.06782306
36620,0.6574222
36621,0.36572295
36622,0.20417772
36623,0.9731751
36624,0.26151836
36625,0.33249417
36626,0.17499529
36627,0.030183718
36628,0.028241806
36629,0.02512467
36630,0.071782924
36631,0.07908063
36632,0.035589866
36633,0.053402398
36634,0.44581586
36635,0.12642924
36636,0.27697498
36637,0.020809283
36638,0.11380265
36639,0.13625555
36640,0.16167498
36641,0.23701346
36642,0.05754414
36643,0.022654103
36644,0.0150676705
36645,0.03841127
36646,0.106084004
36647,0.9836302
36648,0.307869
36649,0.7522173
36650,0.39213648
36651,0.3982328
36652,0.1240204
36653,0.17735367
36654,0.030951822
36655,0.03144671
36656,0.023559019
36657,0.022091128
36658,0.108515814
36659,0.072633535
36660,0.037984107
36661,0.26008722
36662,0.025938563
36663,0.08808388
36664,0.40547565
36665,0.05268108
36666,0.015306851
36667,0.014734176
36668,0.11438605
36669,0.25767612
36670,0.024542801
36671,0.15797135
36672,0.12618403
36673,0.056888696
36674,0.14850378
36675,0.026938664
36676,0.09598176
36677,0.0958742
36678,0.029909514
36679,0.1470098
36680,0.12200592
36681,0.03340223
36682,0.11013034
36683,0.01432903
36684,0.027256176
36685,0.17968565
36686,0.03194082
36687,0.09900629
36688,0.04002115
36689,0.044419184
36690,0.040290482
36691,0.12837839
36692,0.26195943
36693,0.7200262
36694,0.16047959
36695,0.015666058
36696,0.015306851
36697,0.017735066
36698,0.01770521
36699,0.022771087
36700,0.05343248
36701,0.051918607
36702,0.17097306
36703,0.014791477
36704,0.019696021
36705,0.015754849
36706,0.03314995
36707,0.026374564
36708,0.014885034
36709,0.0184248
36710,0.08288273
36711,0.07530269
36712,0.42386752
36713,0.015306851
36714,0.016771892
36715,0.029891707
36716,0.05943739
36717,0.075195
36718,0.5315787
36719,0.18931621
36720,0.015339655
36721,0.023687355
36722,0.24474251
36723,0.03963566
36724,0.06295609
36725,0.19379272
36726,0.01880722
36727,0.37956616
36728,0.026374564
36729,0.015623361
36730,0.035665333
36731,0.09949629
36732,0.038960606
36733,0.03975211
36734,0.018539917
36735,0.029627284
36736,0.050197307
36737,0.13239494
36738,0.046985906
36739,0.054771923
36740,0.033877667
36741,0.032711565
36742,0.061569635
36743,0.25993755
36744,0.029607594
36745,0.25677934
36746,0.06479037
36747,0.0151934
36748,0.055569034
36749,0.07844139
36750,0.06477361
36751,0.32165617
36752,0.33198783
36753,0.01749133
36754,0.061288185
36755,0.04432863
36756,0.472025
36757,0.6972297
36758,0.11981374
36759,0.15085104
36760,0.01600759
36761,0.10361389
36762,0.0827951
36763,0.063458845
36764,0.09572063
36765,0.10635216
36766,0.12995377
36767,1.0
36768,0.016385606
36769,0.06919107
36770,0.055219438
36771,0.060908034
36772,0.052819204
36773,0.16476916
36774,0.45121232
36775,0.050506417
36776,0.2578002
36777,0.022396712
36778,0.16654544
36779,0.030809816
36780,0.06519475
36781,0.029622165
36782,0.02950159
36783,0.044696484
36784,0.10201893
36785,0.034898244
36786,0.018697817
36787,0.12057887
36788,0.026018403
36789,0.1902532
36790,0.039095648
36791,0.016933084
36792,0.02448263
36793,0.103399776
36794,0.10247515
36795,0.03902202
36796,0.03183215
36797,0.043042317
36798,0.977068
36799,0.09009701
36800,0.17063119
36801,0.053350836
36802,0.056104627
36803,0.041973833
36804,0.033064
36805,0.01864959
36806,0.448779
36807,0.023373522
36808,0.013805003
36809,0.01364182
36810,0.014052297
36811,0.042021412
36812,0.25692138
36813,0.153423
36814,0.0464323
36815,0.050982513
36816,0.2757907
36817,0.017837185
36818,0.036022298
36819,0.02699047
36820,0.03473972
36821,0.028814524
36822,0.25691518
36823,0.0515821
36824,0.015580057
36825,0.025872845
36826,0.09026183
36827,0.18437286
36828,0.13630363
36829,0.057803713
36830,0.058697924
36831,0.028126791
36832,0.046057902
36833,0.06399004
36834,0.15446413
36835,0.24474426
36836,0.013805003
36837,0.028362852
36838,0.01623539
36839,0.015009942
36840,0.017145922
36841,0.016968822
36842,0.016771892
36843,0.048497178
36844,0.055870857
36845,0.05643885
36846,0.088403605
36847,0.03144671
36848,0.20798074
36849,0.01432903
36850,0.3303787
36851,0.029708326
36852,0.01776779
36853,0.027640298
36854,0.014052297
36855,0.017296698
36856,0.025286082
36857,0.015603993
36858,0.013887241
36859,0.048333406
36860,0.026937502
36861,0.1200484
36862,0.015366613
36863,0.069060646
36864,0.02213814
36865,0.15737161
36866,0.03350553
36867,0.04867541
36868,0.01432903
36869,0.050513458
36870,0.014734176
36871,0.029584043
36872,0.14990303
36873,0.39224175
36874,0.084043615
36875,0.047855522
36876,0.06434665
36877,0.061310686
36878,0.038977668
36879,0.11659199
36880,0.024774827
36881,0.15475106
36882,0.1763169
36883,0.028066622
36884,0.025422437
36885,0.032778826
36886,0.015855715
36887,0.016965978
36888,0.014997186
36889,0.015500943
36890,0.036724966
36891,0.014689491
36892,0.16056503
36893,0.10452055
36894,0.014100117
36895,0.2373893
36896,0.02023061
36897,0.016771892
36898,0.01364182
36899,0.016154097
36900,0.061644904
36901,0.02613033
36902,0.035278536
36903,0.07072163
36904,0.023910219
36905,0.18400635
36906,0.3579645
36907,0.039878197
36908,0.19671759
36909,0.018909115
36910,0.030278398
36911,0.027245488
36912,0.034790095
36913,0.041074082
36914,0.06407459
36915,0.036390886
36916,0.031810503
36917,0.025444003
36918,0.07661897
36919,0.025415303
36920,0.027736196
36921,0.39856157
36922,0.06450388
36923,0.036757275
36924,0.03576611
36925,0.25404447
36926,0.24345154
36927,0.021862475
36928,0.035928503
36929,0.016373692
36930,0.3739302
36931,0.040078893
36932,0.40059108
36933,0.026481982
36934,0.08761167
36935,0.12633333
36936,0.11067131
36937,0.014505524
36938,0.014824304
36939,0.27605966
36940,0.022245297
36941,0.84868675
36942,0.24652418
36943,0.03901136
36944,0.32534257
36945,0.0445478
36946,0.0155888675
36947,0.041373096
36948,0.014845273
36949,0.13364972
36950,0.24697256
36951,0.71411383
36952,0.71426195
36953,0.035908125
36954,0.0765782
36955,0.08399855
36956,0.04365751
36957,0.025909977
36958,0.05932181
36959,0.13826612
36960,0.027828477
36961,0.464825
36962,0.14893185
36963,0.25417572
36964,0.5720695
36965,0.14163852
36966,0.44856784
36967,0.13293782
36968,0.1570777
36969,0.033754695
36970,0.06438618
36971,0.04934133
36972,0.1175633
36973,0.022274628
36974,0.14197761
36975,0.14388525
36976,0.08649532
36977,0.026576858
36978,0.04676872
36979,0.15395862
36980,0.24930274
36981,0.041838653
36982,0.026053498
36983,0.045749817
36984,0.06768336
36985,0.02825909
36986,0.024940658
36987,0.053573623
36988,0.15983672
36989,0.07058117
36990,0.2472258
36991,0.07138665
36992,0.035947137
36993,0.020395046
36994,0.014964748
36995,0.49808165
36996,0.18787289
36997,0.014100378
36998,0.116955265
36999,0.42309922
37000,0.4240207
37001,0.013576351
37002,0.10852776
37003,0.1173088
37004,0.018940488
37005,0.03308691
37006,0.02999607
37007,0.05289432
37008,0.0880234
37009,0.074114524
37010,0.3299016
37011,0.5233573
37012,0.017001532
37013,0.058253534
37014,0.027349552
37015,0.045639604
37016,0.32906604
37017,0.042075463
37018,0.013576351
37019,0.060357053
37020,0.32462525
37021,0.57981163
37022,0.10063843
37023,0.016351651
37024,0.019330764
37025,0.053270735
37026,0.0787119
37027,0.026819462
37028,0.014824304
37029,0.14583567
37030,0.18970412
37031,0.08772786
37032,0.10514219
37033,0.0990334
37034,0.014562825
37035,0.029271284
37036,0.036696058
37037,0.03667838
37038,0.041702084
37039,0.18971473
37040,0.06495121
37041,0.09906989
37042,0.016065417
37043,0.037689887
37044,0.0293724
37045,0.01972332
37046,0.028514694
37047,0.046503503
37048,0.029125772
37049,0.049381744
37050,0.5175646
37051,0.4563952
37052,0.02849176
37053,0.052194837
37054,0.028510138
37055,0.14016216
37056,0.07094491
37057,0.027284762
37058,0.103574835
37059,0.014824304
37060,0.017179793
37061,0.028129885
37062,0.014403429
37063,0.17777853
37064,0.02898602
37065,0.040177092
37066,0.029582383
37067,0.048027083
37068,0.06792168
37069,0.12928848
37070,0.20036873
37071,0.16848941
37072,0.053324886
37073,0.0404049
37074,0.01982141
37075,0.049009535
37076,0.044387586
37077,0.2729249
37078,0.060620733
37079,0.44631413
37080,0.12884723
37081,0.12761028
37082,0.043741375
37083,0.05904432
37084,0.0153518235
37085,0.01432903
37086,0.05069566
37087,0.01432903
37088,0.02347356
37089,0.037635095
37090,0.09680025
37091,0.0421879
37092,0.072090924
37093,0.05165437
37094,0.083411165
37095,0.16885138
37096,0.40180513
37097,0.057626136
37098,0.022725685
37099,0.082572795
37100,0.04315726
37101,0.13311672
37102,0.04228662
37103,0.1048563
37104,0.027612198
37105,0.12690839
37106,0.033478223
37107,0.02746968
37108,0.016136413
37109,0.16556937
37110,0.07774527
37111,0.031462736
37112,0.033155594
37113,0.031105548
37114,0.07451072
37115,0.056322902
37116,0.11114179
37117,0.07163706
37118,0.24719873
37119,0.19773826
37120,0.15305221
37121,0.015052956
37122,0.07599605
37123,0.014970562
37124,0.04463804
37125,0.033479884
37126,0.08423776
37127,0.026212497
37128,0.053137355
37129,0.07171275
37130,0.069734775
37131,0.04193424
37132,0.023085097
37133,0.07494389
37134,0.013887241
37135,0.09848375
37136,0.016909469
37137,0.04576119
37138,0.16601364
37139,0.04445702
37140,0.103815295
37141,0.62108904
37142,0.09679446
37143,0.1034405
37144,0.07010693
37145,0.062404368
37146,0.058146972
37147,0.072062895
37148,0.045386184
37149,0.014632081
37150,0.014734176
37151,0.021433027
37152,0.29028776
37153,0.11889551
37154,0.04907124
37155,0.048649166
37156,0.053133186
37157,0.017913762
37158,0.019296177
37159,0.020735953
37160,0.0533057
37161,0.44877946
37162,0.06769831
37163,0.047408506
37164,0.0804488
37165,0.8568122
37166,0.09791181
37167,0.094339415
37168,0.06431414
37169,0.21852021
37170,0.38560608
37171,0.056541156
37172,0.021420553
37173,0.057148002
37174,0.060816865
37175,0.09223892
37176,0.17795761
37177,0.030042132
37178,0.2114989
37179,0.048387367
37180,0.064200595
37181,0.016435815
37182,0.036522202
37183,0.052164406
37184,0.057273947
37185,0.016738094
37186,0.09954464
37187,0.11619804
37188,0.26126102
37189,0.06443341
37190,0.03600923
37191,0.10840365
37192,0.14252192
37193,0.17882352
37194,0.06507638
37195,0.05161861
37196,0.030503726
37197,0.042981613
37198,0.6568783
37199,0.028317833
37200,0.13666011
37201,0.41929996
37202,0.14551385
37203,0.017682485
37204,0.027532991
37205,0.01432903
37206,0.049111597
37207,0.04506737
37208,0.25659558
37209,0.32617962
37210,0.065373205
37211,0.086698174
37212,0.112404294
37213,0.109377906
37214,0.10942226
37215,0.18037678
37216,0.34755707
37217,0.06952631
37218,0.021433027
37219,0.04341835
37220,0.09456631
37221,0.05209974
37222,0.3307588
37223,0.94499725
37224,0.055352714
37225,0.3967648
37226,0.015754905
37227,0.033705495
37228,0.19475943
37229,0.018090554
37230,0.044553146
37231,0.06291619
37232,0.017283514
37233,0.050776202
37234,0.5565128
37235,0.04169312
37236,0.06461758
37237,0.26071388
37238,0.119047716
37239,0.17576858
37240,0.26028293
37241,0.25509468
37242,0.022151686
37243,0.21035902
37244,0.10947606
37245,0.08249215
37246,0.9823939
37247,0.45365712
37248,0.33258536
37249,0.024045125
37250,0.1423698
37251,0.10110998
37252,0.021792136
37253,0.021283425
37254,0.045629628
37255,0.014052297
37256,0.014928263
37257,0.038765013
37258,0.059439898
37259,0.069505796
37260,0.06771604
37261,0.08210792
37262,0.06961125
37263,0.09795533
37264,0.07307262
37265,0.022654103
37266,0.086000495
37267,0.29776835
37268,0.03375515
37269,0.9776405
37270,0.9827934
37271,0.63398355
37272,0.013805003
37273,0.021576134
37274,0.01721436
37275,0.09846681
37276,0.46797422
37277,0.12203616
37278,0.054436658
37279,0.014985564
37280,0.0141771035
37281,0.043344893
37282,0.047232583
37283,0.04353349
37284,0.015502876
37285,0.44764134
37286,0.016113352
37287,0.025231922
37288,0.10721093
37289,0.08361011
37290,0.04632922
37291,0.034816626
37292,0.2606097
37293,0.05937082
37294,0.1301171
37295,0.10243147
37296,0.07511182
37297,0.98314536
37298,0.9878776
37299,0.5682267
37300,0.02257414
37301,0.056611285
37302,0.023047658
37303,0.014438704
37304,0.44530332
37305,0.04767923
37306,0.2578873
37307,0.0470481
37308,0.15627193
37309,0.026109805
37310,0.1268933
37311,0.08063069
37312,0.10930527
37313,0.20832895
37314,0.5095214
37315,0.5848503
37316,0.10744871
37317,0.10571343
37318,0.056366988
37319,0.0459616
37320,0.09468821
37321,0.05414749
37322,0.040277533
37323,0.11998155
37324,0.15576245
37325,0.055335436
37326,0.086599514
37327,0.025033675
37328,0.9333286
37329,0.999191
37330,0.9662335
37331,0.055578645
37332,0.2843978
37333,0.4437271
37334,0.020961635
37335,0.01432903
37336,0.018888988
37337,0.019457044
37338,0.0363422
37339,0.040677283
37340,0.05671984
37341,0.3798412
37342,0.98637736
37343,0.048046738
37344,0.09598871
37345,0.060495682
37346,0.09834009
37347,0.05336087
37348,0.13436252
37349,0.09510154
37350,0.052275255
37351,0.054136258
37352,0.10945309
37353,0.11122903
37354,0.027668644
37355,0.4845579
37356,0.39909723
37357,0.13456975
37358,0.022108622
37359,0.053177092
37360,0.055190396
37361,0.13794082
37362,0.027399682
37363,0.054907218
37364,0.035021923
37365,0.019741321
37366,0.02652673
37367,0.04189627
37368,0.041063078
37369,0.22650655
37370,0.5440132
37371,0.12410135
37372,0.13190417
37373,0.12931067
37374,0.13389255
37375,0.1214518
37376,0.7231989
37377,0.06100755
37378,0.029199367
37379,0.16987684
37380,0.15223715
37381,0.2442979
37382,0.47330704
37383,0.25998697
37384,0.074871965
37385,1.0
37386,0.2362401
37387,0.12077274
37388,0.12256645
37389,0.017903384
37390,0.030258384
37391,0.6362886
37392,0.042391792
37393,0.028452873
37394,0.03302009
37395,0.0430021
37396,0.10955048
37397,0.43124026
37398,0.26230007
37399,0.26362348
37400,0.24849269
37401,0.10134867
37402,0.11615974
37403,0.25885144
37404,0.023687355
37405,0.022503281
37406,0.18995875
37407,0.07755873
37408,0.07154154
37409,0.45835853
37410,0.3046692
37411,0.041926805
37412,0.47368497
37413,0.28419206
37414,0.01364182
37415,0.067245424
37416,0.08010323
37417,0.06398493
37418,0.0141771035
37419,0.04192049
37420,0.073116906
37421,0.06911482
37422,0.087405905
37423,0.4193456
37424,0.7322538
37425,0.44068313
37426,0.22410564
37427,0.47621182
37428,0.065540396
37429,0.01897571
37430,0.08005479
37431,0.07732571
37432,0.11282043
37433,0.3116499
37434,0.06496538
37435,0.023694113
37436,0.042182073
37437,0.10388358
37438,0.032919023
37439,0.057094898
37440,0.017769879
37441,0.02805796
37442,0.018565148
37443,0.0151934
37444,0.040595494
37445,0.05259245
37446,0.055888977
37447,0.053617753
37448,0.30402794
37449,0.13840339
37450,0.2770107
37451,0.72212225
37452,0.535597
37453,0.26048437
37454,0.15051556
37455,0.051475167
37456,0.047484282
37457,0.09296525
37458,0.016384125
37459,0.042727284
37460,0.9780176
37461,0.063272685
37462,0.049803663
37463,0.07250193
37464,0.1947698
37465,0.03714391
37466,0.041273925
37467,0.053342663
37468,0.018137248
37469,0.017903384
37470,0.037108704
37471,0.086666405
37472,0.070370495
37473,0.7125974
37474,0.36572295
37475,0.20073356
37476,0.973929
37477,0.40093002
37478,0.32471713
37479,0.14690277
37480,0.028210923
37481,0.026686238
37482,0.023765013
37483,0.041625146
37484,0.057532474
37485,0.035098776
37486,0.059679255
37487,0.444319
37488,0.15248342
37489,0.26043767
37490,0.020695837
37491,0.097794674
37492,0.12782343
37493,0.15900066
37494,0.24590914
37495,0.10383465
37496,0.022654103
37497,0.034364372
37498,0.09437385
37499,0.98756707
37500,0.29816297
37501,0.8542283
37502,0.41535333
37503,0.2591847
37504,0.117779575
37505,0.16136852
37506,0.034649022
37507,0.016194206
37508,0.019574964
37509,0.0151934
37510,0.022091128
37511,0.09087075
37512,0.09503154
37513,0.04328144
37514,0.18680604
37515,0.019302173
37516,0.078695565
37517,0.405226
37518,0.038037248
37519,0.014734176
37520,0.094424084
37521,0.2592688
37522,0.026981164
37523,0.10776746
37524,0.115054496
37525,0.05685756
37526,0.15587169
37527,0.0856235
37528,0.08187163
37529,0.046094127
37530,0.19400011
37531,0.14190388
37532,0.03210147
37533,0.023517966
37534,0.10827446
37535,0.12048508
37536,0.0253012
37537,0.0954449
37538,0.039906144
37539,0.035727758
37540,0.037502483
37541,0.13123484
37542,0.3821763
37543,0.69838023
37544,0.14381446
37545,0.015009942
37546,0.015666058
37547,0.016384125
37548,0.023458295
37549,0.056020614
37550,0.016113352
37551,0.05760723
37552,0.14787734
37553,0.015009942
37554,0.022174794
37555,0.016057951
37556,0.014632081
37557,0.01704321
37558,0.073111355
37559,0.07418336
37560,0.42042798
37561,0.015603993
37562,0.016771892
37563,0.02913345
37564,0.06885899
37565,0.075944416
37566,0.5315452
37567,0.18723518
37568,0.0151934
37569,0.014791477
37570,0.23844516
37571,0.016084533
37572,0.09370053
37573,0.2617638
37574,0.04623078
37575,0.015009942
37576,0.014734176
37577,0.26264393
37578,0.023674972
37579,0.030009523
37580,0.09762791
37581,0.03712714
37582,0.04969021
37583,0.03548529
37584,0.050506186
37585,0.12571809
37586,0.042750917
37587,0.072572835
37588,0.035065956
37589,0.039716236
37590,0.062145106
37591,0.26063257
37592,0.045814235
37593,0.25696388
37594,0.0696007
37595,0.033775106
37596,0.015380061
37597,0.04165878
37598,0.10831829
37599,0.024272967
37600,0.35467276
37601,0.34279788
37602,0.01749133
37603,0.06454045
37604,0.043742027
37605,0.014997186
37606,0.47290328
37607,0.7016205
37608,0.12413589
37609,0.16564536
37610,0.097248435
37611,0.11248569
37612,0.057267725
37613,0.07862361
37614,0.09889115
37615,0.11706548
37616,1.0
37617,0.06854522
37618,0.016889893
37619,0.08244413
37620,0.08656947
37621,0.027249504
37622,0.15597846
37623,0.45121232
37624,0.05421443
37625,0.25628403
37626,0.030003
37627,0.016337724
37628,0.14281608
37629,0.027706997
37630,0.061535582
37631,0.030077
37632,0.025234275
37633,0.04511689
37634,0.09468037
37635,0.032829802
37636,0.08644488
37637,0.19671784
37638,0.04417052
37639,0.039794914
37640,0.025405928
37641,0.09349106
37642,0.0953671
37643,0.021612843
37644,0.02656313
37645,0.053415153
37646,0.97969764
37647,0.06915792
37648,0.16320811
37649,0.105249
37650,0.07660321
37651,0.041323643
37652,0.033282466
37653,0.015580057
37654,0.3392756
37655,0.025519852
37656,0.01364182
37657,0.014052297
37658,0.041375764
37659,0.28504428
37660,0.014734176
37661,0.11852503
37662,0.021792136
37663,0.013805003
37664,0.0470925
37665,0.26203188
37666,0.019799327
37667,0.021433027
37668,0.020252421
37669,0.03430498
37670,0.034612045
37671,0.1707957
37672,0.047800887
37673,0.015926382
37674,0.087519
37675,0.25565606
37676,0.0891621
37677,0.09299766
37678,0.05430039
37679,0.023846336
37680,0.046461955
37681,0.07729257
37682,0.25562108
37683,0.13601695
37684,0.013805003
37685,0.026356086
37686,0.015009942
37687,0.015009942
37688,0.016475584
37689,0.016771892
37690,0.063091
37691,0.09515582
37692,0.07442125
37693,0.09197767
37694,0.13757062
37695,0.01432903
37696,0.38365865
37697,0.014885034
37698,0.019018283
37699,0.03391768
37700,0.016204812
37701,0.01787538
37702,0.023658229
37703,0.0141771035
37704,0.01691005
37705,0.06548574
37706,0.019922644
37707,0.015841292
37708,0.014052297
37709,0.04155926
37710,0.02871334
37711,0.07516158
37712,0.05495081
37713,0.013805003
37714,0.015009942
37715,0.1554851
37716,0.040494837
37717,0.044509545
37718,0.07502943
37719,0.014907383
37720,0.027092393
37721,0.12133269
37722,0.3411241
37723,0.0839741
37724,0.047652144
37725,0.072202995
37726,0.059259884
37727,0.034792744
37728,0.12175316
37729,0.03675048
37730,0.13759017
37731,0.20858695
37732,0.02886931
37733,0.015009942
37734,0.034437295
37735,0.033701003
37736,0.023575459
37737,0.016204812
37738,0.040431168
37739,0.15211326
37740,0.062034156
37741,0.01364182
37742,0.30027905
37743,0.016291916
37744,0.034875885
37745,0.016771892
37746,0.022400986
37747,0.05309138
37748,0.030850757
37749,0.04472223
37750,0.014734176
37751,0.0151934
37752,0.20486502
37753,0.25595614
37754,0.01818876
37755,0.15415502
37756,0.016128734
37757,0.025990942
37758,0.030133883
37759,0.038966935
37760,0.03339238
37761,0.026457585
37762,0.033193134
37763,0.036390886
37764,0.037362
37765,0.025885796
37766,0.04633494
37767,0.041198127
37768,0.028427256
37769,0.041465987
37770,0.36800614
37771,0.035151757
37772,0.036757275
37773,0.20037538
37774,0.13680312
37775,0.021862475
37776,0.035845272
37777,0.24576923
37778,0.043726627
37779,0.3952821
37780,0.07073145
37781,0.06835541
37782,0.09602127
37783,0.12779486
37784,0.16576056
37785,0.02345023
37786,0.8525682
37787,0.10049909
37788,0.029160576
37789,0.2596649
37790,0.042752046
37791,0.019693991
37792,0.029795771
37793,0.039615497
37794,0.13678971
37795,0.14744835
37796,0.72027177
37797,0.4883811
37798,0.041917473
37799,0.15449704
37800,0.16238691
37801,0.014496491
37802,0.032922182
37803,0.053328093
37804,0.05322286
37805,0.014505524
37806,0.12392055
37807,0.047220398
37808,0.45007956
37809,0.12272525
37810,0.24777257
37811,0.5345084
37812,0.21356428
37813,0.021518013
37814,0.58147985
37815,0.015069722
37816,0.07970733
37817,0.1437988
37818,0.031383377
37819,0.10089496
37820,0.03762514
37821,0.069177374
37822,0.02263814
37823,0.14550084
37824,0.121976
37825,0.12799275
37826,0.123561054
37827,0.3828643
37828,0.034850676
37829,0.025697337
37830,0.041326445
37831,0.0443261
37832,0.061472267
37833,0.028641338
37834,0.025259143
37835,0.05972066
37836,0.18447015
37837,0.043642253
37838,0.27841264
37839,0.13330472
37840,0.034205336
37841,0.020395046
37842,0.46732143
37843,0.2612622
37844,0.12893821
37845,0.42704126
37846,0.48607475
37847,0.013576351
37848,0.08385786
37849,0.12492934
37850,0.037117504
37851,0.05029048
37852,0.08171068
37853,0.13062766
37854,0.1886208
37855,0.44558305
37856,0.026912948
37857,0.041997988
37858,0.027738288
37859,0.046261907
37860,0.3059101
37861,0.022734541
37862,0.04095727
37863,0.014824304
37864,0.17833129
37865,0.033560663
37866,0.2557393
37867,0.7277833
37868,0.09753578
37869,0.018938938
37870,0.045988854
37871,0.06713946
37872,0.022162126
37873,0.12501632
37874,0.1879898
37875,0.10216839
37876,0.14315192
37877,0.054233145
37878,0.031329654
37879,0.04377144
37880,0.030811837
37881,0.0327988
37882,0.20979604
37883,0.05778417
37884,0.09397926
37885,0.01614391
37886,0.041183993
37887,0.02772802
37888,0.020819668
37889,0.023239374
37890,0.036583126
37891,0.0630393
37892,0.022213107
37893,0.091083184
37894,0.51570106
37895,0.41673797
37896,0.027285019
37897,0.02953579
37898,0.14555098
37899,0.052463617
37900,0.014987486
37901,0.056210287
37902,0.01654324
37903,0.16084434
37904,0.02968606
37905,0.042872444
37906,0.038633794
37907,0.064676106
37908,0.06792168
37909,0.14110817
37910,0.16362874
37911,0.15479489
37912,0.053324886
37913,0.036711697
37914,0.01972992
37915,0.057877418
37916,0.04048753
37917,0.015009942
37918,0.26326424
37919,0.05967157
37920,0.45774925
37921,0.09407464
37922,0.021612843
37923,0.09350453
37924,0.043819036
37925,0.07498392
37926,0.016836831
37927,0.01432903
37928,0.0151934
37929,0.08433599
37930,0.025602993
37931,0.02117692
37932,0.022875093
37933,0.10120085
37934,0.04318882
37935,0.08916622
37936,0.052813984
37937,0.09028716
37938,0.13825107
37939,0.40098262
37940,0.059599515
37941,0.023319708
37942,0.09012597
37943,0.018888988
37944,0.04321346
37945,0.013805003
37946,0.12739082
37947,0.05342703
37948,0.11353975
37949,0.02845209
37950,0.122546844
37951,0.032930836
37952,0.033334892
37953,0.027254809
37954,0.13961954
37955,0.014734176
37956,0.07287682
37957,0.025114974
37958,0.03685291
37959,0.053186484
37960,0.07370096
37961,0.057165593
37962,0.11567203
37963,0.0753203
37964,0.25306693
37965,0.19182141
37966,0.19083796
37967,0.015009942
37968,0.08332268
37969,0.015772838
37970,0.057383906
37971,0.037090205
37972,0.08418204
37973,0.030149298
37974,0.040911324
37975,0.050000876
37976,0.036410257
37977,0.036284957
37978,0.047049176
37979,0.02405373
37980,0.07839681
37981,0.013805003
37982,0.10470032
37983,0.017534146
37984,0.068243064
37985,0.25491267
37986,0.04470192
37987,0.106461726
37988,0.619919
37989,0.08294447
37990,0.10548183
37991,0.05667922
37992,0.07258619
37993,0.054976914
37994,0.078884274
37995,0.054482047
37996,0.014632081
37997,0.016749004
37998,0.26539916
37999,0.09894417
38000,0.041086257
38001,0.048258275
38002,0.0479771
38003,0.018287258
38004,0.020594388
38005,0.01897571
38006,0.026586987
38007,0.05157832
38008,0.48716918
38009,0.061737813
38010,0.055532157
38011,0.07046089
38012,0.7338036
38013,0.099477276
38014,0.017526848
38015,0.07798044
38016,0.055605914
38017,0.24903725
38018,0.37992626
38019,0.05775257
38020,0.021897733
38021,0.053895965
38022,0.053765025
38023,0.08984013
38024,0.14511113
38025,0.030767743
38026,0.13655016
38027,0.058801625
38028,0.08233976
38029,0.016771892
38030,0.037396863
38031,0.07036963
38032,0.06650191
38033,0.018614724
38034,0.096213795
38035,0.11260003
38036,0.26328352
38037,0.06620077
38038,0.036531508
38039,0.09707518
38040,0.16183746
38041,0.25154302
38042,0.05234701
38043,0.061523344
38044,0.021882407
38045,0.038795944
38046,0.648695
38047,0.027785543
38048,0.13125585
38049,0.42893255
38050,0.13843745
38051,0.016662017
38052,0.04108639
38053,0.01432903
38054,0.050182402
38055,0.035681937
38056,0.25877634
38057,0.31581327
38058,0.065373205
38059,0.06962035
38060,0.10850283
38061,0.108255215
38062,0.10384029
38063,0.1610152
38064,0.3459253
38065,0.0838426
38066,0.05593996
38067,0.14576626
38068,0.08269012
38069,0.19439334
38070,0.95080036
38071,0.029103298
38072,0.40367073
38073,0.043010615
38074,0.19475943
38075,0.018361326
38076,0.0433078
38077,0.059994854
38078,0.02020599
38079,0.06381148
38080,0.64042425
38081,0.03982064
38082,0.06251578
38083,0.26071388
38084,0.10892227
38085,0.16365448
38086,0.26182827
38087,0.25906852
38088,0.022151686
38089,0.12190338
38090,0.14513746
38091,0.10700298
38092,0.9823939
38093,0.42940935
38094,0.3921865
38095,0.023562431
38096,0.12255039
38097,0.09046237
38098,0.016652541
38099,0.04605937
38100,0.014052297
38101,0.01520403
38102,0.04124526
38103,0.07771828
38104,0.061282776
38105,0.08823175
38106,0.0871044
38107,0.06872088
38108,0.10258771
38109,0.11248629
38110,0.022654103
38111,0.075171664
38112,0.18646611
38113,0.022922477
38114,0.037918326
38115,0.9776405
38116,0.98372155
38117,0.6297474
38118,0.013805003
38119,0.021746665
38120,0.01721436
38121,0.111622825
38122,0.47650474
38123,0.08804029
38124,0.07846215
38125,0.014052297
38126,0.01432903
38127,0.046052754
38128,0.06711215
38129,0.037973043
38130,0.015230853
38131,0.5303984
38132,0.01600759
38133,0.032158248
38134,0.08178115
38135,0.084814794
38136,0.05266737
38137,0.048687927
38138,0.26460013
38139,0.09459833
38140,0.11268304
38141,0.09662075
38142,0.06384896
38143,0.98314536
38144,0.98484254
38145,0.54725814
38146,0.07092324
38147,0.024211906
38148,0.45036593
38149,0.05454154
38150,0.2578873
38151,0.073731184
38152,0.12545049
38153,0.023330847
38154,0.11838019
38155,0.07337048
38156,0.10288481
38157,0.21836324
38158,0.500529
38159,0.66501063
38160,0.12214805
38161,0.11070583
38162,0.060873866
38163,0.04420659
38164,0.09657686
38165,0.056131594
38166,0.035309706
38167,0.01864836
38168,0.11275118
38169,0.1501136
38170,0.050592642
38171,0.092230804
38172,0.022091128
38173,0.93642074
38174,0.999191
38175,0.9662335
38176,0.062076334
38177,0.15363362
38178,0.45089254
38179,0.02252309
38180,0.01432903
38181,0.031290844
38182,0.060960166
38183,0.0363541
38184,0.28037736
38185,0.98637736
38186,0.05366128
38187,0.09599805
38188,0.064479165
38189,0.10067811
38190,0.054258276
38191,0.12487764
38192,0.07600575
38193,0.051877763
38194,0.055749726
38195,0.10490154
38196,0.113217235
38197,0.028375298
38198,0.036861956
38199,0.49518108
38200,0.26227045
38201,0.17087089
38202,0.055713322
38203,0.022280246
38204,0.085356876
38205,0.058773365
38206,0.16370973
38207,0.03131982
38208,0.038668413
38209,0.034509532
38210,0.019741321
38211,0.02188114
38212,0.03776038
38213,0.039967712
38214,0.20945154
38215,0.53114444
38216,0.12227305
38217,0.21058363
38218,0.124467045
38219,0.1297902
38220,0.11369099
38221,0.7461409
38222,0.05063818
38223,0.02898145
38224,0.14780192
38225,0.15277664
38226,0.32710022
38227,0.46123114
38228,0.26177114
38229,0.07312675
38230,1.0
38231,0.24344872
38232,0.12077274
38233,0.22825299
38234,0.02270632
38235,0.03212655
38236,0.6169468
38237,0.05038499
38238,0.03236143
38239,0.043284297
38240,0.04443136
38241,0.10578239
38242,0.43515596
38243,0.26175553
38244,0.48193032
38245,0.21955654
38246,0.10265878
38247,0.113323495
38248,0.2610373
38249,0.023687355
38250,0.14739929
38251,0.098544955
38252,0.06623732
38253,0.4670323
38254,0.2594843
38255,0.03978494
38256,0.49084803
38257,0.30062735
38258,0.065640785
38259,0.07847949
38260,0.059039537
38261,0.042247377
38262,0.034230508
38263,0.04653979
38264,0.083646126
38265,0.06872996
38266,0.079058185
38267,0.43487442
38268,0.7341518
38269,0.42707452
38270,0.23254848
38271,0.47621182
38272,0.07622642
38273,0.01897571
38274,0.06527084
38275,0.05935791
38276,0.14516382
38277,0.2609641
38278,0.059588965
38279,0.023419887
38280,0.042018894
38281,0.10723169
38282,0.023251355
38283,0.029159356
38284,0.0816277
38285,0.018045643
38286,0.017408445
38287,0.028000413
38288,0.016113352
38289,0.034758728
38290,0.050473295
38291,0.042430963
38292,0.056085818
38293,0.24455592
38294,0.21262972
38295,0.27511892
38296,0.7226085
38297,0.52413297
38298,0.25734997
38299,0.11108289
38300,0.041150875
38301,0.019367842
38302,0.047740366
38303,0.11455371
38304,0.04339423
38305,0.97901785
38306,0.040066212
38307,0.016113352
38308,0.0491503
38309,0.09862023
38310,0.29523277
38311,0.033449307
38312,0.03946716
38313,0.016842417
38314,0.03632502
38315,0.019770524
38316,0.033174314
38317,0.0828921
38318,0.07087006
38319,0.6934329
38320,0.36175266
38321,0.21041007
38322,0.973929
38323,0.4044044
38324,0.33203357
38325,0.1741312
38326,0.028210923
38327,0.026686238
38328,0.025720244
38329,0.049180113
38330,0.04144988
38331,0.025822457
38332,0.07040357
38333,0.43536228
38334,0.1145234
38335,0.26827523
38336,0.027373504
38337,0.15353248
38338,0.13826156
38339,0.16315976
38340,0.11770942
38341,0.063460186
38342,0.022654103
38343,0.03270777
38344,0.0872448
38345,0.98756707
38346,0.29135117
38347,0.8594909
38348,0.41675055
38349,0.2590331
38350,0.122346886
38351,0.11688714
38352,0.01623539
38353,0.018257847
38354,0.0151934
38355,0.014734176
38356,0.09448042
38357,0.09140075
38358,0.03453518
38359,0.2589543
38360,0.021328416
38361,0.05911811
38362,0.33258015
38363,0.047381148
38364,0.015306851
38365,0.014734176
38366,0.07247624
38367,0.25685665
38368,0.024379618
38369,0.119701855
38370,0.14355911
38371,0.05776831
38372,0.16915008
38373,0.039679125
38374,0.12912333
38375,0.057067614
38376,0.02873873
38377,0.15027697
38378,0.098709
38379,0.048081942
38380,0.015230853
38381,0.09428735
38382,0.015230853
38383,0.14197686
38384,0.028738681
38385,0.0314958
38386,0.084180586
38387,0.032970455
38388,0.034684293
38389,0.040290482
38390,0.14515777
38391,0.25790444
38392,0.743864
38393,0.14945371
38394,0.015306851
38395,0.026643101
38396,0.022942455
38397,0.04047009
38398,0.015666058
38399,0.0882479
38400,0.12086357
38401,0.014791477
38402,0.01864836
38403,0.016652541
38404,0.025632007
38405,0.07023012
38406,0.07345847
38407,0.42157742
38408,0.015306851
38409,0.016771892
38410,0.029891707
38411,0.06761753
38412,0.07536814
38413,0.54102635
38414,0.18540952
38415,0.014791477
38416,0.24374685
38417,0.07242051
38418,0.20077863
38419,0.039573923
38420,0.015009942
38421,0.267303
38422,0.028209304
38423,0.09776774
38424,0.05043482
38425,0.038988497
38426,0.01755727
38427,0.029627284
38428,0.057350967
38429,0.25947154
38430,0.042750917
38431,0.022452142
38432,0.031948637
38433,0.029464532
38434,0.08094341
38435,0.24631332
38436,0.046524886
38437,0.19379476
38438,0.0696007
38439,0.023374457
38440,0.038148317
38441,0.036296375
38442,0.32475808
38443,0.39471966
38444,0.018214202
38445,0.059088714
38446,0.04268355
38447,0.014885034
38448,0.48487464
38449,0.69205433
38450,0.121535264
38451,0.11217249
38452,0.015380061
38453,0.09217689
38454,0.049666613
38455,0.0871983
38456,0.101747304
38457,0.109566964
38458,0.117030986
38459,1.0
38460,0.0632405
38461,0.016889893
38462,0.10983629
38463,0.06786442
38464,0.026374564
38465,0.03037526
38466,0.16637306
38467,0.52573925
38468,0.047665205
38469,0.2503164
38470,0.022929808
38471,0.15691276
38472,0.014734176
38473,0.026828121
38474,0.051750727
38475,0.03477155
38476,0.025639413
38477,0.04726724
38478,0.099311225
38479,0.037080925
38480,0.08520029
38481,0.015132764
38482,0.015743257
38483,0.19752182
38484,0.0445847
38485,0.049272723
38486,0.09121993
38487,0.06605903
38488,0.021059567
38489,0.03318112
38490,0.97969764
38491,0.049737748
38492,0.16320811
38493,0.089144185
38494,0.040392045
38495,0.03463455
38496,0.03660613
38497,0.015306851
38498,0.38406757
38499,0.023908801
38500,0.014052297
38501,0.01749225
38502,0.037750762
38503,0.2787755
38504,0.017226083
38505,0.10831389
38506,0.040577747
38507,0.059000652
38508,0.41785216
38509,0.022637168
38510,0.023251355
38511,0.02081735
38512,0.035465337
38513,0.042382427
38514,0.14867797
38515,0.05740163
38516,0.015850842
38517,0.05140275
38518,0.2470725
38519,0.07141003
38520,0.07922516
38521,0.07313095
38522,0.02453354
38523,0.060115524
38524,0.016771892
38525,0.09204976
38526,0.19220158
38527,0.21637632
38528,0.013805003
38529,0.033705883
38530,0.015009942
38531,0.015009942
38532,0.018571496
38533,0.015743257
38534,0.015743257
38535,0.027890785
38536,0.118403316
38537,0.11364355
38538,0.059931163
38539,0.14768434
38540,0.3072122
38541,0.03284181
38542,0.016903361
38543,0.018587254
38544,0.023103794
38545,0.014928263
38546,0.015580057
38547,0.041920554
38548,0.024466164
38549,0.07303718
38550,0.045243345
38551,0.01620215
38552,0.14744236
38553,0.040494837
38554,0.0514431
38555,0.0149695845
38556,0.04309404
38557,0.017555451
38558,0.1223231
38559,0.33445743
38560,0.051590864
38561,0.07425423
38562,0.09858608
38563,0.065754145
38564,0.056867592
38565,0.10563597
38566,0.02443077
38567,0.096337005
38568,0.1620893
38569,0.0175014
38570,0.021869127
38571,0.038540535
38572,0.024127953
38573,0.02433576
38574,0.019295072
38575,0.028913232
38576,0.14550757
38577,0.111690916
38578,0.02518951
38579,0.2013102
38580,0.021177063
38581,0.04517926
38582,0.035135195
38583,0.05546764
38584,0.025684658
38585,0.20154446
38586,0.2116757
38587,0.01795899
38588,0.10687304
38589,0.017167784
38590,0.016128734
38591,0.025580468
38592,0.016369104
38593,0.028833872
38594,0.032152206
38595,0.026457585
38596,0.036423847
38597,0.036390886
38598,0.030981135
38599,0.032570712
38600,0.062498905
38601,0.026925756
38602,0.027342608
38603,0.39403912
38604,0.035151757
38605,0.040164243
38606,0.24690418
38607,0.24345154
38608,0.021862475
38609,0.035928503
38610,0.24722165
38611,0.09069449
38612,0.39354917
38613,0.07142594
38614,0.24247852
38615,0.07444482
38616,0.014505524
38617,0.01654324
38618,0.014781291
38619,0.14791228
38620,0.94375026
38621,0.20264503
38622,0.030803615
38623,0.39354816
38624,0.07085971
38625,0.028093189
38626,0.01717594
38627,0.117415585
38628,0.14273213
38629,0.7243226
38630,0.47099912
38631,0.035908125
38632,0.03964166
38633,0.24046989
38634,0.16496956
38635,0.028287807
38636,0.029562121
38637,0.074024215
38638,0.014505524
38639,0.13308942
38640,0.45013222
38641,0.22728051
38642,0.21993893
38643,0.5170289
38644,0.16167833
38645,0.021518013
38646,0.46081278
38647,0.08508793
38648,0.10918666
38649,0.05220744
38650,0.04013169
38651,0.042986684
38652,0.0714818
38653,0.06662181
38654,0.12227688
38655,0.12270486
38656,0.026576858
38657,0.1480855
38658,0.3870006
38659,0.042356804
38660,0.04539227
38661,0.04670973
38662,0.061869767
38663,0.028369643
38664,0.07756518
38665,0.1844001
38666,0.24732608
38667,0.08004124
38668,0.06040116
38669,0.0521203
38670,0.021862475
38671,0.45756334
38672,0.12626663
38673,0.04458934
38674,0.4521501
38675,0.42123866
38676,0.07000814
38677,0.11337214
38678,0.026414448
38679,0.01856412
38680,0.028926967
38681,0.0915642
38682,0.115024865
38683,0.34698334
38684,0.49669978
38685,0.017111205
38686,0.07192631
38687,0.01434655
38688,0.037147082
38689,0.30948588
38690,0.021099763
38691,0.07909255
38692,0.1422601
38693,0.033560663
38694,0.019422809
38695,0.24648942
38696,0.53407365
38697,0.11747124
38698,0.029358903
38699,0.06237224
38700,0.07078682
38701,0.014539617
38702,0.016985707
38703,0.023281978
38704,0.11286227
38705,0.18013208
38706,0.08792793
38707,0.10667758
38708,0.05106512
38709,0.056357887
38710,0.052290834
38711,0.21795303
38712,0.06936437
38713,0.09547592
38714,0.01618692
38715,0.048559286
38716,0.02977519
38717,0.039905623
38718,0.021972599
38719,0.0336513
38720,0.06247055
38721,0.04188353
38722,0.09594529
38723,0.48140603
38724,0.43369642
38725,0.027766647
38726,0.031457093
38727,0.028079145
38728,0.10945112
38729,0.043505732
38730,0.05336607
38731,0.0150749
38732,0.031070393
38733,0.14089812
38734,0.039338656
38735,0.040592097
38736,0.050624207
38737,0.052100174
38738,0.071822144
38739,0.13557124
38740,0.2262714
38741,0.14847578
38742,0.050162703
38743,0.04145678
38744,0.033120245
38745,0.06696046
38746,0.046792395
38747,0.015009942
38748,0.30851206
38749,0.046586532
38750,0.44799957
38751,0.06661153
38752,0.09430556
38753,0.06369203
38754,0.03630596
38755,0.05920933
38756,0.022310767
38757,0.020482678
38758,0.037295736
38759,0.028057309
38760,0.102265984
38761,0.03174238
38762,0.07135329
38763,0.057251476
38764,0.079939686
38765,0.14491397
38766,0.40180513
38767,0.06174587
38768,0.02402494
38769,0.107232325
38770,0.0222574
38771,0.04213841
38772,0.12859282
38773,0.054244984
38774,0.09363486
38775,0.026021186
38776,0.090581335
38777,0.02968806
38778,0.02746968
38779,0.018598687
38780,0.11868145
38781,0.014734176
38782,0.025568265
38783,0.04953712
38784,0.024434071
38785,0.034349583
38786,0.04925608
38787,0.052493684
38788,0.06513971
38789,0.10592055
38790,0.07988259
38791,0.16166095
38792,0.18614517
38793,0.26930624
38794,0.014768269
38795,0.08544502
38796,0.05235802
38797,0.035958864
38798,0.065328054
38799,0.05349525
38800,0.03654982
38801,0.04433851
38802,0.042884026
38803,0.024229726
38804,0.046787176
38805,0.12143431
38806,0.025494326
38807,0.05086805
38808,0.2752554
38809,0.053474896
38810,0.106261656
38811,0.4570344
38812,0.08424631
38813,0.1069468
38814,0.05293154
38815,0.059593495
38816,0.054598715
38817,0.08370257
38818,0.04621793
38819,0.014632081
38820,0.019763255
38821,0.25964886
38822,0.078033924
38823,0.04722329
38824,0.04395666
38825,0.040792216
38826,0.022091128
38827,0.021433027
38828,0.06008575
38829,0.43487048
38830,0.056499537
38831,0.047018245
38832,0.082707755
38833,0.8647007
38834,0.1013688
38835,0.01718533
38836,0.08983932
38837,0.052519564
38838,0.16557026
38839,0.39388144
38840,0.06991701
38841,0.019220311
38842,0.05315238
38843,0.04083351
38844,0.08389609
38845,0.15192819
38846,0.032355372
38847,0.12775128
38848,0.0453451
38849,0.06948836
38850,0.016113352
38851,0.027527712
38852,0.075372845
38853,0.05680383
38854,0.017686492
38855,0.08369462
38856,0.12082825
38857,0.26272467
38858,0.06330707
38859,0.03613147
38860,0.0747553
38861,0.12171847
38862,0.14423734
38863,0.052870084
38864,0.063800156
38865,0.022324879
38866,0.015027075
38867,0.049789645
38868,0.61643404
38869,0.027413595
38870,0.14772926
38871,0.41787168
38872,0.11314641
38873,0.017682485
38874,0.01432903
38875,0.042807408
38876,0.034845788
38877,0.33240733
38878,0.26023296
38879,0.06799811
38880,0.069128804
38881,0.109723665
38882,0.1227752
38883,0.10474566
38884,0.18152301
38885,0.3520993
38886,0.071833305
38887,0.040295836
38888,0.114881046
38889,0.05226547
38890,0.26252893
38891,0.8150581
38892,0.26126418
38893,0.016384125
38894,0.037466776
38895,0.18864892
38896,0.032287985
38897,0.017643273
38898,0.037915323
38899,0.061010927
38900,0.017123252
38901,0.044383157
38902,0.6367624
38903,0.043034494
38904,0.06197413
38905,0.2653268
38906,0.108503915
38907,0.1604757
38908,0.350745
38909,0.18898097
38910,0.023640195
38911,0.12675808
38912,0.14001487
38913,0.09379639
38914,0.9823939
38915,0.3254328
38916,0.29198474
38917,0.021792136
38918,0.11897918
38919,0.0832189
38920,0.019763255
38921,0.015009942
38922,0.063265994
38923,0.014052297
38924,0.013887241
38925,0.06558119
38926,0.08202438
38927,0.07319457
38928,0.068533756
38929,0.10220751
38930,0.062089782
38931,0.105500914
38932,0.10903122
38933,0.059470396
38934,0.26152435
38935,0.01721436
38936,0.039585415
38937,0.9776405
38938,0.94172025
38939,0.57028675
38940,0.01721436
38941,0.11040923
38942,0.60654736
38943,0.09592287
38944,0.051344555
38945,0.05596026
38946,0.060362704
38947,0.046586648
38948,0.015798077
38949,0.49823835
38950,0.025872845
38951,0.02547696
38952,0.07368425
38953,0.08767425
38954,0.044278953
38955,0.05057326
38956,0.2577053
38957,0.11039718
38958,0.16095752
38959,0.09564964
38960,0.057641115
38961,0.98314536
38962,0.84884435
38963,0.5364598
38964,0.0721651
38965,0.025305655
38966,0.48617682
38967,0.0837216
38968,0.25352228
38969,0.07858023
38970,0.13875414
38971,0.026040854
38972,0.12813708
38973,0.0774866
38974,0.09058787
38975,0.19591835
38976,0.51826626
38977,0.73320454
38978,0.11025607
38979,0.10768209
38980,0.0539663
38981,0.041500267
38982,0.095918246
38983,0.046897918
38984,0.032698918
38985,0.10656058
38986,0.14518644
38987,0.052919503
38988,0.10987777
38989,0.022565592
38990,0.9791942
38991,1.0
38992,0.96754074
38993,0.026928455
38994,0.0803666
38995,0.14659336
38996,0.016113352
38997,0.4912475
38998,0.021792136
38999,0.01810075
39000,0.03469806
39001,0.06940093
39002,0.043293074
39003,0.40784642
39004,0.98637736
39005,0.054463975
39006,0.08166569
39007,0.061250284
39008,0.095978454
39009,0.048037972
39010,0.16229922
39011,0.075201996
39012,0.04756395
39013,0.0748996
39014,0.13250443
39015,0.12769881
39016,0.029623447
39017,0.035378344
39018,0.29967755
39019,0.28222862
39020,0.13456975
39021,0.082026504
39022,0.056832526
39023,0.13824314
39024,0.036218673
39025,0.033639606
39026,0.02652673
39027,0.03718115
39028,0.042930596
39029,0.3017949
39030,0.5362002
39031,0.15801337
39032,0.11955424
39033,0.22082044
39034,0.1366941
39035,0.111182354
39036,0.7479314
39037,0.051085
39038,0.029360551
39039,0.028876422
39040,0.1510716
39041,0.16993468
39042,0.33156395
39043,0.31411567
39044,0.19488649
39045,0.07305433
39046,1.0
39047,0.1524802
39048,0.14365192
39049,0.19483306
39050,0.018583821
39051,0.02953278
39052,0.34247053
39053,0.050739907
39054,0.030023234
39055,0.030927043
39056,0.04312986
39057,0.10247937
39058,0.43109605
39059,0.26270196
39060,0.26575074
39061,0.2632662
39062,0.11428919
39063,0.1265848
39064,0.25909746
39065,0.02280496
39066,0.16204922
39067,0.09697949
39068,0.045456406
39069,0.5075864
39070,0.25719166
39071,0.032264385
39072,0.48385668
39073,0.25988954
39074,0.07737296
39075,0.095644124
39076,0.057503555
39077,0.032869358
39078,0.026158698
39079,0.04826907
39080,0.062408797
39081,0.066349566
39082,0.101574555
39083,0.43622592
39084,0.771704
39085,0.42631632
39086,0.40100342
39087,0.3685429
39088,0.085778624
39089,0.017038118
39090,0.0608594
39091,0.05088948
39092,0.10957702
39093,0.26042682
39094,0.057833526
39095,0.049331207
39096,0.049921393
39097,0.14727487
39098,0.028717566
39099,0.04822033
39100,0.020666493
39101,0.026635729
39102,0.018565148
39103,0.015584154
39104,0.030197127
39105,0.038943917
39106,0.04449642
39107,0.038831662
39108,0.34900635
39109,0.21446094
39110,0.28735843
39111,0.7215476
39112,0.54136014
39113,0.254874
39114,0.11992604
39115,0.042737223
39116,0.01864836
39117,0.052072972
39118,0.096095204
39119,0.031495832
39120,0.97901785
39121,0.054593205
39122,0.01721436
39123,0.05266338
39124,0.06415689
39125,0.29975185
39126,0.041550957
39127,0.033885267
39128,0.016384125
39129,0.035067458
39130,0.018572772
39131,0.01813853
39132,0.032637995
39133,0.064860016
39134,0.070658065
39135,0.67658997
39136,0.36382332
39137,0.3303362
39138,0.973929
39139,0.38976535
39140,0.33362803
39141,0.11841865
39142,0.026686238
39143,0.024416592
39144,0.041625146
39145,0.0391313
39146,0.029496636
39147,0.057208385
39148,0.44651142
39149,0.14915712
39150,0.26827523
39151,0.02197482
39152,0.14808273
39153,0.12269719
39154,0.111307435
39155,0.11868551
39156,0.05704744
39157,0.022654103
39158,0.01432903
39159,0.033800125
39160,0.10611603
39161,0.9852596
39162,0.30589485
39163,0.95059794
39164,0.4191745
39165,0.2518899
39166,0.12477853
39167,0.09742473
39168,0.015666058
39169,0.025912149
39170,0.0151934
39171,0.025216434
39172,0.10593875
39173,0.10090739
39174,0.035912264
39175,0.16957119
39176,0.022831252
39177,0.07559652
39178,0.27744272
39179,0.051470377
39180,0.08059908
39181,0.2608143
39182,0.1044322
39183,0.12766978
39184,0.056946177
39185,0.1784482
39186,0.14130948
39187,0.052066065
39188,0.030362425
39189,0.09597259
39190,0.09268283
39191,0.0150676705
39192,0.09609929
39193,0.01432903
39194,0.14848165
39195,0.030539397
39196,0.025055774
39197,0.08355912
39198,0.042727545
39199,0.03723507
39200,0.03897509
39201,0.17140341
39202,0.25871894
39203,0.7413321
39204,0.15397292
39205,0.015306851
39206,0.01809937
39207,0.020248014
39208,0.022045314
39209,0.055177692
39210,0.11259261
39211,0.14006038
39212,0.01918364
39213,0.04838395
39214,0.01784146
39215,0.024689734
39216,0.053456236
39217,0.06438047
39218,0.069065146
39219,0.42157584
39220,0.015603993
39221,0.016771892
39222,0.039347284
39223,0.06037179
39224,0.07327162
39225,0.57279724
39226,0.18886557
39227,0.015580057
39228,0.24513462
39229,0.052906822
39230,0.02213814
39231,0.09059275
39232,0.1730941
39233,0.015521218
39234,0.26264393
39235,0.028266603
39236,0.10414366
39237,0.051271223
39238,0.04159698
39239,0.017634016
39240,0.033052064
39241,0.06321804
39242,0.40377942
39243,0.046985906
39244,0.017529927
39245,0.029304052
39246,0.037709385
39247,0.05839322
39248,0.19483352
39249,0.04621545
39250,0.25208282
39251,0.059756566
39252,0.031130526
39253,0.035424598
39254,0.055058822
39255,0.026031777
39256,0.26320654
39257,0.39008453
39258,0.061565004
39259,0.055759374
39260,0.4779953
39261,0.7452743
39262,0.15768269
39263,0.14030577
39264,0.015580057
39265,0.09171461
39266,0.07320288
39267,0.105584845
39268,0.101747304
39269,0.090046845
39270,0.113384694
39271,1.0
39272,0.085436456
39273,0.11138262
39274,0.059989296
39275,0.027249504
39276,0.09783788
39277,0.45930707
39278,0.053327236
39279,0.1768812
39280,0.022798553
39281,0.15196088
39282,0.026991304
39283,0.06084834
39284,0.030077
39285,0.01364182
39286,0.024356969
39287,0.06427094
39288,0.09859018
39289,0.03711624
39290,0.061116796
39291,0.0151934
39292,0.015850842
39293,0.19898099
39294,0.044953197
39295,0.054474004
39296,0.024606925
39297,0.08072004
39298,0.078250766
39299,0.03711114
39300,0.97969764
39301,0.05127641
39302,0.15293103
39303,0.05331517
39304,0.035624728
39305,0.038373303
39306,0.034008075
39307,0.015132764
39308,0.017634016
39309,0.38369685
39310,0.023536704
39311,0.0149695845
39312,0.015009942
39313,0.13989332
39314,0.019763255
39315,0.12772861
39316,0.03463538
39317,0.05172561
39318,0.41723275
39319,0.022637168
39320,0.017404594
39321,0.016128734
39322,0.035583332
39323,0.040579326
39324,0.14867797
39325,0.05623578
39326,0.015603993
39327,0.013805003
39328,0.05228446
39329,0.24884605
39330,0.07359013
39331,0.055920567
39332,0.05494389
39333,0.0266777
39334,0.04425094
39335,0.06359711
39336,0.25527644
39337,0.11476194
39338,0.015009942
39339,0.015132764
39340,0.014734176
39341,0.014928263
39342,0.016750356
39343,0.015580057
39344,0.016771892
39345,0.042260513
39346,0.098096736
39347,0.067183934
39348,0.09289593
39349,0.18178208
39350,0.2618779
39351,0.016267277
39352,0.029356971
39353,0.02680258
39354,0.03376387
39355,0.022513246
39356,0.01691005
39357,0.024905652
39358,0.015416528
39359,0.015504868
39360,0.01432903
39361,0.030300496
39362,0.07378231
39363,0.01847741
39364,0.06297881
39365,0.14408971
39366,0.04494734
39367,0.029737413
39368,0.01721436
39369,0.104465656
39370,0.014834006
39371,0.44439656
39372,0.046317574
39373,0.049674887
39374,0.08350571
39375,0.0151934
39376,0.08528089
39377,0.04199893
39378,0.0149695845
39379,0.11280634
39380,0.02064869
39381,0.14202477
39382,0.1941071
39383,0.022654103
39384,0.029975388
39385,0.023345642
39386,0.015841292
39387,0.015785566
39388,0.03841083
39389,0.0141771035
39390,0.15886073
39391,0.1352999
39392,0.22643003
39393,0.017266804
39394,0.02338746
39395,0.04698724
39396,0.031396754
39397,0.01721436
39398,0.051366143
39399,0.026937502
39400,0.32920864
39401,0.25791907
39402,0.022812365
39403,0.11809698
39404,0.01737462
39405,0.019296177
39406,0.030387713
39407,0.019067524
39408,0.038688056
39409,0.03522883
39410,0.034212347
39411,0.026457585
39412,0.03160639
39413,0.0451283
39414,0.027619498
39415,0.056383543
39416,0.025825778
39417,0.027888976
39418,0.038929023
39419,0.2464608
39420,0.037126333
39421,0.14557283
39422,0.03998281
39423,0.15409525
39424,0.25836647
39425,0.02542175
39426,0.035845272
39427,0.24323528
39428,0.109557785
39429,0.2498884
39430,0.18740442
39431,0.11185293
39432,0.031428598
39433,0.0134131685
39434,0.01585588
39435,0.01654324
39436,0.15565327
39437,0.025675729
39438,0.94412094
39439,0.08380223
39440,0.03357551
39441,0.24124122
39442,0.095677935
39443,0.015078199
39444,0.027658291
39445,0.108751245
39446,0.10885195
39447,0.5900409
39448,0.5054096
39449,0.040965423
39450,0.057019595
39451,0.15368925
39452,0.24698015
39453,0.014100378
39454,0.0397219
39455,0.027355911
39456,0.05372609
39457,0.1367327
39458,0.44712737
39459,0.100171745
39460,0.24649557
39461,0.68713
39462,0.20372333
39463,0.021518013
39464,0.4467898
39465,0.10151691
39466,0.12239293
39467,0.027352655
39468,0.038607918
39469,0.038719922
39470,0.10675707
39471,0.07377007
39472,0.07610978
39473,0.1337012
39474,0.16991572
39475,0.38397723
39476,0.042356804
39477,0.028757641
39478,0.07084878
39479,0.043006953
39480,0.060661543
39481,0.030623222
39482,0.029847011
39483,0.025259143
39484,0.11337887
39485,0.18399604
39486,0.18762514
39487,0.034110364
39488,0.014964748
39489,0.49895746
39490,0.10559185
39491,0.11860832
39492,0.42237133
39493,0.421619
39494,0.013576351
39495,0.070869245
39496,0.075655214
39497,0.01522683
39498,0.029092776
39499,0.051819466
39500,0.043694273
39501,0.08587924
39502,0.2081961
39503,0.43341574
39504,0.016985707
39505,0.01680021
39506,0.096974984
39507,0.1074334
39508,0.32883805
39509,0.037633725
39510,0.15618663
39511,0.03280043
39512,0.17211005
39513,0.5733525
39514,0.120484814
39515,0.015689295
39516,0.029683694
39517,0.043079995
39518,0.066329695
39519,0.016985707
39520,0.023927568
39521,0.1227621
39522,0.11962322
39523,0.08659729
39524,0.13312802
39525,0.05593771
39526,0.027803812
39527,0.038991667
39528,0.0357878
39529,0.035088006
39530,0.15706705
39531,0.06836355
39532,0.09803485
39533,0.016065417
39534,0.05751102
39535,0.04042902
39536,0.021447161
39537,0.03268306
39538,0.05714165
39539,0.043659613
39540,0.055592015
39541,0.44835556
39542,0.4405835
39543,0.030953104
39544,0.028129274
39545,0.089519426
39546,0.042780522
39547,0.01677887
39548,0.08196309
39549,0.028293068
39550,0.18620166
39551,0.05061628
39552,0.046949215
39553,0.04368671
39554,0.013805003
39555,0.047546193
39556,0.059259586
39557,0.15786745
39558,0.30385673
39559,0.15589356
39560,0.050907657
39561,0.041643746
39562,0.03304948
39563,0.051268708
39564,0.058746755
39565,0.015009942
39566,0.3847752
39567,0.045691203
39568,0.46524477
39569,0.06883085
39570,0.015029635
39571,0.078462765
39572,0.045338884
39573,0.042020112
39574,0.01484035
39575,0.045304168
39576,0.022721242
39577,0.019292662
39578,0.03488808
39579,0.037683904
39580,0.09896573
39581,0.039911013
39582,0.06890916
39583,0.054536924
39584,0.096245065
39585,0.188671
39586,0.39047098
39587,0.057641283
39588,0.11217893
39589,0.018791817
39590,0.035810944
39591,0.13169794
39592,0.085445054
39593,0.0564746
39594,0.028232826
39595,0.09151118
39596,0.02985645
39597,0.016771892
39598,0.016122011
39599,0.14405511
39600,0.014734176
39601,0.04846826
39602,0.025144871
39603,0.042866647
39604,0.03387552
39605,0.050710578
39606,0.05814836
39607,0.10114992
39608,0.07028999
39609,0.22807734
39610,0.16004997
39611,0.18703811
39612,0.015009942
39613,0.085211754
39614,0.01493145
39615,0.045461755
39616,0.05016491
39617,0.057773326
39618,0.02512014
39619,0.01850633
39620,0.044436697
39621,0.038994256
39622,0.015009942
39623,0.050447393
39624,0.052187398
39625,0.070913665
39626,0.048836216
39627,0.3199931
39628,0.08514234
39629,0.107706435
39630,0.45740512
39631,0.09705028
39632,0.10558477
39633,0.081756406
39634,0.06585192
39635,0.06576798
39636,0.09033611
39637,0.04380015
39638,0.02081735
39639,0.25946063
39640,0.054057483
39641,0.04790241
39642,0.050628856
39643,0.06895139
39644,0.020594388
39645,0.022351123
39646,0.08564559
39647,0.6004752
39648,0.09616102
39649,0.042911153
39650,0.06730322
39651,0.9606328
39652,0.08840255
39653,0.01728955
39654,0.08764053
39655,0.051190685
39656,0.25524205
39657,0.39743942
39658,0.06494351
39659,0.021897733
39660,0.053268757
39661,0.0468493
39662,0.07005492
39663,0.22010405
39664,0.05288517
39665,0.11957042
39666,0.04206698
39667,0.049129087
39668,0.034837894
39669,0.06449419
39670,0.057099022
39671,0.017060554
39672,0.08806968
39673,0.11834416
39674,0.27521482
39675,0.063701764
39676,0.03624448
39677,0.080105856
39678,0.13067804
39679,0.25760445
39680,0.0662363
39681,0.0239081
39682,0.014632081
39683,0.05420413
39684,0.63022584
39685,0.027331363
39686,0.16602336
39687,0.42562705
39688,0.09400596
39689,0.022213807
39690,0.01432903
39691,0.042458907
39692,0.040382624
39693,0.34498242
39694,0.25918874
39695,0.064359546
39696,0.0688887
39697,0.11046565
39698,0.10620125
39699,0.106671624
39700,0.16747876
39701,0.25870284
39702,0.09826049
39703,0.04332449
39704,0.122184284
39705,0.049878996
39706,0.19439334
39707,0.7216307
39708,0.034666408
39709,0.2737876
39710,0.036472853
39711,0.19433305
39712,0.018090554
39713,0.038517114
39714,0.06899693
39715,0.016826132
39716,0.043915875
39717,0.556659
39718,0.04528828
39719,0.07162239
39720,0.2620982
39721,0.11541182
39722,0.15948485
39723,0.26044387
39724,0.18866941
39725,0.02240241
39726,0.12912162
39727,0.107249424
39728,0.07151694
39729,0.98164004
39730,0.45932615
39731,0.33327562
39732,0.022691196
39733,0.15177593
39734,0.045309395
39735,0.02253985
39736,0.017038118
39737,0.01770521
39738,0.04658696
39739,0.014052297
39740,0.018996367
39741,0.08752496
39742,0.089754716
39743,0.062379546
39744,0.070898436
39745,0.09302946
39746,0.06581248
39747,0.09871353
39748,0.09253558
39749,0.06870632
39750,0.1925069
39751,0.01721436
39752,0.045494355
39753,0.9765959
39754,0.9829677
39755,0.63106376
39756,0.020924373
39757,0.016190097
39758,0.10931056
39759,0.54748815
39760,0.09641545
39761,0.013887241
39762,0.069140255
39763,0.0573527
39764,0.043330193
39765,0.47109753
39766,0.031588726
39767,0.03278397
39768,0.090905316
39769,0.070572644
39770,0.054060493
39771,0.042138655
39772,0.33737788
39773,0.0942954
39774,0.10519592
39775,0.092608854
39776,0.06501891
39777,0.9821007
39778,0.8536271
39779,0.53977793
39780,0.042226795
39781,0.022735722
39782,0.0141771035
39783,0.47651687
39784,0.05454154
39785,0.19401892
39786,0.06820694
39787,0.14297618
39788,0.024523403
39789,0.11287233
39790,0.07989904
39791,0.09953229
39792,0.21057251
39793,0.5304752
39794,0.65881807
39795,0.13123338
39796,0.10739403
39797,0.058102697
39798,0.041500267
39799,0.064634904
39800,0.05528388
39801,0.03820128
39802,0.028872827
39803,0.10096025
39804,0.14212911
39805,0.12686564
39806,0.02203942
39807,0.84774894
39808,1.0
39809,0.96518886
39810,0.053289756
39811,0.15250653
39812,0.015344263
39813,0.46730852
39814,0.02196376
39815,0.018888988
39816,0.032284133
39817,0.0336447
39818,0.06370642
39819,0.056137007
39820,0.39520285
39821,0.9853327
39822,0.051559
39823,0.078039
39824,0.06104806
39825,0.09791127
39826,0.051924083
39827,0.10612745
39828,0.08086682
39829,0.031084174
39830,0.09856346
39831,0.10053422
39832,0.11833084
39833,0.2815505
39834,0.2612668
39835,0.1308692
39836,0.05431546
39837,0.062444095
39838,0.05103985
39839,0.15037335
39840,0.03213159
39841,0.03553915
39842,0.041099757
39843,0.018361326
39844,0.02185579
39845,0.039641317
39846,0.039967712
39847,0.23636816
39848,0.534359
39849,0.12214842
39850,0.12065489
39851,0.13201869
39852,0.12750576
39853,0.11103678
39854,0.8546978
39855,0.053143825
39856,0.02991004
39857,0.17710228
39858,0.11803763
39859,0.24471031
39860,0.46223533
39861,0.22069828
39862,0.06475476
39863,1.0
39864,0.11953147
39865,0.016771892
39866,0.14272314
39867,0.16069189
39868,0.019254325
39869,0.6260634
39870,0.03844119
39871,0.03018209
39872,0.031129539
39873,0.042509563
39874,0.10190332
39875,0.41845796
39876,0.26283732
39877,0.2662471
39878,0.25475824
39879,0.10567102
39880,0.13379736
39881,0.2611661
39882,0.02293427
39883,0.11906414
39884,0.11934125
39885,0.06306668
39886,0.4670323
39887,0.2618902
39888,0.47944126
39889,0.26491886
39890,0.06575807
39891,0.08050004
39892,0.090263575
39893,0.030074848
39894,0.015770288
39895,0.025951851
39896,0.050138578
39897,0.06073197
39898,0.066035524
39899,0.13615125
39900,0.43548983
39901,0.7687835
39902,0.44041938
39903,0.22159928
39904,0.47489834
39905,0.076558664
39906,0.076366775
39907,0.05167209
39908,0.119934045
39909,0.32498533
39910,0.059006464
39911,0.024804339
39912,0.04999261
39913,0.1247252
39914,0.0375887
39915,0.051128034
39916,0.020666493
39917,0.0151934
39918,0.031129539
39919,0.041062437
39920,0.038708735
39921,0.061655313
39922,0.24057226
39923,0.20925984
39924,0.27997616
39925,0.7241194
39926,0.5264682
39927,0.25811356
39928,0.123907626
39929,0.054323204
39930,0.022061883
39931,0.057539783
39932,0.10965516
39933,0.046348415
39934,0.976973
39935,0.04059263
39936,0.016425509
39937,0.06607762
39938,0.07288329
39939,0.307689
39940,0.061512507
39941,0.04439055
39942,0.017846547
39943,0.035970923
39944,0.017732102
39945,0.017736608
39946,0.030015139
39947,0.068849705
39948,0.08141865
39949,0.6961354
39950,0.3780422
39951,0.34576154
39952,0.97086763
39953,0.4014746
39954,0.3506312
39955,0.13490942
39956,0.025846958
39957,0.024492256
39958,0.038311306
39959,0.048649892
39960,0.025822457
39961,0.057208385
39962,0.43510887
39963,0.105794676
39964,0.2609641
39965,0.027154237
39966,0.123895794
39967,0.10199045
39968,0.1209321
39969,0.13472903
39970,0.05160602
39971,0.022520216
39972,0.037399556
39973,0.099094555
39974,0.98593765
39975,0.31325158
39976,0.9489685
39977,0.4191745
39978,0.23026499
39979,0.11098444
39980,0.09653882
39981,0.02688912
39982,0.025733463
39983,0.021867797
39984,0.06979162
39985,0.05603114
39986,0.18792869
39987,0.027154237
39988,0.0717747
39989,0.2634764
39990,0.037807792
39991,0.08136218
39992,0.16315995
39993,0.026981164
39994,0.10604812
39995,0.11424859
39996,0.054924954
39997,0.17121883
39998,0.024156362
39999,0.14177395
40000,0.07851659
40001,0.02820931
40002,0.10159936
40003,0.092928804
40004,0.09428735
40005,0.01432903
40006,0.12882245
40007,0.028514568
40008,0.032386042
40009,0.09260996
40010,0.039730944
40011,0.04299981
40012,0.039663635
40013,0.17812432
40014,0.26388887
40015,0.742735
40016,0.1541915
40017,0.021326654
40018,0.01770521
40019,0.023457462
40020,0.061593696
40021,0.06157134
40022,0.15785627
40023,0.014791477
40024,0.05043631
40025,0.01741801
40026,0.06758301
40027,0.06922759
40028,0.42386752
40029,0.015306851
40030,0.016771892
40031,0.030840252
40032,0.06067599
40033,0.06294695
40034,0.5475985
40035,0.19652049
40036,0.17874736
40037,0.029412068
40038,0.016084533
40039,0.0829941
40040,0.25977746
40041,0.04043828
40042,0.25989
40043,0.021190949
40044,0.028266603
40045,0.10340961
40046,0.051172927
40047,0.039723508
40048,0.028924778
40049,0.04988988
40050,0.33737463
40051,0.04635838
40052,0.01769311
40053,0.028689686
40054,0.032654017
40055,0.05287432
40056,0.29411906
40057,0.03648513
40058,0.17106515
40059,0.06686281
40060,0.031450227
40061,0.0151934
40062,0.03700268
40063,0.044852417
40064,0.024272967
40065,0.3076994
40066,0.25630787
40067,0.018214202
40068,0.059032634
40069,0.0419133
40070,0.01432903
40071,0.4791553
40072,0.86582714
40073,0.13432145
40074,0.15085104
40075,0.015580057
40076,0.09527931
40077,0.10777622
40078,0.06681937
40079,0.10424924
40080,0.07419918
40081,0.110633634
40082,1.0
40083,0.13730595
40084,0.086417936
40085,0.048850533
40086,0.017768756
40087,0.05244051
40088,0.1243695
40089,0.43764973
40090,0.07966419
40091,0.19268613
40092,0.025898894
40093,0.12585652
40094,0.027649699
40095,0.06268305
40096,0.030767862
40097,0.01364182
40098,0.02582786
40099,0.060863644
40100,0.091634385
40101,0.032829802
40102,0.016014025
40103,0.09098898
40104,0.015215001
40105,0.19534008
40106,0.057348084
40107,0.03682508
40108,0.022422222
40109,0.035712317
40110,0.096228324
40111,0.08476887
40112,0.021612843
40113,0.029172944
40114,0.9793755
40115,0.09013341
40116,0.0937024
40117,0.03536579
40118,0.053881116
40119,0.015765164
40120,0.33392546
40121,0.023373522
40122,0.013805003
40123,0.01364182
40124,0.013887241
40125,0.16733485
40126,0.101908796
40127,0.3975491
40128,0.01892954
40129,0.016128734
40130,0.0151934
40131,0.037871093
40132,0.048088454
40133,0.11485094
40134,0.047707904
40135,0.01364182
40136,0.019006912
40137,0.050951872
40138,0.15305486
40139,0.06784508
40140,0.06639336
40141,0.03850206
40142,0.025484119
40143,0.06306448
40144,0.08974315
40145,0.11120909
40146,0.17986609
40147,0.015580057
40148,0.015881697
40149,0.014734176
40150,0.016367994
40151,0.017656563
40152,0.01781161
40153,0.016771892
40154,0.016771892
40155,0.024834834
40156,0.07327284
40157,0.0828486
40158,0.063662484
40159,0.015230952
40160,0.11110243
40161,0.29880852
40162,0.014791477
40163,0.028977724
40164,0.018721668
40165,0.014052297
40166,0.019083073
40167,0.02488674
40168,0.015306851
40169,0.040015064
40170,0.015306851
40171,0.035600502
40172,0.12760094
40173,0.027151642
40174,0.040749673
40175,0.0149695845
40176,0.030796044
40177,0.017007522
40178,0.11465017
40179,0.44853765
40180,0.046849225
40181,0.044907216
40182,0.06877585
40183,0.065837495
40184,0.037645347
40185,0.014734176
40186,0.10160381
40187,0.019613858
40188,0.098435596
40189,0.1652546
40190,0.01721436
40191,0.023408797
40192,0.023534143
40193,0.04069946
40194,0.023572598
40195,0.016125698
40196,0.046677526
40197,0.014052297
40198,0.14625278
40199,0.08877778
40200,0.2188719
40201,0.015380061
40202,0.019225609
40203,0.02445618
40204,0.017099332
40205,0.04560783
40206,0.02759619
40207,0.07693114
40208,0.21149102
40209,0.254212
40210,0.10077322
40211,0.018608743
40212,0.03015583
40213,0.018747058
40214,0.028695796
40215,0.030616898
40216,0.026717912
40217,0.038782112
40218,0.03060068
40219,0.024433339
40220,0.027283272
40221,0.031454466
40222,0.06236567
40223,0.025198588
40224,0.045344282
40225,0.032195166
40226,0.0301328
40227,0.025137104
40228,0.21310365
40229,0.03445249
40230,0.045775097
40231,0.14792797
40232,0.14497685
40233,0.035845272
40234,0.15139285
40235,0.39339888
40236,0.07022587
40237,0.07589919
40238,0.052638944
40239,0.025250068
40240,0.021810768
40241,0.01654324
40242,0.105245575
40243,0.8165528
40244,0.102610774
40245,0.03276819
40246,0.11678051
40247,0.10319959
40248,0.051465247
40249,0.026907207
40250,0.028114079
40251,0.14763294
40252,0.09277369
40253,0.53267866
40254,0.4247724
40255,0.03520886
40256,0.03740352
40257,0.081392646
40258,0.25339592
40259,0.039285153
40260,0.051391292
40261,0.15841122
40262,0.028167563
40263,0.4144768
40264,0.08623098
40265,0.19334425
40266,0.59592366
40267,0.23819236
40268,0.021407072
40269,0.5187464
40270,0.061350245
40271,0.093243465
40272,0.045162797
40273,0.036877394
40274,0.11803062
40275,0.069444366
40276,0.10697463
40277,0.13571548
40278,0.02595216
40279,0.114731625
40280,0.3870006
40281,0.042215705
40282,0.04099584
40283,0.08939199
40284,0.028837569
40285,0.026140185
40286,0.08423452
40287,0.16896462
40288,0.18901953
40289,0.035605196
40290,0.29168895
40291,0.2225467
40292,0.15040536
40293,0.4129373
40294,0.42138255
40295,0.013576351
40296,0.108642675
40297,0.07526054
40298,0.023448788
40299,0.026927417
40300,0.013576351
40301,0.032971967
40302,0.04886009
40303,0.083560824
40304,0.09712751
40305,0.18876427
40306,0.4360379
40307,0.022450646
40308,0.07324077
40309,0.027531203
40310,0.39320475
40311,0.04764393
40312,0.081173435
40313,0.025798276
40314,0.031337477
40315,0.14593336
40316,0.5714556
40317,0.12823829
40318,0.014845273
40319,0.015889863
40320,0.057527784
40321,0.054541867
40322,0.016985707
40323,0.12735395
40324,0.17608811
40325,0.090540595
40326,0.117685825
40327,0.060194746
40328,0.04077231
40329,0.04206887
40330,0.03211099
40331,0.17477964
40332,0.08309184
40333,0.09634291
40334,0.016546318
40335,0.057136428
40336,0.033567213
40337,0.018643292
40338,0.040125936
40339,0.027330732
40340,0.047391485
40341,0.08479685
40342,0.5179614
40343,0.42606482
40344,0.030071618
40345,0.045880698
40346,0.027704801
40347,0.06911046
40348,0.05973709
40349,0.01677887
40350,0.079113916
40351,0.02769989
40352,0.24728495
40353,0.03697321
40354,0.042884335
40355,0.038181804
40356,0.051545575
40357,0.057228617
40358,0.1487596
40359,0.20536792
40360,0.14982381
40361,0.06125664
40362,0.043542333
40363,0.03163848
40364,0.048656974
40365,0.0425111
40366,0.27623424
40367,0.054069333
40368,0.46524477
40369,0.07239787
40370,0.088289306
40371,0.039311934
40372,0.046719473
40373,0.035978153
40374,0.088055186
40375,0.08506716
40376,0.0683375
40377,0.09275235
40378,0.16632833
40379,0.39839536
40380,0.08275914
40381,0.033458717
40382,0.08789678
40383,0.016932786
40384,0.1378367
40385,0.039291978
40386,0.085513316
40387,0.027873892
40388,0.0873307
40389,0.028486323
40390,0.026757099
40391,0.027152888
40392,0.015073925
40393,0.17958735
40394,0.015052956
40395,0.049312327
40396,0.026930109
40397,0.037473552
40398,0.034555886
40399,0.05878572
40400,0.07629407
40401,0.10377618
40402,0.07154477
40403,0.25816566
40404,0.12920836
40405,0.21399057
40406,0.015009942
40407,0.08961233
40408,0.05649353
40409,0.030605432
40410,0.05313622
40411,0.027473211
40412,0.04252517
40413,0.032835703
40414,0.034223657
40415,0.05737259
40416,0.023390051
40417,0.04756433
40418,0.05900836
40419,0.048695505
40420,0.1897659
40421,0.06887207
40422,0.11704168
40423,0.622886
40424,0.08782633
40425,0.10403128
40426,0.06371636
40427,0.08351493
40428,0.064675175
40429,0.098369084
40430,0.045521487
40431,0.016343858
40432,0.25999787
40433,0.08519189
40434,0.047499772
40435,0.054551583
40436,0.046782266
40437,0.019194568
40438,0.060046583
40439,0.40438256
40440,0.078323916
40441,0.045793004
40442,0.07794046
40443,0.9606328
40444,0.07410924
40445,0.017632615
40446,0.09363931
40447,0.07496335
40448,0.16210425
40449,0.33015138
40450,0.05904643
40451,0.022727154
40452,0.052833457
40453,0.03847905
40454,0.06507815
40455,0.18850568
40456,0.037033014
40457,0.11246691
40458,0.05723188
40459,0.053309914
40460,0.018753588
40461,0.018151931
40462,0.025621153
40463,0.06596258
40464,0.060243238
40465,0.019074868
40466,0.115889795
40467,0.118017145
40468,0.27521482
40469,0.06694997
40470,0.033876657
40471,0.07644678
40472,0.15332934
40473,0.25128186
40474,0.07129535
40475,0.057430554
40476,0.014385909
40477,0.049058713
40478,0.61481965
40479,0.028439086
40480,0.18914202
40481,0.44292706
40482,0.10097046
40483,0.04260446
40484,0.044002466
40485,0.26027924
40486,0.25394467
40487,0.061849914
40488,0.06608727
40489,0.11624046
40490,0.10995522
40491,0.106671624
40492,0.13707764
40493,0.26437908
40494,0.056976486
40495,0.043023024
40496,0.12178044
40497,0.048330482
40498,0.15338396
40499,0.8154288
40500,0.040911287
40501,0.26116675
40502,0.015306851
40503,0.03929082
40504,0.17242657
40505,0.0458418
40506,0.06099417
40507,0.01718533
40508,0.042665593
40509,0.618844
40510,0.043049894
40511,0.08509502
40512,0.1913977
40513,0.102803946
40514,0.18709578
40515,0.2670131
40516,0.18788785
40517,0.022151686
40518,0.14559664
40519,0.10847486
40520,0.07804316
40521,0.98164004
40522,0.43768388
40523,0.34008187
40524,0.024307957
40525,0.19146864
40526,0.01432903
40527,0.045594744
40528,0.01770521
40529,0.042268746
40530,0.0191153
40531,0.01447989
40532,0.06871442
40533,0.07456463
40534,0.0714794
40535,0.069164485
40536,0.09009855
40537,0.05790231
40538,0.09885788
40539,0.09320758
40540,0.022342168
40541,0.10205238
40542,0.25925827
40543,0.031296354
40544,0.9765959
40545,0.98524886
40546,0.7132657
40547,0.0255824
40548,0.15433429
40549,0.47208455
40550,0.12357961
40551,0.05422661
40552,0.013887241
40553,0.04558173
40554,0.06064219
40555,0.049124338
40556,0.0141771035
40557,0.45101497
40558,0.026732113
40559,0.026671804
40560,0.08711603
40561,0.07449821
40562,0.047221657
40563,0.034913044
40564,0.1856895
40565,0.063155904
40566,0.16113253
40567,0.08850597
40568,0.101032384
40569,0.9821007
40570,0.8513459
40571,0.5353462
40572,0.040986825
40573,0.022492545
40574,0.0141771035
40575,0.53471416
40576,0.06089196
40577,0.26811048
40578,0.047406673
40579,0.13171196
40580,0.11408593
40581,0.091402255
40582,0.09793486
40583,0.19224647
40584,0.5205767
40585,0.71827066
40586,0.11894379
40587,0.1179387
40588,0.05666949
40589,0.043446355
40590,0.06975009
40591,0.0601092
40592,0.038590983
40593,0.022276131
40594,0.10523478
40595,0.122032456
40596,0.050316226
40597,0.07846649
40598,0.02203942
40599,0.9795649
40600,0.9989113
40601,0.9664961
40602,0.051605433
40603,0.10634821
40604,0.014791477
40605,0.45089254
40606,0.02196376
40607,0.018771091
40608,0.031188883
40609,0.06336557
40610,0.05112379
40611,0.39188328
40612,0.9853327
40613,0.05120284
40614,0.07378894
40615,0.062109128
40616,0.10183475
40617,0.049152788
40618,0.102728106
40619,0.06759146
40620,0.035098895
40621,0.09918591
40622,0.087741785
40623,0.11257595
40624,0.029017098
40625,0.26563445
40626,0.17686701
40627,0.1261843
40628,0.053096753
40629,0.02368271
40630,0.051551018
40631,0.051991004
40632,0.11536516
40633,0.027496751
40634,0.03725228
40635,0.04848911
40636,0.018361326
40637,0.023744043
40638,0.041858546
40639,0.04858488
40640,0.19731228
40641,0.537461
40642,0.11412404
40643,0.20020045
40644,0.12813124
40645,0.11860561
40646,0.11389848
40647,0.8570053
40648,0.06159231
40649,0.026849229
40650,0.030003663
40651,0.18306498
40652,0.12101414
40653,0.24512683
40654,0.46112108
40655,0.15411206
40656,0.09935184
40657,1.0
40658,0.1501192
40659,0.01657057
40660,0.10434643
40661,0.24165978
40662,0.018066566
40663,0.029314315
40664,0.6779703
40665,0.041688085
40666,0.030383412
40667,0.030197127
40668,0.045094714
40669,0.10278508
40670,0.43299344
40671,0.4328543
40672,0.26143485
40673,0.2508698
40674,0.10715172
40675,0.11262147
40676,0.25813502
40677,0.11869329
40678,0.10752771
40679,0.04772784
40680,0.50363374
40681,0.2580999
40682,0.033337016
40683,0.44962052
40684,0.27578485
40685,0.06365702
40686,0.086771816
40687,0.06571169
40688,0.033250652
40689,0.015770288
40690,0.029139008
40691,0.05225361
40692,0.07063656
40693,0.084631376
40694,0.0982469
40695,0.43506986
40696,0.7677513
40697,0.23329668
40698,0.23927648
40699,0.47489834
40700,0.099332765
40701,0.018837396
40702,0.0601057
40703,0.06360928
40704,0.14193062
40705,0.2594901
40706,0.064453326
40707,0.023497432
40708,0.045547824
40709,0.1323226
40710,0.028472152
40711,0.0506248
40712,0.020666493
40713,0.027647853
40714,0.018359944
40715,0.018658053
40716,0.0151934
40717,0.03093988
40718,0.046869256
40719,0.035530448
40720,0.060232818
40721,0.24061191
40722,0.11523051
40723,0.296413
40724,0.71037835
40725,0.5264682
40726,0.25928712
40727,0.12861475
40728,0.053324208
40729,0.021452323
40730,0.047469273
40731,0.07673075
40732,0.9792805
40733,0.04043717
40734,0.0226793
40735,0.04938822
40736,0.044636626
40737,0.16288204
40738,0.052150443
40739,0.039365236
40740,0.01721436
40741,0.03587303
40742,0.03002013
40743,0.06583164
40744,0.07821339
40745,0.7057983
40746,0.37782323
40747,0.34477377
40748,0.97086763
40749,0.26169336
40750,0.3195264
40751,0.1554659
40752,0.026417704
40753,0.038474485
40754,0.04093902
40755,0.033985935
40756,0.063884914
40757,0.4417815
40758,0.12410304
40759,0.26043767
40760,0.021875694
40761,0.09457257
40762,0.09943004
40763,0.1100835
40764,0.15298665
40765,0.06069149
40766,0.022342168
40767,0.034075886
40768,0.09891845
40769,0.98593765
40770,0.31045786
40771,0.9489685
40772,0.42582038
40773,0.12361645
40774,0.10629936
40775,0.09161699
40776,0.028237544
40777,0.015473155
40778,0.04932095
40779,0.014689491
40780,0.022342168
40781,0.08955153
40782,0.07263209
40783,0.037011083
40784,0.12336215
40785,0.02086134
40786,0.056955945
40787,0.2605502
40788,0.03319441
40789,0.07631603
40790,0.18108168
40791,0.024379618
40792,0.01364182
40793,0.109433874
40794,0.11938906
40795,0.067709066
40796,0.17192009
40797,0.12286072
40798,0.05337469
40799,0.043353662
40800,0.099379346
40801,0.09339179
40802,0.05381638
40803,0.014052297
40804,0.09491356
40805,0.01432903
40806,0.08861492
40807,0.027149513
40808,0.08062292
40809,0.04047171
40810,0.038112734
40811,0.039745994
40812,0.14661138
40813,0.2616816
40814,0.85742706
40815,0.17159587
40816,0.022771087
40817,0.06862079
40818,0.02238292
40819,0.058158673
40820,0.11617144
40821,0.015502876
40822,0.0236133
40823,0.01770521
40824,0.014385909
40825,0.01741801
40826,0.07818041
40827,0.068301104
40828,0.4165352
40829,0.015306851
40830,0.01657057
40831,0.028704742
40832,0.060642976
40833,0.080745146
40834,0.34169593
40835,0.30541095
40836,0.015580057
40837,0.23890537
40838,0.033596925
40839,0.016043393
40840,0.06364809
40841,0.25545248
40842,0.044920433
40843,0.16878542
40844,0.02738772
40845,0.10310668
40846,0.05395615
40847,0.038539305
40848,0.025284262
40849,0.029268382
40850,0.059126932
40851,0.22153449
40852,0.045953017
40853,0.018200269
40854,0.030141972
40855,0.032439142
40856,0.051747028
40857,0.26045433
40858,0.04539703
40859,0.22208294
40860,0.06612136
40861,0.022651361
40862,0.04461172
40863,0.025965223
40864,0.28078794
40865,0.063812934
40866,0.21870115
40867,0.01740674
40868,0.058064982
40869,0.04296899
40870,0.0141771035
40871,0.49737087
40872,0.86582714
40873,0.111130945
40874,0.13248956
40875,0.015132764
40876,0.098628104
40877,0.07092256
40878,0.06458819
40879,0.09996526
40880,0.07412188
40881,0.11336548
40882,1.0
40883,0.0956011
40884,0.016889893
40885,0.06517099
40886,0.05549046
40887,0.016115353
40888,0.033619232
40889,0.10922503
40890,0.33671567
40891,0.044140074
40892,0.19686316
40893,0.17550163
40894,0.03522919
40895,0.06505011
40896,0.029403707
40897,0.045402303
40898,0.058577567
40899,0.098971546
40900,0.035754703
40901,0.05547584
40902,0.015850842
40903,0.26294446
40904,0.05039894
40905,0.050328985
40906,0.021395184
40907,0.024826689
40908,0.05559938
40909,0.0894654
40910,0.021612843
40911,0.028433762
40912,0.9793755
40913,0.07098048
40914,0.09805927
40915,0.052372746
40916,0.036628254
40917,0.04241664
40918,0.032159768
40919,0.016721427
40920,0.018421914
40921,0.26896492
40922,0.023373522
40923,0.013805003
40924,0.013887241
40925,0.18936273
40926,0.016545169
40927,0.10226903
40928,0.040577747
40929,0.0459004
40930,0.26178584
40931,0.017837185
40932,0.0226793
40933,0.01870228
40934,0.035036627
40935,0.037039854
40936,0.13465722
40937,0.0515821
40938,0.015306851
40939,0.01657057
40940,0.051336426
40941,0.117784105
40942,0.07441502
40943,0.05462229
40944,0.04216854
40945,0.025484119
40946,0.05690906
40947,0.016771892
40948,0.06231541
40949,0.12949534
40950,0.14817446
40951,0.014997186
40952,0.028819192
40953,0.050700597
40954,0.047266442
40955,0.090466246
40956,0.018272206
40957,0.13494217
40958,0.29366177
40959,0.018697817
40960,0.02788537
40961,0.022810156
40962,0.026842598
40963,0.045023672
40964,0.02614396
40965,0.0410884
40966,0.015306851
40967,0.038452316
40968,0.10471049
40969,0.04043906
40970,0.042740308
40971,0.0146549735
40972,0.031343944
40973,0.081552334
40974,0.33422944
40975,0.05084801
40976,0.04343438
40977,0.06580454
40978,0.06055045
40979,0.030108508
40980,0.014734176
40981,0.10824427
40982,0.016867481
40983,0.11158468
40984,0.013805003
40985,0.15363848
40986,0.01721436
40987,0.054038435
40988,0.015803766
40989,0.01432903
40990,0.037041467
40991,0.13874896
40992,0.09786814
40993,0.18464178
40994,0.016932106
40995,0.05415638
40996,0.03451051
40997,0.03970565
40998,0.32816216
40999,0.25711164
41000,0.10076388
41001,0.030387713
41002,0.025131775
41003,0.03381414
41004,0.0385203
41005,0.026457585
41006,0.03615848
41007,0.032894433
41008,0.14545992
41009,0.03445249
41010,0.037162423
41011,0.17851599
41012,0.1202499
41013,0.021639144
41014,0.035845272
41015,0.13133612
41016,0.16850023
41017,0.07046526
41018,0.08001398
41019,0.052870926
41020,0.01654324
41021,0.12017606
41022,0.026134022
41023,0.72981906
41024,0.120716214
41025,0.19579881
41026,0.098566756
41027,0.028458996
41028,0.029053483
41029,0.01717594
41030,0.047199305
41031,0.42135718
41032,0.4256876
41033,0.03520886
41034,0.06879534
41035,0.019700047
41036,0.11977508
41037,0.17237933
41038,0.02743479
41039,0.027548611
41040,0.050668318
41041,0.08394689
41042,0.24228227
41043,0.08826496
41044,0.15002131
41045,0.40145025
41046,0.23433337
41047,0.42677638
41048,0.06472737
41049,0.08490706
41050,0.027379788
41051,0.04131306
41052,0.09810331
41053,0.07003322
41054,0.07740141
41055,0.0577386
41056,0.026308324
41057,0.038556863
41058,0.069448546
41059,0.2338549
41060,0.047643743
41061,0.030022947
41062,0.098755024
41063,0.049533214
41064,0.028024493
41065,0.06132185
41066,0.17512645
41067,0.17615198
41068,0.04359158
41069,0.01666124
41070,0.15577742
41071,0.14688449
41072,0.09800292
41073,0.38127726
41074,0.41766796
41075,0.082161866
41076,0.055709224
41077,0.045341972
41078,0.029044958
41079,0.051588517
41080,0.07637927
41081,0.14734395
41082,0.4385357
41083,0.015864633
41084,0.047875576
41085,0.04347217
41086,0.02179469
41087,0.029512642
41088,0.2046952
41089,0.042124745
41090,0.069012
41091,0.033247117
41092,0.11223598
41093,0.5322043
41094,0.1371058
41095,0.0178534
41096,0.019157557
41097,0.045744978
41098,0.09002421
41099,0.12007556
41100,0.15878731
41101,0.13317856
41102,0.11924843
41103,0.05366685
41104,0.056148797
41105,0.04772813
41106,0.047282755
41107,0.03915474
41108,0.15848918
41109,0.08494334
41110,0.094644025
41111,0.01618692
41112,0.04345806
41113,0.03623075
41114,0.0355649
41115,0.040181525
41116,0.02716755
41117,0.04516324
41118,0.022149941
41119,0.059718795
41120,0.6885476
41121,0.4361155
41122,0.028024493
41123,0.02953579
41124,0.093778275
41125,0.05450369
41126,0.014824304
41127,0.079113916
41128,0.016341917
41129,0.028156811
41130,0.2533163
41131,0.027638875
41132,0.04301446
41133,0.05019962
41134,0.05057046
41135,0.057160802
41136,0.12344304
41137,0.222497
41138,0.14947097
41139,0.05132442
41140,0.036591414
41141,0.019055495
41142,0.051371645
41143,0.040602293
41144,0.39775836
41145,0.04453959
41146,0.45078212
41147,0.103441276
41148,0.05694508
41149,0.03699753
41150,0.038338076
41151,0.06248763
41152,0.01897571
41153,0.026267841
41154,0.07705365
41155,0.04148864
41156,0.07115511
41157,0.06796883
41158,0.08653312
41159,0.11944574
41160,0.38736838
41161,0.098006144
41162,0.030208865
41163,0.08930559
41164,0.02547251
41165,0.03510417
41166,0.15668799
41167,0.04017897
41168,0.0766708
41169,0.028232826
41170,0.064319454
41171,0.026757099
41172,0.03748127
41173,0.018460372
41174,0.15688561
41175,0.054040786
41176,0.02541188
41177,0.028009593
41178,0.03747377
41179,0.054574173
41180,0.064920396
41181,0.104572125
41182,0.07925671
41183,0.25482666
41184,0.124796286
41185,0.2561065
41186,0.015009942
41187,0.099314384
41188,0.043699335
41189,0.031320978
41190,0.062948614
41191,0.025283325
41192,0.026572634
41193,0.038178183
41194,0.061246213
41195,0.023268552
41196,0.06790067
41197,0.013805003
41198,0.058820233
41199,0.052609205
41200,0.15586579
41201,0.04872843
41202,0.10371277
41203,0.7494604
41204,0.082096756
41205,0.10558477
41206,0.06245029
41207,0.061762672
41208,0.056852955
41209,0.09033611
41210,0.054065075
41211,0.014734176
41212,0.25906852
41213,0.053487707
41214,0.047222983
41215,0.06398299
41216,0.053133186
41217,0.017913762
41218,0.047132112
41219,0.25148788
41220,0.072363235
41221,0.04429687
41222,0.08747669
41223,0.9606328
41224,0.08533513
41225,0.01728955
41226,0.0803843
41227,0.05245575
41228,0.16540438
41229,0.33015138
41230,0.07411279
41231,0.023283616
41232,0.0513713
41233,0.057269488
41234,0.10690417
41235,0.114976205
41236,0.052215844
41237,0.20979775
41238,0.042465966
41239,0.045757733
41240,0.026262801
41241,0.03920921
41242,0.08685035
41243,0.057963155
41244,0.026683308
41245,0.097775854
41246,0.13265513
41247,0.23262914
41248,0.07891768
41249,0.033876657
41250,0.07905577
41251,0.12583375
41252,0.25847888
41253,0.05625077
41254,0.06068335
41255,0.014385909
41256,0.039435204
41257,0.5996921
41258,0.21271174
41259,0.443562
41260,0.092296705
41261,0.016384125
41262,0.016160047
41263,0.050182402
41264,0.044008866
41265,0.31162518
41266,0.25026655
41267,0.064529106
41268,0.08495194
41269,0.1338316
41270,0.10913516
41271,0.10693448
41272,0.17257462
41273,0.25971818
41274,0.06870413
41275,0.043715704
41276,0.12283681
41277,0.047617566
41278,0.13701023
41279,0.77707726
41280,0.03602012
41281,0.40564078
41282,0.03746446
41283,0.15304966
41284,0.017343832
41285,0.05985246
41286,0.059776656
41287,0.017903384
41288,0.04371342
41289,0.56669474
41290,0.043049894
41291,0.065512285
41292,0.19376293
41293,0.11541182
41294,0.14939873
41295,0.2670131
41296,0.18788785
41297,0.022151686
41298,0.21047609
41299,0.113311395
41300,0.0770655
41301,0.98164004
41302,0.44670305
41303,0.33424228
41304,0.031835668
41305,0.25685215
41306,0.04885787
41307,0.018811543
41308,0.03997132
41309,0.054201964
41310,0.06337634
41311,0.06253481
41312,0.06775477
41313,0.07822036
41314,0.061965134
41315,0.1010135
41316,0.10195048
41317,0.022520216
41318,0.05762535
41319,0.2991324
41320,0.01721436
41321,0.0744041
41322,0.9765959
41323,0.9420909
41324,0.6914618
41325,0.10435908
41326,0.5157318
41327,0.1336565
41328,0.05305219
41329,0.045179352
41330,0.06072002
41331,0.049356215
41332,0.0141771035
41333,0.44125557
41334,0.01759868
41335,0.033681348
41336,0.093428396
41337,0.06927296
41338,0.03581735
41339,0.038054254
41340,0.18331565
41341,0.062108446
41342,0.022246942
41343,0.106259875
41344,0.10144458
41345,0.06284077
41346,0.9821007
41347,0.85041773
41348,0.615015
41349,0.04185385
41350,0.022735722
41351,0.0141771035
41352,0.5409354
41353,0.052820634
41354,0.330435
41355,0.056766644
41356,0.11775035
41357,0.02401145
41358,0.09094419
41359,0.08513461
41360,0.09953229
41361,0.17784183
41362,0.51941675
41363,0.71827066
41364,0.12724097
41365,0.11774108
41366,0.058913767
41367,0.037004348
41368,0.070906326
41369,0.058028143
41370,0.04800979
41371,0.021635724
41372,0.12044665
41373,0.13382615
41374,0.044985592
41375,0.09040062
41376,0.02203942
41377,0.9795649
41378,0.9989113
41379,0.96518886
41380,0.05306103
41381,0.108886465
41382,0.5421896
41383,0.025251133
41384,0.023956763
41385,0.03504574
41386,0.06719715
41387,0.043744653
41388,0.3953312
41389,0.9853327
41390,0.0529555
41391,0.07227139
41392,0.062450834
41393,0.10028344
41394,0.05358174
41395,0.11006796
41396,0.06903867
41397,0.039632536
41398,0.06882537
41399,0.11857419
41400,0.15100949
41401,0.02948537
41402,0.26207107
41403,0.26720923
41404,0.12080212
41405,0.05765665
41406,0.04971471
41407,0.051612396
41408,0.21221381
41409,0.028152898
41410,0.035732675
41411,0.03985856
41412,0.019741321
41413,0.023232086
41414,0.039641317
41415,0.05394988
41416,0.20590961
41417,0.57099056
41418,0.11337744
41419,0.12272055
41420,0.117665716
41421,0.11285105
41422,0.11704904
41423,0.7261638
41424,0.059233822
41425,0.027224379
41426,0.11690233
41427,0.13426037
41428,0.25000685
41429,0.5156948
41430,0.21448892
41431,0.09097378
41432,1.0
41433,0.16400042
41434,0.016771892
41435,0.11634748
41436,0.19466606
41437,0.017970722
41438,0.03716813
41439,0.74261045
41440,0.050113283
41441,0.030371752
41442,0.03094701
41443,0.03752406
41444,0.10767334
41445,0.43109605
41446,0.26553294
41447,0.26632035
41448,0.21961035
41449,0.10204619
41450,0.1239265
41451,0.2610373
41452,0.022082046
41453,0.15357125
41454,0.07170092
41455,0.043207027
41456,0.62712044
41457,0.2586372
41458,0.02985727
41459,0.31042168
41460,0.40755004
41461,0.060667258
41462,0.088830136
41463,0.120708466
41464,0.015770288
41465,0.025692418
41466,0.046880186
41467,0.07231284
41468,0.082198456
41469,0.09484357
41470,0.43531233
41471,0.75654477
41472,0.4462138
41473,0.17325608
41474,0.47735417
41475,0.0930891
41476,0.0172013
41477,0.074761964
41478,0.09828246
41479,0.12841588
41480,0.25718477
41481,0.06279162
41482,0.026693605
41483,0.04506965
41484,0.099847525
41485,0.0375887
41486,0.0497644
41487,0.017358772
41488,0.016190097
41489,0.028228758
41490,0.018359944
41491,0.016629543
41492,0.0151934
41493,0.030781018
41494,0.04696136
41495,0.035568174
41496,0.06110669
41497,0.23347336
41498,0.1316104
41499,0.30436876
41500,0.72520447
41501,0.51281667
41502,0.18998218
41503,0.13390526
41504,0.0579811
41505,0.070314646
41506,0.016160047
41507,0.034713812
41508,0.9792805
41509,0.041801654
41510,0.04938848
41511,0.044522177
41512,0.17214985
41513,0.040312603
41514,0.01721436
41515,0.035601698
41516,0.017284073
41517,0.03166279
41518,0.061987177
41519,0.07692298
41520,0.6533701
41521,0.36572295
41522,0.22352464
41523,0.9731751
41524,0.26080266
41525,0.3506312
41526,0.14899231
41527,0.030401947
41528,0.026686238
41529,0.023928195
41530,0.039358974
41531,0.04142829
41532,0.047695618
41533,0.44417349
41534,0.0647483
41535,0.36518398
41536,0.022929808
41537,0.14368504
41538,0.14589703
41539,0.11013613
41540,0.13040157
41541,0.056497112
41542,0.034075886
41543,0.099094555
41544,0.98593765
41545,0.32423142
41546,0.94666106
41547,0.4191745
41548,0.1715381
41549,0.10526849
41550,0.08818386
41551,0.030775309
41552,0.017832927
41553,0.014734176
41554,0.022520216
41555,0.06995035
41556,0.094117396
41557,0.039927874
41558,0.15663263
41559,0.055865902
41560,0.32498533
41561,0.039988697
41562,0.014734176
41563,0.07986743
41564,0.21048285
41565,0.025231922
41566,0.01364182
41567,0.15682599
41568,0.120442785
41569,0.06604591
41570,0.18523665
41571,0.1052745
41572,0.08074711
41573,0.02820931
41574,0.08049202
41575,0.10603959
41576,0.029678838
41577,0.0141771035
41578,0.10076621
41579,0.01432903
41580,0.07534004
41581,0.035907857
41582,0.07555587
41583,0.037577786
41584,0.037961792
41585,0.013955862
41586,0.047776848
41587,0.16759911
41588,0.26033074
41589,0.8551196
41590,0.17572534
41591,0.01770521
41592,0.02293427
41593,0.035897356
41594,0.015306851
41595,0.05210815
41596,0.12005728
41597,0.014791477
41598,0.02445618
41599,0.016384125
41600,0.014385909
41601,0.017202487
41602,0.07531271
41603,0.06796602
41604,0.39625368
41605,0.015306851
41606,0.016771892
41607,0.029018307
41608,0.060335223
41609,0.06917839
41610,0.54851145
41611,0.32165617
41612,0.015580057
41613,0.24374685
41614,0.029017165
41615,0.016043393
41616,0.062206503
41617,0.15835807
41618,0.05005808
41619,0.19475943
41620,0.01620215
41621,0.023869952
41622,0.028209304
41623,0.097394645
41624,0.050722405
41625,0.036065426
41626,0.025169253
41627,0.032014523
41628,0.04980823
41629,0.33257565
41630,0.048562918
41631,0.01592048
41632,0.017529927
41633,0.034171533
41634,0.077535495
41635,0.2748339
41636,0.04548026
41637,0.2109522
41638,0.059864942
41639,0.015580057
41640,0.051317226
41641,0.047580793
41642,0.026076155
41643,0.35659814
41644,0.2508787
41645,0.01813954
41646,0.060147747
41647,0.040303566
41648,0.0149695845
41649,0.3989432
41650,0.86582714
41651,0.117310956
41652,0.17193493
41653,0.01692275
41654,0.09706264
41655,0.044193726
41656,0.07572863
41657,0.0872993
41658,0.088354215
41659,0.1674514
41660,1.0
41661,0.0632405
41662,0.04613235
41663,0.05387857
41664,0.0955391
41665,0.33671567
41666,0.045805097
41667,0.21611832
41668,0.17318888
41669,0.028040607
41670,0.064072445
41671,0.029805621
41672,0.028703008
41673,0.057192538
41674,0.10635712
41675,0.037211884
41676,0.05603686
41677,0.01759868
41678,0.26303485
41679,0.073433
41680,0.059094273
41681,0.016695783
41682,0.024606925
41683,0.06341246
41684,0.07533789
41685,0.028418783
41686,0.97806823
41687,0.045664363
41688,0.1225531
41689,0.045473758
41690,0.038925335
41691,0.041466985
41692,0.034008075
41693,0.015380061
41694,0.018421914
41695,0.2642088
41696,0.02957346
41697,0.0149695845
41698,0.1919129
41699,0.0914825
41700,0.03356749
41701,0.050079383
41702,0.2639717
41703,0.033782076
41704,0.045489833
41705,0.2654437
41706,0.054528598
41707,0.015306851
41708,0.015132764
41709,0.060752284
41710,0.14323191
41711,0.055751063
41712,0.061182894
41713,0.042803835
41714,0.040853996
41715,0.11698
41716,0.21180308
41717,0.015009942
41718,0.015009942
41719,0.014997186
41720,0.016962467
41721,0.017656563
41722,0.0149695845
41723,0.015926382
41724,0.026236476
41725,0.043537285
41726,0.04897264
41727,0.09171605
41728,0.15905407
41729,0.2639465
41730,0.018697817
41731,0.01784472
41732,0.01776779
41733,0.022054352
41734,0.019083073
41735,0.024915054
41736,0.013955862
41737,0.015306851
41738,0.01432903
41739,0.04110727
41740,0.02515462
41741,0.036499184
41742,0.01657057
41743,0.10841935
41744,0.050917737
41745,0.02606036
41746,0.091470875
41747,0.0149695845
41748,0.4220497
41749,0.059165366
41750,0.046273712
41751,0.072653994
41752,0.057867944
41753,0.032625042
41754,0.06835487
41755,0.01737987
41756,0.12826532
41757,0.15751861
41758,0.01721436
41759,0.014791477
41760,0.021869127
41761,0.037562467
41762,0.01364182
41763,0.022280246
41764,0.02218429
41765,0.118096225
41766,0.082043536
41767,0.024736593
41768,0.20553614
41769,0.01878314
41770,0.02445618
41771,0.04560783
41772,0.033164725
41773,0.32027724
41774,0.1491664
41775,0.015850842
41776,0.10158173
41777,0.01897571
