Index,demand
0,0.038184486
1,0.03459161
2,0.02970001
3,0.07047126
4,0.11025371
5,0.011504072
6,0.02007753
7,0.30686
8,0.021915143
9,0.0752627
10,0.04224777
11,0.24683566
12,0.12627023
13,0.045195904
14,0.17746341
15,0.11669595
16,0.17878743
17,0.020058705
18,0.07845123
19,0.057351377
20,0.013733422
21,0.038474504
22,0.15148537
23,0.02802991
24,0.38406387
25,0.22889791
26,0.043362055
27,0.06369
28,0.08005022
29,0.01275491
30,0.008041865
31,0.037232615
32,0.009045575
33,0.12576303
34,0.14057441
35,0.45119748
36,0.0933394
37,0.0037366678
38,0.09879483
39,0.12799683
40,0.00865555
41,0.02231189
42,0.0013942086
43,0.03618507
44,0.020644972
45,0.05996568
46,0.08623995
47,0.29166892
48,0.10072108
49,0.17484036
50,0.23887561
51,0.06393834
52,0.021645049
53,0.2528198
54,0.0017840464
55,0.053476997
56,0.12000642
57,0.020131122
58,0.04460522
59,0.023857906
60,0.0033411677
61,0.06463018
62,0.07522205
63,0.04025176
64,0.03460311
65,0.27858475
66,0.03569212
67,0.032686662
68,0.0518337
69,0.05400186
70,0.010544537
71,0.030880578
72,0.0059399605
73,0.0074331043
74,0.0863977
75,0.025593344
76,0.047483455
77,0.09340217
78,0.2297698
79,0.12976377
80,0.01872026
81,0.008860244
82,0.015422189
83,0.028037893
84,0.024946304
85,0.07337202
86,0.17173323
87,0.27692688
88,0.075949535
89,0.008861324
90,0.026022932
91,0.097597174
92,0.07996192
93,0.14826739
94,0.22336769
95,0.01649419
96,0.0015437708
97,0.022294149
98,0.010141489
99,0.008648631
100,0.06100214
101,0.041520845
102,0.030802606
103,0.14914577
104,0.06816352
105,0.063370846
106,0.0040808558
107,0.07900213
108,0.4194123
109,0.040661328
110,0.017880574
111,0.0027940406
112,0.036824286
113,0.02014447
114,0.0023054683
115,0.12956455
116,0.16548105
117,0.1846658
118,0.15005843
119,0.0546041
120,0.0013114848
121,0.029901909
122,0.03755808
123,0.048058294
124,0.003974838
125,0.0203418
126,0.01839536
127,0.102189474
128,0.012400623
129,0.030334111
130,0.026239576
131,0.008538254
132,0.023766048
133,0.020272288
134,0.059405092
135,0.029012151
136,0.060113106
137,0.09573613
138,0.17465046
139,0.036829017
140,0.040065523
141,0.08628109
142,0.09322749
143,0.008092417
144,0.15901805
145,0.032584663
146,0.0003941406
147,0.03099428
148,0.07451811
149,0.0152349975
150,0.009318238
151,0.0342795
152,0.033782985
153,0.06100797
154,0.09674253
155,0.04739024
156,0.094006345
157,0.06679171
158,0.029683108
159,0.0022164457
160,0.030507846
161,0.05222013
162,0.046464637
163,0.02209027
164,0.44659653
165,0.1850726
166,0.044703875
167,0.15433434
168,0.07611715
169,0.08057955
170,0.0063857445
171,0.040696364
172,0.008467864
173,0.026675116
174,0.016663782
175,0.02056934
176,0.036939044
177,0.038408235
178,0.04796941
179,0.049178857
180,0.07350857
181,0.076699905
182,0.23261486
183,0.022652641
184,0.0077675097
185,0.06612079
186,0.014725872
187,0.06605399
188,0.007869095
189,0.010362437
190,0.018240454
191,0.18160318
192,0.030762643
193,0.13130301
194,0.05170811
195,0.085892074
196,0.014735436
197,0.018198226
198,0.115130424
199,0.054348636
200,0.07625296
201,0.03648858
202,0.0098415585
203,0.05243996
204,0.0010170707
205,0.03414214
206,0.05094789
207,0.10938856
208,0.11056258
209,0.12828073
210,0.069601215
211,0.046807885
212,0.011819602
213,0.078382835
214,0.049963024
215,0.009630525
216,0.01983532
217,0.09964595
218,0.08875287
219,0.02569772
220,0.04825458
221,0.017648313
222,0.011594811
223,0.07443412
224,0.12311855
225,0.044365056
226,0.08755202
227,0.009776325
228,0.027302869
229,0.011224378
230,0.034992684
231,0.029315403
232,0.04940182
233,0.10223013
234,0.20174396
235,0.08075331
236,0.08517023
237,0.042762514
238,0.025691802
239,0.07293648
240,0.08608335
241,0.06493467
242,0.019983998
243,0.22482702
244,0.055234592
245,0.12512644
246,0.039532237
247,0.13740592
248,0.018149193
249,0.05806578
250,0.008649976
251,0.01904401
252,0.03400803
253,0.008369535
254,0.06090641
255,0.043542102
256,0.03202938
257,0.073627055
258,0.35433623
259,0.04243337
260,0.00055899296
261,0.13375098
262,0.049909152
263,0.26821312
264,0.13137896
265,0.072022334
266,0.020021064
267,0.05137763
268,0.0027566475
269,0.07409719
270,0.17483205
271,0.07065737
272,0.25773808
273,0.15508533
274,0.07800081
275,0.0042061107
276,0.025647327
277,0.035910316
278,0.06235218
279,0.004109308
280,0.108212575
281,0.13817208
282,0.06177838
283,0.021119086
284,0.0074415836
285,0.10763779
286,0.16797905
287,0.16344075
288,0.07436049
289,0.07434149
290,0.018833064
291,0.009216122
292,0.39136302
293,0.030029621
294,0.011448787
295,0.17457266
296,0.22156629
297,0.018063512
298,0.006631393
299,0.03196225
300,0.03961397
301,0.09292119
302,0.12436343
303,0.065057516
304,0.068631984
305,0.15066727
306,0.15380192
307,0.124518275
308,0.18833104
309,0.25817493
310,0.06411696
311,0.017714983
312,0.05691327
313,0.09498298
314,0.020995338
315,0.25422496
316,0.7520211
317,0.08872415
318,0.04993665
319,0.2994066
320,0.0066260886
321,0.023906518
322,0.21854626
323,0.022332536
324,0.039454788
325,0.048000384
326,0.012768932
327,0.010835114
328,0.07556187
329,0.023533268
330,0.0438564
331,0.120299034
332,0.12669894
333,0.21908467
334,0.17057718
335,0.13591488
336,0.026376668
337,0.18812259
338,0.096132696
339,0.11973305
340,0.6441797
341,0.27101636
342,0.34653947
343,0.02098548
344,0.18982346
345,0.049181547
346,0.034440745
347,0.01318885
348,0.017466249
349,0.06184336
350,0.0071959407
351,0.0070309406
352,0.031053482
353,0.037102565
354,0.07228357
355,0.1042295
356,0.06449854
357,0.0798225
358,0.12797496
359,0.0735214
360,0.04420536
361,0.11835681
362,0.15785761
363,0.013306542
364,0.02543925
365,0.64547694
366,0.7412373
367,0.30092534
368,0.0054319757
369,0.02840435
370,0.014325652
371,0.0276559
372,0.25490353
373,0.026997644
374,0.030805677
375,0.11627648
376,0.03171234
377,0.03402433
378,0.05520273
379,0.023852946
380,0.00042279903
381,0.11092285
382,0.01324431
383,0.011644661
384,0.066389315
385,0.13975139
386,0.07858166
387,0.04676721
388,0.058705445
389,0.028087301
390,0.007870435
391,0.12158982
392,0.07344129
393,0.06934741
394,0.5615839
395,0.87415373
396,0.31779784
397,0.050308444
398,0.045051474
399,0.040246017
400,0.11803502
401,0.22197142
402,0.005299846
403,0.08871329
404,0.021264596
405,0.015289886
406,0.06774441
407,0.12643361
408,0.04205291
409,0.2872317
410,0.11669686
411,0.10558717
412,0.107186824
413,0.09998875
414,0.050211184
415,0.10289416
416,0.019522348
417,0.014753396
418,0.039941262
419,0.12402981
420,0.1179926
421,0.057347674
422,0.04984487
423,0.028118975
424,0.8936911
425,1.0
426,0.97405374
427,0.095270455
428,0.033022348
429,0.13134073
430,0.12595868
431,0.042412937
432,0.007865611
433,0.011849609
434,0.010347476
435,0.03343084
436,0.072493635
437,0.025142021
438,0.18824421
439,0.31955418
440,0.06450685
441,0.096448
442,0.121426225
443,0.19972752
444,0.077690534
445,0.07963244
446,0.066816464
447,0.043474827
448,0.0902056
449,0.11501534
450,0.11494551
451,0.049091402
452,0.013447918
453,0.3365722
454,0.36629072
455,0.11606823
456,0.052044157
457,0.020720268
458,0.0768851
459,0.03698035
460,0.24746838
461,0.011309998
462,0.028824136
463,0.02918328
464,0.025255425
465,0.02011843
466,0.036961526
467,0.032727644
468,0.12154413
469,0.39340013
470,0.19298212
471,0.21127601
472,0.11084688
473,0.17471488
474,0.17561819
475,0.27560622
476,0.049465343
477,0.019654678
478,0.030044798
479,0.01548676
480,0.115121156
481,0.17098685
482,0.06261085
483,0.20166425
484,0.23796314
485,0.19109692
486,1.0
487,0.10798618
488,0.042724825
489,0.12274067
490,0.12953046
491,0.010133014
492,0.042178538
493,0.20899625
494,0.0037602114
495,0.045474738
496,0.063900486
497,0.03035405
498,0.030217096
499,0.14787833
500,0.26727843
501,0.24260215
502,0.35315314
503,0.26785165
504,0.113641985
505,0.12026694
506,0.19753408
507,0.007813728
508,0.007975677
509,0.18609308
510,0.09713449
511,0.029706458
512,0.19297238
513,0.13558778
514,0.35313308
515,0.17798567
516,0.0037505305
517,0.032306667
518,0.06961515
519,0.11972487
520,0.099089086
521,0.013129769
522,0.0065170554
523,0.0137657635
524,0.01998052
525,0.060547255
526,0.08585555
527,0.07044064
528,0.14224932
529,0.27007064
530,0.6129873
531,0.2636713
532,0.26539063
533,0.44693622
534,0.076389074
535,0.013283412
536,0.039364085
537,0.059701506
538,0.11329159
539,0.20930168
540,0.051142223
541,0.00071255234
542,0.027745426
543,0.14646447
544,0.01590744
545,0.0016980533
546,0.058700528
547,0.13066685
548,0.025234759
549,0.014174077
550,0.06027506
551,0.00693751
552,0.0071547637
553,0.042539667
554,0.036296975
555,0.03236059
556,0.10647202
557,0.20638071
558,0.25664565
559,0.12403944
560,0.35112667
561,0.35518843
562,0.27051765
563,0.07250196
564,0.022611666
565,0.0547911
566,0.048253033
567,0.10167794
568,0.0018084728
569,0.011087304
570,0.36896893
571,0.012735705
572,0.015907563
573,0.057028074
574,0.064246714
575,0.061488666
576,0.010022349
577,0.03674774
578,0.012255258
579,0.077705555
580,0.0026010773
581,0.023976361
582,0.008193313
583,0.06383434
584,0.11948986
585,0.238485
586,0.26120374
587,0.0771371
588,0.42167234
589,0.24231082
590,0.3329103
591,0.23019125
592,0.07452816
593,0.043101616
594,0.07158248
595,0.039757513
596,0.059803493
597,0.0718621
598,0.020479616
599,0.31639057
600,0.0865112
601,0.13911484
602,0.016394023
603,0.02985336
604,0.085118875
605,0.15827963
606,0.2221708
607,0.019678831
608,0.026958456
609,0.04414356
610,0.1474439
611,0.3237012
612,0.20477577
613,0.1281864
614,0.06393662
615,0.24861611
616,0.1817317
617,0.03402783
618,0.017772594
619,0.03729544
620,0.04303853
621,0.11035389
622,0.09944569
623,0.053545695
624,0.23083746
625,0.077328615
626,0.039043054
627,0.1581543
628,0.043658454
629,0.022856811
630,0.12320533
631,0.08678184
632,0.02244488
633,0.07268922
634,0.22350393
635,0.062255852
636,0.074101575
637,0.020668907
638,0.063453116
639,0.0849002
640,0.0063661044
641,0.09366713
642,0.086300954
643,0.07049901
644,0.009827805
645,0.009403912
646,0.1175974
647,0.008465055
648,0.027548661
649,0.020894593
650,0.01688253
651,0.006546774
652,0.11678032
653,0.043576248
654,0.028436936
655,0.00285025
656,0.023354359
657,0.16230665
658,0.2652851
659,0.20418097
660,0.006115182
661,0.044296224
662,0.028089816
663,0.02152914
664,0.044773273
665,0.0052295737
666,0.023903586
667,0.1562196
668,0.013957565
669,0.027418274
670,0.008501143
671,0.031233175
672,0.043143056
673,0.06882311
674,0.13153043
675,0.0064559085
676,0.008852485
677,0.033499524
678,0.034432337
679,0.07844633
680,0.13922527
681,0.02080172
682,0.019882144
683,0.0029029597
684,0.07392194
685,0.0311478
686,0.0005273065
687,0.058386143
688,0.12113448
689,0.047652733
690,0.018230302
691,0.005425065
692,0.25391167
693,0.040511
694,0.02572164
695,0.1202576
696,0.06772436
697,0.037733067
698,0.017422205
699,0.032561347
700,0.05614998
701,0.30658162
702,0.02993089
703,0.0108118765
704,0.013902233
705,0.06842037
706,0.056043815
707,0.11081469
708,0.019575214
709,0.1493301
710,0.043441832
711,0.031219266
712,0.045577165
713,0.057858612
714,0.025946433
715,0.15387282
716,0.08887929
717,0.014880039
718,0.069831215
719,0.014383847
720,0.10491891
721,0.051392537
722,0.017797647
723,0.21351206
724,0.3124385
725,0.106174596
726,0.020058827
727,0.09095627
728,0.01762936
729,0.0788001
730,0.08533989
731,0.07810161
732,0.4915846
733,0.030743983
734,0.009356026
735,0.12042136
736,0.053917233
737,0.08764714
738,0.15844539
739,0.37307218
740,0.06366097
741,0.11467738
742,0.0031323875
743,0.023077557
744,0.020200854
745,0.07998926
746,0.03391027
747,0.0045108004
748,0.012363641
749,0.043063283
750,0.009192609
751,0.07162441
752,0.015566878
753,0.022461925
754,0.06409581
755,0.030382564
756,0.01853852
757,0.013764861
758,0.04019322
759,0.06299636
760,0.15271387
761,0.0026773964
762,0.05045736
763,0.45019573
764,0.07177593
765,0.1065135
766,0.017715404
767,0.047013972
768,0.04478845
769,0.13246784
770,0.018490408
771,0.01573213
772,0.01161459
773,0.030130351
774,0.09146364
775,0.019902522
776,0.17365578
777,0.040810872
778,0.02032967
779,0.055071644
780,0.1855645
781,0.025405409
782,0.012725736
783,0.016537875
784,0.0692068
785,0.021419305
786,0.20033036
787,0.04513689
788,0.0052465997
789,0.008103254
790,0.05108208
791,0.12763423
792,0.09831932
793,0.06064935
794,0.005193982
795,0.0121571
796,0.008079599
797,0.064020865
798,0.15212849
799,0.085401595
800,0.0077593876
801,0.042564146
802,0.011813713
803,0.0071827713
804,0.021599403
805,0.008646009
806,0.011847411
807,0.0015261343
808,0.011770496
809,0.018189885
810,0.038277306
811,0.020898335
812,0.019876037
813,0.04616826
814,0.108988926
815,0.004532389
816,0.009445342
817,0.052806314
818,0.19342895
819,0.088808015
820,0.02681796
821,0.013123448
822,0.023768801
823,0.017935816
824,0.0109103285
825,0.0025839475
826,0.0047812583
827,0.014166137
828,0.008473704
829,0.007037619
830,0.030746818
831,0.035310503
832,0.01886435
833,0.0071749203
834,0.006329734
835,0.01375379
836,0.0063268286
837,0.04396808
838,0.04906434
839,0.06808328
840,0.0077573494
841,0.033957
842,0.0012304084
843,0.05213508
844,0.003030242
845,0.009629495
846,0.008645635
847,0.058707207
848,0.035449345
849,0.03193735
850,0.07655982
851,0.005809685
852,0.108677
853,0.016497962
854,0.021286072
855,0.014709966
856,0.04075055
857,0.104732774
858,0.024941333
859,0.0073963194
860,0.038769048
861,0.0002265544
862,0.01987797
863,0.0071884175
864,0.010287513
865,0.017256923
866,0.004521942
867,0.024286002
868,0.0041779433
869,0.025998672
870,0.025598306
871,0.085755944
872,0.015819578
873,0.03652579
874,0.020623818
875,0.01565751
876,0.0131530035
877,0.05900768
878,0.030759655
879,0.010133754
880,0.033908654
881,0.010314746
882,0.012222679
883,0.14879441
884,0.042761154
885,0.013273202
886,0.06497072
887,0.013172758
888,0.08733768
889,0.0055585494
890,0.050439082
891,0.029519124
892,0.053745918
893,0.011504306
894,0.030635986
895,0.033648502
896,0.039565172
897,0.17107745
898,0.03555256
899,0.03243326
900,0.13287708
901,0.110220164
902,0.10955951
903,0.028026583
904,0.0381728
905,0.23631874
906,0.073202595
907,0.28819004
908,0.044013027
909,0.13209999
910,0.03829041
911,0.009394391
912,0.013734158
913,0.08958295
914,0.028040988
915,0.37822986
916,0.11112761
917,0.043361355
918,0.16095476
919,0.055403844
920,0.032479186
921,0.003907994
922,0.02687715
923,0.03250068
924,0.12383556
925,0.12309876
926,0.049229886
927,0.37236947
928,0.045400564
929,0.030192057
930,0.04861996
931,0.013941016
932,0.19810714
933,0.006643796
934,0.052435786
935,0.022775745
936,0.07294419
937,0.037721053
938,0.31078097
939,0.11762462
940,0.027196968
941,0.4572473
942,0.007684584
943,0.27026713
944,0.0019650483
945,0.012658885
946,0.137329
947,0.028421538
948,0.0062474688
949,0.03761885
950,0.0074251485
951,0.09925054
952,0.09208086
953,0.040058974
954,0.013546023
955,0.002604019
956,0.3363867
957,0.018575257
958,0.0054106438
959,0.050216414
960,0.043354757
961,0.0832001
962,0.039633505
963,0.049532685
964,0.051455453
965,0.0073422785
966,0.024186114
967,0.03433005
968,0.13974118
969,0.17398362
970,0.00091022055
971,0.0015444951
972,0.015422189
973,0.08622964
974,0.13483608
975,0.0084609995
976,0.027988622
977,0.18551596
978,0.25559208
979,0.060105626
980,0.0490911
981,0.013159979
982,0.017897075
983,0.005940878
984,0.07162985
985,0.013922998
986,0.028536
987,0.18618219
988,0.23357359
989,0.03208972
990,0.009786909
991,0.010141489
992,0.008649602
993,0.027459534
994,0.04982543
995,0.12610443
996,0.018923888
997,0.09654277
998,0.00073050923
999,0.014796055
1000,0.0956235
1001,0.4229205
1002,0.0070394436
1003,0.027499063
1004,0.0022040978
1005,0.0010896072
1006,0.0007575783
1007,0.06302326
1008,0.0005043016
1009,0.065752275
1010,0.15653268
1011,0.12707925
1012,0.10035472
1013,0.04699288
1014,0.01091318
1015,0.019755753
1016,0.038799886
1017,0.027272858
1018,0.003974838
1019,0.014622682
1020,0.031166611
1021,0.08943545
1022,0.011622221
1023,0.032465853
1024,0.015303381
1025,0.017027894
1026,0.023766048
1027,0.028531898
1028,0.023850927
1029,0.0049892054
1030,0.092888035
1031,0.11579554
1032,0.087666176
1033,0.047112253
1034,0.08850879
1035,0.09747618
1036,0.08626437
1037,0.023886653
1038,0.020162104
1039,0.10799723
1040,0.0042543593
1041,0.03159552
1042,0.07938058
1043,0.026477693
1044,0.022596681
1045,0.045876976
1046,0.07980432
1047,0.0878335
1048,0.09437255
1049,0.08828742
1050,0.08575539
1051,0.033336837
1052,0.052307263
1053,0.021479797
1054,0.055293895
1055,0.059178643
1056,0.046978205
1057,0.036467053
1058,0.4829443
1059,0.14042544
1060,0.012360252
1061,0.12278565
1062,0.096505165
1063,0.0718232
1064,0.05185207
1065,0.028908014
1066,0.010124083
1067,0.05676682
1068,0.024747487
1069,0.0118377665
1070,0.01856575
1071,0.027199
1072,0.054730922
1073,0.03301036
1074,0.054558642
1075,0.03444611
1076,0.08560827
1077,0.07378265
1078,0.24123827
1079,0.052168194
1080,0.023833837
1081,0.056234267
1082,0.017422464
1083,0.063507564
1084,0.04557104
1085,0.042498957
1086,0.0052161086
1087,0.18834104
1088,0.09399148
1089,0.052470814
1090,0.040236387
1091,0.09893753
1092,0.052074157
1093,0.014736497
1094,0.0031742437
1095,0.10153667
1096,0.01011983
1097,0.06021787
1098,0.09288471
1099,0.04913613
1100,0.0098895095
1101,0.008105767
1102,0.02683417
1103,0.04553124
1104,0.030985834
1105,0.06916885
1106,0.09815512
1107,0.09921003
1108,0.11511357
1109,0.053026285
1110,0.11027575
1111,0.013670335
1112,0.07324202
1113,0.011189566
1114,0.063084945
1115,0.009629554
1116,0.025982227
1117,0.090576336
1118,0.067991
1119,0.017845934
1120,0.047646895
1121,0.031836875
1122,0.011596868
1123,0.07529684
1124,0.15515809
1125,0.051858604
1126,0.07068862
1127,0.019801041
1128,0.04850095
1129,0.029890202
1130,0.010770815
1131,0.030839952
1132,0.03628231
1133,0.056499578
1134,0.10385891
1135,0.26910147
1136,0.07723536
1137,0.10788959
1138,0.04755943
1139,0.07626491
1140,0.07762612
1141,0.09527493
1142,0.04757149
1143,0.029596198
1144,0.032546796
1145,0.18249919
1146,0.03448841
1147,0.101653874
1148,0.05751347
1149,0.08601399
1150,0.01816121
1151,0.022655502
1152,0.008650946
1153,0.027290072
1154,0.0055086557
1155,0.082676746
1156,0.039886914
1157,0.053784072
1158,0.11603881
1159,0.34910527
1160,0.081938
1161,0.01187182
1162,0.14260747
1163,0.063053854
1164,0.25472608
1165,0.18507862
1166,0.068002716
1167,0.03155194
1168,0.03667723
1169,0.038921006
1170,0.1988291
1171,0.06407613
1172,0.24782357
1173,0.10557584
1174,0.07433406
1175,0.0149366185
1176,0.01183862
1177,0.015815472
1178,0.016742766
1179,0.072563656
1180,0.04025854
1181,0.021542532
1182,0.11402089
1183,0.13320144
1184,0.06394149
1185,0.04010509
1186,0.028449753
1187,0.11366142
1188,0.17442441
1189,0.21324362
1190,0.05348018
1191,0.0012398548
1192,0.040029563
1193,0.019693771
1194,0.03754567
1195,0.45524856
1196,0.046805553
1197,0.034636203
1198,0.22268613
1199,0.22458522
1200,0.016975325
1201,0.0006894692
1202,0.03368748
1203,0.055384114
1204,0.17799497
1205,0.122524425
1206,0.055056777
1207,0.06459193
1208,0.16697955
1209,0.15785909
1210,0.14050218
1211,0.23830146
1212,0.30062076
1213,0.07357616
1214,0.017714929
1215,0.026588336
1216,0.05560165
1217,0.053376142
1218,0.2619271
1219,0.8328901
1220,0.08848595
1221,0.06625388
1222,0.3010211
1223,0.0053987764
1224,0.0019927
1225,0.24550807
1226,0.036883365
1227,0.015826708
1228,0.011805096
1229,0.082857236
1230,0.017337063
1231,0.02075375
1232,0.0042819134
1233,0.05738784
1234,0.0154042
1235,0.03733116
1236,0.12995036
1237,0.19360101
1238,0.224696
1239,0.22734532
1240,0.1994851
1241,0.044813145
1242,0.21783099
1243,0.13424698
1244,0.16276488
1245,0.6477644
1246,0.21328135
1247,0.34668684
1248,0.0058147404
1249,0.009325467
1250,0.084434904
1251,0.049182717
1252,0.039960794
1253,0.0076789213
1254,0.008105048
1255,0.083396085
1256,0.0029863685
1257,0.031064427
1258,0.028807819
1259,0.097670294
1260,0.0756457
1261,0.08426968
1262,0.10863651
1263,0.13146514
1264,0.1077065
1265,0.04144159
1266,0.21368037
1267,0.22141089
1268,0.00400029
1269,0.04532701
1270,0.70154476
1271,0.86177856
1272,0.3337224
1273,0.0054326137
1274,0.034195542
1275,0.015816296
1276,0.038683686
1277,0.22098927
1278,0.07849692
1279,0.026524404
1280,0.12126517
1281,0.0039787604
1282,0.057945162
1283,0.060315967
1284,0.018081004
1285,0.007856118
1286,0.13439964
1287,0.01324431
1288,0.019929646
1289,0.07546192
1290,0.10380004
1291,0.065085456
1292,0.03649554
1293,0.074267335
1294,0.041439544
1295,0.04434414
1296,0.13338721
1297,0.07327568
1298,0.16558352
1299,0.6416512
1300,0.8880282
1301,0.38677186
1302,0.009457197
1303,0.039500028
1304,0.063322484
1305,0.087921634
1306,0.06485344
1307,0.16087882
1308,0.044963785
1309,0.061386272
1310,0.012715905
1311,0.020125901
1312,0.086101495
1313,0.17504188
1314,0.088241056
1315,0.24126935
1316,0.12727545
1317,0.12473477
1318,0.16888043
1319,0.059246432
1320,0.08675767
1321,0.123999335
1322,0.012097065
1323,0.017474333
1324,0.033029635
1325,0.12160311
1326,0.11794827
1327,0.034574643
1328,0.037226893
1329,0.018641686
1330,0.7524665
1331,1.0
1332,0.9675076
1333,0.03849589
1334,0.17434463
1335,0.12542698
1336,0.067825355
1337,0.013154944
1338,0.010803757
1339,0.052575484
1340,0.08674434
1341,0.026644183
1342,0.1965826
1343,0.34116766
1344,0.055972595
1345,0.065589115
1346,0.11155659
1347,0.19379956
1348,0.09987093
1349,0.13771577
1350,0.045988485
1351,0.042240433
1352,0.081733234
1353,0.12529318
1354,0.109310076
1355,0.034514967
1356,0.3412984
1357,0.35095316
1358,0.09405
1359,0.062118523
1360,0.022882337
1361,0.1633694
1362,0.009407804
1363,0.04205004
1364,0.224655
1365,0.02532302
1366,0.05157098
1367,0.014553289
1368,0.021559495
1369,0.005655774
1370,0.035519157
1371,0.01425927
1372,0.1886931
1373,0.35619795
1374,0.24031006
1375,0.16873188
1376,0.09843556
1377,0.21002188
1378,0.16642995
1379,0.27496666
1380,0.05287412
1381,0.054004874
1382,0.03253523
1383,0.028866326
1384,0.18003765
1385,0.20648515
1386,0.009198656
1387,0.23267531
1388,0.2461595
1389,0.19787407
1390,1.0
1391,0.09034258
1392,0.03286913
1393,0.09208428
1394,0.17030463
1395,0.017475082
1396,0.04637664
1397,0.18065195
1398,0.057624895
1399,0.060147606
1400,0.005711411
1401,0.03752313
1402,0.11655734
1403,0.24269164
1404,0.17912953
1405,0.3433449
1406,0.27622867
1407,0.1556871
1408,0.17841096
1409,0.19159526
1410,0.03687735
1411,0.1376022
1412,0.053809293
1413,0.02996473
1414,0.17075554
1415,0.20346092
1416,0.07368101
1417,0.39404052
1418,0.16047628
1419,0.006376539
1420,0.02902765
1421,0.048793737
1422,0.0563267
1423,0.056122683
1424,0.009848466
1425,0.0098454105
1426,0.003432615
1427,0.01647516
1428,0.073581174
1429,0.06700033
1430,0.06067302
1431,0.12667122
1432,0.26956087
1433,0.5451959
1434,0.30975834
1435,0.2107582
1436,0.36843544
1437,0.076229334
1438,0.011157443
1439,0.011213626
1440,0.08080127
1441,0.09822421
1442,0.22472784
1443,0.0932969
1444,0.00790452
1445,0.052725993
1446,0.09263208
1447,0.005040577
1448,0.031822834
1449,0.078600794
1450,0.014175265
1451,0.01913958
1452,0.00395251
1453,0.012907289
1454,0.025555128
1455,0.051770527
1456,0.073767975
1457,0.057354107
1458,0.10388637
1459,0.21553917
1460,0.19749549
1461,0.15446112
1462,0.39314523
1463,0.35531172
1464,0.26764748
1465,0.099000126
1466,0.015760051
1467,0.051029116
1468,0.04952615
1469,0.07167813
1470,0.018981677
1471,0.024797425
1472,0.459284
1473,0.034734163
1474,0.009480437
1475,0.0437569
1476,0.027179198
1477,0.037932802
1478,0.019208064
1479,0.05391688
1480,0.0131341275
1481,0.035648223
1482,0.01977613
1483,0.091631286
1484,0.10005051
1485,0.23775095
1486,0.23545732
1487,0.10236449
1488,0.41853997
1489,0.25201017
1490,0.2732611
1491,0.12462038
1492,0.060298033
1493,0.037407648
1494,0.075117715
1495,0.065971635
1496,0.063594066
1497,0.01533917
1498,0.025390863
1499,0.33980584
1500,0.057418946
1501,0.24249332
1502,0.017355949
1503,0.050992656
1504,0.048666514
1505,0.09345827
1506,0.15567596
1507,0.03693602
1508,0.034465708
1509,0.19257623
1510,0.3535735
1511,0.22184835
1512,0.20785312
1513,0.040301982
1514,0.26947603
1515,0.19425984
1516,0.011455382
1517,0.01971547
1518,0.026947089
1519,0.023877233
1520,0.086059235
1521,0.1102567
1522,0.025113642
1523,0.22097805
1524,0.025952674
1525,0.04243828
1526,0.1397152
1527,0.03565016
1528,0.018507442
1529,0.10551166
1530,0.09080604
1531,0.04140727
1532,0.08961027
1533,0.20334071
1534,0.062252
1535,0.07983243
1536,0.0073561007
1537,0.067571834
1538,0.040414013
1539,0.0030651058
1540,0.03239878
1541,0.06692512
1542,0.03996851
1543,0.029645681
1544,0.10964545
1545,0.0063244137
1546,0.0034805024
1547,0.051487673
1548,0.02247801
1549,0.02632285
1550,0.13160266
1551,0.007262103
1552,0.032366917
1553,0.00033613088
1554,0.020261358
1555,0.17456292
1556,0.27528292
1557,0.20155083
1558,0.011458155
1559,0.017452242
1560,0.023696454
1561,0.01854783
1562,0.07166107
1563,0.07688047
1564,0.010926637
1565,0.001720614
1566,0.008955851
1567,0.051182862
1568,0.015783217
1569,0.09032011
1570,0.06721531
1571,0.14434996
1572,0.015789835
1573,0.011765803
1574,0.020691281
1575,0.02692073
1576,0.09479825
1577,0.16813512
1578,0.02231698
1579,0.03801187
1580,0.010801003
1581,0.07630085
1582,0.031147849
1583,0.0052697333
1584,0.057379942
1585,0.13934408
1586,0.06248294
1587,0.030703451
1588,0.010972236
1589,0.19879007
1590,0.018991927
1591,0.02680542
1592,0.03300572
1593,0.120508276
1594,0.055359814
1595,0.050617285
1596,0.01097853
1597,0.02969385
1598,0.08818221
1599,0.2229059
1600,0.00718667
1601,0.034463782
1602,0.06469608
1603,0.019722795
1604,0.048233464
1605,0.11368847
1606,0.027045887
1607,0.11522638
1608,0.054835513
1609,0.03535242
1610,0.01215178
1611,0.054056656
1612,0.04218267
1613,0.16944046
1614,0.088687755
1615,0.014881125
1616,0.04928378
1617,0.012814649
1618,0.11656159
1619,0.05291976
1620,0.007195325
1621,0.008109192
1622,0.21377546
1623,0.41661093
1624,0.116064385
1625,0.030471532
1626,0.063407
1627,0.052019555
1628,0.022284193
1629,0.083512895
1630,0.09090172
1631,0.07929069
1632,0.4551588
1633,0.04024028
1634,0.0077470406
1635,0.07558861
1636,0.08498762
1637,0.038764197
1638,0.123131864
1639,0.39351347
1640,0.056114662
1641,0.0831478
1642,0.020018307
1643,0.00050878833
1644,0.0065042344
1645,0.046654817
1646,0.0762088
1647,0.037478134
1648,0.0058746035
1649,0.0554002
1650,0.015482285
1651,0.024109961
1652,0.025910204
1653,0.012240679
1654,0.004580126
1655,0.048156958
1656,0.011588352
1657,0.014458028
1658,0.047213577
1659,0.06367022
1660,0.13368893
1661,0.020769235
1662,0.025741259
1663,0.36630398
1664,0.021361696
1665,0.07809631
1666,0.046159815
1667,0.058298346
1668,0.049567126
1669,0.0127967475
1670,0.01961949
1671,0.17150512
1672,0.03540546
1673,0.015732104
1674,0.077036284
1675,0.10009269
1676,0.032934457
1677,0.0041408287
1678,0.12665582
1679,0.045696713
1680,0.013904098
1681,0.029499972
1682,0.24867958
1683,0.017065562
1684,0.008112043
1685,0.0064881793
1686,0.010170986
1687,0.06916665
1688,0.005241374
1689,0.038480427
1690,0.1601498
1691,0.0371711
1692,0.0052457317
1693,0.010990838
1694,0.019620368
1695,0.06576624
1696,0.13266023
1697,0.07345775
1698,0.05251678
1699,0.03466317
1700,0.023892201
1701,0.07735166
1702,0.010771576
1703,0.052269448
1704,0.16574922
1705,0.09103953
1706,0.0077593382
1707,0.032381427
1708,0.00891294
1709,0.018821994
1710,0.01317977
1711,0.01358551
1712,0.0066477875
1713,0.007196828
1714,0.014738073
1715,0.0006907812
1716,0.0017463749
1717,0.03692185
1718,0.113245405
1719,0.004531444
1720,0.0094462875
1721,0.12305372
1722,0.007864975
1723,0.10149434
1724,0.016846366
1725,0.020026883
1726,0.009653244
1727,0.044405814
1728,0.0012354354
1729,0.012220609
1730,0.0141659025
1731,0.008472861
1732,0.007037487
1733,0.031610463
1734,0.02030025
1735,0.022939792
1736,0.0025129619
1737,0.014376649
1738,0.005431253
1739,0.013753893
1740,0.01029248
1741,0.08138895
1742,0.035751227
1743,0.07541618
1744,0.0077566393
1745,0.0086427005
1746,0.04465895
1747,0.010281376
1748,0.029280117
1749,0.010935254
1750,0.034379885
1751,0.0063104955
1752,0.009629495
1753,0.008644665
1754,0.03471725
1755,0.058396023
1756,0.032838203
1757,0.023285925
1758,0.0058097346
1759,0.12662928
1760,0.012777418
1761,0.004266672
1762,0.0063974317
1763,0.0019528058
1764,0.0580021
1765,0.13944489
1766,0.030068345
1767,0.048471324
1768,0.024003357
1769,0.019636797
1770,0.03128632
1771,0.006516419
1772,0.0065104817
1773,0.010743796
1774,0.010750569
1775,0.008467415
1776,0.010272068
1777,0.008109751
1778,0.009404259
1779,0.0072161574
1780,0.013120849
1781,0.030169237
1782,0.0065199155
1783,0.1923142
1784,0.024410794
1785,0.022235418
1786,0.047820315
1787,0.0039946283
1788,0.008092336
1789,0.045747247
1790,0.043297872
1791,0.013195381
1792,0.014153823
1793,0.026580289
1794,0.012222679
1795,0.038858972
1796,0.14858499
1797,0.09092318
1798,0.008116306
1799,0.018312631
1800,0.07834739
1801,0.019284328
1802,0.038531147
1803,0.03461694
1804,0.023539197
1805,0.042706873
1806,0.05588616
1807,0.011505042
1808,0.04562481
1809,0.00404622
1810,0.039557617
1811,0.15553926
1812,0.09195673
1813,0.026598727
1814,0.08055567
1815,0.0009929392
1816,0.19600368
1817,0.111180894
1818,0.23095618
1819,0.10194622
1820,0.15163195
1821,0.033404533
1822,0.086520046
1823,0.057672884
1824,0.01486116
1825,0.011123103
1826,0.076868586
1827,0.08415871
1828,0.3403789
1829,0.18925108
1830,0.043398198
1831,0.07983164
1832,0.018360667
1833,0.0032418007
1834,0.0047833812
1835,0.037755746
1836,0.011152364
1837,0.0752353
1838,0.019046735
1839,0.007171219
1840,0.14202665
1841,0.428795
1842,0.15492731
1843,0.3434612
1844,0.03207428
1845,0.11321311
1846,0.2226492
1847,0.008117634
1848,0.007864567
1849,0.04860524
1850,0.1093635
1851,0.07152502
1852,0.34023866
1853,0.09106934
1854,0.10758446
1855,0.44351292
1856,0.067907475
1857,0.35383192
1858,0.0029038645
1859,0.0541629
1860,0.21658896
1861,0.025662882
1862,0.02201131
1863,0.053146083
1864,0.006975895
1865,0.024532385
1866,0.092785425
1867,0.14467613
1868,0.08343943
1869,0.17232661
1870,0.22242956
1871,0.03509296
1872,0.031357042
1873,0.041680723
1874,0.12858433
1875,0.04270273
1876,0.025209172
1877,0.10147961
1878,0.018962339
1879,0.11522229
1880,0.028526323
1881,0.21830004
1882,0.08831371
1883,0.03647317
1884,0.011015239
1885,0.15550418
1886,0.17277287
1887,0.04370414
1888,0.12533082
1889,0.24109936
1890,0.0054367213
1891,0.08776413
1892,0.005811186
1893,0.0015707569
1894,0.009786502
1895,0.048173506
1896,0.0022467945
1897,0.082514696
1898,0.104002275
1899,0.15596285
1900,0.2152887
1901,0.02895047
1902,0.010107479
1903,0.041965403
1904,0.0002828148
1905,0.030762766
1906,0.16257882
1907,0.0030476116
1908,0.0691669
1909,0.018166922
1910,0.043193854
1911,0.06275382
1912,0.3218841
1913,0.07995203
1914,0.018963113
1915,0.0022419745
1916,0.0320724
1917,0.049607478
1918,0.024422055
1919,0.11998527
1920,0.17957368
1921,0.11446245
1922,0.107395135
1923,0.053306505
1924,0.0042894217
1925,0.019182222
1926,0.046446897
1927,0.039071865
1928,0.007981595
1929,0.049959023
1930,0.057185836
1931,0.011622221
1932,0.023602562
1933,0.019018224
1934,0.018163333
1935,0.01966637
1936,0.019016197
1937,0.03192378
1938,0.01007152
1939,0.09560363
1940,0.06775827
1941,0.21701093
1942,0.055621292
1943,0.071837045
1944,0.083230905
1945,0.098957166
1946,0.054113746
1947,0.004899061
1948,0.10001565
1949,0.0077731498
1950,0.015739476
1951,0.13330956
1952,0.03741102
1953,0.015696393
1954,0.035333175
1955,0.042707663
1956,0.077111565
1957,0.12099825
1958,0.052763253
1959,0.08586476
1960,0.065936066
1961,0.049864426
1962,0.002577637
1963,0.06439488
1964,0.08951657
1965,0.02111708
1966,0.027129237
1967,0.41897592
1968,0.096283354
1969,0.03258246
1970,0.10760819
1971,0.05239764
1972,0.036561474
1973,0.026407804
1974,0.008412177
1975,0.008468707
1976,0.046041373
1977,0.024747796
1978,0.034380257
1979,0.0100379605
1980,0.04222
1981,0.06117529
1982,0.03561551
1983,0.033333167
1984,0.079361
1985,0.06175339
1986,0.19719373
1987,0.017057735
1988,0.0030164996
1989,0.029449617
1990,0.038703937
1991,0.0016821168
1992,0.019659942
1993,0.05734058
1994,0.0068863765
1995,0.11132981
1996,0.01860293
1997,0.07085504
1998,0.027340777
1999,0.0743065
2000,0.06362577
2001,0.030066974
2002,0.02966531
2003,0.14048631
2004,0.01011886
2005,0.0798655
2006,0.08031076
2007,0.009842294
2008,0.035424627
2009,0.025533922
2010,0.057870336
2011,0.0827955
2012,0.15067798
2013,0.078408994
2014,0.14809431
2015,0.07328653
2016,0.09760817
2017,0.015724404
2018,0.05222184
2019,0.011189566
2020,0.048961915
2021,0.02454094
2022,0.06314169
2023,0.052564017
2024,0.04726123
2025,0.05492369
2026,0.0057956227
2027,0.022939557
2028,0.057437766
2029,0.17688635
2030,0.023164978
2031,0.05524064
2032,0.019801017
2033,0.07411356
2034,0.03348044
2035,0.023768565
2036,0.031202441
2037,0.015741505
2038,0.07887295
2039,0.076264195
2040,0.23121464
2041,0.094705135
2042,0.0981618
2043,0.05244233
2044,0.07720404
2045,0.052805934
2046,0.09819217
2047,0.060974948
2048,0.009410642
2049,0.017914902
2050,0.22675216
2051,0.026625417
2052,0.11627047
2053,0.06268046
2054,0.07386349
2055,0.01283048
2056,0.055929385
2057,0.035716474
2058,0.018004434
2059,0.10637438
2060,0.040946506
2061,0.063465275
2062,0.10338211
2063,0.32684386
2064,0.046336714
2065,0.009658994
2066,0.15395562
2067,0.034681033
2068,0.24663155
2069,0.14827484
2070,0.08835731
2071,0.053314455
2072,0.043970298
2073,0.070468284
2074,0.15237491
2075,0.09055388
2076,0.2227994
2077,0.12177827
2078,0.11361326
2079,0.0149366185
2080,0.014422452
2081,0.022319974
2082,0.037241433
2083,0.052463785
2084,0.0024502205
2085,0.10426834
2086,0.17065695
2087,0.06349272
2088,0.08917546
2089,0.028451411
2090,0.151931
2091,0.17434254
2092,0.22011311
2093,0.08237818
2094,0.00034293946
2095,0.033848274
2096,0.014969281
2097,0.009082199
2098,0.39035848
2099,0.022525242
2100,0.028547896
2101,0.21350093
2102,0.19440804
2103,0.019610656
2104,0.01369029
2105,0.01566603
2106,0.04632701
2107,0.03927076
2108,0.13467968
2109,0.0957469
2110,0.045475133
2111,0.103563294
2112,0.17121832
2113,0.12631577
2114,0.15223247
2115,0.21823463
2116,0.2932321
2117,0.09111504
2118,0.038499817
2119,0.05758594
2120,0.056184832
2121,0.21547468
2122,0.81290543
2123,0.0072030514
2124,0.088244565
2125,0.033912387
2126,0.29238874
2127,0.0028522979
2128,0.20552652
2129,0.013179574
2130,0.014254128
2131,0.06849083
2132,0.0057796454
2133,0.0108214095
2134,0.09494527
2135,0.015837874
2136,0.0520125
2137,0.16956013
2138,0.17840764
2139,0.21557905
2140,0.24270454
2141,0.1815212
2142,0.019978305
2143,0.1603671
2144,0.106170274
2145,0.12696747
2146,0.6324093
2147,0.27833402
2148,0.294194
2149,0.005815711
2150,0.009324497
2151,0.09168058
2152,0.016561422
2153,0.0012677469
2154,0.0036487107
2155,0.0011172316
2156,0.015285572
2157,0.08152284
2158,0.0084662745
2159,0.0070309406
2160,0.031029936
2161,0.022200191
2162,0.08752672
2163,0.09668985
2164,0.09394746
2165,0.08547966
2166,0.15141834
2167,0.11164466
2168,0.038737677
2169,0.21737221
2170,0.21250166
2171,0.004967696
2172,0.040074404
2173,0.63871324
2174,0.8696711
2175,0.31531447
2176,0.005431643
2177,0.0078919055
2178,0.0067529744
2179,0.045607045
2180,0.21841295
2181,0.07778805
2182,0.0013073856
2183,0.0037449074
2184,0.07603074
2185,0.049166825
2186,0.057216916
2187,0.0008622126
2188,0.119602665
2189,0.01324334
2190,0.00531109
2191,0.090023495
2192,0.11894538
2193,0.08387193
2194,0.022041135
2195,0.07376181
2196,0.06487855
2197,0.030178668
2198,0.09267134
2199,0.07170961
2200,0.1249244
2201,0.6552225
2202,0.84683245
2203,0.41738695
2204,0.02835313
2205,0.027440224
2206,0.048071522
2207,0.007867204
2208,0.08494909
2209,0.082592905
2210,0.20974672
2211,0.056069747
2212,0.029923705
2213,0.010747189
2214,0.014890019
2215,0.103751644
2216,0.16819622
2217,0.2751904
2218,0.30183843
2219,0.12594542
2220,0.087970845
2221,0.13412979
2222,0.040493064
2223,0.07523848
2224,0.113895334
2225,0.015877608
2226,0.025888827
2227,0.02142465
2228,0.09227662
2229,0.111563094
2230,0.07618916
2231,0.08367679
2232,0.0003444809
2233,0.7415846
2234,0.9830699
2235,0.97125596
2236,0.09587539
2237,0.003453222
2238,0.09636485
2239,0.1627972
2240,0.0052213552
2241,0.007865611
2242,0.042906776
2243,0.02513674
2244,0.030316904
2245,0.072592385
2246,0.022266444
2247,0.23277684
2248,0.3872329
2249,0.02984076
2250,0.14679663
2251,0.08384379
2252,0.1529446
2253,0.123195894
2254,0.16230914
2255,0.08395576
2256,0.046700213
2257,0.1130091
2258,0.11475869
2259,0.065294385
2260,0.030982276
2261,0.0031465127
2262,0.34638897
2263,0.32726863
2264,0.17780013
2265,0.07337533
2266,0.022884205
2267,0.13694522
2268,0.009408647
2269,0.05846525
2270,0.16792493
2271,0.02532297
2272,0.04060729
2273,0.04249102
2274,0.028565612
2275,0.025914215
2276,0.038709756
2277,0.015292968
2278,0.15816884
2279,0.35404584
2280,0.16560374
2281,0.17094798
2282,0.08022885
2283,0.17561239
2284,0.15720065
2285,0.31298986
2286,0.040052224
2287,0.07990944
2288,0.030314252
2289,0.064541765
2290,0.14085181
2291,0.18249528
2292,0.06280268
2293,0.2721902
2294,0.31777397
2295,0.18229564
2296,1.0
2297,0.078673966
2298,0.019565094
2299,0.0920328
2300,0.124083914
2301,0.01277911
2302,0.2885197
2303,0.07980816
2304,0.02588732
2305,0.015899843
2306,0.050760586
2307,0.10567933
2308,0.25846532
2309,0.28106973
2310,0.3452848
2311,0.27668396
2312,0.15560907
2313,0.12802099
2314,0.1974475
2315,0.020050377
2316,0.11893342
2317,0.045934185
2318,0.035290506
2319,0.16361941
2320,0.17430483
2321,0.090754405
2322,0.37724528
2323,0.16886222
2324,0.033118896
2325,0.07228327
2326,0.071090065
2327,0.06355059
2328,0.009848134
2329,0.0098445425
2330,0.005402791
2331,0.013193617
2332,0.064530835
2333,0.059585225
2334,0.06091899
2335,0.16424373
2336,0.25919443
2337,0.49893478
2338,0.30945763
2339,0.20688124
2340,0.37379503
2341,0.07219006
2342,0.06503994
2343,0.12327385
2344,0.0829024
2345,0.25554103
2346,0.10134614
2347,0.024415642
2348,0.004003044
2349,0.018155383
2350,0.1327799
2351,0.0441701
2352,0.11299623
2353,0.014176108
2354,0.020429961
2355,0.024382466
2356,0.049207605
2357,0.004782777
2358,0.029613245
2359,0.05883324
2360,0.060278706
2361,0.08085361
2362,0.22043267
2363,0.22289592
2364,0.120395765
2365,0.35597512
2366,0.39076367
2367,0.25162008
2368,0.07065232
2369,0.058309324
2370,0.027307887
2371,0.061135773
2372,0.08839075
2373,0.014066992
2374,0.008654172
2375,0.05329016
2376,0.46344948
2377,0.007845219
2378,0.0037421216
2379,0.030079897
2380,0.009383947
2381,0.039263282
2382,0.01798415
2383,0.033391245
2384,0.023484722
2385,0.0127688525
2386,0.023769256
2387,0.039954063
2388,0.07513029
2389,0.14417543
2390,0.26331547
2391,0.26369792
2392,0.07242962
2393,0.49074027
2394,0.2690991
2395,0.27365997
2396,0.13729165
2397,0.048647758
2398,0.026546687
2399,0.04321169
2400,0.012147783
2401,0.03891706
2402,0.3693227
2403,0.071950726
2404,0.17468758
2405,0.05162528
2406,0.08800814
2407,0.040146954
2408,0.06778249
2409,0.1498402
2410,0.026121838
2411,0.042468775
2412,0.0884638
2413,0.16153213
2414,0.38362277
2415,0.21942542
2416,0.22912
2417,0.09696844
2418,0.25572082
2419,0.17050493
2420,0.0080936225
2421,0.040803082
2422,0.013330643
2423,0.0057381247
2424,0.012289552
2425,0.030955246
2426,0.023877183
2427,0.16700578
2428,0.11917599
2429,0.047314677
2430,0.19349514
2431,0.020017393
2432,0.02766559
2433,0.2184217
2434,0.0110832965
2435,0.005433046
2436,0.007862125
2437,0.09839215
2438,0.10089052
2439,0.027460573
2440,0.09634098
2441,0.20313196
2442,0.04935261
2443,0.043506313
2444,0.031718787
2445,0.069244154
2446,0.003064263
2447,0.11042399
2448,0.10904367
2449,0.028855352
2450,0.0071007805
2451,0.009604624
2452,0.062782615
2453,0.004263523
2454,0.007864873
2455,0.0278209
2456,0.008469562
2457,0.017720249
2458,0.014431253
2459,0.14757574
2460,0.035785273
2461,0.028442457
2462,0.0004290663
2463,0.034780823
2464,0.21069011
2465,0.28397608
2466,0.2708731
2467,0.10029015
2468,0.050099205
2469,0.012789691
2470,0.027221847
2471,0.10379527
2472,0.010926739
2473,0.009357046
2474,0.0127763795
2475,0.01979797
2476,0.036545355
2477,0.008918834
2478,0.0035120505
2479,0.06277871
2480,0.06330683
2481,0.17647104
2482,0.01576147
2483,0.024450183
2484,0.044640604
2485,0.110487066
2486,0.15637201
2487,0.024328789
2488,0.0029863412
2489,0.06524498
2490,0.024006825
2491,0.046884637
2492,0.13446754
2493,0.097498134
2494,0.017523268
2495,0.01823318
2496,0.0102949785
2497,0.31993777
2498,0.004240291
2499,0.030784352
2500,0.030892115
2501,0.10375918
2502,0.038425744
2503,0.043064166
2504,0.023239525
2505,0.00966363
2506,0.069083296
2507,0.14988606
2508,0.018917125
2509,0.01034044
2510,0.022463161
2511,0.047405295
2512,0.025705667
2513,0.1647018
2514,0.06762827
2515,0.23155656
2516,0.06188445
2517,0.04674703
2518,0.053033873
2519,0.038153917
2520,0.038699605
2521,0.13779324
2522,0.088448875
2523,0.014881227
2524,0.026110103
2525,0.023967206
2526,0.094307944
2527,0.07439098
2528,0.0081083495
2529,0.21756954
2530,0.3923234
2531,0.078555174
2532,0.022704776
2533,0.0013156756
2534,0.08924383
2535,0.06026041
2536,0.03231175
2537,0.057199683
2538,0.086622894
2539,0.010775314
2540,0.6580835
2541,0.06689879
2542,0.015359365
2543,0.067329034
2544,0.061528504
2545,0.0017630766
2546,0.037842575
2547,0.1814854
2548,0.42364493
2549,0.10573535
2550,0.15850697
2551,0.020020202
2552,0.011319896
2553,0.04728787
2554,0.048598357
2555,0.03111368
2556,0.022534419
2557,0.08924203
2558,0.04142234
2559,0.0073346803
2560,0.026971994
2561,0.03043354
2562,0.05390155
2563,0.029914705
2564,0.02148783
2565,0.013765894
2566,0.018433535
2567,0.072404765
2568,0.1422539
2569,0.022411821
2570,0.040002633
2571,0.39774922
2572,0.049697887
2573,0.049387213
2574,0.007475709
2575,0.011329476
2576,0.06629829
2577,0.03966864
2578,0.008167127
2579,0.022270193
2580,0.13467047
2581,0.041431922
2582,0.015731158
2583,0.031256575
2584,0.07550022
2585,0.019903557
2586,0.010139532
2587,0.10920785
2588,0.025753893
2589,0.02295292
2590,0.06579671
2591,0.22434048
2592,0.0043260106
2593,0.008112911
2594,0.019196551
2595,0.01236578
2596,0.042174585
2597,0.0047758557
2598,0.020474052
2599,0.0805376
2600,0.033665236
2601,0.014151058
2602,0.09031615
2603,0.14122567
2604,0.06279834
2605,0.05812776
2606,0.024680052
2607,0.065037325
2608,0.023771966
2609,0.019728027
2610,0.23224542
2611,0.100550815
2612,0.007759285
2613,0.039860003
2614,0.0064950124
2615,0.010977738
2616,0.011574946
2617,0.014183211
2618,0.030885614
2619,0.007196828
2620,0.0147389155
2621,0.008114654
2622,0.020900203
2623,0.023217482
2624,0.040129423
2625,0.06773804
2626,0.08844662
2627,0.009445577
2628,0.07578581
2629,0.007865843
2630,0.15048362
2631,0.01866824
2632,0.020753592
2633,0.0229944
2634,0.014971834
2635,0.028178426
2636,0.0071966243
2637,0.028395474
2638,0.018618517
2639,0.014166873
2640,0.007038355
2641,0.0593093
2642,0.007314632
2643,0.026473608
2644,0.013187047
2645,0.020590557
2646,0.014376649
2647,0.004478139
2648,0.005242242
2649,0.087772846
2650,0.03982739
2651,0.06225481
2652,0.002851771
2653,0.008641755
2654,0.03062526
2655,0.04016095
2656,0.010983267
2657,0.009628653
2658,0.023753697
2659,0.03970889
2660,0.016581634
2661,0.012223863
2662,0.0058097346
2663,0.085870564
2664,0.029678507
2665,0.0004289064
2666,0.026875054
2667,0.008940136
2668,0.06781769
2669,0.085627325
2670,0.042272948
2671,0.029718861
2672,0.028691087
2673,0.030323349
2674,0.010929435
2675,0.018456545
2676,0.008647134
2677,0.012300003
2678,0.009837867
2679,0.020231377
2680,0.008467415
2681,0.019719588
2682,0.008922684
2683,0.010295044
2684,0.04795642
2685,0.11205496
2686,0.014724371
2687,0.035038818
2688,0.019163484
2689,0.014753456
2690,0.007964072
2691,0.0008259489
2692,0.015950954
2693,0.008466709
2694,0.018135862
2695,0.038795024
2696,0.03209975
2697,0.043650705
2698,0.08079815
2699,0.019711608
2700,0.034428526
2701,0.0079751965
2702,0.09783235
2703,0.020479273
2704,0.14987738
2705,0.051213983
2706,0.13989317
2707,0.042981938
2708,0.028775465
2709,0.2044484
2710,0.13141727
2711,0.019898392
2712,0.008710167
2713,0.047084708
2714,0.19339731
2715,0.23112583
2716,0.0011849897
2717,0.085214145
2718,0.062817916
2719,0.042311285
2720,0.08614084
2721,0.02441388
2722,0.011178053
2723,0.06516003
2724,0.11470663
2725,0.5516564
2726,0.18432784
2727,0.008600381
2728,0.14483014
2729,0.042109583
2730,0.0032414198
2731,0.03935905
2732,0.02285233
2733,0.039074726
2734,0.024890553
2735,0.013761555
2736,0.17758437
2737,0.2675968
2738,0.33470914
2739,0.42368835
2740,0.04238886
2741,0.025433004
2742,0.12136318
2743,0.10626261
2744,0.007863475
2745,0.03686924
2746,0.040700845
2747,0.085196264
2748,0.032803938
2749,0.30654144
2750,0.053599805
2751,0.19398086
2752,0.3698738
2753,0.05618484
2754,0.23327258
2755,0.0077646584
2756,0.0017839004
2757,0.04912544
2758,0.14537294
2759,0.042760137
2760,0.015108437
2761,0.02583666
2762,0.00575712
2763,0.0063306796
2764,0.10712583
2765,0.07036945
2766,0.076212935
2767,0.033724602
2768,0.06768682
2769,0.30102512
2770,0.005512224
2771,0.00086956116
2772,0.026221186
2773,0.10921649
2774,0.009438941
2775,0.030610789
2776,0.0061210715
2777,0.29312113
2778,0.057116807
2779,0.18161023
2780,0.03739367
2781,0.03948529
2782,0.010301657
2783,0.35629672
2784,0.08785035
2785,0.07477454
2786,0.3467931
2787,0.24793614
2788,0.08626271
2789,0.050038725
2790,0.0123517
2791,0.016569577
2792,0.020836709
2793,0.01578446
2794,0.005939787
2795,0.035403814
2796,0.0022466742
2797,0.06621112
2798,0.08768461
2799,0.07203001
2800,0.17672844
2801,0.46310276
2802,0.01328802
2803,0.015974637
2804,0.020814467
2805,0.0013972541
2806,0.16759385
2807,0.07467607
2808,0.0418951
2809,0.043473933
2810,0.1294606
2811,0.34957168
2812,0.07995462
2813,0.004700774
2814,0.019718308
2815,0.03126248
2816,0.0431043
2817,0.0015562599
2818,0.0017349327
2819,0.08166432
2820,0.11209241
2821,0.07774501
2822,0.16368236
2823,0.052926842
2824,0.023163525
2825,0.029820522
2826,0.043496884
2827,0.036123626
2828,0.044068128
2829,0.065635696
2830,0.0063406858
2831,0.03854787
2832,0.015756506
2833,0.016534291
2834,0.0412034
2835,0.027254544
2836,0.054292995
2837,0.022485761
2838,0.10228608
2839,0.11681272
2840,0.1411667
2841,0.08995744
2842,0.033921115
2843,0.04365381
2844,0.14889687
2845,0.07818326
2846,0.03755623
2847,0.09627878
2848,0.014299765
2849,0.022508254
2850,0.11401615
2851,0.04475609
2852,0.030699044
2853,0.019015508
2854,0.0058053723
2855,0.03951227
2856,0.060093492
2857,0.09929615
2858,0.039051604
2859,0.09228338
2860,0.05400658
2861,0.032274097
2862,0.009499712
2863,0.054804567
2864,0.058398098
2865,0.06440634
2866,0.004961305
2867,0.41268316
2868,0.10729335
2869,0.012360105
2870,0.1537504
2871,0.082222216
2872,0.0670254
2873,0.018149488
2874,0.08676649
2875,0.024726875
2876,0.0067008245
2877,0.013198113
2878,0.012275199
2879,0.032049388
2880,0.07284235
2881,0.028190976
2882,0.06746975
2883,0.0707151
2884,0.11178674
2885,0.24670503
2886,0.046345014
2887,0.0079591675
2888,0.05075035
2889,0.013772721
2890,0.058679305
2891,0.006520774
2892,0.04215475
2893,0.007049437
2894,0.026196465
2895,0.11571344
2896,0.08596954
2897,0.13471618
2898,0.019684
2899,0.020177007
2900,0.08680723
2901,0.036444172
2902,0.007943868
2903,0.15523635
2904,0.010118815
2905,0.038722333
2906,0.06948579
2907,0.07136713
2908,0.020750621
2909,0.034793124
2910,0.02550901
2911,0.0437155
2912,0.081895724
2913,0.13395311
2914,0.10037851
2915,0.17516886
2916,0.09115215
2917,0.058120996
2918,0.0020782137
2919,0.09576335
2920,0.041614905
2921,0.04140975
2922,0.058311895
2923,0.016431846
2924,0.07573453
2925,0.031708814
2926,0.04165787
2927,0.10666659
2928,0.03077072
2929,0.012019298
2930,0.028239043
2931,0.03836798
2932,0.017827233
2933,0.052365825
2934,0.018579703
2935,0.039491743
2936,0.028239487
2937,0.063669145
2938,0.0866446
2939,0.27155316
2940,0.07398406
2941,0.10354796
2942,0.05708298
2943,0.08592239
2944,0.05837573
2945,0.10319774
2946,0.044820316
2947,0.0063252975
2948,0.005030883
2949,0.041513793
2950,0.2251718
2951,0.072253495
2952,0.10168953
2953,0.07217724
2954,0.0747104
2955,0.018140465
2956,0.06010604
2957,0.008649931
2958,0.021447644
2959,0.033262074
2960,0.110487275
2961,0.048795894
2962,0.06036323
2963,0.11299162
2964,0.34163788
2965,0.06630398
2966,0.0028200399
2967,0.11093168
2968,0.060456675
2969,0.23806171
2970,0.20896499
2971,0.085174054
2972,0.02001992
2973,0.02864122
2974,0.11914855
2975,0.1395297
2976,0.05974671
2977,0.16730623
2978,0.1312848
2979,0.10167933
2980,0.014076798
2981,0.011838575
2982,0.008664339
2983,0.022315992
2984,0.012290897
2985,0.074768
2986,0.02401939
2987,0.08372305
2988,0.18845966
2989,0.07775769
2990,0.05804539
2991,0.030282157
2992,0.08700097
2993,0.124495305
2994,0.18021429
2995,0.06125999
2996,0.018849202
2997,0.06851899
2998,0.0036528097
2999,0.016202085
3000,0.35177332
3001,0.031717967
3002,0.13394748
3003,0.26492214
3004,0.20732307
3005,0.017806774
3006,0.013687597
3007,0.010907606
3008,0.028909134
3009,0.0423859
3010,0.10506596
3011,0.13133661
3012,0.040110704
3013,0.07280891
3014,0.13591614
3015,0.14580618
3016,0.18898526
3017,0.21524848
3018,0.30016953
3019,0.093472004
3020,0.0037640135
3021,0.01771331
3022,0.055097535
3023,0.08440095
3024,0.055828195
3025,0.27132985
3026,0.8797137
3027,0.088555045
3028,0.042631775
3029,0.25508144
3030,0.016588286
3031,0.019874826
3032,0.18218133
3033,0.019568676
3034,0.020423304
3035,0.09864916
3036,0.009432674
3037,0.031915396
3038,0.07465265
3039,0.030566854
3040,0.0604403
3041,0.17837465
3042,0.114224516
3043,0.21926805
3044,0.23928393
3045,0.2213288
3046,0.022599952
3047,0.11387414
3048,0.13566698
3049,0.13515212
3050,0.55342263
3051,0.31671873
3052,0.2624659
3053,0.005814594
3054,0.03036322
3055,0.08008016
3056,0.016559727
3057,0.04994271
3058,0.009975737
3059,0.0029763642
3060,0.09082759
3061,0.007756089
3062,0.00703082
3063,0.030959126
3064,0.05773223
3065,0.05711094
3066,0.0928714
3067,0.06621353
3068,0.10831266
3069,0.17350453
3070,0.07376867
3071,0.007195285
3072,0.11170127
3073,0.13050593
3074,0.012839708
3075,0.04971377
3076,0.58183676
3077,0.9238741
3078,0.33661968
3079,0.002869145
3080,0.050703622
3081,0.02738514
3082,0.2231023
3083,0.051599935
3084,0.06133678
3085,0.010907581
3086,0.083955236
3087,0.043357953
3088,0.051624853
3089,0.007855761
3090,0.12693839
3091,0.013241617
3092,0.018205317
3093,0.10184863
3094,0.07920885
3095,0.04612469
3096,0.048411585
3097,0.08369262
3098,0.059144657
3099,0.03581338
3100,0.09563664
3101,0.07127176
3102,0.08115354
3103,0.6411455
3104,0.83359975
3105,0.40879884
3106,0.012239229
3107,0.009769512
3108,0.007866112
3109,0.03639083
3110,0.07987731
3111,0.2249832
3112,0.014978299
3113,0.051716115
3114,0.029625487
3115,0.054717854
3116,0.13873604
3117,0.17032754
3118,0.27518156
3119,0.27955332
3120,0.15891087
3121,0.084245235
3122,0.12317883
3123,0.069627374
3124,0.06316111
3125,0.11859262
3126,0.031713285
3127,0.015039564
3128,0.12138716
3129,0.097830914
3130,0.078837186
3131,0.03749653
3132,0.87721956
3133,0.9977957
3134,1.0
3135,0.013069786
3136,0.043284908
3137,0.113941275
3138,0.011603726
3139,0.14304568
3140,0.055825315
3141,0.042512447
3142,0.022385413
3143,0.012785548
3144,0.08252205
3145,0.019113833
3146,0.24005677
3147,0.47616792
3148,0.06636685
3149,0.10708238
3150,0.082986295
3151,0.1584991
3152,0.08208338
3153,0.08568304
3154,0.088473834
3155,0.012439862
3156,0.10714489
3157,0.091144376
3158,0.07920629
3159,0.05840437
3160,0.39830524
3161,0.42007658
3162,0.19390237
3163,0.05231233
3164,0.008475994
3165,0.12258699
3166,0.00940758
3167,0.050535705
3168,0.18151689
3169,0.010867158
3170,0.026860738
3171,0.044461258
3172,0.023825806
3173,0.019787345
3174,0.04432349
3175,0.049105383
3176,0.1650523
3177,0.39556175
3178,0.1766314
3179,0.20845212
3180,0.11468997
3181,0.17818752
3182,0.13737246
3183,0.32665834
3184,0.07901041
3185,0.033033337
3186,0.0059799245
3187,0.025065152
3188,0.13354485
3189,0.17481661
3190,0.07875287
3191,0.24413607
3192,0.33813596
3193,0.16957572
3194,1.0
3195,0.13358968
3196,0.025613775
3197,0.032620084
3198,0.16696529
3199,0.040782765
3200,0.037759453
3201,0.1388274
3202,0.116149254
3203,0.022615813
3204,0.026452385
3205,0.063489154
3206,0.19206718
3207,0.21406971
3208,0.22079617
3209,0.3154403
3210,0.2381028
3211,0.15826984
3212,0.12597993
3213,0.17639662
3214,0.005226336
3215,0.01560475
3216,0.104051255
3217,0.04589815
3218,0.037770234
3219,0.16028224
3220,0.27204475
3221,0.06772306
3222,0.4285355
3223,0.17061663
3224,0.009142945
3225,0.12011952
3226,0.061953668
3227,0.07656644
3228,0.016353372
3229,0.033653762
3230,0.06051563
3231,0.07355743
3232,0.086792275
3233,0.17001824
3234,0.22081807
3235,0.6147095
3236,0.340676
3237,0.26555613
3238,0.42248002
3239,0.059877656
3240,0.0942837
3241,0.0879735
3242,0.102282204
3243,0.21139398
3244,0.16493832
3245,0.023364471
3246,0.036424108
3247,0.12291672
3248,0.1034767
3249,0.034445956
3250,0.0047435025
3251,0.026293725
3252,0.027502352
3253,0.0077979714
3254,0.019587796
3255,0.020721504
3256,0.05330901
3257,0.06694979
3258,0.061234068
3259,0.22020729
3260,0.20949595
3261,0.109335884
3262,0.41915935
3263,0.36861125
3264,0.25411904
3265,0.1090515
3266,0.04056729
3267,0.032537002
3268,0.080672316
3269,0.1131661
3270,0.017829614
3271,0.008653182
3272,0.014830922
3273,0.37591183
3274,0.03315715
3275,0.007905112
3276,0.025057957
3277,0.04245103
3278,0.06220618
3279,0.028780865
3280,0.03740434
3281,0.063733466
3282,0.053464517
3283,0.0071301037
3284,0.0143672805
3285,0.024078762
3286,0.11000374
3287,0.109963946
3288,0.23968688
3289,0.2523359
3290,0.10363487
3291,0.53008205
3292,0.29001814
3293,0.26988566
3294,0.065224275
3295,0.07444609
3296,0.05574752
3297,0.019352976
3298,0.042640198
3299,0.032622725
3300,0.039606705
3301,0.32686946
3302,0.07309198
3303,0.2208173
3304,0.034079425
3305,0.07673078
3306,0.075309366
3307,0.06631596
3308,0.14451586
3309,0.03981891
3310,0.0327381
3311,0.00033588655
3312,0.06919863
3313,0.16452613
3314,0.37148783
3315,0.23510648
3316,0.22970624
3317,0.082671404
3318,0.30928665
3319,0.18119876
3320,0.015072281
3321,0.0072212224
3322,0.013329453
3323,0.019714223
3324,0.012288485
3325,0.02939221
3326,0.12515362
3327,0.084040485
3328,0.048585925
3329,0.1905408
3330,0.009226508
3331,0.08929804
3332,0.16111194
3333,0.0012749847
3334,0.009857664
3335,0.007861135
3336,0.12881897
3337,0.097841516
3338,0.0066952296
3339,0.08314731
3340,0.21470672
3341,0.049619038
3342,0.05476521
3343,0.03763786
3344,0.039639268
3345,0.100001685
3346,0.022985952
3347,0.07709385
3348,0.07549771
3349,0.031786975
3350,0.019160373
3351,0.007865446
3352,0.10128659
3353,0.008464065
3354,0.0190303
3355,0.020109402
3356,0.039495666
3357,0.14285254
3358,0.0026188544
3359,0.012174434
3360,0.031414095
3361,0.16770643
3362,0.2604899
3363,0.26940584
3364,0.019411415
3365,0.00054504623
3366,0.017710453
3367,0.0224573
3368,0.053279027
3369,0.07672048
3370,0.094937555
3371,0.010926515
3372,0.027319469
3373,0.012775312
3374,0.033949595
3375,0.017464975
3376,0.015781496
3377,0.09327282
3378,0.09552621
3379,0.17902102
3380,0.0037193822
3381,0.019690791
3382,0.010715781
3383,0.044170607
3384,0.09367907
3385,0.1771446
3386,0.026641808
3387,0.012370322
3388,0.010799911
3389,0.117845066
3390,0.0310562
3391,0.013728127
3392,0.08843803
3393,0.09847662
3394,0.061170682
3395,0.01823017
3396,0.010293963
3397,0.22096597
3398,0.03479386
3399,0.027390251
3400,0.14308284
3401,0.042477574
3402,0.012118297
3403,0.015377062
3404,0.027232103
3405,0.118698925
3406,0.23800077
3407,0.031956565
3408,0.0146576185
3409,0.008360859
3410,0.039836016
3411,0.03493392
3412,0.11870264
3413,0.08868463
3414,0.21861896
3415,0.091948725
3416,0.0135800745
3417,0.003468198
3418,0.07645753
3419,0.07188299
3420,0.0025849575
3421,0.09302428
3422,0.08854913
3423,0.06563123
3424,0.022216894
3425,0.10873204
3426,0.06671369
3427,0.007861032
3428,0.0081081
3429,0.18197341
3430,0.32849655
3431,0.08260486
3432,0.017156178
3433,0.04853549
3434,0.053542294
3435,0.007811555
3436,0.040608417
3437,0.07107921
3438,0.0694036
3439,0.627468
3440,0.033869307
3441,0.08048707
3442,0.103918575
3443,0.025589231
3444,0.09952609
3445,0.37338617
3446,0.039032258
3447,0.095031895
3448,0.020018714
3449,0.043238517
3450,0.11335577
3451,0.041331094
3452,0.005931121
3453,0.089555755
3454,0.046255946
3455,0.04946241
3456,0.01633511
3457,0.012239561
3458,0.008043809
3459,0.037092995
3460,0.0055659376
3461,0.037604235
3462,0.015556434
3463,0.09748299
3464,0.06444679
3465,0.008443276
3466,0.039573684
3467,0.41739112
3468,0.044278
3469,0.078696355
3470,0.017278401
3471,0.01238769
3472,0.03677579
3473,0.053494744
3474,0.0013564002
3475,0.17836922
3476,0.04254844
3477,0.005429574
3478,0.0054317913
3479,0.025552785
3480,0.06603468
3481,0.05176307
3482,0.026074292
3483,0.106495254
3484,0.05850033
3485,0.054273006
3486,0.19364537
3487,0.025339343
3488,0.035834603
3489,0.04333705
3490,0.005809589
3491,0.043145165
3492,0.08930497
3493,0.034354176
3494,0.0052455086
3495,0.013210338
3496,0.014149966
3497,0.0063277753
3498,0.06394732
3499,0.09739749
3500,0.049461875
3501,0.08692863
3502,0.054226294
3503,0.009675793
3504,0.05057219
3505,0.027473142
3506,0.010604741
3507,0.18996066
3508,0.11194257
3509,0.007759242
3510,0.04328474
3511,0.00034363565
3512,0.0026002603
3513,0.010748461
3514,0.010371971
3515,0.0004297009
3516,0.008651467
3517,0.010772908
3518,0.004749427
3519,0.020897267
3520,0.03389675
3521,0.040172145
3522,0.10396329
3523,0.11924054
3524,0.15023486
3525,0.008448454
3526,0.0447726
3527,0.00426477
3528,0.008944201
3529,0.01868259
3530,0.007196581
3531,0.011830258
3532,0.010804097
3533,0.012698794
3534,0.010369895
3535,0.14643426
3536,0.009717673
3537,0.035440486
3538,0.034384567
3539,0.019048043
3540,0.016956558
3541,0.04624252
3542,0.016599895
3543,0.03735028
3544,0.008641661
3545,0.013602925
3546,0.027183736
3547,0.025124438
3548,0.0969003
3549,0.005730236
3550,0.003998617
3551,0.009628505
3552,0.07560748
3553,0.011803935
3554,0.033861358
3555,0.049517166
3556,0.012222771
3557,0.12674572
3558,0.018110462
3559,0.01566511
3560,0.019103436
3561,0.041791152
3562,0.01472726
3563,0.080147415
3564,0.010323711
3565,0.10077259
3566,0.010233719
3567,0.021163872
3568,0.020860158
3569,0.017164888
3570,0.013329615
3571,0.00983772
3572,0.008640129
3573,0.0109077515
3574,0.008466298
3575,0.028319914
3576,0.015748275
3577,0.0021561654
3578,0.010483398
3579,0.11159458
3580,0.017859085
3581,0.018767564
3582,0.0016739535
3583,0.0032598297
3584,0.039274804
3585,0.021514578
3586,0.013321193
3587,0.010046646
3588,0.007006873
3589,0.03092231
3590,0.018635022
3591,0.049549468
3592,0.014950549
3593,0.05378385
3594,0.012224631
3595,0.01130627
3596,0.03441976
3597,0.039578505
3598,0.05622669
3599,0.02983854
3600,0.04497561
3601,0.039796516
3602,0.08305796
3603,0.057929203
3604,0.008111664
3605,0.0021582476
3606,0.023791946
3607,0.042960107
3608,0.13489586
3609,0.18871969
3610,0.10593087
3611,0.019899432
3612,0.04574224
3613,0.21494415
3614,0.05546724
3615,0.22014213
3616,0.09024959
3617,0.20801783
3618,0.09099618
3619,0.024856858
3620,0.029191045
3621,0.014741808
3622,0.011179693
3623,0.16134161
3624,0.051548522
3625,0.4342796
3626,0.14712907
3627,0.07522731
3628,0.012301193
3629,0.004671
3630,0.058232363
3631,0.032746155
3632,0.01706217
3633,0.0071716392
3634,0.11315337
3635,0.26759315
3636,0.4456218
3637,0.3509571
3638,0.0028944197
3639,0.0008613516
3640,0.114311144
3641,0.25423276
3642,0.00786509
3643,0.108146876
3644,0.018205464
3645,0.01862529
3646,0.077992864
3647,0.30299714
3648,0.045776617
3649,0.21668312
3650,0.33797634
3651,0.05236529
3652,0.30950198
3653,0.0077662463
3654,0.052461337
3655,0.20223315
3656,0.030762862
3657,0.0404426
3658,0.015055625
3659,0.0657552
3660,0.024509897
3661,0.026205538
3662,0.057258986
3663,0.04529228
3664,0.017124457
3665,0.053014882
3666,0.31873983
3667,0.026368437
3668,0.03142841
3669,0.026938023
3670,0.08622165
3671,0.00807641
3672,0.020748015
3673,0.05013828
3674,0.06023456
3675,0.060152378
3676,0.024164625
3677,0.009922352
3678,0.19967954
3679,0.011872415
3680,0.22070926
3681,0.010626544
3682,0.010303297
3683,0.015422736
3684,0.01376317
3685,0.49170628
3686,0.14342609
3687,0.07285692
3688,0.36396906
3689,0.3530976
3690,0.0054372437
3691,0.054531194
3692,0.013251572
3693,0.012353315
3694,0.03002423
3695,0.02083785
3696,0.015785128
3697,0.00594043
3698,0.0519219
3699,0.002248288
3700,0.02036295
3701,0.059553556
3702,0.07233232
3703,0.21624854
3704,0.37089512
3705,0.020185329
3706,0.004840602
3707,0.028769912
3708,0.027175328
3709,0.030688176
3710,0.19464761
3711,0.014715754
3712,0.027502801
3713,0.017781956
3714,0.17948902
3715,0.3898242
3716,0.015102747
3717,0.01117574
3718,0.042306732
3719,0.036960475
3720,0.028718716
3721,0.105317466
3722,0.19459473
3723,0.0813454
3724,0.14153466
3725,0.10302379
3726,0.029671408
3727,0.03193232
3728,0.011777052
3729,0.084111996
3730,0.017028343
3731,0.06297712
3732,0.08407188
3733,0.002946862
3734,0.018611105
3735,0.018549616
3736,0.006481473
3737,0.033340633
3738,0.022448791
3739,0.06772881
3740,0.022486698
3741,0.052443177
3742,0.14435399
3743,0.10085423
3744,0.055105757
3745,0.033407968
3746,0.057767913
3747,0.091423325
3748,0.05027637
3749,0.014729806
3750,0.08606639
3751,0.048900053
3752,0.030166896
3753,0.09729174
3754,0.02270397
3755,0.037308756
3756,0.018201705
3757,0.042561676
3758,0.07846037
3759,0.08897035
3760,0.042673748
3761,0.06335508
3762,0.071955524
3763,0.017031841
3764,0.009500382
3765,0.045696393
3766,0.0667628
3767,0.04862989
3768,0.0014011365
3769,0.35175592
3770,0.026776182
3771,0.022925714
3772,0.018999225
3773,0.1486888
3774,0.08888163
3775,0.03787115
3776,0.01980186
3777,0.000686575
3778,0.100168124
3779,0.011837319
3780,0.023167694
3781,0.015826272
3782,0.043097932
3783,0.06668928
3784,0.040313724
3785,0.058252342
3786,0.0834429
3787,0.09983855
3788,0.2665546
3789,0.050678235
3790,0.019134333
3791,0.050381474
3792,0.011842226
3793,0.089682795
3794,0.0541583
3795,0.020463943
3796,0.13978682
3797,0.0595497
3798,0.09932738
3799,0.059465125
3800,0.015886176
3801,0.023882324
3802,0.018198235
3803,0.11155472
3804,0.010119617
3805,0.03929837
3806,0.08563854
3807,0.011760221
3808,0.044739537
3809,0.035278186
3810,0.032296807
3811,0.06826887
3812,0.113558084
3813,0.09293915
3814,0.14222549
3815,0.050683487
3816,0.081400804
3817,0.013180448
3818,0.101345144
3819,0.039649762
3820,0.070910715
3821,0.07741686
3822,0.04256966
3823,0.031786602
3824,0.060045663
3825,0.010597594
3826,0.01159642
3827,0.01299173
3828,0.10101967
3829,0.034004956
3830,0.03993749
3831,0.019068394
3832,0.0638245
3833,0.046702128
3834,0.029593978
3835,0.043561492
3836,0.018779166
3837,0.042682417
3838,0.093937166
3839,0.2682336
3840,0.11026433
3841,0.12239546
3842,0.05171438
3843,0.05419577
3844,0.10417279
3845,0.08482089
3846,0.066283226
3847,0.009633187
3848,0.0029920507
3849,0.002851462
3850,0.22438729
3851,0.035350528
3852,0.08703016
3853,0.08354161
3854,0.10832782
3855,0.022898335
3856,0.01769665
3857,0.008651469
3858,0.0021456385
3859,0.016537013
3860,0.14396177
3861,0.040469922
3862,0.0132442815
3863,0.12298719
3864,0.3650235
3865,0.05635982
3866,0.0062853866
3867,0.07457862
3868,0.037586764
3869,0.20492713
3870,0.24254331
3871,0.07581722
3872,0.015623649
3873,0.030010113
3874,0.04417925
3875,0.1086971
3876,0.12118888
3877,0.017850349
3878,0.17801392
3879,0.09794533
3880,0.062518716
3881,0.014934697
3882,0.0118392445
3883,0.026023353
3884,0.031090872
3885,0.05808364
3886,0.015800238
3887,0.09131592
3888,0.12373485
3889,0.09010326
3890,0.042292167
3891,0.011102545
3892,0.084144294
3893,0.14966668
3894,0.20752606
3895,0.065109685
3896,0.060045987
3897,0.037602182
3898,0.44984686
3899,0.022472981
3900,0.13337408
3901,0.21979246
3902,0.22092475
3903,0.013181538
3904,0.0015692466
3905,0.01903982
3906,0.032700047
3907,0.081937924
3908,0.09315431
3909,0.1417078
3910,0.044695262
3911,0.078816615
3912,0.16437733
3913,0.15540701
3914,0.13810779
3915,0.12561136
3916,0.27583843
3917,0.08670595
3918,0.017714849
3919,0.053089254
3920,0.12531297
3921,0.053723842
3922,0.22448964
3923,0.90588945
3924,0.08891494
3925,0.039856244
3926,0.27048507
3927,0.0058803386
3928,0.054087274
3929,0.17907894
3930,0.007828744
3931,0.03210083
3932,0.058276147
3933,0.021315446
3934,0.094643936
3935,0.0042823334
3936,0.17477518
3937,0.012060217
3938,0.081001386
3939,0.11703048
3940,0.112346984
3941,0.17466116
3942,0.26804766
3943,0.22100104
3944,0.02025361
3945,0.13782962
3946,0.088790305
3947,0.14837445
3948,0.68614656
3949,0.32520792
3950,0.31950736
3951,0.0058153654
3952,0.04143959
3953,0.09372148
3954,0.049853213
3955,0.022919523
3956,0.0015719688
3957,0.027504368
3958,0.004261062
3959,0.056997336
3960,0.007032408
3961,0.030949371
3962,0.044154923
3963,0.100957245
3964,0.1111672
3965,0.0727273
3966,0.10662476
3967,0.1690058
3968,0.09794044
3969,0.029633565
3970,0.115069084
3971,0.13979831
3972,0.016527895
3973,0.060607523
3974,0.7390394
3975,0.942603
3976,0.34874085
3977,0.025166588
3978,0.058588427
3979,0.1633623
3980,0.06526612
3981,0.02412004
3982,0.0070317956
3983,0.07413256
3984,0.060107645
3985,0.033883523
3986,0.007857376
3987,0.1480436
3988,0.013243257
3989,0.021036537
3990,0.08301529
3991,0.096216135
3992,0.044874854
3993,0.05358465
3994,0.12696138
3995,0.07752796
3996,0.05159369
3997,0.08482406
3998,0.046689246
3999,0.062985905
4000,0.73526627
4001,0.74321276
4002,0.4463272
4003,0.021645343
4004,0.023369929
4005,0.011819143
4006,0.15070947
4007,0.10976038
4008,0.15514065
4009,0.021599062
4010,0.036899697
4011,0.012303625
4012,0.051820032
4013,0.07176958
4014,0.18271166
4015,0.19926918
4016,0.2996726
4017,0.16752335
4018,0.13796303
4019,0.15415986
4020,0.069546245
4021,0.053818054
4022,0.11954322
4023,0.03847292
4024,0.029610874
4025,0.025866454
4026,0.20851198
4027,0.14358501
4028,0.090801954
4029,0.054613255
4030,0.023342391
4031,0.8554231
4032,1.0
4033,0.99391645
4034,0.0026351376
4035,0.0431988
4036,0.08614409
4037,0.011604473
4038,0.115248226
4039,0.04313093
4040,0.020154964
4041,0.00789739
4042,0.018203253
4043,0.08064023
4044,0.029953266
4045,0.26066974
4046,0.44630328
4047,0.044816338
4048,0.06988406
4049,0.06630813
4050,0.16264625
4051,0.060434137
4052,0.092072
4053,0.09559312
4054,0.03927477
4055,0.07347788
4056,0.12667945
4057,0.062157743
4058,0.004514494
4059,0.3917949
4060,0.44792572
4061,0.19838145
4062,0.04291845
4063,0.026685428
4064,0.11088705
4065,0.084561475
4066,0.21502103
4067,0.025299797
4068,0.037442397
4069,0.05396216
4070,0.013360161
4071,0.032771144
4072,0.0076668323
4073,0.20677164
4074,0.3953717
4075,0.25515208
4076,0.19854116
4077,0.16389413
4078,0.17407247
4079,0.18550086
4080,0.36740014
4081,0.12470387
4082,0.015356324
4083,0.02990811
4084,0.041489992
4085,0.10530711
4086,0.13992144
4087,0.05800586
4088,0.3059737
4089,0.22377798
4090,0.19650237
4091,0.9940899
4092,0.10906159
4093,0.03428536
4094,0.061639715
4095,0.114536755
4096,0.051247317
4097,0.036462653
4098,0.08642656
4099,0.073108815
4100,0.03925873
4101,0.07115523
4102,0.060753748
4103,0.15362956
4104,0.26820472
4105,0.25355768
4106,0.35813528
4107,0.25216162
4108,0.131843
4109,0.15023789
4110,0.2667011
4111,0.009682484
4112,0.023972096
4113,0.13744107
4114,0.07275049
4115,0.034912154
4116,0.23190899
4117,0.21848243
4118,0.07485658
4119,0.48941562
4120,0.19559841
4121,0.024672542
4122,0.17621918
4123,0.10673297
4124,0.046479143
4125,0.009848656
4126,0.017799728
4127,0.0362051
4128,0.057345428
4129,0.09190298
4130,0.0655365
4131,0.06952267
4132,0.13464744
4133,0.26121572
4134,0.74452645
4135,0.28444502
4136,0.25460833
4137,0.3907922
4138,0.09675874
4139,0.08480171
4140,0.13276482
4141,0.06832105
4142,0.1845479
4143,0.13936678
4144,0.02336571
4145,0.037853934
4146,0.14137912
4147,0.01590905
4148,0.063885584
4149,0.07721644
4150,0.030820342
4151,0.024730783
4152,0.024378844
4153,0.010327222
4154,0.031063614
4155,0.049902588
4156,0.06317038
4157,0.101236336
4158,0.15539412
4159,0.20841949
4160,0.11115734
4161,0.36903912
4162,0.4520717
4163,0.23763886
4164,0.06302324
4165,0.014527721
4166,0.038468402
4167,0.00064236426
4168,0.021207832
4169,0.11887697
4170,0.008654694
4171,0.025852632
4172,0.3902281
4173,0.042130273
4174,0.015908226
4175,0.036547303
4176,0.038490295
4177,0.083898276
4178,0.016325505
4179,0.04964033
4180,0.02642796
4181,0.03765884
4182,0.07784799
4183,0.102759495
4184,0.31339064
4185,0.2334051
4186,0.109900735
4187,0.53030634
4188,0.28130978
4189,0.2718224
4190,0.07396255
4191,0.085934676
4192,0.028818712
4193,0.06412168
4194,0.025840413
4195,0.024649076
4196,0.02120204
4197,0.044006985
4198,0.3688487
4199,0.08649061
4200,0.24754177
4201,0.013612597
4202,0.08015341
4203,0.067567244
4204,0.06377143
4205,0.17830813
4206,0.030590866
4207,0.029627718
4208,0.021564204
4209,0.06319351
4210,0.1981345
4211,0.39406374
4212,0.22975682
4213,0.24206077
4214,0.078893155
4215,0.27019995
4216,0.16391094
4217,0.04891008
4218,0.04232584
4219,0.013330323
4220,0.019716183
4221,0.02023104
4222,0.016330913
4223,0.08661131
4224,0.1065813
4225,0.057533313
4226,0.21919744
4227,0.02001634
4228,0.042105444
4229,0.18906315
4230,0.04243007
4231,0.002280169
4232,0.021283746
4233,0.13983217
4234,0.110928066
4235,0.013249237
4236,0.0702357
4237,0.18064658
4238,0.07019896
4239,0.07004745
4240,0.00828939
4241,0.08566212
4242,0.09282354
4243,0.039965495
4244,0.093923956
4245,0.10178651
4246,0.032351214
4247,0.03213587
4248,0.0034807741
4249,0.15383449
4250,0.008464867
4251,0.007248078
4252,0.05945458
4253,0.045870397
4254,0.1552114
4255,0.020787964
4256,0.030431077
4257,0.008113814
4258,0.043948967
4259,0.13826092
4260,0.304483
4261,0.29321432
4262,0.024934001
4263,0.011194886
4264,0.0017654415
4265,0.001265291
4266,0.021526387
4267,0.029906046
4268,0.030663544
4269,0.080759734
4270,0.10967919
4271,0.0050336425
4272,0.0023743787
4273,0.012776059
4274,0.036391303
4275,0.017465875
4276,0.10998345
4277,0.094279595
4278,0.1816581
4279,0.028834468
4280,0.005775444
4281,0.0062084943
4282,0.06367895
4283,0.14284632
4284,0.1649352
4285,0.049740527
4286,0.007805202
4287,0.08227731
4288,0.031049604
4289,0.0137296645
4290,0.07500551
4291,0.08878591
4292,0.059346113
4293,0.010973602
4294,0.0016438355
4295,0.029271362
4296,0.2535636
4297,0.029710736
4298,0.12988824
4299,0.074977666
4300,0.0150327915
4301,0.008453584
4302,0.020676622
4303,0.10942887
4304,0.19993955
4305,0.03195568
4306,0.018942147
4307,0.015405973
4308,0.03531333
4309,0.036124982
4310,0.13096467
4311,0.079630665
4312,0.2822145
4313,0.09217778
4314,0.002038969
4315,0.059324782
4316,0.028316583
4317,0.035715014
4318,0.13911492
4319,0.088909544
4320,0.057182793
4321,0.022814862
4322,0.07617498
4323,0.02341698
4324,0.008109715
4325,0.199902
4326,0.32190606
4327,0.073453754
4328,0.023443446
4329,0.105104685
4330,0.04310706
4331,0.017706221
4332,0.05080593
4333,0.053683177
4334,0.06793778
4335,0.549246
4336,0.08388996
4337,0.07185791
4338,0.068568215
4339,0.028054696
4340,0.13812414
4341,0.39700553
4342,0.05652516
4343,0.1104085
4344,0.0200207
4345,0.024315279
4346,0.020754116
4347,0.052448
4348,0.089277476
4349,0.024765646
4350,0.008455595
4351,0.0278592
4352,0.008906459
4353,0.009825563
4354,0.028641094
4355,0.003606364
4356,0.096549466
4357,0.030269956
4358,0.042164538
4359,0.03658483
4360,0.108224586
4361,0.02491712
4362,0.0758119
4363,0.48366824
4364,0.07870253
4365,0.08708719
4366,0.021315908
4367,0.023370028
4368,0.06704023
4369,0.061172716
4370,0.020661362
4371,0.23904935
4372,0.025217801
4373,0.005430295
4374,0.01888462
4375,0.050144084
4376,0.050999567
4377,0.010964915
4378,0.10302877
4379,0.0022126099
4380,0.014225367
4381,0.010125945
4382,0.03684317
4383,0.24200824
4384,0.029781044
4385,0.011115405
4386,0.010627223
4387,0.02339044
4388,0.04932874
4389,0.0065169414
4390,0.028627304
4391,0.10190539
4392,0.0660483
4393,0.02484709
4394,0.008171458
4395,0.0098739965
4396,0.08341349
4397,0.14358103
4398,0.07604424
4399,0.04935931
4400,0.066065036
4401,0.011850183
4402,0.06062439
4403,0.014730575
4404,0.03164055
4405,0.20425354
4406,0.049301352
4407,0.0077600423
4408,0.011757632
4409,0.06776365
4410,0.00034440213
4411,0.007797912
4412,0.012236936
4413,0.0071964823
4414,0.008653005
4415,0.013283185
4416,0.014380478
4417,0.020899177
4418,0.037271947
4419,0.07034477
4420,0.10440744
4421,0.10466806
4422,0.18531068
4423,0.012707391
4424,0.055666234
4425,0.005024478
4426,0.020623092
4427,0.011637451
4428,0.006638638
4429,0.012699463
4430,0.014167395
4431,0.0070388773
4432,0.078943335
4433,0.035433814
4434,0.045929797
4435,0.0049845725
4436,0.005205292
4437,0.017256636
4438,0.060891632
4439,0.012005165
4440,0.04308404
4441,0.004776244
4442,0.008643248
4443,0.023379207
4444,0.027451225
4445,0.013632023
4446,0.009630018
4447,0.008646158
4448,0.062271796
4449,0.088296086
4450,0.048726983
4451,0.05569929
4452,0.10448675
4453,0.018896542
4454,0.0034801739
4455,0.004529255
4456,0.05501787
4457,0.0039666477
4458,0.05046712
4459,0.00984965
4460,0.08831233
4461,0.009577344
4462,0.021165857
4463,0.0026386327
4464,0.008647681
4465,0.009838492
4466,0.051650662
4467,0.0016801619
4468,0.0077577215
4469,0.066490546
4470,0.037171517
4471,0.0149437
4472,0.17834085
4473,0.028914751
4474,0.029557088
4475,0.0039957887
4476,0.012386116
4477,0.036417063
4478,0.0054492876
4479,0.020755926
4480,0.022508204
4481,0.030915026
4482,0.010314298
4483,0.012223304
4484,0.015950745
4485,0.028555222
4486,0.045560565
4487,0.08633135
4488,0.008835371
4489,0.05909553
4490,0.019284224
4491,0.026477635
4492,0.04463775
4493,0.0018992225
4494,0.03440021
4495,0.0429101
4496,0.046635136
4497,0.011506511
4498,0.030492155
4499,0.04492965
4500,0.03977072
4501,0.04826172
4502,0.108769946
4503,0.05228569
4504,0.042906307
4505,0.16717331
4506,0.03948038
4507,0.25453383
4508,0.090435036
4509,0.029734017
4510,0.05256738
4511,0.24583726
4512,0.05100351
4513,0.22365813
4514,0.09124193
4515,0.21725562
4516,0.05267461
4517,0.025826303
4518,0.0065701334
4519,0.025817668
4520,0.10470947
4521,0.012167166
4522,0.5558401
4523,0.11257259
4524,0.23332547
4525,0.023940748
4526,0.020936985
4527,0.02921094
4528,0.034591254
4529,0.030126495
4530,0.013763371
4531,0.045966536
4532,0.08744684
4533,0.3456402
4534,0.3557564
4535,0.0133233415
4536,0.03404532
4537,0.08045947
4538,0.18114588
4539,0.061442595
4540,0.057997316
4541,0.07996108
4542,0.078910775
4543,0.2799001
4544,0.11168387
4545,0.1901013
4546,0.35412395
4547,0.17699076
4548,0.23336066
4549,0.02571626
4550,0.2550399
4551,0.05297213
4552,0.04970964
4553,0.035565104
4554,0.06760471
4555,0.024507986
4556,0.09051032
4557,0.1537888
4558,0.021912599
4559,0.039881974
4560,0.033164844
4561,0.32131743
4562,0.024406143
4563,0.04434507
4564,0.07601747
4565,0.07841181
4566,0.028764999
4567,0.066080816
4568,0.12282531
4569,0.12693146
4570,0.04676362
4571,0.055830788
4572,0.28253028
4573,0.05526812
4574,0.20445825
4575,0.04625551
4576,0.023571676
4577,0.0015452892
4578,0.015421511
4579,0.35442686
4580,0.050803598
4581,0.005805787
4582,0.06054387
4583,0.43489358
4584,0.38957363
4585,0.005436801
4586,0.091880955
4587,0.047214583
4588,0.0059206462
4589,0.015784638
4590,0.040250473
4591,0.0022475836
4592,0.010221915
4593,0.06788913
4594,0.037061702
4595,0.26261508
4596,0.34255734
4597,0.016495196
4598,0.0053622597
4599,0.036428127
4600,0.0059692515
4601,0.008651095
4602,0.0030352701
4603,0.010459081
4604,0.16539624
4605,0.020054055
4606,0.05359121
4607,0.05395283
4608,0.024621995
4609,0.21475379
4610,0.54648066
4611,0.02404985
4612,0.017881632
4613,0.026908746
4614,0.065992355
4615,0.03982095
4616,0.032536715
4617,0.011444417
4618,0.010822999
4619,0.0888997
4620,0.24687412
4621,0.08822183
4622,0.10797215
4623,0.06333838
4624,0.025066672
4625,0.02852833
4626,0.027159043
4627,0.066126645
4628,0.034477
4629,0.040364716
4630,0.06687816
4631,0.007214429
4632,0.04076788
4633,0.033366002
4634,0.0064807953
4635,0.0039361306
4636,0.024515908
4637,0.032340106
4638,0.020950712
4639,0.059172783
4640,0.13733649
4641,0.17917798
4642,0.05636546
4643,0.042918652
4644,0.045772035
4645,0.10616082
4646,0.1268102
4647,0.028136207
4648,0.08182212
4649,0.044661477
4650,0.0066989525
4651,0.008936129
4652,0.11764311
4653,0.02834035
4654,0.034744684
4655,0.010174539
4656,0.07223129
4657,0.08491588
4658,0.09130846
4659,0.07555055
4660,0.10049681
4661,0.059057236
4662,0.031402256
4663,0.0071247257
4664,0.05234294
4665,0.043152172
4666,0.047338508
4667,0.014231581
4668,0.39104694
4669,0.07085872
4670,0.010956675
4671,0.083069794
4672,0.06351204
4673,0.038710278
4674,0.024346415
4675,0.005178915
4676,0.0086507555
4677,0.046417583
4678,0.011177207
4679,0.028449817
4680,0.01817282
4681,0.065840766
4682,0.047685333
4683,0.05856601
4684,0.050645098
4685,0.076849334
4686,0.092285626
4687,0.28808045
4688,0.03571495
4689,0.019895542
4690,0.048351575
4691,0.009649093
4692,0.06030167
4693,0.04012632
4694,0.026419004
4695,0.16154857
4696,0.05724948
4697,0.06408271
4698,0.06584263
4699,0.039935585
4700,0.015825875
4701,0.00837065
4702,0.122439034
4703,0.008645533
4704,0.044392556
4705,0.08764493
4706,0.03555325
4707,0.014182605
4708,0.03349527
4709,0.036766056
4710,0.019755762
4711,0.07851569
4712,0.1129326
4713,0.11904136
4714,0.14594902
4715,0.0575936
4716,0.084511906
4717,0.013182364
4718,0.1264299
4719,0.00542471
4720,0.052744363
4721,0.05557113
4722,0.07998632
4723,0.010870302
4724,0.04600065
4725,0.07644914
4726,0.03168073
4727,0.007762354
4728,0.063693605
4729,0.10799479
4730,0.029803148
4731,0.06746119
4732,0.006721861
4733,0.0054337066
4734,0.04210777
4735,0.04816211
4736,0.024774678
4737,0.025468148
4738,0.037463456
4739,0.06603719
4740,0.111411825
4741,0.2694417
4742,0.096592665
4743,0.11773305
4744,0.07830374
4745,0.084851876
4746,0.069155104
4747,0.113379635
4748,0.038395643
4749,0.009633316
4750,0.022552444
4751,0.2723049
4752,0.039565116
4753,0.11797458
4754,0.07654267
4755,0.11892786
4756,0.009904899
4757,0.016538756
4758,0.00865244
4759,0.024437644
4760,0.019795712
4761,0.015961025
4762,0.11347123
4763,0.037814323
4764,0.028916474
4765,0.09573097
4766,0.38386452
4767,0.0646331
4768,0.122309215
4769,0.042567924
4770,0.26329112
4771,0.19338931
4772,0.110122696
4773,0.08421037
4774,0.0044728694
4775,0.11749849
4776,0.1744353
4777,0.050902974
4778,0.2694165
4779,0.14266832
4780,0.1230873
4781,0.009422343
4782,0.03886893
4783,0.025525834
4784,0.07963819
4785,0.017593885
4786,0.09678506
4787,0.11587583
4788,0.06748498
4789,0.041669946
4790,0.013511081
4791,0.08354213
4792,0.21451326
4793,0.24751666
4794,0.07883693
4795,0.08644778
4796,0.008969851
4797,0.008931108
4798,0.024565712
4799,0.42193082
4800,0.051127676
4801,0.014877559
4802,0.27607933
4803,0.19949408
4804,0.0015355108
4805,0.045466833
4806,0.03562234
4807,0.05934422
4808,0.10932037
4809,0.1640092
4810,0.028573982
4811,0.06848866
4812,0.15257502
4813,0.12151285
4814,0.17087923
4815,0.18503225
4816,0.23120303
4817,0.08685803
4818,0.055570833
4819,0.11086659
4820,0.042541277
4821,0.22512695
4822,0.88932025
4823,0.09164094
4824,0.090389155
4825,0.2846449
4826,0.01270212
4827,0.026538178
4828,0.21049197
4829,0.010724543
4830,0.018856633
4831,0.02989193
4832,0.090871155
4833,0.011819699
4834,0.13527822
4835,0.20469487
4836,0.021393357
4837,0.09832227
4838,0.16800149
4839,0.14250429
4840,0.17426607
4841,0.28404814
4842,0.23710348
4843,0.18914363
4844,0.104202904
4845,0.17497127
4846,0.608579
4847,0.31581494
4848,0.34592682
4849,0.0058156326
4850,0.05423096
4851,0.13944647
4852,0.003060219
4853,0.008921939
4854,0.011169819
4855,0.019939408
4856,0.059965067
4857,0.007033406
4858,0.030930692
4859,0.042003397
4860,0.07361012
4861,0.08812116
4862,0.08820336
4863,0.1122125
4864,0.17015585
4865,0.11038443
4866,0.029631574
4867,0.093909495
4868,0.17852305
4869,0.016528275
4870,0.10632134
4871,0.95376074
4872,0.95649683
4873,0.41691926
4874,0.005432433
4875,0.0189642
4876,0.089479946
4877,0.23242322
4878,0.074700266
4879,0.07096364
4880,0.0029870248
4881,0.09553968
4882,0.0869182
4883,0.027473556
4884,0.007857479
4885,0.13081542
4886,0.013243458
4887,0.04613949
4888,0.101117596
4889,0.08563716
4890,0.023070492
4891,0.044818804
4892,0.12020175
4893,0.027589994
4894,0.019828742
4895,0.121207245
4896,0.06462469
4897,0.09401586
4898,0.904365
4899,0.8489194
4900,0.48869735
4901,0.025243675
4902,0.056998402
4903,0.026686363
4904,0.007868673
4905,0.11192367
4906,0.0541773
4907,0.14253753
4908,0.043033198
4909,0.065944545
4910,0.025600689
4911,0.019765183
4912,0.10983635
4913,0.13721985
4914,0.1624794
4915,0.2981932
4916,0.22283192
4917,0.16877578
4918,0.121370755
4919,0.06620597
4920,0.0995253
4921,0.104177855
4922,0.029036382
4923,0.043836787
4924,0.22161734
4925,0.1282606
4926,0.117768526
4927,0.09068317
4928,0.014581419
4929,0.8477736
4930,0.9992347
4931,0.9947662
4932,0.011931138
4933,0.06448074
4934,0.12516963
4935,0.20771386
4936,0.007964784
4937,0.020902617
4938,0.018964637
4939,0.022490479
4940,0.14189325
4941,0.01796548
4942,0.26229757
4943,0.49477994
4944,0.10398053
4945,0.07362246
4946,0.06530781
4947,0.15244387
4948,0.07388687
4949,0.12785831
4950,0.12425631
4951,0.035149228
4952,0.15833151
4953,0.10516733
4954,0.13296323
4955,0.010384929
4956,0.021514568
4957,0.4202512
4958,0.35532594
4959,0.22241428
4960,0.08546614
4961,0.061913505
4962,0.07090418
4963,0.009409298
4964,0.07294339
4965,0.20945731
4966,0.017783228
4967,0.001400237
4968,0.03868742
4969,0.010749575
4970,0.031986516
4971,0.029655099
4972,0.03529638
4973,0.24035168
4974,0.49482024
4975,0.2467845
4976,0.23231345
4977,0.135645
4978,0.19915742
4979,0.16389203
4980,0.3521939
4981,0.10550775
4982,0.026700743
4983,0.040319193
4984,0.041473698
4985,0.15221776
4986,0.14714131
4987,0.08485467
4988,0.26271755
4989,0.23791106
4990,0.18917556
4991,1.0
4992,0.17462064
4993,0.021267071
4994,0.071735024
4995,0.18041182
4996,0.060516085
4997,0.035735298
4998,0.07182529
4999,0.05096667
5000,0.04765233
5001,0.07766629
5002,0.048366714
5003,0.09744844
5004,0.25340667
5005,0.2153126
5006,0.42336276
5007,0.22156274
5008,0.12710732
5009,0.13740492
5010,0.20473257
5011,0.039420605
5012,0.15513499
5013,0.05440256
5014,0.042660158
5015,0.22211933
5016,0.18282956
5017,0.0568517
5018,0.552011
5019,0.20346233
5020,0.058970768
5021,0.08168244
5022,0.09323007
5023,0.04595242
5024,0.019940376
5025,0.013204743
5026,0.056459993
5027,0.0729657
5028,0.07002316
5029,0.074383
5030,0.15116955
5031,0.21043421
5032,0.7416396
5033,0.327965
5034,0.22458047
5035,0.38757262
5036,0.110596314
5037,0.04080503
5038,0.06744065
5039,0.10516858
5040,0.14270863
5041,0.21859738
5042,0.0373664
5043,0.023362724
5044,0.08485464
5045,0.10638017
5046,0.015908511
5047,0.04252369
5048,0.07923904
5049,0.0017924993
5050,0.02472501
5051,0.0039536324
5052,0.0037309283
5053,0.024812568
5054,0.052884255
5055,0.08269903
5056,0.112764776
5057,0.17007428
5058,0.21597333
5059,0.12576123
5060,0.37328905
5061,0.45999897
5062,0.24894667
5063,0.069658116
5064,0.0047809915
5065,0.023953633
5066,0.013125544
5067,0.034023933
5068,0.1227522
5069,0.008654823
5070,0.026646165
5071,0.48919156
5072,0.058028337
5073,0.015907839
5074,0.0200618
5075,0.011544237
5076,0.05590408
5077,0.003540208
5078,0.039757766
5079,0.026014348
5080,0.012356576
5081,0.012802492
5082,0.033645444
5083,0.099537164
5084,0.11717775
5085,0.357738
5086,0.26839903
5087,0.084075585
5088,0.61582065
5089,0.24586254
5090,0.27602226
5091,0.08965308
5092,0.019039745
5093,0.053455036
5094,0.07203602
5095,0.059675403
5096,0.07625651
5097,0.35414088
5098,0.060989603
5099,0.19525604
5100,0.021229772
5101,0.08176381
5102,0.07684578
5103,0.09407808
5104,0.24481139
5105,0.01654697
5106,0.03384659
5107,0.010908581
5108,0.08070521
5109,0.161235
5110,0.43574497
5111,0.23854113
5112,0.26750508
5113,0.14511782
5114,0.26320395
5115,0.15784842
5116,0.01623265
5117,0.0020005896
5118,0.01333226
5119,0.019714747
5120,0.01764124
5121,0.00054246635
5122,0.13538718
5123,0.16774006
5124,0.04122848
5125,0.20476548
5126,0.056687884
5127,0.031434588
5128,0.20880502
5129,0.08131026
5130,0.015753899
5131,0.016537288
5132,0.1586192
5133,0.09771374
5134,0.025092077
5135,0.09580679
5136,0.17322561
5137,0.07210507
5138,0.06411041
5139,0.019872172
5140,0.054437224
5141,0.040247757
5142,0.017441984
5143,0.08202969
5144,0.11102964
5145,0.060047183
5146,0.02845999
5147,0.007867087
5148,0.1393039
5149,0.008466549
5150,0.0144362915
5151,0.04732864
5152,0.08063634
5153,0.049106654
5154,0.18621282
5155,0.034034
5156,0.024984607
5157,0.0063267266
5158,0.03719812
5159,0.15562204
5160,0.32432058
5161,0.28640565
5162,0.0248773
5163,0.02152353
5164,0.017531158
5165,0.10389778
5166,0.12698773
5167,0.010928184
5168,0.009258527
5169,0.012777873
5170,0.05318013
5171,0.0005635886
5172,0.00892043
5173,0.11117116
5174,0.085416
5175,0.264516
5176,0.056921903
5177,0.019944422
5178,0.006385531
5179,0.07886004
5180,0.130578
5181,0.26681444
5182,0.017471028
5183,0.010802497
5184,0.087722816
5185,0.0068781557
5186,0.013729998
5187,0.12925765
5188,0.09996602
5189,0.03577799
5190,0.013721713
5191,0.2189153
5192,0.031261154
5193,0.007847273
5194,0.026939739
5195,0.14267017
5196,0.0667226
5197,0.011482997
5198,0.019828698
5199,0.022419745
5200,0.082070105
5201,0.18837602
5202,0.018413045
5203,0.0048456625
5204,0.02434737
5205,0.032440986
5206,0.038030438
5207,0.14122662
5208,0.062088884
5209,0.18542463
5210,0.07087389
5211,0.008683617
5212,0.078740396
5213,0.056186974
5214,0.0063230395
5215,0.119518146
5216,0.09164063
5217,0.0148795815
5218,0.07211951
5219,0.02375892
5220,0.08089342
5221,0.07281751
5222,0.000885476
5223,0.005242164
5224,0.21662849
5225,0.29171702
5226,0.0785233
5227,0.040855505
5228,0.013759066
5229,0.10206915
5230,0.0110737085
5231,0.0063429237
5232,0.09818785
5233,0.08244198
5234,0.045411702
5235,0.6432683
5236,0.0387155
5237,0.06422866
5238,0.0030906776
5239,0.04953579
5240,0.027350312
5241,0.019900735
5242,0.0011659756
5243,0.21556611
5244,0.39433712
5245,0.052190438
5246,0.17348821
5247,0.03784934
5248,0.0060281325
5249,0.03876431
5250,0.10124833
5251,0.022546133
5252,0.004983196
5253,0.037939902
5254,0.02138905
5255,0.0008479093
5256,0.02732348
5257,0.029394392
5258,0.01664343
5259,0.07239573
5260,0.03025227
5261,0.013767588
5262,0.027280733
5263,0.06962346
5264,0.103857055
5265,0.031237695
5266,0.07401593
5267,0.49000427
5268,0.060195047
5269,0.105405964
5270,0.085000336
5271,0.05550821
5272,0.018635161
5273,0.2747417
5274,0.016292784
5275,0.015731191
5276,0.06939099
5277,0.12606396
5278,0.034432802
5279,0.085496075
5280,0.026765041
5281,0.054494753
5282,0.051612712
5283,0.24119483
5284,0.030487126
5285,0.0047804187
5286,0.019195981
5287,0.031029956
5288,0.0779662
5289,0.004977325
5290,0.036837958
5291,0.11197513
5292,0.06937638
5293,0.012802179
5294,0.032842804
5295,0.034763943
5296,0.040420856
5297,0.075820096
5298,0.071146205
5299,0.09807614
5300,0.031924542
5301,0.045787074
5302,0.0089502875
5303,0.02844121
5304,0.22120419
5305,0.14912944
5306,0.0065200883
5307,0.06623001
5308,0.008458965
5309,0.009640802
5310,0.031524558
5311,0.025466818
5312,0.025943624
5313,0.009633072
5314,0.008653951
5315,0.020630315
5316,0.017618546
5317,0.0050647315
5318,0.02804122
5319,0.064620614
5320,0.12275005
5321,0.004532234
5322,0.09167413
5323,0.009447781
5324,0.14196806
5325,0.00033937802
5326,0.21527001
5327,0.010896933
5328,0.010119602
5329,0.04080158
5330,0.012154514
5331,0.015745688
5332,0.03071178
5333,0.028175913
5334,0.014838736
5335,0.0007380181
5336,0.014168465
5337,0.063291
5338,0.000983816
5339,0.035412237
5340,0.031193096
5341,0.01437824
5342,0.0029872525
5343,0.096354656
5344,0.024932846
5345,0.024551501
5346,0.03334465
5347,0.016516738
5348,0.06486623
5349,0.009630097
5350,0.008646261
5351,0.11852171
5352,0.049498893
5353,0.03016244
5354,0.034773134
5355,0.012225357
5356,0.16548415
5357,0.022417752
5358,0.0070327073
5359,0.098868385
5360,0.0042385813
5361,0.034695927
5362,0.12709908
5363,0.03946058
5364,0.011022868
5365,0.01977639
5366,0.023342768
5367,0.01307204
5368,0.011096447
5369,0.010288982
5370,0.00043058966
5371,0.037446942
5372,0.0028535004
5373,0.0022309388
5374,0.029528832
5375,0.08524682
5376,0.03147341
5377,0.011771138
5378,0.00594035
5379,0.07521963
5380,0.030803116
5381,0.014974573
5382,0.0497867
5383,0.051543374
5384,0.01488867
5385,0.009642984
5386,0.022332788
5387,0.03745127
5388,0.020918317
5389,0.0045218077
5390,0.015950281
5391,0.033472463
5392,0.07228794
5393,0.10219841
5394,0.0036826571
5395,0.05834159
5396,0.010951052
5397,0.019283734
5398,0.012226375
5399,0.019713461
5400,0.04650902
5401,0.02351558
5402,0.042907823
5403,0.08706159
5404,0.011508903
5405,0.068059035
5406,0.04255836
5407,0.007946253
5408,0.12381506
5409,0.024134897
5410,0.023764567
5411,0.04290592
5412,0.09209
5413,0.24121545
5414,0.07124827
5415,0.0052283276
5416,0.043585405
5417,0.22115278
5418,0.1047786
5419,0.293787
5420,0.0059499317
5421,0.22219732
5422,0.034575384
5423,0.0346184
5424,0.013735137
5425,0.010508175
5426,0.014741701
5427,0.011180052
5428,0.18781567
5429,0.04278493
5430,0.6329266
5431,0.11098105
5432,0.020506443
5433,0.16722222
5434,0.033782918
5435,0.026601968
5436,0.02127059
5437,0.018813131
5438,0.041531738
5439,0.022972224
5440,0.08934525
5441,0.048878945
5442,0.39088938
5443,0.45593825
5444,0.06435074
5445,0.19798999
5446,0.21918845
5447,0.008118515
5448,0.0028526264
5449,0.08357527
5450,0.038743522
5451,0.040081143
5452,0.0022443365
5453,0.44433975
5454,0.06733055
5455,0.22200608
5456,0.44742256
5457,0.07003845
5458,0.0059993993
5459,0.31036872
5460,0.062362522
5461,0.2381922
5462,0.05942291
5463,0.039660938
5464,0.045362342
5465,0.013317885
5466,0.085008875
5467,0.047146693
5468,0.034367397
5469,0.14539655
5470,0.29984224
5471,0.009320612
5472,0.023474237
5473,0.035137136
5474,0.05788844
5475,0.07060642
5476,0.0011975658
5477,0.04905621
5478,0.089014895
5479,0.13256995
5480,0.03758867
5481,0.0234146
5482,0.22423656
5483,0.048550967
5484,0.18174736
5485,0.018595772
5486,0.031953957
5487,0.023572903
5488,0.015422579
5489,0.015863921
5490,0.3740385
5491,0.014194671
5492,0.24379744
5493,0.41697916
5494,0.0054378696
5495,0.051006187
5496,0.038423225
5497,0.014119605
5498,0.030011114
5499,0.0020218783
5500,0.018018268
5501,0.0022479414
5502,0.09062678
5503,0.082412355
5504,0.09161868
5505,0.21951845
5506,0.30722457
5507,0.016494581
5508,0.014382566
5509,0.03441364
5510,0.008650585
5511,0.0046856855
5512,0.026725665
5513,0.030672716
5514,0.15516023
5515,0.029880645
5516,0.05643302
5517,0.010278825
5518,0.054131977
5519,0.010918418
5520,0.27304175
5521,0.64074326
5522,0.015483422
5523,0.01788222
5524,0.02764353
5525,0.012590078
5526,0.009371198
5527,0.014415101
5528,0.0114441365
5529,0.0029085341
5530,0.13774887
5531,0.24685572
5532,0.11098784
5533,0.13155322
5534,0.13086645
5535,0.033215217
5536,0.039827373
5537,0.03154585
5538,0.04721991
5539,0.019084258
5540,0.024813963
5541,0.0654229
5542,0.014061209
5543,0.02452038
5544,0.014045005
5545,0.0049338243
5546,0.016522225
5547,0.019080432
5548,0.03484752
5549,0.022485144
5550,0.020951204
5551,0.07208238
5552,0.09788607
5553,0.119262405
5554,0.02771591
5555,0.032562997
5556,0.02406502
5557,0.11226814
5558,0.115626045
5559,0.015381605
5560,0.089264184
5561,0.019777024
5562,0.008936461
5563,0.06666204
5564,0.011949781
5565,0.028232647
5566,0.02571306
5567,0.06291551
5568,0.05238155
5569,0.09301237
5570,0.07809226
5571,0.09223968
5572,0.036918107
5573,0.031402715
5574,0.014680824
5575,0.056886233
5576,0.072873026
5577,0.080383666
5578,0.047088772
5579,0.3422629
5580,0.08052754
5581,0.17043677
5582,0.0629591
5583,0.09830739
5584,0.0178616
5585,0.0021774003
5586,0.008925057
5587,0.0077334084
5588,0.062086344
5589,0.031638104
5590,0.0030301975
5591,0.030015638
5592,0.019100752
5593,0.10515886
5594,0.052232727
5595,0.058555022
5596,0.05205266
5597,0.07878508
5598,0.09707667
5599,0.26483464
5600,0.025564976
5601,0.029680552
5602,0.05955053
5603,0.026744409
5604,0.048350696
5605,0.025101703
5606,0.046583153
5607,0.13122378
5608,0.020952627
5609,0.13791464
5610,0.055064492
5611,0.07860931
5612,0.032541692
5613,0.015866201
5614,0.13689132
5615,0.0020146
5616,0.015406075
5617,0.1272808
5618,0.042786434
5619,0.009402969
5620,0.0061375448
5621,0.055894602
5622,0.042342022
5623,0.053534567
5624,0.088156275
5625,0.08577691
5626,0.1252991
5627,0.04973637
5628,0.056451336
5629,0.025165724
5630,0.06803195
5631,0.0118517345
5632,0.029219778
5633,0.06902741
5634,0.055757232
5635,0.029795159
5636,0.0030641581
5637,0.029634075
5638,0.020406984
5639,0.10784635
5640,0.13334394
5641,0.06201593
5642,0.0067230877
5643,0.011252931
5644,0.02724819
5645,0.053470068
5646,0.04736841
5647,0.0641512
5648,0.06096957
5649,0.111360826
5650,0.31726047
5651,0.09819414
5652,0.10084887
5653,0.033544928
5654,0.06243763
5655,0.08362243
5656,0.12801109
5657,0.06843029
5658,0.008923355
5659,0.014325717
5660,0.31922942
5661,0.066366315
5662,0.09213928
5663,0.06368745
5664,0.090125345
5665,0.018138118
5666,0.017435487
5667,0.008652773
5668,0.03347405
5669,0.010974775
5670,0.030469384
5671,0.14097634
5672,0.03781288
5673,0.028602676
5674,0.08659414
5675,0.40421018
5676,0.05615936
5677,0.013332744
5678,0.11108308
5679,0.057715904
5680,0.18051617
5681,0.16024907
5682,0.092269085
5683,0.00944924
5684,0.01513654
5685,0.09302566
5686,0.17404859
5687,0.043012507
5688,0.20944071
5689,0.12951763
5690,0.08255333
5691,0.0015318046
5692,0.027332645
5693,0.015966346
5694,0.061046325
5695,0.03328121
5696,0.10676685
5697,0.096048035
5698,0.06819854
5699,0.13370799
5700,0.028392175
5701,0.06884751
5702,0.19918749
5703,0.21978271
5704,0.088617735
5705,0.01922354
5706,0.015333621
5707,0.030236473
5708,0.4632488
5709,0.041715477
5710,0.0054884464
5711,0.25751537
5712,0.2374907
5713,0.013181922
5714,0.012155487
5715,0.020788884
5716,0.051799107
5717,0.15772401
5718,0.11736854
5719,0.044564776
5720,0.0448854
5721,0.14914328
5722,0.19320604
5723,0.16416363
5724,0.16728106
5725,0.23823178
5726,0.07972629
5727,0.022287931
5728,0.112583674
5729,0.016846012
5730,0.32046843
5731,0.9128535
5732,0.09163457
5733,0.053029373
5734,0.3268598
5735,0.00039554993
5736,0.056316283
5737,0.16050626
5738,0.026787989
5739,0.039187342
5740,0.05381275
5741,0.018992791
5742,0.09989913
5743,0.00047520633
5744,0.16090232
5745,0.045703888
5746,0.078724355
5747,0.1525011
5748,0.11451027
5749,0.17794742
5750,0.28430706
5751,0.22068356
5752,0.023449492
5753,0.19000214
5754,0.13695152
5755,0.19841707
5756,0.7187531
5757,0.3060313
5758,0.35843134
5759,0.04776761
5760,0.14938821
5761,0.020764625
5762,0.007790728
5763,0.008921326
5764,0.011171147
5765,0.01746615
5766,0.0016709209
5767,0.07869032
5768,0.0071971817
5769,0.007032794
5770,0.030932022
5771,0.046996776
5772,0.06291072
5773,0.10423443
5774,0.13293174
5775,0.10552767
5776,0.16975154
5777,0.106834136
5778,0.026273655
5779,0.1140522
5780,0.19638138
5781,0.13933235
5782,0.9491611
5783,0.9737187
5784,0.39102688
5785,0.0054337364
5786,0.0062085595
5787,0.059255365
5788,0.04814579
5789,0.23243478
5790,0.05940734
5791,0.061065517
5792,0.008110842
5793,0.03890707
5794,0.084794
5795,0.024286386
5796,0.007857837
5797,0.123845376
5798,0.013244659
5799,0.010138708
5800,0.112826325
5801,0.10138091
5802,0.04427019
5803,0.0541233
5804,0.13617043
5805,0.055399965
5806,0.03547482
5807,0.076718554
5808,0.095039494
5809,0.064696856
5810,0.9322885
5811,0.8658727
5812,0.4948686
5813,0.012242148
5814,0.051572192
5815,0.027364625
5816,0.115903944
5817,0.122918926
5818,0.22132885
5819,0.114092
5820,0.01074904
5821,0.045319416
5822,0.12656173
5823,0.15557675
5824,0.14783078
5825,0.31035542
5826,0.22224128
5827,0.14305104
5828,0.11441084
5829,0.06617166
5830,0.0885639
5831,0.09561235
5832,0.040631313
5833,0.052345596
5834,0.2576637
5835,0.14397183
5836,0.0805585
5837,0.06681592
5838,0.039385296
5839,0.8968098
5840,1.0
5841,0.9912503
5842,0.0069648144
5843,0.03942655
5844,0.18309428
5845,0.1229341
5846,0.046619676
5847,0.03977248
5848,0.018964661
5849,0.026607092
5850,0.10323713
5851,0.018060258
5852,0.29938367
5853,0.48633534
5854,0.08409954
5855,0.07939089
5856,0.062252387
5857,0.15195289
5858,0.08272239
5859,0.14882743
5860,0.08508509
5861,0.013956081
5862,0.1371685
5863,0.08944687
5864,0.09905119
5865,0.037575006
5866,0.36670852
5867,0.3665785
5868,0.22018945
5869,0.09008912
5870,0.048540074
5871,0.09209558
5872,0.07929062
5873,0.18972175
5874,0.030461732
5875,0.052393258
5876,0.026536468
5877,0.00045749647
5878,0.026486684
5879,0.026658395
5880,0.025079705
5881,0.22065037
5882,0.53553456
5883,0.29601553
5884,0.21998201
5885,0.14970975
5886,0.21776012
5887,0.19114105
5888,0.3734999
5889,0.09157962
5890,0.0024227938
5891,0.06959618
5892,0.029545395
5893,0.13686025
5894,0.21769375
5895,0.09172255
5896,0.23992817
5897,0.23805833
5898,0.13703139
5899,1.0
5900,0.11242037
5901,0.018127192
5902,0.10119455
5903,0.16969459
5904,0.0080468925
5905,0.049562395
5906,0.037960716
5907,0.042375285
5908,0.06845579
5909,0.07567612
5910,0.045253813
5911,0.10749535
5912,0.258346
5913,0.24603336
5914,0.4254986
5915,0.2819293
5916,0.14656174
5917,0.13068677
5918,0.21756914
5919,0.14399804
5920,0.068513915
5921,0.015506589
5922,0.2768837
5923,0.26703984
5924,0.07028806
5925,0.4595156
5926,0.24888626
5927,0.04045771
5928,0.065779455
5929,0.12513554
5930,0.05074457
5931,0.02104693
5932,0.045322344
5933,0.046612196
5934,0.072944246
5935,0.10789568
5936,0.057374943
5937,0.12464894
5938,0.25406015
5939,0.9197414
5940,0.3526427
5941,0.26676035
5942,0.49033913
5943,0.12699282
5944,0.10073046
5945,0.07968716
5946,0.19308208
5947,0.19269998
5948,0.07635928
5949,0.023364054
5950,0.004003275
5951,0.074782796
5952,0.12459169
5953,0.001944346
5954,0.0623039
5955,0.064071015
5956,0.043693483
5957,0.03860884
5958,0.029644419
5959,0.013174828
5960,0.021579387
5961,0.041748974
5962,0.044683646
5963,0.04735311
5964,0.1814386
5965,0.20609765
5966,0.13955575
5967,0.422664
5968,0.49515158
5969,0.24657449
5970,0.12716702
5971,0.0042722747
5972,0.013371526
5973,0.0061819204
5974,0.0516045
5975,0.114407666
5976,0.008655078
5977,0.00062373176
5978,0.45500076
5979,0.013703591
5980,0.015908148
5981,0.039734375
5982,0.04237145
5983,0.13257435
5984,0.0021334926
5985,0.084056884
5986,0.016457943
5987,0.022619871
5988,0.0037517457
5989,0.025906788
5990,0.034888778
5991,0.08702163
5992,0.100772776
5993,0.27755675
5994,0.27067727
5995,0.07337322
5996,0.62324584
5997,0.2622048
5998,0.29467535
5999,0.15709329
6000,0.06516758
6001,0.028101528
6002,0.04167145
6003,0.0073710466
6004,0.04605547
6005,0.044417873
6006,0.034310777
6007,0.33706814
6008,0.09923324
6009,0.24628882
6010,0.01761077
6011,0.09553489
6012,0.07898766
6013,0.08062352
6014,0.22085068
6015,0.0020609668
6016,0.025677877
6017,0.07164212
6018,0.1641067
6019,0.4595791
6020,0.2213592
6021,0.24308401
6022,0.09510353
6023,0.23163514
6024,0.14159279
6025,0.020521399
6026,0.038716577
6027,0.030311335
6028,0.17444208
6029,0.111196995
6030,0.024704147
6031,0.16353504
6032,0.020016445
6033,0.056323964
6034,0.18092573
6035,0.073059745
6036,0.007032255
6037,0.11948186
6038,0.118742034
6039,0.010902048
6040,0.00073345995
6041,0.10984324
6042,0.19799733
6043,0.08083898
6044,0.064605
6045,0.0017518699
6046,0.06037691
6047,0.066501044
6048,0.016571797
6049,0.13130121
6050,0.07610724
6051,0.034240674
6052,0.02890801
6053,0.005246887
6054,0.16606452
6055,0.008466064
6056,0.014437594
6057,0.06319161
6058,0.05552905
6059,0.052972313
6060,0.18979178
6061,0.006022038
6062,0.02836691
6063,0.008116812
6064,0.060000516
6065,0.18547127
6066,0.30568725
6067,0.28031528
6068,0.031355202
6069,0.019028056
6070,0.021522969
6071,0.08605321
6072,0.0069884793
6073,0.054478023
6074,0.16360876
6075,0.0050351107
6076,0.0272313
6077,0.0047999816
6078,0.005366535
6079,0.017466355
6080,0.08924364
6081,0.08726051
6082,0.24269256
6083,0.060062405
6084,0.02860933
6085,0.021531
6086,0.05422612
6087,0.083663
6088,0.24191688
6089,0.012969023
6090,0.08754091
6091,0.013296696
6092,0.01414225
6093,0.14456971
6094,0.12741274
6095,0.09086307
6096,0.024872096
6097,0.010296805
6098,0.2627425
6099,0.031257413
6100,0.012808911
6101,0.03180383
6102,0.18160942
6103,0.03711658
6104,0.03075053
6105,0.026401255
6106,0.013242747
6107,0.08521495
6108,0.14490592
6109,0.036726564
6110,0.003765611
6111,0.0201861
6112,0.012312133
6113,0.06674551
6114,0.03674336
6115,0.14031373
6116,0.023718633
6117,0.19112459
6118,0.14212574
6119,0.011523416
6120,0.07285354
6121,0.02983933
6122,0.0012344657
6123,0.19325365
6124,0.038649432
6125,0.00870081
6126,0.07407031
6127,0.033001203
6128,0.0063280025
6129,0.002986875
6130,0.21695626
6131,0.28573263
6132,0.08620544
6133,0.03275066
6134,0.115842976
6135,0.02023631
6136,0.020818498
6137,0.06848258
6138,0.049723223
6139,0.099012546
6140,0.745473
6141,0.055873502
6142,0.010710116
6143,0.0736395
6144,0.015831774
6145,0.027512003
6146,0.021491617
6147,0.13020264
6148,0.35710382
6149,0.106143855
6150,0.08153306
6151,0.0034619991
6152,0.02242981
6153,0.037621822
6154,0.09305186
6155,0.03419995
6156,0.024246998
6157,0.05938304
6158,0.022374779
6159,0.024045475
6160,0.017553028
6161,0.0378598
6162,0.025257802
6163,0.059713952
6164,0.030251656
6165,0.01169077
6166,0.00045789796
6167,0.03188434
6168,0.052214984
6169,0.10988565
6170,0.012366045
6171,0.029839251
6172,0.45808786
6173,0.022595322
6174,0.092769615
6175,0.056377597
6176,0.043029096
6177,0.020202613
6178,0.26942238
6179,0.018815745
6180,0.008650059
6181,0.007038444
6182,0.005433295
6183,0.030470887
6184,0.092584185
6185,0.019902475
6186,0.010142252
6187,0.08540823
6188,0.002327835
6189,0.024542226
6190,0.19418283
6191,0.08510291
6192,0.012300843
6193,0.019196313
6194,0.028024722
6195,0.0698996
6196,0.008467485
6197,0.03477247
6198,0.13845159
6199,0.11621841
6200,0.012802562
6201,0.042171557
6202,0.04603254
6203,0.05530003
6204,0.0707689
6205,0.08483341
6206,0.0650027
6207,0.026250351
6208,0.07779499
6209,0.014730442
6210,0.073382005
6211,0.22316101
6212,0.14591293
6213,0.07783143
6214,0.009622818
6215,0.01959149
6216,0.025622483
6217,0.020231562
6218,0.017443702
6219,0.0012368177
6220,0.015781501
6221,0.008653363
6222,0.010325925
6223,0.005808977
6224,0.026370514
6225,0.10787072
6226,0.16768205
6227,0.004532827
6228,0.091658495
6229,0.11578975
6230,0.007866959
6231,0.19394231
6232,0.00845055
6233,0.050733857
6234,0.013124407
6235,0.015228156
6236,0.022401761
6237,0.014777283
6238,0.027448788
6239,0.032234263
6240,0.014167852
6241,0.05800942
6242,0.025508253
6243,0.03541327
6244,0.013187928
6245,0.012418605
6246,0.014378598
6247,0.006330882
6248,0.04176141
6249,0.05977035
6250,0.027269382
6251,0.032993685
6252,0.016354084
6253,0.003998684
6254,0.008643607
6255,0.01874079
6256,0.010284172
6257,0.010912559
6258,0.03736465
6259,0.040039174
6260,0.0030313889
6261,0.012303383
6262,0.0756286
6263,0.038619183
6264,0.09449435
6265,0.057987183
6266,0.012224769
6267,0.2069588
6268,0.0347695
6269,0.0045128916
6270,0.09055341
6271,0.015818093
6272,0.079803914
6273,0.13069929
6274,0.052108984
6275,0.010895694
6276,0.033026207
6277,0.02006293
6278,0.008130005
6279,0.03125576
6280,0.013331711
6281,0.018508652
6282,0.015228288
6283,0.0006379852
6284,0.00940626
6285,0.0025774
6286,0.011263584
6287,0.00033982514
6288,0.032615688
6289,0.064980626
6290,0.13801777
6291,0.0052341423
6292,0.037489787
6293,0.04510338
6294,0.06122528
6295,0.037034456
6296,0.014996142
6297,0.045505363
6298,0.010065628
6299,0.038528997
6300,0.010315729
6301,0.012224531
6302,0.03635684
6303,0.062710114
6304,0.0981345
6305,0.013276139
6306,0.05476426
6307,0.011977705
6308,0.034377508
6309,0.05249001
6310,0.04288846
6311,0.14484283
6312,0.011505224
6313,0.0058207093
6314,0.055535324
6315,0.032848917
6316,0.074285425
6317,0.058180053
6318,0.074883044
6319,0.008112059
6320,0.011895651
6321,0.022648802
6322,0.0750055
6323,0.07426008
6324,0.24052566
6325,0.1920868
6326,0.16510525
6327,0.32929456
6328,0.032479953
6329,0.369691
6330,0.083982214
6331,0.16805054
6332,0.046717644
6333,0.1847985
6334,0.013733426
6335,0.048570596
6336,0.004558096
6337,0.28242946
6338,0.009923499
6339,0.7629161
6340,0.1614609
6341,0.21863976
6342,0.06592323
6343,0.0075376555
6344,0.021264186
6345,0.04619675
6346,0.032084826
6347,0.012771977
6348,0.21495801
6349,0.12877472
6350,0.4991291
6351,0.5411717
6352,0.11454865
6353,0.092278965
6354,0.12319726
6355,0.25204408
6356,0.008116642
6357,0.007863601
6358,0.025238777
6359,0.054150864
6360,0.023123182
6361,0.01717319
6362,0.11394226
6363,0.03275937
6364,0.42179865
6365,0.14022136
6366,0.27349547
6367,0.5588359
6368,0.13503651
6369,0.01999898
6370,0.45483476
6371,0.045406114
6372,0.09085405
6373,0.21786721
6374,0.0642706
6375,0.09611772
6376,0.028513586
6377,0.05169906
6378,0.055447113
6379,0.07764223
6380,0.16486236
6381,0.037822295
6382,0.09821342
6383,0.35227647
6384,0.033058118
6385,0.018155498
6386,0.092559546
6387,0.024483029
6388,0.07405814
6389,0.028658077
6390,0.07065181
6391,0.09305972
6392,0.047974452
6393,0.042587347
6394,0.11873532
6395,0.35042268
6396,0.06845364
6397,0.023204701
6398,0.01215502
6399,0.0058787623
6400,0.0022493366
6401,0.0017246243
6402,0.3089788
6403,0.17148289
6404,0.06417753
6405,0.36881304
6406,0.4508581
6407,0.07653608
6408,0.02590618
6409,0.018868964
6410,0.009570808
6411,0.005941995
6412,0.047250945
6413,0.008114987
6414,0.026149552
6415,0.017569976
6416,0.1857674
6417,0.32548678
6418,0.30848762
6419,0.018576777
6420,0.09420414
6421,0.038272444
6422,0.008648673
6423,0.06398229
6424,0.0089794295
6425,0.22150494
6426,0.00922766
6427,0.028762292
6428,0.010278184
6429,0.0657902
6430,0.008927194
6431,0.30683604
6432,0.6375326
6433,0.007039702
6434,0.053401694
6435,0.010431072
6436,0.015041944
6437,0.01618289
6438,0.0035884196
6439,0.0037857376
6440,0.08271752
6441,0.2177657
6442,0.17116837
6443,0.0791771
6444,0.10967719
6445,0.006883457
6446,0.028411848
6447,0.038964055
6448,0.05206202
6449,0.046707153
6450,0.028107785
6451,0.059994448
6452,0.028038627
6453,0.005562784
6454,0.025112286
6455,0.014678386
6456,0.02674493
6457,0.011997124
6458,0.04549352
6459,0.0050203037
6460,0.09159903
6461,0.022475831
6462,0.04226608
6463,0.076477565
6464,0.15490146
6465,0.21833165
6466,0.04162905
6467,0.048314888
6468,0.07448552
6469,0.1522663
6470,0.053685892
6471,0.030719362
6472,0.053108413
6473,0.034822512
6474,0.014349573
6475,0.0014281193
6476,0.079346694
6477,0.03410282
6478,0.02849583
6479,0.027462974
6480,0.044670075
6481,0.078424014
6482,0.1144942
6483,0.1212643
6484,0.13803107
6485,0.041991476
6486,0.017821496
6487,0.012233423
6488,0.045614522
6489,0.044330478
6490,0.008935443
6491,0.0115952715
6492,0.06564597
6493,0.04246056
6494,0.42254543
6495,0.11830003
6496,0.063778795
6497,0.012360392
6498,0.15024774
6499,0.0122419335
6500,0.11315615
6501,0.030690929
6502,0.015805304
6503,0.0059382175
6504,0.03720158
6505,0.0035177309
6506,0.009430071
6507,0.021151206
6508,0.1159322
6509,0.06607072
6510,0.035138726
6511,0.079361714
6512,0.08519679
6513,0.11536879
6514,0.3134125
6515,0.040263664
6516,0.04429575
6517,0.06145831
6518,0.031569105
6519,0.07397981
6520,0.07424762
6521,0.07219874
6522,0.13299403
6523,0.02944968
6524,0.14016922
6525,0.07934896
6526,0.059991572
6527,0.033970375
6528,0.0029134466
6529,0.014027136
6530,0.14991157
6531,0.013125057
6532,0.03541389
6533,0.10639648
6534,0.04920904
6535,0.009842539
6536,0.024013685
6537,0.09432661
6538,0.03612076
6539,0.08260118
6540,0.105288595
6541,0.07456933
6542,0.18109143
6543,0.07627071
6544,0.09786928
6545,0.027117368
6546,0.10914908
6547,0.016881954
6548,0.037662797
6549,0.042124413
6550,0.08791393
6551,0.053152367
6552,0.0057459725
6553,0.055684734
6554,0.046461783
6555,0.06933779
6556,0.09523337
6557,0.04599838
6558,0.034426052
6559,0.0067229536
6560,0.0019627262
6561,0.05901813
6562,0.014367455
6563,0.05951891
6564,0.036840882
6565,0.03589869
6566,0.11091052
6567,0.3107546
6568,0.10192658
6569,0.13241696
6570,0.056434162
6571,0.09824147
6572,0.06910317
6573,0.08891414
6574,0.07937689
6575,0.002573362
6576,0.019977491
6577,0.30578867
6578,0.08798731
6579,0.10109834
6580,0.072063126
6581,0.10367527
6582,0.018132163
6583,0.018895686
6584,0.016959703
6585,0.17460944
6586,0.06507161
6587,0.056845263
6588,0.07956014
6589,0.38189596
6590,0.09206472
6591,0.00966041
6592,0.14351238
6593,0.043524634
6594,0.2033548
6595,0.17922908
6596,0.08500474
6597,0.034359388
6598,0.03518943
6599,0.15757953
6600,0.04962893
6601,0.13881624
6602,0.11664237
6603,0.008470828
6604,0.07288932
6605,0.0016936327
6606,0.020661956
6607,0.021680338
6608,0.07760592
6609,0.012780406
6610,0.11387968
6611,0.117388286
6612,0.0948376
6613,0.100028746
6614,0.020135727
6615,0.09111636
6616,0.19391103
6617,0.24735203
6618,0.105247155
6619,0.002023258
6620,0.030846046
6621,0.031194082
6622,0.017805431
6623,0.04504566
6624,0.4249321
6625,0.06164161
6626,0.031517684
6627,0.30806273
6628,0.237153
6629,0.016971456
6630,0.013689758
6631,0.003980305
6632,0.01976564
6633,0.027500428
6634,0.14750004
6635,0.15689686
6636,0.02459093
6637,0.052501153
6638,0.15358979
6639,0.16422206
6640,0.17776196
6641,0.17712048
6642,0.2680767
6643,0.06857727
6644,0.044618618
6645,0.039892226
6646,0.124917485
6647,0.040043015
6648,0.36676857
6649,0.95550966
6650,0.091550894
6651,0.02753211
6652,0.32554308
6653,0.0007121954
6654,0.039677147
6655,0.19768238
6656,0.015363362
6657,0.022247674
6658,0.049046695
6659,0.014952479
6660,0.04758732
6661,0.23424011
6662,0.039030883
6663,0.074944526
6664,0.18061078
6665,0.14631242
6666,0.23767558
6667,0.30558017
6668,0.22125383
6669,0.18526965
6670,0.17771131
6671,0.20559472
6672,0.71670264
6673,0.39371008
6674,0.39748573
6675,0.011527975
6676,0.026369657
6677,0.15867998
6678,0.0069924835
6679,0.0071413605
6680,0.013981388
6681,0.0029785708
6682,0.075697675
6683,0.007197912
6684,0.007033831
6685,0.031170702
6686,0.052149434
6687,0.07091258
6688,0.08801141
6689,0.119078994
6690,0.10584244
6691,0.21432438
6692,0.12710004
6693,0.05363941
6694,0.17064755
6695,0.1780214
6696,0.025148228
6697,0.09112047
6698,0.951406
6699,0.99175763
6700,0.39759928
6701,0.0054341923
6702,0.030857218
6703,0.015777433
6704,0.05057611
6705,0.22300206
6706,0.10101464
6707,0.017490268
6708,0.051587544
6709,0.010294973
6710,0.03538728
6711,0.064808294
6712,0.04002868
6713,0.007753291
6714,0.1917319
6715,0.013245242
6716,0.009866889
6717,0.077755615
6718,0.07664657
6719,0.07288377
6720,0.029467072
6721,0.13178831
6722,0.09745002
6723,0.0065215123
6724,0.04308243
6725,0.060157664
6726,0.12928294
6727,0.059216563
6728,0.93510616
6729,0.8986594
6730,0.54799867
6731,0.019612348
6732,0.052283663
6733,0.010589894
6734,0.17288893
6735,0.09708795
6736,0.1899856
6737,0.03217158
6738,0.102227286
6739,0.018235877
6740,0.091592476
6741,0.08032436
6742,0.16400865
6743,0.114087254
6744,0.3523214
6745,0.22623761
6746,0.119677134
6747,0.1130101
6748,0.076683834
6749,0.059961762
6750,0.124616735
6751,0.017675433
6752,0.036488082
6753,0.23593266
6754,0.1424533
6755,0.075748965
6756,0.0528171
6757,0.037578136
6758,0.8840186
6759,1.0
6760,1.0
6761,0.02953395
6762,0.041504964
6763,0.14528628
6764,0.011606093
6765,0.20431702
6766,0.004475428
6767,0.0078677
6768,0.012388442
6769,0.03537309
6770,0.022824021
6771,0.07451089
6772,0.024494283
6773,0.2902177
6774,0.5512459
6775,0.054223634
6776,0.105008736
6777,0.072195396
6778,0.16686085
6779,0.064092085
6780,0.19228588
6781,0.07117278
6782,0.04284563
6783,0.11814591
6784,0.14919896
6785,0.07913232
6786,0.020162536
6787,0.012912847
6788,0.35406688
6789,0.36747146
6790,0.2631501
6791,0.12320024
6792,0.024426626
6793,0.10370299
6794,0.02521072
6795,0.22133675
6796,0.04321079
6797,0.056614477
6798,0.012951487
6799,0.04206921
6800,0.02713811
6801,0.046274234
6802,0.17925708
6803,0.5022176
6804,0.24649748
6805,0.21707948
6806,0.111413196
6807,0.18487841
6808,0.20011579
6809,0.3955135
6810,0.12373433
6811,0.020947108
6812,0.048691034
6813,0.022739232
6814,0.14952433
6815,0.27952322
6816,0.050355
6817,0.33630392
6818,0.26322114
6819,0.19928227
6820,1.0
6821,0.10665431
6822,0.004250223
6823,0.099882
6824,0.13231352
6825,0.0127260005
6826,0.03741838
6827,0.05061453
6828,0.05793389
6829,0.08121846
6830,0.06788109
6831,0.060125865
6832,0.107177995
6833,0.21390171
6834,0.22056307
6835,0.42725754
6836,0.35681728
6837,0.13743983
6838,0.15266974
6839,0.21974494
6840,0.17799674
6841,0.09142433
6842,0.03190805
6843,0.32278976
6844,0.23157881
6845,0.06764807
6846,0.550755
6847,0.21301655
6848,0.003765844
6849,0.033021208
6850,0.04732015
6851,0.08255357
6852,0.065267935
6853,0.0015263135
6854,0.02162653
6855,0.01919874
6856,0.036026433
6857,0.10777056
6858,0.060103454
6859,0.09117156
6860,0.2629471
6861,0.91442424
6862,0.41646817
6863,0.26419488
6864,0.42206484
6865,0.13086143
6866,0.07147027
6867,0.06444819
6868,0.17782617
6869,0.2180865
6870,0.055674393
6871,0.023355305
6872,0.042355955
6873,0.09315808
6874,0.008991479
6875,0.024022227
6876,0.07926065
6877,0.012231075
6878,0.058654893
6879,0.032543655
6880,0.012204379
6881,0.037723105
6882,0.02208935
6883,0.031642746
6884,0.07006174
6885,0.20617397
6886,0.20634657
6887,0.13595246
6888,0.54090947
6889,0.50419766
6890,0.28966153
6891,0.10555019
6892,0.0058160373
6893,0.07139883
6894,0.0011330285
6895,0.045713667
6896,0.076140344
6897,0.01406638
6898,0.55985636
6899,0.05882211
6900,0.010192038
6901,0.02494787
6902,0.031776477
6903,0.10296552
6904,0.029001173
6905,0.019495627
6906,0.03963517
6907,0.004507668
6908,0.015760435
6909,0.019195361
6910,0.10404864
6911,0.07566557
6912,0.33174196
6913,0.27559316
6914,0.13343099
6915,0.56736535
6916,0.3162145
6917,0.3525946
6918,0.07010002
6919,0.03146333
6920,0.0425209
6921,0.01639453
6922,0.039484568
6923,0.046027575
6924,0.029625243
6925,0.06646752
6926,0.39156678
6927,0.11101762
6928,0.22198284
6929,0.021226672
6930,0.064563796
6931,0.06095133
6932,0.13257293
6933,0.21780947
6934,0.04180578
6935,0.030562824
6936,0.059953403
6937,0.17142305
6938,0.50180936
6939,0.24599181
6940,0.28753087
6941,0.13147627
6942,0.2844141
6943,0.15258963
6944,0.0448008
6945,0.008102529
6946,0.02236577
6947,0.038701274
6948,0.022822015
6949,0.1211365
6950,0.13690114
6951,0.015283943
6952,0.2643545
6953,0.02001309
6954,0.05466688
6955,0.20157553
6956,0.047926128
6957,0.0028685804
6958,0.002852252
6959,0.075109415
6960,0.12108809
6961,0.012158748
6962,0.113538064
6963,0.1935807
6964,0.06029176
6965,0.06649294
6966,0.00041850173
6967,0.05276212
6968,0.08775431
6969,0.0014470555
6970,0.1077388
6971,0.03265669
6972,0.022582227
6973,0.046869777
6974,0.007867837
6975,0.11233107
6976,0.0084663015
6977,0.061281823
6978,0.05650309
6979,0.040456507
6980,0.15551011
6981,0.019156128
6982,0.05548391
6983,0.00033819093
6984,0.07678334
6985,0.16100712
6986,0.3059909
6987,0.2797232
6988,0.04019709
6989,0.006477599
6990,0.021516256
6991,0.04138711
6992,0.012229617
6993,0.06592717
6994,0.1335123
6995,0.010928828
6996,0.028702054
6997,0.012777728
6998,0.02403771
6999,0.0065158852
7000,0.10381818
7001,0.090881355
7002,0.26175517
7003,0.032735724
7004,0.019120984
7005,0.054983098
7006,0.08865972
7007,0.22955209
7008,0.03788733
7009,0.039196245
7010,0.010800737
7011,0.08945689
7012,0.025038244
7013,0.0153804235
7014,0.11928813
7015,0.13159421
7016,0.07791067
7017,0.03488501
7018,0.010296302
7019,0.25409564
7020,0.03540232
7021,0.02102825
7022,0.17372717
7023,0.039574925
7024,0.021416336
7025,0.011183267
7026,0.03473541
7027,0.045941826
7028,0.20496462
7029,0.012068712
7030,0.0037645034
7031,0.023253603
7032,0.03859621
7033,0.06513705
7034,0.059334274
7035,0.1838351
7036,0.025076678
7037,0.22139771
7038,0.10119571
7039,0.029713199
7040,0.03258122
7041,0.020896798
7042,0.025235688
7043,0.13643485
7044,0.014879555
7045,0.15590751
7046,0.009684724
7047,0.08854493
7048,0.039451048
7049,0.0063280948
7050,0.00775851
7051,0.21293975
7052,0.28976798
7053,0.08084424
7054,0.049966794
7055,0.013758364
7056,0.079256184
7057,0.0044366703
7058,0.0021519463
7059,0.10967626
7060,0.082618564
7061,0.099339426
7062,0.76425755
7063,0.066715546
7064,0.020748189
7065,0.06026972
7066,0.083732545
7067,0.019173244
7068,0.043598257
7069,0.19475254
7070,0.37360713
7071,0.12896156
7072,0.10329132
7073,0.0066266423
7074,0.036456075
7075,0.04482518
7076,0.09167271
7077,0.05359586
7078,0.0101219
7079,0.07310449
7080,0.008217115
7081,0.024054743
7082,0.0049918224
7083,0.11619545
7084,0.016639307
7085,0.083612755
7086,0.030486131
7087,0.015069145
7088,0.013766833
7089,0.03774258
7090,0.13499917
7091,0.15532635
7092,0.020764805
7093,0.09175102
7094,0.56267184
7095,0.05853171
7096,0.07984659
7097,0.02285142
7098,0.06947799
7099,0.050695147
7100,0.010985181
7101,0.31865314
7102,0.031738818
7103,0.005432924
7104,0.016392821
7105,0.029040208
7106,0.07975233
7107,0.019897666
7108,0.0954773
7109,0.035572648
7110,0.0026320734
7111,0.05370035
7112,0.19208367
7113,0.1490016
7114,0.03316886
7115,0.019192146
7116,0.0131911
7117,0.083755195
7118,0.045727845
7119,0.0039811158
7120,0.17424463
7121,0.09475796
7122,0.0015417525
7123,0.03750562
7124,0.117792085
7125,0.06298844
7126,0.045667805
7127,0.04482247
7128,0.03191913
7129,0.05996603
7130,0.014729981
7131,0.044389825
7132,0.24670143
7133,0.1094811
7134,0.0065217195
7135,0.0077625136
7136,0.068041496
7137,0.021585768
7138,0.031450078
7139,0.019869272
7140,0.01409159
7141,0.012714043
7142,0.015778653
7143,0.008652216
7144,0.03570235
7145,0.005906081
7146,0.00049553247
7147,0.05349918
7148,0.023968464
7149,0.11103255
7150,0.09156809
7151,0.16085581
7152,0.15028924
7153,0.008450992
7154,0.065378495
7155,0.016536655
7156,0.01725541
7157,0.033861335
7158,0.017729213
7159,0.016628653
7160,0.022866404
7161,0.012699543
7162,0.014166841
7163,0.00847349
7164,0.0070391013
7165,0.07885098
7166,0.0009804756
7167,0.035379704
7168,0.0131883705
7169,0.011840819
7170,0.028635344
7171,0.01735415
7172,0.006328172
7173,0.07582853
7174,0.0045679095
7175,0.06372711
7176,0.014818499
7177,0.0039987764
7178,0.008642459
7179,0.018630086
7180,0.010282055
7181,0.02745694
7182,0.1313828
7183,0.010711546
7184,0.09156875
7185,0.003979173
7186,0.13138725
7187,0.057919454
7188,0.05578251
7189,0.01243072
7190,0.23142928
7191,0.045943156
7192,0.011520366
7193,0.0022468294
7194,0.07867027
7195,0.014725774
7196,0.085153274
7197,0.006521739
7198,0.1158348
7199,0.039449546
7200,0.010893576
7201,0.017603027
7202,0.006730279
7203,0.0007084432
7204,0.022312567
7205,0.009141857
7206,0.025461894
7207,0.02128432
7208,0.0039810385
7209,0.0059371977
7210,0.022869803
7211,0.0015263315
7212,0.0020194754
7213,0.0070346915
7214,0.022778973
7215,0.037081484
7216,0.031714264
7217,0.0065224646
7218,0.20383646
7219,0.008544264
7220,0.0899347
7221,0.003996481
7222,0.023930404
7223,0.036426067
7224,0.06703176
7225,0.022844564
7226,0.025049137
7227,0.025366185
7228,0.010314454
7229,0.012223358
7230,0.0003853225
7231,0.0042924928
7232,0.07639021
7233,0.12717834
7234,0.07564215
7235,0.001206765
7236,0.019709911
7237,0.03437081
7238,0.10568234
7239,0.023510879
7240,0.014021967
7241,0.06659549
7242,0.011506111
7243,0.03073252
7244,0.0027953903
7245,0.03382605
7246,0.090215005
7247,0.17119327
7248,0.03358425
7249,0.008112001
7250,0.03243726
7251,0.0026625101
7252,0.09759502
7253,0.024109378
7254,0.09728087
7255,0.168418
7256,0.19165856
7257,0.019894179
7258,0.15980062
7259,0.28264725
7260,0.0727467
7261,0.4226503
7262,0.11198959
7263,0.14303368
7264,0.01781465
7265,0.024843296
7266,0.16773823
7267,0.060301695
7268,0.014739589
7269,0.011179736
7270,0.19053543
7271,0.039930515
7272,0.87191385
7273,0.26004335
7274,0.0630061
7275,0.04259946
7276,0.24233367
7277,0.068170264
7278,0.026844723
7279,0.0047896444
7280,0.060576193
7281,0.027468624
7282,0.008047714
7283,0.029011583
7284,0.036256563
7285,0.1492656
7286,0.18794292
7287,0.4587074
7288,0.49268988
7289,0.06071887
7290,0.034246795
7291,0.1449751
7292,0.16402446
7293,0.020854032
7294,0.0673736
7295,0.05318805
7296,0.022391204
7297,0.07369685
7298,0.4207566
7299,0.17081895
7300,0.39385557
7301,0.55227935
7302,0.03861538
7303,0.041663863
7304,0.3742439
7305,0.039584596
7306,0.30593503
7307,0.08636659
7308,0.05186671
7309,0.017301569
7310,0.04050849
7311,0.13756783
7312,0.124750614
7313,0.08649483
7314,0.034339104
7315,0.03376305
7316,0.39393988
7317,0.043594394
7318,0.028658018
7319,0.10420553
7320,0.017839668
7321,0.08464364
7322,0.11221468
7323,0.08663446
7324,0.118702985
7325,0.042325053
7326,0.075016126
7327,0.16327648
7328,0.2611524
7329,0.105250165
7330,0.019056022
7331,0.0015462632
7332,0.016745118
7333,0.5378912
7334,0.18971053
7335,0.07872189
7336,0.34399745
7337,0.5481484
7338,0.08642524
7339,0.06323293
7340,0.01831265
7341,0.0117778275
7342,0.011615537
7343,0.010751197
7344,0.18059464
7345,0.048981287
7346,0.01502217
7347,0.043434035
7348,0.22172439
7349,0.3953816
7350,0.010738138
7351,0.008676129
7352,0.0058421106
7353,0.055410624
7354,0.0006889733
7355,0.022721877
7356,0.08009629
7357,0.034952212
7358,0.27312377
7359,0.04156078
7360,0.06528925
7361,0.0065233842
7362,0.06475247
7363,0.0017461939
7364,0.02504686
7365,0.31692842
7366,0.55451477
7367,0.0031032753
7368,0.057741053
7369,0.0099373115
7370,0.018198589
7371,0.052157093
7372,0.038780104
7373,0.0030156672
7374,0.021450447
7375,0.013224914
7376,0.1247623
7377,0.22071296
7378,0.17108782
7379,0.06516548
7380,0.051568195
7381,0.0032228571
7382,0.027686972
7383,0.02613958
7384,0.0428584
7385,0.042457588
7386,0.045194495
7387,0.057448503
7388,0.016589861
7389,0.033018343
7390,0.02229373
7391,0.020892438
7392,0.038712077
7393,0.020695826
7394,0.03239282
7395,0.022476245
7396,0.031331424
7397,0.111329116
7398,0.13023973
7399,0.18776613
7400,0.045600597
7401,0.041365568
7402,0.08404431
7403,0.12471585
7404,0.07468454
7405,0.030716501
7406,0.061278556
7407,0.00042021053
7408,0.038835663
7409,0.07643127
7410,0.074357755
7411,0.016538434
7412,0.017575337
7413,0.01792023
7414,0.029670004
7415,0.05067038
7416,0.086157605
7417,0.1555616
7418,0.118343
7419,0.07008671
7420,0.0067196493
7421,0.0053552007
7422,0.08338784
7423,0.06752618
7424,0.011595189
7425,0.066023044
7426,0.030587273
7427,0.49361542
7428,0.07894056
7429,0.019012619
7430,0.13487534
7431,0.022075584
7432,0.052632026
7433,0.010101147
7434,0.015805244
7435,0.008469459
7436,0.11570443
7437,0.021196477
7438,0.011839336
7439,0.032537375
7440,0.022249032
7441,0.051497992
7442,0.035328332
7443,0.06271408
7444,0.049182896
7445,0.10367834
7446,0.14735207
7447,0.26196593
7448,0.05470664
7449,0.018996393
7450,0.040377215
7451,0.018173303
7452,0.03940771
7453,0.0065213335
7454,0.10464257
7455,0.06600222
7456,0.07659948
7457,0.08473149
7458,0.13332108
7459,0.024750099
7460,0.04343267
7461,0.03999005
7462,0.013790866
7463,0.018195627
7464,0.12470352
7465,0.010120689
7466,0.026096927
7467,0.106394276
7468,0.018353421
7469,0.017795008
7470,0.008895725
7471,0.067881785
7472,0.04360129
7473,0.07460641
7474,0.12904887
7475,0.072587624
7476,0.12917058
7477,0.053296488
7478,0.123010695
7479,0.015697343
7480,0.14408101
7481,0.0473098
7482,0.056983706
7483,0.081022
7484,0.078813195
7485,0.058313757
7486,0.072286695
7487,0.049466733
7488,0.08791703
7489,0.028384557
7490,0.06746911
7491,0.0067238393
7492,0.022886181
7493,0.023224754
7494,0.0406736
7495,0.06297331
7496,0.011605205
7497,0.040212434
7498,0.04711937
7499,0.041365117
7500,0.0968001
7501,0.31606832
7502,0.07249767
7503,0.1438888
7504,0.090737276
7505,0.11116719
7506,0.052618235
7507,0.10314184
7508,0.039894037
7509,0.016726397
7510,0.22129424
7511,0.07751174
7512,0.15846744
7513,0.049843527
7514,0.09512147
7515,0.01813554
7516,0.0071676075
7517,0.032489035
7518,0.012644312
7519,0.13799639
7520,0.06460097
7521,0.04928818
7522,0.12226042
7523,0.45712832
7524,0.05505994
7525,0.017386414
7526,0.19281177
7527,0.06194415
7528,0.2546377
7529,0.22509098
7530,0.08358489
7531,0.094588
7532,0.043985695
7533,0.063481905
7534,0.19940758
7535,0.0389852
7536,0.17773707
7537,0.10991634
7538,0.091768675
7539,0.0102329375
7540,0.00620351
7541,0.0273842
7542,0.04266823
7543,0.010970498
7544,0.11079131
7545,0.12282922
7546,0.08638858
7547,0.119838305
7548,0.031280056
7549,0.13742751
7550,0.1937383
7551,0.22532654
7552,0.06825983
7553,0.009411834
7554,0.1114397
7555,0.051721953
7556,0.024100386
7557,0.39142108
7558,0.021409059
7559,0.033085153
7560,0.28332016
7561,0.1699301
7562,0.018986523
7563,0.0057151946
7564,0.009403614
7565,0.0136905685
7566,0.036024604
7567,0.039456896
7568,0.13446693
7569,0.16146432
7570,0.064101085
7571,0.048728686
7572,0.15827714
7573,0.15140533
7574,0.19842084
7575,0.20393766
7576,0.31446153
7577,0.06240491
7578,0.10618735
7579,0.10270188
7580,0.034478877
7581,0.3062313
7582,0.988124
7583,0.09151267
7584,0.0061278553
7585,0.349185
7586,0.008606759
7587,0.052261706
7588,0.18825758
7589,0.015381852
7590,0.0059390278
7591,0.0555277
7592,0.06532398
7593,0.03831846
7594,0.06821449
7595,0.18422318
7596,0.022815248
7597,0.057985447
7598,0.195656
7599,0.13285084
7600,0.2148967
7601,0.30590358
7602,0.18477996
7603,0.022591308
7604,0.18163137
7605,0.19509335
7606,0.26294813
7607,0.72900075
7608,0.39021984
7609,0.51185435
7610,0.005817307
7611,0.037716765
7612,0.17022233
7613,0.05613908
7614,0.0039400067
7615,0.0045075812
7616,0.005244092
7617,0.070424005
7618,0.0070347423
7619,0.031167815
7620,0.036625255
7621,0.051319372
7622,0.09058533
7623,0.110849224
7624,0.078766726
7625,0.19176339
7626,0.14945658
7627,0.03713734
7628,0.12670772
7629,0.2187685
7630,0.039659206
7631,0.06363631
7632,0.97298
7633,0.9781635
7634,0.49502334
7635,0.005435078
7636,0.008148453
7637,0.07476264
7638,0.30618045
7639,0.087027214
7640,0.059934825
7641,0.06367591
7642,0.05469847
7643,0.033834923
7644,0.007858648
7645,0.26893348
7646,0.013246104
7647,0.009664132
7648,0.099846326
7649,0.09451167
7650,0.031459562
7651,0.063770376
7652,0.14412867
7653,0.090224765
7654,0.0065213996
7655,0.008127945
7656,0.06662532
7657,0.15522067
7658,0.14443782
7659,0.9841423
7660,0.8976555
7661,0.7086355
7662,0.00892953
7663,0.008491214
7664,0.025736101
7665,0.023475623
7666,0.1779054
7667,0.14240429
7668,0.24665236
7669,0.023967123
7670,0.1110307
7671,0.023814693
7672,0.07305368
7673,0.117768824
7674,0.13299318
7675,0.11591204
7676,0.37010798
7677,0.26337987
7678,0.108776875
7679,0.10809699
7680,0.07021936
7681,0.03010469
7682,0.1177312
7683,0.033136494
7684,0.06235044
7685,0.03759493
7686,0.16705804
7687,0.1373725
7688,0.10298909
7689,0.09078323
7690,0.070223525
7691,0.89614606
7692,1.0
7693,1.0
7694,0.052434746
7695,0.043151025
7696,0.1864289
7697,0.009863501
7698,0.14765546
7699,0.052743606
7700,0.0047763004
7701,0.020901142
7702,0.035587355
7703,0.08252667
7704,0.019729782
7705,0.3494313
7706,0.54304254
7707,0.06617297
7708,0.081790455
7709,0.05830104
7710,0.1609427
7711,0.06605489
7712,0.17903548
7713,0.10631643
7714,0.018027674
7715,0.06532531
7716,0.10174416
7717,0.06818837
7718,0.026066747
7719,0.02749917
7720,0.35481355
7721,0.3542998
7722,0.25508422
7723,0.117589764
7724,0.036364008
7725,0.081711866
7726,0.05555176
7727,0.22482257
7728,0.010389483
7729,0.034814175
7730,0.036653627
7731,0.024449509
7732,0.019786423
7733,0.044518422
7734,0.012291066
7735,0.1676665
7736,0.45932606
7737,0.28730857
7738,0.21707049
7739,0.17449087
7740,0.18229213
7741,0.21763894
7742,0.37135
7743,0.10815641
7744,0.009846525
7745,0.08559802
7746,0.063895874
7747,0.12911022
7748,0.26921007
7749,0.090257704
7750,0.37345892
7751,0.22075033
7752,0.17445332
7753,1.0
7754,0.06350913
7755,0.016453264
7756,0.07134775
7757,0.11350907
7758,0.018715177
7759,0.05983922
7760,0.13152076
7761,0.0911831
7762,0.05445075
7763,0.040080898
7764,0.059507165
7765,0.13341816
7766,0.20310332
7767,0.1727131
7768,0.4253214
7769,0.34473616
7770,0.13519724
7771,0.14484863
7772,0.24850804
7773,0.03678656
7774,0.15160531
7775,0.062455762
7776,0.040078502
7777,0.25386038
7778,0.29181027
7779,0.09222422
7780,0.42496237
7781,0.26814458
7782,0.0870912
7783,0.05355624
7784,0.0736353
7785,0.07571874
7786,0.009405318
7787,0.017379373
7788,0.007782504
7789,0.058323763
7790,0.09663706
7791,0.1081277
7792,0.11537908
7793,0.26011783
7794,0.8958834
7795,0.35077885
7796,0.2651268
7797,0.39120987
7798,0.11283329
7799,0.019162765
7800,0.07689207
7801,0.11095852
7802,0.095201634
7803,0.19563797
7804,0.065076485
7805,0.023355827
7806,0.098017305
7807,0.17408757
7808,0.005043067
7809,0.037119225
7810,0.056183357
7811,0.014177556
7812,0.082854696
7813,0.026785215
7814,0.012205292
7815,0.049258973
7816,0.032142468
7817,0.031994116
7818,0.09973699
7819,0.21137251
7820,0.20173271
7821,0.11895225
7822,0.6081546
7823,0.4527079
7824,0.27307984
7825,0.1288719
7826,0.0058168457
7827,0.022207145
7828,0.020086713
7829,0.050556973
7830,0.10627904
7831,0.008863837
7832,0.008654818
7833,0.026884463
7834,0.69339985
7835,0.05619098
7836,0.015906276
7837,0.034197826
7838,0.06810426
7839,0.08592101
7840,0.032075867
7841,0.027537605
7842,0.0050181267
7843,0.046044774
7844,0.01661778
7845,0.018250274
7846,0.063271105
7847,0.089225024
7848,0.34952202
7849,0.26295933
7850,0.08839891
7851,0.61814857
7852,0.3240884
7853,0.2902734
7854,0.09122611
7855,0.04220671
7856,0.016736476
7857,0.0082135135
7858,0.027920643
7859,0.024229208
7860,0.036578044
7861,0.060968943
7862,0.36867756
7863,0.09267968
7864,0.29824
7865,0.021227086
7866,0.06049568
7867,0.10680321
7868,0.10575539
7869,0.16119778
7870,0.033694927
7871,0.044790246
7872,0.07255011
7873,0.16884068
7874,0.6055636
7875,0.26426265
7876,0.28423613
7877,0.11357433
7878,0.27053672
7879,0.21447234
7880,0.03938091
7881,0.018164804
7882,0.013330579
7883,0.01228933
7884,0.009618803
7885,0.022530116
7886,0.033527564
7887,0.18945368
7888,0.09792162
7889,0.13174857
7890,0.26236132
7891,0.020013299
7892,0.04196569
7893,0.23598759
7894,0.04366454
7895,0.0028684188
7896,0.009860551
7897,0.013259568
7898,0.07930827
7899,0.11239325
7900,0.030280171
7901,0.1618474
7902,0.22624181
7903,0.052778553
7904,0.05796102
7905,0.023441404
7906,0.06362261
7907,0.03847909
7908,0.013333551
7909,0.07404383
7910,0.05355299
7911,0.052359514
7912,0.015236315
7913,0.22343956
7914,0.008467189
7915,0.11451547
7916,0.008472431
7917,0.045268532
7918,0.05737677
7919,0.1449512
7920,0.039665747
7921,0.022592606
7922,0.0012358346
7923,0.033435557
7924,0.18518952
7925,0.2908602
7926,0.3136004
7927,0.06107006
7928,0.011194882
7929,0.0045013316
7930,0.0064252256
7931,0.02607957
7932,0.012609703
7933,0.12173412
7934,0.010929741
7935,0.060140222
7936,0.012778538
7937,0.0064601386
7938,0.00865639
7939,0.0098437965
7940,0.015782427
7941,0.073247194
7942,0.11115577
7943,0.22547443
7944,0.02108917
7945,0.016479556
7946,0.012338312
7947,0.05834447
7948,0.102454856
7949,0.22992867
7950,0.07259235
7951,0.0012273762
7952,0.15316886
7953,0.011456987
7954,0.090718366
7955,0.14953434
7956,0.07419596
7957,0.044809118
7958,0.010296244
7959,0.26180968
7960,0.013789969
7961,0.019094871
7962,0.08645081
7963,0.050861396
7964,0.027631689
7965,0.015815703
7966,0.02096222
7967,0.07206638
7968,0.2632767
7969,0.024787972
7970,0.025919389
7971,0.02727947
7972,0.057978082
7973,0.050469603
7974,0.14714214
7975,0.054072533
7976,0.21852751
7977,0.12096492
7978,0.056433167
7979,0.014140198
7980,0.036130924
7981,0.034392007
7982,0.12741432
7983,0.014879395
7984,0.09473796
7985,0.007882276
7986,0.0819268
7987,0.06921503
7988,0.00632801
7989,0.008110042
7990,0.22589344
7991,0.26103973
7992,0.08717802
7993,0.04388132
7994,0.010132538
7995,0.07222964
7996,0.030273438
7997,0.016243353
7998,0.07384237
7999,0.17339143
8000,0.11550622
8001,0.88314223
8002,0.015823424
8003,0.07005809
8004,0.015356768
8005,0.050732028
8006,0.07582745
8007,0.017466687
8008,0.034991328
8009,0.1474426
8010,0.37236735
8011,0.10372056
8012,0.10029392
8013,0.015632004
8014,0.06543572
8015,0.018836668
8016,0.00084971846
8017,0.114286825
8018,0.049563758
8019,0.016322432
8020,0.053040814
8021,0.016716868
8022,0.02402628
8023,0.087005936
8024,0.012669296
8025,0.09791832
8026,0.030485261
8027,0.05488008
8028,0.0006745856
8029,0.012791889
8030,0.12293691
8031,0.10792166
8032,0.019948617
8033,0.047786616
8034,0.09672457
8035,0.5414739
8036,0.06452331
8037,0.06996446
8038,0.034061037
8039,0.05969027
8040,0.063543715
8041,0.03839223
8042,0.3679609
8043,0.022911621
8044,0.015729818
8045,0.029780079
8046,0.1194581
8047,0.01989795
8048,0.08795805
8049,0.034609817
8050,0.05847958
8051,0.058398973
8052,0.25582382
8053,0.09916443
8054,0.053059854
8055,0.010915967
8056,0.047173418
8057,0.065243274
8058,0.006517677
8059,0.029998599
8060,0.16742872
8061,0.11336968
8062,0.06031311
8063,0.117657535
8064,0.10982605
8065,0.06515775
8066,0.056625526
8067,0.013888002
8068,0.10033
8069,0.24691425
8070,0.11892575
8071,0.0065216604
8072,0.0040005078
8073,0.06425503
8074,0.015726851
8075,0.035204295
8076,0.001563675
8077,0.0059363283
8078,0.003038543
8079,0.0029891147
8080,0.015779437
8081,0.008653078
8082,0.032484498
8083,0.0115231685
8084,0.0040276833
8085,0.059204914
8086,0.066097856
8087,0.17767453
8088,0.13515918
8089,0.19932932
8090,0.008450935
8091,0.006512608
8092,0.042620916
8093,0.015229456
8094,0.030294398
8095,0.015019286
8096,0.014963423
8097,0.005766289
8098,0.01269946
8099,0.00847435
8100,0.007040012
8101,0.042265125
8102,0.024134707
8103,0.010965017
8104,0.08681494
8105,0.03208565
8106,0.038135394
8107,0.0063289804
8108,0.08543092
8109,0.017575089
8110,0.05922161
8111,0.012154758
8112,0.003998794
8113,0.008642479
8114,0.00179544
8115,0.010282099
8116,0.06738763
8117,0.09153176
8118,0.14144413
8119,0.054343235
8120,0.09066667
8121,0.017932357
8122,0.009626902
8123,0.22426555
8124,0.020132255
8125,0.0047780825
8126,0.08407437
8127,0.007812356
8128,0.07145522
8129,0.0065217777
8130,0.109966144
8131,0.0017612196
8132,0.00904441
8133,0.01739214
8134,0.042967945
8135,0.008461491
8136,0.025789171
8137,0.00846824
8138,0.0226574
8139,0.0050272243
8140,0.009405012
8141,0.0038013263
8142,0.057896227
8143,0.04716818
8144,0.16086616
8145,0.018765895
8146,0.0039973925
8147,0.02683181
8148,0.027206399
8149,0.05929657
8150,0.03286454
8151,0.008477567
8152,0.01890935
8153,0.018049758
8154,0.01031445
8155,0.113623194
8156,0.15605412
8157,0.013598943
8158,0.0029953874
8159,0.05426633
8160,0.013174784
8161,0.017990105
8162,0.02779983
8163,0.09526879
8164,0.03533077
8165,0.0069396775
8166,0.050565556
8167,0.04379194
8168,0.10394275
8169,0.08664049
8170,0.042963993
8171,0.07495328
8172,0.0015547998
8173,0.24655251
8174,0.14108714
8175,0.31862172
8176,0.0298526
8177,0.25491616
8178,0.12314861
8179,0.22165304
8180,0.037466053
8181,0.024842452
8182,0.024082445
8183,0.113688365
8184,0.013734339
8185,0.037051503
8186,0.019115686
8187,0.26400962
8188,0.0014170087
8189,0.7563884
8190,0.24691513
8191,0.0728022
8192,0.042610895
8193,0.18954392
8194,0.06731253
8195,0.007581464
8196,0.07645723
8197,0.040748682
8198,0.017059285
8199,0.008451536
8200,0.018614141
8201,0.18166214
8202,0.16012555
8203,0.49170622
8204,0.4238269
8205,0.041395444
8206,0.0557595
8207,0.17974998
8208,0.2636706
8209,0.021293601
8210,0.060252998
8211,0.040184487
8212,0.03014485
8213,0.056049563
8214,0.03476493
8215,0.39275295
8216,0.060928464
8217,0.26142314
8218,0.4593324
8219,0.09515737
8220,0.022631716
8221,0.37252754
8222,0.042694688
8223,0.34446132
8224,0.04629349
8225,0.035482854
8226,0.0687712
8227,0.033954065
8228,0.013465669
8229,0.20287251
8230,0.10547079
8231,0.08133577
8232,0.058097713
8233,0.0010644991
8234,0.070347115
8235,0.31527406
8236,0.03133867
8237,0.08383636
8238,0.013721331
8239,0.03127685
8240,0.013195291
8241,0.08425431
8242,0.039749708
8243,0.17414093
8244,0.0019520042
8245,0.06430114
8246,0.189895
8247,0.32889357
8248,0.009357241
8249,0.02886046
8250,0.0015454204
8251,0.013763472
8252,0.54092133
8253,0.10947089
8254,0.01354304
8255,0.3443065
8256,0.3453729
8257,0.012715783
8258,0.0054365224
8259,0.089344464
8260,0.0145946825
8261,0.018311806
8262,0.024016956
8263,0.04137428
8264,0.009834844
8265,0.1311008
8266,0.034464963
8267,0.05757269
8268,0.2535164
8269,0.35972545
8270,0.012188253
8271,0.010107663
8272,0.008648713
8273,0.04425527
8274,0.04840002
8275,0.02381587
8276,0.19146809
8277,0.025625039
8278,0.090972565
8279,0.010278229
8280,0.0055982517
8281,0.07089692
8282,0.024614805
8283,0.19883467
8284,0.64567506
8285,0.0044994256
8286,0.07546876
8287,0.01787703
8288,0.01276719
8289,0.071778454
8290,0.0389746
8291,0.009425028
8292,0.039935403
8293,0.040469445
8294,0.11278257
8295,0.15553847
8296,0.09809831
8297,0.044317883
8298,0.1190052
8299,0.008305263
8300,0.037081487
8301,0.04368615
8302,0.05203509
8303,0.075945206
8304,0.057091195
8305,0.06527034
8306,0.02173848
8307,0.010653073
8308,0.024801828
8309,0.035484202
8310,0.01652148
8311,0.037382185
8312,0.039583575
8313,0.02094611
8314,0.10615594
8315,0.16699843
8316,0.184975
8317,0.023804344
8318,0.07690541
8319,0.031941224
8320,0.13761729
8321,0.12290385
8322,0.008451266
8323,0.043235697
8324,0.00051224814
8325,0.01333001
8326,0.060249895
8327,0.14175503
8328,0.017314903
8329,0.015688306
8330,0.026999075
8331,0.045375243
8332,0.050954793
8333,0.13420759
8334,0.14754058
8335,0.11615575
8336,0.04984346
8337,0.020187458
8338,0.022810787
8339,0.044720355
8340,0.027365256
8341,0.011595189
8342,0.07926016
8343,0.040084098
8344,0.3952392
8345,0.14023367
8346,0.012146495
8347,0.10579454
8348,0.039691113
8349,0.031551957
8350,0.014348941
8351,0.0084703015
8352,0.009666857
8353,0.086993754
8354,0.00030558635
8355,0.02275217
8356,0.04875877
8357,0.07871268
8358,0.037726898
8359,0.05286791
8360,0.049741063
8361,0.10497148
8362,0.141098
8363,0.26710033
8364,0.052902307
8365,0.027304536
8366,0.06977095
8367,0.022392107
8368,0.018793778
8369,0.016411671
8370,0.0078698145
8371,0.077793
8372,0.07799765
8373,0.1210329
8374,0.09258211
8375,0.20303598
8376,0.042444848
8377,0.038730215
8378,0.026519587
8379,0.018195601
8380,0.21660429
8381,0.010120557
8382,0.02451821
8383,0.086365946
8384,0.00984355
8385,5.2480846e-05
8386,0.07573903
8387,0.05064709
8388,0.07750414
8389,0.121743664
8390,0.09974536
8391,0.16196458
8392,0.12091774
8393,0.105062
8394,0.015722362
8395,0.107384995
8396,0.02665303
8397,0.05986591
8398,0.019943545
8399,0.017044963
8400,0.061750755
8401,0.03706391
8402,0.018211892
8403,0.12277834
8404,0.052550413
8405,0.0611828
8406,0.06865597
8407,0.070535295
8408,0.06297933
8409,0.005433273
8410,0.036515996
8411,0.042157255
8412,0.038921256
8413,0.0650392
8414,0.040605146
8415,0.12899256
8416,0.27838808
8417,0.066324644
8418,0.11443273
8419,0.048578028
8420,0.08844296
8421,0.058598034
8422,0.09398991
8423,0.06365557
8424,0.019977905
8425,0.22141021
8426,0.083145365
8427,0.13994871
8428,0.0649702
8429,0.11720174
8430,0.018134568
8431,0.04939224
8432,0.023880113
8433,0.010973336
8434,0.035559524
8435,0.13981494
8436,0.061296273
8437,0.035371017
8438,0.088041335
8439,0.39970443
8440,0.034099925
8441,0.02447916
8442,0.09622363
8443,0.074875064
8444,0.23111768
8445,0.23190211
8446,0.06463867
8447,0.0006301135
8448,0.06468162
8449,0.043976206
8450,0.04472071
8451,0.14638922
8452,0.063405916
8453,0.21812251
8454,0.072265126
8455,0.07820269
8456,0.0019244743
8457,0.01416441
8458,0.034088876
8459,0.06413916
8460,0.014409483
8461,0.117259815
8462,0.12852606
8463,0.08097208
8464,0.055644557
8465,0.021801185
8466,0.09803508
8467,0.16678478
8468,0.26469797
8469,0.053572297
8470,0.009411098
8471,0.033375718
8472,0.051262382
8473,0.42097503
8474,0.014797601
8475,0.029390479
8476,0.31469965
8477,0.23069187
8478,0.01318261
8479,0.010113116
8480,0.0029985646
8481,0.04831566
8482,0.058250844
8483,0.14897348
8484,0.14176168
8485,0.009404651
8486,0.07795457
8487,0.066838406
8488,0.15485716
8489,0.1812888
8490,0.14430389
8491,0.20673236
8492,0.26806995
8493,0.1060963
8494,0.056351423
8495,0.07424666
8496,0.060062397
8497,0.2733017
8498,0.9367517
8499,0.09150479
8500,0.034529626
8501,0.34894124
8502,0.020282462
8503,0.059820984
8504,0.2248557
8505,0.0059398958
8506,0.040336195
8507,0.05737736
8508,0.015826918
8509,0.04824035
8510,0.24109626
8511,0.0023416854
8512,0.04943218
8513,0.15556668
8514,0.13112998
8515,0.18969375
8516,0.3138881
8517,0.25426042
8518,0.022590974
8519,0.26311997
8520,0.12787487
8521,0.21196766
8522,0.7189537
8523,0.29817483
8524,0.4531421
8525,0.005818175
8526,0.028232543
8527,0.1283587
8528,0.016558183
8529,0.004656342
8530,0.039876517
8531,0.007121489
8532,0.011171404
8533,0.010745286
8534,0.0015435087
8535,0.044700492
8536,0.0070338743
8537,0.03116697
8538,0.039854705
8539,0.058230065
8540,0.04926321
8541,0.084951505
8542,0.073302485
8543,0.19496457
8544,0.13764594
8545,0.03333932
8546,0.091982976
8547,0.19968286
8548,0.019108089
8549,0.09108449
8550,0.97195625
8551,0.96916133
8552,0.54702866
8553,0.0054341606
8554,0.025576353
8555,0.009388701
8556,0.07476688
8557,0.35358718
8558,0.044014543
8559,0.016713794
8560,0.036222834
8561,0.0071979295
8562,0.0517582
8563,0.076059215
8564,0.035159808
8565,0.00785778
8566,0.21193877
8567,0.0019904457
8568,0.016411392
8569,0.112914935
8570,0.08918873
8571,0.08046435
8572,0.049651746
8573,0.13570881
8574,0.13413483
8575,0.01355009
8576,0.06961491
8577,0.14711419
8578,0.16128613
8579,0.99166256
8580,0.8567957
8581,0.62951404
8582,0.010997494
8583,0.034669608
8584,0.037594337
8585,0.16490352
8586,0.05687065
8587,0.2214049
8588,0.030757535
8589,0.0859578
8590,0.017449217
8591,0.058261905
8592,0.085009955
8593,0.10390526
8594,0.108142026
8595,0.31511265
8596,0.28507754
8597,0.1390518
8598,0.19828762
8599,0.0777254
8600,0.051870406
8601,0.14387736
8602,0.03753708
8603,0.055461086
8604,0.15802516
8605,0.15267742
8606,0.074774414
8607,0.15288024
8608,0.06695781
8609,0.9297807
8610,1.0
8611,1.0
8612,0.03203388
8613,0.039221045
8614,0.18250008
8615,0.1803642
8616,0.02120459
8617,0.008992897
8618,0.030279152
8619,0.09776677
8620,0.026589843
8621,0.30703875
8622,0.5486424
8623,0.06691595
8624,0.12509225
8625,0.07556951
8626,0.1552053
8627,0.04220123
8628,0.21542731
8629,0.15368024
8630,0.033079196
8631,0.12307559
8632,0.05812442
8633,0.16708246
8634,0.018666107
8635,0.049260464
8636,0.36837846
8637,0.30566645
8638,0.21406633
8639,0.050238162
8640,0.040738467
8641,0.095710866
8642,0.11381233
8643,0.21476053
8644,0.021499297
8645,0.019985216
8646,0.036642954
8647,0.03180924
8648,0.01859506
8649,0.037085336
8650,0.028098881
8651,0.18158993
8652,0.45932552
8653,0.23572133
8654,0.24762724
8655,0.14418763
8656,0.21793485
8657,0.19409359
8658,0.45516548
8659,0.0636976
8660,0.046139624
8661,0.046487197
8662,0.09085443
8663,0.22080927
8664,0.076521866
8665,0.35306644
8666,0.23811696
8667,0.18645734
8668,0.98210454
8669,0.09300752
8670,0.0096574575
8671,0.16722235
8672,0.1662181
8673,0.018256972
8674,0.07211746
8675,0.23815805
8676,0.065023385
8677,0.036879342
8678,0.0150080705
8679,0.052204914
8680,0.12948734
8681,0.20185907
8682,0.24926782
8683,0.3940584
8684,0.29487288
8685,0.16403817
8686,0.1710914
8687,0.22030674
8688,0.012238091
8689,0.025378747
8690,0.13916184
8691,0.045485266
8692,0.047136974
8693,0.3045395
8694,0.28186664
8695,0.08209494
8696,0.4972469
8697,0.2574361
8698,0.0052497843
8699,0.05918091
8700,0.05276307
8701,0.03412448
8702,0.081805564
8703,0.01031581
8704,0.02109267
8705,0.07787028
8706,0.085701026
8707,0.108105965
8708,0.10209543
8709,0.24060921
8710,0.7310933
8711,0.32768196
8712,0.2574856
8713,0.391637
8714,0.10632934
8715,0.07037751
8716,0.08459818
8717,0.09261028
8718,0.14182857
8719,0.20309646
8720,0.063866295
8721,0.015831895
8722,0.09299204
8723,0.14235711
8724,0.019670157
8725,0.001699546
8726,0.07206731
8727,0.06495186
8728,0.014177659
8729,0.03174484
8730,0.02481111
8731,0.0058304486
8732,0.052668404
8733,0.059069794
8734,0.06771963
8735,0.114088446
8736,0.15352038
8737,0.15390632
8738,0.14268762
8739,0.48956567
8740,0.42877457
8741,0.2525205
8742,0.11437131
8743,0.0058158753
8744,0.046102464
8745,0.01349026
8746,0.011787335
8747,0.14918733
8748,0.0140664
8749,0.0086538475
8750,0.010476277
8751,0.5149495
8752,0.07072042
8753,0.01590604
8754,0.04368055
8755,0.036483437
8756,0.07881564
8757,0.01383508
8758,0.10373548
8759,0.03268003
8760,0.027532538
8761,0.018525062
8762,0.01328454
8763,0.01577354
8764,0.047143638
8765,0.07205697
8766,0.3521159
8767,0.2525295
8768,0.0780094
8769,0.6381705
8770,0.32689276
8771,0.3402339
8772,0.13330999
8773,0.019905869
8774,0.02471619
8775,0.0127809625
8776,0.06453803
8777,0.011263189
8778,0.015822316
8779,0.010131031
8780,0.08554815
8781,0.353312
8782,0.07810656
8783,0.26638514
8784,0.012251974
8785,0.052944846
8786,0.0896442
8787,0.16746967
8788,0.16370334
8789,0.03429032
8790,0.066603474
8791,0.044436384
8792,0.11006934
8793,0.55079573
8794,0.26429534
8795,0.30475807
8796,0.1551684
8797,0.22518943
8798,0.21454045
8799,0.015806448
8800,0.037314568
8801,0.019710736
8802,0.012290198
8803,0.022870561
8804,0.011088351
8805,0.13739632
8806,0.08946466
8807,0.30785114
8808,0.23692875
8809,0.0064869295
8810,0.054649405
8811,0.19535461
8812,0.019849295
8813,0.0028693895
8814,0.009860576
8815,0.0059363768
8816,0.113232166
8817,0.105725594
8818,0.036726795
8819,0.095121935
8820,0.22079611
8821,0.07978529
8822,0.06974735
8823,0.025971925
8824,0.08589735
8825,0.043817446
8826,0.016379733
8827,0.07493269
8828,0.1467029
8829,0.015932623
8830,0.013597806
8831,0.24266146
8832,0.008467189
8833,0.0065525845
8834,0.07308952
8835,0.008472431
8836,0.042830218
8837,0.06484149
8838,0.13516894
8839,0.013601069
8840,0.022380026
8841,0.003220147
8842,0.030664442
8843,0.2145961
8844,0.32573393
8845,0.33682987
8846,0.04994154
8847,0.011194984
8848,0.01787007
8849,0.011194438
8850,0.021517513
8851,0.0698713
8852,0.012790287
8853,0.03990649
8854,0.16765794
8855,0.010929741
8856,0.17765795
8857,0.008502409
8858,0.019801514
8859,0.014286634
8860,0.008920968
8861,0.015782427
8862,0.057966363
8863,0.11446248
8864,0.25790817
8865,0.004982341
8866,0.006703507
8867,0.016408602
8868,0.07784986
8869,0.094325595
8870,0.24115078
8871,0.033960704
8872,0.012371193
8873,0.14437129
8874,0.05856321
8875,0.004223266
8876,0.06329073
8877,0.112584576
8878,0.09661454
8879,0.0022322726
8880,0.01486915
8881,0.010297087
8882,0.24566461
8883,0.0224454
8884,0.014776205
8885,0.0864241
8886,0.07301705
8887,0.018961906
8888,0.003935957
8889,0.01523975
8890,0.09175025
8891,0.26154423
8892,0.017941846
8893,0.0037644973
8894,0.016561348
8895,0.015648045
8896,0.038485777
8897,0.05930446
8898,0.1898422
8899,0.04397962
8900,0.2540557
8901,0.14624223
8902,0.024815753
8903,0.066077344
8904,0.026288385
8905,0.02413941
8906,0.17787807
8907,0.014880366
8908,0.12833665
8909,0.015850574
8910,0.06337965
8911,0.050720852
8912,0.0037617001
8913,0.0034801224
8914,0.23257673
8915,0.35072368
8916,0.06944454
8917,0.0409633
8918,0.04758795
8919,0.0030687726
8920,0.004635214
8921,0.0778042
8922,0.10212993
8923,0.08877993
8924,0.90631026
8925,0.004739993
8926,0.072276436
8927,0.0071892072
8928,0.13487905
8929,0.11556017
8930,0.011771079
8931,0.01362537
8932,0.14254698
8933,0.53790456
8934,0.08054943
8935,0.15068941
8936,0.00054251443
8937,0.0107580805
8938,0.007059124
8939,0.009626034
8940,0.013923557
8941,0.1142928
8942,0.057769556
8943,0.020780854
8944,0.09154277
8945,0.06626544
8946,0.018149065
8947,0.024027124
8948,0.019110654
8949,0.037561305
8950,0.0054342914
8951,0.107685514
8952,0.030484391
8953,0.041408334
8954,0.004748303
8955,0.02969876
8956,0.07521848
8957,0.12959112
8958,0.014527878
8959,0.065143436
8960,0.047832575
8961,0.5544496
8962,0.03912743
8963,0.08682874
8964,0.016982958
8965,0.03561966
8966,0.074523635
8967,0.06815597
8968,0.037567027
8969,0.4500086
8970,0.03674271
8971,0.0034977961
8972,0.0003401991
8973,0.015730431
8974,0.04218254
8975,0.13269497
8976,0.01989795
8977,0.06387096
8978,0.062950455
8979,0.06525975
8980,0.005030861
8981,0.03408894
8982,0.26217732
8983,0.03673186
8984,0.053758018
8985,0.005029197
8986,0.015870605
8987,0.0122215375
8988,0.07277879
8989,0.010120697
8990,0.061325926
8991,0.003981007
8992,0.19322471
8993,0.091227956
8994,0.012775879
8995,0.020772109
8996,0.03558809
8997,0.008475096
8998,0.074044324
8999,0.11374138
9000,0.0957021
9001,0.11571942
9002,0.031129368
9003,0.007834145
9004,0.07049634
9005,0.0029633893
9006,0.0762242
9007,0.18290609
9008,0.103361
9009,0.006521763
9010,0.004001478
9011,0.04301545
9012,0.007844099
9013,0.02406772
9014,0.002877103
9015,0.012300673
9016,0.0051637166
9017,0.0016814331
9018,0.0032609096
9019,0.008652235
9020,0.0147364065
9021,0.020894622
9022,0.022392122
9023,0.026674492
9024,0.15009756
9025,0.004534011
9026,0.17423418
9027,0.22271848
9028,0.032011025
9029,0.01151448
9030,0.030051244
9031,0.022300262
9032,0.017685745
9033,0.028173123
9034,0.01496332
9035,0.07340708
9036,0.00847435
9037,0.007039144
9038,0.03485556
9039,0.01844773
9040,0.013188313
9041,0.031175219
9042,0.02329073
9043,0.026812267
9044,0.0063289804
9045,0.13690205
9046,0.011698168
9047,0.048335105
9048,0.003999024
9049,0.008643347
9050,0.036551084
9051,0.010282967
9052,0.08911688
9053,0.008154041
9054,0.026667
9055,0.11408566
9056,0.05836025
9057,0.07295602
9058,0.010542508
9059,0.2173997
9060,0.023438657
9061,0.002853053
9062,0.07238953
9063,0.008666103
9064,0.054611266
9065,0.006522748
9066,0.09185991
9067,0.032635562
9068,0.0044802036
9069,0.025069926
9070,0.037585784
9071,0.044665795
9072,0.013332053
9073,0.0037395863
9074,0.01993817
9075,0.0063290554
9076,0.0058126715
9077,0.029632395
9078,0.008923203
9079,0.011520863
9080,0.01230007
9081,0.078665785
9082,0.030743185
9083,0.0040021976
9084,0.2138978
9085,0.028472448
9086,0.018765561
9087,0.025196124
9088,0.0047780075
9089,0.017507844
9090,0.038357195
9091,0.039221898
9092,0.02820063
9093,0.009769875
9094,0.00788086
9095,0.011265599
9096,0.019502977
9097,0.1030074
9098,0.14726667
9099,0.0003429088
9100,0.06397386
9101,0.008692268
9102,0.012616463
9103,0.0053082695
9104,0.01678767
9105,0.066950604
9106,0.04499038
9107,0.0070392843
9108,0.052269705
9109,0.06338679
9110,0.0016995035
9111,0.07839823
9112,0.022297228
9113,0.07618081
9114,0.0731794
9115,0.31934083
9116,0.09546226
9117,0.014108328
9118,0.25444806
9119,0.0685068
9120,0.23148029
9121,0.104507245
9122,0.25238264
9123,0.05746952
9124,0.02408134
9125,0.0050735585
9126,0.013733236
9127,0.02397161
9128,0.0071912375
9129,0.0032779134
9130,0.21813786
9131,0.028152842
9132,0.748687
9133,0.15849002
9134,0.02148958
9135,0.042610765
9136,0.2141653
9137,0.033728924
9138,0.026843747
9139,0.030270983
9140,0.01705905
9141,0.02901058
9142,0.039475694
9143,0.18168394
9144,0.09754137
9145,0.32004187
9146,0.42546904
9147,0.009941286
9148,0.12921222
9149,0.18495251
9150,0.2293138
9151,0.050362907
9152,0.073040314
9153,0.066897735
9154,0.037973925
9155,0.032752324
9156,0.39158422
9157,0.12154744
9158,0.2197436
9159,0.39484146
9160,0.16711502
9161,0.024960684
9162,0.53694415
9163,0.007766549
9164,0.0720422
9165,0.36251155
9166,0.014989117
9167,0.07587761
9168,0.083376996
9169,0.029721696
9170,0.005817249
9171,0.024499742
9172,0.060613994
9173,0.100605994
9174,0.056671772
9175,0.03433994
9176,0.13814229
9177,0.4473772
9178,0.07302244
9179,0.008111867
9180,0.022646513
9181,0.014135337
9182,0.018565975
9183,0.031169822
9184,0.052765757
9185,0.03974961
9186,0.10946383
9187,0.11329184
9188,0.08666721
9189,0.014069138
9190,0.21583454
9191,0.09812679
9192,0.016611477
9193,0.02356458
9194,0.015342635
9195,0.012154932
9196,0.009902042
9197,0.01376334
9198,0.015862098
9199,0.39275724
9200,0.043733176
9201,0.07372089
9202,0.29583025
9203,0.4168401
9204,0.07586058
9205,0.052934915
9206,0.011154576
9207,0.02401756
9208,0.0057844454
9209,0.0447305
9210,0.0022485866
9211,0.05353054
9212,0.046175297
9213,0.10702301
9214,0.26823947
9215,0.4522204
9216,0.016490446
9217,0.03815645
9218,0.051762026
9219,0.0003368833
9220,0.007793591
9221,0.01467307
9222,0.017900312
9223,0.040445104
9224,0.19928409
9225,0.03687084
9226,0.056446582
9227,0.013915944
9228,0.059236
9229,0.14288568
9230,0.5463843
9231,0.0046181204
9232,0.08737467
9233,0.023754612
9234,0.028969176
9235,0.0429586
9236,0.0668147
9237,0.016528152
9238,0.029684262
9239,0.08661459
9240,0.16168144
9241,0.07682166
9242,0.07769602
9243,0.08339316
9244,0.0014898202
9245,0.0219579
9246,0.034478206
9247,0.050983254
9248,0.07326578
9249,0.026033316
9250,0.081863776
9251,0.007052008
9252,0.027685545
9253,0.0069915997
9254,0.034035314
9255,0.010308643
9256,0.030776175
9257,0.043503918
9258,0.09156081
9259,0.02247601
9260,0.009367589
9261,0.11743074
9262,0.13823436
9263,0.17034337
9264,0.0738747
9265,0.05388605
9266,0.034366287
9267,0.112293154
9268,0.09679993
9269,0.00092177774
9270,0.0062731686
9271,0.0587017
9272,0.21695356
9273,0.027334575
9274,0.011115293
9275,0.026738012
9276,0.07673836
9277,0.07834109
9278,0.1468096
9279,0.086950526
9280,0.13374268
9281,0.05685546
9282,0.01457978
9283,0.015834771
9284,0.04066399
9285,0.03133618
9286,0.087655276
9287,0.05930461
9288,0.35934025
9289,0.12510858
9290,0.009374085
9291,0.012360202
9292,0.06259865
9293,0.014022171
9294,0.04312853
9295,0.028080583
9296,0.0037459137
9297,0.08105679
9298,0.008933926
9299,0.0057338257
9300,0.025148973
9301,0.0664339
9302,0.055595815
9303,0.056024347
9304,0.043032862
9305,0.14625496
9306,0.10839233
9307,0.30575174
9308,0.047798686
9309,0.018204052
9310,0.09941054
9311,0.013146987
9312,0.03835684
9313,0.04346315
9314,0.0701705
9315,0.06508214
9316,0.10069737
9317,0.02965167
9318,0.14703548
9319,0.05940497
9320,0.039970543
9321,0.033474043
9322,0.0078596845
9323,0.01911529
9324,0.17788431
9325,0.036915045
9326,0.050155208
9327,0.009842549
9328,0.015741248
9329,0.06786913
9330,0.06051263
9331,0.079408266
9332,0.101655155
9333,0.0758247
9334,0.16703632
9335,0.08163448
9336,0.10956421
9337,0.011577169
9338,0.12849262
9339,0.02444316
9340,0.06366442
9341,0.042873345
9342,0.050677735
9343,0.02705637
9344,0.003752208
9345,0.107814915
9346,0.036032807
9347,0.07769727
9348,0.10623491
9349,0.022808623
9350,0.08022107
9351,0.023921378
9352,0.020063294
9353,0.01693539
9354,0.039108936
9355,0.02149691
9356,0.037334774
9357,0.06938816
9358,0.060981356
9359,0.13298689
9360,0.2899476
9361,0.08333274
9362,0.1641262
9363,0.06367215
9364,0.13056792
9365,0.08079162
9366,0.07854864
9367,0.052872468
9368,0.0032157253
9369,0.0067087165
9370,0.20403296
9371,0.09448425
9372,0.08424272
9373,0.049833316
9374,0.09267017
9375,0.018135382
9376,0.009489447
9377,0.016629817
9378,0.037064675
9379,0.17791915
9380,0.057926234
9381,0.04617646
9382,0.065558985
9383,0.49077746
9384,0.06269836
9385,0.031686753
9386,0.1130579
9387,0.051443137
9388,0.24610509
9389,0.29422733
9390,0.07289457
9391,0.017280335
9392,0.029566772
9393,0.070488796
9394,0.16692166
9395,0.04526062
9396,0.22060642
9397,0.069929965
9398,0.07207808
9399,0.006626652
9400,0.029697422
9401,0.0367239
9402,0.064139664
9403,0.018103141
9404,0.10769205
9405,0.09552034
9406,0.08579186
9407,0.10406644
9408,0.031280763
9409,0.14919594
9410,0.18823262
9411,0.20486626
9412,0.06505123
9413,0.0094107315
9414,0.038977567
9415,0.016449831
9416,0.008474355
9417,0.062960185
9418,0.39694092
9419,0.015714344
9420,0.05058228
9421,0.27778384
9422,0.22351752
9423,0.013181586
9424,0.01895499
9425,0.009402746
9426,0.013690436
9427,0.030041883
9428,0.06456765
9429,0.14375374
9430,0.14537413
9431,0.06663404
9432,0.06523683
9433,0.14643319
9434,0.16946657
9435,0.13077705
9436,0.18723471
9437,0.28272277
9438,0.13938676
9439,0.026782606
9440,0.026554395
9441,0.08051448
9442,0.030566972
9443,0.25499892
9444,0.9258808
9445,0.09150221
9446,0.023079488
9447,0.32606173
9448,0.052363105
9449,0.051465917
9450,0.26178083
9451,0.016925655
9452,0.019477556
9453,0.080594145
9454,0.007798782
9455,0.046951614
9456,0.0042839074
9457,0.23250337
9458,0.022815164
9459,0.090843454
9460,0.16707303
9461,0.15760043
9462,0.22121833
9463,0.3147627
9464,0.26353335
9465,0.028946409
9466,0.1671216
9467,0.12050603
9468,0.089322194
9469,0.7677091
9470,0.35207152
9471,0.29372233
9472,0.015215493
9473,0.13419524
9474,0.016559023
9475,0.024472646
9476,0.020930344
9477,0.026071526
9478,0.010780853
9479,0.005807275
9480,0.057735547
9481,0.0015264596
9482,0.0025790464
9483,0.031167708
9484,0.06933616
9485,0.072072245
9486,0.06935503
9487,0.109678276
9488,0.08305753
9489,0.1778333
9490,0.16879652
9491,0.044527628
9492,0.1521115
9493,0.17344163
9494,0.016524933
9495,0.035649493
9496,0.9667966
9497,0.94531906
9498,0.45728368
9499,0.0054349457
9500,0.021408448
9501,0.015812924
9502,0.03269896
9503,0.29863825
9504,0.0634675
9505,0.022349311
9506,0.056330815
9507,0.016352966
9508,0.023194166
9509,0.08840733
9510,0.03051195
9511,0.007858516
9512,0.2171181
9513,0.013245997
9514,0.014201118
9515,0.10360592
9516,0.11721119
9517,0.07875638
9518,0.06329971
9519,0.13105208
9520,0.13391052
9521,0.21516153
9522,0.14227082
9523,0.10337375
9524,0.98806864
9525,0.764935
9526,0.61512256
9527,0.012241587
9528,0.07211445
9529,0.03353564
9530,0.015674567
9531,0.15553805
9532,0.12895025
9533,0.18169087
9534,0.025209334
9535,0.09562301
9536,0.01012712
9537,0.09322177
9538,0.057564136
9539,0.11560976
9540,0.102505825
9541,0.30073932
9542,0.22652183
9543,0.16210972
9544,0.17013878
9545,0.08566456
9546,0.06299926
9547,0.09724074
9548,0.049325064
9549,0.05108
9550,0.046492524
9551,0.16394581
9552,0.18051311
9553,0.10826322
9554,0.08079041
9555,0.033548597
9556,0.9099915
9557,1.0
9558,1.0
9559,0.07535948
9560,0.05506288
9561,0.09525927
9562,0.020291533
9563,0.21313041
9564,0.022978315
9565,0.0028547212
9566,0.014371834
9567,0.021204477
9568,0.028417552
9569,0.085229106
9570,0.025123473
9571,0.26207572
9572,0.62487984
9573,0.1180154
9574,0.117864124
9575,0.060723845
9576,0.15245563
9577,0.08819251
9578,0.2309856
9579,0.11886774
9580,0.0330782
9581,0.13263056
9582,0.10060734
9583,0.13307959
9584,0.07171397
9585,0.012914852
9586,0.35593686
9587,0.33974743
9588,0.19291383
9589,0.062143665
9590,0.06189108
9591,0.11434061
9592,0.08235669
9593,0.1967948
9594,0.021217678
9595,0.06923828
9596,0.043129247
9597,0.043536875
9598,0.03933919
9599,0.057239283
9600,0.035620775
9601,0.20537218
9602,0.45969632
9603,0.2181284
9604,0.20575446
9605,0.119436055
9606,0.2040607
9607,0.16862728
9608,0.44746175
9609,0.0531011
9610,0.010347682
9611,0.04802363
9612,0.0565226
9613,0.10215967
9614,0.19953518
9615,0.06967907
9616,0.39684772
9617,0.20380685
9618,0.16276003
9619,1.0
9620,0.13734284
9621,0.17354113
9622,0.14329897
9623,0.014605403
9624,0.048312023
9625,0.36186293
9626,0.078756854
9627,0.048629552
9628,0.015317864
9629,0.049054798
9630,0.12793364
9631,0.22072472
9632,0.27355024
9633,0.36050746
9634,0.3452406
9635,0.18596381
9636,0.15424779
9637,0.23001058
9638,0.012237984
9639,0.023959994
9640,0.16285
9641,0.07018209
9642,0.03226234
9643,0.29466027
9644,0.23157682
9645,0.086400665
9646,0.5486836
9647,0.31789988
9648,0.005249652
9649,0.07103315
9650,0.07818459
9651,0.06900303
9652,0.062315628
9653,0.0098502375
9654,0.0137689235
9655,0.027226903
9656,0.053965114
9657,0.113944754
9658,0.066586286
9659,0.11753773
9660,0.29208437
9661,0.9107756
9662,0.3411596
9663,0.19725916
9664,0.4512803
9665,0.11781831
9666,0.003542251
9667,0.06662905
9668,0.045016397
9669,0.08785106
9670,0.19563614
9671,0.0715884
9672,0.008025554
9673,0.08581302
9674,0.15821202
9675,0.01837788
9676,0.0017003845
9677,0.027757753
9678,0.092229575
9679,0.041484114
9680,0.002813606
9681,0.03568822
9682,0.020963104
9683,0.0015371019
9684,0.040295158
9685,0.057866726
9686,0.06929727
9687,0.109602086
9688,0.21525918
9689,0.21411255
9690,0.17090549
9691,0.45511734
9692,0.5511429
9693,0.27086237
9694,0.1673907
9695,0.036827315
9696,0.010780569
9697,0.057143696
9698,0.09388
9699,0.018654719
9700,0.026885277
9701,0.6961779
9702,0.017665103
9703,0.01590688
9704,0.03558387
9705,0.043514684
9706,0.06345973
9707,0.0816619
9708,0.016456703
9709,0.07019246
9710,0.005427625
9711,0.019044109
9712,0.031947695
9713,0.05047875
9714,0.104724884
9715,0.37155947
9716,0.22765872
9717,0.11288322
9718,0.7161515
9719,0.3549316
9720,0.35305527
9721,0.36513466
9722,0.03098673
9723,0.026156789
9724,0.05505652
9725,0.023485908
9726,0.015821313
9727,0.024858285
9728,0.050302953
9729,0.3070412
9730,0.08382204
9731,0.21515617
9732,0.021227824
9733,0.0869536
9734,0.06948617
9735,0.15792546
9736,0.17773926
9737,0.03973088
9738,0.028231585
9739,0.06042904
9740,0.11176998
9741,0.6213855
9742,0.23436345
9743,0.30454576
9744,0.20084354
9745,0.2877263
9746,0.17422551
9747,0.027222596
9748,0.027102329
9749,0.0030558167
9750,0.012289198
9751,0.01089765
9752,0.038340114
9753,0.0069453856
9754,0.117758036
9755,0.09515053
9756,0.21225536
9757,0.25369015
9758,0.020013269
9759,0.09054551
9760,0.009635871
9761,0.14639485
9762,0.01701049
9763,0.009859473
9764,0.007863174
9765,0.11955955
9766,0.12515084
9767,0.021056531
9768,0.00073425646
9769,0.1092689
9770,0.23998788
9771,0.09703224
9772,0.061873686
9773,0.14219351
9774,0.059585918
9775,0.02507138
9776,0.10764599
9777,0.117951356
9778,0.023479449
9779,0.007867697
9780,0.15162559
9781,0.008466346
9782,0.00786782
9783,0.014435973
9784,0.09567999
9785,0.05939404
9786,0.03448924
9787,0.17810199
9788,0.011937439
9789,0.0479801
9790,0.0063278778
9791,0.053093757
9792,0.2383537
9793,0.3272129
9794,0.3636972
9795,0.059899848
9796,0.01119572
9797,0.03213177
9798,0.04409819
9799,0.0008757936
9800,0.06664519
9801,0.01279018
9802,0.039907522
9803,0.20379356
9804,0.012625274
9805,0.12137804
9806,0.012777538
9807,0.024266206
9808,0.017880958
9809,0.010910132
9810,0.015781349
9811,0.08569764
9812,0.070861876
9813,0.27047557
9814,0.011744399
9815,0.017028803
9816,0.004435188
9817,0.08083197
9818,0.13975361
9819,0.22148822
9820,0.07258874
9821,0.012370958
9822,0.1368451
9823,0.044753503
9824,0.09818561
9825,0.1395268
9826,0.10075279
9827,0.019946517
9828,0.01486991
9829,0.0039788787
9830,0.2623994
9831,0.014975613
9832,0.019920543
9833,0.13087244
9834,0.05493466
9835,0.03966707
9836,0.037366666
9837,0.036699962
9838,0.08968596
9839,0.2642574
9840,0.04299934
9841,0.0030059596
9842,0.028555075
9843,0.032763913
9844,0.057110753
9845,0.15846713
9846,0.07208846
9847,0.24623044
9848,0.11435624
9849,0.017662374
9850,0.02591237
9851,0.04555152
9852,0.039770808
9853,0.23124295
9854,0.09147413
9855,0.10396784
9856,0.019097688
9857,0.088522255
9858,0.0483454
9859,0.006328848
9860,0.008647953
9861,0.3121791
9862,0.45020247
9863,0.10952773
9864,0.06580479
9865,0.0137590915
9866,0.08851414
9867,0.036004312
9868,0.015781716
9869,0.135076
9870,0.07940737
9871,0.07067125
9872,0.9323754
9873,0.0158224
9874,0.05504509
9875,0.07147618
9876,0.07655538
9877,0.017465636
9878,0.03912971
9879,0.15836929
9880,0.3946657
9881,0.08272379
9882,0.15275748
9883,0.025554756
9884,0.029853167
9885,0.0070271636
9886,0.03483285
9887,0.11933908
9888,0.028047582
9889,0.020242108
9890,0.067770734
9891,0.018149879
9892,0.019110419
9893,0.07396399
9894,0.017005939
9895,0.124194354
9896,0.020908412
9897,0.044571776
9898,0.013766877
9899,0.002618919
9900,0.09505438
9901,0.18935405
9902,0.07655305
9903,0.504612
9904,0.079105325
9905,0.112906836
9906,0.018416915
9907,0.057863552
9908,0.11219815
9909,0.027512738
9910,0.53488934
9911,0.06646789
9912,0.00543151
9913,0.0034968213
9914,0.061494708
9915,0.18951689
9916,0.02607518
9917,0.010142377
9918,0.099540286
9919,0.077683695
9920,0.013523508
9921,0.026516922
9922,0.31639254
9923,0.0063717295
9924,0.010301987
9925,0.019193297
9926,0.021607589
9927,0.05489548
9928,0.047378365
9929,0.0008704757
9930,0.22382905
9931,0.11025487
9932,0.003217819
9933,0.008010431
9934,0.008474121
9935,0.077733226
9936,0.19896153
9937,0.10638795
9938,0.105032906
9939,0.049867697
9940,0.023875788
9941,0.007949661
9942,0.062209412
9943,0.199364
9944,0.12275622
9945,0.009840474
9946,0.058729585
9947,0.0012749764
9948,0.0042628874
9949,0.016845368
9950,0.0003014537
9951,0.0016813263
9952,0.008652946
9953,0.004751338
9954,0.03117429
9955,0.02408302
9956,0.05919225
9957,0.043263495
9958,0.15009294
9959,0.012240946
9960,0.009448314
9961,0.13713726
9962,0.21449104
9963,0.0084507
9964,0.010898386
9965,0.020647846
9966,0.034497682
9967,0.020228148
9968,0.009845466
9969,0.019624965
9970,0.022442011
9971,0.02250965
9972,0.1089413
9973,0.012700298
9974,0.008473247
9975,0.01230979
9976,0.0132353185
9977,0.03537825
9978,0.03000926
9979,0.0045456663
9980,0.00033891964
9981,0.13020551
9982,0.026371926
9983,0.07380776
9984,0.0012589573
9985,0.010281967
9986,0.054185998
9987,0.03585468
9988,0.0037436688
9989,0.16883977
9990,0.088138744
9991,0.111106046
9992,0.055439357
9993,0.012225022
9994,0.20642808
9995,0.017540067
9996,0.012301634
9997,0.0045300163
9998,0.109532595
9999,0.06400162
10000,0.0072012004
10001,0.093708694
10002,0.0019402482
10003,0.012165789
10004,0.0007937642
10005,0.0020831628
10006,0.076965995
10007,0.005422694
10008,0.01028844
10009,0.018837448
10010,0.0694475
10011,0.0089230705
10012,0.013590314
10013,0.008733662
10014,0.08276354
10015,0.03950016
10016,0.14686354
10017,0.019011691
10018,0.01922678
10019,0.0016970538
10020,0.020199636
10021,0.021208212
10022,0.076502964
10023,0.008141778
10024,0.024470022
10025,0.027079595
10026,0.0065405956
10027,0.0096473
10028,0.026719496
10029,0.11277829
10030,0.21323644
10031,0.08809883
10032,0.019877844
10033,0.025870267
10034,0.034368407
10035,0.08137249
10036,0.052518412
10037,0.004882944
10038,0.055770528
10039,0.0011193096
10040,0.037466917
10041,0.13478178
10042,0.02770157
10043,0.0037331826
10044,0.026777377
10045,0.1188346
10046,0.021792714
10047,0.10298224
10048,0.30156127
10049,0.1968285
10050,0.019892689
10051,0.023864258
10052,0.046999764
10053,0.0109596215
10054,0.3053803
10055,0.0318809
10056,0.21734329
10057,0.08455332
10058,0.18980426
10059,0.0574418
10060,0.024080085
10061,0.018532982
10062,0.041867558
10063,0.0013726087
10064,0.21858883
10065,0.02815046
10066,0.6318192
10067,0.27414244
10068,0.005851091
10069,0.042597983
10070,0.06948591
10071,0.05199232
10072,0.0047825137
10073,0.04440368
10074,0.091563344
10075,0.0065387576
10076,0.036254756
10077,0.10099416
10078,0.15851718
10079,0.54096913
10080,0.5055739
10081,0.21272397
10082,0.13082516
10083,0.3196429
10084,0.008115463
10085,0.031160602
10086,0.0101852175
10087,0.04516282
10088,0.009617697
10089,0.19328049
10090,0.39368796
10091,0.12932241
10092,0.21335328
10093,0.4954164
10094,0.120837905
10095,0.0024392484
10096,0.39314166
10097,0.033139583
10098,0.49915564
10099,0.035512395
10100,0.07662014
10101,0.037382904
10102,0.060708802
10103,0.024499767
10104,0.07526401
10105,0.063388914
10106,0.043580655
10107,0.029862864
10108,0.070038535
10109,0.28246668
10110,0.07484827
10111,0.042357948
10112,0.04071702
10113,0.019771356
10114,0.024787735
10115,0.040395785
10116,0.013547308
10117,0.039748125
10118,0.1265807
10119,0.010969864
10120,0.05647948
10121,0.14740756
10122,0.097931854
10123,0.25392747
10124,0.021553317
10125,0.040863663
10126,0.016792508
10127,0.011235553
10128,0.015341646
10129,0.015419268
10130,0.015862672
10131,0.4506908
10132,0.071638204
10133,0.033843957
10134,0.35554382
10135,0.34570748
10136,0.06196087
10137,0.02998262
10138,0.014924064
10139,0.01831024
10140,0.026333462
10141,0.005940713
10142,0.042523094
10143,0.0022485775
10144,0.009849262
10145,0.06617649
10146,0.10565879
10147,0.10687278
10148,0.16245782
10149,0.4302119
10150,0.016489357
10151,0.0046983412
10152,0.04598777
10153,0.020249039
10154,0.019610649
10155,0.010416224
10156,0.032961003
10157,0.050865833
10158,0.2252586
10159,0.02806097
10160,0.05514392
10161,0.008922411
10162,0.059808195
10163,0.12887472
10164,0.44664773
10165,0.020623162
10166,0.028656658
10167,0.03077564
10168,0.026075818
10169,0.034254797
10170,0.070178546
10171,0.009423672
10172,0.034085263
10173,0.016587026
10174,0.14200698
10175,0.1899497
10176,0.111214705
10177,0.083605275
10178,0.09705407
10179,0.025587568
10180,0.029859794
10181,0.017095303
10182,0.024328344
10183,0.06141045
10184,0.057086125
10185,0.08858488
10186,0.012402242
10187,0.031335272
10188,0.025112463
10189,0.05646163
10190,0.021492986
10191,0.06503724
10192,0.031181933
10193,0.007025461
10194,0.091570854
10195,0.020944543
10196,0.10962437
10197,0.19589192
10198,0.12429938
10199,0.036456235
10200,0.029087512
10201,0.03741575
10202,0.096255206
10203,0.02025199
10204,0.015815942
10205,0.041583244
10206,0.24415064
10207,0.018928558
10208,0.0038343864
10209,0.017919058
10210,0.0649528
10211,0.052361924
10212,0.14474344
10213,0.106866695
10214,0.13585944
10215,0.055555046
10216,0.04427475
10217,0.03403551
10218,0.06644139
10219,0.07877917
10220,0.087546654
10221,0.06126271
10222,0.44795483
10223,0.11496842
10224,0.0317464
10225,0.08078686
10226,0.014166009
10227,0.065250635
10228,0.0101236105
10229,0.08523541
10230,0.025999058
10231,0.0028953084
10232,0.015777726
10233,0.017651511
10234,0.11581816
10235,0.04163682
10236,0.043637928
10237,0.059785392
10238,0.10498977
10239,0.16632468
10240,0.27704093
10241,0.09073124
10242,0.017915381
10243,0.1246653
10244,0.045581896
10245,0.0632541
10246,0.006520213
10247,0.007867748
10248,0.07366194
10249,0.047913585
10250,0.15538274
10251,0.10639032
10252,0.15818022
10253,0.051520325
10254,0.06061348
10255,0.013136741
10256,0.014733737
10257,0.017667057
10258,0.1189135
10259,0.010119333
10260,0.0016373751
10261,0.03081047
10262,0.00036796826
10263,0.005426007
10264,0.04997702
10265,0.05353286
10266,0.087886706
10267,0.15011418
10268,0.06943626
10269,0.18987346
10270,0.10381296
10271,0.1611454
10272,0.011579674
10273,0.09795294
10274,0.041196644
10275,0.069339775
10276,0.009628515
10277,0.019748202
10278,0.040761
10279,0.012716671
10280,0.013980058
10281,0.07294197
10282,0.06378041
10283,0.017830452
10284,0.048650943
10285,0.07617427
10286,0.026201922
10287,0.04926654
10288,0.0067217997
10289,0.011250685
10290,0.021847878
10291,0.0506511
10292,0.018578257
10293,0.043023746
10294,0.087534286
10295,0.04983217
10296,0.14181675
10297,0.28073508
10298,0.07357928
10299,0.07468319
10300,0.07830594
10301,0.14139208
10302,0.10832674
10303,0.12036203
10304,0.06365125
10305,0.019976338
10306,0.26592755
10307,0.06628722
10308,0.05917574
10309,0.054049753
10310,0.08278805
10311,0.018130984
10312,0.042377744
10313,0.008650449
10314,0.006904068
10315,0.055449486
10316,0.2232478
10317,0.05954295
10318,0.030427672
10319,0.08648041
10320,0.4675867
10321,0.08265444
10322,0.012796181
10323,0.11028307
10324,0.07409045
10325,0.2381474
10326,0.27323502
10327,0.103899665
10328,0.0063962094
10329,0.04552602
10330,0.11009727
10331,0.22292732
10332,0.045720052
10333,0.14128976
10334,0.0699226
10335,0.048908
10336,0.010341728
10337,0.015815273
10338,0.038499143
10339,0.043845452
10340,0.072974525
10341,0.010753372
10342,0.11076591
10343,0.16707925
10344,0.12159501
10345,0.12357643
10346,0.04669472
10347,0.126791
10348,0.17380057
10349,0.29529327
10350,0.08074174
10351,0.009409742
10352,0.059986886
10353,0.0033972717
10354,0.0089286
10355,0.060791887
10356,0.3564321
10357,0.03786393
10358,0.021121293
10359,0.3258751
10360,0.15374537
10361,0.016970476
10362,0.006716384
10363,0.05558892
10364,0.07400244
10365,0.17025353
10366,0.17101991
10367,0.07966452
10368,0.044839513
10369,0.19634311
10370,0.15774609
10371,0.16713582
10372,0.20673433
10373,0.3066788
10374,0.14404418
10375,0.008113274
10376,0.015788406
10377,0.059233148
10378,0.105374284
10379,0.056417305
10380,0.23860082
10381,0.9714948
10382,0.09150697
10383,0.033531398
10384,0.3061277
10385,0.054324348
10386,0.037646316
10387,0.23067209
10388,0.018953344
10389,0.028334187
10390,0.05823478
10391,0.081929035
10392,0.011575963
10393,0.043108612
10394,0.32263792
10395,0.032540273
10396,0.0982356
10397,0.21175133
10398,0.13087615
10399,0.25439405
10400,0.29245678
10401,0.30668312
10402,0.006954933
10403,0.28163916
10404,0.0694753
10405,0.16607685
10406,0.720503
10407,0.30581
10408,0.31868201
10409,0.003330403
10410,0.14194772
10411,0.016557064
10412,0.058013763
10413,0.017377097
10414,0.0051619257
10415,0.010114896
10416,0.049830418
10417,0.0071982685
10418,0.0032206718
10419,0.026765322
10420,0.05278881
10421,0.07205666
10422,0.061016183
10423,0.10795062
10424,0.09162869
10425,0.22590621
10426,0.16738729
10427,0.044077773
10428,0.101412654
10429,0.18998006
10430,0.025147125
10431,0.021539195
10432,1.0
10433,0.91225034
10434,0.46102437
10435,0.00543309
10436,0.008147255
10437,0.0019789466
10438,0.0061632493
10439,0.2994151
10440,0.021347972
10441,0.059276413
10442,0.0067203357
10443,0.0756646
10444,0.08683303
10445,0.038393416
10446,0.002846702
10447,0.29576078
10448,0.0022001243
10449,0.013791366
10450,0.10640829
10451,0.09451931
10452,0.09312678
10453,0.042645
10454,0.12963323
10455,0.09607742
10456,0.006520305
10457,0.006724637
10458,0.19754235
10459,0.10211122
10460,0.10930211
10461,0.98390466
10462,0.8400434
10463,0.61784035
10464,0.012240363
10465,0.03225412
10466,0.0045474353
10467,0.19370846
10468,0.06636559
10469,0.17915772
10470,0.02810666
10471,0.06857716
10472,0.028894655
10473,0.07048362
10474,0.111029595
10475,0.13970155
10476,0.12908961
10477,0.3694907
10478,0.34735557
10479,0.18943481
10480,0.1771547
10481,0.11303083
10482,0.11862154
10483,0.07957388
10484,0.03946334
10485,0.06397811
10486,0.13997056
10487,0.14922829
10488,0.17951262
10489,0.12882695
10490,0.046514235
10491,0.87376225
10492,0.99023753
10493,0.999651
10494,0.110754296
10495,0.043553438
10496,0.07945582
10497,0.1861432
10498,0.039927337
10499,0.019098356
10500,0.036872428
10501,0.049114913
10502,0.09552697
10503,0.0462672
10504,0.2516065
10505,0.8670053
10506,0.11173964
10507,0.14462256
10508,0.09696753
10509,0.21709298
10510,0.054961547
10511,0.18245727
10512,0.1175266
10513,0.05157099
10514,0.096241154
10515,0.09780242
10516,0.0660068
10517,0.043293145
10518,0.009948353
10519,0.31708986
10520,0.30891755
10521,0.199153
10522,0.044862393
10523,0.028942334
10524,0.07645727
10525,0.063656196
10526,0.2780933
10527,0.046161555
10528,0.034378737
10529,0.03156568
10530,0.04532242
10531,0.034096826
10532,0.06296603
10533,0.2333512
10534,0.54828
10535,0.29592302
10536,0.32042757
10537,0.10182255
10538,0.29242557
10539,0.21317865
10540,0.41912806
10541,0.067850314
10542,0.031826533
10543,0.0574476
10544,0.03351531
10545,0.13965158
10546,0.21807775
10547,0.12304775
10548,0.3726145
10549,0.22508676
10550,0.21324982
10551,0.99176073
10552,0.12687099
10553,0.1515502
10554,0.15198958
10555,0.025661826
10556,0.36456117
10557,0.07302993
10558,0.061073046
10559,0.042520586
10560,0.053295843
10561,0.16497841
10562,0.3442952
10563,0.3073486
10564,0.45613003
10565,0.33161712
10566,0.19439322
10567,0.14918102
10568,0.19761935
10569,0.0029959606
10570,0.14414702
10571,0.07956277
10572,0.009661997
10573,0.27893597
10574,0.2213742
10575,0.06761889
10576,0.5500269
10577,0.264442
10578,0.007137315
10579,0.088042855
10580,0.08165485
10581,0.06747436
10582,0.025697242
10583,0.016954478
10584,0.053963196
10585,0.08377508
10586,0.084693894
10587,0.15013519
10588,0.36819726
10589,0.8861232
10590,0.3916308
10591,0.2651068
10592,0.5404636
10593,0.11915131
10594,0.008765334
10595,0.06407547
10596,0.08460124
10597,0.08367168
10598,0.19265352
10599,0.05483539
10600,0.05119318
10601,0.0795458
10602,0.109913945
10603,0.04568212
10604,0.028247949
10605,0.06066268
10606,0.04072243
10607,0.008661961
10608,0.06360458
10609,0.032534435
10610,0.0050332393
10611,0.03541905
10612,0.06845978
10613,0.07028414
10614,0.10519412
10615,0.26811984
10616,0.2318297
10617,0.18676472
10618,0.60331494
10619,0.6081258
10620,0.29146388
10621,0.14998437
10622,0.005814755
10623,0.020085223
10624,0.053119015
10625,0.056378834
10626,0.014065078
10627,0.008652751
10628,0.039050784
10629,0.6150607
10630,0.042893954
10631,0.015904946
10632,0.102740504
10633,0.024723226
10634,0.050731838
10635,0.043108515
10636,0.08735904
10637,0.0058135195
10638,0.044794075
10639,0.013180682
10640,0.025147447
10641,0.042280365
10642,0.068580985
10643,0.12652363
10644,0.37286294
10645,0.21647051
10646,0.15298258
10647,0.85897315
10648,0.3551349
10649,0.3714684
10650,0.4572992
10651,0.07314161
10652,0.056705534
10653,0.051766336
10654,0.017362377
10655,0.009038214
10656,0.026092065
10657,0.0956436
10658,0.33886483
10659,0.08364461
10660,0.23317134
10661,0.028151803
10662,0.09916389
10663,0.071747735
10664,0.10932541
10665,0.11862646
10666,0.05776305
10667,0.008867737
10668,0.05990364
10669,0.09254963
10670,0.6946233
10671,0.19142003
10672,0.31510466
10673,0.19107926
10674,0.21924227
10675,0.18557884
10676,0.064161964
10677,0.02532145
10678,0.019709218
10679,0.0659399
10680,0.010181604
10681,0.107500225
10682,0.060241453
10683,0.12590487
10684,0.18364617
10685,0.020011835
10686,0.05922145
10687,0.00963478
10688,0.17019948
10689,0.04605031
10690,0.06824403
10691,0.14953114
10692,0.018524764
10693,0.10523237
10694,0.21791373
10695,0.10262708
10696,0.11562085
10697,0.0052731484
10698,0.14654116
10699,0.060849376
10700,0.014363354
10701,0.1246344
10702,0.06654554
10703,0.037272237
10704,0.007866507
10705,0.11924502
10706,0.008465122
10707,0.009842444
10708,0.016720856
10709,0.1354171
10710,0.00847034
10711,0.057999358
10712,0.058681156
10713,0.123339936
10714,0.018803554
10715,0.04474365
10716,0.0015254769
10717,0.044124573
10718,0.1671112
10719,0.34993476
10720,0.3497333
10721,0.04416078
10722,0.011193761
10723,0.01278756
10724,0.045225043
10725,0.021515103
10726,0.050251793
10727,0.012788323
10728,0.07265962
10729,0.2038085
10730,0.010927649
10731,0.027449444
10732,0.012776472
10733,0.0044102585
10734,0.017462261
10735,0.015780361
10736,0.090420805
10737,0.07992758
10738,0.2894617
10739,0.017613493
10740,0.011767883
10741,0.02702286
10742,0.09813567
10743,0.1554364
10744,0.2927943
10745,0.051410813
10746,0.012369994
10747,0.09552283
10748,0.021551978
10749,0.008644162
10750,0.04602504
10751,0.09937183
10752,0.08853913
10753,0.0067230407
10754,0.010973171
10755,0.018226624
10756,0.006717001
10757,0.25429896
10758,0.014974575
10759,0.013922949
10760,0.084620446
10761,0.054055773
10762,0.04809531
10763,0.045575254
10764,0.04017362
10765,0.095381476
10766,0.33673868
10767,0.01875019
10768,0.0037644056
10769,0.014365401
10770,0.06861666
10771,0.027375517
10772,0.054005988
10773,0.17803726
10774,0.058388203
10775,0.23807248
10776,0.11294393
10777,0.04359113
10778,0.03948815
10779,0.050908856
10780,0.009658896
10781,0.29766893
10782,0.07846168
10783,0.037406176
10784,0.065063156
10785,0.06120142
10786,0.00088569993
10787,0.0063284514
10788,0.31850415
10789,0.4930839
10790,0.12481913
10791,0.064983815
10792,0.051469244
10793,0.06291522
10794,0.03867851
10795,0.08581092
10796,0.12089292
10797,0.062354315
10798,0.9311278
10799,0.015821358
10800,0.063450284
10801,0.034278445
10802,0.09157524
10803,0.001392199
10804,0.022762844
10805,0.18173335
10806,0.37243232
10807,0.07203464
10808,0.18113428
10809,0.020015324
10810,0.02229136
10811,0.014546227
10812,0.08579168
10813,0.03920342
10814,0.026466753
10815,0.04322212
10816,0.012291272
10817,0.1027235
10818,0.020675434
10819,0.09594304
10820,0.04721715
10821,0.038722537
10822,0.013765679
10823,0.032598495
10824,0.08514021
10825,0.052201718
10826,0.020763626
10827,0.021256015
10828,0.04782252
10829,0.54700834
10830,0.11275241
10831,0.048265003
10832,0.051097993
10833,0.04869354
10834,0.08391378
10835,0.09307215
10836,0.025156105
10837,0.024014538
10838,0.45320457
10839,0.042147346
10840,0.0034967097
10841,0.036269
10842,0.085490644
10843,0.14667293
10844,0.06410871
10845,0.0377225
10846,0.019600669
10847,0.23128211
10848,0.0108118225
10849,0.041556966
10850,0.036981124
10851,0.053812694
10852,0.034398686
10853,0.003981395
10854,0.18528363
10855,0.07976924
10856,0.005026027
10857,0.012799265
10858,0.04929779
10859,0.13285169
10860,0.10981169
10861,0.054752704
10862,0.020179106
10863,0.0032432592
10864,0.021502415
10865,0.050885268
10866,0.18459754
10867,0.08922448
10868,0.0065205405
10869,0.0006388217
10870,0.011815003
10871,0.005466866
10872,0.014653832
10873,0.010294458
10874,0.017441532
10875,0.0077576335
10876,0.008651114
10877,0.01160977
10878,0.014377807
10879,0.0047768084
10880,0.024866402
10881,0.0039016625
10882,0.026669398
10883,0.16472596
10884,0.0077621564
10885,0.012239748
10886,0.13318326
10887,0.19527389
10888,0.024336591
10889,0.013918766
10890,0.022982348
10891,0.008467792
10892,0.018048273
10893,0.026744459
10894,0.019150693
10895,0.0071983356
10896,0.014076379
10897,0.05978245
10898,0.013339174
10899,0.008472258
10900,0.007037947
10901,0.051430345
10902,0.028437072
10903,0.035384495
10904,0.05710144
10905,0.0063284514
10906,0.14428076
10907,0.055316478
10908,0.0674593
10909,0.0077595743
10910,0.003997597
10911,0.0209026
10912,0.01091013
10913,0.054177865
10914,0.017368777
10915,0.0040002097
10916,0.008151949
10917,0.0034766616
10918,0.008645779
10919,0.15191345
10920,0.06453812
10921,0.08333343
10922,0.02813712
10923,0.012224033
10924,0.0034818538
10925,0.012301191
10926,0.14530921
10927,0.0067207594
10928,0.016537648
10929,0.06996086
10930,0.004686245
10931,0.05225618
10932,0.0063310927
10933,0.12515166
10934,0.024402035
10935,0.025577571
10936,0.028470833
10937,0.02332879
10938,0.006328349
10939,0.0016739599
10940,0.010288675
10941,0.02022967
10942,0.01804911
10943,0.04261194
10944,0.016351532
10945,0.029789323
10946,0.06296429
10947,0.04550669
10948,0.15622215
10949,0.05621953
10950,0.022912046
10951,0.0054290253
10952,0.006517939
10953,0.01118864
10954,0.05986842
10955,0.004723331
10956,0.014143574
10957,0.015776776
10958,0.03201986
10959,0.012222179
10960,0.0034551467
10961,0.043575536
10962,0.12632075
10963,0.2223358
10964,0.05815664
10965,0.02035781
10966,0.056897245
10967,0.08981887
10968,0.052457657
10969,0.030729668
10970,0.019589351
10971,0.14078756
10972,0.09159011
10973,0.018095532
10974,0.056925863
10975,0.052368514
10976,0.032435607
10977,0.0242178
10978,0.07818986
10979,0.07682547
10980,0.083566226
10981,0.14979492
10982,0.14306712
10983,0.019893171
10984,0.004625265
10985,0.014107324
10986,0.36701596
10987,0.02015255
10988,0.2694117
10989,0.19825284
10990,0.15633792
10991,0.0574645
10992,0.024842212
10993,0.024081334
10994,0.052396867
10995,0.13106377
10996,0.028151786
10997,0.6120426
10998,0.10905542
10999,0.04259844
11000,0.08522221
11001,0.077858016
11002,0.026842102
11003,0.021264333
11004,0.07191963
11005,0.088601634
11006,0.017059019
11007,0.013762361
11008,0.019584438
11009,0.15735939
11010,0.2282985
11011,0.4571175
11012,0.37346673
11013,0.051763486
11014,0.13117936
11015,0.025058188
11016,0.14504106
11017,0.29030308
11018,0.0114595145
11019,0.047057502
11020,0.06840894
11021,0.050306026
11022,0.14222969
11023,0.39304367
11024,0.043067943
11025,0.13933036
11026,0.49253982
11027,0.1895899
11028,0.42474154
11029,0.09451755
11030,0.4943646
11031,0.041596252
11032,0.07146274
11033,0.035445485
11034,0.06347324
11035,0.03944448
11036,0.07914223
11037,0.07123147
11038,0.0092554055
11039,0.03678357
11040,0.2827005
11041,0.07484618
11042,0.0319711
11043,0.079729185
11044,0.0743729
11045,0.020153549
11046,0.015436883
11047,0.005941531
11048,0.039748583
11049,0.10327791
11050,0.027206253
11051,0.11594542
11052,0.17530592
11053,0.25998765
11054,0.021556623
11055,0.094766095
11056,0.091583684
11057,0.036375344
11058,0.049846552
11059,0.015419381
11060,0.5375974
11061,0.08388974
11062,0.08023702
11063,0.67664057
11064,0.33515915
11065,0.06755076
11066,0.0015761247
11067,0.018311566
11068,0.00045998432
11069,0.0059416667
11070,0.04557656
11071,0.008114661
11072,0.08688139
11073,0.10678301
11074,0.09723898
11075,0.34206572
11076,0.4914395
11077,0.007040056
11078,0.022768356
11079,0.044759348
11080,0.01014046
11081,0.002850867
11082,0.02008635
11083,0.007820091
11084,0.051598173
11085,0.20513792
11086,0.020049753
11087,0.042699028
11088,0.010313844
11089,0.010278577
11090,0.109980255
11091,0.021188596
11092,0.16208604
11093,0.3424263
11094,0.01147767
11095,0.057747167
11096,0.017439673
11097,0.037525665
11098,0.017905887
11099,0.078799024
11100,0.042366255
11101,0.016527357
11102,0.027520051
11103,0.0026345043
11104,0.13098723
11105,0.13979472
11106,0.088385575
11107,0.025660615
11108,0.065176
11109,0.028545829
11110,0.04433011
11111,0.07242237
11112,0.07667347
11113,0.096864924
11114,0.048407726
11115,0.1265057
11116,0.024147352
11117,0.02986186
11118,0.025526963
11119,0.030860063
11120,0.063958906
11121,0.046952117
11122,0.02094523
11123,0.08154741
11124,0.18487614
11125,0.17410392
11126,0.03866378
11127,0.010327912
11128,0.0402856
11129,0.054088213
11130,0.031050334
11131,0.01581682
11132,0.06837733
11133,0.044562787
11134,0.24616912
11135,0.023033852
11136,0.010682577
11137,0.045973912
11138,0.052977253
11139,0.070870824
11140,0.16743474
11141,0.12623313
11142,0.12265302
11143,0.05556006
11144,0.0365462
11145,0.03220526
11146,0.060968757
11147,0.1036124
11148,0.011595023
11149,0.06977427
11150,0.05229155
11151,0.45167688
11152,0.09431316
11153,0.006742921
11154,0.012359223
11155,0.10107884
11156,0.008668249
11157,0.02199065
11158,0.04353853
11159,0.011523177
11160,0.060022805
11161,0.03855599
11162,0.021422632
11163,0.033934973
11164,0.1609856
11165,0.071301214
11166,0.058519457
11167,0.0719057
11168,0.08899307
11169,0.083844624
11170,0.26165622
11171,0.0892403
11172,0.015396234
11173,0.120817006
11174,0.029913038
11175,0.06657817
11176,0.006521193
11177,0.007867835
11178,0.09531783
11179,0.014707482
11180,0.16705917
11181,0.05946063
11182,0.14438255
11183,0.034163125
11184,0.046418507
11185,0.012094649
11186,0.0068614515
11187,0.16140516
11188,0.010119343
11189,0.046473514
11190,0.044992346
11191,0.014516832
11192,0.03406921
11193,0.0634506
11194,0.05570256
11195,0.10266634
11196,0.13500908
11197,0.09437762
11198,0.19190802
11199,0.13076821
11200,0.14159931
11201,0.0077334773
11202,0.1157001
11203,0.048599415
11204,0.07298925
11205,0.009629495
11206,0.035253786
11207,0.15227428
11208,0.020990187
11209,0.021551125
11210,0.041324034
11211,0.0040194844
11212,0.075720616
11213,0.103491694
11214,0.0021870218
11215,0.03442574
11216,0.0017394447
11217,0.01916283
11218,0.087771945
11219,0.048330765
11220,0.032501165
11221,0.0922873
11222,0.059201635
11223,0.17611304
11224,0.32008338
11225,0.06063405
11226,0.08154253
11227,0.06500474
11228,0.11426501
11229,0.08272919
11230,0.101764865
11231,0.076414466
11232,0.009631636
11233,0.009410583
11234,0.0038050332
11235,0.2773647
11236,0.081361495
11237,0.045168083
11238,0.056993183
11239,0.122756094
11240,0.010080328
11241,0.046621922
11242,0.020070199
11243,0.07782034
11244,0.33638415
11245,0.05954016
11246,0.03944961
11247,0.11071952
11248,0.6147074
11249,0.07286014
11250,0.015004893
11251,0.13233079
11252,0.0940439
11253,0.18640365
11254,0.2939591
11255,0.10521262
11256,0.020015704
11257,0.049515862
11258,0.0439706
11259,0.07301763
11260,0.16691396
11261,0.023859974
11262,0.18481329
11263,0.08364037
11264,0.012180166
11265,0.014932268
11266,0.011839103
11267,0.01581518
11268,0.04766043
11269,0.045861866
11270,0.075634316
11271,0.012367996
11272,0.14735475
11273,0.14408547
11274,0.12747985
11275,0.13789108
11276,0.06704351
11277,0.12452589
11278,0.21950036
11279,0.22547361
11280,0.048549313
11281,0.009409753
11282,0.09091728
11283,0.025929097
11284,0.040152356
11285,0.35722184
11286,0.046062417
11287,0.036464084
11288,0.27685583
11289,0.19404648
11290,0.005215003
11291,0.05991399
11292,0.066839546
11293,0.1369361
11294,0.21951765
11295,0.009404897
11296,0.082547516
11297,0.030652648
11298,0.13440475
11299,0.12097765
11300,0.14910582
11301,0.19316937
11302,0.30626458
11303,0.120708
11304,0.037513044
11305,0.08176417
11306,0.045464918
11307,0.2830954
11308,0.93817097
11309,0.09151316
11310,0.046526704
11311,0.2556582
11312,0.018935595
11313,0.06748103
11314,0.23087478
11315,0.015801378
11316,0.06814477
11317,0.10414805
11318,0.005212915
11319,0.03626508
11320,0.0042852554
11321,0.2993247
11322,0.02664342
11323,0.07406408
11324,0.1954524
11325,0.10943322
11326,0.21594109
11327,0.28050095
11328,0.29449454
11329,0.035771783
11330,0.21360034
11331,0.095278814
11332,0.13265577
11333,0.89486873
11334,0.3546312
11335,0.3565633
11336,0.028593883
11337,0.12422373
11338,0.061753403
11339,0.022909908
11340,0.019727644
11341,0.011170318
11342,0.019606944
11343,0.074732736
11344,0.00719912
11345,0.009405538
11346,0.020065222
11347,0.022152204
11348,0.06881672
11349,0.11575581
11350,0.07367409
11351,0.10166162
11352,0.21126005
11353,0.11583237
11354,0.033853795
11355,0.12445469
11356,0.20411305
11357,0.036471367
11358,0.038701314
11359,0.9694005
11360,0.7646379
11361,0.5997557
11362,0.005433231
11363,0.023897074
11364,0.024821414
11365,0.29865482
11366,0.06494124
11367,0.042102966
11368,0.1171876
11369,0.09623735
11370,0.09114428
11371,0.007858971
11372,0.31277105
11373,0.01324561
11374,0.024216956
11375,0.1523655
11376,0.10779065
11377,0.09682338
11378,0.04643137
11379,0.123394325
11380,0.08314261
11381,0.021176787
11382,0.14913058
11383,0.098343775
11384,0.07015523
11385,0.99949366
11386,0.7574531
11387,0.6427957
11388,0.0069866767
11389,0.038738128
11390,0.001910868
11391,0.16884056
11392,0.091373794
11393,0.18754627
11394,0.021573994
11395,0.052451175
11396,0.030771272
11397,0.063418366
11398,0.110043846
11399,0.15494563
11400,0.096595936
11401,0.35470942
11402,0.31016096
11403,0.18705593
11404,0.14957438
11405,0.10245922
11406,0.07041191
11407,0.10536432
11408,0.05273334
11409,0.040188033
11410,0.009605008
11411,0.1204719
11412,0.14020328
11413,0.114573754
11414,0.08773841
11415,0.013629914
11416,0.9273251
11417,1.0
11418,1.0
11419,0.074267305
11420,0.04242435
11421,0.08365309
11422,0.16978732
11423,0.011656956
11424,0.009499097
11425,0.03928358
11426,0.049115624
11427,0.07566099
11428,0.04293828
11429,0.2812535
11430,0.7030878
11431,0.10389807
11432,0.104950406
11433,0.0997263
11434,0.1943999
11435,0.0805453
11436,0.18135339
11437,0.0946276
11438,0.03009241
11439,0.08534481
11440,0.13477921
11441,0.04530904
11442,0.0420976
11443,0.036878206
11444,0.31857103
11445,0.30545616
11446,0.13220252
11447,0.05594397
11448,0.0041330727
11449,0.06479355
11450,0.10109873
11451,0.24707764
11452,0.006556663
11453,0.061100695
11454,0.04685138
11455,0.046166293
11456,0.022426292
11457,0.05796197
11458,0.060351316
11459,0.19586961
11460,0.5527953
11461,0.26600528
11462,0.22450517
11463,0.12959696
11464,0.25328618
11465,0.16721295
11466,0.53786606
11467,0.051221427
11468,0.018515477
11469,0.002547834
11470,0.07033381
11471,0.12500638
11472,0.15520452
11473,0.068755515
11474,0.33079794
11475,0.26280937
11476,0.21694233
11477,1.0
11478,0.08022377
11479,0.0003514628
11480,0.17008942
11481,0.16548103
11482,0.01706009
11483,0.0012278315
11484,0.25707477
11485,0.069395244
11486,0.022716835
11487,0.05318337
11488,0.07401328
11489,0.12917684
11490,0.2873856
11491,0.35164094
11492,0.42791882
11493,0.28982794
11494,0.16767433
11495,0.15173647
11496,0.21816379
11497,0.0042466773
11498,0.0724027
11499,0.10067623
11500,0.08202044
11501,0.31213757
11502,0.21767971
11503,0.05400225
11504,0.43143305
11505,0.31860003
11506,0.0052486733
11507,0.07470711
11508,0.07960819
11509,0.08693136
11510,0.060520925
11511,0.037348945
11512,0.0145993745
11513,0.04662358
11514,0.12856522
11515,0.06740285
11516,0.14805663
11517,0.31743363
11518,0.7467503
11519,0.33885646
11520,0.25810647
11521,0.45442972
11522,0.101146266
11523,0.07965269
11524,0.08459867
11525,0.10746038
11526,0.16957343
11527,0.034250617
11528,0.010872395
11529,0.11777309
11530,0.14926763
11531,0.038771287
11532,0.0017003845
11533,0.014220184
11534,0.027488606
11535,0.015688168
11536,0.05727809
11537,0.0122047225
11538,0.012474294
11539,0.0532028
11540,0.04704997
11541,0.08063827
11542,0.22383787
11543,0.18699248
11544,0.14156881
11545,0.6328368
11546,0.50236374
11547,0.29661888
11548,0.12089901
11549,0.023944998
11550,0.062416106
11551,0.1467215
11552,0.009345146
11553,0.008652736
11554,0.008978856
11555,0.7373676
11556,0.020959878
11557,0.015905902
11558,0.06655341
11559,0.05912408
11560,0.08387643
11561,0.024232615
11562,0.048393972
11563,0.0064903456
11564,0.03068477
11565,0.034870382
11566,0.096704364
11567,0.12052329
11568,0.39479297
11569,0.2510074
11570,0.13782932
11571,0.8116099
11572,0.31362364
11573,0.33020502
11574,0.2501214
11575,0.028530015
11576,0.043152094
11577,0.04188823
11578,0.029794771
11579,0.024963528
11580,0.029841682
11581,0.047540944
11582,0.42386848
11583,0.117064685
11584,0.32577226
11585,0.007926697
11586,0.07964024
11587,0.08263599
11588,0.17051552
11589,0.12290836
11590,0.034288377
11591,0.015308068
11592,0.00033820944
11593,0.03061213
11594,0.092538066
11595,0.70813656
11596,0.21265289
11597,0.33297548
11598,0.20339347
11599,0.26437378
11600,0.17431931
11601,0.05820851
11602,0.047044847
11603,0.019710544
11604,0.0045068976
11605,0.062154666
11606,0.03216795
11607,0.09542802
11608,0.06545919
11609,0.10677678
11610,0.19134016
11611,0.020012189
11612,0.04360868
11613,0.17019017
11614,0.007469691
11615,0.007863322
11616,0.106546044
11617,0.14848176
11618,0.024779238
11619,0.13033544
11620,0.19922967
11621,0.06413644
11622,0.06811705
11623,0.14658882
11624,0.07662956
11625,0.015818646
11626,0.15534087
11627,0.11127648
11628,0.031744134
11629,0.007867561
11630,0.16290718
11631,0.007866866
11632,0.03212349
11633,0.08183286
11634,0.060992964
11635,0.16199698
11636,0.047241256
11637,0.04941235
11638,0.05181668
11639,0.1518188
11640,0.35482478
11641,0.39004263
11642,0.09885321
11643,0.011194741
11644,0.013270247
11645,0.021516403
11646,0.013309251
11647,0.026014382
11648,0.06647323
11649,0.18951878
11650,0.03038203
11651,0.04072474
11652,0.014381408
11653,0.017462347
11654,0.0089198565
11655,0.015780607
11656,0.101145744
11657,0.09199634
11658,0.3066474
11659,0.017356092
11660,0.017884832
11661,0.032964945
11662,0.06419271
11663,0.1287005
11664,0.2850524
11665,0.09116114
11666,0.022340212
11667,0.067723535
11668,0.0020905137
11669,0.043599233
11670,0.058317527
11671,0.13953036
11672,0.049915846
11673,0.012721294
11674,0.010973391
11675,0.003859906
11676,0.010295133
11677,0.21857446
11678,0.017687457
11679,0.024563022
11680,0.1006295
11681,0.08711938
11682,0.030989198
11683,0.021492928
11684,0.032539025
11685,0.0796562
11686,0.32577467
11687,0.026674666
11688,0.003765283
11689,0.013331569
11690,0.0053229355
11691,0.05751843
11692,0.038837265
11693,0.058329195
11694,0.14685462
11695,0.0420323
11696,0.21651064
11697,0.06536031
11698,0.04301982
11699,0.0069720363
11700,0.04839999
11701,0.0349607
11702,0.007942972
11703,0.26124847
11704,0.03313439
11705,0.020900903
11706,0.0851294
11707,0.07202931
11708,0.0063293027
11709,0.00811039
11710,0.34372756
11711,0.5448754
11712,0.106325984
11713,0.035398576
11714,0.061187137
11715,0.062007975
11716,0.0157964
11717,0.08851493
11718,0.09837231
11719,0.04734177
11720,0.75338715
11721,0.05067184
11722,0.045225646
11723,0.06822879
11724,0.0037808553
11725,0.06427846
11726,0.15293059
11727,0.3541554
11728,0.06592899
11729,0.11724778
11730,0.020015704
11731,0.0047756396
11732,0.03933184
11733,0.09033454
11734,0.044047438
11735,0.0414811
11736,0.09154198
11737,0.06695564
11738,0.040170837
11739,0.023221707
11740,0.043829262
11741,0.051753715
11742,0.06874951
11743,0.038371768
11744,0.0054078014
11745,0.040309343
11746,0.07045896
11747,0.1194996
11748,0.021301338
11749,0.060617913
11750,0.55432636
11751,0.18993634
11752,0.08558233
11753,0.008112963
11754,0.0136590395
11755,0.002276678
11756,0.05785432
11757,0.07560181
11758,0.006330991
11759,0.0058999117
11760,0.3350844
11761,0.019832743
11762,0.050380163
11763,0.18583387
11764,0.019897813
11765,0.09886099
11766,0.056407046
11767,0.0341339
11768,0.020622507
11769,0.23599479
11770,0.04301328
11771,0.054566316
11772,0.004780114
11773,0.017495478
11774,0.032294646
11775,0.054883517
11776,0.013260785
11777,0.014449253
11778,0.1326213
11779,0.08990029
11780,0.012775739
11781,0.00039969003
11782,0.015292051
11783,0.15214713
11784,0.06298444
11785,0.0555279
11786,0.013108855
11787,0.0041857967
11788,0.05992224
11789,0.059059773
11790,0.13768537
11791,0.18159983
11792,0.0065205493
11793,0.0067146085
11794,0.061760187
11795,0.023293406
11796,0.005063423
11797,0.024079664
11798,0.012301124
11799,0.0071964036
11800,0.008651354
11801,0.01586392
11802,0.014377792
11803,0.0050258087
11804,0.020892777
11805,0.010088507
11806,0.06130968
11807,0.14749207
11808,0.012240703
11809,0.09242461
11810,0.01216015
11811,0.2216688
11812,0.008449824
11813,0.018203702
11814,0.044748053
11815,0.0067198356
11816,0.0063293027
11817,0.033337887
11818,0.0019144211
11819,0.0071983445
11820,0.006980698
11821,0.026809787
11822,0.002987364
11823,0.0070379307
11824,0.05424379
11825,0.007860563
11826,0.05974422
11827,0.013188045
11828,0.030005826
11829,0.014375973
11830,0.013319741
11831,0.00033797446
11832,0.15772508
11833,0.04534351
11834,0.06513717
11835,0.007199315
11836,0.0039976337
11837,0.008641265
11838,0.025968269
11839,0.010911086
11840,0.018155327
11841,0.06408754
11842,0.013278202
11843,0.18970744
11844,0.034643736
11845,0.099429
11846,0.063323714
11847,0.004267467
11848,0.11810815
11849,0.028235795
11850,0.009405606
11851,0.0045312066
11852,0.08708248
11853,0.008664757
11854,0.05947446
11855,0.10814273
11856,0.016636336
11857,0.013308677
11858,0.05067861
11859,0.026235586
11860,0.013331912
11861,0.0012297652
11862,0.010288788
11863,0.017798213
11864,0.0037103747
11865,0.010294464
11866,0.026697434
11867,0.06111827
11868,0.042487975
11869,0.0040002186
11870,0.14014871
11871,0.031973954
11872,0.011606049
11873,0.0126613
11874,0.0039970046
11875,0.015378872
11876,0.07465084
11877,0.022844737
11878,0.027535511
11879,0.016868493
11880,0.016366407
11881,0.012223135
11882,0.029722404
11883,0.10505579
11884,0.19835185
11885,0.018309321
11886,0.056670416
11887,0.019280046
11888,0.03436922
11889,0.03815654
11890,0.019612867
11891,0.05245809
11892,0.016134277
11893,0.044985726
11894,0.0338262
11895,0.003092432
11896,0.113984995
11897,0.07290784
11898,0.03066682
11899,0.024846861
11900,0.026778782
11901,0.085035585
11902,0.046322893
11903,0.03147221
11904,0.17763558
11905,0.063178755
11906,0.09159137
11907,0.04701627
11908,0.37775242
11909,0.04369426
11910,0.23249358
11911,0.08613728
11912,0.15706153
11913,0.0574555
11914,0.024081413
11915,0.052981757
11916,0.13960186
11917,0.019928759
11918,0.634978
11919,0.1457198
11920,0.11344561
11921,0.14793837
11922,0.060243137
11923,0.008686109
11924,0.05500507
11925,0.040286455
11926,0.017059123
11927,0.013762364
11928,0.05120147
11929,0.14633296
11930,0.11111108
11931,0.4217693
11932,0.34388125
11933,0.035670973
11934,0.095694475
11935,0.025059162
11936,0.08088537
11937,0.23790742
11938,0.0004348148
11939,0.013685858
11940,0.04028927
11941,0.06141209
11942,0.04578739
11943,0.097885594
11944,0.26737094
11945,0.052791048
11946,0.20580335
11947,0.41783258
11948,0.19432883
11949,0.021633696
11950,0.4942244
11951,0.04539897
11952,0.4945689
11953,0.035532292
11954,0.046979398
11955,0.08975095
11956,0.037274335
11957,0.039879374
11958,0.15249313
11959,0.10046061
11960,0.00591367
11961,0.004312838
11962,0.29812852
11963,0.07652371
11964,0.030677386
11965,0.069487214
11966,0.12295489
11967,0.0029102578
11968,0.004290593
11969,0.0059407186
11970,0.03974998
11971,0.10158452
11972,0.16081446
11973,0.097620666
11974,0.05636904
11975,0.22464602
11976,0.01918575
11977,0.04228937
11978,0.011864709
11979,0.023562735
11980,0.012828627
11981,0.36935502
11982,0.14973995
11983,0.07870651
11984,0.4245964
11985,0.35288745
11986,0.0054351836
11987,0.058634568
11988,0.03728408
11989,0.012351001
11990,0.0183108
11991,0.017516516
11992,0.015783846
11993,0.005941797
11994,0.046049226
11995,0.010750089
11996,0.0081147915
11997,0.1023135
11998,0.073790036
11999,0.09549231
12000,0.25328043
12001,0.4924021
12002,0.0062311906
12003,0.014378965
12004,0.064661704
12005,0.0101415105
12006,0.019612106
12007,0.02899648
12008,0.016305575
12009,0.042752273
12010,0.21971034
12011,0.00691098
12012,0.059928082
12013,0.01027911
12014,0.06475022
12015,0.005747712
12016,0.16473208
12017,0.3560935
12018,0.007038611
12019,0.026434354
12020,0.044792164
12021,0.017876023
12022,0.027360993
12023,0.008143867
12024,0.06747046
12025,0.009424758
12026,0.026047176
12027,0.0110091325
12028,0.13099338
12029,0.12129779
12030,0.1178746
12031,0.06876931
12032,0.07216929
12033,0.023808802
12034,0.04653972
12035,0.06365077
12036,0.05375464
12037,0.11297974
12038,0.075751185
12039,0.119588286
12040,0.0070521524
12041,0.03091353
12042,0.030271651
12043,0.04133906
12044,0.043702103
12045,0.08073344
12046,0.022476083
12047,0.0059359986
12048,0.112902686
12049,0.21400335
12050,0.20733792
12051,0.05355134
12052,0.055386327
12053,0.025281671
12054,0.12686004
12055,0.03574762
12056,0.015815953
12057,0.03894048
12058,0.0077477116
12059,0.024232537
12060,0.17027931
12061,0.024594128
12062,0.023437481
12063,0.04783674
12064,0.063639544
12065,0.08580342
12066,0.12796767
12067,0.15521657
12068,0.14967832
12069,0.03096436
12070,0.03991633
12071,0.03301766
12072,0.06369149
12073,0.062317796
12074,0.06305459
12075,0.030583886
12076,0.42022237
12077,0.1334218
12078,0.016852006
12079,0.093880035
12080,0.066171944
12081,0.050600383
12082,0.027465047
12083,0.0034710043
12084,0.10788714
12085,0.021665158
12086,0.02638062
12087,0.025149114
12088,0.119273916
12089,0.06227094
12090,0.067455456
12091,0.061910175
12092,0.059100237
12093,0.13922063
12094,0.32428324
12095,0.06822922
12096,0.023308361
12097,0.07629631
12098,0.026396321
12099,0.07477096
12100,0.01622703
12101,0.007868809
12102,0.04088976
12103,0.026672628
12104,0.1023173
12105,0.028431313
12106,0.10525277
12107,0.018803513
12108,0.07122778
12109,0.025365658
12110,0.15260835
12111,0.010119448
12112,0.036911886
12113,0.04131842
12114,0.032798063
12115,0.012239643
12116,0.008108138
12117,0.03210314
12118,0.043533813
12119,0.040852174
12120,0.068029664
12121,0.15011239
12122,0.096865125
12123,0.19864213
12124,0.14358106
12125,0.1306333
12126,0.033360757
12127,0.14614004
12128,0.02563856
12129,0.07419415
12130,0.026353706
12131,0.14451261
12132,0.043254744
12133,0.02411607
12134,0.06625103
12135,0.014871952
12136,0.027340315
12137,0.06664968
12138,0.079747245
12139,0.04988156
12140,0.022201657
12141,0.085665815
12142,0.041828495
12143,0.06842438
12144,0.064219415
12145,0.081910774
12146,0.13954738
12147,0.293009
12148,0.09416115
12149,0.08017701
12150,0.049885098
12151,0.07326531
12152,0.06908287
12153,0.10448032
12154,0.08371661
12155,0.026895246
12156,0.2924334
12157,0.04909822
12158,0.07917555
12159,0.017790852
12160,0.1367557
12161,0.02720149
12162,0.0040460387
12163,0.009531099
12164,0.053185143
12165,0.3454161
12166,0.04800382
12167,0.049267456
12168,0.10527942
12169,0.595866
12170,0.06794275
12171,0.00078648777
12172,0.12204254
12173,0.055694323
12174,0.23926124
12175,0.273223
12176,0.075614564
12177,0.020014836
12178,0.055425733
12179,0.07899874
12180,0.15158753
12181,0.014848246
12182,0.17363356
12183,0.093103886
12184,0.04060147
12185,0.0042847884
12186,0.013150791
12187,0.046423055
12188,0.06704361
12189,0.0819002
12190,0.014409419
12191,0.11537115
12192,0.09553771
12193,0.14002013
12194,0.09291286
12195,0.03307659
12196,0.11287386
12197,0.2180018
12198,0.22008565
12199,0.025522668
12200,0.062227353
12201,0.04224964
12202,0.060790945
12203,0.53231937
12204,0.044734858
12205,0.01287134
12206,0.27719575
12207,0.21244587
12208,0.013180762
12209,0.071358316
12210,0.047076862
12211,0.2045647
12212,0.1947013
12213,0.065235265
12214,0.05248406
12215,0.12242377
12216,0.11284595
12217,0.18514858
12218,0.16347982
12219,0.2634158
12220,0.102104045
12221,0.034997717
12222,0.056898933
12223,0.03770019
12224,0.30584714
12225,0.91541207
12226,0.0915049
12227,0.043608446
12228,0.2685524
12229,0.005400666
12230,0.034546502
12231,0.23783304
12232,0.011820881
12233,0.10242027
12234,0.0972237
12235,0.019869674
12236,0.083009794
12237,0.0042848173
12238,0.35018516
12239,0.019561805
12240,0.094432816
12241,0.18103212
12242,0.11543185
12243,0.21223138
12244,0.26101607
12245,0.3465316
12246,0.029683
12247,0.17668559
12248,0.1124969
12249,0.15198195
12250,0.69859093
12251,0.44701523
12252,0.35406223
12253,0.030358456
12254,0.15297578
12255,0.0033746797
12256,0.03759445
12257,0.011170424
12258,0.053548068
12259,0.0065193307
12260,0.007034705
12261,0.0020690325
12262,0.04237293
12263,0.064638264
12264,0.10984614
12265,0.1349918
12266,0.09382837
12267,0.198799
12268,0.10039433
12269,0.014733688
12270,0.08662066
12271,0.20940466
12272,0.0356473
12273,0.98920023
12274,0.7739152
12275,0.49654648
12276,0.028394427
12277,0.022298139
12278,0.040464453
12279,0.3549292
12280,0.094213866
12281,0.061042834
12282,0.004268538
12283,0.09164193
12284,0.07684399
12285,0.04900364
12286,0.001230938
12287,0.2513887
12288,0.01324604
12289,0.030877637
12290,0.11436133
12291,0.117134884
12292,0.072048806
12293,0.05148295
12294,0.1762651
12295,0.09141344
12296,0.021176865
12297,0.15018456
12298,0.12115773
12299,0.09666694
12300,1.0
12301,0.84776294
12302,0.6123664
12303,0.08637296
12304,0.02515982
12305,0.007201672
12306,0.20589925
12307,0.14919564
12308,0.24603345
12309,0.036254585
12310,0.04559834
12311,0.022279186
12312,0.054851674
12313,0.06538383
12314,0.15770988
12315,0.12532316
12316,0.33780494
12317,0.2772649
12318,0.18972965
12319,0.110633135
12320,0.11124188
12321,0.06696242
12322,0.10662342
12323,0.042099662
12324,0.048519745
12325,0.009809703
12326,0.1525727
12327,0.16695315
12328,0.03516081
12329,0.105102934
12330,0.033546757
12331,0.90304685
12332,1.0
12333,1.0
12334,0.060481798
12335,0.0074581467
12336,0.19138502
12337,0.011604976
12338,0.19790863
12339,0.03013041
12340,0.008472037
12341,0.012242492
12342,0.03192161
12343,0.10468797
12344,0.038778756
12345,0.25473648
12346,0.73644596
12347,0.08291756
12348,0.0984602
12349,0.07755752
12350,0.17372972
12351,0.055724986
12352,0.19020607
12353,0.12654632
12354,0.008168484
12355,0.106969126
12356,0.09905144
12357,0.043470465
12358,0.01456051
12359,0.020983107
12360,0.27832934
12361,0.2628254
12362,0.13736255
12363,0.06715888
12364,0.06767445
12365,0.09966718
12366,0.2218827
12367,0.024193687
12368,0.060049403
12369,0.031094005
12370,0.013797208
12371,0.0670473
12372,0.04445142
12373,0.18453339
12374,0.50055116
12375,0.28106675
12376,0.22243673
12377,0.123104505
12378,0.2071055
12379,0.18206695
12380,0.49420467
12381,0.03466542
12382,0.016998818
12383,0.0049086763
12384,0.022700882
12385,0.07500527
12386,0.16701573
12387,0.16224147
12388,0.32083645
12389,0.2464619
12390,0.2374478
12391,0.99070305
12392,0.1258366
12393,0.017355412
12394,0.09919234
12395,0.20012179
12396,0.050344974
12397,0.20283304
12398,0.063704744
12399,0.0068161213
12400,0.045589574
12401,0.03733308
12402,0.17206399
12403,0.23615934
12404,0.30656996
12405,0.4217458
12406,0.25511575
12407,0.18227221
12408,0.15537125
12409,0.22799695
12410,0.00039957537
12411,0.16688365
12412,0.0674894
12413,0.08515701
12414,0.27964303
12415,0.28316876
12416,0.05686385
12417,0.4537911
12418,0.23610306
12419,0.098042555
12420,0.03740869
12421,0.105485484
12422,0.033922702
12423,0.009850232
12424,0.02819253
12425,0.0051577454
12426,0.081995726
12427,0.107681714
12428,0.072470486
12429,0.17076552
12430,0.2991242
12431,0.73373437
12432,0.3394177
12433,0.23469226
12434,0.4563623
12435,0.09687493
12436,0.11915378
12437,0.06084622
12438,0.13088655
12439,0.20400849
12440,0.0606275
12441,0.040812287
12442,0.07117295
12443,0.15732753
12444,0.0016995188
12445,0.01998226
12446,0.08963063
12447,0.030823436
12448,0.044342082
12449,0.011092383
12450,0.03248644
12451,0.0063297744
12452,0.012205437
12453,0.019084143
12454,0.03026405
12455,0.068347834
12456,0.09710892
12457,0.16772856
12458,0.20225921
12459,0.13237034
12460,0.54931897
12461,0.54220885
12462,0.28351584
12463,0.111320935
12464,0.0348119
12465,0.020085605
12466,0.060621
12467,0.09781567
12468,0.012716929
12469,0.006972086
12470,0.91783005
12471,0.04408813
12472,0.038990133
12473,0.036082264
12474,0.11943326
12475,0.033520184
12476,0.07138177
12477,0.0036031206
12478,0.032909825
12479,0.013181303
12480,0.009663002
12481,0.033628058
12482,0.10643674
12483,0.11262947
12484,0.42399973
12485,0.26918775
12486,0.13142587
12487,0.8734836
12488,0.3246692
12489,0.31352293
12490,0.23668906
12491,0.007201185
12492,0.02616811
12493,0.024122557
12494,0.043747503
12495,0.0483166
12496,0.055777512
12497,0.040324524
12498,0.09294056
12499,0.39308885
12500,0.12614964
12501,0.26564473
12502,0.015724141
12503,0.0869459
12504,0.13092947
12505,0.14135395
12506,0.16677104
12507,0.020637175
12508,0.019599827
12509,0.008110923
12510,0.038692933
12511,0.13862036
12512,0.6454073
12513,0.24198653
12514,0.3530088
12515,0.23479281
12516,0.2588539
12517,0.15777752
12518,0.0763074
12519,0.020776281
12520,0.019710649
12521,0.012288222
12522,0.038338464
12523,0.02553731
12524,0.12698147
12525,0.10190134
12526,0.1364305
12527,0.23724955
12528,0.01010895
12529,0.02963721
12530,0.21022387
12531,0.018357828
12532,0.012357844
12533,0.02076764
12534,0.013126149
12535,0.09829166
12536,0.1076009
12537,0.03400324
12538,0.112481296
12539,0.17171632
12540,0.09091248
12541,0.10640609
12542,0.014691989
12543,0.1096714
12544,0.09794347
12545,0.017432671
12546,0.14465094
12547,0.11915135
12548,0.022367308
12549,0.017709026
12550,0.007866774
12551,0.13603184
12552,0.014435099
12553,0.07068801
12554,0.05282201
12555,0.08023801
12556,0.16786945
12557,0.017976582
12558,0.05266697
12559,0.0063292226
12560,0.046017464
12561,0.16588815
12562,0.3066795
12563,0.45463762
12564,0.049856547
12565,0.029978167
12566,0.0014227949
12567,0.032714143
12568,0.0659107
12569,0.1379106
12570,0.0010136198
12571,0.020206878
12572,0.008454279
12573,0.0066494546
12574,0.008920064
12575,0.07679687
12576,0.09079118
12577,0.26032847
12578,0.0039609945
12579,0.019176312
12580,0.03208868
12581,0.04584485
12582,0.17023686
12583,0.25527343
12584,0.06869572
12585,0.0062745837
12586,0.123193555
12587,0.030635571
12588,0.013728992
12589,0.057861526
12590,0.13950981
12591,0.052787043
12592,0.009850316
12593,0.010973496
12594,0.0036679201
12595,0.010295238
12596,0.20388079
12597,0.024387231
12598,0.013601145
12599,0.11255645
12600,0.08265858
12601,0.043539308
12602,0.020908505
12603,0.030696794
12604,0.042176675
12605,0.28345802
12606,0.042527746
12607,0.0037653877
12608,0.007861104
12609,0.039926156
12610,0.04340042
12611,0.08947667
12612,0.10152725
12613,0.053537473
12614,0.20741864
12615,0.073522635
12616,0.071055084
12617,0.012153775
12618,0.041676145
12619,0.02413982
12620,0.008199097
12621,0.22154517
12622,0.09149543
12623,0.060020257
12624,0.042376433
12625,0.07303636
12626,0.07637953
12627,0.0063289925
12628,0.008111893
12629,0.33061957
12630,0.6246244
12631,0.13426688
12632,0.04695721
12633,0.060615037
12634,0.062007092
12635,0.025763003
12636,0.06500057
12637,0.07645311
12638,0.117846005
12639,0.748404
12640,0.010992567
12641,0.06670478
12642,0.040798925
12643,0.08413195
12644,0.029703686
12645,0.017882444
12646,0.06999319
12647,0.35454577
12648,0.07545251
12649,0.1153318
12650,0.020016678
12651,0.027500825
12652,0.009400361
12653,0.02299964
12654,0.09158534
12655,0.022712052
12656,0.0025780697
12657,0.024596797
12658,0.09152957
12659,0.08686591
12660,0.03950704
12661,0.019110518
12662,0.03967219
12663,0.029731765
12664,0.0694182
12665,0.049292397
12666,0.02236202
12667,0.0085815545
12668,0.07255818
12669,0.09323315
12670,0.01691828
12671,0.04019779
12672,0.5606549
12673,0.110957764
12674,0.10993589
12675,0.04238905
12676,0.07787788
12677,0.044774912
12678,0.054017622
12679,0.0158297
12680,0.038356833
12681,0.36759967
12682,0.024907134
12683,0.005430636
12684,0.0022479754
12685,0.015729452
12686,0.0022538872
12687,0.08799346
12688,0.010141503
12689,0.09352035
12690,0.04789359
12691,0.044289682
12692,0.046514496
12693,0.21811025
12694,0.009925331
12695,0.008937258
12696,0.019192424
12697,0.048778366
12698,0.042644337
12699,0.1348574
12700,0.0841559
12701,0.012775206
12702,0.012799355
12703,0.015837844
12704,0.07593901
12705,0.1557398
12706,0.079401016
12707,0.06519215
12708,0.07592592
12709,0.03271571
12710,0.07781507
12711,0.014728893
12712,0.02695215
12713,0.1477101
12714,0.13907921
12715,0.0047810613
12716,0.0077615506
12717,0.008104986
12718,0.022867437
12719,0.011815444
12720,0.015273525
12721,0.015801108
12722,0.013589785
12723,0.010373309
12724,0.0029881422
12725,0.025910305
12726,0.012250101
12727,0.008923597
12728,0.020892747
12729,0.041836772
12730,0.073982105
12731,0.11935957
12732,0.0045331367
12733,0.007815982
12734,0.007230299
12735,0.13972513
12736,0.232236
12737,0.0047257547
12738,0.020190274
12739,0.016353102
12740,0.037623093
12741,0.0101216035
12742,0.0029889883
12743,0.029924074
12744,0.00044296266
12745,0.0071998215
12746,0.005224618
12747,0.02855129
12748,0.0047812043
12749,0.008473319
12750,0.0070389803
12751,0.03248423
12752,0.013611888
12753,0.0027954457
12754,0.039724354
12755,0.014376131
12756,0.0077203023
12757,0.006329835
12758,0.13685068
12759,0.017318383
12760,0.052232403
12761,0.005814394
12762,0.0039983476
12763,0.008641473
12764,0.046101615
12765,0.010910323
12766,0.03106541
12767,0.017712973
12768,0.032461483
12769,0.011840353
12770,0.22055438
12771,0.030167483
12772,0.09776726
12773,0.0017550021
12774,0.099325515
12775,0.025646577
12776,0.0032223284
12777,0.0045317644
12778,0.087091655
12779,0.02097317
12780,0.11099508
12781,0.0065207714
12782,0.15504321
12783,0.011473279
12784,0.020193832
12785,0.025580226
12786,0.006053777
12787,0.015584234
12788,0.0067923395
12789,0.0047729504
12790,0.002568421
12791,0.015546509
12792,0.004778144
12793,0.018027956
12794,0.07301042
12795,0.08114993
12796,0.14219971
12797,0.043691363
12798,0.021582805
12799,0.0039974046
12800,0.010752434
12801,0.02639837
12802,0.077882215
12803,0.02654238
12804,0.016471818
12805,0.014822446
12806,0.0049813734
12807,0.055217613
12808,0.019604767
12809,0.0147514725
12810,0.08076126
12811,0.14474742
12812,0.018309426
12813,0.04263073
12814,0.011424129
12815,0.038155653
12816,0.08031101
12817,0.031235434
12818,0.016069358
12819,0.08492699
12820,0.0031209632
12821,0.030870017
12822,0.0397455
12823,0.10743911
12824,0.043783363
12825,0.031508397
12826,0.08443575
12827,0.039565288
12828,0.08162622
12829,0.10412389
12830,0.1510372
12831,0.09240658
12832,0.08306541
12833,0.015832428
12834,0.31929037
12835,0.07452268
12836,0.34307137
12837,0.11521227
12838,0.14298886
12839,0.0459975
12840,0.076484576
12841,0.13315459
12842,0.03775905
12843,0.7054077
12844,0.11600598
12845,0.10164364
12846,0.14624988
12847,0.08882986
12848,0.0106111495
12849,0.09380062
12850,0.021636147
12851,0.010300369
12852,0.013762675
12853,0.05933173
12854,0.086227015
12855,0.16315153
12856,0.45205837
12857,0.31899044
12858,0.042392287
12859,0.025059141
12860,0.20049508
12861,0.1499222
12862,0.045620907
12863,0.09329274
12864,0.021638824
12865,0.048183102
12866,0.10292055
12867,0.27125528
12868,0.058791026
12869,0.16428173
12870,0.49169958
12871,0.16410355
12872,0.45214432
12873,0.011109796
12874,0.060914375
12875,0.41236213
12876,0.071608886
12877,0.04037268
12878,0.07439571
12879,0.010876825
12880,0.02450063
12881,0.04772755
12882,0.06735317
12883,0.037245587
12884,0.026554743
12885,0.021983543
12886,0.08405205
12887,0.24647962
12888,0.08210106
12889,0.03342904
12890,0.06948406
12891,0.09424568
12892,0.08518071
12893,0.009859872
12894,0.03974906
12895,0.058905326
12896,0.015265743
12897,0.101645455
12898,0.18132664
12899,0.011980441
12900,0.2789862
12901,0.010198566
12902,0.035704374
12903,0.023562714
12904,0.012722242
12905,0.015419465
12906,0.4902549
12907,0.14964823
12908,0.04779664
12909,0.4255498
12910,0.42035064
12911,0.023545327
12912,0.04983071
12913,0.018310914
12914,0.04216602
12915,0.0065464294
12916,0.005941776
12917,0.026391272
12918,0.09157434
12919,0.008113902
12920,0.09883672
12921,0.03886756
12922,0.20262668
12923,0.2938878
12924,0.35587737
12925,0.0027670457
12926,0.06831394
12927,0.025142841
12928,0.001524479
12929,0.0028558532
12930,0.04480833
12931,0.1864861
12932,0.019591775
12933,0.008580504
12934,0.010313928
12935,0.010735396
12936,0.06473523
12937,0.099809885
12938,0.44572708
12939,0.018961903
12940,0.06388381
12941,0.010384461
12942,0.010953824
12943,0.03670305
12944,0.06928808
12945,0.009651188
12946,0.027295785
12947,0.049465656
12948,0.11100393
12949,0.16173366
12950,0.10645742
12951,0.088942945
12952,0.058319096
12953,0.011093632
12954,0.046540663
12955,0.049220093
12956,0.05720323
12957,0.09320191
12958,0.102158956
12959,0.09611885
12960,0.0023257409
12961,0.042511553
12962,0.022806624
12963,0.017873676
12964,0.024770398
12965,0.029698445
12966,0.05654938
12967,0.0017409829
12968,0.13127498
12969,0.19332713
12970,0.20763122
12971,0.039420176
12972,0.011982746
12973,0.03535589
12974,0.077232026
12975,0.04886951
12976,0.015816879
12977,0.07936399
12978,0.007411295
12979,0.14679056
12980,0.022524336
12981,0.034017183
12982,0.045975097
12983,0.0058109188
12984,0.044659015
12985,0.075462736
12986,0.13842334
12987,0.12370012
12988,0.13603558
12989,0.080124214
12990,0.049500138
12991,0.011182577
12992,0.06096604
12993,0.06521988
12994,0.005225311
12995,0.099990755
12996,0.039492074
12997,0.3899395
12998,0.15813081
12999,0.12124538
13000,0.05370982
13001,0.026761305
13002,0.022844011
13003,0.015804218
13004,0.17996863
13005,0.07048995
13006,0.014865741
13007,0.02224989
13008,0.11419097
13009,0.036494162
13010,0.04033406
13011,0.060359985
13012,0.0970314
13013,0.15028389
13014,0.33718574
13015,0.06428994
13016,0.015397077
13017,0.09540321
13018,0.018630585
13019,0.046324704
13020,0.010069523
13021,0.007867919
13022,0.07093336
13023,0.023703616
13024,0.1109443
13025,0.03240684
13026,0.1210917
13027,0.017634654
13028,0.052166935
13029,0.0127473725
13030,0.015824143
13031,0.018194575
13032,0.11532486
13033,0.019033933
13034,0.0965401
13035,0.042001847
13036,0.034358498
13037,0.010280972
13038,0.0077572362
13039,0.038697332
13040,0.028915944
13041,0.059802696
13042,0.07459537
13043,0.13097441
13044,0.10350497
13045,0.18094797
13046,0.121927075
13047,0.112438984
13048,0.041577008
13049,0.089063846
13050,0.070320584
13051,0.013259143
13052,0.026353583
13053,0.15825205
13054,0.06570708
13055,0.015280983
13056,0.039739456
13057,0.028516306
13058,0.015783062
13059,0.022419285
13060,0.071913
13061,0.05877023
13062,0.011251647
13063,0.022745727
13064,0.048867676
13065,0.0157827
13066,0.043024905
13067,0.08474964
13068,0.09633287
13069,0.1927377
13070,0.33403698
13071,0.103287056
13072,0.07381834
13073,0.060513444
13074,0.091405086
13075,0.08605496
13076,0.100717664
13077,0.035570815
13078,0.0101185115
13079,0.0019010107
13080,0.26454693
13081,0.036437318
13082,0.06441392
13083,0.031078134
13084,0.07602825
13085,0.0017394224
13086,0.02401261
13087,0.018715678
13088,0.030408531
13089,0.037846263
13090,0.27543774
13091,0.036311943
13092,0.043332037
13093,0.11729132
13094,0.5023753
13095,0.05241198
13096,0.015875896
13097,0.11459881
13098,0.039440136
13099,0.20367198
13100,0.220546
13101,0.0665571
13102,0.0003426118
13103,0.011252081
13104,0.0803391
13105,0.0721356
13106,0.033498988
13107,0.14614654
13108,0.05948645
13109,0.050727144
13110,0.014425281
13111,0.044642717
13112,0.026864987
13113,0.07297105
13114,0.01759254
13115,0.08055415
13116,0.10493291
13117,0.15258726
13118,0.086852096
13119,0.03707257
13120,0.08905695
13121,0.13692546
13122,0.20784208
13123,0.05659988
13124,0.009409939
13125,0.09464061
13126,0.016998317
13127,0.060786247
13128,0.5498394
13129,0.029858597
13130,0.03225277
13131,0.3170786
13132,0.17011583
13133,0.01318074
13134,0.055132996
13135,0.07776531
13136,0.21634878
13137,0.24602126
13138,0.06605198
13139,0.06682875
13140,0.09761779
13141,0.0879656
13142,0.14175771
13143,0.16053487
13144,0.30712044
13145,0.12670423
13146,0.025184534
13147,0.047686063
13148,0.00715439
13149,0.025854222
13150,0.19453543
13151,0.87172776
13152,0.09150583
13153,0.021626668
13154,0.26134342
13155,0.012700325
13156,0.023240222
13157,0.2209008
13158,0.02838311
13159,0.04696461
13160,0.06905694
13161,0.017595716
13162,0.110599674
13163,0.0058142035
13164,0.33924055
13165,0.026885575
13166,0.071272135
13167,0.21910697
13168,0.084973596
13169,0.19959174
13170,0.27442494
13171,0.3008524
13172,0.21501309
13173,0.10935431
13174,0.13781421
13175,0.61728895
13176,0.34044254
13177,0.42446053
13178,0.033487864
13179,0.12324497
13180,0.055523094
13181,0.025273228
13182,0.08066716
13183,0.0071987887
13184,0.0070347334
13185,0.0038911928
13186,0.04770348
13187,0.07347778
13188,0.080904834
13189,0.07106263
13190,0.070009276
13191,0.19562893
13192,0.14412592
13193,0.06422287
13194,0.116071425
13195,0.23170751
13196,0.030320058
13197,0.95433855
13198,0.7324568
13199,0.50130576
13200,0.0054331827
13201,0.017734127
13202,0.008419322
13203,0.04101514
13204,0.3071062
13205,0.12329246
13206,0.044059224
13207,0.008111595
13208,0.09076683
13209,0.08334599
13210,0.0416011
13211,0.0034752046
13212,0.21190843
13213,0.013246964
13214,0.0027189292
13215,0.119172625
13216,0.1105892
13217,0.044853467
13218,0.062300332
13219,0.17123464
13220,0.14555532
13221,0.021175899
13222,0.120398335
13223,0.14002639
13224,0.063519076
13225,0.9849534
13226,0.83897454
13227,0.6144921
13228,0.002892339
13229,0.034916587
13230,0.025159935
13231,0.017263735
13232,0.29512918
13233,0.1231207
13234,0.19711186
13235,0.017966198
13236,0.052458588
13237,0.0098471325
13238,0.10472822
13239,0.046841517
13240,0.12723161
13241,0.27099252
13242,0.284924
13243,0.25578287
13244,0.15738633
13245,0.12119518
13246,0.08466146
13247,0.07410117
13248,0.09722537
13249,0.0363568
13250,0.03981328
13251,0.006713502
13252,0.14219935
13253,0.14480828
13254,0.07641441
13255,0.12262915
13256,0.044667717
13257,0.904046
13258,0.999906
13259,0.98188657
13260,0.17724447
13261,0.029890986
13262,0.09652127
13263,0.17786343
13264,0.026390031
13265,0.039748378
13266,0.011639408
13267,0.0324054
13268,0.088169545
13269,0.020726401
13270,0.28188813
13271,0.7419095
13272,0.069485344
13273,0.11090315
13274,0.05580858
13275,0.16667672
13276,0.054960113
13277,0.1651085
13278,0.12440659
13279,0.02290599
13280,0.111341484
13281,0.096691124
13282,0.07964741
13283,0.04564427
13284,0.02150958
13285,0.3188842
13286,0.31658226
13287,0.2181622
13288,0.03700739
13289,0.06299521
13290,0.11381885
13291,0.19722669
13292,0.011918401
13293,0.03025088
13294,0.029733663
13295,0.04800417
13296,0.025914552
13297,0.058553077
13298,0.032200288
13299,0.17357925
13300,0.4289982
13301,0.22631633
13302,0.21763512
13303,0.103549115
13304,0.17784414
13305,0.13746369
13306,0.49697772
13307,0.037888456
13308,0.01249068
13309,0.04015421
13310,0.03870057
13311,0.15216142
13312,0.15183662
13313,0.12602527
13314,0.28332257
13315,0.25488043
13316,0.19023247
13317,0.98081034
13318,0.13127105
13319,0.00066056836
13320,0.16322124
13321,0.2219695
13322,0.006739354
13323,0.010375358
13324,0.13492157
13325,0.06370243
13326,0.018449869
13327,0.060233682
13328,0.06570606
13329,0.13391359
13330,0.20538867
13331,0.25466686
13332,0.34544578
13333,0.2641383
13334,0.14982803
13335,0.16625454
13336,0.22365023
13337,0.010369027
13338,0.027974995
13339,0.18993936
13340,0.0905681
13341,0.082964376
13342,0.33977777
13343,0.25515127
13344,0.033488292
13345,0.4611466
13346,0.2202424
13347,0.08423061
13348,0.11427772
13349,0.096863866
13350,0.03392268
13351,0.0098502105
13352,0.0121563105
13353,0.03035961
13354,0.023455722
13355,0.06599229
13356,0.10051341
13357,0.03924945
13358,0.16775684
13359,0.2658317
13360,0.73477626
13361,0.3686476
13362,0.2486924
13363,0.4227201
13364,0.078643546
13365,0.09292893
13366,0.095089264
13367,0.11375635
13368,0.16671035
13369,0.041308388
13370,0.004808674
13371,0.06091164
13372,0.11597473
13373,0.0017004684
13374,0.01646344
13375,0.11786944
13376,0.020659458
13377,0.05546469
13378,0.01786723
13379,0.01910959
13380,0.0063288854
13381,0.007825187
13382,0.008876139
13383,0.045089643
13384,0.06688076
13385,0.09973437
13386,0.16302082
13387,0.1823969
13388,0.16630171
13389,0.54336137
13390,0.46031725
13391,0.27052516
13392,0.15249898
13393,0.053539265
13394,0.020086557
13395,0.061336238
13396,0.1466814
13397,0.016954845
13398,0.026881926
13399,0.8823207
13400,0.010668833
13401,0.011230017
13402,0.059850853
13403,0.028921425
13404,0.14377783
13405,0.0010372249
13406,0.063844025
13407,0.05388684
13408,0.013182149
13409,0.00035229875
13410,0.06339953
13411,0.09283556
13412,0.103320055
13413,0.37041333
13414,0.26497203
13415,0.1003999
13416,0.8224726
13417,0.30653447
13418,0.3205287
13419,0.2038333
13420,0.042437624
13421,0.017906772
13422,0.008750436
13423,0.06119214
13424,0.06019955
13425,0.02451253
13426,0.059860803
13427,0.3924819
13428,0.10642455
13429,0.26765057
13430,0.0063502095
13431,0.042034287
13432,0.11823839
13433,0.1579849
13434,0.14385127
13435,0.03588551
13436,0.01407256
13437,0.008110954
13438,0.056279052
13439,0.13189757
13440,0.73132724
13441,0.19783154
13442,0.39236605
13443,0.24317569
13444,0.22195403
13445,0.15996255
13446,0.04656778
13447,0.042930786
13448,0.012289171
13449,0.079104476
13450,0.02097076
13451,0.14646582
13452,0.09912377
13453,0.116294794
13454,0.22388943
13455,0.031058546
13456,0.06836024
13457,0.009635819
13458,0.16248454
13459,0.036797807
13460,0.016354028
13461,0.13785727
13462,0.14882626
13463,0.018525654
13464,0.00073481683
13465,0.11784024
13466,0.1736836
13467,0.054321595
13468,0.11759817
13469,0.07528682
13470,0.13985302
13471,0.09962532
13472,0.03532905
13473,0.1851313
13474,0.11125623
13475,0.0052760495
13476,0.007866802
13477,0.15494077
13478,0.00786695
13479,0.005790462
13480,0.09864659
13481,0.038461618
13482,0.047815084
13483,0.099087276
13484,0.032275435
13485,0.02747535
13486,0.006329814
13487,0.04983859
13488,0.14975503
13489,0.29129416
13490,0.38878533
13491,0.05366774
13492,0.011193855
13493,0.028887331
13494,0.021515643
13495,0.029855471
13496,0.08587382
13497,0.14503215
13498,0.010928714
13499,0.018110527
13500,0.023878299
13501,0.023257196
13502,0.0017639744
13503,0.0039772643
13504,0.044190746
13505,0.08510521
13506,0.26213846
13507,0.00048597314
13508,0.013699329
13509,0.021530872
13510,0.0535767
13511,0.1420623
13512,0.26688594
13513,0.05472166
13514,0.012371033
13515,0.07639022
13516,0.047243275
13517,0.05831764
13518,0.16379242
13519,0.028989919
13520,0.010974186
13521,0.00048668904
13522,0.010295217
13523,0.1775737
13524,0.03150395
13525,0.0026120185
13526,0.011623969
13527,0.12890355
13528,0.046671268
13529,0.045729965
13530,0.010141809
13531,0.030290961
13532,0.06465102
13533,0.29860488
13534,0.013131458
13535,0.0065887724
13536,0.011205433
13537,0.07679216
13538,0.02276522
13539,0.117076844
13540,0.08285902
13541,0.2612922
13542,0.08689207
13543,0.0072131883
13544,0.012152886
13545,0.021577679
13546,0.029895775
13547,0.034744117
13548,0.18000278
13549,0.13379447
13550,0.018171158
13551,0.046812657
13552,0.05633047
13553,0.006328869
13554,0.008111004
13555,0.35635182
13556,0.70869875
13557,0.106343284
13558,0.06054394
13559,0.00077729195
13560,0.06941444
13561,0.06601038
13562,0.014862315
13563,0.12899296
13564,0.028328741
13565,0.113785915
13566,0.9487748
13567,0.016709408
13568,0.047665972
13569,0.008388912
13570,0.07340789
13571,0.037863094
13572,0.01746479
13573,0.04277445
13574,0.0927589
13575,0.37478855
13576,0.06319794
13577,0.19806457
13578,0.020016657
13579,0.05374293
13580,0.068033375
13581,0.014179734
13582,0.09410093
13583,0.014577133
13584,0.00518661
13585,0.07803161
13586,0.014586514
13587,0.024026098
13588,0.004990838
13589,0.019122573
13590,0.016638324
13591,0.15159272
13592,0.027462875
13593,0.018143082
13594,0.03447991
13595,0.034242354
13596,0.13514598
13597,0.031829443
13598,0.06379594
13599,0.5691465
13600,0.20683163
13601,0.089107916
13602,0.02671545
13603,0.08155427
13604,0.040457275
13605,0.29875097
13606,0.023947267
13607,0.008647571
13608,0.005431837
13609,0.015729431
13610,0.009503271
13611,0.0910844
13612,0.015707329
13613,0.14172477
13614,0.060664184
13615,0.037723634
13616,0.03453203
13617,0.21099645
13618,0.019743063
13619,0.012314156
13620,0.01851377
13621,0.019789223
13622,0.06596035
13623,0.06566027
13624,0.10137553
13625,0.07670738
13626,0.010159451
13627,0.012799436
13628,0.0062809796
13629,0.043188546
13630,0.11259476
13631,0.052604213
13632,0.044268962
13633,0.05496194
13634,0.022839569
13635,0.075743444
13636,0.014729842
13637,0.05682784
13638,0.15822591
13639,0.09914107
13640,0.067162685
13641,0.007844626
13642,0.0040419423
13643,0.03399862
13644,0.017798066
13645,0.014091035
13646,0.007197458
13647,0.0030457298
13648,0.009667173
13649,0.020893596
13650,0.006109128
13651,0.05513354
13652,0.12438877
13653,0.012240787
13654,0.123481646
13655,0.00892598
13656,0.24666825
13657,0.008449805
13658,0.022239268
13659,0.03311392
13660,0.0015269681
13661,0.025790004
13662,0.0067155324
13663,0.015903391
13664,0.0004904601
13665,0.005830631
13666,0.014165859
13667,0.008472352
13668,0.017975522
13669,0.025499456
13670,0.0011252189
13671,0.052241594
13672,0.007738065
13673,0.0109710675
13674,0.008511308
13675,0.1415733
13676,0.012874029
13677,0.04233811
13678,0.019939603
13679,0.0039981944
13680,0.009397916
13681,0.0037480681
13682,0.024557784
13683,0.001464108
13684,0.063243486
13685,0.0003245836
13686,0.16658132
13687,0.021227643
13688,0.060120974
13689,0.06393448
13690,0.012224969
13691,0.09224011
13692,0.035709597
13693,0.010121423
13694,0.07376872
13695,0.007846363
13696,0.09502552
13697,0.104032405
13698,0.035523746
13699,0.0038650208
13700,0.0056120805
13701,0.035725355
13702,0.018508578
13703,0.01028925
13704,0.013126939
13705,0.008469202
13706,0.042951528
13707,0.008922278
13708,0.050772175
13709,0.10251544
13710,0.08226256
13711,0.1893451
13712,0.013111014
13713,0.03862722
13714,0.018764637
13715,0.04111058
13716,0.003997281
13717,0.03835738
13718,0.06754288
13719,0.018697573
13720,0.023370828
13721,0.010677574
13722,0.017031597
13723,0.02422662
13724,0.012222273
13725,0.015947523
13726,0.04783854
13727,0.115418464
13728,0.096750386
13729,0.018308535
13730,0.018550485
13731,0.019279517
13732,0.0051495214
13733,0.0850921
13734,0.07294699
13735,0.04657866
13736,0.09938435
13737,0.016561871
13738,0.09185423
13739,0.05052384
13740,0.012195766
13741,0.08377803
13742,0.025569633
13743,0.0056898776
13744,0.024849849
13745,0.0296328
13746,0.112659894
13747,0.063322924
13748,0.07961776
13749,0.06465207
13750,0.19808672
13751,0.13180058
13752,0.028247682
13753,0.012363076
13754,0.27246907
13755,0.055724848
13756,0.3096868
13757,0.08359117
13758,0.06513659
13759,0.024083659
13760,0.022351122
13761,0.17081596
13762,0.028141078
13763,0.7404961
13764,0.2166247
13765,0.08408045
13766,0.21897988
13767,0.024676295
13768,0.010614708
13769,0.022480931
13770,0.12754694
13771,0.007926466
13772,0.017061664
13773,0.014456023
13774,0.02882601
13775,0.18152678
13776,0.14886162
13777,0.5369051
13778,0.54463404
13779,0.056863714
13780,0.12875664
13781,0.22030091
13782,0.036834627
13783,0.04254452
13784,0.01594421
13785,0.098356344
13786,0.17377195
13787,0.32635948
13788,0.061091438
13789,0.35300544
13790,0.46067518
13791,0.021635717
13792,0.3420928
13793,0.054338466
13794,0.41543788
13795,0.054382596
13796,0.09103197
13797,0.026745869
13798,0.02086149
13799,0.024503367
13800,0.117763594
13801,0.14275908
13802,0.009667988
13803,0.045705847
13804,0.032796554
13805,0.20863251
13806,0.08864493
13807,0.029739453
13808,0.072264224
13809,0.091709636
13810,0.08307622
13811,0.03782477
13812,0.014159506
13813,0.0023302499
13814,0.1699731
13815,0.02415343
13816,0.031266827
13817,0.29155064
13818,0.29335788
13819,0.021552455
13820,0.096743405
13821,0.026478194
13822,0.36949307
13823,0.027147334
13824,0.11393072
13825,0.4181746
13826,0.36672303
13827,0.057539046
13828,0.0341747
13829,0.018313814
13830,0.010056603
13831,0.0059442897
13832,0.051048975
13833,0.010753675
13834,0.09182485
13835,0.13967596
13836,0.05837616
13837,0.06810734
13838,0.3044231
13839,0.35481745
13840,0.012750417
13841,0.014382193
13842,0.0730216
13843,0.01806433
13844,0.0072003957
13845,0.015289617
13846,0.022285862
13847,0.06397489
13848,0.28353176
13849,0.020053072
13850,0.027849346
13851,0.108671896
13852,0.15294921
13853,0.44763193
13854,0.0070420965
13855,0.040008858
13856,0.050331254
13857,0.029699719
13858,0.0047011073
13859,0.0542707
13860,0.0081016505
13861,0.01653081
13862,0.024973715
13863,0.15787376
13864,0.16740009
13865,0.10182874
13866,0.093660906
13867,0.06889572
13868,0.010916311
13869,0.0059604812
13870,0.043152053
13871,0.049786158
13872,0.046679985
13873,0.09526442
13874,0.05829534
13875,0.09550573
13876,0.010360893
13877,0.03263744
13878,0.030677238
13879,0.013261704
13880,0.02149369
13881,0.026788194
13882,0.043489814
13883,0.09183971
13884,0.020656656
13885,0.09344894
13886,0.17531589
13887,0.21957973
13888,0.045576792
13889,0.0585581
13890,0.015146177
13891,0.08636161
13892,0.033655904
13893,0.0034410374
13894,0.12889735
13895,0.02662544
13896,0.14177646
13897,0.024240892
13898,0.050499607
13899,0.030804949
13900,0.005808122
13901,0.051913325
13902,0.09173038
13903,0.15504156
13904,0.109847754
13905,0.11763266
13906,0.0555219
13907,0.026350884
13908,0.020892879
13909,0.07115855
13910,0.05145078
13911,0.011597769
13912,0.09748612
13913,0.008041063
13914,0.41371408
13915,0.13321908
13916,0.11424684
13917,0.069296636
13918,0.035941612
13919,0.034269217
13920,0.019683661
13921,0.0010251326
13922,0.08850565
13923,0.017261403
13924,0.011125212
13925,0.00037654152
13926,0.03455425
13927,0.05402328
13928,0.046611916
13929,0.05064152
13930,0.10116576
13931,0.1457896
13932,0.2780039
13933,0.03949211
13934,0.009443647
13935,0.0850108
13936,0.008092965
13937,0.04938677
13938,0.006523816
13939,0.012305081
13940,0.08668149
13941,0.06437796
13942,0.09974571
13943,0.01351967
13944,0.088399194
13945,0.0164693
13946,0.043401368
13947,0.014990559
13948,0.018185232
13949,0.018196765
13950,0.16371512
13951,0.064035065
13952,0.052286383
13953,0.0031685901
13954,0.027776293
13955,0.026411586
13956,0.03659718
13957,0.035635322
13958,0.04766427
13959,0.1195532
13960,0.11582526
13961,0.1862915
13962,0.08579066
13963,0.16453521
13964,0.015260635
13965,0.074301034
13966,0.07776589
13967,0.0028513114
13968,0.033773437
13969,0.11075124
13970,0.031110756
13971,0.031297762
13972,0.03733445
13973,0.034316897
13974,0.051826082
13975,0.054641604
13976,0.040981416
13977,0.059264727
13978,0.011254182
13979,0.028575756
13980,0.04582752
13981,0.069461875
13982,0.02746249
13983,0.033335865
13984,0.072829604
13985,0.05264732
13986,0.15169735
13987,0.31920514
13988,0.08638605
13989,0.08814674
13990,0.053844523
13991,0.06744966
13992,0.11465174
13993,0.10305137
13994,0.04707373
13995,0.009634258
13996,0.019979909
13997,0.26323667
13998,0.026873864
13999,0.06295509
14000,0.03149926
14001,0.09678317
14002,0.019043492
14003,0.011611511
14004,0.024314264
14005,0.26529956
14006,0.06721878
14007,0.03433453
14008,0.10951391
14009,0.54792446
14010,0.057362575
14011,0.007017783
14012,0.11126176
14013,0.06923356
14014,0.23105793
14015,0.23863213
14016,0.0869793
14017,0.034803435
14018,0.097129434
14019,0.10812593
14020,0.012273042
14021,0.16354321
14022,0.066714406
14023,0.04151289
14024,0.017422583
14025,0.014165553
14026,0.026267596
14027,0.061015405
14028,0.0020787376
14029,0.08808589
14030,0.09316813
14031,0.12561055
14032,0.090347305
14033,0.053523414
14034,0.12072849
14035,0.17087348
14036,0.20525597
14037,0.044363286
14038,0.009413321
14039,0.060585942
14040,0.022345047
14041,0.008932153
14042,0.10605713
14043,0.543954
14044,0.03106627
14045,0.034088597
14046,0.28454942
14047,0.15409318
14048,0.013184196
14049,0.016973974
14050,0.039421212
14051,0.040629428
14052,0.19418271
14053,0.26315963
14054,0.06740174
14055,0.06834656
14056,0.08881269
14057,0.13440587
14058,0.12890103
14059,0.18055072
14060,0.25600627
14061,0.15344429
14062,0.05399903
14063,0.06266277
14064,0.052195013
14065,0.19078393
14066,0.9463275
14067,0.09178322
14068,0.028601276
14069,0.32474267
14070,0.018616572
14071,0.016972529
14072,0.23092423
14073,0.0534446
14074,0.093325585
14075,0.031517804
14076,0.09455194
14077,0.35772955
14078,0.04542335
14079,0.067446396
14080,0.21196264
14081,0.15797967
14082,0.23111285
14083,0.2636867
14084,0.33933613
14085,0.010019176
14086,0.26586252
14087,0.11809153
14088,0.123033255
14089,0.7204689
14090,0.35085645
14091,0.3292824
14092,0.031310644
14093,0.13759144
14094,0.043708246
14095,0.043037333
14096,0.012709378
14097,0.086189516
14098,0.007198872
14099,0.007034916
14100,0.009723699
14101,0.05492744
14102,0.079592735
14103,0.040677946
14104,0.06124139
14105,0.060738716
14106,0.22336172
14107,0.15788096
14108,0.018939035
14109,0.082275175
14110,0.23157081
14111,0.016526574
14112,0.007629098
14113,0.9927899
14114,0.76614875
14115,0.5500158
14116,0.0054365643
14117,0.019634675
14118,0.02128508
14119,0.06528614
14120,0.2900918
14121,0.068980254
14122,0.031228205
14123,0.008111702
14124,0.06314986
14125,0.09997859
14126,0.048261918
14127,0.0008648266
14128,0.26971376
14129,0.013246204
14130,0.0027181697
14131,0.09965098
14132,0.11215924
14133,0.05502065
14134,0.05503385
14135,0.14132684
14136,0.115057446
14137,0.021179035
14138,0.117926516
14139,0.11106242
14140,0.08517707
14141,0.9975513
14142,0.76851743
14143,0.56445324
14144,0.012244065
14145,0.039272986
14146,0.03124555
14147,0.003988046
14148,0.30829278
14149,0.06841266
14150,0.21984817
14151,0.02344274
14152,0.061025273
14153,0.0023143482
14154,0.10212156
14155,0.075955965
14156,0.080481
14157,0.3879968
14158,0.32619238
14159,0.31241834
14160,0.18986045
14161,0.14433722
14162,0.08670432
14163,0.071215875
14164,0.091220915
14165,0.043854654
14166,0.05662849
14167,0.007773733
14168,0.10565968
14169,0.111264504
14170,0.08366209
14171,0.08558881
14172,0.023858441
14173,0.9477919
14174,0.9850596
14175,1.0
14176,0.17360747
14177,0.025971733
14178,0.04303214
14179,0.23785932
14180,0.003982411
14181,0.05100937
14182,0.026741106
14183,0.03278496
14184,0.1016841
14185,0.026588887
14186,0.29668322
14187,0.74584323
14188,0.07047481
14189,0.09110005
14190,0.07049875
14191,0.16100219
14192,0.029980283
14193,0.2125388
14194,0.13930058
14195,0.05047384
14196,0.08591465
14197,0.14655258
14198,0.051829252
14199,0.037312835
14200,0.0036558902
14201,0.2835991
14202,0.27213764
14203,0.1470313
14204,0.019717965
14205,0.08828633
14206,0.08794099
14207,0.19703458
14208,0.008128876
14209,0.054148525
14210,0.02586576
14211,0.028228479
14212,0.032496016
14213,0.024468005
14214,0.067133166
14215,0.1660447
14216,0.4230254
14217,0.19946004
14218,0.22560343
14219,0.11924326
14220,0.22088638
14221,0.1669487
14222,0.42302328
14223,0.052481987
14224,0.028444706
14225,0.06804642
14226,0.050960418
14227,0.16302632
14228,0.17807446
14229,0.053231593
14230,0.30785152
14231,0.29337773
14232,0.15277587
14233,1.0
14234,0.1053528
14235,0.029964421
14236,0.12275669
14237,0.2168304
14238,0.018258845
14239,0.032622688
14240,0.20292751
14241,0.0037628973
14242,0.08067425
14243,0.044510033
14244,0.0273858
14245,0.059420828
14246,0.124615625
14247,0.24694633
14248,0.24595578
14249,0.3022358
14250,0.29586396
14251,0.14690837
14252,0.15660702
14253,0.19777787
14254,0.027254717
14255,0.15162463
14256,0.07664189
14257,0.038508736
14258,0.34273311
14259,0.2633934
14260,0.10401618
14261,0.548637
14262,0.22038025
14263,0.005251421
14264,0.08919356
14265,0.1376757
14266,0.058303844
14267,0.042200204
14268,0.021566749
14269,0.008456648
14270,0.024504934
14271,0.10641266
14272,0.060657185
14273,0.079709634
14274,0.13311535
14275,0.29087925
14276,0.7252938
14277,0.41733596
14278,0.2191337
14279,0.41907522
14280,0.112667024
14281,0.01662707
14282,0.06663323
14283,0.08881935
14284,0.09379987
14285,0.16677263
14286,0.07539188
14287,0.020985259
14288,0.073055744
14289,0.16372457
14290,0.020447012
14291,0.054657727
14292,0.008477251
14293,0.021128656
14294,0.003496752
14295,0.0059082857
14296,0.013751506
14297,0.05725868
14298,0.058178194
14299,0.07004941
14300,0.21171485
14301,0.16690844
14302,0.15641534
14303,0.55518997
14304,0.39051673
14305,0.26190633
14306,0.12463369
14307,0.015553507
14308,0.04439892
14309,0.063966334
14310,0.030289568
14311,0.026885875
14312,0.9383186
14313,0.018726638
14314,0.017940022
14315,0.04984799
14316,0.03823391
14317,0.09199116
14318,0.005250213
14319,0.06261184
14320,0.03890489
14321,0.0786733
14322,0.0017051907
14323,0.0037463098
14324,0.061724775
14325,0.06390935
14326,0.099235766
14327,0.36645523
14328,0.2893937
14329,0.11964461
14330,0.86577606
14331,0.29573083
14332,0.35029814
14333,0.19538826
14334,0.060725745
14335,0.010708433
14336,0.02748662
14337,0.071235605
14338,0.07165986
14339,0.08243845
14340,0.39192727
14341,0.1094393
14342,0.2752315
14343,0.021229094
14344,0.047018338
14345,0.08048771
14346,0.10745237
14347,0.18268041
14348,0.035882406
14349,0.022556216
14350,0.008111
14351,0.033770233
14352,0.16383936
14353,0.7320017
14354,0.25383392
14355,0.3866371
14356,0.24963084
14357,0.29124266
14358,0.15825747
14359,0.06541758
14360,0.070300415
14361,0.00044629254
14362,0.01575266
14363,0.03573136
14364,0.14934966
14365,0.11857395
14366,0.07853126
14367,0.22350824
14368,0.025588626
14369,0.05322517
14370,0.016854208
14371,0.1684329
14372,0.03298648
14373,0.012726697
14374,0.0039811516
14375,0.12114909
14376,0.14147986
14377,0.036308907
14378,0.16491319
14379,0.1912448
14380,0.047631305
14381,0.099663176
14382,0.03896425
14383,0.11745505
14384,0.08202514
14385,0.04942141
14386,0.13303833
14387,0.13233604
14388,0.032690372
14389,0.002235644
14390,0.07937581
14391,0.026233267
14392,0.12130326
14393,0.021526676
14394,0.14757195
14395,0.038733914
14396,0.047934387
14397,0.0015259734
14398,0.04980414
14399,0.16404319
14400,0.32295787
14401,0.38730353
14402,0.05629633
14403,0.023239987
14404,0.023999617
14405,0.042383052
14406,0.063232265
14407,0.14243865
14408,0.010931162
14409,0.021317482
14410,0.012779938
14411,0.0022424993
14412,0.008923462
14413,0.015783926
14414,0.066814326
14415,0.11091896
14416,0.2896756
14417,0.0022582056
14418,0.0030788628
14419,0.040384397
14420,0.0748834
14421,0.101029076
14422,0.27864677
14423,0.08884083
14424,0.0047438317
14425,0.11486665
14426,0.0672247
14427,0.052320447
14428,0.09961581
14429,0.010290315
14430,0.026881628
14431,0.17952944
14432,0.014978013
14433,0.0020135434
14434,0.13314027
14435,0.06501632
14436,0.015581604
14437,0.019103896
14438,0.025645945
14439,0.066178024
14440,0.26620606
14441,0.0239197
14442,0.0006699415
14443,0.050275806
14444,0.019357955
14445,0.23968202
14446,0.028959136
14447,0.21818428
14448,0.12683791
14449,0.038769398
14450,0.012156305
14451,0.07553162
14452,0.016046908
14453,0.013244409
14454,0.18504877
14455,0.09175417
14456,0.13017721
14457,0.06503717
14458,0.049025297
14459,0.0030044739
14460,0.0039810985
14461,0.35190603
14462,0.6181729
14463,0.11229325
14464,0.057601295
14465,0.02389135
14466,0.07574115
14467,0.07012078
14468,0.032952674
14469,0.08518466
14470,0.092562445
14471,0.06281567
14472,0.9056655
14473,0.0029360768
14474,0.12712707
14475,0.099552415
14476,0.031150801
14477,0.13067141
14478,0.4199922
14479,0.07203794
14480,0.13262601
14481,0.02001871
14482,0.026070392
14483,0.030919056
14484,0.00780933
14485,0.062416174
14486,0.024057785
14487,0.028601682
14488,0.09178969
14489,0.09224371
14490,0.038384855
14491,0.031159168
14492,0.047908116
14493,0.012258864
14494,0.10371598
14495,0.024911541
14496,0.013769145
14497,0.072428815
14498,0.038715765
14499,0.08172809
14500,0.0030142332
14501,0.029685762
14502,0.0713893
14503,0.6295063
14504,0.07999944
14505,0.13270298
14506,0.039301004
14507,0.026719077
14508,0.0872434
14509,0.067361064
14510,0.012798629
14511,0.023281196
14512,0.18396606
14513,0.034015756
14514,0.01573188
14515,0.04634173
14516,0.13759886
14517,0.026894933
14518,0.010143934
14519,0.09963928
14520,0.069031596
14521,0.022941818
14522,0.036852635
14523,0.24045238
14524,0.0022587709
14525,0.0005131185
14526,0.00069527834
14527,0.05916083
14528,0.04672458
14529,0.062651
14530,0.06590195
14531,0.029929955
14532,0.02101722
14533,0.014411704
14534,0.1785794
14535,0.014875752
14536,0.06597412
14537,0.07588112
14538,0.021387368
14539,0.054694653
14540,0.072380535
14541,0.20919947
14542,0.11067235
14543,0.06638004
14544,0.011815521
14545,0.012224607
14546,0.029923834
14547,0.010295053
14548,0.0174422
14549,0.010119154
14550,0.018844854
14551,0.0007386623
14552,0.0032944416
14553,0.0036958493
14554,0.051610466
14555,0.122928865
14556,0.0122432355
14557,0.1276852
14558,0.009410974
14559,0.21952035
14560,0.008453326
14561,0.019178823
14562,0.034850396
14563,0.01012071
14564,0.012714613
14565,0.0096560465
14566,0.006544651
14567,0.0071989554
14568,0.0028593983
14569,0.012701851
14570,0.0133426655
14571,0.014169179
14572,0.033099975
14573,0.0040036235
14574,0.058376737
14575,0.020467982
14576,0.021128807
14577,0.009508723
14578,0.006328969
14579,0.1301989
14580,0.019030543
14581,0.03262805
14582,0.008641444
14583,0.02361456
14584,0.004779964
14585,0.015811417
14586,0.1445332
14587,0.008649292
14588,0.1734951
14589,0.020718044
14590,0.054887995
14591,0.07468621
14592,0.12532803
14593,0.042193018
14594,0.010121522
14595,0.05134828
14596,0.00866494
14597,0.10103042
14598,0.006524174
14599,0.096399345
14600,0.011668274
14601,0.00057478895
14602,0.0038612331
14603,0.0038687538
14604,0.023332156
14605,0.013334445
14606,0.010114769
14607,0.0054304306
14608,0.033461466
14609,0.0058129407
14610,0.01883913
14611,0.048778307
14612,0.07949883
14613,0.03588838
14614,0.10429802
14615,0.013113462
14616,0.020661213
14617,0.06443072
14618,0.06366443
14619,0.0032369043
14620,0.019101435
14621,0.043412942
14622,0.024433747
14623,0.028190624
14624,0.023872912
14625,0.019043632
14626,0.035923086
14627,0.0043030796
14628,0.008913695
14629,0.10197859
14630,0.22253504
14631,0.044326577
14632,0.019282235
14633,0.018195298
14634,0.10835638
14635,0.07051543
14636,0.0079635335
14637,0.052453816
14638,0.022239693
14639,0.0518962
14640,0.025443641
14641,0.12504734
14642,0.051040016
14643,0.007867811
14644,0.0022376175
14645,0.0061984784
14646,0.007852155
14647,0.1077415
14648,0.01773792
14649,0.20157914
14650,0.19467388
14651,0.019896768
14652,0.048768487
14653,0.33604425
14654,0.12062292
14655,0.3667041
14656,0.3183246
14657,0.1897596
14658,0.029161531
14659,0.024084909
14660,0.0059462707
14661,0.100524
14662,0.24499452
14663,0.7166891
14664,0.14070629
14665,0.009036914
14666,0.15622623
14667,0.032150198
14668,0.012757137
14669,0.04613287
14670,0.021267086
14671,0.103426054
14672,0.028905928
14673,0.013765961
14674,0.11014876
14675,0.06548742
14676,0.24173921
14677,0.4952642
14678,0.49036896
14679,0.14266789
14680,0.18365957
14681,0.20253107
14682,0.020856678
14683,0.04312284
14684,0.024547184
14685,0.08307917
14686,0.05625004
14687,0.36565194
14688,0.18178093
14689,0.30428177
14690,0.4479589
14691,0.19375399
14692,0.016482543
14693,0.44691348
14694,0.070022404
14695,0.415436
14696,0.044143874
14697,0.051913537
14698,0.046323095
14699,0.024500923
14700,0.16735435
14701,0.12463971
14702,0.107894145
14703,0.02767897
14704,0.28337026
14705,0.08079079
14706,0.008279998
14707,0.0480137
14708,0.01725462
14709,0.090471245
14710,0.12302109
14711,0.034931384
14712,0.06345409
14713,0.05439484
14714,0.15133223
14715,0.030766476
14716,0.27208912
14717,0.21316278
14718,0.021553755
14719,0.0585747
14720,0.01789558
14721,0.010305137
14722,0.4452446
14723,0.16520303
14724,0.16457555
14725,0.371216
14726,0.3382079
14727,0.11454998
14728,0.06497144
14729,0.022808328
14730,0.0059444234
14731,0.04344058
14732,0.010753583
14733,0.09181031
14734,0.10179034
14735,0.0064268005
14736,0.10663163
14737,0.23854077
14738,0.3426379
14739,0.07989823
14740,0.055636644
14741,0.02472609
14742,0.064119935
14743,0.037409443
14744,0.050862897
14745,0.2035489
14746,0.014717006
14747,0.047770977
14748,0.10438834
14749,0.06381986
14750,0.17386244
14751,0.36976787
14752,0.053428102
14753,0.064704515
14754,0.017880337
14755,0.009273346
14756,0.03013804
14757,0.052848432
14758,0.029417364
14759,0.016531667
14760,0.038961798
14761,0.10543395
14762,0.2179736
14763,0.076757595
14764,0.092734285
14765,0.05644619
14766,0.015752275
14767,0.051487952
14768,0.02912532
14769,0.027402518
14770,0.04175293
14771,0.074093856
14772,0.053443167
14773,0.10244807
14774,0.011622473
14775,0.023058858
14776,0.027420467
14777,0.011599527
14778,0.005812044
14779,0.034097373
14780,0.045457467
14781,0.022478843
14782,0.036840834
14783,0.08943154
14784,0.2386361
14785,0.20061126
14786,0.05505231
14787,0.04331974
14788,0.040838037
14789,0.10915551
14790,0.08764577
14791,0.015820395
14792,0.05373535
14793,0.01642141
14794,0.04235416
14795,0.15483394
14796,0.034452595
14797,0.062495377
14798,0.041486245
14799,0.00846475
14800,0.04335232
14801,0.05393753
14802,0.12327804
14803,0.097258925
14804,0.09209672
14805,0.059047077
14806,0.04569287
14807,0.010977221
14808,0.10355914
14809,0.06668294
14810,0.008938823
14811,0.011597677
14812,0.07642877
14813,0.04773973
14814,0.3899459
14815,0.13125847
14816,0.030824553
14817,0.14498222
14818,0.045451846
14819,0.049773704
14820,0.018607877
14821,0.09461581
14822,0.008152837
14823,0.01697167
14824,0.015355784
14825,0.07865533
14826,0.06451805
14827,0.035972837
14828,0.09071076
14829,0.082060754
14830,0.11468505
14831,0.33494082
14832,0.0635825
14833,0.015833806
14834,0.0577574
14835,0.026068933
14836,0.058056086
14837,0.0065247444
14838,0.02403861
14839,0.11282275
14840,0.063645944
14841,0.085679516
14842,0.0035490557
14843,0.10972749
14844,0.04286895
14845,0.029895369
14846,0.014680634
14847,0.11883319
14848,0.016074335
14849,0.0474781
14850,0.024108905
14851,0.0010840654
14852,0.010117784
14853,0.031290308
14854,0.046498466
14855,0.07020309
14856,0.07552861
14857,0.16761446
14858,0.0966716
14859,0.19211118
14860,0.11786509
14861,0.13277158
14862,0.016515011
14863,0.085203715
14864,0.012239003
14865,0.09532099
14866,0.051363185
14867,0.100781076
14868,0.05576034
14869,0.019894945
14870,0.02641252
14871,0.0045732954
14872,0.047381848
14873,0.06261769
14874,0.049265657
14875,0.06200435
14876,0.002319069
14877,0.015313195
14878,0.080996774
14879,0.027201366
14880,0.057944503
14881,0.088000305
14882,0.06357129
14883,0.19632487
14884,0.32037553
14885,0.051281318
14886,0.10770667
14887,0.086690456
14888,0.06925397
14889,0.11329943
14890,0.07766794
14891,0.06460617
14892,0.035376657
14893,0.29107428
14894,0.04161249
14895,0.09773332
14896,0.031010475
14897,0.005288949
14898,0.0030986075
14899,0.014009679
14900,0.020997474
14901,0.2520211
14902,0.043813698
14903,0.06754472
14904,0.1517444
14905,0.6167237
14906,0.038107205
14907,0.018155279
14908,0.07920374
14909,0.066679396
14910,0.21237537
14911,0.23854417
14912,0.09220123
14913,0.030962067
14914,0.11390354
14915,0.16373987
14916,0.03697426
14917,0.07957364
14918,0.09541334
14919,0.07096357
14920,0.014936081
14921,0.026400601
14922,0.019796615
14923,0.05717739
14924,0.014952438
14925,0.11379415
14926,0.11756518
14927,0.14727616
14928,0.052261777
14929,0.09621559
14930,0.13929635
14931,0.18966271
14932,0.2055223
14933,0.059955698
14934,0.05826144
14935,0.014023128
14936,0.008932287
14937,0.06326131
14938,0.48721063
14939,0.08296011
14940,0.054478917
14941,0.32655144
14942,0.18201418
14943,0.013185077
14944,0.01697493
14945,0.009406056
14946,0.06205094
14947,0.039812658
14948,0.21955119
14949,0.22524111
14950,0.034590825
14951,0.06521461
14952,0.13065237
14953,0.13908932
14954,0.1347687
14955,0.22111104
14956,0.26059207
14957,0.13705316
14958,0.07207819
14959,0.07173264
14960,0.06226557
14961,0.2835773
14962,0.9288585
14963,0.091792285
14964,0.03021436
14965,0.29951364
14966,0.012703791
14967,0.062213402
14968,0.23811144
14969,0.01582111
14970,0.026718035
14971,0.02894611
14972,0.0849158
14973,0.03540262
14974,0.08298833
14975,0.323797
14976,0.008516799
14977,0.06480793
14978,0.21952899
14979,0.12470976
14980,0.1966675
14981,0.26108024
14982,0.30692708
14983,0.0049527385
14984,0.15459998
14985,0.12073334
14986,0.12161189
14987,0.7247494
14988,0.25496364
14989,0.39569217
14990,0.050975412
14991,0.13372315
14992,0.07749966
14993,0.0035006804
14994,0.007858942
14995,0.075615436
14996,0.00719898
14997,0.007035771
14998,0.030798528
14999,0.0711561
15000,0.083844185
15001,0.054863047
15002,0.055569183
15003,0.08307378
15004,0.16341193
15005,0.13490488
15006,0.015551607
15007,0.054265942
15008,0.22177404
15009,0.01652753
15010,0.042400923
15011,1.0
15012,0.75661284
15013,0.59873015
15014,0.017561538
15015,0.019040871
15016,0.10629637
15017,0.2714511
15018,0.08279632
15019,0.060628913
15020,0.0070403917
15021,0.012716271
15022,0.051737733
15023,0.08595008
15024,0.0889903
15025,0.00042636666
15026,0.27351764
15027,0.013246313
15028,0.02127944
15029,0.11594686
15030,0.11516621
15031,0.07634954
15032,0.032409705
15033,0.19414312
15034,0.1054568
15035,0.03132457
15036,0.08911094
15037,0.15237503
15038,0.11741878
15039,1.0
15040,0.72306556
15041,0.6489975
15042,0.009460849
15043,0.05886093
15044,0.017746532
15045,0.007871805
15046,0.2739037
15047,0.069324635
15048,0.24994458
15049,0.032539852
15050,0.09992195
15051,0.003861927
15052,0.10243695
15053,0.115791745
15054,0.10673871
15055,0.30879673
15056,0.34055808
15057,0.35033098
15058,0.18164438
15059,0.16725397
15060,0.071377456
15061,0.0483292
15062,0.106326275
15063,0.025882963
15064,0.042261958
15065,0.006717838
15066,0.12639438
15067,0.081956156
15068,0.061808772
15069,0.11259857
15070,0.009814182
15071,0.92524886
15072,1.0
15073,1.0
15074,0.13222598
15075,0.052337002
15076,0.042980656
15077,0.27080962
15078,0.038479246
15079,0.012390384
15080,0.0094746575
15081,0.01782533
15082,0.08592581
15083,0.053299643
15084,0.2741142
15085,0.9596742
15086,0.10123335
15087,0.12287148
15088,0.07647974
15089,0.17094436
15090,0.06514834
15091,0.2425214
15092,0.17003126
15093,0.01090897
15094,0.14408995
15095,0.08242626
15096,0.07413498
15097,0.056265254
15098,0.02151299
15099,0.25452337
15100,0.23250954
15101,0.184741
15102,0.0651926
15103,0.022874542
15104,0.11759717
15105,0.10350327
15106,0.18002857
15107,0.014245718
15108,0.025808929
15109,0.060120083
15110,0.0394953
15111,0.051230647
15112,0.052731596
15113,0.028346809
15114,0.20885529
15115,0.49256983
15116,0.26439622
15117,0.21445122
15118,0.10185228
15119,0.19406597
15120,0.14308287
15121,0.49471635
15122,0.047423977
15123,0.028462011
15124,0.049201466
15125,0.19362968
15126,0.19277902
15127,0.13390508
15128,0.37252298
15129,0.2738151
15130,0.1756084
15131,1.0
15132,0.12358503
15133,0.0047412994
15134,0.1441956
15135,0.1947081
15136,0.040351924
15137,0.31970292
15138,0.07586274
15139,0.043430597
15140,0.017991388
15141,0.035359863
15142,0.083985604
15143,0.24615078
15144,0.2248445
15145,0.2911222
15146,0.20821421
15147,0.1551149
15148,0.1517244
15149,0.2528266
15150,0.015407365
15151,0.11889927
15152,0.06136226
15153,0.0073066833
15154,0.30656284
15155,0.26409137
15156,0.07561226
15157,0.5846247
15158,0.26470608
15159,0.005252276
15160,0.028835513
15161,0.13798416
15162,0.099232495
15163,0.014920649
15164,0.026234565
15165,0.017515592
15166,0.02594839
15167,0.09311684
15168,0.09499052
15169,0.08290174
15170,0.1243915
15171,0.28253764
15172,0.7254347
15173,0.3376545
15174,0.26837596
15175,0.3693228
15176,0.10210802
15177,0.019679585
15178,0.035028137
15179,0.13227822
15180,0.12902837
15181,0.17000034
15182,0.07729007
15183,0.028930606
15184,0.014259161
15185,0.16131043
15186,0.015943278
15187,0.13510536
15188,0.01901459
15189,0.014180147
15190,0.04576317
15191,0.010739001
15192,0.011080492
15193,0.011816321
15194,0.036916714
15195,0.054205697
15196,0.091492906
15197,0.08441845
15198,0.19028595
15199,0.1849283
15200,0.15048757
15201,0.5357913
15202,0.44708842
15203,0.23871294
15204,0.17049569
15205,0.03738123
15206,0.020089312
15207,0.021245131
15208,0.079053365
15209,0.01406971
15210,0.026886486
15211,0.9477596
15212,0.007397262
15213,0.0077192085
15214,0.060349137
15215,0.06803369
15216,0.043247037
15217,0.011021322
15218,0.044833854
15219,0.033094913
15220,0.06929979
15221,0.01015533
15222,0.018987628
15223,0.055190902
15224,0.09169878
15225,0.12459821
15226,0.3525275
15227,0.28739998
15228,0.10916498
15229,0.86662227
15230,0.31304708
15231,0.33866486
15232,0.21585609
15233,0.039349284
15234,0.033509556
15235,0.006147867
15236,0.021917276
15237,0.021041753
15238,0.028534042
15239,0.07273726
15240,0.35006237
15241,0.10346871
15242,0.26036468
15243,0.035394087
15244,0.04869119
15245,0.07404471
15246,0.10015269
15247,0.2242526
15248,0.052756533
15249,0.02425173
15250,0.06308118
15251,0.16060911
15252,0.861302
15253,0.20530574
15254,0.38400614
15255,0.21102847
15256,0.22544552
15257,0.17352767
15258,0.079435304
15259,0.051444426
15260,0.019713083
15261,0.032686055
15262,0.13102463
15263,0.17389405
15264,0.06974633
15265,0.1776485
15266,0.057578944
15267,0.0052498854
15268,0.2539702
15269,0.013171578
15270,0.010765554
15271,0.009633144
15272,0.14949557
15273,0.15389791
15274,0.03867347
15275,0.0007348194
15276,0.12191965
15277,0.19150794
15278,0.07775273
15279,0.10132729
15280,0.044383172
15281,0.101058066
15282,0.08769589
15283,0.008267942
15284,0.119479716
15285,0.0748828
15286,0.039386887
15287,0.007870128
15288,0.052077092
15289,0.00033919327
15290,0.082513705
15291,0.022841994
15292,0.19890821
15293,0.04170744
15294,0.018676164
15295,0.043092743
15296,0.13965
15297,0.2976845
15298,0.48468077
15299,0.08950888
15300,0.017871628
15301,0.04202657
15302,0.028265545
15303,0.06742647
15304,0.036473334
15305,0.07264571
15306,0.053767882
15307,0.010932121
15308,0.027438322
15309,0.01277997
15310,0.029699797
15311,0.017466705
15312,0.008923472
15313,0.09819688
15314,0.07448494
15315,0.30678892
15316,0.012695258
15317,0.006280501
15318,0.046411607
15319,0.10110173
15320,0.09418449
15321,0.30287358
15322,0.07560317
15323,0.012373545
15324,0.004550959
15325,0.14265145
15326,0.025339978
15327,0.0857507
15328,0.097908534
15329,0.054950092
15330,0.009852753
15331,0.010976772
15332,0.01770496
15333,0.010298544
15334,0.33601597
15335,0.014978045
15336,0.018176042
15337,0.10784345
15338,0.06667517
15339,0.03099072
15340,0.027200168
15341,0.047740318
15342,0.06621114
15343,0.33953854
15344,0.009349287
15345,0.018940842
15346,0.04438233
15347,0.044542663
15348,0.08946938
15349,0.17586342
15350,0.035508864
15351,0.16318554
15352,0.15787749
15353,0.019852895
15354,0.03473733
15355,0.016051507
15356,0.0072611007
15357,0.1698761
15358,0.09176032
15359,0.01488185
15360,0.113457486
15361,0.004946601
15362,0.06663543
15363,0.0534708
15364,0.005430574
15365,0.35712838
15366,0.48884174
15367,0.10424328
15368,0.064398795
15369,0.00474588
15370,0.060143564
15371,0.058035675
15372,0.03499515
15373,0.14254321
15374,0.09368381
15375,0.07904432
15376,0.9021525
15377,0.014440792
15378,0.02291986
15379,0.02337524
15380,0.05223261
15381,0.08467368
15382,0.0046959836
15383,0.052508794
15384,0.15550043
15385,0.37020555
15386,0.056948185
15387,0.20413636
15388,0.024332616
15389,0.019095732
15390,0.06479399
15391,0.038274806
15392,0.030153565
15393,0.09177946
15394,0.060611404
15395,0.035359707
15396,0.032138806
15397,0.020378474
15398,0.039697375
15399,0.10185398
15400,0.05526594
15401,0.008456003
15402,0.049865995
15403,0.080021724
15404,0.059412517
15405,0.036847558
15406,0.027531587
15407,0.051682066
15408,0.7279425
15409,0.06531184
15410,0.16192558
15411,0.0842992
15412,0.023193127
15413,0.0713631
15414,0.059747875
15415,0.003531618
15416,0.031127235
15417,0.19309917
15418,0.057848744
15419,0.0054298304
15420,0.011616745
15421,0.033147752
15422,0.10676744
15423,0.019901276
15424,0.0854818
15425,0.01976683
15426,0.0081282975
15427,0.028971946
15428,0.25588423
15429,0.025265958
15430,0.016698975
15431,0.0032419947
15432,0.025696767
15433,0.038675323
15434,0.036818538
15435,0.09030407
15436,0.09118601
15437,0.02077451
15438,0.006544809
15439,0.03750817
15440,0.08174566
15441,0.11588898
15442,0.049151182
15443,0.10084042
15444,0.02232912
15445,0.026388438
15446,0.08961069
15447,0.17961694
15448,0.103648774
15449,0.0052508083
15450,0.007858104
15451,0.043448012
15452,0.011155266
15453,0.036253408
15454,0.023871256
15455,0.018507583
15456,0.013767745
15457,0.009403856
15458,0.028463306
15459,0.0016838611
15460,0.0028542478
15461,0.022366209
15462,0.030742811
15463,0.042537253
15464,0.09785686
15465,0.09177815
15466,0.119823724
15467,0.005819169
15468,0.23892859
15469,0.019180153
15470,0.036402952
15471,0.017256314
15472,0.011851899
15473,0.0012683094
15474,0.023353191
15475,0.030704057
15476,0.012701862
15477,0.014169288
15478,0.03602933
15479,0.017543178
15480,0.03668764
15481,0.020033658
15482,0.014379539
15483,0.0063354205
15484,0.006329077
15485,0.10789005
15486,0.007246673
15487,0.049050465
15488,0.0039982996
15489,0.008642378
15490,0.01974416
15491,0.006331792
15492,0.110650554
15493,0.008606953
15494,0.0034810812
15495,0.21429922
15496,0.048309714
15497,0.07148833
15498,0.0670492
15499,0.061962064
15500,0.019856103
15501,0.00034034994
15502,0.08802059
15503,0.017680224
15504,0.11433048
15505,0.0065241796
15506,0.07350962
15507,0.009578874
15508,0.025583314
15509,0.014657039
15510,0.0051080743
15511,0.006329077
15512,0.0025730627
15513,0.009841575
15514,0.010122477
15515,0.041516848
15516,0.008922592
15517,0.0086516645
15518,0.06223372
15519,0.049267273
15520,0.0043999096
15521,0.10703057
15522,0.025243798
15523,0.030705946
15524,0.003262562
15525,0.028540108
15526,0.031666383
15527,0.019643802
15528,0.03184516
15529,0.023359235
15530,0.021743495
15531,0.012226651
15532,0.052476764
15533,0.115545794
15534,0.21043682
15535,0.023433175
15536,0.011319314
15537,0.03435933
15538,0.021284578
15539,0.057408795
15540,0.0366088
15541,0.052384637
15542,0.039725784
15543,0.14770013
15544,0.03142998
15545,0.024851196
15546,0.12783547
15547,0.04294232
15548,0.15434295
15549,0.027082833
15550,0.2658589
15551,0.23419395
15552,0.05419583
15553,0.3451678
15554,0.07356253
15555,0.34102827
15556,0.20745233
15557,0.16774641
15558,0.0446693
15559,0.02408493
15560,0.10314235
15561,0.013735981
15562,0.24578157
15563,0.12621571
15564,0.026502473
15565,0.6293202
15566,0.1809621
15567,0.043152455
15568,0.19359696
15569,0.0052320277
15570,0.075745985
15571,0.021267058
15572,0.07554889
15573,0.06685942
15574,0.01706264
15575,0.022542158
15576,0.1663715
15577,0.42217225
15578,0.4233262
15579,0.055500325
15580,0.14250557
15581,0.16375649
15582,0.020856699
15583,0.031572543
15584,0.02069234
15585,0.06757732
15586,0.011242247
15587,0.26661623
15588,0.21314533
15589,0.34041446
15590,0.3930523
15591,0.12864868
15592,0.021639217
15593,0.38931376
15594,0.042907726
15595,0.03766498
15596,0.45759928
15597,0.019207949
15598,0.11928181
15599,0.011171578
15600,0.060060576
15601,0.061644543
15602,0.17768823
15603,0.023473928
15604,0.008814478
15605,0.021452578
15606,0.1906786
15607,0.06935976
15608,0.040271528
15609,0.046681784
15610,0.05918678
15611,0.09087549
15612,0.064284086
15613,0.033161096
15614,0.0059444914
15615,0.0017721877
15616,0.07398012
15617,0.03249151
15618,0.10293776
15619,0.16792656
15620,0.01631787
15621,0.17428403
15622,0.021552954
15623,0.052567977
15624,0.09574498
15625,0.017687006
15626,0.0030936305
15627,0.30558532
15628,0.114075124
15629,0.091247715
15630,0.27478933
15631,0.2396048
15632,0.06826991
15633,0.06846154
15634,0.0012001217
15635,0.041383877
15636,0.015787363
15637,0.0063370005
15638,0.0011104303
15639,0.016852513
15640,0.063039854
15641,0.03196842
15642,0.10225058
15643,0.19795154
15644,0.30740672
15645,0.007043654
15646,0.016493037
15647,0.03340645
15648,0.022594525
15649,0.011106972
15650,0.016859423
15651,0.030901797
15652,0.254606
15653,0.017697182
15654,0.09687502
15655,0.010280148
15656,0.095192246
15657,0.15430172
15658,0.4496427
15659,0.025166847
15660,0.050777752
15661,0.017879434
15662,0.01971695
15663,0.036697283
15664,0.049525265
15665,0.004007108
15666,0.02605138
15667,0.010826534
15668,0.08827772
15669,0.14223994
15670,0.09396611
15671,0.061551258
15672,0.072759934
15673,0.05330137
15674,0.020535205
15675,0.025375078
15676,0.07953084
15677,0.08597655
15678,0.04314923
15679,0.09797639
15680,0.0230308
15681,0.068384945
15682,0.028865285
15683,0.0030344464
15684,0.01585595
15685,0.020694038
15686,0.028564112
15687,0.002600677
15688,0.075698614
15689,0.30648276
15690,0.22532085
15691,0.071319476
15692,0.049008172
15693,0.010942245
15694,0.12905909
15695,0.067304835
15696,0.0051309667
15697,0.022551697
15698,0.025204401
15699,0.017968852
15700,0.22025676
15701,0.039811663
15702,0.04139577
15703,0.04073615
15704,0.08190172
15705,0.07932077
15706,0.16947035
15707,0.12287209
15708,0.14052632
15709,0.064812034
15710,0.051652994
15711,0.010368658
15712,0.072833106
15713,0.05783793
15714,0.008938819
15715,0.15633051
15716,0.08404178
15717,0.447285
15718,0.11931269
15719,0.17357333
15720,0.053685434
15721,0.019532738
15722,0.027468301
15723,0.1078437
15724,0.0012769003
15725,0.010915672
15726,0.034773525
15727,0.08323464
15728,0.057799038
15729,0.058105
15730,0.060339905
15731,0.082058996
15732,0.13468876
15733,0.33653092
15734,0.07199073
15735,0.022285253
15736,0.07563281
15737,0.02589699
15738,0.04721993
15739,0.030666213
15740,0.104569934
15741,0.036718242
15742,0.09708545
15743,0.032409955
15744,0.09792262
15745,0.010128136
15746,0.09278732
15747,0.051102277
15748,0.03686317
15749,0.18502876
15750,0.0022296077
15751,0.04647232
15752,0.043324083
15753,0.05065857
15754,0.0003357812
15755,0.008297967
15756,0.021471044
15757,0.049998954
15758,0.070952356
15759,0.14751042
15760,0.1376048
15761,0.20900604
15762,0.114083685
15763,0.17103718
15764,0.020756494
15765,0.09795541
15766,0.010147155
15767,0.06606469
15768,0.035257414
15769,0.14454018
15770,0.05257509
15771,0.031791132
15772,0.027019039
15773,0.011926326
15774,0.01638845
15775,0.06311903
15776,0.043741602
15777,0.041376896
15778,0.040801212
15779,0.08776784
15780,0.0352688
15781,0.03437271
15782,0.08656971
15783,0.086006805
15784,0.1673358
15785,0.35441574
15786,0.12054874
15787,0.08671061
15788,0.0399128
15789,0.10252927
15790,0.08965553
15791,0.104239695
15792,0.041145768
15793,0.008923252
15794,0.03171551
15795,0.26514155
15796,0.05192009
15797,0.09290623
15798,0.0280541
15799,0.06399635
15800,0.0055921506
15801,0.019043893
15802,0.00483212
15803,0.0519064
15804,0.26658508
15805,0.047492832
15806,0.035373416
15807,0.14884233
15808,0.59257406
15809,0.060494836
15810,0.018613767
15811,0.18281204
15812,0.040587693
15813,0.21224648
15814,0.32240352
15815,0.08606691
15816,0.023404712
15817,0.011314272
15818,0.093098074
15819,0.1548198
15820,0.052484218
15821,0.118214786
15822,0.119821385
15823,0.05504951
15824,0.014936838
15825,0.011842937
15826,0.018635683
15827,0.012942528
15828,0.06326532
15829,0.047702376
15830,0.015363343
15831,0.091888875
15832,0.10770487
15833,0.12189842
15834,0.04006359
15835,0.07938841
15836,0.14665465
15837,0.21876875
15838,0.18030097
15839,0.06603424
15840,0.066905975
15841,0.045400787
15842,0.072652474
15843,0.5449651
15844,0.049886443
15845,0.019895902
15846,0.26382098
15847,0.16093591
15848,0.013185124
15849,0.05992148
15850,0.22158189
15851,0.18267506
15852,0.009405621
15853,0.0647022
15854,0.06197503
15855,0.13782349
15856,0.14623827
15857,0.17395705
15858,0.17322671
15859,0.28249884
15860,0.13707043
15861,0.06224598
15862,0.094728984
15863,0.058322538
15864,0.29471183
15865,0.9260828
15866,0.09180022
15867,0.0026967868
15868,0.32513067
15869,0.030022359
15870,0.24633628
15871,0.015384341
15872,0.0084995935
15873,0.0429228
15874,0.09470788
15875,0.013181599
15876,0.056325674
15877,0.0042853192
15878,0.34118858
15879,0.031145224
15880,0.11115205
15881,0.21941298
15882,0.105331875
15883,0.20946655
15884,0.26124844
15885,0.30224848
15886,0.018584486
15887,0.16899385
15888,0.08654952
15889,0.08059524
15890,0.71192765
15891,0.26686954
15892,0.3370884
15893,0.007835904
15894,0.115150206
15895,0.09430514
15896,0.0049415138
15897,0.005424539
15898,0.048368778
15899,0.0070357663
15900,0.011012939
15901,0.07773741
15902,0.092863195
15903,0.07782968
15904,0.05707114
15905,0.09379669
15906,0.14796187
15907,0.11275865
15908,0.004962084
15909,0.093765244
15910,0.22668444
15911,0.016526815
15912,0.019828882
15913,0.9987054
15914,0.73833954
15915,0.7311735
15916,0.012801673
15917,0.0107336445
15918,0.08060171
15919,0.29783246
15920,0.09666677
15921,0.07542942
15922,0.06840125
15923,0.06601749
15924,0.075916275
15925,0.008919572
15926,0.29641953
15927,0.004494832
15928,0.03840335
15929,0.10345965
15930,0.062038038
15931,0.05299257
15932,0.04313444
15933,0.20521772
15934,0.13693216
15935,0.03841562
15936,0.093928926
15937,0.09685623
15938,0.08001683
15939,1.0
15940,0.8802679
15941,0.6448401
15942,0.024887007
15943,0.055527788
15944,0.025163334
15945,0.29540953
15946,0.057140633
15947,0.22840948
15948,0.055403672
15949,0.08218057
15950,0.0020282594
15951,0.11088056
15952,0.19739799
15953,0.13308665
15954,0.21629821
15955,0.32721046
15956,0.3582912
15957,0.1873298
15958,0.16724522
15959,0.063877195
15960,0.053749003
15961,0.09423596
15962,0.03377131
15963,0.03648197
15964,0.0050753765
15965,0.18946522
15966,0.12870415
15967,0.11768511
15968,0.09670603
15969,0.022311563
15970,0.93759173
15971,0.99876165
15972,1.0
15973,0.1139694
15974,0.055026308
15975,0.10325457
15976,0.22895274
15977,0.011660555
15978,0.01863122
15979,0.02746611
15980,0.0366078
15981,0.10043927
15982,0.023249224
15983,0.2488419
15984,0.9869058
15985,0.11795775
15986,0.08521535
15987,0.07381918
15988,0.13047712
15989,0.061236773
15990,0.18533067
15991,0.15942624
15992,0.06119228
15993,0.14171109
15994,0.07265163
15995,0.07497982
15996,0.05464055
15997,0.27754113
15998,0.29283866
15999,0.1893032
16000,0.11756401
16001,0.022873715
16002,0.08353087
16003,0.04435102
16004,0.18839717
16005,0.029094663
16006,0.026820472
16007,0.03831264
16008,0.0153654
16009,0.027280837
16010,0.03598358
16011,0.066342846
16012,0.19457006
16013,0.42891097
16014,0.20707147
16015,0.21767242
16016,0.09907386
16017,0.20381688
16018,0.14883035
16019,0.49346644
16020,0.05358805
16021,0.019631866
16022,0.04183237
16023,0.069345504
16024,0.1468494
16025,0.24814022
16026,0.06491062
16027,0.3065111
16028,0.23861231
16029,0.1819674
16030,1.0
16031,0.11112887
16032,0.0012488554
16033,0.12662339
16034,0.20822172
16035,0.04035291
16036,0.1986798
16037,0.103722304
16038,0.03283831
16039,0.024356162
16040,0.02448924
16041,0.119329214
16042,0.2953855
16043,0.25504732
16044,0.3113458
16045,0.23912242
16046,0.15517803
16047,0.12163517
16048,0.23004706
16049,0.12881534
16050,0.11268217
16051,0.050780397
16052,0.25394797
16053,0.27376947
16054,0.05278631
16055,0.039103016
16056,0.49012023
16057,0.35308772
16058,0.072345726
16059,0.11949058
16060,0.043427825
16061,0.058318757
16062,0.010900719
16063,0.0077602356
16064,0.00773497
16065,0.04151894
16066,0.07132818
16067,0.11375031
16068,0.07503222
16069,0.16770491
16070,0.29967567
16071,0.7186952
16072,0.30732006
16073,0.26561272
16074,0.4184324
16075,0.09112853
16076,0.024404276
16077,0.08081344
16078,0.044571143
16079,0.1443992
16080,0.18720669
16081,0.067871325
16082,0.0060082953
16083,0.059185784
16084,0.12737726
16085,0.005946823
16086,0.007834759
16087,0.09313835
16088,0.014181015
16089,0.031382017
16090,0.017870763
16091,0.012206343
16092,0.049234852
16093,0.052143194
16094,0.05820657
16095,0.05265408
16096,0.21554126
16097,0.17770405
16098,0.16114414
16099,0.50127095
16100,0.4297602
16101,0.32170975
16102,0.12099673
16103,0.062303085
16104,0.06999242
16105,0.040123016
16106,0.11253987
16107,0.9953053
16108,0.033176158
16109,0.036482938
16110,0.0739746
16111,0.0373137
16112,0.068526775
16113,0.012769675
16114,0.05995236
16115,0.011723137
16116,0.06689468
16117,0.009435662
16118,0.015785215
16119,0.035828266
16120,0.077197924
16121,0.09547201
16122,0.39400795
16123,0.29180256
16124,0.096855566
16125,0.86856806
16126,0.35282484
16127,0.32059872
16128,0.20779704
16129,0.015647931
16130,0.022634054
16131,0.010153585
16132,0.03846497
16133,0.024231052
16134,0.084468625
16135,0.3692171
16136,0.09052908
16137,0.26231408
16138,0.01761207
16139,0.060025066
16140,0.09743757
16141,0.13450792
16142,0.19930421
16143,0.07871792
16144,0.019599797
16145,0.0619553
16146,0.16381969
16147,0.7324879
16148,0.21021688
16149,0.3867628
16150,0.15275855
16151,0.25854188
16152,0.16303821
16153,0.090939224
16154,0.041908234
16155,0.013333105
16156,0.018197441
16157,0.012292575
16158,0.054500256
16159,0.005629228
16160,0.13966578
16161,0.1487209
16162,0.042627987
16163,0.2458285
16164,0.06643173
16165,0.009639273
16166,0.26442683
16167,0.0010829143
16168,0.024026603
16169,0.0070342184
16170,0.15243484
16171,0.1792274
16172,0.031228637
16173,0.0007348936
16174,0.14060226
16175,0.19880414
16176,0.06907267
16177,0.09417049
16178,0.02492124
16179,0.09952134
16180,0.08463298
16181,0.0233881
16182,0.09571626
16183,0.095686905
16184,0.039769463
16185,0.04459492
16186,0.00787015
16187,0.04853795
16188,0.008468667
16189,0.007870379
16190,0.1078859
16191,0.04837452
16192,0.02097259
16193,0.21616285
16194,0.02924592
16195,0.037321653
16196,0.006329098
16197,0.023155909
16198,0.15498282
16199,0.29013404
16200,0.45671332
16201,0.11205174
16202,0.031830404
16203,0.023704471
16204,0.027459241
16205,0.086790055
16206,0.09650244
16207,0.010932118
16208,0.027434338
16209,0.008960173
16210,0.016700178
16211,0.009642803
16212,0.00892434
16213,0.015784852
16214,0.07677091
16215,0.12695624
16216,0.26939297
16217,0.01269433
16218,0.014636182
16219,0.031767055
16220,0.10503884
16221,0.09099345
16222,0.31760874
16223,0.15789375
16224,0.018078705
16225,0.05542327
16226,0.0133093735
16227,0.0028187193
16228,0.07636802
16229,0.10073451
16230,0.04990471
16231,0.025555046
16232,0.018231485
16233,0.2623704
16234,0.0037759263
16235,0.016389037
16236,0.117917374
16237,0.051932015
16238,0.05101223
16239,0.018177668
16240,0.021484163
16241,0.032905832
16242,0.29950774
16243,0.009798953
16244,0.011251258
16245,0.024242086
16246,0.040686537
16247,0.08391332
16248,0.14873186
16249,0.052361194
16250,0.22498135
16251,0.10605581
16252,0.03467319
16253,0.012156234
16254,0.02813088
16255,0.055459954
16256,0.030708501
16257,0.19708478
16258,0.1193224
16259,0.02513754
16260,0.06586704
16261,0.046392918
16262,0.004778971
16263,0.33150694
16264,0.46080548
16265,0.08337407
16266,0.04408067
16267,0.013761626
16268,0.05848184
16269,0.0516863
16270,0.13776687
16271,0.08401796
16272,0.05012474
16273,0.8951727
16274,0.015825849
16275,0.035190906
16276,0.013214196
16277,0.07268448
16278,0.0550086
16279,0.030377613
16280,0.15556006
16281,0.39618346
16282,0.039692573
16283,0.13257
16284,0.027448889
16285,0.048244562
16286,0.077843525
16287,0.06865277
16288,0.017284257
16289,0.09177639
16290,0.069330364
16291,0.029870925
16292,0.004368128
16293,0.019112973
16294,0.03796209
16295,0.0005248436
16296,0.009790324
16297,0.09345836
16298,0.029077567
16299,0.042904567
16300,0.013206008
16301,0.0090626115
16302,0.04567719
16303,0.11416312
16304,0.0017052629
16305,0.7441211
16306,0.058005467
16307,0.13061818
16308,0.023606244
16309,0.019228008
16310,0.054971937
16311,0.014981172
16312,0.26104417
16313,0.03254262
16314,0.015732856
16315,0.011616664
16316,0.030055817
16317,0.1009372
16318,0.002365025
16319,0.112856634
16320,0.032719027
16321,0.021557596
16322,0.22542435
16323,0.014437049
16324,0.033165112
16325,0.008117447
16326,0.0050946064
16327,0.017348036
16328,0.011130168
16329,0.0008872698
16330,0.039412256
16331,0.11444414
16332,0.07304229
16333,0.012803733
16334,0.014153417
16335,0.028348522
16336,0.16910036
16337,0.06408051
16338,0.07194654
16339,0.0681641
16340,0.017550776
16341,0.0457863
16342,0.05544573
16343,0.20685686
16344,0.15374182
16345,0.0034863453
16346,0.0065135714
16347,0.0077411514
16348,0.01991008
16349,0.018856294
16350,0.011765626
16351,0.026807679
16352,0.0050263233
16353,0.006719646
16354,0.023294128
16355,0.00892703
16356,0.0028620863
16357,0.02809305
16358,0.07393738
16359,0.14269593
16360,0.0045372797
16361,0.1420763
16362,0.007870379
16363,0.22299743
16364,0.0002669186
16365,0.0115193175
16366,0.012148996
16367,0.021537663
16368,0.023274222
16369,0.0037460285
16370,0.025570236
16371,0.013299845
16372,0.014169207
16373,0.008475803
16374,0.022043418
16375,0.023491595
16376,0.035379574
16377,0.044396505
16378,0.0030006801
16379,0.0063345716
16380,0.017626919
16381,0.0063299183
16382,0.11547698
16383,0.019958971
16384,0.03131269
16385,0.008641476
16386,0.00077891356
16387,0.07886812
16388,0.008649324
16389,0.20789018
16390,0.085770614
16391,0.034569737
16392,0.046266478
16393,0.012228424
16394,0.063485324
16395,0.030091563
16396,0.010121763
16397,0.06095323
16398,0.018176109
16399,0.069506675
16400,0.0065244134
16401,0.12737055
16402,0.016640792
16403,0.025594193
16404,0.029724117
16405,0.0057952683
16406,0.006329306
16407,0.0042621675
16408,0.0039761397
16409,0.008469279
16410,0.014346786
16411,0.016352598
16412,0.046541017
16413,0.049266383
16414,0.0065248027
16415,0.1702076
16416,0.022943353
16417,0.028829087
16418,0.016531568
16419,0.01472597
16420,0.06227528
16421,0.0284693
16422,0.03620182
16423,0.04908555
16424,0.051019
16425,0.01987362
16426,0.025143832
16427,0.10346137
16428,0.22249268
16429,0.08251921
16430,0.016810272
16431,0.034359396
16432,0.02753702
16433,0.04289294
16434,0.050623752
16435,0.0016035333
16436,0.03202853
16437,0.020411668
16438,0.03683817
16439,0.013850627
16440,0.032426547
16441,0.09274247
16442,0.021465136
16443,0.09103761
16444,0.054260857
16445,0.19278927
16446,0.11280633
16447,0.019896789
16448,0.020569434
16449,0.2198736
16450,0.09324513
16451,0.33743918
16452,0.23975566
16453,0.12312417
16454,0.014505869
16455,0.024084903
16456,0.075315334
16457,0.013735931
16458,0.28602216
16459,0.008470928
16460,0.19063334
16461,0.02814245
16462,0.64230025
16463,0.17190585
16464,0.114454
16465,0.11045122
16466,0.071382575
16467,0.013766804
16468,0.049997844
16469,0.14641277
16470,0.17991287
16471,0.4569992
16472,0.37500194
16473,0.025062652
16474,0.107591845
16475,0.10207194
16476,0.020856485
16477,0.03199858
16478,0.05714209
16479,0.08096678
16480,0.009622278
16481,0.039457053
16482,0.37237522
16483,0.1783439
16484,0.16394782
16485,0.5450534
16486,0.10156237
16487,0.037747923
16488,0.3446533
16489,0.03213982
16490,0.5878126
16491,0.068465516
16492,0.07139707
16493,0.024065288
16494,0.05303602
16495,0.11050388
16496,0.10655204
16497,0.084690884
16498,0.029854996
16499,0.0343282
16500,0.06466014
16501,0.26771957
16502,0.06321588
16503,0.026660902
16504,0.087090306
16505,0.05294883
16506,0.12717688
16507,0.08063532
16508,0.14097056
16509,0.0313307
16510,0.21273054
16511,0.2048153
16512,0.002404886
16513,0.057270076
16514,0.044743396
16515,0.029647665
16516,0.3590894
16517,0.21479316
16518,0.07680685
16519,0.25593576
16520,0.3428874
16521,0.09087025
16522,0.036308028
16523,0.01831516
16524,0.03206859
16525,0.0020279756
16526,0.06359082
16527,0.010753605
16528,0.00225313
16529,0.008118261
16530,0.09036603
16531,0.08502831
16532,0.2552316
16533,0.3444974
16534,0.016493933
16535,0.030954255
16536,0.06129587
16537,0.008113384
16538,0.017382225
16539,0.18357025
16540,0.07326437
16541,0.040063012
16542,0.010280148
16543,0.068892695
16544,0.017730849
16545,0.12789468
16546,0.42350274
16547,0.071016334
16548,0.019717686
16549,0.042941168
16550,0.014027052
16551,0.017434815
16552,0.019914081
16553,0.11397548
16554,0.13768223
16555,0.10615441
16556,0.07621336
16557,0.084543176
16558,0.013917446
16559,0.036683317
16560,0.033567987
16561,0.029965386
16562,0.06551435
16563,0.030136136
16564,0.06476518
16565,0.006533159
16566,0.055319082
16567,0.02581541
16568,0.017027007
16569,0.03683992
16570,0.031810988
16571,0.039587498
16572,0.004462535
16573,0.018106401
16574,0.024651954
16575,0.21986204
16576,0.18570192
16577,0.043562245
16578,0.024877692
16579,0.007589878
16580,0.14387093
16581,0.023616599
16582,0.01239159
16583,0.058389913
16584,0.038612485
16585,0.18084772
16586,0.040724486
16587,0.037499376
16588,0.017919788
16589,0.08900469
16590,0.032072216
16591,0.14496812
16592,0.141627
16593,0.12649567
16594,0.08656755
16595,0.050603066
16596,0.037715495
16597,0.053933755
16598,0.04709326
16599,0.08986271
16600,0.032755975
16601,0.42609286
16602,0.094275065
16603,0.04223818
16604,0.0981807
16605,0.058102027
16606,0.07962382
16607,0.021154124
16608,0.008472815
16609,0.012223294
16610,0.12326169
16611,0.032466996
16612,0.0037778688
16613,0.01739389
16614,0.11261578
16615,0.034116954
16616,0.046615407
16617,0.050652325
16618,0.1125384
16619,0.14323369
16620,0.29762712
16621,0.05058041
16622,0.039834794
16623,0.087980516
16624,0.028874254
16625,0.075840764
16626,0.023867132
16627,0.007871354
16628,0.09936596
16629,0.08311693
16630,0.10793809
16631,0.039576888
16632,0.11930098
16633,0.002495111
16634,0.054013938
16635,0.06886676
16636,0.16109325
16637,0.0029866984
16638,0.029610598
16639,0.06662637
16640,0.076042265
16641,0.004173379
16642,0.01276019
16643,0.010996254
16644,0.08557533
16645,0.06114588
16646,0.14488949
16647,0.12698056
16648,0.21374555
16649,0.119345374
16650,0.21616268
16651,0.022939576
16652,0.08796683
16653,0.06294584
16654,0.00963307
16655,0.035606734
16656,0.09503747
16657,0.029790398
16658,0.019895786
16659,0.06515697
16660,0.037346847
16661,0.06742943
16662,0.11568196
16663,0.008560885
16664,0.08013576
16665,0.014639059
16666,0.01496985
16667,0.09717678
16668,0.0327846
16669,0.040750697
16670,0.13495235
16671,0.060346603
16672,0.14430808
16673,0.34246555
16674,0.079818934
16675,0.12063845
16676,0.04725516
16677,0.11758239
16678,0.08269424
16679,0.090601295
16680,0.04642843
16681,0.022378528
16682,0.32073694
16683,0.09450636
16684,0.09191398
16685,0.06490468
16686,0.100908145
16687,0.004044021
16688,0.018152988
16689,0.0146248285
16690,0.022778671
16691,0.037848435
16692,0.29485947
16693,0.026590645
16694,0.047987994
16695,0.11707947
16696,0.548033
16697,0.05141822
16698,0.005415662
16699,0.15370308
16700,0.060958683
16701,0.26389587
16702,0.24682605
16703,0.092195116
16704,0.020019298
16705,0.03043473
16706,0.0037000268
16707,0.08154215
16708,0.1342817
16709,0.024476161
16710,0.18968624
16711,0.06501955
16712,0.059393357
16713,0.011842937
16714,0.016520435
16715,0.02564923
16716,0.059528567
16717,0.06346394
16718,0.0057999752
16719,0.112510264
16720,0.10370624
16721,0.17348364
16722,0.08678785
16723,0.054093644
16724,0.17016228
16725,0.19904049
16726,0.16901499
16727,0.0644397
16728,0.09198113
16729,0.011705338
16730,0.06505261
16731,0.50113124
16732,0.05179394
16733,0.048750695
16734,0.2585773
16735,0.16687922
16736,0.013185124
16737,0.016974054
16738,0.009406103
16739,0.0515245
16740,0.039813545
16741,0.21619299
16742,0.20030002
16743,0.009405621
16744,0.062516116
16745,0.050816458
16746,0.16298494
16747,0.13909678
16748,0.14432178
16749,0.21263613
16750,0.24353883
16751,0.13209605
16752,0.07780275
16753,0.13084035
16754,0.03736595
16755,0.24779867
16756,0.8695189
16757,0.091785036
16758,0.027307449
16759,0.33922002
16760,0.05978623
16761,0.1708989
16762,0.048242074
16763,0.074017234
16764,0.0009093237
16765,0.0424026
16766,0.0042850086
16767,0.32439923
16768,0.014628501
16769,0.066244796
16770,0.20907801
16771,0.12318394
16772,0.25563416
16773,0.32652187
16774,0.2643692
16775,0.014536896
16776,0.15880863
16777,0.09298959
16778,0.10633115
16779,0.8837297
16780,0.28392732
16781,0.3739931
16782,0.04712844
16783,0.16914517
16784,0.069202475
16785,0.03986402
16786,0.010746412
16787,0.067745134
16788,0.0008707941
16789,0.0070348433
16790,0.031166416
16791,0.025177306
16792,0.07618018
16793,0.079906076
16794,0.11887218
16795,0.11738415
16796,0.14240725
16797,0.11437923
16798,0.13047995
16799,0.2072256
16800,0.0165266
16801,0.034104884
16802,0.9887258
16803,0.9074943
16804,0.61644405
16805,0.021410115
16806,0.015815515
16807,0.11800416
16808,0.35738987
16809,0.07445927
16810,0.014983713
16811,0.047661293
16812,0.008111858
16813,0.07197717
16814,0.06253124
16815,0.057166725
16816,0.008643862
16817,0.31297228
16818,0.013247181
16819,0.034087203
16820,0.12699303
16821,0.0557712
16822,0.08874542
16823,0.07019845
16824,0.18749687
16825,0.16954757
16826,0.02854863
16827,0.10396986
16828,0.14936654
16829,0.14509219
16830,1.0
16831,0.8451355
16832,0.70345765
16833,0.014101546
16834,0.04222818
16835,0.025163231
16836,0.32256278
16837,0.089807704
16838,0.28460175
16839,0.031597383
16840,0.082172364
16841,0.013073433
16842,0.16096668
16843,0.13982688
16844,0.13986973
16845,0.22917944
16846,0.30981702
16847,0.39389843
16848,0.18715876
16849,0.14437209
16850,0.10100126
16851,0.07290962
16852,0.106909014
16853,0.021342056
16854,0.030270256
16855,0.021416564
16856,0.14689983
16857,0.092092715
16858,0.11007879
16859,0.14254946
16860,0.023859791
16861,0.93731153
16862,0.9929324
16863,0.99713576
16864,0.15167381
16865,0.04937417
16866,0.13674393
16867,0.2084107
16868,0.007964967
16869,0.024382856
16870,0.017883368
16871,0.03428244
16872,0.09649517
16873,0.03426119
16874,0.30044895
16875,0.95337826
16876,0.09624974
16877,0.1010115
16878,0.06907353
16879,0.18124355
16880,0.055711392
16881,0.15140718
16882,0.15895261
16883,0.055485047
16884,0.11781073
16885,0.10333666
16886,0.08169995
16887,0.053834047
16888,0.007172635
16889,0.2725198
16890,0.3070862
16891,0.20380473
16892,0.1310172
16893,0.011219797
16894,0.06204228
16895,0.048142917
16896,0.19057646
16897,0.025293767
16898,0.027640175
16899,0.06652724
16900,0.01772216
16901,0.013797613
16902,0.022880308
16903,0.07624256
16904,0.20236965
16905,0.46006346
16906,0.19924662
16907,0.1634717
16908,0.09321936
16909,0.1438511
16910,0.20696081
16911,0.4923662
16912,0.018907739
16913,0.032947287
16914,0.028332695
16915,0.08214177
16916,0.22289905
16917,0.13210846
16918,0.355464
16919,0.22525409
16920,0.17253312
16921,1.0
16922,0.1353974
16923,0.0012487529
16924,0.137263
16925,0.1943742
16926,0.014608049
16927,0.04536933
16928,0.15007207
16929,0.09990761
16930,0.03766925
16931,0.04316688
16932,0.04049021
16933,0.120971605
16934,0.27076817
16935,0.2739061
16936,0.29190496
16937,0.23942535
16938,0.1313206
16939,0.10980829
16940,0.22510058
16941,0.012315484
16942,0.16092345
16943,0.03600676
16944,0.07387972
16945,0.2849671
16946,0.23898588
16947,0.087496094
16948,0.03910379
16949,0.4641766
16950,0.28814706
16951,0.06424632
16952,0.114352226
16953,0.058292978
16954,0.0702955
16955,0.003976518
16956,0.022605143
16957,0.06289158
16958,0.09873727
16959,0.09533019
16960,0.15854615
16961,0.30952463
16962,0.7212161
16963,0.2797276
16964,0.1940027
16965,0.3718859
16966,0.062391363
16967,0.088956
16968,0.10237897
16969,0.121926814
16970,0.15750726
16971,0.05121143
16972,0.0233582
16973,0.075715534
16974,0.10433963
16975,0.0077920663
16976,0.024807373
16977,0.07255872
16978,0.015219337
16979,0.03984241
16980,0.017871585
16981,0.0054483754
16982,0.046138693
16983,0.05964121
16984,0.06683291
16985,0.03758755
16986,0.19607942
16987,0.17112222
16988,0.14080054
16989,0.5522317
16990,0.45755136
16991,0.28386426
16992,0.11800224
16993,0.073856525
16994,0.048425946
16995,0.04719743
16996,0.05991876
16997,0.014069731
16998,0.008657306
16999,0.043226436
17000,0.9793077
17001,0.034282837
17002,0.015908547
17003,0.043282792
17004,0.063494116
17005,0.085788555
17006,0.019403273
17007,0.07195197
17008,0.016458396
17009,0.023535252
17010,0.0006984501
17011,0.018121352
17012,0.035828233
17013,0.09743445
17014,0.08159364
17015,0.39622355
17016,0.26998258
17017,0.13807327
17018,0.8836479
17019,0.29203808
17020,0.32134563
17021,0.18350743
17022,0.032729894
17023,0.03966503
17024,0.014918866
17025,0.048308205
17026,0.024967859
17027,0.06242997
17028,0.08671339
17029,0.35832074
17030,0.098682664
17031,0.22930683
17032,0.011945855
17033,0.050000265
17034,0.10973333
17035,0.0951936
17036,0.14625998
17037,0.037116244
17038,0.032721113
17039,0.019030023
17040,0.03628553
17041,0.1515745
17042,0.8825865
17043,0.25017476
17044,0.42857987
17045,0.21030201
17046,0.19988856
17047,0.18980035
17048,0.11864797
17049,0.006939407
17050,0.013333951
17051,0.011897733
17052,0.036750115
17053,0.12701665
17054,0.1462666
17055,0.03467589
17056,0.21875001
17057,0.065041035
17058,0.009638427
17059,0.29585043
17060,0.04325322
17061,0.011532595
17062,0.15804219
17063,0.1643645
17064,0.02960925
17065,0.00073578925
17066,0.16568081
17067,0.1640828
17068,0.0868288
17069,0.12459939
17070,0.014696035
17071,0.09819107
17072,0.08379918
17073,0.041613605
17074,0.057857692
17075,0.1438595
17076,0.040699
17077,0.007871074
17078,0.067467034
17079,0.008469616
17080,0.12128117
17081,0.014435679
17082,0.11275211
17083,0.044305597
17084,0.029439637
17085,0.0032215754
17086,0.059565894
17087,0.16395244
17088,0.3074928
17089,0.42257455
17090,0.11707782
17091,0.020272922
17092,0.029532157
17093,0.005899153
17094,0.11744216
17095,0.17814529
17096,0.022918263
17097,0.027436864
17098,0.0006415254
17099,0.037005544
17100,0.00152516
17101,0.007739843
17102,0.083795875
17103,0.08505625
17104,0.30086973
17105,0.01088966
17106,0.010685139
17107,0.029681442
17108,0.06420328
17109,0.08848562
17110,0.3065741
17111,0.13440369
17112,0.018537147
17113,0.14519247
17114,0.026691908
17115,0.04232867
17116,0.13731591
17117,0.019769104
17118,0.051425416
17119,0.22553182
17120,0.018993676
17121,0.014979015
17122,0.003918841
17123,0.115768306
17124,0.055806324
17125,0.040974863
17126,0.0149683645
17127,0.054937836
17128,0.026225368
17129,0.2176168
17130,0.018887427
17131,0.038997393
17132,0.05687069
17133,0.018636484
17134,0.07135956
17135,0.18470669
17136,0.050835975
17137,0.21268293
17138,0.1267561
17139,0.04663731
17140,0.01312761
17141,0.030204237
17142,0.057534143
17143,0.009435969
17144,0.21989512
17145,0.11452068
17146,0.012403785
17147,0.065027736
17148,0.02252856
17149,0.011765781
17150,0.30348113
17151,0.50466657
17152,0.09381079
17153,0.027887922
17154,0.013760988
17155,0.052319515
17156,0.114522554
17157,0.050082028
17158,0.08093051
17159,0.08464229
17160,0.76676345
17161,0.015825849
17162,0.021991083
17163,0.050768778
17164,0.050638355
17165,0.017468238
17166,0.049224593
17167,0.10969951
17168,0.3969462
17169,0.064537615
17170,0.14992914
17171,0.01181624
17172,0.012858826
17173,0.04660014
17174,0.0847834
17175,0.031047313
17176,0.01565912
17177,0.09178314
17178,0.05995548
17179,0.04521674
17180,0.0019858745
17181,0.0577392
17182,0.012243677
17183,0.017833691
17184,0.092054665
17185,0.011165437
17186,0.056695852
17187,0.010309067
17188,0.014552243
17189,0.05211372
17190,0.08833178
17191,0.020767614
17192,0.015925711
17193,0.72306406
17194,0.024440715
17195,0.07876484
17196,0.030392062
17197,0.042812314
17198,0.07859247
17199,0.06220426
17200,0.018113347
17201,0.023806704
17202,0.2640107
17203,0.057323556
17204,0.0054298514
17205,0.0035012013
17206,0.0070397
17207,0.015732009
17208,0.011616766
17209,0.013855466
17210,0.11785039
17211,0.019901322
17212,0.010144936
17213,0.14676079
17214,0.008175679
17215,0.02294314
17216,0.014816408
17217,0.2578876
17218,0.025265876
17219,0.0047835987
17220,0.007195371
17221,0.042346317
17222,0.0065186624
17223,0.030829094
17224,0.11940565
17225,0.0693277
17226,0.012803733
17227,0.030274032
17228,0.04589885
17229,0.09316187
17230,0.109554544
17231,0.049141053
17232,0.02094024
17233,0.025833724
17234,0.011953674
17235,0.0015404756
17236,0.06527394
17237,0.20689705
17238,0.13429204
17239,0.0065250318
17240,0.0016707923
17241,0.038606394
17242,0.010111631
17243,0.025175469
17244,0.0054281484
17245,0.010296005
17246,0.025605423
17247,0.024351664
17248,0.04184798
17249,0.008926134
17250,0.032716744
17251,0.045695227
17252,0.03503124
17253,0.12905094
17254,0.004536544
17255,0.11328216
17256,0.00786943
17257,0.22152017
17258,0.008454179
17259,0.030066295
17260,0.00033953495
17261,0.005026407
17262,0.010147549
17263,0.017061122
17264,0.023354135
17265,0.022867728
17266,0.012702807
17267,0.008476752
17268,0.039124183
17269,0.025502667
17270,0.0038298846
17271,0.059522565
17272,0.017357461
17273,0.0031686288
17274,0.006329944
17275,0.13434309
17276,0.030493155
17277,0.040464282
17278,0.003999141
17279,0.008641529
17280,0.037481453
17281,0.07089143
17282,0.09176524
17283,0.008650171
17284,0.20341992
17285,0.043900017
17286,0.047431994
17287,0.07648949
17288,0.012227528
17289,0.09320947
17290,0.040672187
17291,0.0016821752
17292,0.0034977172
17293,0.11752893
17294,0.07316137
17295,0.0065242006
17296,0.11970139
17297,0.013026421
17298,0.0051020714
17299,0.061402943
17300,0.023338698
17301,0.020856014
17302,0.0065135714
17303,0.010289426
17304,0.002020208
17305,0.044501957
17306,0.024283623
17307,0.06567301
17308,0.0629321
17309,0.004004573
17310,0.17686483
17311,0.027605789
17312,0.05222205
17313,0.011609583
17314,0.0039983303
17315,0.00964794
17316,0.05699134
17317,0.03336763
17318,0.02389584
17319,0.017732473
17320,0.03648114
17321,0.047929257
17322,0.022514138
17323,0.02449159
17324,0.10179976
17325,0.20861419
17326,0.059236478
17327,0.019282943
17328,0.03861917
17329,0.019710604
17330,0.042339914
17331,0.07097841
17332,0.04030915
17333,0.015585154
17334,0.06345027
17335,0.04376166
17336,0.024846546
17337,0.21515352
17338,0.08249196
17339,0.04628001
17340,0.17723987
17341,0.15763786
17342,0.019892983
17343,0.020856095
17344,0.029949272
17345,0.23186935
17346,0.072665535
17347,0.24684063
17348,0.18548071
17349,0.07799869
17350,0.028603878
17351,0.024080276
17352,0.013732425
17353,0.0062970296
17354,0.01117869
17355,0.20788527
17356,0.028141124
17357,0.63203335
17358,0.19909792
17359,0.043565143
17360,0.13779403
17361,0.036635958
17362,0.114881545
17363,0.10678152
17364,0.012724449
17365,0.031692203
17366,0.13441765
17367,0.16324441
17368,0.39733303
17369,0.35963973
17370,0.20359804
17371,0.21314801
17372,0.04311518
17373,0.037467834
17374,0.05829581
17375,0.009617998
17376,0.015120614
17377,0.015484327
17378,0.3009519
17379,0.15251741
17380,0.13240157
17381,0.36011803
17382,0.05020932
17383,0.0059966147
17384,0.35722795
17385,0.06607655
17386,0.5828589
17387,0.09741822
17388,0.1064666
17389,0.014678178
17390,0.06523818
17391,0.024500465
17392,0.115573466
17393,0.085076876
17394,0.08464438
17395,0.015048908
17396,0.003341233
17397,0.059154347
17398,0.3443931
17399,0.07197826
17400,0.074908905
17401,0.033038232
17402,0.055924155
17403,0.122932106
17404,0.07226661
17405,0.031216798
17406,0.009421953
17407,0.13391978
17408,0.024153348
17409,0.0147841675
17410,0.20517008
17411,0.13425048
17412,0.052511644
17413,0.040146947
17414,0.015784262
17415,0.02386007
17416,0.0047453158
17417,0.42689505
17418,0.21552864
17419,0.14272474
17420,0.31600067
17421,0.39270577
17422,0.009845909
17423,0.11795086
17424,0.030749435
17425,0.009549936
17426,0.01479419
17427,0.012313093
17428,0.005941009
17429,0.03145455
17430,0.0022489761
17431,0.09182595
17432,0.0986195
17433,0.1052817
17434,0.14711347
17435,0.22178774
17436,0.27661517
17437,0.016489651
17438,0.033241022
17439,0.049669266
17440,0.021050496
17441,0.010416499
17442,0.020810632
17443,0.0182802
17444,0.2131549
17445,0.050792377
17446,0.0003363957
17447,0.09262578
17448,0.09200947
17449,0.17126901
17450,0.32060215
17451,0.04597344
17452,0.038513917
17453,0.019713037
17454,0.048953228
17455,0.07964896
17456,0.0021525335
17457,0.08274571
17458,0.007017316
17459,0.20769212
17460,0.1816047
17461,0.09394448
17462,0.08811273
17463,0.061161734
17464,0.000644955
17465,0.020661436
17466,0.018443353
17467,0.04234216
17468,0.09553448
17469,0.051688794
17470,0.07249144
17471,0.0009801156
17472,0.044324875
17473,0.03429423
17474,0.020892894
17475,0.008098488
17476,0.049090162
17477,0.027596364
17478,0.028250052
17479,0.018102476
17480,0.052624296
17481,0.23007384
17482,0.20532493
17483,0.053529512
17484,0.022980811
17485,0.0037280265
17486,0.12040162
17487,0.07114704
17488,0.015816137
17489,0.05995241
17490,0.012361048
17491,0.032970086
17492,0.18910232
17493,0.02760869
17494,0.04962007
17495,0.049195513
17496,0.052501332
17497,0.044418458
17498,0.13328502
17499,0.11243609
17500,0.14511164
17501,0.08220318
17502,0.026350806
17503,0.025937226
17504,0.06417516
17505,0.06605596
17506,0.011594467
17507,0.09684029
17508,0.052997272
17509,0.45617163
17510,0.09549034
17511,0.06496973
17512,0.099889465
17513,0.04595461
17514,0.086346515
17515,0.015804423
17516,0.13789456
17517,0.0066528516
17518,0.013261267
17519,0.070740834
17520,0.052242916
17521,0.038085017
17522,0.04340029
17523,0.12086801
17524,0.17342798
17525,0.29400226
17526,0.07474635
17527,0.015833693
17528,0.10106316
17529,0.03023623
17530,0.057088695
17531,0.052490987
17532,0.038905162
17533,0.12321405
17534,0.0010717727
17535,0.119304895
17536,0.024746446
17537,0.07118571
17538,0.08381886
17539,0.01819334
17540,0.15528071
17541,0.010119609
17542,0.055538543
17543,0.08366915
17544,0.04343164
17545,0.01902576
17546,0.032102864
17547,0.036994997
17548,0.056394454
17549,0.052624825
17550,0.135119
17551,0.11891749
17552,0.19166854
17553,0.1455993
17554,0.20874022
17555,0.009837867
17556,0.12059191
17557,0.087004185
17558,0.027187664
17559,0.08680816
17560,0.0707575
17561,0.020684507
17562,0.01783075
17563,0.048044674
17564,0.050760794
17565,0.02697882
17566,0.1189987
17567,0.0020206266
17568,0.03893081
17569,0.02748524
17570,0.12498588
17571,0.016632186
17572,0.055018466
17573,0.1033013
17574,0.052653402
17575,0.14919718
17576,0.29298037
17577,0.07212073
17578,0.12261092
17579,0.050793983
17580,0.11760787
17581,0.070018634
17582,0.09933199
17583,0.04840752
17584,0.008919918
17585,0.009329719
17586,0.32070404
17587,0.06335075
17588,0.13134256
17589,0.092984386
17590,0.07779544
17591,0.038880054
17592,0.020964354
17593,0.03533956
17594,0.03107508
17595,0.3142428
17596,0.04696418
17597,0.094146006
17598,0.12620689
17599,0.59827715
17600,0.089215845
17601,0.007847746
17602,0.21979655
17603,0.08603234
17604,0.23846339
17605,0.24660411
17606,0.0659651
17607,0.06510375
17608,0.040298454
17609,0.10250959
17610,0.14169218
17611,0.04763324
17612,0.16008724
17613,0.049893618
17614,0.099828504
17615,0.014932436
17616,0.026738347
17617,0.024071544
17618,0.055241358
17619,0.06662594
17620,0.014710745
17621,0.10397675
17622,0.07922677
17623,0.16092631
17624,0.052591108
17625,0.035928406
17626,0.13935347
17627,0.18223709
17628,0.16330521
17629,0.062078904
17630,0.08393003
17631,0.02148189
17632,0.014825596
17633,0.052492715
17634,0.45053828
17635,0.055977944
17636,0.33977562
17637,0.19014102
17638,0.013180943
17639,0.0020151369
17640,0.0077596926
17641,0.08256503
17642,0.03485378
17643,0.18141897
17644,0.19453256
17645,0.045480866
17646,0.032328982
17647,0.0931331
17648,0.11274482
17649,0.14920467
17650,0.1666415
17651,0.2825194
17652,0.13032123
17653,0.053028576
17654,0.031869303
17655,0.034469053
17656,0.26409417
17657,0.763832
17658,0.058152787
17659,0.3383443
17660,0.057758328
17661,0.23127384
17662,0.0028525651
17663,0.046309732
17664,0.068208866
17665,0.013655617
17666,0.05482142
17667,0.004285
17668,0.34280148
17669,0.037442368
17670,0.09201274
17671,0.19572902
17672,0.10532853
17673,0.21371956
17674,0.30583775
17675,0.26872015
17676,0.14197126
17677,0.080705665
17678,0.13762027
17679,0.9017842
17680,0.33754063
17681,0.42559636
17682,0.0023370185
17683,0.121436946
17684,0.06820801
17685,0.014870652
17686,0.0018448175
17687,0.00810591
17688,0.07196549
17689,0.006720957
17690,0.02676606
17691,0.071151495
17692,0.07750229
17693,0.1308904
17694,0.11759225
17695,0.09504994
17696,0.1603698
17697,0.12896909
17698,0.11397518
17699,0.24737275
17700,0.029981887
17701,0.056384694
17702,0.9830818
17703,0.892177
17704,0.623258
17705,0.0054332837
17706,0.017987538
17707,0.015812231
17708,0.11364064
17709,0.37266165
17710,0.061078947
17711,0.015863378
17712,0.050460387
17713,0.00069115474
17714,0.06061391
17715,0.09221754
17716,0.056521922
17717,0.00042545865
17718,0.29675448
17719,0.008587897
17720,0.028536825
17721,0.12570241
17722,0.109439015
17723,0.07449982
17724,0.026872579
17725,0.1969441
17726,0.15623344
17727,0.01969237
17728,0.123348266
17729,0.13291466
17730,0.10911551
17731,0.988647
17732,0.82231873
17733,0.62553626
17734,0.012240713
17735,0.018066505
17736,0.0019089632
17737,0.26356184
17738,0.08374347
17739,0.24687159
17740,0.059379578
17741,0.024373887
17742,0.14670065
17743,0.11280792
17744,0.17093422
17745,0.20879132
17746,0.37133598
17747,0.41821072
17748,0.13574533
17749,0.1372188
17750,0.08567551
17751,0.049084976
17752,0.10230666
17753,0.07265514
17754,0.054293465
17755,0.16080242
17756,0.16679443
17757,0.06820033
17758,0.12067697
17759,0.00042724633
17760,0.9049233
17761,0.99669325
17762,1.0
17763,0.19813207
17764,0.06761549
17765,0.09549453
17766,0.21337478
17767,0.03583825
17768,0.035717133
17769,0.025038784
17770,0.100443244
17771,0.044496827
17772,0.23744695
17773,0.9601079
17774,0.07970157
17775,0.0745236
17776,0.10262015
17777,0.16104196
17778,0.060130313
17779,0.18848138
17780,0.099953346
17781,0.048599523
17782,0.110095635
17783,0.08376487
17784,0.13098888
17785,0.017950483
17786,0.011297287
17787,0.27277327
17788,0.29904667
17789,0.17760356
17790,0.1025528
17791,0.06766329
17792,0.04928521
17793,0.2195603
17794,0.005859893
17795,0.008805698
17796,0.031091718
17797,0.05009673
17798,0.02285466
17799,0.05274565
17800,0.059808195
17801,0.25375208
17802,0.43521118
17803,0.20652822
17804,0.1984776
17805,0.105087824
17806,0.17775236
17807,0.1855894
17808,0.49287596
17809,0.0045154016
17810,0.025174674
17811,0.057421386
17812,0.010601132
17813,0.07947098
17814,0.19002214
17815,0.13208996
17816,0.45917434
17817,0.31970054
17818,0.17214923
17819,1.0
17820,0.10558833
17821,0.034727838
17822,0.15804699
17823,0.24580681
17824,0.022467408
17825,0.103613645
17826,0.18974857
17827,0.1010542
17828,0.024199128
17829,0.0428355
17830,0.017691202
17831,0.17601372
17832,0.28203765
17833,0.3206107
17834,0.32294565
17835,0.26633576
17836,0.1523636
17837,0.15248816
17838,0.18823522
17839,0.0007434885
17840,0.13724327
17841,0.09506155
17842,0.09566411
17843,0.3574425
17844,0.2835047
17845,0.10287356
17846,0.039099146
17847,0.45679256
17848,0.32939443
17849,0.049858823
17850,0.11948403
17851,0.06661804
17852,0.053587347
17853,0.009849447
17854,0.011899426
17855,0.04560494
17856,0.17264041
17857,0.12483549
17858,0.14263374
17859,0.27370676
17860,0.6946334
17861,0.33979562
17862,0.26294598
17863,0.34155825
17864,0.10614464
17865,0.077956006
17866,0.061997276
17867,0.107766785
17868,0.1668038
17869,0.08692027
17870,0.02122429
17871,0.14222471
17872,0.097263135
17873,0.015905939
17874,0.014217106
17875,0.073584415
17876,0.04071725
17877,0.0015601576
17878,0.023818407
17879,0.022286497
17880,0.03771652
17881,0.027180856
17882,0.07459591
17883,0.07591966
17884,0.20345598
17885,0.21732733
17886,0.13232727
17887,0.5874401
17888,0.5468294
17889,0.27314842
17890,0.11146346
17891,0.06668548
17892,0.026527623
17893,0.040119283
17894,0.04518788
17895,0.0041987333
17896,0.008653126
17897,0.035881247
17898,0.96169615
17899,0.030361298
17900,0.015905214
17901,0.09839679
17902,0.08657012
17903,0.09111769
17904,0.006688234
17905,0.06772826
17906,0.016455166
17907,0.0271951
17908,0.016618608
17909,0.012243128
17910,0.02867513
17911,0.08901189
17912,0.11873438
17913,0.49449492
17914,0.2700495
17915,0.12736823
17916,0.86360353
17917,0.29822293
17918,0.3054878
17919,0.15696388
17920,0.031813536
17921,0.03202541
17922,0.027483344
17923,0.055018507
17924,0.047155682
17925,0.036973786
17926,0.102563
17927,0.35072842
17928,0.054104745
17929,0.26130158
17930,0.029022977
17931,0.072770245
17932,0.08252314
17933,0.09725624
17934,0.08981485
17935,0.020278119
17936,0.011000973
17937,0.04613703
17938,0.14599545
17939,0.8607985
17940,0.24074334
17941,0.46464628
17942,0.26040858
17943,0.20444013
17944,0.17314972
17945,0.10586885
17946,0.07215716
17947,0.010264022
17948,0.012288321
17949,0.007253231
17950,0.018564777
17951,0.085211776
17952,0.08029262
17953,0.057599332
17954,0.13973166
17955,0.020012021
17956,0.045074992
17957,0.009634969
17958,0.27850088
17959,0.030002264
17960,0.009860585
17961,0.00069040596
17962,0.13773587
17963,0.15952897
17964,0.042518526
17965,0.0007348093
17966,0.124470554
17967,0.12976946
17968,0.08078012
17969,0.089890726
17970,0.03953894
17971,0.12063094
17972,0.06017507
17973,0.043160588
17974,0.091213726
17975,0.12076887
17976,0.03174468
17977,0.0042248713
17978,0.06790927
17979,0.08504929
17980,0.046056945
17981,0.102315105
17982,0.044304885
17983,0.039430194
17984,0.022502484
17985,0.05306343
17986,0.18972565
17987,0.3062214
17988,0.5269729
17989,0.122387595
17990,0.017867945
17991,0.051640574
17992,0.023699822
17993,0.031908266
17994,0.06131715
17995,0.09651611
17996,0.010927962
17997,0.0065150457
17998,0.012776759
17999,0.0053467317
18000,0.008919938
18001,0.015780548
18002,0.07023106
18003,0.047280353
18004,0.34004703
18005,0.02748149
18006,0.00062095886
18007,0.03210264
18008,0.0674695
18009,0.07614441
18010,0.34082636
18011,0.12667109
18012,0.0078044417
18013,0.14743643
18014,0.07231425
18015,0.08473728
18016,0.13093162
18017,0.021528222
18018,0.2942211
18019,0.014546967
18020,0.107837126
18021,0.053661052
18022,0.058746863
18023,0.0070960317
18024,0.040170047
18025,0.05064531
18026,0.18549553
18027,0.016112795
18028,0.0053221695
18029,0.038586404
18030,0.052076817
18031,0.11880522
18032,0.16351876
18033,0.05785042
18034,0.20456542
18035,0.11891377
18036,0.053568967
18037,0.0064620324
18038,0.03565751
18039,0.031344593
18040,0.021204155
18041,0.22477633
18042,0.11779852
18043,0.023232095
18044,0.10312536
18045,0.044825282
18046,0.010120732
18047,0.008111018
18048,0.3454966
18049,0.49121988
18050,0.079967305
18051,0.044483185
18052,0.057000462
18053,0.066632956
18054,0.007219178
18055,0.09427682
18056,0.103345655
18057,0.06362415
18058,0.86105376
18059,0.060821567
18060,0.0035848136
18061,0.026566885
18062,0.07105906
18063,0.017464781
18064,0.0650916
18065,0.10485573
18066,0.33069882
18067,0.04927346
18068,0.18895729
18069,0.0031349228
18070,0.043951243
18071,0.038396895
18072,0.06846115
18073,0.032728985
18074,0.04551451
18075,0.09179054
18076,0.050009012
18077,0.03030351
18078,0.0078558335
18079,0.026855674
18080,0.046631206
18081,0.009351026
18082,0.09467251
18083,0.0077978508
18084,0.03474108
18085,0.0137659665
18086,0.032116447
18087,0.08098068
18088,0.13780308
18089,0.05283824
18090,0.0010184416
18091,0.847565
18092,0.04452023
18093,0.15518148
18094,0.06306181
18095,0.042489775
18096,0.055485506
18097,0.042319197
18098,0.004023216
18099,0.21411929
18100,0.025632417
18101,0.0054298644
18102,0.015728552
18103,0.028237885
18104,0.07206003
18105,0.010276654
18106,0.15191218
18107,0.040635604
18108,0.0032417483
18109,0.043140046
18110,0.2989218
18111,0.025260057
18112,0.017061515
18113,0.0081131635
18114,0.021268586
18115,0.013191997
18116,0.04675476
18117,0.01715565
18118,0.12481104
18119,0.07144266
18120,0.015813245
18121,0.04589219
18122,0.15487775
18123,0.0852968
18124,0.05043363
18125,0.091965005
18126,0.0731656
18127,0.053222638
18128,0.07703002
18129,0.16469423
18130,0.115293145
18131,0.006520853
18132,0.050997037
18133,0.0003464492
18134,0.009413715
18135,0.014345877
18136,0.0042678127
18137,0.022217002
18138,0.014377993
18139,0.0004955166
18140,0.034482528
18141,0.02029116
18142,0.15831551
18143,0.004533101
18144,0.17839238
18145,0.0012377583
18146,0.28210068
18147,0.01922304
18148,0.017256329
18149,0.0101208305
18150,0.01585976
18151,0.0062852725
18152,0.012779773
18153,0.038952608
18154,0.0084723495
18155,0.08610668
18156,0.025498968
18157,0.044810403
18158,0.02562736
18159,0.03734917
18160,0.005398228
18161,0.006331186
18162,0.011168886
18163,0.006328964
18164,0.1008318
18165,0.020139832
18166,0.02593169
18167,0.003998187
18168,0.034853823
18169,0.010717376
18170,0.119289584
18171,0.20153219
18172,0.08149652
18173,0.1074809
18174,0.056735143
18175,0.074396424
18176,0.025646199
18177,0.0047788243
18178,0.13290745
18179,0.08232092
18180,0.0065207477
18181,0.14470467
18182,0.041439325
18183,0.019089932
18184,0.043114975
18185,0.060209434
18186,0.023334995
18187,0.02281858
18188,0.0063289865
18189,0.0146166
18190,0.008462348
18191,0.005430551
18192,0.034863748
18193,0.012713078
18194,0.0072004003
18195,0.03826309
18196,0.07775927
18197,0.006521473
18198,0.0040003173
18199,0.19965312
18200,0.0153431725
18201,0.01589527
18202,0.016524483
18203,0.00958759
18204,0.007864052
18205,0.00502619
18206,0.0053971643
18207,0.055573203
18208,0.01536384
18209,0.010132498
18210,0.033863444
18211,0.034964733
18212,0.010313367
18213,0.01222239
18214,0.031664196
18215,0.12863041
18216,0.26657343
18217,0.018308155
18218,0.028957821
18219,0.019279031
18220,0.012226001
18221,0.03862262
18222,0.047890175
18223,0.122109346
18224,0.030721176
18225,0.013922158
18226,0.15043019
18227,0.0433449
18228,0.024847899
18229,0.28831682
18230,0.067570575
18231,0.10624485
18232,0.0675982
18233,0.21539077
18234,0.13155758
18235,0.046954334
18236,0.1157473
18237,0.07766369
18238,0.3718571
18239,0.110068314
18240,0.15632541
18241,0.024081606
18242,0.02106018
18243,0.13893615
18244,0.0147387255
18245,0.14590119
18246,0.02814245
18247,0.62442565
18248,0.09050006
18249,0.006304439
18250,0.121509254
18251,0.029075682
18252,0.0022312456
18253,0.08941994
18254,0.021263735
18255,0.091312476
18256,0.0538581
18257,0.012311678
18258,0.015850192
18259,0.120904244
18260,0.20149599
18261,0.33572695
18262,0.4947629
18263,0.028071089
18264,0.09646575
18265,0.020854112
18266,0.10358147
18267,0.060635775
18268,0.08667252
18269,0.120968334
18270,0.27192193
18271,0.107857406
18272,0.20359728
18273,0.33157542
18274,0.053725157
18275,0.021633837
18276,0.4271541
18277,0.062316123
18278,0.63495976
18279,0.101316884
18280,0.07580299
18281,0.04719441
18282,0.026089787
18283,0.09411479
18284,0.10845579
18285,0.08462515
18286,0.029855099
18287,0.034327425
18288,0.067481704
18289,0.27282223
18290,0.005694428
18291,0.058782235
18292,0.052383855
18293,0.06847187
18294,0.063663095
18295,0.036297206
18296,0.026670815
18297,0.08793809
18298,0.07669482
18299,0.15461862
18300,0.22165892
18301,0.0017625839
18302,0.06948994
18303,0.023563236
18304,0.030269392
18305,0.33150992
18306,0.14687121
18307,0.1127397
18308,0.20982845
18309,0.29511693
18310,0.13811566
18311,0.042226013
18312,0.018310968
18313,0.03574094
18314,0.025264772
18315,0.005941018
18316,0.0022488828
18317,0.09182721
18318,0.010635766
18319,0.1268447
18320,0.09383725
18321,0.091116816
18322,0.2536958
18323,0.29787016
18324,0.016489763
18325,0.022692548
18326,0.053130865
18327,0.008648848
18328,0.026199602
18329,0.0017820552
18330,0.28116825
18331,0.044318587
18332,0.010280123
18333,0.077694125
18334,0.14110614
18335,0.04047083
18336,0.09093649
18337,0.27514136
18338,0.0514178
18339,0.07694183
18340,0.0032863365
18341,0.03171187
18342,0.06662286
18343,0.10119369
18344,0.0042745047
18345,0.034473617
18346,0.026413472
18347,0.17341727
18348,0.2183672
18349,0.09920414
18350,0.11969841
18351,0.06595976
18352,0.038429473
18353,0.033016857
18354,0.035783
18355,0.037903175
18356,0.13784316
18357,0.090862215
18358,0.09375443
18359,0.0067366282
18360,0.040044893
18361,0.018877279
18362,0.014363538
18363,0.014427002
18364,0.04369706
18365,0.03334813
18366,0.006328778
18367,0.029972773
18368,0.20924251
18369,0.22780463
18370,0.035822403
18371,0.03482983
18372,0.03952234
18373,0.12443075
18374,0.06573519
18375,0.00941852
18376,0.053728703
18377,0.21369188
18378,0.012255714
18379,0.033422127
18380,0.04640525
18381,0.01522569
18382,0.06045348
18383,0.053937852
18384,0.1422094
18385,0.11250709
18386,0.11289592
18387,0.053884324
18388,0.06955092
18389,0.03352037
18390,0.06721883
18391,0.04607923
18392,0.011595324
18393,0.10568543
18394,0.05075054
18395,0.54286855
18396,0.12494046
18397,0.037630007
18398,0.108219065
18399,0.089926034
18400,0.05475461
18401,0.026405305
18402,0.2041589
18403,0.024710648
18404,0.011125243
18405,0.023261663
18406,0.110660024
18407,0.075520694
18408,0.036307875
18409,0.058196276
18410,0.1271577
18411,0.13253042
18412,0.33846873
18413,0.054657787
18414,0.016533073
18415,0.122775376
18416,0.0009425822
18417,0.053987987
18418,0.0065205186
18419,0.02386286
18420,0.00786803
18421,0.12294796
18422,0.04659604
18423,0.10551568
18424,0.039573666
18425,0.1421542
18426,0.035513937
18427,0.048380468
18428,0.03784828
18429,0.18963744
18430,0.07865711
18431,0.08642424
18432,0.011030902
18433,0.03869533
18434,0.030714508
18435,0.04626986
18436,0.037769105
18437,0.1554676
18438,0.12699029
18439,0.14426975
18440,0.11789918
18441,0.123276204
18442,0.01031763
18443,0.07827781
18444,0.007835975
18445,0.08607088
18446,0.009629133
18447,0.008929222
18448,0.05093493
18449,0.019892463
18450,0.051005505
18451,0.03165488
18452,0.008937225
18453,0.04077086
18454,0.053956617
18455,0.026979335
18456,0.03748829
18457,0.030380132
18458,0.11136493
18459,0.023768375
18460,0.060818646
18461,0.109137505
18462,0.040080026
18463,0.14435835
18464,0.30684954
18465,0.06631065
18466,0.16403562
18467,0.051626034
18468,0.11290873
18469,0.064135276
18470,0.09397376
18471,0.060600273
18472,0.00892075
18473,0.019977937
18474,0.2542592
18475,0.038926166
18476,0.06624033
18477,0.07561471
18478,0.07414532
18479,0.001082986
18480,0.04483994
18481,0.023289913
18482,0.0026365786
18483,0.39336026
18484,0.06501225
18485,0.06672739
18486,0.107669264
18487,0.5537297
18488,0.077292964
18489,0.027274333
18490,0.19790408
18491,0.08384735
18492,0.2550976
18493,0.24625121
18494,0.07373676
18495,0.008738609
18496,0.015607988
18497,0.091793366
18498,0.03414153
18499,0.13087864
18500,0.14639372
18501,0.050502133
18502,0.20914482
18503,0.11300729
18504,0.049435575
18505,0.014932565
18506,0.009423231
18507,0.0051148003
18508,0.0595339
18509,0.042674243
18510,0.013319232
18511,0.123977944
18512,0.0995306
18513,0.15724218
18514,0.06761244
18515,0.0575656
18516,0.13454597
18517,0.18508898
18518,0.2228239
18519,0.08297147
18520,0.048564136
18521,0.05096301
18522,0.008928984
18523,0.054815322
18524,0.35487193
18525,0.047931228
18526,0.01513855
18527,0.3557329
18528,0.19922137
18529,0.010734215
18530,0.0047745756
18531,0.013590308
18532,0.043936454
18533,0.035781298
18534,0.19954228
18535,0.18525633
18536,0.047387857
18537,0.038099423
18538,0.14428742
18539,0.13442604
18540,0.17381994
18541,0.18429546
18542,0.2695809
18543,0.11869837
18544,0.020212412
18545,0.06513291
18546,0.10505964
18547,0.04417478
18548,0.30854976
18549,0.9186322
18550,0.09178421
18551,0.029927183
18552,0.32706746
18553,0.036415156
18554,0.2832805
18555,0.0763224
18556,0.07479484
18557,0.0064611426
18558,0.05128858
18559,0.31524396
18560,0.036613323
18561,0.07015437
18562,0.20648193
18563,0.095756635
18564,0.20382324
18565,0.3145021
18566,0.31860688
18567,0.006622188
18568,0.15854023
18569,0.10938231
18570,0.05361847
18571,0.87195337
18572,0.30572656
18573,0.3572382
18574,0.023455802
18575,0.16139455
18576,0.026535973
18577,0.012292912
18578,0.019130146
18579,0.008921743
18580,0.008918862
18581,0.061241142
18582,0.007199847
18583,0.007035792
18584,0.027450964
18585,0.0765417
18586,0.048882645
18587,0.05994264
18588,0.094335206
18589,0.10168454
18590,0.20311342
18591,0.15448497
18592,0.025494467
18593,0.11063068
18594,0.2208975
18595,0.053107303
18596,1.0
18597,0.9013935
18598,0.63893116
18599,0.021407742
18600,0.11078608
18601,0.35910714
18602,0.07570076
18603,0.015863463
18604,0.074473
18605,0.008112704
18606,0.056964803
18607,0.10520473
18608,0.067542896
18609,0.007858964
18610,0.332332
18611,0.0030007577
18612,0.009664313
18613,0.09675266
18614,0.09440618
18615,0.063725196
18616,0.07198901
18617,0.22010809
18618,0.17126809
18619,0.02145764
18620,0.1179577
18621,0.08782887
18622,0.12549663
18623,1.0
18624,0.75619304
18625,0.5695376
18626,0.00043055997
18627,0.06320959
18628,0.023061713
18629,0.33722296
18630,0.0923306
18631,0.22516213
18632,0.051577117
18633,0.005919576
18634,0.13483688
18635,0.100332655
18636,0.14470388
18637,0.19327931
18638,0.38617155
18639,0.35331202
18640,0.1472157
18641,0.17349613
18642,0.108065516
18643,0.0352986
18644,0.11597865
18645,0.04752105
18646,0.060946174
18647,0.14452039
18648,0.16398671
18649,0.07113428
18650,0.08289552
18651,0.02333064
18652,0.74670464
18653,1.0
18654,1.0
18655,0.14609163
18656,0.028910644
18657,0.08237139
18658,0.27023935
18659,0.000649751
18660,0.03974509
18661,0.033924326
18662,0.007068215
18663,0.09080941
18664,0.05278625
18665,0.22860888
18666,0.979992
18667,0.046404228
18668,0.10343083
18669,0.08475761
18670,0.1848248
18671,0.06123539
18672,0.2179651
18673,0.17125992
18674,0.0081677055
18675,0.10807157
18676,0.10333949
18677,0.08831116
18678,0.022990752
18679,0.021521471
18680,0.24582659
18681,0.2939073
18682,0.23007415
18683,0.09708907
18684,0.022870392
18685,0.10959911
18686,0.048722688
18687,0.19028588
18688,0.0036664724
18689,0.035768427
18690,0.036642574
18691,0.042992547
18692,0.017673213
18693,0.071438245
18694,0.034667555
18695,0.25149167
18696,0.5052955
18697,0.19312057
18698,0.15201771
18699,0.11649402
18700,0.16366811
18701,0.14220296
18702,0.5498201
18703,0.028787019
18704,0.014365467
18705,0.055114087
18706,0.02195588
18707,0.08845708
18708,0.20927669
18709,0.13035786
18710,0.42103592
18711,0.2549716
18712,0.1651349
18713,0.9965644
18714,0.16752595
18715,0.017613083
18716,0.12899065
18717,0.23820935
18718,0.045430873
18719,0.06450687
18720,0.3223955
18721,0.099912435
18722,0.02961559
18723,0.04558648
18724,0.030796692
18725,0.18495074
18726,0.26803336
18727,0.2782595
18728,0.29653996
18729,0.282764
18730,0.1274701
18731,0.13516948
18732,0.23200203
18733,0.12658672
18734,0.055864546
18735,0.05561876
18736,0.3352617
18737,0.28340015
18738,0.07963313
18739,0.03910066
18740,0.4563857
18741,0.33647332
18742,0.005248973
18743,0.057592466
18744,0.12325666
18745,0.0907475
18746,0.07029687
18747,0.009849556
18748,0.012710053
18749,0.013333158
18750,0.028217025
18751,0.05777208
18752,0.102018036
18753,0.12483401
18754,0.15563348
18755,0.26923794
18756,0.73107564
18757,0.31871825
18758,0.24113458
18759,0.38799012
18760,0.09546792
18761,0.018242132
18762,0.08372285
18763,0.027779114
18764,0.1517959
18765,0.18066584
18766,0.05261378
18767,0.03686942
18768,0.14884941
18769,0.121553
18770,0.015905945
18771,0.0016998125
18772,0.06522168
18773,0.08955593
18774,0.02065977
18775,0.024106454
18776,0.05127928
18777,0.017868288
18778,0.020735472
18779,0.020402001
18780,0.045137417
18781,0.07459716
18782,0.057786103
18783,0.25540504
18784,0.18974555
18785,0.12263823
18786,0.53743184
18787,0.49861658
18788,0.2321184
18789,0.12678142
18790,0.0816971
18791,0.028186353
18792,0.036871634
18793,0.05668213
18794,0.014065586
18795,0.008653136
18796,0.025001908
18797,0.97840625
18798,0.019696048
18799,0.015906148
18800,0.01808172
18801,0.04954805
18802,0.11788191
18803,0.028995803
18804,0.05634232
18805,0.034360725
18806,0.028020756
18807,0.03278496
18808,0.028313188
18809,0.08416859
18810,0.0919767
18811,0.5514398
18812,0.21716684
18813,0.17805262
18814,0.9045209
18815,0.30687553
18816,0.3536293
18817,0.17482792
18818,0.0072013545
18819,0.023067936
18820,0.013654333
18821,0.0035954085
18822,0.06740189
18823,0.046425156
18824,0.015820742
18825,0.026774554
18826,0.09432868
18827,0.3073218
18828,0.077624775
18829,0.29928708
18830,0.012251139
18831,0.07038129
18832,0.10236125
18833,0.07452535
18834,0.14073578
18835,0.05482148
18836,0.011999881
18837,0.035263643
18838,0.13011773
18839,0.8851364
18840,0.21663454
18841,0.46464136
18842,0.19818951
18843,0.27135193
18844,0.15829468
18845,0.12719633
18846,0.043779183
18847,0.01228843
18848,0.013377607
18849,0.010861815
18850,0.064074606
18851,0.11271191
18852,0.037036795
18853,0.17518495
18854,0.0200125
18855,0.018339954
18856,0.009635103
18857,0.22418605
18858,0.024204873
18859,0.012358873
18860,0.009860645
18861,0.13772883
18862,0.151361
18863,0.036729842
18864,0.00073484046
18865,0.19442242
18866,0.19075106
18867,0.11608557
18868,0.09258213
18869,0.015369719
18870,0.107871704
18871,0.07300722
18872,0.02475808
18873,0.11949223
18874,0.088432774
18875,0.030050999
18876,0.007866879
18877,0.111330405
18878,0.11090618
18879,0.040990245
18880,0.11440434
18881,0.02924663
18882,0.055884868
18883,0.010295363
18884,0.04853554
18885,0.21860513
18886,0.3002757
18887,0.492837
18888,0.093967356
18889,0.008125037
18890,0.033014804
18891,0.017770475
18892,0.05722193
18893,0.10591071
18894,0.009418869
18895,0.02743502
18896,0.008956952
18897,0.017463403
18898,0.008920169
18899,0.01578058
18900,0.08666808
18901,0.068045385
18902,0.351688
18903,0.008878729
18904,0.008368091
18905,0.01902071
18906,0.05268219
18907,0.060911555
18908,0.34110793
18909,0.14174068
18910,0.012371139
18911,0.01080009
18912,0.13535751
18913,0.047953606
18914,0.013180809
18915,0.07108461
18916,0.1545786
18917,0.028922634
18918,0.016665787
18919,0.24625593
18920,0.024819367
18921,0.024563657
18922,0.105397254
18923,0.050071497
18924,0.052486688
18925,0.01757383
18926,0.054086257
18927,0.19136311
18928,0.011130613
18929,0.029501487
18930,0.03659846
18931,0.02822689
18932,0.04247483
18933,0.2176726
18934,0.029694766
18935,0.16588111
18936,0.060489967
18937,0.011514185
18938,0.03160673
18939,0.021410761
18940,0.0777225
18941,0.04912584
18942,0.20450842
18943,0.20807424
18944,0.03209536
18945,0.05498446
18946,0.03869344
18947,0.0028535936
18948,0.32949528
18949,0.4910498
18950,0.080042265
18951,0.05529091
18952,0.013758302
18953,0.06846403
18954,0.051683143
18955,0.013916322
18956,0.09540382
18957,0.07640656
18958,0.06960858
18959,0.7497241
18960,0.033543512
18961,0.015355818
18962,0.026657296
18963,0.033036824
18964,0.017464813
18965,0.12873872
18966,0.31843773
18967,0.03935177
18968,0.15828592
18969,0.07341244
18970,0.021029519
18971,0.08798954
18972,0.03154029
18973,0.03213125
18974,0.09177907
18975,0.061251327
18976,0.02204043
18977,0.0006695466
18978,0.019110573
18979,0.049312573
18980,0.0036058994
18981,0.11327153
18982,0.017048754
18983,0.0152250035
18984,0.0417902
18985,0.091349706
18986,0.018161163
18987,0.010127964
18988,0.92102623
18989,0.042496778
18990,0.11004047
18991,0.030875698
18992,0.03035432
18993,0.053991754
18994,0.033307467
18995,0.019915307
18996,0.0144322915
18997,0.32910565
18998,0.018030193
18999,0.0054299836
19000,0.0034969286
19001,0.005432176
19002,0.015728584
19003,0.009665905
19004,0.021633571
19005,0.09805535
19006,0.025278067
19007,0.010141612
19008,0.13260451
19009,0.044074077
19010,0.005029964
19011,0.026511077
19012,0.20716646
19013,0.00093871757
19014,0.0047811447
19015,0.020998342
19016,0.0016872206
19017,0.0576585
19018,0.006518773
19019,0.022676384
19020,0.003982152
19021,0.16165383
19022,0.045035906
19023,0.0052457335
19024,0.012775903
19025,0.012800384
19026,0.014150307
19027,0.047108915
19028,0.13487141
19029,0.04350041
19030,0.01485631
19031,0.033032097
19032,0.058457583
19033,0.051260162
19034,0.04886818
19035,0.17380708
19036,0.12416199
19037,0.00034015937
19038,0.03654783
19039,0.011815651
19040,0.014247005
19041,0.0004267367
19042,0.010295392
19043,0.023755586
19044,0.008652181
19045,0.0147354035
19046,0.014378314
19047,0.008922859
19048,0.024434935
19049,0.049632557
19050,0.06374424
19051,0.14050451
19052,0.0045330073
19053,0.000369352
19054,0.15212873
19055,0.015235644
19056,0.20551571
19057,0.008450034
19058,0.04603803
19059,0.010121662
19060,0.00033953495
19061,0.025569286
19062,0.02066361
19063,0.01581013
19064,0.03953095
19065,0.026766438
19066,0.07866186
19067,0.044544697
19068,0.034421418
19069,0.0030472067
19070,0.017635962
19071,0.008101305
19072,0.01332033
19073,0.0020193441
19074,0.11880146
19075,0.0136769125
19076,0.015813932
19077,0.026758322
19078,0.010282045
19079,0.01580807
19080,0.095211916
19081,0.039047047
19082,0.009629886
19083,0.008645898
19084,0.22289512
19085,0.06584239
19086,0.0571256
19087,0.08474445
19088,0.012224151
19089,0.06651769
19090,0.007904107
19091,0.01635412
19092,0.1370162
19093,0.033398557
19094,0.1159926
19095,0.15239412
19096,0.028955268
19097,0.0018504302
19098,0.07530144
19099,0.007746158
19100,0.023855235
19101,0.010290247
19102,0.0063299085
19103,0.005814503
19104,0.042607624
19105,0.0107509615
19106,0.009403877
19107,0.092226736
19108,0.06741801
19109,0.15487167
19110,0.014122967
19111,0.00399751
19112,0.0037706017
19113,0.0415096
19114,0.015363872
19115,0.04455528
19116,0.00057199784
19117,0.07230622
19118,0.0122224
19119,0.17349395
19120,0.20385617
19121,0.0737466
19122,0.019279411
19123,0.012226961
19124,0.014905413
19125,0.023510505
19126,0.04289891
19127,0.08175303
19128,0.030719755
19129,0.010397966
19130,0.033815444
19131,0.039297115
19132,0.043763626
19133,0.008110322
19134,0.22193794
19135,0.10628757
19136,0.042669002
19137,0.1637252
19138,0.10719437
19139,0.27287036
19140,0.06613641
19141,0.24437071
19142,0.13999626
19143,0.10464985
19144,0.05741732
19145,0.029704371
19146,0.036863174
19147,0.014736036
19148,0.12476738
19149,0.034492593
19150,0.58272886
19151,0.13743658
19152,0.010891496
19153,0.12857988
19154,0.032151133
19155,0.092462726
19156,0.02567109
19157,0.016505506
19158,0.017381761
19159,0.14638981
19160,0.15301184
19161,0.24838006
19162,0.42418054
19163,0.07218453
19164,0.15269089
19165,0.14687513
19166,0.010348925
19167,0.039450776
19168,0.0853186
19169,0.06095575
19170,0.12705833
19171,0.030138971
19172,0.34049818
19173,0.07450623
19174,0.114283435
19175,0.39715773
19176,0.02163162
19177,0.491402
19178,0.017461922
19179,0.06130732
19180,0.42537323
19181,0.06941372
19182,0.05656677
19183,0.040837634
19184,0.048361402
19185,0.12670222
19186,0.048615288
19187,0.020292774
19188,0.029853601
19189,0.019524902
19190,0.039413676
19191,0.19192515
19192,0.01799947
19193,0.04658546
19194,0.036227323
19195,0.08479704
19196,0.08536266
19197,0.020979319
19198,0.09281318
19199,0.07129385
19200,0.21473977
19201,0.23768207
19202,0.021554437
19203,0.059636403
19204,0.015339342
19205,0.01814137
19206,0.3538866
19207,0.19901611
19208,0.06661069
19209,0.3153787
19210,0.32997292
19211,0.16491301
19212,0.03433441
19213,0.015819909
19214,0.01284996
19215,0.005780252
19216,0.005937458
19217,0.030207071
19218,0.008111401
19219,0.035996776
19220,0.17395967
19221,0.11502412
19222,0.18951572
19223,0.3060041
19224,0.0064866124
19225,0.022645628
19226,0.08751481
19227,0.008645288
19228,0.03175145
19229,0.02816585
19230,0.022846296
19231,0.3360443
19232,0.010573798
19233,0.029881623
19234,0.008822478
19235,0.07084631
19236,0.024615055
19237,0.08184258
19238,0.27759424
19239,0.07654471
19240,0.081871405
19241,0.017872604
19242,0.012350115
19243,0.06504112
19244,0.07017218
19245,0.015315732
19246,0.16989066
19247,0.18979631
19248,0.13279566
19249,0.100765124
19250,0.092990115
19251,0.021547107
19252,0.06920999
19253,0.024367694
19254,0.02996312
19255,0.12298571
19256,0.061989333
19257,0.08521623
19258,0.011620388
19259,0.040427454
19260,0.01757917
19261,0.017873108
19262,0.00866709
19263,0.034096777
19264,0.031991463
19265,0.0070393104
19266,0.059659854
19267,0.24401657
19268,0.23040132
19269,0.050420277
19270,0.033858396
19271,0.00096229865
19272,0.059168108
19273,0.10946068
19274,0.024336947
19275,0.079319894
19276,0.015940053
19277,0.123033576
19278,0.01973585
19279,0.020237146
19280,0.040733982
19281,0.009840908
19282,0.052559778
19283,0.05287029
19284,0.16616683
19285,0.1180295
19286,0.121169604
19287,0.06564694
19288,0.06773181
19289,0.015396327
19290,0.06093603
19291,0.042419236
19292,0.011591738
19293,0.110235184
19294,0.04609152
19295,0.45247528
19296,0.13120443
19297,0.008887425
19298,0.121370144
19299,0.028881863
19300,0.017853774
19301,0.01684538
19302,0.16107652
19303,0.02470706
19304,0.0071520563
19305,0.004496358
19306,0.020860173
19307,0.09069327
19308,0.043524954
19309,0.060583197
19310,0.037169795
19311,0.10117839
19312,0.13012539
19313,0.26386446
19314,0.05557597
19315,0.02482198
19316,0.085014604
19317,0.021205867
19318,0.055493593
19319,0.0065191244
19320,0.023861518
19321,0.007865419
19322,0.08599184
19323,0.09209319
19324,0.0657978
19325,0.021965282
19326,0.06042747
19327,0.045450576
19328,0.07031523
19329,0.028488073
19330,0.21631789
19331,0.029271048
19332,0.070208445
19333,0.028525425
19334,0.009842359
19335,0.043572016
19336,0.0472293
19337,0.07019993
19338,0.057070944
19339,0.13324751
19340,0.08346091
19341,0.1554408
19342,0.12671767
19343,0.14665225
19344,0.014232902
19345,0.071945444
19346,0.043188132
19347,0.035250563
19348,0.06731572
19349,0.02851364
19350,0.03792808
19351,0.013512849
19352,0.07137635
19353,0.07544114
19354,0.040064566
19355,0.07392175
19356,0.066814855
19357,0.024919981
19358,0.11454484
19359,0.0131555395
19360,0.037333068
19361,0.17762306
19362,0.044790607
19363,0.08680942
19364,0.31982982
19365,0.095214896
19366,0.15149108
19367,0.053476997
19368,0.10969496
19369,0.058120366
19370,0.120214716
19371,0.08491543
19372,0.008918484
19373,0.0020786428
19374,0.4250745
19375,0.059573803
19376,0.0871139
19377,0.023202026
19378,0.025508286
19379,0.01813019
19380,0.011916808
19381,0.058057986
19382,0.39170846
19383,0.065829456
19384,0.046161972
19385,0.12824477
19386,0.55183774
19387,0.076605655
19388,0.01965399
19389,0.17694414
19390,0.03974755
19391,0.26393604
19392,0.23158282
19393,0.098351255
19394,0.023282606
19395,0.094547346
19396,0.043918338
19397,0.10250302
19398,0.121076204
19399,0.05247728
19400,0.20373422
19401,0.060259074
19402,0.032538846
19403,0.04117484
19404,0.017717581
19405,0.05652066
19406,0.06029684
19407,0.025949929
19408,0.11376684
19409,0.08233365
19410,0.12969935
19411,0.09991334
19412,0.025770996
19413,0.10197265
19414,0.17010981
19415,0.25346518
19416,0.08297081
19417,0.009406592
19418,0.040707186
19419,0.014268781
19420,0.0022318969
19421,0.028112322
19422,0.418731
19423,0.016424628
19424,0.028659157
19425,0.35399634
19426,0.089135714
19427,0.023802862
19428,0.0032195477
19429,0.03942022
19430,0.044745594
19431,0.20704085
19432,0.2158188
19433,0.04738588
19434,0.03998777
19435,0.18415259
19436,0.12883821
19437,0.14645317
19438,0.21635187
19439,0.25793168
19440,0.13440982
19441,0.021715865
19442,0.046749104
19443,0.060674056
19444,0.2252272
19445,0.89834803
19446,0.024604067
19447,0.2828548
19448,0.05824742
19449,0.1951855
19450,0.045330536
19451,0.08690971
19452,0.0062710023
19453,0.024390709
19454,0.00672052
19455,0.33268854
19456,0.042065658
19457,0.079703465
19458,0.2209766
19459,0.08923587
19460,0.199341
19461,0.28915012
19462,0.3574146
19463,0.015209262
19464,0.1669806
19465,0.12539542
19466,0.109734274
19467,0.9072267
19468,0.31570417
19469,0.32946676
19470,0.022602187
19471,0.16410516
19472,0.029314233
19473,0.005357609
19474,0.010903366
19475,0.07867186
19476,0.0070335516
19477,0.026115337
19478,0.053978376
19479,0.08427326
19480,0.0839306
19481,0.07918851
19482,0.087937
19483,0.24610347
19484,0.19290243
19485,0.025493175
19486,0.09480097
19487,0.26243985
19488,0.016520666
19489,0.066625185
19490,0.9856356
19491,0.8968797
19492,0.54530686
19493,0.0054299454
19494,0.01580879
19495,0.14389248
19496,0.35675642
19497,0.09182683
19498,0.015860772
19499,0.01609704
19500,0.0059366263
19501,0.009632498
19502,0.029232915
19503,0.08676278
19504,0.055137865
19505,0.007857355
19506,0.32058012
19507,0.013244939
19508,0.013945713
19509,0.086610936
19510,0.04884065
19511,0.045563024
19512,0.068228774
19513,0.24401954
19514,0.17537758
19515,0.021175664
19516,0.06573646
19517,0.10779977
19518,0.069247596
19519,1.0
19520,0.7470404
19521,0.5605553
19522,0.06366604
19523,0.012416225
19524,0.00033896885
19525,0.31994846
19526,0.06411818
19527,0.19314177
19528,0.01760244
19529,0.05685635
19530,0.02095924
19531,0.14673339
19532,0.08574375
19533,0.11008964
19534,0.15043306
19535,0.35480917
19536,0.37124044
19537,0.12451418
19538,0.16095887
19539,0.09042877
19540,0.032111812
19541,0.106300995
19542,0.064992376
19543,0.074210525
19544,0.0225257
19545,0.11695037
19546,0.16402
19547,0.054945115
19548,0.12631348
19549,0.013626604
19550,0.75011283
19551,0.99331087
19552,0.9984444
19553,0.16091773
19554,0.017343976
19555,0.10740188
19556,0.011602531
19557,0.32118586
19558,0.013251693
19559,0.031243078
19560,0.016516004
19561,0.0132894525
19562,0.055906802
19563,0.04293266
19564,0.24034743
19565,1.0
19566,0.057257157
19567,0.089570865
19568,0.045378283
19569,0.14203964
19570,0.07757564
19571,0.2422672
19572,0.17574048
19573,0.0611887
19574,0.07910508
19575,0.13273674
19576,0.10023628
19577,0.03568105
19578,0.02150623
19579,0.21628854
19580,0.3370972
19581,0.22288813
19582,0.09985196
19583,0.066284776
19584,0.057060134
19585,0.2644356
19586,0.038907927
19587,0.0013879278
19588,0.027336217
19589,0.038602058
19590,0.03290607
19591,0.0335823
19592,0.037247382
19593,0.25013775
19594,0.4975097
19595,0.19937815
19596,0.15516602
19597,0.081837036
19598,0.17777291
19599,0.13501808
19600,0.4906543
19601,0.043354496
19602,0.050039936
19603,0.042842235
19604,0.04463163
19605,0.10077463
19606,0.19449107
19607,0.114009045
19608,0.3894687
19609,0.30589175
19610,0.20384516
19611,0.97572714
19612,0.2218437
19613,0.014374168
19614,0.1609563
19615,0.23066415
19616,0.018710902
19617,0.047642283
19618,0.34520715
19619,0.06440844
19620,0.02745153
19621,0.02470861
19622,0.017178511
19623,0.15741509
19624,0.2240652
19625,0.25491527
19626,0.26734903
19627,0.26896966
19628,0.12938999
19629,0.14225589
19630,0.24825561
19631,0.05723642
19632,0.118903294
19633,0.0776953
19634,0.031899277
19635,0.42429408
19636,0.24716981
19637,0.034972936
19638,0.48965898
19639,0.41998327
19640,0.04228574
19641,0.080566816
19642,0.06743547
19643,0.082953624
19644,0.009845995
19645,0.013205568
19646,0.05520146
19647,0.050756563
19648,0.040625494
19649,0.08657052
19650,0.1243364
19651,0.2693535
19652,0.6564841
19653,0.31002894
19654,0.1903439
19655,0.42161956
19656,0.07261745
19657,0.12838197
19658,0.086478926
19659,0.13958563
19660,0.18670198
19661,0.061048675
19662,0.02025535
19663,0.062986515
19664,0.099972695
19665,0.02402187
19666,0.001696252
19667,0.015918344
19668,0.07358741
19669,0.0021487125
19670,0.014174106
19671,0.03892854
19672,0.015784794
19673,0.014044754
19674,0.025053836
19675,0.030616188
19676,0.09149114
19677,0.060455196
19678,0.2302232
19679,0.13432658
19680,0.12381086
19681,0.50330126
19682,0.43062684
19683,0.21649241
19684,0.09435022
19685,0.066043295
19686,0.026832892
19687,0.07029376
19688,0.054966565
19689,0.012154572
19690,0.008649686
19691,0.992901
19692,0.03730602
19693,0.015902612
19694,0.06426165
19695,0.060331717
19696,0.10156855
19697,0.004266196
19698,0.018843824
19699,0.03511231
19700,0.0015628064
19701,0.021215623
19702,0.014646605
19703,0.0678593
19704,0.10335452
19705,0.6180006
19706,0.24591373
19707,0.13780822
19708,0.93189305
19709,0.27682877
19710,0.35281295
19711,0.17739521
19712,0.046398062
19713,0.017644124
19714,0.020128157
19715,0.044257067
19716,0.050740793
19717,0.004665034
19718,0.09431504
19719,0.35555428
19720,0.073637635
19721,0.2619371
19722,0.021222606
19723,0.046953198
19724,0.037847005
19725,0.11574216
19726,0.09583489
19727,0.04909646
19728,0.024593655
19729,0.008109633
19730,0.02513568
19731,0.13201265
19732,0.9031028
19733,0.2671341
19734,0.49831083
19735,0.18848428
19736,0.22543882
19737,0.14858395
19738,0.14023821
19739,0.05282566
19740,0.0239108
19741,0.012284869
19742,0.05255461
19743,0.011806471
19744,0.078374
19745,0.0816139
19746,0.039862458
19747,0.19576713
19748,0.0069901957
19749,0.041926082
19750,0.20655905
19751,0.012445139
19752,0.004542728
19753,0.0025766776
19754,0.11416638
19755,0.16646671
19756,0.032040227
19757,0.00073354825
19758,0.119839676
19759,0.19722046
19760,0.09197058
19761,0.07730834
19762,0.068964556
19763,0.077789694
19764,0.10092514
19765,0.066028655
19766,0.119469345
19767,0.07243501
19768,0.03520798
19769,0.00982472
19770,0.074874125
19771,0.014432568
19772,0.10973895
19773,0.028512012
19774,0.10789711
19775,0.047238182
19776,0.058533125
19777,0.0063285497
19778,0.018948663
19779,0.17748752
19780,0.31753954
19781,0.4875755
19782,0.14094354
19783,0.009495518
19784,0.046003602
19785,0.014199583
19786,0.012784881
19787,0.07263637
19788,0.10589896
19789,0.0040269527
19790,0.02742843
19791,0.020204242
19792,0.015360563
19793,0.00891672
19794,0.015777018
19795,0.083798885
19796,0.11256669
19797,0.36978254
19798,0.0013679963
19799,0.014634734
19800,0.013283373
19801,0.036320884
19802,0.104646504
19803,0.34373376
19804,0.14446674
19805,0.117599934
19806,0.008752349
19807,0.06400121
19808,0.03144449
19809,0.050516196
19810,0.0038565341
19811,0.010291681
19812,0.28360033
19813,0.008092842
19814,0.025720874
19815,0.106529936
19816,0.0693418
19817,0.035604496
19818,0.0034439107
19819,0.022588044
19820,0.037273973
19821,0.21369639
19822,0.024090426
19823,0.006716922
19824,0.04236568
19825,0.042935066
19826,0.034332626
19827,0.21808094
19828,0.06745118
19829,0.19710144
19830,0.08010874
19831,0.030733693
19832,0.04965794
19833,0.016485631
19834,0.051666398
19835,0.28373447
19836,0.21668145
19837,0.01585014
19838,0.0723192
19839,0.06223812
19840,0.010294815
19841,0.008109846
19842,0.3293207
19843,0.6289649
19844,0.101703465
19845,0.031759124
19846,0.08841246
19847,0.044768658
19848,0.026329324
19849,0.08235437
19850,0.10758047
19851,0.08521669
19852,0.9108692
19853,0.015818965
19854,0.02170475
19855,0.004022621
19856,0.043666176
19857,0.03168513
19858,0.0131808035
19859,0.023514476
19860,0.10321561
19861,0.3059972
19862,0.095302545
19863,0.14718865
19864,0.027442005
19865,0.047399912
19866,0.0128437495
19867,0.01992116
19868,0.108091235
19869,0.029793814
19870,0.027610362
19871,0.09178961
19872,0.05403149
19873,0.023956653
19874,0.024022741
19875,0.022847041
19876,0.046630945
19877,0.005813852
19878,0.12613505
19879,0.057511695
19880,0.0067032548
19881,0.03247968
19882,0.069808334
19883,0.023953026
19884,0.03263243
19885,0.9276738
19886,0.07178924
19887,0.10544368
19888,0.08198953
19889,0.03004077
19890,0.022237157
19891,0.03397546
19892,0.037175957
19893,0.006715536
19894,0.33542264
19895,0.0051600537
19896,0.0054315175
19897,0.015725125
19898,0.01160978
19899,0.025276814
19900,0.08554527
19901,0.02490147
19902,0.010138052
19903,0.13046505
19904,0.043364525
19905,0.013435034
19906,0.0050254553
19907,0.043545097
19908,0.232607
19909,0.00041387437
19910,0.0047776103
19911,0.01124684
19912,0.012220261
19913,0.054860197
19914,0.020452082
19915,0.12676597
19916,0.06748927
19917,0.012798065
19918,0.014147457
19919,0.038595255
19920,0.18181968
19921,0.053811733
19922,0.102549
19923,0.040512417
19924,0.051136896
19925,0.058186848
19926,0.022395352
19927,0.060236286
19928,0.15533572
19929,0.16847292
19930,0.009846119
19931,0.012707522
19932,0.0131745795
19933,0.028040908
19934,0.007132995
19935,0.01029461
19936,0.017440835
19937,0.00033744393
19938,0.013784522
19939,0.0032402668
19940,0.030925106
19941,0.035408214
19942,0.044922013
19943,0.11094792
19944,0.11324908
19945,0.27382338
19946,0.037415273
19947,0.013924855
19948,0.02746855
19949,0.017933942
19950,0.0071985107
19951,0.010169898
19952,0.058120437
19953,0.0069711455
19954,0.014162536
19955,0.008469021
19956,0.0070345807
19957,0.03336565
19958,0.008997981
19959,0.026055159
19960,0.016436674
19961,0.060744
19962,0.014373572
19963,0.013756879
19964,0.005936814
19965,0.1078281
19966,0.009946045
19967,0.025397265
19968,0.008640081
19969,0.038625382
19970,0.010906818
19971,0.010714796
19972,0.13990499
19973,0.00028995858
19974,0.22533172
19975,0.08149607
19976,0.060837552
19977,0.0561623
19978,0.056098104
19979,0.020961795
19980,0.0059376247
19981,0.10936101
19982,0.00057092117
19983,0.09771777
19984,0.16393836
19985,0.019841002
19986,0.042588938
19987,0.030925594
19988,0.032075305
19989,0.023332635
19990,0.013328516
19991,0.0063279117
19992,0.015664931
19993,0.0002864564
19994,0.010751909
19995,0.030983504
19996,0.0115176095
19997,0.060216967
19998,0.06658353
19999,0.20369078
20000,0.006372459
20001,0.001541008
20002,0.0034754188
20003,0.014724575
20004,0.041508015
20005,0.029653773
20006,0.019064607
20007,0.034211792
20008,0.04042327
20009,0.012219053
20010,0.019497542
20011,0.2159338
20012,0.24241559
20013,0.008112419
20014,0.118913576
20015,0.019276671
20016,0.034358993
20017,0.0038879816
20018,0.02350994
20019,0.004268769
20020,0.0646613
20021,0.0024053382
20022,0.11253762
20023,0.032425914
20024,0.023623161
20025,0.1846773
20026,0.027737852
20027,0.0039632297
20028,0.060658105
20029,0.13960026
20030,0.036645625
20031,0.30649063
20032,0.3562163
20033,0.08613022
20034,0.12400614
20035,0.057419408
20036,0.09128641
20037,0.046758253
20038,0.014735999
20039,0.117721826
20040,0.015143382
20041,0.6395697
20042,0.09336293
20043,0.042548787
20044,0.16194354
20045,0.03287646
20046,0.0127513
20047,0.0746604
20048,0.024844447
20049,0.037827708
20050,0.15442826
20051,0.15116559
20052,0.46094754
20053,0.39423737
20054,0.00046989412
20055,0.15541363
20056,0.24651855
20057,0.020851336
20058,0.08590626
20059,0.04497781
20060,0.07510871
20061,0.01863856
20062,0.23691966
20063,0.14500211
20064,0.13817781
20065,0.34210938
20066,0.54124945
20067,0.07577088
20068,0.5961749
20069,0.025535638
20070,0.08058592
20071,0.036543243
20072,0.05701668
20073,0.13456742
20074,0.079521276
20075,0.029854665
20076,0.008678917
20077,0.004733264
20078,0.31942573
20079,0.061325867
20080,0.06784754
20081,0.089799814
20082,0.07413357
20083,0.081379205
20084,0.037470527
20085,0.13639136
20086,0.024151871
20087,0.055020664
20088,0.17283195
20089,0.2134286
20090,0.021552345
20091,0.036365513
20092,0.01533939
20093,0.025201
20094,0.035233177
20095,0.4253734
20096,0.08566559
20097,0.0250693
20098,0.2839553
20099,0.34286472
20100,0.0054328935
20101,0.13346185
20102,0.09349408
20103,0.020188943
20104,0.03123298
20105,0.019045029
20106,0.034345694
20107,0.008110684
20108,0.07931362
20109,0.033607062
20110,0.021502739
20111,0.20756204
20112,0.32640246
20113,0.02270296
20114,0.089728825
20115,0.008645417
20116,0.010657225
20117,0.012652829
20118,0.26403123
20119,0.037483186
20120,0.003232616
20121,0.022455132
20122,0.1190825
20123,0.3909231
20124,0.085093446
20125,0.090437
20126,0.017873438
20127,0.006950027
20128,0.04222722
20129,0.07480488
20130,0.014639486
20131,0.1288554
20132,0.13316683
20133,0.055523265
20134,0.103909306
20135,0.08165197
20136,0.038425732
20137,0.043150477
20138,0.023355795
20139,0.046328142
20140,0.121012345
20141,0.077677816
20142,0.049675256
20143,0.006733849
20144,0.034549814
20145,0.033348
20146,0.024805466
20147,0.01910481
20148,0.032998092
20149,0.0530736
20150,0.022475667
20151,0.03779156
20152,0.25864598
20153,0.23234041
20154,0.056336857
20155,0.045153283
20156,0.0013753058
20157,0.091619894
20158,0.09381202
20159,0.021097675
20160,0.028641053
20161,0.18921
20162,0.03677612
20163,0.020668874
20164,0.029122014
20165,0.009626405
20166,0.080748476
20167,0.05100527
20168,0.11771686
20169,0.12425008
20170,0.11402443
20171,0.055526182
20172,0.063155904
20173,0.0019311332
20174,0.079054736
20175,0.03946581
20176,0.0058876313
20177,0.13049285
20178,0.023130372
20179,0.4519935
20180,0.13511683
20181,0.020950543
20182,0.12135476
20183,0.015443679
20184,0.02736095
20185,0.016702646
20186,0.015801964
20187,0.0084653245
20188,0.10956196
20189,0.012175391
20190,0.0069567054
20191,0.061764963
20192,0.017959815
20193,0.04367749
20194,0.059160087
20195,0.12509742
20196,0.18251494
20197,0.26211506
20198,0.07632949
20199,0.023307247
20200,0.11903514
20201,0.022819629
20202,0.04133912
20203,0.01392121
20204,0.007865548
20205,0.12486113
20206,0.046594128
20207,0.10408881
20208,0.027720543
20209,0.07402895
20210,0.03002633
20211,0.017986141
20212,0.04475112
20213,0.014732192
20214,0.009543854
20215,0.18518138
20216,0.010117158
20217,0.03734348
20218,0.098356076
20219,0.0052427636
20220,0.0098426165
20221,0.04297876
20222,0.049391113
20223,0.08148911
20224,0.028975818
20225,0.14487264
20226,0.09099808
20227,0.14397228
20228,0.11231346
20229,0.18844122
20230,0.017769447
20231,0.09160708
20232,0.043188818
20233,0.012711309
20234,0.052157953
20235,0.057347994
20236,0.03732903
20237,0.01247207
20238,0.09439841
20239,0.08082592
20240,0.023364775
20241,0.03742359
20242,0.0586404
20243,0.024921615
20244,0.095540315
20245,0.014367434
20246,0.02867621
20247,0.13483125
20248,0.05695728
20249,0.12331728
20250,0.28296039
20251,0.0893204
20252,0.12208749
20253,0.06820924
20254,0.08561713
20255,0.053092867
20256,0.12437767
20257,0.06691262
20258,0.019975161
20259,0.35407674
20260,0.034530483
20261,0.1111429
20262,0.0319845
20263,0.0767307
20264,0.0015512444
20265,0.012802645
20266,0.045771737
20267,0.027607137
20268,0.3366904
20269,0.07841233
20270,0.059737407
20271,0.08787284
20272,0.54518634
20273,0.06272707
20274,0.00056000677
20275,0.19846295
20276,0.055662237
20277,0.25500777
20278,0.22108799
20279,0.054496597
20280,0.003237186
20281,0.0200132
20282,0.036904693
20283,0.0111334035
20284,0.077907756
20285,0.2041754
20286,0.02678094
20287,0.18356043
20288,0.07449834
20289,0.008467449
20290,0.06393857
20291,0.041945662
20292,0.04583868
20293,0.043311693
20294,0.024020456
20295,0.12036488
20296,0.13060156
20297,0.18323842
20298,0.10655948
20299,0.06171111
20300,0.118957885
20301,0.21257696
20302,0.20883192
20303,0.06933845
20304,0.056346916
20305,0.022340419
20306,0.020758878
20307,0.027031299
20308,0.39404562
20309,0.0025227705
20310,0.049290158
20311,0.29291505
20312,0.15811706
20313,0.0006423056
20314,0.013685456
20315,0.015744414
20316,0.03660532
20317,0.04344883
20318,0.18464617
20319,0.2032235
20320,0.05854788
20321,0.037382327
20322,0.16942708
20323,0.09360428
20324,0.124597594
20325,0.151319
20326,0.28525653
20327,0.1076196
20328,0.036950927
20329,0.076293044
20330,0.08289685
20331,0.25590444
20332,0.88014203
20333,0.091774695
20334,0.0068190484
20335,0.26346543
20336,0.063655935
20337,0.2149194
20338,0.016925847
20339,0.039500814
20340,0.074012674
20341,0.012768894
20342,0.034847904
20343,0.42370892
20344,0.014452006
20345,0.055883665
20346,0.18561064
20347,0.13472603
20348,0.17242496
20349,0.33954746
20350,0.39231452
20351,0.018906208
20352,0.20391734
20353,0.09057549
20354,0.07504224
20355,0.739063
20356,0.37124085
20357,0.33194244
20358,0.0058129597
20359,0.00931771
20360,0.14764006
20361,0.03920089
20362,0.012702286
20363,0.023911268
20364,0.059937328
20365,0.005429364
20366,0.0071978886
20367,0.0070338333
20368,0.019225264
20369,0.048331358
20370,0.07865119
20371,0.09381976
20372,0.09184086
20373,0.08461621
20374,0.16802613
20375,0.14801405
20376,0.016751975
20377,0.10294297
20378,0.2146171
20379,0.016520604
20380,0.0442102
20381,1.0
20382,0.8562781
20383,0.63260645
20384,0.005813131
20385,0.09455151
20386,0.28511378
20387,0.06050606
20388,0.002180123
20389,0.049372036
20390,0.010750337
20391,0.033124153
20392,0.06469269
20393,0.042608403
20394,0.0065114447
20395,0.31386235
20396,0.013245221
20397,0.014798878
20398,0.13071375
20399,0.044496637
20400,0.04908984
20401,0.04908453
20402,0.24896677
20403,0.16532452
20404,0.025210312
20405,0.13964978
20406,0.117755495
20407,0.08204912
20408,0.99526685
20409,0.7375434
20410,0.64124775
20411,0.00427423
20412,0.06817902
20413,0.030350307
20414,0.34191027
20415,0.048399854
20416,0.22170289
20417,0.02966853
20418,0.09855232
20419,0.026776202
20420,0.14177759
20421,0.06943864
20422,0.15773176
20423,0.12957543
20424,0.3564231
20425,0.37091166
20426,0.1300313
20427,0.12694626
20428,0.059232514
20429,0.039401513
20430,0.10225797
20431,0.040571243
20432,0.07786465
20433,0.12437677
20434,0.14722675
20435,0.0590469
20436,0.1257179
20437,0.006675454
20438,0.9065002
20439,0.9993182
20440,0.98977655
20441,0.17369227
20442,0.002838797
20443,0.14668228
20444,0.011601839
20445,0.34424585
20446,0.022974754
20447,0.011606173
20448,0.01163764
20449,0.00074814644
20450,0.09754919
20451,0.04626482
20452,0.2307093
20453,0.9651727
20454,0.07155335
20455,0.08572459
20456,0.0882057
20457,0.13952568
20458,0.06726537
20459,0.2282379
20460,0.19365719
20461,0.014871051
20462,0.09772456
20463,0.07870458
20464,0.06352035
20465,0.085991114
20466,0.017852072
20467,0.22142327
20468,0.27357903
20469,0.21388286
20470,0.0819081
20471,0.00058509427
20472,0.09685095
20473,0.1137745
20474,0.21819867
20475,0.020993106
20476,0.029607546
20477,0.023204973
20478,0.018707208
20479,0.017002286
20480,0.047464672
20481,0.030074947
20482,0.2413023
20483,0.45600083
20484,0.2805889
20485,0.22014804
20486,0.093180254
20487,0.20418471
20488,0.14967525
20489,0.54490745
20490,0.037557576
20491,0.061828617
20492,0.038700894
20493,0.106323265
20494,0.088293135
20495,0.20885265
20496,0.42624238
20497,0.3274179
20498,0.20381977
20499,0.9918337
20500,0.1606726
20501,0.014374297
20502,0.16406383
20503,0.16160569
20504,0.017468229
20505,0.059190556
20506,0.41099095
20507,0.043170948
20508,0.018905692
20509,0.04364045
20510,0.028454036
20511,0.119579926
20512,0.22075544
20513,0.21615803
20514,0.23697537
20515,0.21350048
20516,0.14971605
20517,0.17097889
20518,0.2200797
20519,0.14338693
20520,0.08367604
20521,0.038503814
20522,0.34823123
20523,0.2551088
20524,0.042662796
20525,0.45737055
20526,0.30686125
20527,0.0052455175
20528,0.07640759
20529,0.12721466
20530,0.08912623
20531,0.04594581
20532,0.009868499
20533,0.02749118
20534,0.08051769
20535,0.06569756
20536,0.07327805
20537,0.11897692
20538,0.26574612
20539,0.7257643
20540,0.29241672
20541,0.18429989
20542,0.37335786
20543,0.06946575
20544,0.07507127
20545,0.08371576
20546,0.13738361
20547,0.20407505
20548,0.03960604
20549,0.01377986
20550,0.0917998
20551,0.12372757
20552,0.0138078695
20553,0.0016972283
20554,0.03615851
20555,0.0942837
20556,0.01653605
20557,0.035683006
20558,0.0122043835
20559,0.024285626
20560,0.032525428
20561,0.06310464
20562,0.07591282
20563,0.19385304
20564,0.16340022
20565,0.14483026
20566,0.5367236
20567,0.39160413
20568,0.25572026
20569,0.12676291
20570,0.036422994
20571,0.00511365
20572,0.06930193
20573,0.11748454
20574,0.010691404
20575,0.0086496025
20576,0.015989272
20577,0.9952215
20578,0.022214454
20579,0.03292249
20580,0.07771389
20581,0.03451431
20582,0.08027011
20583,0.0045579043
20584,0.026096059
20585,0.010841974
20586,0.031168375
20587,0.004506909
20588,0.007853594
20589,0.03547689
20590,0.08312983
20591,0.062938906
20592,0.49023676
20593,0.26192665
20594,0.1514735
20595,0.9428798
20596,0.29284838
20597,0.34186733
20598,0.2469247
20599,0.06025084
20600,0.0044935043
20601,0.07554196
20602,0.03897
20603,0.015817855
20604,0.0036281277
20605,0.04120964
20606,0.34072626
20607,0.026812231
20608,0.26160842
20609,0.006523634
20610,0.08823709
20611,0.12690192
20612,0.079268694
20613,0.15171124
20614,0.025568552
20615,0.0081100175
20616,0.012135312
20617,0.16380902
20618,0.9334997
20619,0.26241925
20620,0.6299716
20621,0.19186471
20622,0.24393483
20623,0.18156289
20624,0.12724422
20625,0.040576737
20626,0.012284999
20627,0.030888522
20628,0.039781947
20629,0.09401909
20630,0.06538569
20631,0.08445373
20632,0.19703776
20633,0.020010572
20634,0.044076946
20635,0.016356548
20636,0.22202845
20637,0.0112958215
20638,0.014212857
20639,0.007862082
20640,0.14582333
20641,0.20284204
20642,0.023817196
20643,0.0007328815
20644,0.08009216
20645,0.1936725
20646,0.0453369
20647,0.08108885
20648,0.045648344
20649,0.06844153
20650,0.10787914
20651,0.039921116
20652,0.11583532
20653,0.068482675
20654,0.017915688
20655,0.021263773
20656,0.007863395
20657,0.12135423
20658,0.0010781877
20659,0.099881954
20660,0.007197161
20661,0.020416442
20662,0.13800909
20663,0.02394693
20664,0.036763836
20665,0.0045127994
20666,0.042692687
20667,0.20459722
20668,0.28496924
20669,0.5524564
20670,0.12795207
20671,0.0020711005
20672,0.03301213
20673,0.01272887
20674,0.012785321
20675,0.11907915
20676,0.18520431
20677,0.010925388
20678,0.027429895
20679,0.013329365
20680,0.0009806049
20681,0.0028785719
20682,0.015778754
20683,0.0648558
20684,0.09290889
20685,0.34186748
20686,0.0086018555
20687,0.005776027
20688,0.03052991
20689,0.030062167
20690,0.13751735
20691,0.34508258
20692,0.13693586
20693,0.012368924
20694,0.11912909
20695,0.011774605
20696,0.014136747
20697,0.0639938
20698,0.05310616
20699,0.02699811
20700,0.018224651
20701,0.010291913
20702,0.1971872
20703,0.0047632465
20704,0.01497289
20705,0.004837388
20706,0.079610854
20707,0.06826403
20708,0.030274522
20709,0.015377905
20710,0.011638759
20711,0.06838452
20712,0.25577444
20713,0.014076329
20714,0.003763257
20715,0.016557649
20716,0.049420677
20717,0.029563406
20718,0.013673182
20719,0.20649503
20720,0.061101034
20721,0.15697767
20722,0.03647979
20723,0.028158218
20724,0.012149479
20725,0.04644823
20726,0.07950732
20727,0.042501226
20728,0.26296595
20729,0.014876667
20730,0.16443542
20731,0.027462458
20732,0.053572886
20733,0.07198871
20734,0.006327037
20735,0.32021928
20736,0.72959995
20737,0.120320715
20738,0.037157305
20739,0.013757036
20740,0.07354889
20741,0.0785295
20742,0.03709326
20743,0.058991138
20744,0.109138116
20745,0.046825506
20746,0.8896864
20747,0.0158188
20748,0.03581275
20749,0.08322954
20750,0.09156217
20751,0.017462349
20752,0.0782188
20753,0.11892274
20754,0.3224665
20755,0.072025545
20756,0.105167694
20757,0.020013984
20758,0.046389543
20759,0.009839612
20760,0.013921715
20761,0.07495608
20762,0.045379248
20763,0.0072263503
20764,0.044369098
20765,0.012863191
20766,0.009818772
20767,0.033469036
20768,0.0020547986
20769,0.01706504
20770,0.12432389
20771,0.030479815
20772,0.067173846
20773,0.013762546
20774,0.010435644
20775,0.0451725
20776,0.025014319
20777,0.032148138
20778,0.047164332
20779,0.93958837
20780,0.037161186
20781,0.105458535
20782,0.009797324
20783,0.030007044
20784,0.058219485
20785,0.02136185
20786,0.016703416
20787,0.32976142
20788,0.009734942
20789,0.002869324
20790,0.01572591
20791,0.025818467
20792,0.065689445
20793,0.024471046
20794,0.0101373345
20795,0.11574726
20796,0.028198961
20797,0.00094232894
20798,0.017310286
20799,0.23483355
20800,0.025260089
20801,0.02861446
20802,0.01918973
20803,0.012219675
20804,0.056831885
20805,0.02412517
20806,0.11598033
20807,0.07207915
20808,0.016462442
20809,0.014147611
20810,0.0063246195
20811,0.0335375
20812,0.15340386
20813,0.11768727
20814,0.059935585
20815,0.048530586
20816,0.06292593
20817,0.06311664
20818,0.014726222
20819,0.066503555
20820,0.1796936
20821,0.16464414
20822,0.0077590463
20823,0.0127643235
20824,0.016834896
20825,0.014184644
20826,0.013151241
20827,0.0034794377
20828,0.002578575
20829,0.014735716
20830,0.014374625
20831,0.0025730443
20832,0.014806764
20833,0.047057938
20834,0.05357988
20835,0.056380916
20836,0.0029946829
20837,0.13980296
20838,0.007862728
20839,0.26429734
20840,0.010893344
20841,0.009625882
20842,0.020018194
20843,0.0071962657
20844,0.0028929524
20845,0.025190376
20846,0.008125732
20847,0.024906147
20848,0.034812182
20849,0.024773246
20850,0.009215538
20851,0.058588557
20852,0.014373701
20853,0.0015245514
20854,0.022348812
20855,0.0063279597
20856,0.14684574
20857,0.003809953
20858,0.044803265
20859,0.0003374633
20860,0.029843882
20861,0.005642715
20862,0.114077374
20863,0.009627301
20864,0.008642467
20865,0.28615287
20866,0.031363215
20867,0.053925194
20868,0.05362651
20869,0.017538277
20870,0.0034793767
20871,0.12488968
20872,0.014724257
20873,0.0852499
20874,0.22247577
20875,0.0100645255
20876,0.0030344916
20877,0.023480762
20878,0.03395736
20879,0.022823028
20880,0.023851613
20881,0.010288288
20882,0.005936165
20883,0.031984095
20884,0.01902783
20885,0.09576735
20886,0.050851658
20887,0.05673235
20888,0.0065180487
20889,0.1984994
20890,0.00482342
20891,0.0010433489
20892,0.026042344
20893,0.005428611
20894,0.016702913
20895,0.041507334
20896,0.04381055
20897,0.011833625
20898,0.038669225
20899,0.03557022
20900,0.013060788
20901,0.18882442
20902,0.20844612
20903,0.018306093
20904,0.06780453
20905,0.01971212
20906,0.05016624
20907,0.052453447
20908,0.030725723
20909,0.033430178
20910,0.033825547
20911,0.039727375
20912,0.18178865
20913,0.01133859
20914,0.124323145
20915,0.0741291
20916,0.07494042
20917,0.002536447
20918,0.081884995
20919,0.09217375
20920,0.18890023
20921,0.0639558
20922,0.35324165
20923,0.1264172
20924,0.16387971
20925,0.057401128
20926,0.024081198
20927,0.01874049
20928,0.013729583
20929,0.024835726
20930,0.0016186573
20931,0.11552863
20932,0.02814625
20933,0.64253634
20934,0.11306751
20935,0.11780709
20936,0.060173206
20937,0.01275081
20938,0.022621311
20939,0.061154883
20940,0.0068313153
20941,0.04534341
20942,0.05210686
20943,0.09406488
20944,0.27734295
20945,0.30547965
20946,0.04229929
20947,0.042182233
20948,0.08877746
20949,0.26094592
20950,0.06592379
20951,0.05798912
20952,0.03955844
20953,0.005928238
20954,0.35586494
20955,0.13507566
20956,0.066851586
20957,0.33496124
20958,0.07687361
20959,0.54591024
20960,0.047133166
20961,0.46547446
20962,0.07663563
20963,0.057883848
20964,0.00903321
20965,0.11879516
20966,0.08634658
20967,0.15260303
20968,0.084536955
20969,0.074361324
20970,0.03869214
20971,0.32773927
20972,0.06321417
20973,0.07142689
20974,0.104012534
20975,0.060432207
20976,0.07116024
20977,0.071705356
20978,0.0205351
20979,0.12811098
20980,0.013986812
20981,0.071286626
20982,0.11155454
20983,0.10581449
20984,0.056106273
20985,0.021553934
20986,0.052478116
20987,0.024791138
20988,0.020231575
20989,0.25638086
20990,0.088006005
20991,0.039677914
20992,0.069426164
20993,0.23077142
20994,0.07897236
20995,0.08287759
20996,0.012348217
20997,0.0447924
20998,0.015780875
20999,0.0059379726
21000,0.06360495
21001,0.0045137997
21002,0.0660573
21003,0.12965637
21004,0.081529886
21005,0.10959915
21006,0.20860222
21007,0.022675682
21008,0.10371237
21009,0.01013693
21010,0.020810766
21011,0.037490822
21012,0.23778537
21013,0.0016989335
21014,0.026908059
21015,0.06881289
21016,0.0074070184
21017,0.019148326
21018,0.08167381
21019,0.3704999
21020,0.06430193
21021,0.030313512
21022,0.024744255
21023,0.0057386397
21024,0.051337257
21025,0.1400386
21026,0.011998432
21027,0.013376576
21028,0.16664918
21029,0.15213054
21030,0.09388722
21031,0.123416446
21032,0.031999532
21033,0.010909634
21034,0.05332196
21035,0.02877544
21036,0.017766012
21037,0.022953756
21038,0.11417422
21039,0.045161765
21040,0.10560452
21041,0.011620468
21042,0.02014111
21043,0.01691045
21044,0.0071137287
21045,0.0064618313
21046,0.02098563
21047,0.040565576
21048,0.055343777
21049,0.0456241
21050,0.2371185
21051,0.20618531
21052,0.047758266
21053,0.06847814
21054,0.021183504
21055,0.086275004
21056,0.06907288
21057,0.029930877
21058,0.041210067
21059,0.0329777
21060,0.21346995
21061,0.053395852
21062,0.024133036
21063,0.03945135
21064,0.005806977
21065,0.067503095
21066,0.05800922
21067,0.14491822
21068,0.14260578
21069,0.17229842
21070,0.03337817
21071,0.035447776
21072,0.028182818
21073,0.07617074
21074,0.068248205
21075,0.013954111
21076,0.09138717
21077,0.053546086
21078,0.35345978
21079,0.11929328
21080,0.02095045
21081,0.10130853
21082,0.03835019
21083,0.022599567
21084,0.0018947206
21085,0.014918036
21086,0.008465161
21087,0.012215661
21088,0.073532574
21089,0.0166619
21090,0.012276474
21091,0.063253365
21092,0.03649239
21093,0.07018546
21094,0.04712031
21095,0.08323848
21096,0.09599398
21097,0.2635292
21098,0.052401237
21099,0.0077696424
21100,0.10108992
21101,0.009645383
21102,0.03424919
21103,0.018936906
21104,0.0078646485
21105,0.1008998
21106,0.09118695
21107,0.10259903
21108,0.022942992
21109,0.045703277
21110,0.02326597
21111,0.007973039
21112,0.0027848878
21113,0.014730891
21114,0.01819192
21115,0.16166732
21116,0.008460908
21117,0.03691772
21118,0.091359295
21119,0.007199546
21120,0.04299428
21121,0.035497922
21122,0.06196707
21123,0.04337253
21124,0.10556764
21125,0.08568472
21126,0.18935633
21127,0.12341491
21128,0.18573685
21129,0.012357676
21130,0.09384511
21131,0.057783447
21132,0.008643745
21133,0.04446668
21134,0.077720754
21135,0.016964287
21136,0.055043623
21137,0.009570152
21138,0.053940915
21139,0.050762113
21140,0.009305973
21141,0.053967003
21142,0.03442154
21143,0.017821932
21144,0.13117242
21145,0.02091181
21146,0.033876974
21147,0.1706382
21148,0.058223102
21149,0.09716671
21150,0.3604495
21151,0.049413707
21152,0.107699715
21153,0.07282946
21154,0.06506131
21155,0.066088244
21156,0.09681719
21157,0.07033889
21158,0.00149115
21159,0.30516776
21160,0.023639478
21161,0.11118805
21162,0.009294375
21163,0.0845594
21164,0.01812974
21165,0.015772957
21166,0.008082402
21167,0.037379622
21168,0.028685367
21169,0.3461701
21170,0.06640402
21171,0.03675667
21172,0.10489777
21173,0.5444761
21174,0.06268585
21175,0.007016586
21176,0.22037068
21177,0.04852377
21178,0.26344544
21179,0.28406963
21180,0.036104374
21181,0.028564947
21182,0.0563536
21183,0.15490106
21184,0.2091612
21185,0.020881549
21186,0.15151668
21187,0.07573594
21188,0.050730553
21189,0.020156227
21190,0.019156935
21191,0.037278734
21192,0.05443857
21193,0.01158604
21194,0.09768886
21195,0.08962661
21196,0.18931985
21197,0.19979231
21198,0.061195433
21199,0.1345283
21200,0.18498851
21201,0.22966358
21202,0.060537178
21203,0.00940669
21204,0.042399585
21205,0.009878433
21206,0.008650633
21207,0.02853624
21208,0.4519864
21209,0.02286033
21210,0.07256351
21211,0.19018382
21212,0.12680721
21213,0.013177491
21214,0.026219826
21215,0.025392735
21216,0.06215214
21217,0.19371195
21218,0.23059224
21219,0.009404421
21220,0.04324151
21221,0.04169982
21222,0.14799339
21223,0.10333134
21224,0.13949502
21225,0.16033933
21226,0.26201752
21227,0.10090986
21228,0.004554887
21229,0.03890493
21230,0.06004361
21231,0.24708796
21232,0.79089814
21233,0.09179345
21234,0.0013100109
21235,0.24678633
21236,0.0126970755
21237,0.07277769
21238,0.16812272
21239,0.030915333
21240,0.07402646
21241,0.0032148724
21242,0.044817604
21243,0.004283709
21244,0.3483124
21245,0.025362253
21246,0.06834122
21247,0.1925557
21248,0.14174077
21249,0.18682592
21250,0.337295
21251,0.3566552
21252,0.00030646112
21253,0.12084258
21254,0.13818839
21255,0.05434929
21256,0.88233584
21257,0.39432624
21258,0.3686515
21259,0.005813059
21260,0.03534896
21261,0.20003998
21262,0.021310149
21263,0.035917446
21264,0.0302975
21265,0.05633525
21266,0.013259979
21267,0.0070336456
21268,0.01941486
21269,0.06513565
21270,0.040642466
21271,0.093868606
21272,0.10620398
21273,0.052535646
21274,0.19380137
21275,0.12081081
21276,0.0049573677
21277,0.110602506
21278,0.22094314
21279,0.016520003
21280,0.09113529
21281,0.97801083
21282,0.9391334
21283,0.7210997
21284,0.021405835
21285,0.016326152
21286,0.21310918
21287,0.35667047
21288,0.13536362
21289,0.0021795335
21290,0.118979916
21291,0.00811053
21292,0.04309384
21293,0.063967384
21294,0.041600738
21295,0.012708206
21296,0.31957126
21297,0.013245031
21298,0.014201097
21299,0.14620844
21300,0.08483588
21301,0.050760087
21302,0.05639037
21303,0.23466308
21304,0.14386615
21305,0.021457117
21306,0.1108196
21307,0.109795325
21308,0.06839998
21309,1.0
21310,0.73773193
21311,0.62936497
21312,0.012237289
21313,0.0713663
21314,0.025156908
21315,0.35288936
21316,0.019384483
21317,0.18451625
21318,0.030390233
21319,0.072760224
21320,0.020208675
21321,0.11879148
21322,0.10393881
21323,0.13125743
21324,0.13009445
21325,0.35605276
21326,0.39124298
21327,0.13860396
21328,0.1372229
21329,0.07864269
21330,0.03484723
21331,0.08049233
21332,0.06739797
21333,0.053105827
21334,0.15015267
21335,0.09112771
21336,0.042317525
21337,0.11775963
21338,0.026241567
21339,0.74192363
21340,0.9886203
21341,1.0
21342,0.18857779
21343,0.049361657
21344,0.07960943
21345,0.32113904
21346,0.015377329
21347,0.0017674641
21348,0.060404263
21349,0.04246023
21350,0.24605432
21351,1.0
21352,0.06845224
21353,0.079181835
21354,0.07108964
21355,0.16104847
21356,0.059462078
21357,0.21382056
21358,0.16907519
21359,0.03962875
21360,0.082495034
21361,0.09194792
21362,0.095493145
21363,0.055370525
21364,0.021506611
21365,0.27214092
21366,0.27274388
21367,0.2427114
21368,0.10378007
21369,0.05918238
21370,0.059797745
21371,0.18199113
21372,0.03420952
21373,0.02681718
21374,0.026521875
21375,0.025914362
21376,0.055438973
21377,0.04392982
21378,0.26547614
21379,0.449364
21380,0.2497626
21381,0.22181612
21382,0.09779968
21383,0.14917366
21384,0.13320361
21385,0.6152153
21386,0.0369928
21387,0.04184708
21388,0.013535308
21389,0.11284655
21390,0.1943594
21391,0.21595825
21392,0.37272495
21393,0.23843691
21394,0.16069682
21395,1.0
21396,0.22318582
21397,0.010154452
21398,0.14440525
21399,0.12631968
21400,0.0006262073
21401,0.050684962
21402,0.49301493
21403,0.03963889
21404,0.02574693
21405,0.02903957
21406,0.029062642
21407,0.093760304
21408,0.26128796
21409,0.24064958
21410,0.2736936
21411,0.19712186
21412,0.19427392
21413,0.1141244
21414,0.14862673
21415,0.024654867
21416,0.16618389
21417,0.047704738
21418,0.062338203
21419,0.36320063
21420,0.21911542
21421,0.010592406
21422,0.45530692
21423,0.28333104
21424,0.0052445913
21425,0.04019305
21426,0.10674674
21427,0.07625667
21428,0.009846093
21429,0.011844489
21430,0.013974624
21431,0.04023931
21432,0.040243965
21433,0.08216234
21434,0.12082783
21435,0.26255897
21436,0.6346014
21437,0.29227147
21438,0.24868423
21439,0.3533062
21440,0.12097527
21441,0.003730359
21442,0.07880342
21443,0.038916223
21444,0.129062
21445,0.18031543
21446,0.05690359
21447,0.007898856
21448,0.07956144
21449,0.13143344
21450,0.0016967629
21451,0.070248686
21452,0.12097019
21453,0.020656142
21454,0.014173382
21455,0.028843585
21456,0.003076819
21457,0.0020166126
21458,0.026132138
21459,0.023531223
21460,0.06684674
21461,0.048477266
21462,0.16306967
21463,0.1777272
21464,0.14435965
21465,0.52843845
21466,0.45508814
21467,0.2689666
21468,0.13098021
21469,0.04053873
21470,0.03205483
21471,0.029971018
21472,0.12912163
21473,0.008015514
21474,0.008649677
21475,0.010190423
21476,0.9916215
21477,0.04995493
21478,0.01590217
21479,0.0909156
21480,0.06303868
21481,0.07950538
21482,0.07276559
21483,0.014234374
21484,0.002132397
21485,0.017335817
21486,0.0004421113
21487,0.019769054
21488,0.052634954
21489,0.10607866
21490,0.49918804
21491,0.26289785
21492,0.12084906
21493,0.96126425
21494,0.26085955
21495,0.310962
21496,0.18537012
21497,0.098911114
21498,0.024196062
21499,0.02615911
21500,0.048538346
21501,0.016534535
21502,0.089262255
21503,0.3538062
21504,0.017195975
21505,0.23962791
21506,0.009843936
21507,0.064422
21508,0.11076584
21509,0.12707046
21510,0.1515946
21511,0.00527767
21512,0.025317987
21513,0.010294159
21514,0.03527345
21515,0.126326
21516,0.9674291
21517,0.20734222
21518,0.63086015
21519,0.19796678
21520,0.19959709
21521,0.19490676
21522,0.101784244
21523,0.041901156
21524,0.01332642
21525,0.027124014
21526,0.045447502
21527,0.17432481
21528,0.103459634
21529,0.039565895
21530,0.18090215
21531,0.020010453
21532,0.046798054
21533,0.009631644
21534,0.27418062
21535,0.0067890375
21536,0.0032704305
21537,0.00786276
21538,0.08887551
21539,0.14651963
21540,0.015613624
21541,0.00073327305
21542,0.08017843
21543,0.16343689
21544,0.073756196
21545,0.082345255
21546,0.022684844
21547,0.16126677
21548,0.12658124
21549,0.01780864
21550,0.08253675
21551,0.102759324
21552,0.031752046
21553,0.028454734
21554,0.06646684
21555,0.008461983
21556,0.015868401
21557,0.06324283
21558,0.013671088
21559,0.11600618
21560,0.030632231
21561,0.04075521
21562,0.0052432083
21563,0.032446656
21564,0.17901856
21565,0.2707618
21566,0.62430036
21567,0.14575423
21568,0.020809509
21569,0.03523774
21570,0.096514575
21571,0.01092451
21572,0.027431143
21573,0.012773311
21574,0.024262942
21575,0.077843346
21576,0.051073678
21577,0.36846447
21578,0.012693126
21579,0.014634354
21580,0.033326
21581,0.04934077
21582,0.11749855
21583,0.2925819
21584,0.13225085
21585,0.004987242
21586,0.14745894
21587,0.03958544
21588,0.020699956
21589,0.07636544
21590,0.055727173
21591,0.037777342
21592,0.00984609
21593,0.018223686
21594,0.010291885
21595,0.2464005
21596,0.008450354
21597,0.010751039
21598,0.107869096
21599,0.06667094
21600,0.03786694
21601,0.015852476
21602,0.007819484
21603,0.05694708
21604,0.2201551
21605,0.033947565
21606,0.004842123
21607,0.035811864
21608,0.014913948
21609,0.019184653
21610,0.20191188
21611,0.07204804
21612,0.14178164
21613,0.11075063
21614,0.034676086
21615,0.04913581
21616,0.06911718
21617,0.022416221
21618,0.21243297
21619,0.09175641
21620,0.13012885
21621,0.017006613
21622,0.06165493
21623,0.08042649
21624,0.0063278205
21625,0.0029866796
21626,0.31925893
21627,0.7074116
21628,0.10359314
21629,0.056359973
21630,0.0137568135
21631,0.08953212
21632,0.0649243
21633,0.008614977
21634,0.0765214
21635,0.10594232
21636,0.048110228
21637,0.922555
21638,0.08271889
21639,0.01535271
21640,0.057507563
21641,0.055022895
21642,0.025950609
21643,0.078931816
21644,0.10601308
21645,0.39591208
21646,0.054893006
21647,0.12844694
21648,0.029123152
21649,0.00298064
21650,0.079754144
21651,0.03154412
21652,0.005872362
21653,0.04564761
21654,0.03161415
21655,0.025700621
21656,0.045715477
21657,0.01084355
21658,0.11040369
21659,0.03048368
21660,0.06437621
21661,0.013762617
21662,0.0023403943
21663,0.1174
21664,0.055487
21665,0.024913842
21666,0.04469105
21667,0.048435275
21668,0.97789925
21669,0.033557676
21670,0.12164323
21671,0.042368904
21672,0.044782482
21673,0.034524623
21674,0.07122563
21675,0.012797456
21676,0.02094875
21677,0.26308757
21678,0.00029506735
21679,0.005429133
21680,0.015725406
21681,0.004290039
21682,0.020991832
21683,0.11147699
21684,0.008041942
21685,0.010137303
21686,0.12432798
21687,0.00890255
21688,0.022937072
21689,0.040513903
21690,0.24492604
21691,0.026001768
21692,0.019188995
21693,0.05117142
21694,0.015914757
21695,0.15883808
21696,0.0425415
21697,0.024885615
21698,0.014146737
21699,0.0063246163
21700,0.041358113
21701,0.17435111
21702,0.06476517
21703,0.08578743
21704,0.07031771
21705,0.016877482
21706,0.04906168
21707,0.0037006696
21708,0.0634973
21709,0.17754294
21710,0.16865887
21711,0.003979872
21712,0.008146423
21713,0.011814348
21714,0.022948647
21715,0.00042423542
21716,0.017513555
21717,0.02375321
21718,0.015776604
21719,0.006293406
21720,0.021419626
21721,0.05401191
21722,0.034263037
21723,0.091118984
21724,0.012236562
21725,0.009443219
21726,0.0906035
21727,0.23239887
21728,0.008446571
21729,0.010893316
21730,0.09332867
21731,0.009625717
21732,0.034859467
21733,0.021565093
21734,0.007852476
21735,0.029672323
21736,0.0071977517
21737,0.012219557
21738,0.028557457
21739,0.0044786283
21740,0.013336112
21741,0.0021576083
21742,0.02962508
21743,0.039341632
21744,0.014372801
21745,0.0063277613
21746,0.01498405
21747,0.0063277213
21748,0.09936294
21749,0.025944682
21750,0.063226655
21751,0.007758991
21752,0.024559114
21753,0.015804969
21754,0.1467468
21755,0.013274086
21756,0.011836131
21757,0.009626427
21758,0.31405514
21759,0.060845412
21760,0.061256673
21761,0.060208432
21762,0.05407075
21763,0.021201054
21764,0.07786682
21765,0.00942089
21766,0.091722466
21767,0.016540794
21768,0.17843747
21769,0.016633393
21770,0.02237021
21771,0.038589127
21772,0.062179107
21773,0.0012996962
21774,0.0063278205
21775,0.0032131474
21776,0.010288119
21777,0.060224652
21778,0.010749572
21779,0.009403313
21780,0.09577058
21781,0.08848297
21782,0.0065180454
21783,0.17369936
21784,0.010296899
21785,0.033413474
21786,0.027754337
21787,0.008647744
21788,0.008451165
21789,0.05637177
21790,0.01428207
21791,0.019642195
21792,0.029879496
21793,0.028950019
21794,0.010312301
21795,0.018437969
21796,0.21593778
21797,0.21644433
21798,0.09961681
21799,0.0071969572
21800,0.018708128
21801,0.043644335
21802,0.071623884
21803,0.07859366
21804,0.01164211
21805,0.039734535
21806,0.12904842
21807,0.04376937
21808,0.03893381
21809,0.024856033
21810,0.0049857604
21811,0.1702408
21812,0.042949785
21813,0.19285615
21814,0.15527955
21815,0.17774443
21816,0.021279316
21817,0.025673619
21818,0.29526752
21819,0.10950526
21820,0.34633178
21821,0.10569616
21822,0.22175318
21823,0.024087636
21824,0.009853604
21825,0.021028278
21826,0.01818849
21827,0.16896635
21828,0.0048268572
21829,0.64879405
21830,0.13735728
21831,0.09814446
21832,0.008061731
21833,0.037328795
21834,0.053790193
21835,0.12459937
21836,0.35751334
21837,0.2772306
21838,0.05098296
21839,0.13543884
21840,0.15246192
21841,0.09982201
21842,0.08465429
21843,0.04444401
21844,0.08391382
21845,0.10299644
21846,0.032760873
21847,0.3167102
21848,0.13505352
21849,0.20526174
21850,0.3719568
21851,0.1612445
21852,0.49058586
21853,0.08187432
21854,0.5099344
21855,0.055123866
21856,0.03968975
21857,0.022530522
21858,0.07209386
21859,0.1665851
21860,0.07571698
21861,0.02462746
21862,0.10726752
21863,0.08622976
21864,0.35178506
21865,0.039807577
21866,0.07682155
21867,0.08210342
21868,0.065511286
21869,0.005437708
21870,0.08758655
21871,0.07974785
21872,0.0008799795
21873,0.014467218
21874,0.1525363
21875,0.114180334
21876,0.18003699
21877,0.0215634
21878,0.020974822
21879,0.04262534
21880,0.017704079
21881,0.42149553
21882,0.02980529
21883,0.008466214
21884,0.10947977
21885,0.2641998
21886,0.26919705
21887,0.08000172
21888,0.026409863
21889,0.012350417
21890,0.01752756
21891,0.015783168
21892,0.005939423
21893,0.06361343
21894,0.07927616
21895,0.020097908
21896,0.07466632
21897,0.1825056
21898,0.25405896
21899,0.010737867
21900,0.09415632
21901,0.053134006
21902,0.008646277
21903,0.025561266
21904,0.014436669
21905,0.031854305
21906,0.22520995
21907,0.014715831
21908,0.046495024
21909,0.009873389
21910,0.14500263
21911,0.014773706
21912,0.114334814
21913,0.4257422
21914,0.07120451
21915,0.08626109
21916,0.009021877
21917,0.023924615
21918,0.043374408
21919,0.063096926
21920,0.02395043
21921,0.15455452
21922,0.13506499
21923,0.068449296
21924,0.118093915
21925,0.06596796
21926,0.10150392
21927,0.03431208
21928,0.03668037
21929,0.023045348
21930,0.11576472
21931,0.086985156
21932,0.105570495
21933,0.020853147
21934,0.032398913
21935,0.0021915103
21936,0.018168302
21937,0.011188373
21938,0.024517976
21939,0.034907673
21940,0.021192575
21941,0.03890736
21942,0.18454655
21943,0.22112185
21944,0.031040184
21945,0.041370615
21946,0.0031341168
21947,0.09256147
21948,0.030048396
21949,0.025146909
21950,0.043921486
21951,0.014269035
21952,0.23109877
21953,0.049192257
21954,0.021208577
21955,0.038625035
21956,0.0028671664
21957,0.07461859
21958,0.04955031
21959,0.16375269
21960,0.13368626
21961,0.1973746
21962,0.05463013
21963,0.047853373
21964,0.023755671
21965,0.053569388
21966,0.043581042
21967,0.008935679
21968,0.11018731
21969,0.06375944
21970,0.37040198
21971,0.1080368
21972,0.0052309167
21973,0.09986847
21974,0.055379745
21975,0.03366259
21976,0.018605366
21977,0.015768088
21978,0.035502173
21979,0.018571753
21980,0.0020657133
21981,0.088102445
21982,0.052274767
21983,0.08248489
21984,0.047795705
21985,0.12514892
21986,0.19850437
21987,0.28945035
21988,0.062106192
21989,0.021196913
21990,0.0930471
21991,0.014008306
21992,0.08854683
21993,0.07497497
21994,0.10996302
21995,0.061349552
21996,0.049085733
21997,0.015109022
21998,0.04248441
21999,0.014156247
22000,0.1611132
22001,0.06292422
22002,0.0006770943
22003,0.015230176
22004,0.031303916
22005,0.025494361
22006,0.086620994
22007,0.068047285
22008,0.115936875
22009,0.08654117
22010,0.1493426
22011,0.090069994
22012,0.20685446
22013,0.022946239
22014,0.06422791
22015,0.00987674
22016,0.06440276
22017,0.042616297
22018,0.037250496
22019,0.042290546
22020,0.025085041
22021,0.025614027
22022,0.01159562
22023,0.055739783
22024,0.053484377
22025,0.012259763
22026,0.029798124
22027,0.024125911
22028,0.027236125
22029,0.12929821
22030,0.03110535
22031,0.1375126
22032,0.066669844
22033,0.10248312
22034,0.3990412
22035,0.08637147
22036,0.100716494
22037,0.06366408
22038,0.076136455
22039,0.05617653
22040,0.08522835
22041,0.07470391
22042,0.01998
22043,0.2921437
22044,0.0791297
22045,0.11587335
22046,0.057048548
22047,0.050789434
22048,0.02401672
22049,0.034748096
22050,0.010024563
22051,0.30059826
22052,0.04033764
22053,0.066748835
22054,0.08214077
22055,0.57023084
22056,0.0513986
22057,0.008678533
22058,0.20107567
22059,0.068397574
22060,0.20904464
22061,0.3200437
22062,0.049005117
22063,0.0032387052
22064,0.0076289414
22065,0.06462668
22066,0.028066188
22067,0.13499674
22068,0.21386512
22069,0.0074227564
22070,0.15802671
22071,0.019337466
22072,0.07543395
22073,0.009563425
22074,0.017891273
22075,0.03013636
22076,0.039750516
22077,0.064759195
22078,0.012369717
22079,0.09532457
22080,0.13060857
22081,0.20849366
22082,0.12361781
22083,0.04600172
22084,0.13235348
22085,0.22400048
22086,0.21161047
22087,0.059957955
22088,0.009408256
22089,0.03989693
22090,0.008927824
22091,0.049087927
22092,0.48232865
22093,0.0403788
22094,0.05466697
22095,0.24186462
22096,0.14765723
22097,0.013179768
22098,0.052955184
22099,0.06309671
22100,0.22109754
22101,0.21560693
22102,0.00940577
22103,0.0632684
22104,0.041703325
22105,0.107862726
22106,0.13698743
22107,0.13483346
22108,0.17675881
22109,0.27507105
22110,0.09692192
22111,0.056984182
22112,0.06675363
22113,0.033371087
22114,0.2318865
22115,0.7780396
22116,0.091786616
22117,0.019483577
22118,0.31360385
22119,0.012699353
22120,0.08162932
22121,0.2239188
22122,0.047626898
22123,0.069080554
22124,0.019872976
22125,0.04939472
22126,0.0042860312
22127,0.36883798
22128,0.09875555
22129,0.07014863
22130,0.1990191
22131,0.092091635
22132,0.19339159
22133,0.31309405
22134,0.3272316
22135,0.013590137
22136,0.16694815
22137,0.08165378
22138,0.11577599
22139,0.8874178
22140,0.33615726
22141,0.34049898
22142,0.0058144103
22143,0.038312547
22144,0.10958686
22145,0.038651153
22146,0.022369811
22147,0.021569444
22148,0.058264654
22149,0.005430448
22150,0.01110465
22151,0.0070359423
22152,0.022834089
22153,0.0479185
22154,0.078607135
22155,0.07469185
22156,0.10102053
22157,0.09159454
22158,0.19192532
22159,0.107446104
22160,0.10297993
22161,0.17345893
22162,0.01652489
22163,0.058353737
22164,0.9934988
22165,0.9463659
22166,0.7427503
22167,0.005832979
22168,0.13237216
22169,0.31174704
22170,0.063455604
22171,0.0053666793
22172,0.08943455
22173,0.0669446
22174,0.04355224
22175,0.039703157
22176,0.0078592105
22177,0.33186755
22178,0.01324733
22179,0.0096667325
22180,0.1287284
22181,0.15163173
22182,0.03773123
22183,0.046447907
22184,0.24880004
22185,0.06615107
22186,0.004254888
22187,0.095779724
22188,0.08188295
22189,0.0799767
22190,0.9877781
22191,0.63568157
22192,0.70853055
22193,0.0122395875
22194,0.03350815
22195,0.007866495
22196,0.35443875
22197,0.023042079
22198,0.21946605
22199,0.04140905
22200,0.07641432
22201,0.019883266
22202,0.12066429
22203,0.13498653
22204,0.16061655
22205,0.14792678
22206,0.35183075
22207,0.42259786
22208,0.13013622
22209,0.09982809
22210,0.04100291
22211,0.035297334
22212,0.104973264
22213,0.071728565
22214,0.06674755
22215,0.021419214
22216,0.14704517
22217,0.12882905
22218,0.06361447
22219,0.08095473
22220,0.74236965
22221,0.98898333
22222,0.99932915
22223,0.22787268
22224,0.031592313
22225,0.14620432
22226,0.015870323
22227,0.28011647
22228,0.0066783824
22229,0.019980317
22230,0.06039652
22231,0.036328442
22232,0.23729141
22233,1.0
22234,0.07791998
22235,0.08572516
22236,0.07109685
22237,0.14973618
22238,0.06720339
22239,0.20142667
22240,0.16927665
22241,0.03309275
22242,0.08687482
22243,0.09659932
22244,0.074883826
22245,0.047547873
22246,0.0485374
22247,0.30028218
22248,0.35505864
22249,0.14922492
22250,0.072363295
22251,0.003190416
22252,0.078791834
22253,0.033012137
22254,0.17301649
22255,0.009939359
22256,0.02033707
22257,0.0081215985
22258,0.037276655
22259,0.053370394
22260,0.26626173
22261,0.42410406
22262,0.20178902
22263,0.16094401
22264,0.13996734
22265,0.18977843
22266,0.16834758
22267,0.61345696
22268,0.057789873
22269,0.045469057
22270,0.0109666735
22271,0.06794851
22272,0.19921593
22273,0.2035356
22274,0.397037
22275,0.24647292
22276,0.18564336
22277,1.0
22278,0.09447441
22279,0.005398443
22280,0.20296672
22281,0.13978682
22282,0.017471667
22283,0.07937055
22284,0.3868447
22285,0.047977906
22286,0.018198019
22287,0.02667824
22288,0.053913508
22289,0.14249727
22290,0.27059117
22291,0.2461938
22292,0.28689528
22293,0.22146271
22294,0.13330819
22295,0.14480719
22296,0.24311893
22297,0.008697987
22298,0.008976275
22299,0.13809662
22300,0.067489006
22301,0.07560365
22302,0.39881966
22303,0.2032023
22304,0.04481615
22305,0.39184436
22306,0.25896528
22307,0.054362886
22308,0.05572045
22309,0.092996575
22310,0.043447524
22311,0.019612674
22312,0.011846689
22313,0.016473766
22314,0.052177344
22315,0.070744745
22316,0.090185076
22317,0.119164824
22318,0.27627656
22319,0.7619412
22320,0.32648188
22321,0.2787236
22322,0.3856107
22323,0.1126567
22324,0.07878428
22325,0.09005224
22326,0.11795355
22327,0.2202182
22328,0.059203673
22329,0.028488412
22330,0.05568526
22331,0.10001081
22332,0.021102315
22333,0.07448043
22334,0.0029212867
22335,0.014174735
22336,0.009282814
22337,0.01786813
22338,0.0917616
22339,0.012205596
22340,0.025115656
22341,0.021758799
22342,0.033264387
22343,0.06825622
22344,0.15366209
22345,0.22052094
22346,0.14710994
22347,0.5275295
22348,0.45031098
22349,0.22182891
22350,0.08399446
22351,0.026106492
22352,0.034054622
22353,0.077176854
22354,0.011104145
22355,0.021343239
22356,1.0
22357,0.051154166
22358,0.015906837
22359,0.02832466
22360,0.07278958
22361,0.088340946
22362,0.028746642
22363,0.020761032
22364,0.039634295
22365,0.012771001
22366,0.014372072
22367,0.027597835
22368,0.06855313
22369,0.095459744
22370,0.55827516
22371,0.3138641
22372,0.12417156
22373,0.9804702
22374,0.25400862
22375,0.32971823
22376,0.17702094
22377,0.025794445
22378,0.041489534
22379,0.020746933
22380,0.05554947
22381,0.044689603
22382,0.034618966
22383,0.10507793
22384,0.3701092
22385,0.053986154
22386,0.2769567
22387,0.005213244
22388,0.08031186
22389,0.13493398
22390,0.05809943
22391,0.17704894
22392,0.016219234
22393,0.0053450293
22394,0.042132426
22395,0.11875859
22396,0.98158866
22397,0.19449003
22398,0.5220811
22399,0.18300496
22400,0.23837467
22401,0.174057
22402,0.10320187
22403,0.025318692
22404,0.01332862
22405,0.024473457
22406,0.02785365
22407,0.023860697
22408,0.12708594
22409,0.1109325
22410,0.015422357
22411,0.24488425
22412,0.020017015
22413,0.045076545
22414,0.22036667
22415,0.0067217946
22416,0.08784787
22417,0.15703109
22418,0.023823809
22419,0.1148808
22420,0.16403684
22421,0.05847296
22422,0.09411773
22423,0.009647918
22424,0.10106186
22425,0.06087075
22426,0.06583772
22427,0.08243275
22428,0.03175885
22429,0.007865743
22430,0.085102715
22431,0.008463336
22432,0.10488813
22433,0.038830277
22434,0.01581743
22435,0.08829033
22436,0.028297555
22437,0.04350897
22438,0.035244748
22439,0.15507348
22440,0.3069732
22441,0.55404687
22442,0.10738332
22443,0.00499886
22444,0.017869862
22445,0.02639679
22446,0.009329493
22447,0.04164338
22448,0.053179674
22449,0.009861451
22450,0.027185453
22451,0.012774713
22452,0.014767526
22453,0.013179894
22454,0.008919009
22455,0.088078365
22456,0.07623709
22457,0.41967416
22458,0.0071344604
22459,0.014636815
22460,0.01951001
22461,0.052227106
22462,0.117497906
22463,0.25634766
22464,0.119208276
22465,0.0015188467
22466,0.13885738
22467,0.0032902265
22468,0.015962696
22469,0.013727094
22470,0.044653397
22471,0.0930731
22472,0.051642034
22473,0.00077981595
22474,0.010293447
22475,0.22132297
22476,0.031270374
22477,0.007845116
22478,0.008934328
22479,0.09406523
22480,0.0682734
22481,0.03724835
22482,0.00965056
22483,0.023969514
22484,0.03329102
22485,0.20758101
22486,0.035606362
22487,0.015425407
22488,0.058589227
22489,0.0041224966
22490,0.07861338
22491,0.28369197
22492,0.042349525
22493,0.14517531
22494,0.07864973
22495,0.022499586
22496,0.026187317
22497,0.03217548
22498,0.02565312
22499,0.2543228
22500,0.014877781
22501,0.20856212
22502,0.02222256
22503,0.05101033
22504,0.08507983
22505,0.006721261
22506,0.32960272
22507,0.7368386
22508,0.11519664
22509,0.059768844
22510,0.0065378463
22511,0.09428183
22512,0.023845736
22513,0.031756017
22514,0.08842962
22515,0.1463803
22516,0.09514319
22517,0.9055699
22518,0.060884923
22519,0.015355898
22520,0.0602321
22521,0.07473442
22522,0.012306756
22523,0.032300767
22524,0.08889831
22525,0.35265744
22526,0.035138987
22527,0.18982254
22528,0.020018963
22529,0.06698111
22530,0.09160889
22531,0.05304695
22532,0.026048223
22533,0.050830685
22534,0.041910876
22535,0.015105228
22536,0.01911646
22537,0.07765477
22538,0.010067803
22539,0.060578838
22540,0.02124543
22541,0.037625246
22542,0.01376392
22543,0.026206827
22544,0.09384492
22545,0.04643692
22546,0.038800195
22547,0.034900714
22548,0.013329846
22549,1.0
22550,0.023260469
22551,0.13490681
22552,0.06053987
22553,0.0119140055
22554,0.039363384
22555,0.038398918
22556,0.012799631
22557,0.0057895966
22558,0.22574855
22559,0.012139764
22560,0.015728693
22561,0.02652354
22562,0.105285145
22563,0.019900063
22564,0.010138656
22565,0.12633637
22566,0.012438869
22567,0.045579568
22568,0.040519938
22569,0.26458707
22570,0.023544984
22571,0.01706306
22572,0.017497765
22573,0.012222626
22574,0.08264056
22575,0.0030442604
22576,0.0039829034
22577,0.17339689
22578,0.05996994
22579,0.021066353
22580,0.006326788
22581,0.05803508
22582,0.16372678
22583,0.046619438
22584,0.05929936
22585,0.10797182
22586,0.016397657
22587,0.014729131
22588,0.045848995
22589,0.20674673
22590,0.1415278
22591,0.0077597606
22592,0.013254766
22593,0.020403683
22594,0.011816647
22595,0.011835634
22596,0.013182646
22597,0.0107515585
22598,0.027537435
22599,0.015779892
22600,0.00847176
22601,0.013728625
22602,0.008921699
22603,0.020897403
22604,0.042611826
22605,0.05931836
22606,0.122906595
22607,0.060666718
22608,0.13706096
22609,0.008448874
22610,0.009628016
22611,0.019094724
22612,0.01230209
22613,0.01684812
22614,0.0013486196
22615,0.029676538
22616,0.0034821895
22617,0.022953378
22618,0.0057832017
22619,0.014163876
22620,0.008470472
22621,0.051389977
22622,0.01754208
22623,0.031767607
22624,0.011580582
22625,0.01845889
22626,0.014375164
22627,0.0063300612
22628,0.0025260812
22629,0.006329282
22630,0.0976911
22631,0.035732146
22632,0.007761262
22633,0.0021758343
22634,0.010715401
22635,0.14224072
22636,0.009627776
22637,0.26895544
22638,0.03834025
22639,0.019793024
22640,0.052510843
22641,0.00962728
22642,0.06337002
22643,0.020137127
22644,0.08898873
22645,0.1708072
22646,0.006521063
22647,0.22952142
22648,0.0005323231
22649,0.025583742
22650,0.0602309
22651,0.006330018
22652,0.010904183
22653,0.010289686
22654,0.063733146
22655,0.002231624
22656,0.0022307558
22657,0.08637137
22658,0.10106115
22659,0.003999167
22660,0.12909342
22661,0.01822813
22662,0.02597432
22663,0.014973384
22664,0.021499105
22665,0.01725169
22666,0.0062836944
22667,0.04964275
22668,0.018701809
22669,0.014172053
22670,0.027089553
22671,0.020906705
22672,0.010313654
22673,0.012220495
22674,0.015946198
22675,0.012226262
22676,0.18860807
22677,0.24145123
22678,0.021331921
22679,0.09461928
22680,0.0065554604
22681,0.02743887
22682,0.04133895
22683,0.1338467
22684,0.036077432
22685,0.16206127
22686,0.026523521
22687,0.17058943
22688,0.001457871
22689,0.10629199
22690,0.008603148
22691,0.091680616
22692,0.14570062
22693,0.04235633
22694,0.22979635
22695,0.30623522
22696,0.115167215
22697,0.22310336
22698,0.024087023
22699,0.07585617
22700,0.028878001
22701,0.016077101
22702,0.014738906
22703,0.078868225
22704,0.030180404
22705,0.62837416
22706,0.16254477
22707,0.04254777
22708,0.0921318
22709,0.07492341
22710,0.021395316
22711,0.033045836
22712,0.016667144
22713,0.026120683
22714,0.04258449
22715,0.114774264
22716,0.36194095
22717,0.3729314
22718,0.014496568
22719,0.07213266
22720,0.20331399
22721,0.12285889
22722,0.005459681
22723,0.07031122
22724,0.07216188
22725,0.036321454
22726,0.022861077
22727,0.31662643
22728,0.034887027
22729,0.22348858
22730,0.33940917
22731,0.12854157
22732,0.41727936
22733,0.050692506
22734,0.56575763
22735,0.04787361
22736,0.030404277
22737,0.097973496
22738,0.1783455
22739,0.050785974
22740,0.009747386
22741,0.03435055
22742,0.010091361
22743,0.337159
22744,0.024580395
22745,0.055876337
22746,0.13810432
22747,0.09035834
22748,0.103204414
22749,0.037228867
22750,0.023676185
22751,0.029581768
22752,0.08187754
22753,0.15826344
22754,0.024120864
22755,0.13520245
22756,0.050204135
22757,0.05929733
22758,0.22207113
22759,0.10193505
22760,0.080347195
22761,0.35249013
22762,0.29431432
22763,0.009844395
22764,0.0054346006
22765,0.10498298
22766,0.02647084
22767,0.012350392
22768,0.0023103538
22769,0.035701334
22770,0.096406944
22771,0.05999231
22772,0.14684097
22773,0.18920141
22774,0.010737867
22775,0.016492138
22776,0.011433698
22777,0.037014768
22778,0.008647226
22779,0.033332277
22780,0.019707946
22781,0.049612004
22782,0.27311042
22783,0.007995573
22784,0.029149618
22785,0.11188032
22786,0.04661002
22787,0.16732304
22788,0.48000553
22789,0.12735291
22790,0.04301327
22791,0.017876903
22792,0.034020457
22793,0.03379337
22794,0.074800104
22795,0.0032329643
22796,0.0150623415
22797,0.13726367
22798,0.19404478
22799,0.043518353
22800,0.10649326
22801,0.06983459
22802,0.010911932
22803,0.071439154
22804,0.0454072
22805,0.034587525
22806,0.03221654
22807,0.00398045
22808,0.14003891
22809,0.06494218
22810,0.09383668
22811,0.015804294
22812,0.035354484
22813,0.01576099
22814,0.00845898
22815,0.0071834167
22816,0.027396092
22817,0.028317187
22818,0.028714212
22819,0.17965053
22820,0.20175917
22821,0.07563813
22822,0.03387455
22823,0.009890514
22824,0.05914596
22825,0.037864532
22826,0.012386472
22827,0.06289798
22828,0.021342888
22829,0.06525901
22830,0.21951056
22831,0.030488225
22832,0.03865884
22833,0.053920485
22834,0.0015414918
22835,0.10330251
22836,0.051764738
22837,0.13157427
22838,0.14577898
22839,0.16785757
22840,0.071138486
22841,0.02850907
22842,0.03887342
22843,0.042539608
22844,0.04840136
22845,0.11187792
22846,0.047755245
22847,0.48051137
22848,0.1037636
22849,0.020956986
22850,0.11297667
22851,0.008305648
22852,0.045510747
22853,0.018606214
22854,0.012303771
22855,0.08211811
22856,0.01912223
22857,0.010918748
22858,0.027204413
22859,0.10937651
22860,0.10102266
22861,0.054812465
22862,0.062884696
22863,0.11402555
22864,0.19530308
22865,0.28263363
22866,0.062030915
22867,0.017033685
22868,0.058566574
22869,0.014152367
22870,0.035295714
22871,0.053708415
22872,0.055811696
22873,0.12324287
22874,0.035307452
22875,0.06798103
22876,0.0355285
22877,0.050540738
22878,0.02695627
22879,0.14975291
22880,0.0059310817
22881,0.040480986
22882,0.03002405
22883,0.003982145
22884,0.052845627
22885,0.033243515
22886,0.07745996
22887,0.09703125
22888,0.08675386
22889,0.07254594
22890,0.17490543
22891,0.12677662
22892,0.18562718
22893,0.0020832897
22894,0.097936414
22895,0.0008325026
22896,0.053423896
22897,0.030061422
22898,0.058938816
22899,0.042274505
22900,0.0215536
22901,0.045472775
22902,0.0045642825
22903,0.035744905
22904,0.03884982
22905,0.026730653
22906,0.07761325
22907,0.0146378195
22908,0.004431373
22909,0.11957536
22910,0.021218
22911,0.030332487
22912,0.12498485
22913,0.035413597
22914,0.15166062
22915,0.30485088
22916,0.09521812
22917,0.09818978
22918,0.06050815
22919,0.093985945
22920,0.07375673
22921,0.07854717
22922,0.06521407
22923,0.008920933
22924,0.32895046
22925,0.13082233
22926,0.08109829
22927,0.052426152
22928,0.039551422
22929,0.024015823
22930,0.011936206
22931,0.036792938
22932,0.005858589
22933,0.3120197
22934,0.047490012
22935,0.05321841
22936,0.095448
22937,0.55863106
22938,0.085375
22939,0.020765126
22940,0.20336068
22941,0.11255868
22942,0.21848917
22943,0.29270545
22944,0.026783276
22945,0.008270362
22946,0.024855519
22947,0.054834723
22948,0.11263206
22949,0.17779662
22950,0.032897614
22951,0.08907565
22952,0.043068178
22953,0.066491075
22954,0.014769631
22955,0.031427983
22956,0.057181384
22957,0.008657249
22958,0.11378912
22959,0.12304001
22960,0.20127055
22961,0.14474346
22962,0.01439681
22963,0.11256668
22964,0.17373149
22965,0.22145651
22966,0.082103364
22967,0.016165834
22968,0.058181
22969,0.5396906
22970,0.021692533
22971,0.08760324
22972,0.28439522
22973,0.14917023
22974,0.013179793
22975,0.010732311
22976,0.0004306689
22977,0.06361319
22978,0.0630927
22979,0.20439926
22980,0.1971574
22981,0.009406694
22982,0.07681436
22983,0.055132262
22984,0.13461593
22985,0.17775069
22986,0.13093275
22987,0.14921175
22988,0.25538233
22989,0.07978718
22990,0.08641275
22991,0.085696734
22992,0.0047936616
22993,0.24651581
22994,0.9391181
22995,0.09177871
22996,0.016632764
22997,0.32517004
22998,0.012698531
22999,0.038402904
23000,0.19772747
23001,0.015380226
23002,0.010806051
23003,0.056922894
23004,0.058507852
23005,0.0029836409
23006,0.051298723
23007,0.0042850827
23008,0.4223134
23009,0.03898062
23010,0.06624835
23011,0.23132475
23012,0.12892963
23013,0.21841884
23014,0.3238229
23015,0.3565949
23016,0.14212598
23017,0.098169364
23018,0.11258168
23019,0.8781663
23020,0.33775625
23021,0.3527444
23022,0.041430674
23023,0.16896687
23024,0.16166237
23025,0.0329774
23026,0.01158332
23027,0.079520606
23028,0.0071991514
23029,0.0070353043
23030,0.03895501
23031,0.06357695
23032,0.097743765
23033,0.0737103
23034,0.06640487
23035,0.09261816
23036,0.20322175
23037,0.18636468
23038,0.025499787
23039,0.13733639
23040,0.19650164
23041,0.016523967
23042,0.031330477
23043,1.0
23044,0.7492834
23045,0.643382
23046,0.0054312106
23047,0.011929956
23048,0.110766
23049,0.36492443
23050,0.07857929
23051,0.0032215114
23052,0.03031166
23053,0.03155764
23054,0.007035083
23055,0.06841547
23056,0.08150728
23057,0.05515431
23058,0.007859113
23059,0.3542815
23060,0.0011120621
23061,0.0044038612
23062,0.12759307
23063,0.15168782
23064,0.019258393
23065,0.05075434
23066,0.2507214
23067,0.08302342
23068,0.025631107
23069,0.089390956
23070,0.10068055
23071,0.09808867
23072,0.9637643
23073,0.63750726
23074,0.65146875
23075,0.008974066
23076,0.027576052
23077,0.025164617
23078,0.38444567
23079,0.037704974
23080,0.17926165
23081,0.058556233
23082,0.09854862
23083,0.009847473
23084,0.10241109
23085,0.12280824
23086,0.14960665
23087,0.2186408
23088,0.35387298
23089,0.41839638
23090,0.14974341
23091,0.09471816
23092,0.041013677
23093,0.037420154
23094,0.072867714
23095,0.061040893
23096,0.038204633
23097,0.10936388
23098,0.21334614
23099,0.07223191
23100,0.120692156
23101,0.051012278
23102,0.7373281
23103,0.9914427
23104,1.0
23105,0.25592697
23106,0.052327193
23107,0.12904418
23108,0.3556537
23109,0.020829003
23110,0.025044665
23111,0.10169074
23112,0.021659583
23113,0.25954986
23114,0.9959465
23115,0.059591476
23116,0.08844822
23117,0.07460323
23118,0.16648747
23119,0.063342765
23120,0.17290545
23121,0.17123519
23122,0.033093646
23123,0.06082117
23124,0.09104192
23125,0.054263987
23126,0.064998224
23127,0.122372426
23128,0.24615507
23129,0.35106063
23130,0.12305477
23131,0.09006103
23132,0.003930459
23133,0.038983393
23134,0.036732923
23135,0.13931197
23136,0.025294252
23137,0.024249239
23138,0.030021029
23139,0.016505055
23140,0.01893174
23141,0.032748986
23142,0.030085478
23143,0.20295125
23144,0.4495029
23145,0.190645
23146,0.17549679
23147,0.10637587
23148,0.18507147
23149,0.13126992
23150,0.60775346
23151,0.050886523
23152,0.029875042
23153,0.030905113
23154,0.076096244
23155,0.1672047
23156,0.17838861
23157,0.39595065
23158,0.22126538
23159,0.11583356
23160,1.0
23161,0.08580728
23162,0.014376607
23163,0.106790826
23164,0.131639
23165,0.0047756787
23166,0.058274645
23167,0.19729465
23168,0.050978523
23169,0.01865646
23170,0.015866024
23171,0.03433616
23172,0.11061244
23173,0.2694326
23174,0.23943
23175,0.2722369
23176,0.20734163
23177,0.10336122
23178,0.09768083
23179,0.23645195
23180,0.025384756
23181,0.17010108
23182,0.0855803
23183,0.015066891
23184,0.373483
23185,0.18914579
23186,0.0050460976
23187,0.34817
23188,0.21618679
23189,0.005246891
23190,0.06487809
23191,0.05295825
23192,0.0929813
23193,0.0030849078
23194,0.010756431
23195,0.00049984513
23196,0.02260964
23197,0.034275692
23198,0.09650721
23199,0.10629149
23200,0.11078932
23201,0.29284674
23202,0.7501863
23203,0.26019862
23204,0.26619387
23205,0.38435784
23206,0.14233552
23207,0.030324241
23208,0.033673365
23209,0.08648029
23210,0.11457882
23211,0.23107232
23212,0.06593372
23213,0.06786861
23214,0.06735937
23215,0.080275476
23216,0.00789608
23217,0.016648583
23218,0.07025543
23219,0.010140075
23220,0.032605518
23221,0.006468831
23222,0.091761224
23223,0.0013019284
23224,0.016194137
23225,0.03283323
23226,0.03868732
23227,0.07301867
23228,0.17900229
23229,0.16593684
23230,0.12164901
23231,0.4924162
23232,0.4451869
23233,0.2044089
23234,0.06846794
23235,0.040542487
23236,0.05570825
23237,0.07716849
23238,0.014063579
23239,0.007175561
23240,0.99350405
23241,0.035670787
23242,0.0112273805
23243,0.09601832
23244,0.049008045
23245,0.09730161
23246,0.028746545
23247,0.040038355
23248,0.016455865
23249,0.0018111093
23250,0.0109592965
23251,0.0062927306
23252,0.035841957
23253,0.06629298
23254,0.10605172
23255,0.5532049
23256,0.26642883
23257,0.15146567
23258,0.97430736
23259,0.29291987
23260,0.3529732
23261,0.16374943
23262,0.0012778342
23263,0.022590546
23264,0.02130289
23265,0.08975285
23266,0.032714464
23267,0.026986174
23268,0.042184796
23269,0.3550532
23270,0.08715113
23271,0.21921124
23272,0.026879033
23273,0.10996577
23274,0.13072807
23275,0.12331785
23276,0.17118154
23277,0.011598509
23278,0.00047580767
23279,0.025323603
23280,0.008111177
23281,0.027499964
23282,0.12822106
23283,0.9620988
23284,0.2552615
23285,0.50988495
23286,0.2005244
23287,0.26357552
23288,0.14722568
23289,0.16358063
23290,0.016090253
23291,0.0133278845
23292,0.017680177
23293,0.012287269
23294,0.023860697
23295,0.07689333
23296,0.099107385
23297,0.06961597
23298,0.15750697
23299,0.007719946
23300,0.05037613
23301,0.0096329935
23302,0.2520353
23303,0.006722743
23304,0.09179709
23305,0.17843844
23306,0.042985704
23307,0.0778503
23308,0.16693865
23309,0.06819161
23310,0.06569261
23311,0.025233366
23312,0.10345764
23313,0.07221578
23314,0.012908865
23315,0.100906886
23316,0.06329549
23317,0.01863509
23318,0.000740225
23319,0.11440577
23320,0.008464285
23321,0.007864099
23322,0.015833227
23323,0.030223832
23324,0.043418135
23325,0.084016524
23326,0.04344014
23327,0.036382716
23328,0.0067203124
23329,0.059961274
23330,0.18100129
23331,0.2844553
23332,0.5561424
23333,0.124012254
23334,0.047516197
23335,0.016637914
23336,0.06451663
23337,0.085457705
23338,0.010926812
23339,0.027185598
23340,0.00054444035
23341,0.009665799
23342,0.017463356
23343,0.008919009
23344,0.0065385443
23345,0.07416049
23346,0.080992825
23347,0.35128546
23348,0.002258255
23349,0.009447279
23350,0.019128377
23351,0.057874866
23352,0.1107974
23353,0.3015372
23354,0.13221125
23355,0.13441105
23356,0.026264543
23357,0.013727069
23358,0.12324728
23359,0.10544438
23360,0.0610489
23361,0.010972309
23362,0.018228825
23363,0.016853271
23364,0.21961764
23365,0.03127551
23366,0.018993404
23367,0.00942077
23368,0.0054757553
23369,0.109830126
23370,0.04876092
23371,0.053312585
23372,0.013150894
23373,0.032934744
23374,0.014602935
23375,0.22754687
23376,0.027147325
23377,0.008861799
23378,0.0737921
23379,0.035620343
23380,0.03805301
23381,0.19883318
23382,0.038927134
23383,0.1155615
23384,0.060034685
23385,0.02554365
23386,0.04088979
23387,0.007361665
23388,0.023351759
23389,0.047191784
23390,0.26198277
23391,0.17279427
23392,0.020155588
23393,0.052416228
23394,0.06511816
23395,0.0063299923
23396,0.008112101
23397,0.3590199
23398,0.7052611
23399,0.085808024
23400,0.057492718
23401,0.102090344
23402,0.10835269
23403,0.039446387
23404,0.12503222
23405,0.14419474
23406,0.08520424
23407,0.8926166
23408,0.033971615
23409,0.009356098
23410,0.050516665
23411,0.027092453
23412,0.04142424
23413,0.017868835
23414,0.11535741
23415,0.35962266
23416,0.08196839
23417,0.16707967
23418,0.010647329
23419,0.04051187
23420,0.09034555
23421,0.03419485
23422,0.028346675
23423,0.037637237
23424,0.034427777
23425,0.0030869918
23426,0.019115612
23427,0.05090691
23428,0.023826107
23429,0.1277779
23430,0.005198989
23431,0.038375806
23432,0.013764816
23433,0.032356437
23434,0.076982826
23435,0.0531754
23436,0.0058677685
23437,0.0052530915
23438,0.9902087
23439,0.016400643
23440,0.10416437
23441,0.04936548
23442,0.006780022
23443,0.06783525
23444,0.039652202
23445,0.012799631
23446,0.007186397
23447,0.28653842
23448,0.00442161
23449,0.01572777
23450,0.028230134
23451,0.114153974
23452,0.0046718502
23453,0.11766068
23454,0.03234774
23455,0.008665503
23456,0.038440157
23457,0.21018983
23458,0.017062213
23459,0.022881562
23460,0.06594706
23461,0.015931569
23462,0.17005453
23463,0.054091997
23464,0.00504744
23465,0.006326078
23466,0.08138603
23467,0.1672406
23468,0.09551397
23469,0.035952322
23470,0.07587668
23471,0.013139365
23472,0.056172594
23473,0.014729131
23474,0.04281727
23475,0.18893498
23476,0.18189678
23477,0.007759548
23478,0.029430848
23479,0.013177073
23480,0.00051610084
23481,0.013181799
23482,0.03489038
23483,0.016356079
23484,0.0049828016
23485,0.00865234
23486,0.010773147
23487,0.025616791
23488,0.016865838
23489,0.0764435
23490,0.04913678
23491,0.12082787
23492,0.009444568
23493,0.047097135
23494,0.2047741
23495,0.0108956145
23496,0.009628016
23497,0.03943326
23498,0.01884079
23499,0.012714893
23500,0.027263068
23501,0.012221731
23502,0.01837797
23503,0.0115054585
23504,0.014163978
23505,0.008470472
23506,0.007036188
23507,0.07783083
23508,0.0064533073
23509,0.027381143
23510,0.008680902
23511,0.01224638
23512,0.006330018
23513,0.15475196
23514,0.0120075755
23515,0.069126725
23516,0.0077604414
23517,0.008642286
23518,0.026511095
23519,0.10227559
23520,0.0051600663
23521,0.009627776
23522,0.3223303
23523,0.050563965
23524,0.014469593
23525,0.06162785
23526,0.012222144
23527,0.009627067
23528,0.06566586
23529,0.022421742
23530,0.11243341
23531,0.10275891
23532,0.18209657
23533,0.015314789
23534,0.022376062
23535,0.025583845
23536,0.023387605
23537,0.0063299923
23538,0.007192487
23539,0.010289575
23540,0.04053502
23541,0.0034820659
23542,0.004269811
23543,0.08635223
23544,0.03844191
23545,0.18463667
23546,0.013109087
23547,0.0061135376
23548,0.0035917147
23549,0.009847683
23550,0.014158328
23551,0.063271545
23552,0.017467242
23553,0.016658932
23554,0.021224724
23555,0.040191967
23556,0.010313757
23557,0.012220393
23558,0.028221536
23559,0.05073631
23560,0.19297244
23561,0.18968986
23562,0.0034283907
23563,0.08671811
23564,0.019282348
23565,0.05832986
23566,0.116555646
23567,0.042913698
23568,0.03771178
23569,0.03088953
23570,0.037601758
23571,0.017889459
23572,0.14492367
23573,0.043774113
23574,0.058044832
23575,0.02652927
23576,0.18507506
23577,0.021184433
23578,0.047288086
23579,0.12633269
23580,0.16907834
23581,0.0624406
23582,0.1451648
23583,0.06336166
23584,0.3568373
23585,0.11738685
23586,0.19906619
23587,0.051577967
23588,0.07417027
23589,0.021071268
23590,0.01783269
23591,0.083010174
23592,0.023204163
23593,0.8119774
23594,0.20859596
23595,0.038446866
23596,0.0132097285
23597,0.083667755
23598,0.024334207
23599,0.027050646
23600,0.021681
23601,0.015133005
23602,0.11733024
23603,0.15930206
23604,0.45466447
23605,0.39324147
23606,0.015283487
23607,0.28473166
23608,0.07937076
23609,0.020859355
23610,0.05219147
23611,0.032738216
23612,0.070357285
23613,0.059274655
23614,0.032767195
23615,0.32731652
23616,0.16727635
23617,0.2031115
23618,0.6136414
23619,0.10147023
23620,0.4835616
23621,0.01746857
23622,0.03752579
23623,0.56335574
23624,0.053639505
23625,0.06926573
23626,0.018551785
23627,0.09689801
23628,0.120591216
23629,0.093792
23630,0.08460059
23631,0.029618517
23632,0.08269081
23633,0.3436164
23634,0.06321684
23635,0.04243527
23636,0.0585237
23637,0.09798591
23638,0.09937989
23639,0.025598673
23640,0.028969584
23641,0.03978494
23642,0.10033582
23643,0.04860557
23644,0.08585585
23645,0.21918567
23646,0.056295894
23647,0.10780773
23648,0.021564985
23649,0.042244826
23650,0.045316454
23651,0.013700033
23652,0.3596471
23653,0.16493455
23654,0.041283395
23655,0.27423212
23656,0.39255193
23657,0.009844506
23658,0.00543378
23659,0.051761534
23660,0.001224993
23661,0.012349549
23662,0.0081123905
23663,0.062785864
23664,0.11804109
23665,0.26233107
23666,0.2143413
23667,0.016492961
23668,0.12718076
23669,0.020830108
23670,0.045431715
23671,0.031023677
23672,0.29136166
23673,0.0003757351
23674,0.020822011
23675,0.035437822
23676,0.06904244
23677,0.11153762
23678,0.35999513
23679,0.093377456
23680,0.049398728
23681,0.03753262
23682,0.08515945
23683,0.08280531
23684,0.009422922
23685,0.0077055325
23686,0.039679103
23687,0.01730926
23688,0.09404011
23689,0.15231971
23690,0.05962064
23691,0.11088695
23692,0.09173464
23693,0.010911932
23694,0.046080895
23695,0.042598728
23696,0.017520558
23697,0.0060769524
23698,0.0039796294
23699,0.11001245
23700,0.03661039
23701,0.106794685
23702,0.036917474
23703,0.03192158
23704,0.025124174
23705,0.011846988
23706,0.0062068305
23707,0.023995116
23708,0.025869276
23709,0.015934238
23710,0.021475563
23711,0.019270021
23712,0.16047184
23713,0.19092031
23714,0.04968268
23715,0.0075900997
23716,0.031958006
23717,0.10717824
23718,0.025071006
23719,0.09316828
23720,0.012359872
23721,0.036704376
23722,0.24608023
23723,0.018154599
23724,0.016363323
23725,0.050788186
23726,0.0058112545
23727,0.08417808
23728,0.079329304
23729,0.14014547
23730,0.11121208
23731,0.13867891
23732,0.052835822
23733,0.06932399
23734,0.034056004
23735,0.08335816
23736,0.036974624
23737,0.076799095
23738,0.03317156
23739,0.39419162
23740,0.10809318
23741,0.079965174
23742,0.02889365
23743,0.02097276
23744,0.0050245067
23745,0.012217117
23746,0.058473233
23747,0.017522879
23748,0.025208076
23749,0.012739287
23750,0.018180285
23751,0.0591493
23752,0.0816442
23753,0.059678722
23754,0.100478426
23755,0.106065035
23756,0.17057681
23757,0.3000996
23758,0.05558963
23759,0.0344055
23760,0.047599886
23761,0.014151499
23762,0.030229911
23763,0.02387056
23764,0.007866972
23765,0.044638798
23766,0.028497843
23767,0.11577497
23768,0.040523313
23769,0.08841052
23770,0.018459613
23771,0.036334142
23772,0.040377438
23773,0.0008200305
23774,0.13493209
23775,0.018845657
23776,0.044263627
23777,0.018101178
23778,0.01452186
23779,0.04658687
23780,0.032254446
23781,0.06360319
23782,0.09989078
23783,0.095754206
23784,0.06658071
23785,0.20583718
23786,0.1457446
23787,0.17451118
23788,0.0022940787
23789,0.11248335
23790,0.0111916
23791,0.07202632
23792,0.042883184
23793,0.06469529
23794,0.04779782
23795,0.015283237
23796,0.03678143
23797,0.0436632
23798,0.012376051
23799,0.058277726
23800,0.08303677
23801,0.026734687
23802,0.06816932
23803,0.026084118
23804,0.01183558
23805,0.004313764
23806,0.0071705556
23807,0.083883226
23808,0.015325371
23809,0.022729663
23810,0.16453491
23811,0.07771614
23812,0.11421767
23813,0.30557585
23814,0.082108594
23815,0.104668856
23816,0.042995013
23817,0.07142292
23818,0.053104512
23819,0.08308941
23820,0.077651836
23821,0.000645775
23822,0.01998085
23823,0.22073731
23824,0.099578075
23825,0.0481275
23826,0.026976086
23827,0.03099076
23828,0.018137706
23829,0.01635274
23830,0.018261187
23831,0.03042294
23832,0.023073616
23833,0.36766997
23834,0.06383236
23835,0.03870702
23836,0.12609857
23837,0.60704947
23838,0.04763096
23839,0.013334851
23840,0.20414142
23841,0.052036732
23842,0.19353282
23843,0.28421786
23844,0.040466662
23845,0.02002038
23846,0.0384925
23847,0.025714247
23848,0.14205381
23849,0.12899347
23850,0.014537276
23851,0.13914387
23852,0.047267307
23853,0.060055688
23854,0.008455423
23855,0.017725907
23856,0.026865428
23857,0.06416381
23858,0.014410851
23859,0.091091946
23860,0.13697134
23861,0.18573688
23862,0.10663223
23863,0.037368372
23864,0.09785035
23865,0.16115814
23866,0.25582707
23867,0.089730695
23868,0.009635567
23869,0.030358884
23870,0.033528894
23871,0.008927824
23872,0.043031406
23873,0.44716117
23874,0.03670919
23875,0.061445672
23876,0.26551577
23877,0.12663402
23878,0.04077834
23879,0.0593372
23880,0.05229744
23881,0.16994284
23882,0.20455346
23883,0.009406719
23884,0.07681533
23885,0.0583732
23886,0.14920774
23887,0.17690285
23888,0.10625995
23889,0.16043751
23890,0.25205162
23891,0.09804488
23892,0.0032761686
23893,0.059829205
23894,0.13975728
23895,0.01918612
23896,0.16718553
23897,0.9421522
23898,0.016954828
23899,0.33801797
23900,0.0076957727
23901,0.05981458
23902,0.24589042
23903,0.009814912
23904,0.030435225
23905,0.0524595
23906,0.012771056
23907,0.03983294
23908,0.005246133
23909,0.4539555
23910,0.03892462
23911,0.09328147
23912,0.2464352
23913,0.11570753
23914,0.18976021
23915,0.34873354
23916,0.42182496
23917,0.2228673
23918,0.11609654
23919,0.13109429
23920,0.83038306
23921,0.2948039
23922,0.35430303
23923,0.0058144103
23924,0.02398513
23925,0.120801866
23926,0.052229274
23927,0.012145952
23928,0.008039957
23929,0.03391545
23930,0.007199049
23931,0.0070359423
23932,0.0523079
23933,0.06455459
23934,0.07957671
23935,0.10512847
23936,0.07355631
23937,0.075516805
23938,0.19173081
23939,0.21926732
23940,0.01026636
23941,0.09742831
23942,0.30584422
23943,0.016526476
23944,0.043107737
23945,0.97495276
23946,0.9263307
23947,0.6226499
23948,0.0037664236
23949,0.11241569
23950,0.35467768
23951,0.057416134
23952,0.0042556343
23953,0.060630616
23954,0.0070352913
23955,0.05290602
23956,0.027126174
23957,0.030520756
23958,0.007858899
23959,0.33218113
23960,0.0028670798
23961,0.019803153
23962,0.10101857
23963,0.124103494
23964,0.03650385
23965,0.059296723
23966,0.23345412
23967,0.15568814
23968,0.02685279
23969,0.07445757
23970,0.1290296
23971,0.07443244
23972,0.9824201
23973,0.7215439
23974,0.6194986
23975,0.006503753
23976,0.020376505
23977,0.019130353
23978,0.33926708
23979,0.04622268
23980,0.2069992
23981,0.017061245
23982,0.048932455
23983,0.019676927
23984,0.1347811
23985,0.18128088
23986,0.11806316
23987,0.42751998
23988,0.33887312
23989,0.49603266
23990,0.20309941
23991,0.13967106
23992,0.06691245
23993,0.05767067
23994,0.1083841
23995,0.0973596
23996,0.053424332
23997,0.115110844
23998,0.17004427
23999,0.08365702
24000,0.09527907
24001,0.02403323
24002,0.8789225
24003,0.9911261
24004,1.0
24005,0.22104919
24006,0.048484314
24007,0.097328305
24008,0.28320384
24009,0.01700111
24010,0.008925669
24011,0.012273298
24012,0.053518314
24013,0.090804525
24014,0.046921067
24015,0.20964181
24016,0.9794673
24017,0.017232895
24018,0.05783221
24019,0.095494024
24020,0.120682105
24021,0.08668427
24022,0.24262811
24023,0.1912394
24024,0.010032289
24025,0.05504493
24026,0.08937686
24027,0.076081246
24028,0.021264784
24029,0.033041887
24030,0.24611014
24031,0.26144952
24032,0.20938559
24033,0.11759222
24034,0.06110907
24035,0.009407228
24036,0.105911344
24037,0.14161608
24038,0.026450632
24039,0.050708376
24040,0.031909283
24041,0.0018269994
24042,0.020510646
24043,0.042138793
24044,0.22411421
24045,0.42969128
24046,0.15393889
24047,0.1415439
24048,0.07612884
24049,0.14405274
24050,0.16840626
24051,0.7094602
24052,0.028341236
24053,0.030865302
24054,0.059600443
24055,0.020374244
24056,0.17860147
24057,0.2528095
24058,0.2324245
24059,0.39829797
24060,0.2469573
24061,0.19919331
24062,0.9910059
24063,0.1445971
24064,0.013164134
24065,0.14639044
24066,0.1479901
24067,0.025686676
24068,0.031310122
24069,0.21369153
24070,0.05078005
24071,0.017827524
24072,0.03983974
24073,0.027692221
24074,0.12302206
24075,0.30600324
24076,0.27329624
24077,0.30724844
24078,0.22183922
24079,0.11602328
24080,0.081917435
24081,0.1825065
24082,0.0034870037
24083,0.18995598
24084,0.028329307
24085,0.04714238
24086,0.33704048
24087,0.18912673
24088,0.033488836
24089,0.42217436
24090,0.22152176
24091,0.005246045
24092,0.06823482
24093,0.082604595
24094,0.08584216
24095,0.009847446
24096,0.04231616
24097,0.026434278
24098,0.091586515
24099,0.058857463
24100,0.15845641
24101,0.30717623
24102,0.64209574
24103,0.31567928
24104,0.22023931
24105,0.3881845
24106,0.101073496
24107,0.062290333
24108,0.04456625
24109,0.1444143
24110,0.18888952
24111,0.038538367
24112,0.037686005
24113,0.09557936
24114,0.11832355
24115,0.015909117
24116,0.0016989359
24117,0.024810363
24118,0.033936992
24119,0.042648844
24120,0.018932767
24121,0.040797703
24122,0.01787051
24123,0.013551313
24124,0.028462151
24125,0.05418847
24126,0.03847189
24127,0.056223996
24128,0.15359816
24129,0.13454545
24130,0.14197654
24131,0.54551977
24132,0.48565763
24133,0.28387964
24134,0.13510045
24135,0.06527896
24136,0.091983266
24137,0.0140644
24138,0.012306811
24139,0.99731904
24140,0.04804962
24141,0.017940218
24142,0.110305764
24143,0.02204489
24144,0.03988932
24145,0.025043154
24146,0.06617551
24147,0.009573975
24148,0.023013245
24149,0.005027119
24150,0.024410456
24151,0.00044435868
24152,0.03990559
24153,0.08522316
24154,0.088151425
24155,0.5387724
24156,0.25212216
24157,0.14406072
24158,0.9759127
24159,0.3410293
24160,0.35314423
24161,0.15873276
24162,0.033733457
24163,0.00472224
24164,0.024434589
24165,0.009750671
24166,0.029985147
24167,0.03416319
24168,0.08446641
24169,0.35760054
24170,0.08503514
24171,0.30030677
24172,0.03757398
24173,0.05908736
24174,0.13275082
24175,0.10613406
24176,0.1579513
24177,0.0033966294
24178,0.047519237
24179,0.10747409
24180,0.94572884
24181,0.2604078
24182,0.5068105
24183,0.18344466
24184,0.30715686
24185,0.13500576
24186,0.11035338
24187,0.01494375
24188,0.0069515053
24189,0.023862256
24190,0.11574514
24191,0.1006644
24192,0.055557158
24193,0.1735333
24194,0.020017864
24195,0.05322305
24196,0.013264567
24197,0.19001174
24198,0.018917609
24199,0.01583161
24200,0.107905656
24201,0.17605697
24202,0.018531889
24203,0.09176979
24204,0.10783964
24205,0.02877453
24206,0.10380871
24207,0.0073425374
24208,0.0858021
24209,0.08883083
24210,0.025076093
24211,0.10257172
24212,0.09908668
24213,0.04347362
24214,0.007865032
24215,0.16444606
24216,0.008463336
24217,0.054499377
24218,0.008468656
24219,0.0134176025
24220,0.10230222
24221,0.037618723
24222,0.03734261
24223,0.043263257
24224,0.18111686
24225,0.32530645
24226,0.53921354
24227,0.112096384
24228,0.012786698
24229,0.010985982
24230,0.021520587
24231,0.035562295
24232,0.07955602
24233,0.16414534
24234,0.00036489134
24235,0.01784692
24236,0.012362809
24237,0.008958887
24238,0.017723465
24239,0.0047722026
24240,0.028558178
24241,0.006720409
24242,0.06628874
24243,0.05583629
24244,0.29048076
24245,0.02300487
24246,0.012306586
24247,0.012339972
24248,0.03870055
24249,0.094158895
24250,0.30327985
24251,0.10426479
24252,0.013554337
24253,0.010797874
24254,0.1460604
24255,0.012373458
24256,0.015530709
24257,0.0137262475
24258,0.044656355
24259,0.12925278
24260,0.038826823
24261,0.018229514
24262,0.0022219522
24263,0.22162116
24264,0.031280283
24265,0.010149305
24266,0.007925573
24267,0.14235905
24268,0.036270697
24269,0.04226941
24270,0.01472954
24271,0.028955663
24272,0.034710355
24273,0.1354343
24274,0.024100805
24275,0.049292754
24276,0.019781584
24277,0.032430544
24278,0.052794855
24279,0.21420842
24280,0.057851937
24281,0.18850021
24282,0.055987027
24283,0.028536642
24284,0.00966485
24285,0.008913314
24286,0.01996836
24287,0.21654715
24288,0.13393757
24289,0.019826576
24290,0.05363466
24291,0.04908722
24292,0.008111279
24293,0.34191498
24294,0.614818
24295,0.09510784
24296,0.059815224
24297,0.0010295898
24298,0.11586572
24299,0.06431427
24300,0.032959
24301,0.12702304
24302,0.0863288
24303,0.08197534
24304,0.92178935
24305,0.015822424
24306,0.09785772
24307,0.0146537125
24308,0.123502135
24309,0.062184297
24310,0.033464253
24311,0.02438514
24312,0.120885774
24313,0.31797248
24314,0.076382965
24315,0.14554153
24316,0.023776146
24317,0.029699655
24318,0.08913553
24319,0.017730094
24320,0.0276255
24321,0.040637612
24322,0.03812028
24323,0.019994348
24324,0.015893808
24325,0.057022743
24326,0.03131621
24327,0.085034765
24328,0.020948278
24329,0.021274567
24330,0.024704358
24331,0.094975725
24332,0.083641626
24333,0.029648243
24334,0.013337359
24335,0.9842304
24336,0.0094661405
24337,0.13266145
24338,0.060536243
24339,0.03572934
24340,0.056390382
24341,0.04307711
24342,0.0052747144
24343,0.26028654
24344,0.02395497
24345,0.01572964
24346,0.035623915
24347,0.17056134
24348,0.0053972914
24349,0.010138758
24350,0.075012304
24351,0.025151866
24352,0.009014056
24353,0.26617974
24354,0.038962167
24355,0.01706367
24356,0.0047790883
24357,0.019196268
24358,0.009454205
24359,0.054899085
24360,0.022684
24361,0.16713518
24362,0.074130446
24363,0.0063259182
24364,0.06921714
24365,0.14949104
24366,0.1061802
24367,0.09691814
24368,0.060523003
24369,0.035084512
24370,0.014730665
24371,0.035266846
24372,0.1613837
24373,0.20708145
24374,0.0077604963
24375,0.04387357
24376,0.012766407
24377,0.01183471
24378,0.013181799
24379,0.0025739537
24380,0.0069564474
24381,0.016348507
24382,0.008651702
24383,0.014738414
24384,0.022877667
24385,0.00086688274
24386,0.0071750516
24387,0.052340977
24388,0.035480917
24389,0.13285887
24390,0.0045310277
24391,0.036717806
24392,0.007865023
24393,0.22070153
24394,0.007813246
24395,0.052601244
24396,0.0028524506
24397,0.020960273
24398,0.046847064
24399,0.012699666
24400,0.0047806357
24401,0.029580176
24402,0.014163876
24403,0.008471421
24404,0.0070362375
24405,0.097437985
24406,0.059979673
24407,0.028058842
24408,0.00063565717
24409,0.03435509
24410,0.028498227
24411,0.024798693
24412,0.030830313
24413,0.012301988
24414,0.16108236
24415,0.022602802
24416,0.036821436
24417,0.007761262
24418,0.00864321
24419,0.016418679
24420,0.010908319
24421,0.0016256588
24422,0.0584108
24423,0.0012915023
24424,0.011838404
24425,0.009627879
24426,0.008643993
24427,0.3463886
24428,0.057159375
24429,0.072915584
24430,0.12303338
24431,0.0034804274
24432,0.04301768
24433,0.025652688
24434,0.14434679
24435,0.12902689
24436,0.18967757
24437,0.010688076
24438,0.028286256
24439,0.0482933
24440,0.02507519
24441,0.016821846
24442,0.020859614
24443,0.0077536236
24444,0.045739375
24445,0.0037468877
24446,0.0058138166
24447,0.087282225
24448,0.08598301
24449,0.030867431
24450,0.19871774
24451,0.013109087
24452,0.02750761
24453,0.014181909
24454,0.018970508
24455,0.030428357
24456,0.009642021
24457,0.031536553
24458,0.009474273
24459,0.010314603
24460,0.022690533
24461,0.19992019
24462,0.16805243
24463,0.018310806
24464,0.106188156
24465,0.04966035
24466,0.064229235
24467,0.06723099
24468,0.04290198
24469,0.03010376
24470,0.030189577
24471,0.008114471
24472,0.2569461
24473,0.091236874
24474,0.027866451
24475,0.08979107
24476,0.034644
24477,0.0037941472
24478,0.014105188
24479,0.12473005
24480,0.008164064
24481,0.23229541
24482,0.030101134
24483,0.17818242
24484,0.024848837
24485,0.02408796
24486,0.16235521
24487,0.026397366
24488,0.047253937
24489,0.010774959
24490,0.09954093
24491,0.010686076
24492,0.65560365
24493,0.17419313
24494,0.042516112
24495,0.1643988
24496,0.07116343
24497,0.039561253
24498,0.0037834656
24499,0.0137608955
24500,0.017911369
24501,0.14412776
24502,0.20074247
24503,0.32629085
24504,0.3587601
24505,0.042271607
24506,0.11788171
24507,0.21807095
24508,0.16686913
24509,0.008114233
24510,0.01380974
24511,0.089401536
24512,0.046231683
24513,0.10538151
24514,0.14447848
24515,0.09716835
24516,0.31607252
24517,0.109808266
24518,0.23273519
24519,0.37899092
24520,0.1553624
24521,0.008346996
24522,0.3416848
24523,0.02752012
24524,0.018018356
24525,0.5736616
24526,0.1213079
24527,0.02736547
24528,0.01473328
24529,0.115782045
24530,0.08784769
24531,0.031433087
24532,0.07612626
24533,0.030828295
24534,0.034353256
24535,0.09542149
24536,0.26057005
24537,0.03132509
24538,0.057976432
24539,0.062048998
24540,0.14004257
24541,0.10324407
24542,0.02949382
24543,0.0071113994
24544,0.03978409
24545,0.0937381
24546,0.025169598
24547,0.004820748
24548,0.1707692
24549,0.03993027
24550,0.19110765
24551,0.014176116
24552,0.032328837
24553,0.0146614965
24554,0.033955906
24555,0.022533279
24556,0.015870245
24557,0.3559479
24558,0.109286435
24559,0.10944714
24560,0.1334057
24561,0.33273497
24562,0.050971158
24563,0.032994375
24564,0.006579757
24565,0.098530434
24566,0.057518713
24567,0.18088405
24568,0.20165356
24569,0.016492931
24570,0.083849706
24571,0.042594068
24572,0.0086463615
24573,0.018743405
24574,0.27281037
24575,0.054842696
24576,0.010828143
24577,0.00033921955
24578,0.034106508
24579,0.0022127356
24580,0.024624448
24581,0.13248613
24582,0.37141758
24583,0.14668053
24584,0.07313845
24585,0.0028550895
24586,0.040809102
24587,0.07680533
24588,0.08279312
24589,0.009422135
24590,0.027270434
24591,0.0020744537
24592,0.10540777
24593,0.16741228
24594,0.08821178
24595,0.086538784
24596,0.10126416
24597,0.010911068
24598,0.05153292
24599,0.05078075
24600,0.00939732
24601,0.029727997
24602,0.11940048
24603,0.060448885
24604,0.14847325
24605,0.021464402
24606,0.015753746
24607,0.020125894
24608,0.018961238
24609,0.010311388
24610,0.0190149
24611,0.04698563
24612,0.044789955
24613,0.035838753
24614,0.03133258
24615,0.20874237
24616,0.2283219
24617,0.024707112
24618,0.045805514
24619,0.031953763
24620,0.06782274
24621,0.087613136
24622,0.07408156
24623,0.01429898
24624,0.012359083
24625,0.072610565
24626,0.23791894
24627,0.030900156
24628,0.014200965
24629,0.056336086
24630,0.0058112377
24631,0.06297768
24632,0.06325444
24633,0.17913249
24634,0.1569698
24635,0.16332482
24636,0.07443105
24637,0.04245721
24638,0.03009455
24639,0.066371016
24640,0.037411883
24641,0.10051114
24642,0.084041916
24643,0.4189324
24644,0.05540444
24645,0.016857432
24646,0.12692136
24647,0.012193648
24648,0.030254692
24649,0.015806839
24650,0.008466595
24651,0.012217099
24652,0.042388506
24653,0.04923524
24654,0.030371979
24655,0.028830787
24656,0.01582077
24657,0.022424359
24658,0.064078115
24659,0.10498166
24660,0.061088275
24661,0.06653654
24662,0.08129221
24663,0.18899144
24664,0.3048739
24665,0.07137831
24666,0.026862359
24667,0.08802861
24668,0.022230169
24669,0.05023766
24670,0.031919383
24671,0.0295415
24672,0.041659653
24673,0.13994259
24674,0.032426607
24675,0.12490766
24676,0.03367397
24677,0.032017015
24678,0.030273968
24679,0.006717169
24680,0.13073827
24681,0.010048036
24682,0.09409842
24683,0.008490934
24684,0.013125507
24685,0.01763501
24686,0.033766557
24687,0.050932918
24688,0.10524963
24689,0.080827154
24690,0.09672093
24691,0.23188049
24692,0.139288
24693,0.20083272
24694,0.002294062
24695,0.07880168
24696,0.0035258986
24697,0.085109286
24698,0.043929413
24699,0.051474288
24700,0.010637954
24701,0.01973114
24702,0.07472378
24703,0.046444792
24704,0.031338383
24705,0.05646103
24706,0.06394959
24707,0.011657384
24708,0.11412601
24709,0.032650284
24710,0.014418708
24711,0.12926523
24712,0.014369667
24713,0.03033887
24714,0.15469812
24715,0.0643333
24716,0.0996402
24717,0.32124308
24718,0.08489622
24719,0.08910104
24720,0.04418558
24721,0.08376245
24722,0.060407035
24723,0.06236116
24724,0.07033883
24725,0.004509997
24726,0.009407963
24727,0.038838983
24728,0.2832945
24729,0.052414116
24730,0.0871311
24731,0.036514845
24732,0.036835287
24733,0.0181352
24734,0.024017142
24735,0.03120614
24736,0.024010507
24737,0.35235268
24738,0.07667459
24739,0.018347513
24740,0.060942154
24741,0.6260407
24742,0.06969964
24743,0.028204288
24744,0.18018529
24745,0.0564127
24746,0.21164747
24747,0.29423636
24748,0.06718958
24749,0.07378365
24750,0.014211679
24751,0.11261874
24752,0.1289868
24753,0.018976405
24754,0.14388394
24755,0.03371321
24756,0.008468009
24757,0.08812308
24758,0.022497028
24759,0.050129063
24760,0.10014923
24761,0.014410808
24762,0.10243107
24763,0.105291836
24764,0.18309355
24765,0.099931546
24766,0.02480096
24767,0.08202228
24768,0.15518965
24769,0.1981586
24770,0.09974369
24771,0.022439372
24772,0.07292698
24773,0.039848495
24774,0.002022157
24775,0.07356823
24776,0.54243577
24777,0.012402605
24778,0.100388035
24779,0.29207307
24780,0.120891705
24781,0.0546503
24782,0.009784739
24783,0.03944079
24784,0.065080546
24785,0.19030479
24786,0.25569266
24787,0.009405855
24788,0.087992944
24789,0.066827975
24790,0.13802502
24791,0.15604816
24792,0.08561373
24793,0.1988521
24794,0.26030263
24795,0.10904062
24796,0.055044707
24797,0.10791274
24798,0.040033802
24799,0.18792646
24800,0.9526865
24801,0.09183221
24802,0.042271268
24803,0.30028656
24804,0.055315863
24805,0.041584957
24806,0.20492342
24807,0.00063498097
24808,0.05918217
24809,0.069098525
24810,0.0115770055
24811,0.07182792
24812,0.0025949662
24813,0.4512832
24814,0.0927774
24815,0.07235968
24816,0.23103397
24817,0.102444634
24818,0.19313774
24819,0.30552536
24820,0.42433265
24821,0.015216575
24822,0.15214415
24823,0.103247866
24824,0.08552682
24825,0.8870239
24826,0.29317945
24827,0.35310557
24828,0.0058143935
24829,0.020257728
24830,0.14931428
24831,0.078219846
24832,0.022915144
24833,0.019731287
24834,0.0030311004
24835,0.03672506
24836,0.0059381435
24837,0.007035054
24838,0.029478991
24839,0.07302739
24840,0.05744683
24841,0.083945684
24842,0.061201617
24843,0.104240045
24844,0.22007751
24845,0.14325881
24846,0.0071848813
24847,0.10747477
24848,0.22101422
24849,0.004268182
24850,0.045998067
24851,1.0
24852,0.97832876
24853,0.63838255
24854,0.02141272
24855,0.015814522
24856,0.10983117
24857,0.35675895
24858,0.08829178
24859,0.037774805
24860,0.0563883
24861,0.05260711
24862,0.03737131
24863,0.007858861
24864,0.34389156
24865,0.013246564
24866,0.037634272
24867,0.063590035
24868,0.07654313
24869,0.03109135
24870,0.06519477
24871,0.22891584
24872,0.19334388
24873,0.008879658
24874,0.079366446
24875,0.09507388
24876,0.070123024
24877,1.0
24878,0.7449492
24879,0.6245001
24880,0.007965125
24881,0.025163718
24882,0.00786573
24883,0.36873952
24884,0.050767332
24885,0.21248361
24886,0.02071253
24887,0.095817104
24888,0.008934092
24889,0.17355771
24890,0.11272882
24891,0.097527824
24892,0.54293823
24893,0.32583627
24894,0.4886067
24895,0.22548734
24896,0.11126108
24897,0.05689388
24898,0.039726157
24899,0.0997332
24900,0.09393349
24901,0.042353313
24902,0.023385031
24903,0.15521495
24904,0.18966192
24905,0.073982164
24906,0.1159551
24907,0.018988932
24908,0.94204766
24909,0.9906112
24910,1.0
24911,0.14914031
24912,0.041460425
24913,0.1511168
24914,0.34234506
24915,0.0019534517
24916,0.0016811978
24917,0.009727301
24918,0.009474785
24919,0.06094045
24920,0.048282526
24921,0.053349312
24922,0.23627557
24923,1.0
24924,0.04599097
24925,0.050629638
24926,0.061255846
24927,0.13720025
24928,0.057730455
24929,0.22542666
24930,0.16739921
24931,0.024072593
24932,0.074090265
24933,0.054122206
24934,0.085679896
24935,0.05785674
24936,0.026387867
24937,0.23677866
24938,0.20720737
24939,0.18952042
24940,0.10115986
24941,0.022874614
24942,0.02838194
24943,0.10494396
24944,0.19990839
24945,0.025295522
24946,0.06442185
24947,0.035594344
24948,0.014661358
24949,0.028567098
24950,0.04289135
24951,0.2080642
24952,0.42140335
24953,0.18656778
24954,0.13101904
24955,0.09415811
24956,0.17027994
24957,0.16737385
24958,0.5989935
24959,0.07488415
24960,0.038589746
24961,0.023455564
24962,0.1675957
24963,0.23811667
24964,0.26737997
24965,0.40085933
24966,0.33733264
24967,0.19289987
24968,0.99982697
24969,0.14956309
24970,0.020670319
24971,0.1371373
24972,0.18841353
24973,0.03012335
24974,0.016767709
24975,0.22222754
24976,0.064963356
24977,0.038312465
24978,0.044068716
24979,0.046229843
24980,0.10036778
24981,0.25054815
24982,0.27249998
24983,0.31947905
24984,0.20453988
24985,0.10752758
24986,0.10203763
24987,0.24071121
24988,0.03198033
24989,0.20942661
24990,0.048914682
24991,0.049703725
24992,0.28561953
24993,0.21912318
24994,0.038678046
24995,0.35721064
24996,0.2070872
24997,0.0047796676
24998,0.069947585
24999,0.111306526
25000,0.028039943
25001,0.009847531
25002,0.010895473
25003,0.007760366
25004,0.049835037
25005,0.06101192
25006,0.06633248
25007,0.070296414
25008,0.103865325
25009,0.29896742
25010,0.7373046
25011,0.2910239
25012,0.20615484
25013,0.38632238
25014,0.08522914
25015,0.069237135
25016,0.05566549
25017,0.13970007
25018,0.20407629
25019,0.03269316
25020,0.040358245
25021,0.0040001892
25022,0.13533118
25023,0.021976681
25024,0.015908275
25025,0.055070885
25026,0.05265009
25027,0.014174869
25028,0.0037955123
25029,0.0015853457
25030,0.019113058
25031,0.013304769
25032,0.031871367
25033,0.042435396
25034,0.03561078
25035,0.050900232
25036,0.24504548
25037,0.14916375
25038,0.13830121
25039,0.48556933
25040,0.4494116
25041,0.29536894
25042,0.12592646
25043,0.020178922
25044,0.015554161
25045,0.061343588
25046,0.14660467
25047,0.014063561
25048,0.008722395
25049,1.0
25050,0.082740024
25051,0.017939009
25052,0.06426211
25053,0.0818745
25054,0.1306631
25055,0.03422981
25056,0.026591484
25057,0.0045744954
25058,0.017050358
25059,0.024842199
25060,0.008466943
25061,0.042306636
25062,0.072786644
25063,0.090945184
25064,0.54796576
25065,0.26803094
25066,0.1497442
25067,0.9745147
25068,0.3088252
25069,0.34011003
25070,0.20279594
25071,0.0021371883
25072,0.01388173
25073,0.02130168
25074,0.039518915
25075,0.028288092
25076,0.06098738
25077,0.42268422
25078,0.08095623
25079,0.27487373
25080,0.03349074
25081,0.09720543
25082,0.069335826
25083,0.10501339
25084,0.23130733
25085,0.008991916
25086,0.0033872128
25087,0.04568922
25088,0.1134346
25089,0.974192
25090,0.20698981
25091,0.6448989
25092,0.24993771
25093,0.34584227
25094,0.15842654
25095,0.15960039
25096,0.03448656
25097,0.026075782
25098,0.007720667
25099,0.00961598
25100,0.018468386
25101,0.023860898
25102,0.16451706
25103,0.1048851
25104,0.10795899
25105,0.27186856
25106,0.010581618
25107,0.06447619
25108,0.0012362496
25109,0.2735288
25110,0.0044653392
25111,0.012358282
25112,0.07643088
25113,0.20314315
25114,0.040630672
25115,0.0007347286
25116,0.118015796
25117,0.13175142
25118,0.04270104
25119,0.08571696
25120,0.025234537
25121,0.09557455
25122,0.11275822
25123,0.025075568
25124,0.123301364
25125,0.06437819
25126,0.047994953
25127,0.037486218
25128,0.007864904
25129,0.1426713
25130,0.008463421
25131,0.09987932
25132,0.033371445
25133,0.023345938
25134,0.15310772
25135,0.019616326
25136,0.015177325
25137,0.006329155
25138,0.05054499
25139,0.15783468
25140,0.29018193
25141,0.6169111
25142,0.12413943
25143,0.012785833
25144,0.008038575
25145,0.0045003826
25146,0.021519987
25147,0.04816264
25148,0.0127866175
25149,0.04301908
25150,0.12322554
25151,0.004298263
25152,0.007184748
25153,0.012774745
25154,0.017464863
25155,0.010454717
25156,0.015781384
25157,0.103773646
25158,0.07446486
25159,0.35522342
25160,0.01228176
25161,0.0016593488
25162,0.020986935
25163,0.05147679
25164,0.11569437
25165,0.30181167
25166,0.1325517
25167,0.008478154
25168,0.15805721
25169,0.026015991
25170,0.031021636
25171,0.041668437
25172,0.16073824
25173,0.04989402
25174,0.01222419
25175,0.018229172
25176,0.010293418
25177,0.20478144
25178,0.031276196
25179,0.01586317
25180,0.0050880215
25181,0.124718085
25182,0.09331797
25183,0.060825124
25184,0.02121465
25185,0.020245045
25186,0.016182568
25187,0.21112986
25188,0.03526332
25189,0.014114159
25190,0.014184794
25191,0.040159337
25192,0.04079002
25193,0.20649497
25194,0.04004324
25195,0.1684568
25196,0.088566855
25197,0.036754057
25198,0.0632492
25199,0.05219425
25200,0.019071328
25201,0.24602927
25202,0.014879319
25203,0.12638976
25204,0.021489851
25205,0.037431125
25206,0.07448354
25207,0.008111262
25208,0.34386995
25209,0.5375395
25210,0.08136429
25211,0.04406891
25212,0.12505805
25213,0.055420294
25214,0.043492235
25215,0.0990133
25216,0.105918534
25217,0.073117405
25218,0.91908187
25219,0.015822403
25220,0.07314623
25221,0.0004915797
25222,0.085908405
25223,0.034401674
25224,0.01271964
25225,0.022853695
25226,0.11386085
25227,0.35884544
25228,0.070925824
25229,0.14564167
25230,0.0018925136
25231,0.10555281
25232,0.0063553574
25233,0.09037526
25234,0.028877527
25235,0.014538389
25236,0.033270307
25237,0.055808775
25238,0.024032982
25239,0.011717517
25240,0.08183599
25241,0.033101745
25242,0.12625417
25243,0.027419072
25244,0.011752055
25245,0.024473833
25246,0.001509788
25247,0.09920185
25248,0.07284182
25249,0.02076851
25250,0.028482895
25251,0.9823677
25252,0.015387985
25253,0.124349646
25254,0.062117968
25255,0.0019020215
25256,0.04233102
25257,0.03444242
25258,0.012798767
25259,0.007746746
25260,0.24743098
25261,0.040652297
25262,0.005430592
25263,0.036693778
25264,0.17137657
25265,0.0015089164
25266,0.010138716
25267,0.05756717
25268,0.030576928
25269,0.02115851
25270,0.06441778
25271,0.22761388
25272,0.02526587
25273,0.017063854
25274,0.0047782254
25275,0.008111226
25276,0.0029948386
25277,0.07963091
25278,0.0065187197
25279,0.024486551
25280,0.22552104
25281,0.04740955
25282,0.001246891
25283,0.012799753
25284,0.06253104
25285,0.16381013
25286,0.120997354
25287,0.07192432
25288,0.068155326
25289,0.04719113
25290,0.031538185
25291,0.018639743
25292,0.061020292
25293,0.19330633
25294,0.17358007
25295,0.00775951
25296,0.046131957
25297,0.030054545
25298,0.008476933
25299,0.005243009
25300,0.010295257
25301,0.007680878
25302,0.019942058
25303,0.015780637
25304,0.008651574
25305,0.014738397
25306,0.0052238223
25307,0.008920831
25308,0.0067058997
25309,0.006786808
25310,0.039596252
25311,0.097807966
25312,0.00453111
25313,0.009444653
25314,0.113286965
25315,0.26486823
25316,0.045552824
25317,0.002988113
25318,0.013590247
25319,0.023290701
25320,0.00719916
25321,0.0027207418
25322,0.012698802
25323,0.013337444
25324,0.008470532
25325,0.1487188
25326,0.04830839
25327,0.049643937
25328,0.011837836
25329,0.010706618
25330,0.0070109526
25331,0.0067204414
25332,0.011833863
25333,0.008468645
25334,0.18896401
25335,0.015741011
25336,0.056956425
25337,0.0077604745
25338,0.008642346
25339,0.057811607
25340,0.010281339
25341,0.0158089
25342,0.040550917
25343,0.008644074
25344,0.34539387
25345,0.066401504
25346,0.05567399
25347,0.11308172
25348,0.07438471
25349,0.00816168
25350,0.010121849
25351,0.002036293
25352,0.10616249
25353,0.01742602
25354,0.10545529
25355,0.20380145
25356,0.013956607
25357,0.06485277
25358,0.0007953642
25359,0.05564372
25360,0.015523123
25361,0.00028753068
25362,0.03831987
25363,0.007863398
25364,0.0015267978
25365,0.0077619134
25366,0.085338406
25367,0.04851446
25368,0.025014838
25369,0.20884167
25370,0.027611988
25371,0.023654833
25372,0.0039976663
25373,0.0077597457
25374,0.034744754
25375,0.04643392
25376,0.018703056
25377,0.01332219
25378,0.024744023
25379,0.03684229
25380,0.010313838
25381,0.00029166555
25382,0.0031718584
25383,0.20429006
25384,0.23075056
25385,0.021613698
25386,0.12966202
25387,0.019282673
25388,0.13975838
25389,0.01132527
25390,0.051711928
25391,0.0115089035
25392,0.033459444
25393,0.033853125
25394,0.06696631
25395,0.01499617
25396,0.043780092
25397,0.03737295
25398,0.02653572
25399,0.17073059
25400,0.08210691
25401,0.070774965
25402,0.042681277
25403,0.16359685
25404,0.047073677
25405,0.0918118
25406,0.04694698
25407,0.19074805
25408,0.06394384
25409,0.26670295
25410,0.10870061
25411,0.22181137
25412,0.057418656
25413,0.023874782
25414,0.024088262
25415,0.03556302
25416,0.011177189
25417,0.2053209
25418,0.55870736
25419,0.20876949
25420,0.042529956
25421,0.111698374
25422,0.047562107
25423,0.014617369
25424,0.060515158
25425,0.04228267
25426,0.034155328
25427,0.03627438
25428,0.09697886
25429,0.20540236
25430,0.50275236
25431,0.37128982
25432,0.042303268
25433,0.072138764
25434,0.19384503
25435,0.14423536
25436,0.008114037
25437,0.091852345
25438,0.07299571
25439,0.10814986
25440,0.04851936
25441,0.018225903
25442,0.23203729
25443,0.046181638
25444,0.17084622
25445,0.40599516
25446,0.13461836
25447,0.021644292
25448,0.3501786
25449,0.06727956
25450,0.5693465
25451,0.08698803
25452,0.06424588
25453,0.026967706
25454,0.017726872
25455,0.021814005
25456,0.10358041
25457,0.08601626
25458,0.03437588
25459,0.049246274
25460,0.26348275
25461,0.038906746
25462,0.06086031
25463,0.055117518
25464,0.09691941
25465,0.09665153
25466,0.036318753
25467,0.03979485
25468,0.034723524
25469,0.055791598
25470,0.15736033
25471,0.21307394
25472,0.054069035
25473,0.013760925
25474,0.01587015
25475,0.35275853
25476,0.16488428
25477,0.03285555
25478,0.24799292
25479,0.45504582
25480,0.12921941
25481,0.09480844
25482,0.018314812
25483,0.02384569
25484,0.03334477
25485,0.06277263
25486,0.14712082
25487,0.18028323
25488,0.3706891
25489,0.016493559
25490,0.1064066
25491,0.04345084
25492,0.021293951
25493,0.0008762377
25494,0.049626343
25495,0.22188774
25496,0.00037643875
25497,0.033220317
25498,0.010282266
25499,0.06461508
25500,0.014618424
25501,0.025057575
25502,0.16725767
25503,0.41707465
25504,0.14254883
25505,0.11697159
25506,0.017878462
25507,0.019122042
25508,0.053913012
25509,0.08684086
25510,0.026204493
25511,0.14935645
25512,0.102902606
25513,0.07353893
25514,0.09471812
25515,0.06887431
25516,0.046092644
25517,0.050792653
25518,0.022476733
25519,0.03373705
25520,0.003979629
25521,0.14033543
25522,0.06488712
25523,0.12011834
25524,0.011625484
25525,0.023570431
25526,0.020558314
25527,0.033043798
25528,0.005136717
25529,0.032164518
25530,0.05428501
25531,0.026015814
25532,0.017061947
25533,0.20119292
25534,0.27429193
25535,0.011868675
25536,0.03130105
25537,0.06559921
25538,0.14388305
25539,0.020619756
25540,0.08168574
25541,0.014298912
25542,0.0051979884
25543,0.22461519
25544,0.016914282
25545,0.005254586
25546,0.024858486
25547,0.005811964
25548,0.0669834
25549,0.062313456
25550,0.18114965
25551,0.17464958
25552,0.21998633
25553,0.050481226
25554,0.016707892
25555,0.01896237
25556,0.077352956
25557,0.043179873
25558,0.13490345
25559,0.07878259
25560,0.4265779
25561,0.060989052
25562,0.13772649
25563,0.0683078
25564,0.030022385
25565,0.018607661
25566,0.046309706
25567,0.016670216
25568,0.026414664
25569,0.069649115
25570,0.091754235
25571,0.06685054
25572,0.08504167
25573,0.072292924
25574,0.1667009
25575,0.34964615
25576,0.05394477
25577,0.031237705
25578,0.08803027
25579,0.014426253
25580,0.015091323
25581,0.07123129
25582,0.05998427
25583,0.13104373
25584,0.052569035
25585,0.14005794
25586,0.05395408
25587,0.040475063
25588,0.043661296
25589,0.17086622
25590,0.010117522
25591,0.020132199
25592,0.10818891
25593,0.008018088
25594,0.009846719
25595,0.02498136
25596,0.024306335
25597,0.044322606
25598,0.095803276
25599,0.09407408
25600,0.09544322
25601,0.20777443
25602,0.11844615
25603,0.2210668
25604,0.0005149239
25605,0.09935172
25606,0.055739965
25607,0.05221118
25608,0.034982476
25609,0.055638965
25610,0.030241452
25611,0.05703708
25612,0.050783474
25613,0.026741395
25614,0.07638402
25615,0.019813657
25616,0.13745606
25617,0.013283192
25618,0.033369023
25619,0.18945146
25620,0.060974333
25621,0.15143886
25622,0.3416266
25623,0.11245201
25624,0.13365118
25625,0.061048828
25626,0.038177457
25627,0.05859277
25628,0.08002022
25629,0.05937286
25630,0.057217155
25631,0.31163028
25632,0.06465047
25633,0.088097796
25634,0.08566228
25635,0.071257345
25636,0.02401732
25637,0.019046018
25638,0.028443117
25639,0.35260233
25640,0.06221967
25641,0.030050883
25642,0.07476887
25643,0.63402194
25644,0.06792221
25645,0.014766072
25646,0.16467333
25647,0.06360188
25648,0.19878836
25649,0.3066497
25650,0.07373351
25651,0.025958182
25652,0.032699525
25653,0.13091218
25654,0.1740002
25655,0.04027787
25656,0.108769976
25657,0.012881759
25658,0.047222365
25659,0.014934147
25660,0.011845584
25661,0.085506484
25662,0.12120826
25663,0.0057020998
25664,0.09528618
25665,0.1370392
25666,0.2267058
25667,0.081114
25668,0.019104585
25669,0.104930945
25670,0.14635034
25671,0.20038588
25672,0.046091303
25673,0.03209335
25674,0.016453445
25675,0.06823463
25676,0.5546883
25677,0.030320939
25678,0.114354245
25679,0.2670045
25680,0.15774383
25681,0.018171476
25682,0.013686769
25683,0.03944444
25684,0.072814696
25685,0.20396645
25686,0.19963695
25687,0.0094056595
25688,0.072070606
25689,0.055150773
25690,0.1254376
25691,0.10338085
25692,0.08559264
25693,0.19322813
25694,0.24913917
25695,0.087012075
25696,0.07290243
25697,0.05823822
25698,0.0796083
25699,0.24658409
25700,0.9793868
25701,0.046313554
25702,0.38991764
25703,0.0426022
25704,0.18263385
25705,0.048271727
25706,0.0711752
25707,0.012770945
25708,0.061307684
25709,0.006329686
25710,0.49852824
25711,0.02526235
25712,0.071260534
25713,0.2063764
25714,0.12110161
25715,0.19901213
25716,0.26516506
25717,0.3687174
25718,0.02079108
25719,0.18701114
25720,0.11228304
25721,0.121609315
25722,0.9635416
25723,0.4222547
25724,0.48618263
25725,0.0058142995
25726,0.018950263
25727,0.120860495
25728,0.022679284
25729,0.022915294
25730,0.03762231
25731,0.01116763
25732,0.0141826
25733,0.043411728
25734,0.0054304395
25735,0.0071989913
25736,0.0070349853
25737,0.063214004
25738,0.07145718
25739,0.103808075
25740,0.078965075
25741,0.11764022
25742,0.07590919
25743,0.21482304
25744,0.07405546
25745,0.045942158
25746,0.091928266
25747,0.2638975
25748,0.010811317
25749,0.07213832
25750,1.0
25751,0.9750953
25752,0.7185972
25753,0.01634494
25754,0.00047924538
25755,0.15190531
25756,0.39319012
25757,0.07957401
25758,0.0028331603
25759,0.077381775
25760,0.031575322
25761,0.0070358184
25762,0.015751187
25763,0.03461466
25764,0.04304731
25765,0.04534574
25766,0.0071931034
25767,0.35504103
25768,0.013247219
25769,0.020750174
25770,0.05152017
25771,0.076583065
25772,0.03319877
25773,0.03624597
25774,0.22208753
25775,0.2105615
25776,0.097999044
25777,0.072573595
25778,0.09416285
25779,0.9930562
25780,0.90875775
25781,0.7462723
25782,0.012238655
25783,0.019229602
25784,0.025167985
25785,0.017266033
25786,0.44845736
25787,0.047811966
25788,0.21646352
25789,0.026818953
25790,0.12358005
25791,0.13748433
25792,0.094361655
25793,0.14468378
25794,0.47905564
25795,0.34941956
25796,0.39035836
25797,0.13768612
25798,0.07924726
25799,0.040200014
25800,0.037278153
25801,0.11067083
25802,0.06911784
25803,0.02464458
25804,0.13239841
25805,0.12295255
25806,0.11012204
25807,0.11434203
25808,0.01818012
25809,0.95225924
25810,0.98038256
25811,0.99517995
25812,0.1609329
25813,0.020839494
25814,0.180009
25815,0.01688393
25816,0.37085918
25817,0.00786566
25818,0.010987572
25819,0.013189396
25820,0.02807093
25821,0.06188758
25822,0.04587028
25823,0.26095283
25824,1.0
25825,0.03598656
25826,0.07225176
25827,0.053621743
25828,0.15247935
25829,0.055690844
25830,0.23969555
25831,0.19661221
25832,0.07395632
25833,0.10163849
25834,0.118872754
25835,0.091897555
25836,0.033151627
25837,0.021515893
25838,0.2238052
25839,0.2209632
25840,0.18962619
25841,0.09821269
25842,0.02287489
25843,0.08167649
25844,0.04928823
25845,0.16160485
25846,0.02275021
25847,0.04056108
25848,0.029014476
25849,0.013363174
25850,0.033874378
25851,0.08046556
25852,0.21524377
25853,0.48528624
25854,0.21732466
25855,0.19903822
25856,0.09316091
25857,0.12666902
25858,0.09579527
25859,0.5405028
25860,0.03885926
25861,0.0064593293
25862,0.029546848
25863,0.1675286
25864,0.26016554
25865,0.21523938
25866,0.39956966
25867,0.27307865
25868,0.20835485
25869,1.0
25870,0.08038415
25871,0.021266736
25872,0.1298952
25873,0.2000856
25874,0.017473115
25875,0.07641515
25876,0.23342858
25877,0.0037629919
25878,0.057144444
25879,0.01196509
25880,0.028798584
25881,0.057062484
25882,0.07608558
25883,0.25499275
25884,0.23735121
25885,0.32053086
25886,0.23827712
25887,0.12164819
25888,0.12940973
25889,0.205319
25890,0.0122364815
25891,0.01836971
25892,0.1009483
25893,0.06684654
25894,0.028219169
25895,0.3152215
25896,0.1620421
25897,0.018102188
25898,0.37359056
25899,0.31935647
25900,0.0047795735
25901,0.07102371
25902,0.13806942
25903,0.06746137
25904,0.002853208
25905,0.010896201
25906,0.020267943
25907,0.085120484
25908,0.08223962
25909,0.04810678
25910,0.0779887
25911,0.31590253
25912,0.6191948
25913,0.24608132
25914,0.21969555
25915,0.33807895
25916,0.10953002
25917,0.018248152
25918,0.032824717
25919,0.08069772
25920,0.15451118
25921,0.19859076
25922,0.018018577
25923,0.013784176
25924,0.081893094
25925,0.09155316
25926,0.015909005
25927,0.0016980036
25928,0.06604891
25929,0.0865656
25930,0.035774563
25931,0.031776454
25932,0.017870424
25933,0.019114159
25934,0.015359384
25935,0.0333372
25936,0.07773233
25937,0.05559441
25938,0.049606323
25939,0.17000148
25940,0.11764759
25941,0.11138017
25942,0.49280676
25943,0.4468567
25944,0.22164251
25945,0.15338688
25946,0.052318037
25947,0.0011351738
25948,0.041742515
25949,0.122549735
25950,0.014063366
25951,0.029753571
25952,1.0
25953,0.056725148
25954,0.015908284
25955,0.1255958
25956,0.038491912
25957,0.14051895
25958,0.066177964
25959,0.058293413
25960,0.0054061646
25961,0.025760064
25962,0.06857428
25963,0.106064506
25964,0.501677
25965,0.2650774
25966,0.13795988
25967,1.0
25968,0.29689834
25969,0.32651892
25970,0.1612498
25971,0.018242337
25972,0.055744365
25973,0.0013977798
25974,0.046058714
25975,0.05364933
25976,0.01408862
25977,0.04929244
25978,0.48341486
25979,0.06010532
25980,0.26405597
25981,0.02346829
25982,0.091021754
25983,0.0795467
25984,0.1372129
25985,0.19960932
25986,0.049527943
25987,0.020157019
25988,0.0012369837
25989,0.03265334
25990,0.12440006
25991,0.99415797
25992,0.16869824
25993,0.6585015
25994,0.26048478
25995,0.24607651
25996,0.16721442
25997,0.17062755
25998,0.00711545
25999,0.009604444
26000,0.06276471
26001,0.12706494
26002,0.09399947
26003,0.049772467
26004,0.3508995
26005,0.028053647
26006,0.028028464
26007,0.009632883
26008,0.2720387
26009,0.0018051453
26010,0.1192355
26011,0.1942349
26012,0.026312528
26013,0.00073453557
26014,0.13531056
26015,0.14950018
26016,0.09980868
26017,0.11294251
26018,0.08240994
26019,0.062018678
26020,0.013333588
26021,0.11280213
26022,0.122708015
26023,0.024812382
26024,0.007865657
26025,0.15129998
26026,0.008463328
26027,0.00053503754
26028,0.118191496
26029,0.008468545
26030,0.025489079
26031,0.09291874
26032,0.03886297
26033,0.03379535
26034,0.006329269
26035,0.06377298
26036,0.16404812
26037,0.28289455
26038,0.61515325
26039,0.0969935
26040,0.01787131
26041,0.0131570725
26042,0.009715777
26043,0.060285818
26044,0.0012553053
26045,0.044680208
26046,0.164352
26047,0.004544002
26048,0.024018431
26049,0.012775473
26050,0.0018056775
26051,0.012152922
26052,0.015782136
26053,0.07783566
26054,0.06400835
26055,0.32488364
26056,0.00662476
26057,0.005208665
26058,0.027534457
26059,0.061382674
26060,0.13481845
26061,0.30974945
26062,0.1468573
26063,0.012371186
26064,0.004300579
26065,0.15535164
26066,0.022354014
26067,0.041668538
26068,0.03886636
26069,0.1575056
26070,0.028412817
26071,0.010972198
26072,0.018230299
26073,0.010293123
26074,0.27048713
26075,0.0312902
26076,0.018994851
26077,0.014975477
26078,0.025727445
26079,0.10540132
26080,0.08607546
26081,0.04020436
26082,0.008666562
26083,0.02492823
26084,0.0483759
26085,0.3269629
26086,0.030309984
26087,0.028077634
26088,0.02964675
26089,0.04568966
26090,0.2141462
26091,0.05711941
26092,0.18564844
26093,0.0691785
26094,0.040755555
26095,0.016614262
26096,0.03258547
26097,0.046043795
26098,0.012256671
26099,0.27040365
26100,0.091808304
26101,0.0148792295
26102,0.21739803
26103,0.022820674
26104,0.041444823
26105,0.05226259
26106,0.008111169
26107,0.35374483
26108,0.46834257
26109,0.05814069
26110,0.06959708
26111,0.00046995358
26112,0.12891223
26113,0.0238463
26114,0.010795911
26115,0.10282474
26116,0.17742077
26117,0.08128561
26118,0.95732373
26119,0.09005482
26120,0.015357346
26121,0.05484074
26122,0.07845825
26123,0.008933149
26124,0.017617345
26125,0.115400165
26126,0.3962593
26127,0.08930589
26128,0.12704165
26129,0.02002041
26130,0.0005089401
26131,0.11512848
26132,0.009415155
26133,0.091621906
26134,0.026659254
26135,0.0045146956
26136,0.009633583
26137,0.012766591
26138,0.05990984
26139,0.024033159
26140,0.064243406
26141,0.13656111
26142,0.0048109456
26143,0.049960304
26144,0.013763859
26145,0.03334596
26146,0.077016756
26147,0.13777967
26148,0.020768901
26149,0.0026173526
26150,0.9990347
26151,0.02742099
26152,0.167614
26153,0.029783519
26154,0.029815301
26155,0.022832014
26156,0.048315357
26157,0.0070289862
26158,0.034345683
26159,0.21807025
26160,0.026442045
26161,0.010295353
26162,0.008647643
26163,0.005432859
26164,0.0045682564
26165,0.01854283
26166,0.024028387
26167,0.13090661
26168,0.019901536
26169,0.010138648
26170,0.095516354
26171,0.003454719
26172,0.0068242573
26173,0.019112727
26174,0.30857968
26175,0.011329577
26176,0.008111158
26177,0.034032233
26178,0.071633205
26179,0.006518523
26180,0.020115528
26181,0.21374068
26182,0.065002635
26183,0.01277595
26184,0.010990609
26185,0.050398003
26186,0.16732459
26187,0.070844255
26188,0.066535465
26189,0.08531614
26190,0.04077455
26191,0.014943008
26192,0.01378299
26193,0.06386741
26194,0.22337262
26195,0.17122445
26196,0.0065185665
26197,0.047603782
26198,0.02550719
26199,0.0040427456
26200,0.0030128467
26201,0.010295087
26202,0.006956362
26203,0.00846766
26204,0.008652229
26205,0.014376976
26206,0.008920741
26207,0.017740496
26208,0.04260236
26209,0.040162265
26210,0.170895
26211,0.058495343
26212,0.007864937
26213,0.26330504
26214,0.02094438
26215,0.011514662
26216,0.03195274
26217,0.0059381714
26218,0.010120879
26219,0.007198989
26220,0.014077402
26221,0.017763585
26222,0.012698709
26223,0.013337354
26224,0.032809243
26225,0.008470464
26226,0.007036973
26227,0.07783907
26228,0.052470144
26229,0.05672022
26230,0.0037859834
26231,0.040121228
26232,0.014375267
26233,0.006329925
26234,0.020222144
26235,0.006329907
26236,0.15769434
26237,0.011701439
26238,0.052979916
26239,0.0016971937
26240,0.008642278
26241,0.0017313226
26242,0.010281246
26243,0.019601298
26244,0.09073616
26245,0.013276273
26246,0.003740714
26247,0.01358788
26248,0.2938496
26249,0.066407844
26250,0.0955809
26251,0.07568409
26252,0.0034803657
26253,0.07884927
26254,0.021489546
26255,0.12283724
26256,0.030006653
26257,0.13298081
26258,0.13516757
26259,0.016639605
26260,0.010891449
26261,0.025075179
26262,0.023341374
26263,0.0063298815
26264,0.0016744124
26265,0.0015171188
26266,0.017261459
26267,0.04130334
26268,0.0050268457
26269,0.1079903
26270,0.06818751
26271,0.027278315
26272,0.17025563
26273,0.0022176176
26274,0.014342938
26275,0.003998319
26276,0.0168425
26277,0.01817852
26278,0.047733877
26279,0.018703256
26280,0.045493424
26281,0.05548437
26282,0.0103144925
26283,0.003492637
26284,0.039874133
26285,0.02449255
26286,0.21612915
26287,0.21631978
26288,0.008113887
26289,0.081846006
26290,0.013171766
26291,0.030401634
26292,0.10257474
26293,0.029357791
26294,0.042906966
26295,0.033459418
26296,0.044954713
26297,0.009787547
26298,0.09402283
26299,0.005816411
26300,0.049734995
26301,0.022966893
26302,0.24930093
26303,0.040601462
26304,0.041358963
26305,0.09926543
26306,0.10542575
26307,0.019903895
26308,0.0048016054
26309,0.029720305
26310,0.12243103
26311,0.07260847
26312,0.25254104
26313,0.018108387
26314,0.18486269
26315,0.057390604
26316,0.023705598
26317,0.02517706
26318,0.0059406003
26319,0.029617159
26320,0.01474109
26321,0.1421992
26322,0.027908383
26323,0.73280686
26324,0.18482845
26325,0.036170032
26326,0.042546686
26327,0.14483218
26328,0.067218535
26329,0.01885508
26330,0.022594677
26331,0.09120502
26332,0.03272786
26333,0.05496045
26334,0.22222634
26335,0.448984
26336,0.35313472
26337,0.06288188
26338,0.11542246
26339,0.12303624
26340,0.10099941
26341,0.081823766
26342,0.06928728
26343,0.044195086
26344,0.2645971
26345,0.095549054
26346,0.22299929
26347,0.37961316
26348,0.12054434
26349,0.021644292
26350,0.41924408
26351,0.009847239
26352,0.08458468
26353,0.67021537
26354,0.06733147
26355,0.09338972
26356,0.023816152
26357,0.13239041
26358,0.039564338
26359,0.102015
26360,0.10788227
26361,0.029631302
26362,0.011776785
26363,0.030808752
26364,0.23733494
26365,0.072937965
26366,0.040049627
26367,0.14004108
26368,0.117576696
26369,0.14035907
26370,0.039793115
26371,0.0036336265
26372,0.037202228
26373,0.07606954
26374,0.07435803
26375,0.03644352
26376,0.05290587
26377,0.01921261
26378,0.003087938
26379,0.0015440625
26380,0.013761772
26381,0.3575219
26382,0.07935836
26383,0.0025766212
26384,0.21859775
26385,0.30559847
26386,0.1702916
26387,0.036910567
26388,0.036593184
26389,0.020839613
26390,0.044698413
26391,0.0062792604
26392,0.008903981
26393,0.06275512
26394,0.11121872
26395,0.2126654
26396,0.34011477
26397,0.016492946
26398,0.040842574
26399,0.021730276
26400,0.008646555
26401,0.063253105
26402,0.034712676
26403,0.17492266
26404,0.02952481
26405,0.025578836
26406,0.0646524
26407,0.025171217
26408,0.005973585
26409,0.039748475
26410,0.4195036
26411,0.097968064
26412,0.10787754
26413,0.011898556
26414,0.07916048
26415,0.090732865
26416,0.005788654
26417,0.014057472
26418,0.0893188
26419,0.12170513
26420,0.09122185
26421,0.074546464
26422,0.10959449
26423,0.010911287
26424,0.044186834
26425,0.03888922
26426,0.024052715
26427,0.008629465
26428,0.10832939
26429,0.057797898
26430,0.14518563
26431,0.010160658
26432,0.023156302
26433,0.011747783
26434,0.042526267
26435,0.006937265
26436,0.017861493
26437,0.05069881
26438,0.007026418
26439,0.021194022
26440,0.034068704
26441,0.22923231
26442,0.27246183
26443,0.026642993
26444,0.022294974
26445,0.05775348
26446,0.090723306
26447,0.10941424
26448,0.0158177
26449,0.018294007
26450,0.004254615
26451,0.028043468
26452,0.21949929
26453,0.031342033
26454,0.026370475
26455,0.0058114305
26456,0.0623114
26457,0.057528928
26458,0.18814518
26459,0.1548137
26460,0.20688634
26461,0.056841135
26462,0.027306968
26463,0.022220735
26464,0.081588075
26465,0.012522688
26466,0.0002775206
26467,0.12699707
26468,0.02534734
26469,0.4842914
26470,0.12487561
26471,0.03127748
26472,0.15030368
26473,0.09115481
26474,0.0576875
26475,0.008410569
26476,0.017804135
26477,0.012217395
26478,0.030645825
26479,0.019037325
26480,0.0062347585
26481,0.032922283
26482,0.10770422
26483,0.09171855
26484,0.09570451
26485,0.06810075
26486,0.10756992
26487,0.17725743
26488,0.3233069
26489,0.060936395
26490,0.042269997
26491,0.05510552
26492,0.027645467
26493,0.04388093
26494,0.066554345
26495,0.1194187
26496,0.06434019
26497,0.13317503
26498,0.061294354
26499,0.04929242
26500,0.010772581
26501,0.01819853
26502,0.19917281
26503,0.008463485
26504,0.0032586611
26505,0.0316654
26506,0.020127403
26507,0.009888459
26508,0.0045151045
26509,0.010948077
26510,0.030082049
26511,0.07822557
26512,0.07360599
26513,0.0807789
26514,0.07450881
26515,0.23229991
26516,0.13037363
26517,0.1884843
26518,0.014011558
26519,0.09507655
26520,0.036022108
26521,0.02720426
26522,0.080891676
26523,0.03010321
26524,0.036459606
26525,0.007199812
26526,0.026492286
26527,0.049648628
26528,0.026742034
26529,0.02732778
26530,0.013490181
26531,0.07612367
26532,0.05232128
26533,0.17088532
26534,0.0603582
26535,0.1547277
26536,0.35637397
26537,0.11386959
26538,0.13215029
26539,0.050521597
26540,0.04932696
26541,0.039376955
26542,0.05965991
26543,0.068406194
26544,0.009630208
26545,0.03984832
26546,0.35265997
26547,0.07374968
26548,0.06294913
26549,0.049332064
26550,0.06570184
26551,0.018138416
26552,0.02401814
26553,0.019045068
26554,0.014011351
26555,0.037273556
26556,0.3922449
26557,0.07201241
26558,0.022512112
26559,0.080187954
26560,0.6345619
26561,0.079246014
26562,0.022540983
26563,0.16794027
26564,0.047217403
26565,0.22426927
26566,0.30662724
26567,0.049525186
26568,0.011702392
26569,0.036920894
26570,0.0694064
26571,0.09709921
26572,0.2041683
26573,0.05055202
26574,0.09270901
26575,0.062059384
26576,0.076160036
26577,0.0118376715
26578,0.015818983
26579,0.055242985
26580,0.08056123
26581,0.005134127
26582,0.12595238
26583,0.124739
26584,0.22644901
26585,0.08672656
26586,0.024019668
26587,0.1125383
26588,0.16682251
26589,0.25450602
26590,0.018553564
26591,0.07475226
26592,0.08096964
26593,0.104854695
26594,0.6040616
26595,0.14018132
26596,0.26976332
26597,0.14936808
26598,0.0131800715
26599,0.037848555
26600,0.013686769
26601,0.05349902
26602,0.09832352
26603,0.2551961
26604,0.19867851
26605,0.009406998
26606,0.079606794
26607,0.082655124
26608,0.11962972
26609,0.124135695
26610,0.13728653
26611,0.21417843
26612,0.2778816
26613,0.1059237
26614,0.08301536
26615,0.07631517
26616,0.07414923
26617,0.2243595
26618,0.97752357
26619,0.02436108
26620,0.28905246
26621,0.05778691
26622,0.24552684
26623,0.045869585
26624,0.075751714
26625,0.0034715426
26626,0.033985715
26627,0.004779413
26628,0.45335725
26629,0.04676769
26630,0.07232552
26631,0.25443155
26632,0.114044875
26633,0.17714705
26634,0.30460843
26635,0.33954176
26636,0.0028310332
26637,0.21342999
26638,0.1188719
26639,0.07618658
26640,0.9881372
26641,0.3949738
26642,0.42400205
26643,0.0067697684
26644,0.14445488
26645,0.027389215
26646,0.025910106
26647,0.0058482387
26648,0.050152604
26649,0.005246386
26650,0.032907967
26651,0.0054307794
26652,0.0084705185
26653,0.007035272
26654,0.0505547
26655,0.054010164
26656,0.054087203
26657,0.093808234
26658,0.09309646
26659,0.08942978
26660,0.12555453
26661,0.13917509
26662,0.049616426
26663,0.051145066
26664,0.28248373
26665,0.0037474614
26666,0.03471945
26667,1.0
26668,0.98949903
26669,0.74916774
26670,0.005431489
26671,0.021412894
26672,0.015814377
26673,0.07471414
26674,0.35621393
26675,0.114573985
26676,0.06975178
26677,0.018512145
26678,0.056384545
26679,0.057519395
26680,0.039510876
26681,0.034895606
26682,0.36909884
26683,0.01583117
26684,0.022498835
26685,0.09207246
26686,0.05915978
26687,0.03587004
26688,0.047743414
26689,0.22198914
26690,0.17046314
26691,0.057946287
26692,0.10229625
26693,0.13105664
26694,0.095239416
26695,1.0
26696,0.7564914
26697,0.64259046
26698,0.020987215
26699,0.025167985
26700,0.34868932
26701,0.088683255
26702,0.19290666
26703,0.024401227
26704,0.09391352
26705,0.009644133
26706,0.15778285
26707,0.10799571
26708,0.16064751
26709,0.3263172
26710,0.3140617
26711,0.3453198
26712,0.11342528
26713,0.08524493
26714,0.062069513
26715,0.03530356
26716,0.0869064
26717,0.022320675
26718,0.031739183
26719,0.10291485
26720,0.115481704
26721,0.06665933
26722,0.060005855
26723,0.011154168
26724,0.971217
26725,1.0
26726,0.9893633
26727,0.107614994
26728,0.056870416
26729,0.0916454
26730,0.029571159
26731,0.27512336
26732,0.0016392699
26733,0.007866049
26734,0.016732719
26735,0.017423341
26736,0.018200735
26737,0.06037481
26738,0.045258846
26739,0.20479362
26740,1.0
26741,0.026160205
26742,0.11779152
26743,0.03971406
26744,0.16994673
26745,0.07559077
26746,0.194586
26747,0.19918002
26748,0.07477424
26749,0.0959835
26750,0.13462177
26751,0.10796767
26752,0.048197057
26753,0.02151674
26754,0.24233937
26755,0.22116783
26756,0.21395762
26757,0.043629777
26758,0.022875737
26759,0.02436631
26760,0.009408242
26761,0.105876565
26762,0.2041444
26763,0.020710107
26764,0.041499317
26765,0.020573871
26766,0.011769394
26767,0.011238388
26768,0.043520264
26769,0.066369124
26770,0.22340389
26771,0.42114115
26772,0.15770395
26773,0.19372013
26774,0.074996985
26775,0.17782174
26776,0.09796701
26777,0.53299195
26778,0.037552454
26779,0.052979022
26780,0.029544901
26781,0.13982229
26782,0.2179186
26783,0.20359671
26784,0.3958865
26785,0.2580475
26786,0.21637039
26787,1.0
26788,0.11585412
26789,0.010156084
26790,0.18822034
26791,0.2308067
26792,0.003610484
26793,0.23273624
26794,0.06297921
26795,0.011271549
26796,0.04295
26797,0.032004084
26798,0.06216382
26799,0.25917298
26800,0.28295967
26801,0.31171566
26802,0.2216693
26803,0.13513085
26804,0.13761187
26805,0.24009404
26806,0.012237717
26807,0.023966735
26808,0.14649342
26809,0.056440644
26810,0.040580314
26811,0.39273882
26812,0.18427137
26813,0.031346843
26814,0.49807918
26815,0.21638097
26816,0.020579405
26817,0.13547337
26818,0.0788076
26819,0.02714178
26820,0.009847938
26821,0.019207068
26822,0.033279497
26823,0.07434553
26824,0.07326113
26825,0.106421925
26826,0.26928517
26827,0.73550767
26828,0.26596737
26829,0.19177556
26830,0.3467616
26831,0.09971216
26832,0.07010594
26833,0.07954341
26834,0.15169962
26835,0.21415932
26836,0.0520154
26837,0.022850484
26838,0.06829482
26839,0.07577571
26840,0.04571232
26841,0.0016992141
26842,0.068422295
26843,0.034112286
26844,0.013880219
26845,0.0037983598
26846,0.017870424
26847,0.025938014
26848,0.024466857
26849,0.06765053
26850,0.029699512
26851,0.074967764
26852,0.2150582
26853,0.15551992
26854,0.15167613
26855,0.5414584
26856,0.54342395
26857,0.21689661
26858,0.12730412
26859,0.06528078
26860,0.10756741
26861,0.0007844963
26862,1.0
26863,0.017223995
26864,0.015908284
26865,0.055697463
26866,0.098521546
26867,0.1128271
26868,0.012937626
26869,0.08631937
26870,0.0222302
26871,0.04072974
26872,0.0283267
26873,0.062124006
26874,0.113872215
26875,0.49268416
26876,0.25731745
26877,0.118184894
26878,1.0
26879,0.22447358
26880,0.3374314
26881,0.15807202
26882,0.033240505
26883,0.034305103
26884,0.0020050856
26885,0.015590458
26886,0.007857263
26887,0.031750422
26888,0.08024804
26889,0.42641145
26890,0.062151942
26891,0.29956374
26892,0.016944174
26893,0.09722034
26894,0.14973424
26895,0.110821225
26896,0.23121695
26897,0.07555752
26898,0.0034978807
26899,0.010087669
26900,0.10601331
26901,0.97969836
26902,0.19789244
26903,0.67907953
26904,0.2340884
26905,0.22529778
26906,0.14003085
26907,0.18698344
26908,0.050257947
26909,0.016645968
26910,0.009616276
26911,0.02381587
26912,0.0063801683
26913,0.11269131
26914,0.1341485
26915,0.040904053
26916,0.25388393
26917,0.01171216
26918,0.08233173
26919,0.23321058
26920,0.015213759
26921,0.091790974
26922,0.11413567
26923,0.15507044
26924,0.034029126
26925,0.09981772
26926,0.14948116
26927,0.123233944
26928,0.12872782
26929,0.011018702
26930,0.0866344
26931,0.090012744
26932,0.017817652
26933,0.12687282
26934,0.11269773
26935,0.013036769
26936,0.017711245
26937,0.0123061305
26938,0.13966274
26939,0.008464564
26940,0.007864377
26941,0.13946627
26942,0.033381555
26943,0.027204048
26944,0.09759252
26945,0.044100016
26946,0.027273634
26947,0.040638816
26948,0.20448178
26949,0.29747996
26950,0.6128861
26951,0.14370708
26952,0.012786951
26953,0.017871283
26954,0.023239223
26955,0.02452653
26956,0.04817006
26957,0.024287172
26958,0.13142943
26959,0.0059650643
26960,0.02721451
26961,0.014092074
26962,0.035635386
26963,0.020227555
26964,0.0059318207
26965,0.009335744
26966,0.08080853
26967,0.07210173
26968,0.34964126
26969,0.012695681
26970,0.02691187
26971,0.019880118
26972,0.0668445
26973,0.120613165
26974,0.36994165
26975,0.13468881
26976,0.012370626
26977,0.19576201
26978,0.014547343
26979,0.013726983
26980,0.07831161
26981,0.14436072
26982,0.07867356
26983,0.009848671
26984,0.018230299
26985,0.010293615
26986,0.21864267
26987,0.028951202
26988,0.01910175
26989,0.10654491
26990,0.061176885
26991,0.04228026
26992,0.020912223
26993,0.0189375
26994,0.030774001
26995,0.27537578
26996,0.007732131
26997,0.01894268
26998,0.010033495
26999,0.040723935
27000,0.03716889
27001,0.30589297
27002,0.058346935
27003,0.13831635
27004,0.064695366
27005,0.00359908
27006,0.0028992142
27007,0.07283467
27008,0.052710544
27009,0.02242328
27010,0.26193455
27011,0.09178923
27012,0.014879127
27013,0.22239839
27014,0.014387402
27015,0.039874844
27016,0.07382023
27017,0.008111669
27018,0.2725661
27019,0.4982024
27020,0.101899296
27021,0.06706672
27022,0.0004694967
27023,0.10339466
27024,0.06814124
27025,0.046354137
27026,0.04294518
27027,0.1775232
27028,0.06307194
27029,0.9854922
27030,0.10349436
27031,0.0153565
27032,0.056045126
27033,0.060522676
27034,0.026456608
27035,0.023892239
27036,0.08783877
27037,0.36992633
27038,0.036985487
27039,0.14740369
27040,0.02101445
27041,0.1652194
27042,0.018640613
27043,0.043482624
27044,0.035166502
27045,0.02159871
27046,0.021824108
27047,0.039476376
27048,0.0136453565
27049,0.093349405
27050,0.15777108
27051,0.030253658
27052,0.048777487
27053,0.017928526
27054,0.076302
27055,0.074386045
27056,0.01759193
27057,0.020419221
27058,1.0
27059,0.03904513
27060,0.17776898
27061,0.04780175
27062,0.028471708
27063,0.034079984
27064,0.039961725
27065,0.015831066
27066,0.0057908236
27067,0.23790105
27068,0.027313475
27069,0.0016985399
27070,0.010062852
27071,0.00807838
27072,0.07859062
27073,0.01990151
27074,0.1100125
27075,0.048560597
27076,0.022944957
27077,0.05706495
27078,0.32387617
27079,0.017719286
27080,0.01969514
27081,0.008112369
27082,0.012222292
27083,0.06594912
27084,0.033555333
27085,0.17787385
27086,0.04733847
27087,0.012775518
27088,0.013211489
27089,0.0122394655
27090,0.06230394
27091,0.14449257
27092,0.13501503
27093,0.022857416
27094,0.07660696
27095,0.029644739
27096,0.028399287
27097,0.06589454
27098,0.25496814
27099,0.16675134
27100,0.05338168
27101,0.02792157
27102,0.011835299
27103,0.0022550996
27104,0.0003350764
27105,0.02015331
27106,0.0071978066
27107,0.015781313
27108,0.008651772
27109,0.01473915
27110,0.007858876
27111,0.020898953
27112,0.047063034
27113,0.03754922
27114,0.092600115
27115,0.009445796
27116,0.11981549
27117,0.0078653265
27118,0.30617073
27119,0.014859261
27120,0.010894944
27121,0.019181965
27122,0.013255477
27123,0.011104312
27124,0.01012209
27125,0.026574865
27126,0.012699945
27127,0.013788584
27128,0.008470964
27129,0.0016825538
27130,0.1353919
27131,0.03388956
27132,0.0353944
27133,0.010809038
27134,0.064108156
27135,0.014376002
27136,0.02295118
27137,0.0032216597
27138,0.16414772
27139,0.015740894
27140,0.045553792
27141,0.006721422
27142,0.00502815
27143,0.049131438
27144,0.009630566
27145,0.10223019
27146,0.020208884
27147,0.091798075
27148,0.009628366
27149,0.0034755159
27150,0.33512393
27151,0.04388906
27152,0.055656966
27153,0.07363525
27154,0.012222475
27155,0.0034815762
27156,0.009628294
27157,0.06994215
27158,0.011189245
27159,0.0081123365
27160,0.1291489
27161,0.023833958
27162,0.115936585
27163,0.0065221875
27164,0.20382397
27165,0.0076804166
27166,0.017804831
27167,0.046353564
27168,0.029539648
27169,0.0015473199
27170,0.0063302964
27171,0.0042624176
27172,0.01566984
27173,0.04762083
27174,0.008923702
27175,0.007762322
27176,0.13718244
27177,0.02102809
27178,0.19336937
27179,0.030263085
27180,0.023248056
27181,0.0047784774
27182,0.00399776
27183,0.0054309475
27184,0.015819017
27185,0.044176497
27186,0.022338107
27187,0.010314882
27188,0.0020317356
27189,0.015948258
27190,0.041488305
27191,0.2492208
27192,0.20686133
27193,0.008114276
27194,0.093546785
27195,0.01928377
27196,0.01971944
27197,0.05272912
27198,0.11805864
27199,0.08390363
27200,0.052446835
27201,0.069290966
27202,0.039733306
27203,0.025287418
27204,0.022686634
27205,0.010914441
27206,0.01009493
27207,0.11585864
27208,0.04295009
27209,0.029614175
27210,0.015835408
27211,0.18406825
27212,0.23504111
27213,0.008975073
27214,0.28938952
27215,0.030120391
27216,0.20338617
27217,0.11164173
27218,0.109880835
27219,0.023719657
27220,0.17132226
27221,0.0012400855
27222,0.026526215
27223,0.21465023
27224,0.025490353
27225,0.92193645
27226,0.11417101
27227,0.042534996
27228,0.14030243
27229,0.008551216
27230,0.057614777
27231,0.007796697
27232,0.035616837
27233,0.03626202
27234,0.031189822
27235,0.2156956
27236,0.49428275
27237,0.42389956
27238,0.072287224
27239,0.024523009
27240,0.21626264
27241,0.011457808
27242,0.10337109
27243,0.08735009
27244,0.09275099
27245,0.055729777
27246,0.2856382
27247,0.1288663
27248,0.13135089
27249,0.49203914
27250,0.10932697
27251,0.37109566
27252,0.071968526
27253,0.7896585
27254,0.108162805
27255,0.041342225
27256,0.027913311
27257,0.078568876
27258,0.13042387
27259,0.06101188
27260,0.1034468
27261,0.029629301
27262,0.08862939
27263,0.18792258
27264,0.022373555
27265,0.0668044
27266,0.08696796
27267,0.17258489
27268,0.1381833
27269,0.013551372
27270,0.03978188
27271,0.030782098
27272,0.10142673
27273,0.18148024
27274,0.056298867
27275,0.26062807
27276,0.05249905
27277,0.06146354
27278,0.038478665
27279,0.039734382
27280,0.013761772
27281,0.3957939
27282,0.043281388
27283,0.06674974
27284,0.22917938
27285,0.22159734
27286,0.0054349047
27287,0.14503059
27288,0.058036614
27289,0.018313916
27290,0.020838689
27291,0.058042396
27292,0.030716296
27293,0.03312677
27294,0.04554557
27295,0.18441577
27296,0.4975695
27297,0.009656888
27298,0.09362339
27299,0.052531734
27300,0.008647504
27301,0.028751196
27302,0.002063321
27303,0.030667515
27304,0.29075325
27305,0.024050584
27306,0.04360775
27307,0.06463387
27308,0.03677156
27309,0.046041515
27310,0.09838248
27311,0.448629
27312,0.06830692
27313,0.090466045
27314,0.028428061
27315,0.0014107437
27316,0.085147575
27317,0.09310858
27318,0.009423175
27319,0.031865105
27320,0.1518429
27321,0.13773517
27322,0.091223285
27323,0.06507906
27324,0.11407431
27325,0.047253106
27326,0.026056508
27327,0.02882155
27328,0.0024935126
27329,0.116216205
27330,0.08848582
27331,0.19334374
27332,0.03352796
27333,0.01859627
27334,0.01779631
27335,0.043409236
27336,0.017431036
27337,0.007744255
27338,0.035514727
27339,0.0009029896
27340,0.039921615
27341,0.3111524
27342,0.2831391
27343,0.062312964
27344,0.07523038
27345,0.03335315
27346,0.098499134
27347,0.004018318
27348,0.01668695
27349,0.03697896
27350,0.0037442865
27351,0.028042695
27352,0.19334629
27353,0.017313423
27354,0.024485467
27355,0.005811059
27356,0.061701525
27357,0.059870597
27358,0.14256473
27359,0.19463749
27360,0.084271275
27361,0.065647975
27362,0.03751546
27363,0.018628538
27364,0.060400683
27365,0.042440683
27366,0.012787085
27367,0.17899059
27368,0.057034776
27369,0.39656344
27370,0.1421124
27371,0.044323772
27372,0.014346392
27373,0.15024559
27374,0.092154846
27375,0.044795576
27376,0.018606966
27377,0.008467122
27378,0.020453967
27379,0.030249154
27380,0.019556215
27381,0.03435202
27382,0.078595206
27383,0.068176344
27384,0.07417405
27385,0.052652553
27386,0.08784278
27387,0.13437171
27388,0.2647825
27389,0.059671413
27390,0.035481587
27391,0.044349734
27392,0.005814357
27393,0.030241242
27394,0.007866659
27395,0.07688572
27396,0.069284
27397,0.08391934
27398,0.04603007
27399,0.09225809
27400,0.03670038
27401,0.06059533
27402,0.013143701
27403,0.0098771425
27404,0.018198784
27405,0.19419056
27406,0.009399912
27407,0.031402286
27408,0.06586849
27409,0.009889663
27410,0.009846736
27411,0.01157987
27412,0.027021473
27413,0.07183991
27414,0.0688603
27415,0.09704718
27416,0.067974076
27417,0.24338605
27418,0.07987575
27419,0.2096407
27420,0.0032853743
27421,0.12060501
27422,0.033277985
27423,0.036299706
27424,0.079730585
27425,0.004131449
27426,0.034447134
27427,0.041782364
27428,0.011596128
27429,0.053578965
27430,0.0512636
27431,0.015890082
27432,0.049824852
27433,0.019800965
27434,0.017827824
27435,0.11959917
27436,0.029779134
27437,0.16741987
27438,0.0400747
27439,0.13108034
27440,0.3708066
27441,0.1074358
27442,0.11874813
27443,0.052227743
27444,0.06662991
27445,0.02972002
27446,0.09171855
27447,0.042079017
27448,0.34552297
27449,0.09787631
27450,0.04808151
27451,0.04587399
27452,0.039265517
27453,0.024018422
27454,0.049791932
27455,0.0026995006
27456,0.030835783
27457,0.34534448
27458,0.05581637
27459,0.03208231
27460,0.101277575
27461,0.7201615
27462,0.06443287
27463,0.02448339
27464,0.13462783
27465,0.08939522
27466,0.16355534
27467,0.26339635
27468,0.07955451
27469,0.010787452
27470,0.026819836
27471,0.09014554
27472,0.10647414
27473,0.17825475
27474,0.09401726
27475,0.1942662
27476,0.07954704
27477,0.015052175
27478,0.11119546
27479,0.010445988
27480,0.07051706
27481,0.05715599
27482,0.00865789
27483,0.1285034
27484,0.113762274
27485,0.2009525
27486,0.10106776
27487,0.014726034
27488,0.12066965
27489,0.15182635
27490,0.19022386
27491,0.034929257
27492,0.009408576
27493,0.091956034
27494,0.06030525
27495,0.09174608
27496,0.59867346
27497,0.03169343
27498,0.040301263
27499,0.27123693
27500,0.11381906
27501,0.055596504
27502,0.08392019
27503,0.21678929
27504,0.20433763
27505,0.05452418
27506,0.06307244
27507,0.12716939
27508,0.08903681
27509,0.106194794
27510,0.1542445
27511,0.2565203
27512,0.10085212
27513,0.0037654075
27514,0.017712165
27515,0.016956903
27516,0.07060095
27517,0.056412775
27518,0.24002263
27519,0.99058247
27520,0.022831002
27521,0.26359236
27522,0.0034707293
27523,0.034859985
27524,0.26234326
27525,0.072793536
27526,0.07114112
27527,0.0020147734
27528,0.036836047
27529,0.45386833
27530,0.10949732
27531,0.06126155
27532,0.22429122
27533,0.09779329
27534,0.21178098
27535,0.31718534
27536,0.31757933
27537,0.02752446
27538,0.20619546
27539,0.13100815
27540,0.14763385
27541,0.9941857
27542,0.35119653
27543,0.356226
27544,0.008371198
27545,0.21855497
27546,0.048473094
27547,0.009355471
27548,0.015284559
27549,0.039931018
27550,0.0054306653
27551,0.0029885618
27552,0.057663262
27553,0.044103548
27554,0.0679405
27555,0.083880894
27556,0.1157573
27557,0.11509352
27558,0.13117687
27559,0.09375352
27560,0.030261027
27561,0.06989416
27562,0.27312115
27563,0.024258366
27564,0.9999309
27565,0.9776992
27566,0.73076916
27567,0.0054326938
27568,0.02141315
27569,0.038883995
27570,0.14979729
27571,0.42338035
27572,0.083523065
27573,0.06640777
27574,0.031575285
27575,0.039484818
27576,0.058704194
27577,0.02724609
27578,0.0071930187
27579,0.37219042
27580,0.004495659
27581,0.030170789
27582,0.06848915
27583,0.09072378
27584,0.05509947
27585,0.038504113
27586,0.19325961
27587,0.13553606
27588,0.05160655
27589,0.13606451
27590,0.09084072
27591,0.048882876
27592,1.0
27593,0.7704351
27594,0.7446942
27595,0.012239197
27596,0.018690895
27597,0.01859218
27598,0.007867029
27599,0.39139187
27600,0.11597093
27601,0.21936135
27602,0.03162557
27603,0.13362327
27604,0.035438314
27605,0.15785551
27606,0.07024928
27607,0.14222875
27608,0.27046928
27609,0.34049863
27610,0.29129678
27611,0.09538753
27612,0.13461867
27613,0.080652535
27614,0.039725415
27615,0.09969371
27616,0.046138063
27617,0.018533982
27618,0.009812721
27619,0.16084343
27620,0.18102965
27621,0.07930835
27622,0.11594444
27623,0.96815723
27624,0.9984625
27625,0.99543655
27626,0.1322826
27627,0.03944143
27628,0.14849125
27629,0.0008729911
27630,0.33231416
27631,0.022983989
27632,0.007865569
27633,0.0031241581
27634,0.033947386
27635,0.022821767
27636,0.03164572
27637,0.057205826
27638,0.20821154
27639,1.0
27640,0.01797792
27641,0.050786268
27642,0.042409863
27643,0.1206388
27644,0.06717953
27645,0.18780969
27646,0.17752318
27647,0.037212666
27648,0.08250473
27649,0.14161286
27650,0.07793895
27651,0.04934746
27652,0.047790177
27653,0.24558246
27654,0.29444382
27655,0.19300531
27656,0.06907384
27657,0.01811448
27658,0.06297082
27659,0.009408497
27660,0.1186173
27661,0.18789037
27662,0.031422194
27663,0.07892512
27664,0.028294481
27665,0.049049363
27666,0.17377716
27667,0.39211917
27668,0.14892854
27669,0.16380295
27670,0.09220289
27671,0.15768997
27672,0.1128467
27673,0.5443595
27674,0.054105867
27675,0.03541997
27676,0.032701824
27677,0.17069404
27678,0.14651895
27679,0.1265691
27680,0.39919722
27681,0.22072671
27682,0.18579464
27683,1.0
27684,0.079356365
27685,0.014376751
27686,0.1348354
27687,0.20473447
27688,0.014292565
27689,0.008950194
27690,0.2169069
27691,0.026551867
27692,0.015945168
27693,0.052941956
27694,0.019017087
27695,0.08496138
27696,0.23055741
27697,0.22098362
27698,0.2459487
27699,0.19991633
27700,0.123764046
27701,0.11407964
27702,0.25101894
27703,0.028805675
27704,0.17395389
27705,0.07850002
27706,0.026461804
27707,0.5427677
27708,0.23135854
27709,0.027313633
27710,0.4596519
27711,0.30922863
27712,0.0052474
27713,0.0746693
27714,0.16164862
27715,0.113922864
27716,0.028101185
27717,0.009848082
27718,0.008631971
27719,0.0077611133
27720,0.01628121
27721,0.02320618
27722,0.08753843
27723,0.045747276
27724,0.09928085
27725,0.2770857
27726,0.74090093
27727,0.2678417
27728,0.20624664
27729,0.42075145
27730,0.11409945
27731,0.06610165
27732,0.06309466
27733,0.18304703
27734,0.23205008
27735,0.05639358
27736,0.023362055
27737,0.086668946
27738,0.09595264
27739,0.019881237
27740,0.034557402
27741,0.060179163
27742,0.015218403
27743,0.014175093
27744,0.028506244
27745,0.01787068
27746,0.006300011
27747,0.028093588
27748,0.042697623
27749,0.04592536
27750,0.058234315
27751,0.18845597
27752,0.0921018
27753,0.15467766
27754,0.60036266
27755,0.48370707
27756,0.20003359
27757,0.10901249
27758,0.026851242
27759,0.03579059
27760,0.11411986
27761,0.039160293
27762,0.026259122
27763,1.0
27764,0.04215735
27765,0.01590767
27766,0.05569394
27767,0.10017477
27768,0.14414912
27769,0.0068917405
27770,0.061246425
27771,0.025256893
27772,0.05934115
27773,0.002597601
27774,0.024240362
27775,0.0685336
27776,0.07247921
27777,0.49361512
27778,0.28455922
27779,0.13680083
27780,1.0
27781,0.26814887
27782,0.3414624
27783,0.12987894
27784,0.011354332
27785,0.04599057
27786,0.00896707
27787,0.020373765
27788,0.04856061
27789,0.015821518
27790,0.03463466
27791,0.07355931
27792,0.39221323
27793,0.07454137
27794,0.2613808
27795,0.016327068
27796,0.114010744
27797,0.0824864
27798,0.13450648
27799,0.18127897
27800,0.1039038
27801,0.00047571407
27802,0.04517714
27803,0.13023902
27804,0.9949593
27805,0.21932465
27806,0.7042631
27807,0.20301467
27808,0.23790802
27809,0.12716891
27810,0.20346579
27811,0.05910755
27812,0.013328765
27813,0.0044622435
27814,0.038719326
27815,0.009521163
27816,0.06798963
27817,0.13672969
27818,0.079467505
27819,0.29303434
27820,0.016321627
27821,0.038905464
27822,0.28049576
27823,0.01774943
27824,0.10482363
27825,0.14467685
27826,0.043584812
27827,0.0007346555
27828,0.11466546
27829,0.17006509
27830,0.10266637
27831,0.1375337
27832,0.0006788481
27833,0.09676892
27834,0.049746417
27835,0.022462929
27836,0.16757132
27837,0.06933658
27838,0.0025827358
27839,0.017711474
27840,0.005431018
27841,0.13962904
27842,0.00846387
27843,0.15270667
27844,0.0054905033
27845,0.06861334
27846,0.024217144
27847,0.017965822
27848,0.0004306005
27849,0.057796843
27850,0.15771277
27851,0.31554472
27852,0.62131214
27853,0.13000451
27854,0.021520521
27855,0.033079512
27856,0.055924498
27857,0.17057282
27858,0.01092732
27859,0.027233412
27860,0.007167536
27861,0.031619385
27862,0.017464845
27863,0.0065141977
27864,0.015476062
27865,0.06761899
27866,0.054906797
27867,0.32817593
27868,0.00039308262
27869,0.0040130247
27870,0.027823817
27871,0.042363614
27872,0.104554266
27873,0.3277876
27874,0.12509182
27875,0.014359226
27876,0.022404986
27877,0.2165847
27878,0.011958972
27879,0.022427285
27880,0.09699204
27881,0.15183936
27882,0.04071373
27883,0.0028539612
27884,0.018230554
27885,0.010294692
27886,0.2094327
27887,0.026454639
27888,0.024040697
27889,0.102474384
27890,0.08184029
27891,0.028694745
27892,0.0057027596
27893,0.0022987947
27894,0.034709577
27895,0.2916527
27896,0.032819483
27897,0.041711558
27898,0.05114819
27899,0.034288455
27900,0.03893687
27901,0.19399886
27902,0.08275883
27903,0.11394942
27904,0.05109689
27905,0.019609515
27906,0.012151539
27907,0.05355452
27908,0.07770969
27909,0.010156144
27910,0.31239164
27911,0.091756195
27912,0.014880306
27913,0.22262044
27914,0.014728373
27915,0.048574843
27916,0.07552986
27917,0.008112007
27918,0.25457728
27919,0.4888521
27920,0.070842355
27921,0.05946917
27922,0.013757733
27923,0.12293509
27924,0.001565814
27925,0.07140349
27926,0.082363546
27927,0.1776405
27928,0.06709901
27929,0.98068655
27930,0.013786384
27931,0.12907672
27932,0.099900134
27933,0.055770736
27934,0.036958124
27935,0.025953095
27936,0.06044293
27937,0.27264383
27938,0.07368137
27939,0.18304633
27940,0.013579709
27941,0.008043842
27942,0.070025615
27943,0.012296906
27944,0.0072497884
27945,0.05068209
27946,0.05303917
27947,0.022521026
27948,0.040125262
27949,0.045742445
27950,0.021261435
27951,0.019117426
27952,0.09470887
27953,0.18426897
27954,0.00636582
27955,0.015887031
27956,0.013764065
27957,0.007062262
27958,0.069366716
27959,0.110711254
27960,0.041800525
27961,0.99383193
27962,0.05738244
27963,0.16501175
27964,0.06351782
27965,0.07181243
27966,0.02245102
27967,0.015223508
27968,0.027452951
27969,0.008105371
27970,0.22021702
27971,0.04359355
27972,0.0054304134
27973,0.01161192
27974,0.022256352
27975,0.19928913
27976,0.028255003
27977,0.0037335018
27978,0.10806166
27979,0.042515844
27980,0.026750037
27981,0.03484262
27982,0.3928236
27983,0.025270367
27984,0.017063867
27985,0.0047786743
27986,0.010913695
27987,0.046781234
27988,0.010346181
27989,0.18700641
27990,0.06442348
27991,0.012776595
27992,0.014149155
27993,0.006661612
27994,0.054302897
27995,0.21438217
27996,0.096794955
27997,0.09062916
27998,0.071452506
27999,0.0678563
28000,0.023462066
28001,0.044016354
28002,0.063575596
28003,0.20365998
28004,0.23702812
28005,0.019344894
28006,0.013650911
28007,0.011834718
28008,0.0058125113
28009,0.025189951
28010,0.025794411
28011,0.01473938
28012,0.013727923
28013,0.020900056
28014,0.014095154
28015,0.032388378
28016,0.092596464
28017,0.009446051
28018,0.12938806
28019,0.007865582
28020,0.33806643
28021,0.008448458
28022,0.002014068
28023,0.025696302
28024,0.015668983
28025,0.004743625
28026,0.026442228
28027,0.018022347
28028,0.0126993535
28029,0.00478106
28030,0.014164331
28031,0.008471955
28032,0.0070366696
28033,0.1151893
28034,0.03745388
28035,0.03257188
28036,0.05337533
28037,0.024027001
28038,0.01029807
28039,0.002230744
28040,0.14420786
28041,0.048299853
28042,0.02898495
28043,0.0058135027
28044,0.008642192
28045,0.026521908
28046,0.010282737
28047,0.07556354
28048,0.0003237974
28049,0.09177365
28050,0.018516138
28051,0.018058544
28052,0.3141108
28053,0.044400968
28054,0.10744165
28055,0.037316985
28056,0.0658654
28057,0.018562887
28058,0.00477973
28059,0.13110392
28060,0.019108292
28061,0.09666559
28062,0.22284435
28063,0.022247335
28064,0.044690713
28065,0.029538639
28066,0.010248505
28067,0.009841652
28068,0.00034022814
28069,0.043215048
28070,0.015231967
28071,0.0028553116
28072,0.12466792
28073,0.05577924
28074,0.009892451
28075,0.22541305
28076,0.039005715
28077,0.01711474
28078,0.027513314
28079,0.013125339
28080,0.013781664
28081,0.057020422
28082,0.0049734153
28083,0.0034927705
28084,0.03459153
28085,0.011944784
28086,0.010315137
28087,0.04728173
28088,0.3059005
28089,0.20385176
28090,0.008113583
28091,0.03991027
28092,0.08260996
28093,0.016626343
28094,0.03864184
28095,0.006065921
28096,0.023515012
28097,0.028854754
28098,0.073178135
28099,0.011509719
28100,0.09631128
28101,0.018227885
28102,0.039739218
28103,0.0372902
28104,0.0739983
28105,0.0034838736
28106,0.024858885
28107,0.026538095
28108,0.15431102
28109,0.018803215
28110,0.13341293
28111,0.15991536
28112,0.1677579
28113,0.019905424
28114,0.023875443
28115,0.03842414
28116,0.21243723
28117,0.12470564
28118,0.22564308
28119,0.1614758
28120,0.11008858
28121,0.016964724
28122,0.12241008
28123,0.015238918
28124,0.033996426
28125,0.0063300855
28126,0.14793971
28127,0.02845769
28128,0.63051736
28129,0.14891137
28130,0.014827208
28131,0.04258456
28132,0.033706322
28133,0.018071987
28134,0.012752766
28135,0.026599256
28136,0.07026916
28137,0.033543006
28138,0.002613964
28139,0.0137611255
28140,0.11709518
28141,0.11462095
28142,0.4269847
28143,0.49742654
28144,0.0036490625
28145,0.07222782
28146,0.025070958
28147,0.0850603
28148,0.18466705
28149,0.10577441
28150,0.088685244
28151,0.0901347
28152,0.08612507
28153,0.032775097
28154,0.3174212
28155,0.19385439
28156,0.16999048
28157,0.39966798
28158,0.019867133
28159,0.021644872
28160,0.42504078
28161,0.02520375
28162,0.08262958
28163,0.7186445
28164,0.144844
28165,0.05710799
28166,0.04137752
28167,0.07259558
28168,0.07879457
28169,0.07361638
28170,0.1010402
28171,0.035650402
28172,0.025497189
28173,0.12712495
28174,0.16609313
28175,0.016160429
28176,0.0492545
28177,0.05606438
28178,0.14013891
28179,0.16762275
28180,0.025604518
28181,0.04414624
28182,0.0016627229
28183,0.00239922
28184,0.024157122
28185,0.059628528
28186,0.1578249
28187,0.0081987865
28188,0.22095661
28189,0.021565555
28190,0.0009920094
28191,0.032342162
28192,0.010803022
28193,0.024051415
28194,0.015421368
28195,0.43396336
28196,0.13109858
28197,0.088507794
28198,0.21969947
28199,0.39037046
28200,0.121435106
28201,0.07584434
28202,0.015786564
28203,0.069326155
28204,0.010749265
28205,0.026477115
28206,0.06261529
28207,0.09945379
28208,0.254184
28209,0.35438737
28210,0.11110294
28211,0.05641627
28212,0.008646858
28213,0.053641796
28214,0.02081958
28215,0.010456293
28216,0.33836308
28217,0.003749932
28218,0.07209169
28219,0.010282877
28220,0.048253607
28221,0.11301015
28222,0.024629213
28223,0.18141766
28224,0.35177124
28225,0.055619344
28226,0.17895275
28227,0.03934752
28228,0.016465288
28229,0.09965301
28230,0.08592093
28231,0.025802908
28232,0.1773343
28233,0.21805258
28234,0.1643093
28235,0.07370005
28236,0.08249109
28237,0.011089455
28238,0.023523452
28239,0.010028307
28240,0.13197543
28241,0.05829426
28242,0.15136667
28243,0.020857237
28244,0.044129316
28245,0.026696583
28246,0.023234664
28247,0.014429924
28248,0.028267875
28249,0.04059113
28250,0.0364474
28251,0.009376873
28252,0.36113167
28253,0.29465723
28254,0.09194982
28255,0.06029381
28256,0.03113227
28257,0.08759509
28258,0.060338948
28259,0.00042173098
28260,0.028657997
28261,0.014300943
28262,0.014957586
28263,0.020169709
28264,0.2233675
28265,0.008477863
28266,0.012142107
28267,0.01766822
28268,0.005811486
28269,0.065806866
28270,0.067413695
28271,0.16990374
28272,0.18769711
28273,0.19896573
28274,0.04324313
28275,0.03094831
28276,0.010371935
28277,0.06908329
28278,0.028334133
28279,0.19386783
28280,0.09081479
28281,0.52806765
28282,0.07933178
28283,0.029017467
28284,0.01235835
28285,0.10272064
28286,0.12505575
28287,0.038750753
28288,0.018607022
28289,0.008467372
28290,0.01221785
28291,0.04229964
28292,0.015783569
28293,0.0028096912
28294,0.09510772
28295,0.046442654
28296,0.07462023
28297,0.054740287
28298,0.112528205
28299,0.12729259
28300,0.35350338
28301,0.03949944
28302,0.019906716
28303,0.08393895
28304,0.027649177
28305,0.11121713
28306,0.066575974
28307,0.1309678
28308,0.02219182
28309,0.068759926
28310,0.032295816
28311,0.055611905
28312,0.022633197
28313,0.01473526
28314,0.018199245
28315,0.15513761
28316,0.0002914644
28317,0.0078250915
28318,0.106478095
28319,0.036708467
28320,0.024542293
28321,0.040126257
28322,0.071869805
28323,0.065087765
28324,0.09566967
28325,0.06370751
28326,0.20371991
28327,0.12702444
28328,0.20947951
28329,0.011825079
28330,0.09634579
28331,0.039091703
28332,0.015178675
28333,0.09278436
28334,0.030107787
28335,0.019897826
28336,0.0967328
28337,0.103087954
28338,0.057760753
28339,0.06859422
28340,0.01658215
28341,0.042910866
28342,0.00649296
28343,0.11143975
28344,0.014369426
28345,0.025460891
28346,0.14695133
28347,0.049260702
28348,0.15857218
28349,0.35034496
28350,0.11552881
28351,0.13670191
28352,0.04937654
28353,0.09970808
28354,0.07203013
28355,0.058800224
28356,0.07197313
28357,0.021576779
28358,0.022379706
28359,0.3271423
28360,0.09309902
28361,0.048602805
28362,0.036556162
28363,0.044809584
28364,0.018170394
28365,0.010222461
28366,0.025663488
28367,0.023297505
28368,0.025997723
28369,0.36903852
28370,0.033123966
28371,0.04457716
28372,0.087781325
28373,0.5652466
28374,0.052692365
28375,0.018946057
28376,0.18337563
28377,0.09277457
28378,0.13725485
28379,0.2837175
28380,0.07403002
28381,0.08243692
28382,0.017286945
28383,0.12164009
28384,0.1349745
28385,0.18960382
28386,0.063420035
28387,0.13702269
28388,0.09072533
28389,0.07723197
28390,0.011838304
28391,0.012235897
28392,0.003510696
28393,0.03468666
28394,0.083520345
28395,0.014712862
28396,0.07951644
28397,0.11075088
28398,0.27276206
28399,0.10829426
28400,0.00864291
28401,0.0852163
28402,0.16371095
28403,0.14877485
28404,0.015048349
28405,0.066276565
28406,0.044297382
28407,0.0576771
28408,0.5484025
28409,0.018185578
28410,0.07050059
28411,0.27718908
28412,0.19378403
28413,0.008913873
28414,0.049627267
28415,0.034530245
28416,0.22406039
28417,0.2142827
28418,0.009405979
28419,0.0778181
28420,0.059100244
28421,0.11282153
28422,0.10954818
28423,0.10373
28424,0.11236293
28425,0.29895502
28426,0.11030173
28427,0.014010864
28428,0.04836079
28429,0.10648161
28430,0.07653466
28431,0.30617628
28432,0.9533286
28433,0.025007905
28434,0.30539018
28435,0.01399567
28436,0.078700684
28437,0.2236226
28438,0.012771237
28439,0.06661661
28440,0.06090615
28441,0.014656509
28442,0.030518064
28443,0.0042854166
28444,0.4227048
28445,0.03480045
28446,0.06349032
28447,0.22376117
28448,0.049867764
28449,0.18915127
28450,0.2976879
28451,0.32740763
28452,0.2204282
28453,0.13513096
28454,0.10643183
28455,0.97092867
28456,0.36881873
28457,0.4192234
28458,0.0058151702
28459,0.01153167
28460,0.22588107
28461,0.085779354
28462,0.017971199
28463,0.038618613
28464,0.017467473
28465,0.042477146
28466,0.0054306793
28467,0.007199383
28468,0.008924943
28469,0.032678295
28470,0.06599282
28471,0.07604738
28472,0.08072239
28473,0.09175512
28474,0.11547613
28475,0.22263095
28476,0.13431668
28477,0.049016986
28478,0.105764374
28479,0.2825866
28480,0.006681957
28481,0.022634806
28482,1.0
28483,0.9730703
28484,0.83960056
28485,0.0054320474
28486,0.011930818
28487,0.047948502
28488,0.15245044
28489,0.45011076
28490,0.12313817
28491,0.0158677
28492,0.065049134
28493,0.031577636
28494,0.00703584
28495,0.006721249
28496,0.04018745
28497,0.049580917
28498,0.034229726
28499,0.007859133
28500,0.34193155
28501,0.00078830664
28502,0.026961572
28503,0.06407592
28504,0.07859437
28505,0.036510248
28506,0.05414807
28507,0.20846531
28508,0.06556714
28509,0.01311281
28510,0.07732074
28511,0.091561325
28512,0.09938878
28513,1.0
28514,0.78280413
28515,0.720595
28516,0.0122395
28517,0.02531697
28518,0.018132253
28519,0.44560406
28520,0.11286245
28521,0.28294703
28522,0.03219687
28523,0.10409485
28524,0.024814049
28525,0.16726874
28526,0.102562465
28527,0.12927145
28528,0.22218114
28529,0.35334814
28530,0.3375277
28531,0.09808653
28532,0.12892877
28533,0.10794337
28534,0.054765455
28535,0.11732582
28536,0.07569686
28537,0.04964084
28538,0.10452518
28539,0.20379296
28540,0.08470441
28541,0.085570045
28542,0.017350767
28543,0.97649014
28544,1.0
28545,0.9818729
28546,0.12858836
28547,0.04488985
28548,0.0778091
28549,0.0116040185
28550,0.3726578
28551,0.02298542
28552,0.0020207523
28553,0.02397329
28554,0.03164636
28555,0.023860635
28556,0.027429553
28557,0.05335813
28558,0.26190832
28559,1.0
28560,0.04140724
28561,0.048195742
28562,0.08662421
28563,0.16102418
28564,0.042112384
28565,0.2243673
28566,0.15848891
28567,0.015926471
28568,0.13243942
28569,0.091817364
28570,0.08669358
28571,0.033156443
28572,0.23043044
28573,0.2980064
28574,0.13309616
28575,0.06649495
28576,0.0034440807
28577,0.052321333
28578,0.009407876
28579,0.07573751
28580,0.18194838
28581,0.054380123
28582,0.06832254
28583,0.043135636
28584,0.055512626
28585,0.18701215
28586,0.42567223
28587,0.1843664
28588,0.16796717
28589,0.080283836
28590,0.16704279
28591,0.16383456
28592,0.54262084
28593,0.042931404
28594,0.051393233
28595,0.04464369
28596,0.03381066
28597,0.18557009
28598,0.10109887
28599,0.22343285
28600,0.459304
28601,0.24618414
28602,0.15216617
28603,1.0
28604,0.103957854
28605,0.0012445932
28606,0.13083242
28607,0.19957133
28608,0.012311255
28609,0.04224545
28610,0.24711232
28611,0.027325388
28612,0.01593685
28613,0.05529711
28614,0.027479626
28615,0.0848162
28616,0.2144845
28617,0.24558206
28618,0.2188391
28619,0.21609595
28620,0.13991565
28621,0.09183734
28622,0.20209114
28623,0.037411924
28624,0.1813757
28625,0.077741936
28626,0.018096473
28627,0.63077545
28628,0.23125695
28629,0.09468645
28630,0.45611274
28631,0.31659988
28632,0.004780321
28633,0.05397681
28634,0.11609199
28635,0.072616726
28636,0.027139913
28637,0.009848185
28638,0.023988754
28639,0.006836367
28640,0.041504093
28641,0.044820447
28642,0.042221516
28643,0.09670051
28644,0.29938132
28645,0.60822654
28646,0.30627206
28647,0.20154747
28648,0.34959343
28649,0.09966062
28650,0.072498254
28651,0.08365745
28652,0.14647937
28653,0.25440872
28654,0.06656292
28655,0.020081442
28656,0.084738344
28657,0.1445399
28658,0.015908763
28659,0.1009435
28660,0.021485562
28661,0.014175207
28662,0.044839628
28663,0.017871259
28664,0.0034968185
28665,0.014700889
28666,0.03944425
28667,0.042952806
28668,0.06727732
28669,0.1946433
28670,0.073165156
28671,0.14118339
28672,0.6122593
28673,0.44993553
28674,0.15380867
28675,0.12885591
28676,0.086424984
28677,0.1159246
28678,0.051287115
28679,0.008651863
28680,0.054411627
28681,1.0
28682,0.038354423
28683,0.01019002
28684,0.05192802
28685,0.06309679
28686,0.1543366
28687,0.03424582
28688,0.07764552
28689,0.005015964
28690,0.026372503
28691,0.019767042
28692,0.07526526
28693,0.041345946
28694,0.54262954
28695,0.28667265
28696,0.15161915
28697,1.0
28698,0.283724
28699,0.37162426
28700,0.12785162
28701,0.047785867
28702,0.031874254
28703,0.0645353
28704,0.026814364
28705,0.014928894
28706,0.067918085
28707,0.35467574
28708,0.054722156
28709,0.24329707
28710,0.0116090635
28711,0.072388045
28712,0.11243774
28713,0.12113257
28714,0.22081685
28715,0.04180317
28716,0.0091460915
28717,0.023326555
28718,0.11038052
28719,1.0
28720,0.23939851
28721,0.62428975
28722,0.26265168
28723,0.22078675
28724,0.16402577
28725,0.17910977
28726,0.019717667
28727,0.009616634
28728,0.025298908
28729,0.005625961
28730,0.11781827
28731,0.08920443
28732,0.08175599
28733,0.30566508
28734,0.02244036
28735,0.047478963
28736,0.3168557
28737,0.012917374
28738,0.012358332
28739,0.007864318
28740,0.07746386
28741,0.17581949
28742,0.02720078
28743,0.00073487713
28744,0.107518405
28745,0.14776811
28746,0.09317061
28747,0.09682786
28748,0.11794576
28749,0.10781403
28750,0.020959644
28751,0.15522592
28752,0.093194984
28753,0.031779885
28754,0.01771245
28755,0.0006919178
28756,0.077604376
28757,0.1671834
28758,0.007452669
28759,0.067690745
28760,0.03473412
28761,0.038936615
28762,0.025832364
28763,0.19449182
28764,0.26509577
28765,0.5555161
28766,0.13378319
28767,0.012965963
28768,0.021521952
28769,0.028805872
28770,0.0007168011
28771,0.08939729
28772,0.1500204
28773,0.010926699
28774,0.006236808
28775,0.0131861605
28776,0.033422466
28777,0.014286861
28778,0.008918896
28779,0.0256849
28780,0.07487008
28781,0.09171806
28782,0.3404322
28783,0.012694713
28784,0.049160108
28785,0.033659402
28786,0.112529844
28787,0.35386917
28788,0.11076273
28789,0.012371209
28790,0.1956258
28791,0.012374315
28792,0.040001307
28793,0.013726716
28794,0.101219095
28795,0.14560689
28796,0.091717884
28797,0.010972218
28798,0.018231133
28799,0.00082042674
28800,0.28154534
28801,0.034802098
28802,0.0017388115
28803,0.02741554
28804,0.110965356
28805,0.07202229
28806,0.023095036
28807,0.014728457
28808,0.005177229
28809,0.054119453
28810,0.3543557
28811,0.029889414
28812,0.018617742
28813,0.029408103
28814,0.021269526
28815,0.062019855
28816,0.23225345
28817,0.081923015
28818,0.21825093
28819,0.099284634
28820,0.04731526
28821,0.012151765
28822,0.04489579
28823,0.046450652
28824,0.051705085
28825,0.2143468
28826,0.09173848
28827,0.014881261
28828,0.19148631
28829,0.0018693488
28830,0.03441088
28831,0.07285135
28832,0.0067206463
28833,0.30758092
28834,0.53763604
28835,0.076484494
28836,0.0690551
28837,0.016468499
28838,0.09828472
28839,0.064352326
28840,0.0626653
28841,0.11280136
28842,0.123024836
28843,0.0656666
28844,0.9926679
28845,0.1331228
28846,0.004295683
28847,0.03932836
28848,0.026227882
28849,0.010904643
28850,0.023273194
28851,0.05956682
28852,0.35986024
28853,0.067125626
28854,0.20867485
28855,0.022740837
28856,0.010756009
28857,0.08737905
28858,0.0016745408
28859,0.0048401067
28860,0.08471921
28861,0.021307612
28862,0.045545775
28863,0.09178177
28864,0.044957116
28865,0.055882372
28866,0.006607486
28867,0.011962791
28868,0.075679176
28869,0.005919973
28870,0.13612653
28871,0.0050140815
28872,0.03287586
28873,0.0012408197
28874,0.06235156
28875,0.0990016
28876,0.00961342
28877,0.012757894
28878,0.9921427
28879,0.06530256
28880,0.10706998
28881,0.034676157
28882,0.028828776
28883,0.030017266
28884,0.025048468
28885,0.012798916
28886,0.010146596
28887,0.1985238
28888,0.03836613
28889,0.015729796
28890,0.058708865
28891,0.09472898
28892,0.01641377
28893,0.010139395
28894,0.13250013
28895,0.026768737
28896,0.009727008
28897,0.0711654
28898,0.29078162
28899,0.017719945
28900,0.0014483568
28901,0.008112003
28902,0.019197838
28903,0.048084218
28904,0.006661355
28905,0.16750991
28906,0.08878891
28907,0.004237046
28908,0.012387655
28909,0.07838091
28910,0.12335986
28911,0.082508184
28912,0.055475414
28913,0.05059411
28914,0.067859024
28915,0.039522946
28916,0.06967021
28917,0.21424647
28918,0.21835293
28919,0.006519639
28920,0.012772744
28921,0.028693292
28922,0.01183494
28923,0.010295431
28924,0.054025013
28925,0.0121610835
28926,0.010778853
28927,0.028487494
28928,0.0261599
28929,0.04779465
28930,0.15003917
28931,0.004531887
28932,0.13313948
28933,0.29392794
28934,0.009627275
28935,0.017035553
28936,0.01012122
28937,0.025955528
28938,0.007199309
28939,0.023357747
28940,0.038732097
28941,0.013337933
28942,0.013351166
28943,0.008471333
28944,0.14002584
28945,0.007865655
28946,0.02984524
28947,0.019711256
28948,0.013660001
28949,0.03977054
28950,0.0153256375
28951,0.005430676
28952,0.021039875
28953,0.00069047377
28954,0.09967828
28955,0.036754314
28956,0.037653107
28957,0.015116857
28958,0.015809286
28959,0.074472986
28960,0.013275882
28961,0.09177628
28962,0.0086447485
28963,0.37192485
28964,0.063863
28965,0.104505144
28966,0.06820515
28967,0.00032480498
28968,0.0034813131
28969,0.032981955
28970,0.015653217
28971,0.010121998
28972,0.094282836
28973,0.17783298
28974,0.1468251
28975,0.009347001
28976,0.03763165
28977,0.047023382
28978,0.04087754
28979,0.023343137
28980,0.023862176
28981,0.01566846
28982,0.023382364
28983,0.016854929
28984,0.09959578
28985,0.09335536
28986,0.039652526
28987,0.23790808
28988,0.030032195
28989,0.0019196835
28990,0.003997713
28991,0.024342053
28992,0.05560543
28993,0.018624911
28994,0.010314491
28995,0.015949592
28996,0.03531357
28997,0.306248
28998,0.20007147
28999,0.05235376
29000,0.09590183
29001,0.018067934
29002,0.023402426
29003,0.034394667
29004,0.042917617
29005,0.062475506
29006,0.030504005
29007,0.0334833
29008,0.03517818
29009,0.009128347
29010,0.019637521
29011,0.08044371
29012,0.013855818
29013,0.0076199514
29014,0.012079373
29015,0.19297886
29016,0.0046828114
29017,0.076923154
29018,0.2054656
29019,0.23284142
29020,0.017450428
29021,0.18527415
29022,0.1671835
29023,0.26433197
29024,0.09328656
29025,0.13016503
29026,0.0573754
29027,0.19928291
29028,0.013730434
29029,0.0059411074
29030,0.008132357
29031,0.019117994
29032,0.06186647
29033,0.027907023
29034,0.5624912
29035,0.13281336
29036,0.04245254
29037,0.05751471
29038,0.21507986
29039,0.03243057
29040,0.0127529465
29041,0.055557363
29042,0.020736529
29043,0.051814437
29044,0.17211689
29045,0.36288247
29046,0.35763967
29047,0.042285528
29048,0.025072588
29049,0.15525107
29050,0.24601826
29051,0.016502244
29052,0.07023816
29053,0.056521982
29054,0.09530277
29055,0.03264434
29056,0.3249723
29057,0.15228505
29058,0.21927214
29059,0.3584407
29060,0.16675346
29061,0.021646699
29062,0.39812645
29063,0.081805274
29064,0.67456245
29065,0.1011218
29066,0.103676245
29067,0.023296488
29068,0.069840804
29069,0.041796226
29070,0.06206458
29071,0.17493175
29072,0.007906923
29073,0.083043605
29074,0.07093475
29075,0.16165587
29076,0.024593912
29077,0.045977164
29078,0.043044765
29079,0.109683625
29080,0.11934399
29081,0.016752433
29082,0.029119939
29083,0.025928065
29084,0.2244949
29085,0.06439596
29086,0.3510341
29087,0.052482065
29088,0.05407407
29089,0.0045289043
29090,0.008470174
29091,0.013760382
29092,0.33407092
29093,0.19906132
29094,0.049533393
29095,0.33045784
29096,0.33384258
29097,0.09681432
29098,0.042714484
29099,0.012350255
29100,0.01831592
29101,0.0059400806
29102,0.070299864
29103,0.0247011
29104,0.10141428
29105,0.06262051
29106,0.08007477
29107,0.2090162
29108,0.3374818
29109,0.09459214
29110,0.05932262
29111,0.026645856
29112,0.01663353
29113,0.2894021
29114,0.0006647382
29115,0.050828792
29116,0.0156196775
29117,0.041289713
29118,0.17794886
29119,0.37111232
29120,0.007038902
29121,0.05483268
29122,0.13517728
29123,0.014377967
29124,0.025705948
29125,0.046352763
29126,0.07009973
29127,0.0026047663
29128,0.09128114
29129,0.18182978
29130,0.08365449
29131,0.058387797
29132,0.075439446
29133,0.033384718
29134,0.047072716
29135,0.018996187
29136,0.15326458
29137,0.043147627
29138,0.10444662
29139,0.010819672
29140,0.027449265
29141,0.028877476
29142,0.03551824
29143,0.010145353
29144,0.040301096
29145,0.044663608
29146,0.030188702
29147,0.031407785
29148,0.5750525
29149,0.23116852
29150,0.027785351
29151,0.06849101
29152,0.006563595
29153,0.0887347
29154,0.07482076
29155,0.014728177
29156,0.0607169
29157,0.014301124
29158,0.0032141753
29159,0.20895085
29160,0.019966623
29161,0.014873108
29162,0.045778677
29163,0.0058121085
29164,0.08866602
29165,0.086848654
29166,0.18929563
29167,0.18315904
29168,0.21537818
29169,0.06420417
29170,0.021705747
29171,0.015877962
29172,0.05762895
29173,0.027378518
29174,0.20629646
29175,0.067572124
29176,0.44459242
29177,0.10651262
29178,0.012147867
29179,0.09573511
29180,0.09708869
29181,0.08985919
29182,0.018607883
29183,0.008468721
29184,0.02512486
29185,0.036351483
29186,0.011836909
29187,0.01309672
29188,0.024003757
29189,0.09883839
29190,0.041664135
29191,0.09715492
29192,0.05977066
29193,0.09154009
29194,0.1856066
29195,0.3060476
29196,0.04214777
29197,0.020643825
29198,0.084963046
29199,0.055556506
29200,0.022496518
29201,0.08889529
29202,0.1025599
29203,0.15253483
29204,0.023708409
29205,0.073287696
29206,0.0026010473
29207,0.055618845
29208,0.02538711
29209,0.018201293
29210,0.11530205
29211,0.0101189725
29212,0.0007559537
29213,0.14220062
29214,0.04955998
29215,0.009848633
29216,0.0011464594
29217,0.04221047
29218,0.06433771
29219,0.09809381
29220,0.07172809
29221,0.07351173
29222,0.19881295
29223,0.16667567
29224,0.20321417
29225,0.011826751
29226,0.08518411
29227,0.06679972
29228,0.024427997
29229,0.09649556
29230,0.030112635
29231,0.038860604
29232,0.080371924
29233,0.09437052
29234,0.08681095
29235,0.0064199297
29236,0.041374978
29237,0.0035699166
29238,0.07177396
29239,0.11457406
29240,0.037372503
29241,0.15247668
29242,0.045524027
29243,0.09212477
29244,0.43099666
29245,0.14193137
29246,0.11088619
29247,0.04563347
29248,0.07874832
29249,0.07868502
29250,0.09930483
29251,0.020730106
29252,0.0015230025
29253,0.0071778228
29254,0.3512838
29255,0.07641695
29256,0.037893176
29257,0.033544023
29258,0.069062725
29259,0.018160826
29260,0.04171823
29261,0.014609974
29262,0.04072605
29263,0.34618372
29264,0.07289608
29265,0.050285295
29266,0.0777185
29267,0.63225126
29268,0.068506524
29269,0.029013714
29270,0.16431148
29271,0.06360055
29272,0.13510312
29273,0.3369044
29274,0.077504754
29275,0.0431207
29276,0.07015315
29277,0.14410631
29278,0.16707027
29279,0.1550304
29280,0.0715877
29281,0.11947782
29282,0.061125744
29283,0.061502375
29284,0.011838732
29285,0.0111864135
29286,0.008695106
29287,0.057875086
29288,0.078491285
29289,0.014411529
29290,0.10241461
29291,0.11749597
29292,0.22113428
29293,0.06613682
29294,0.0033889152
29295,0.10487231
29296,0.17024721
29297,0.19173382
29298,0.042705663
29299,0.038584426
29300,0.0051524416
29301,0.09953294
29302,0.5465572
29303,0.039140873
29304,0.09186673
29305,0.28389484
29306,0.16301173
29307,0.023285432
29308,0.04697255
29309,0.030919554
29310,0.2223095
29311,0.19316716
29312,0.00940694
29313,0.07493367
29314,0.07117906
29315,0.095772825
29316,0.10327922
29317,0.11244968
29318,0.13315664
29319,0.27166003
29320,0.076111235
29321,0.0123043815
29322,0.0888107
29323,0.10509186
29324,0.04005641
29325,0.3072277
29326,0.9539003
29327,0.026368804
29328,0.31330153
29329,0.012699879
29330,0.07446036
29331,0.24585873
29332,0.012771959
29333,0.038710907
29334,0.07841489
29335,0.0058816904
29336,0.06330802
29337,0.004286039
29338,0.45418105
29339,0.034584384
29340,0.05220871
29341,0.26074055
29342,0.0920674
29343,0.22426033
29344,0.2895536
29345,0.26843587
29346,0.1790384
29347,0.109082215
29348,0.12698321
29349,0.94781727
29350,0.35312188
29351,0.39550093
29352,0.03673961
29353,0.1796095
29354,0.05892981
29355,0.022918954
29356,0.043230463
29357,0.016568668
29358,0.0356414
29359,0.0054314043
29360,0.00703595
29361,0.056954853
29362,0.06501423
29363,0.076037526
29364,0.053568825
29365,0.100917116
29366,0.12662023
29367,0.24615784
29368,0.16798677
29369,0.04213606
29370,0.14173208
29371,0.28277647
29372,0.019624405
29373,0.046448644
29374,1.0
29375,0.9780891
29376,0.74080336
29377,0.0054333704
29378,0.013225899
29379,0.00048120294
29380,0.060714036
29381,0.39300162
29382,0.08594585
29383,0.0037299583
29384,0.06501004
29385,0.050948534
29386,0.06388201
29387,0.022249175
29388,0.007860805
29389,0.35644102
29390,0.013248524
29391,0.017640436
29392,0.070152886
29393,0.072521806
29394,0.037471917
29395,0.052319296
29396,0.22368313
29397,0.055858944
29398,0.05050999
29399,0.06828505
29400,0.13516214
29401,0.12874366
29402,1.0
29403,0.7722249
29404,0.7663948
29405,0.012240849
29406,0.036067158
29407,0.014446231
29408,0.018848307
29409,0.39070538
29410,0.064093396
29411,0.22085397
29412,0.022246094
29413,0.10158391
29414,0.0033557427
29415,0.19881083
29416,0.09191741
29417,0.10268039
29418,0.2085694
29419,0.33690467
29420,0.371331
29421,0.14960417
29422,0.09970634
29423,0.0805642
29424,0.05050827
29425,0.11243754
29426,0.06430124
29427,0.046901163
29428,0.006719452
29429,0.11623202
29430,0.2137482
29431,0.08047042
29432,0.09262757
29433,0.010086314
29434,0.96955687
29435,1.0
29436,1.0
29437,0.13901581
29438,0.020163203
29439,0.08862053
29440,0.4228168
29441,0.022989465
29442,0.0078660585
29443,0.018968139
29444,0.05422439
29445,0.08375736
29446,0.036347266
29447,0.26276556
29448,1.0
29449,0.037625447
29450,0.050833352
29451,0.06721145
29452,0.120607734
29453,0.06889748
29454,0.16141081
29455,0.1534896
29456,0.028793192
29457,0.13956013
29458,0.12256209
29459,0.14449185
29460,0.019162683
29461,0.29249445
29462,0.29081264
29463,0.11595658
29464,0.06715535
29465,0.0066131256
29466,0.062939145
29467,0.009408465
29468,0.060871754
29469,0.20898089
29470,0.057960078
29471,0.054246727
29472,0.002610576
29473,0.01412151
29474,0.027585745
29475,0.055094592
29476,0.17840317
29477,0.45756552
29478,0.18756637
29479,0.18141206
29480,0.08939411
29481,0.13260038
29482,0.097866185
29483,0.49202776
29484,0.03232561
29485,0.05249193
29486,0.040185176
29487,0.12136354
29488,0.15814935
29489,0.20415492
29490,0.4580456
29491,0.27347425
29492,0.14966881
29493,1.0
29494,0.11400985
29495,0.00035121033
29496,0.15489264
29497,0.19970442
29498,0.0072072996
29499,0.002092498
29500,0.34174952
29501,0.048631065
29502,0.01651663
29503,0.04586727
29504,0.024503065
29505,0.109837115
29506,0.26042706
29507,0.27321586
29508,0.3016377
29509,0.19078468
29510,0.1252581
29511,0.14968003
29512,0.25608745
29513,0.050002042
29514,0.14408705
29515,0.06548619
29516,0.040604327
29517,0.39531353
29518,0.19896343
29519,0.105512805
29520,0.4916833
29521,0.3003761
29522,0.065915294
29523,0.198734
29524,0.10507954
29525,0.007145646
29526,0.009848736
29527,0.00776124
29528,0.005455533
29529,0.03279656
29530,0.047937617
29531,0.07016455
29532,0.07794073
29533,0.31740385
29534,0.64126873
29535,0.27878717
29536,0.19782074
29537,0.31688744
29538,0.10941972
29539,0.04614075
29540,0.03672052
29541,0.18322994
29542,0.23090999
29543,0.054782696
29544,0.03949413
29545,0.057737194
29546,0.1274021
29547,0.030010344
29548,0.037426982
29549,0.12292004
29550,0.050462767
29551,0.04357597
29552,0.036289725
29553,0.04349461
29554,0.045440976
29555,0.049484674
29556,0.19668531
29557,0.12733331
29558,0.16943093
29559,0.48628995
29560,0.4522535
29561,0.1855446
29562,0.17075805
29563,0.023753252
29564,0.050574288
29565,0.12048738
29566,0.012303227
29567,0.008653187
29568,0.019812297
29569,1.0
29570,0.021336842
29571,0.051883623
29572,0.060389888
29573,0.109809846
29574,0.11672084
29575,0.035316702
29576,0.066921264
29577,0.016460666
29578,0.052208833
29579,0.0076964432
29580,0.013319556
29581,0.050321985
29582,0.067473054
29583,0.60869807
29584,0.26370442
29585,0.17937997
29586,1.0
29587,0.26697254
29588,0.37100205
29589,0.22935458
29590,0.037347905
29591,0.07024525
29592,0.027254054
29593,0.07555481
29594,0.044727754
29595,0.043342385
29596,0.06962274
29597,0.35017386
29598,0.12712972
29599,0.3056538
29600,0.021233302
29601,0.09720448
29602,0.13999139
29603,0.095204175
29604,0.18955529
29605,0.02000454
29606,0.025323533
29607,0.021608757
29608,0.11880552
29609,1.0
29610,0.25960827
29611,0.6292129
29612,0.25564086
29613,0.2708174
29614,0.14143883
29615,0.13977708
29616,0.12217087
29617,0.019661564
29618,0.019719275
29619,0.009617235
29620,0.015644496
29621,0.1676504
29622,0.12643547
29623,0.1761383
29624,0.27905196
29625,0.010112468
29626,0.03616072
29627,0.009634444
29628,0.32569996
29629,0.061549474
29630,0.05729819
29631,0.18146256
29632,0.022455914
29633,0.00073655177
29634,0.12823674
29635,0.16182207
29636,0.055062473
29637,0.12939872
29638,0.08500296
29639,0.08197313
29640,0.0395204
29641,0.13485701
29642,0.13028687
29643,0.008651065
29644,0.1111489
29645,0.008464573
29646,0.076501854
29647,0.027472569
29648,0.006529248
29649,0.11968793
29650,0.02865772
29651,0.0151800485
29652,0.026987504
29653,0.15811983
29654,0.24712768
29655,0.6402731
29656,0.10025021
29657,0.011194233
29658,0.021523776
29659,0.0050856625
29660,0.07175905
29661,0.1352544
29662,0.010928024
29663,0.022783246
29664,0.0302811
29665,0.012733547
29666,0.017467123
29667,0.0037422907
29668,0.021337416
29669,0.0684456
29670,0.1047178
29671,0.31658363
29672,0.031617135
29673,0.035460725
29674,0.0535327
29675,0.08942493
29676,0.32880825
29677,0.1290368
29678,0.0042381035
29679,0.15307108
29680,0.012374372
29681,0.064940855
29682,0.013727942
29683,0.05278633
29684,0.20056535
29685,0.08395468
29686,0.01097265
29687,0.032097537
29688,0.01215499
29689,0.24614309
29690,0.0065427
29691,0.014554857
29692,0.12680791
29693,0.050823316
29694,0.03573518
29695,0.034752455
29696,0.016905567
29697,0.052308887
29698,0.3511109
29699,0.03282397
29700,0.013329504
29701,0.036665525
29702,0.049838774
29703,0.012362337
29704,0.03514776
29705,0.16765821
29706,0.02362412
29707,0.18521474
29708,0.043812692
29709,0.02672671
29710,0.0004686061
29711,0.08299003
29712,0.056835603
29713,0.051709097
29714,0.2683493
29715,0.09186823
29716,0.11452137
29717,0.0029893916
29718,0.04274299
29719,0.10915917
29720,0.004269135
29721,0.22225754
29722,0.38034987
29723,0.07758792
29724,0.04443985
29725,0.009415534
29726,0.06849183
29727,0.052679498
29728,0.07039674
29729,0.14021955
29730,0.13069907
29731,0.109639674
29732,0.9909444
29733,0.060855053
29734,0.015358931
29735,0.0693887
29736,0.04617692
29737,0.002748399
29738,0.05288733
29739,0.39685172
29740,0.08352211
29741,0.18615842
29742,0.026365284
29743,0.017478254
29744,0.093275376
29745,0.013337648
29746,0.064750716
29747,0.025845444
29748,0.03215865
29749,0.053027432
29750,0.07876665
29751,0.021298464
29752,0.08590814
29753,0.121141955
29754,0.014810378
29755,0.033866063
29756,0.028734071
29757,0.08765344
29758,0.1108212
29759,0.032226093
29760,0.07032472
29761,0.9993757
29762,0.03287993
29763,0.068872005
29764,0.04482639
29765,0.03540293
29766,0.030023614
29767,0.027398385
29768,0.012240069
29769,0.018639013
29770,0.20729087
29771,0.044596706
29772,0.005430895
29773,0.0034969635
29774,0.0016978593
29775,0.0070366296
29776,0.01572903
29777,0.0762393
29778,0.08353159
29779,0.054679334
29780,0.010140842
29781,0.089006625
29782,0.024139674
29783,0.004640223
29784,0.083829746
29785,0.3670924
29786,0.0037674415
29787,0.011116269
29788,0.004779479
29789,0.032895193
29790,0.006520539
29791,0.013499882
29792,0.17049983
29793,0.057156958
29794,0.012776179
29795,0.012800636
29796,0.07193546
29797,0.21436216
29798,0.0944505
29799,0.019710192
29800,0.045501787
29801,0.022849707
29802,0.08059434
29803,0.009658258
29804,0.068676665
29805,0.23854138
29806,0.2066498
29807,0.0065208627
29808,0.010881784
29809,0.018488927
29810,0.011836615
29811,0.005015849
29812,0.007760517
29813,0.03660177
29814,0.0070096
29815,0.010995652
29816,0.03193529
29817,0.034966275
29818,0.09471481
29819,0.07944935
29820,0.004532162
29821,0.1709026
29822,0.007866285
29823,0.28368548
29824,0.008449264
29825,0.007924708
29826,0.0063104606
29827,0.009407488
29828,0.014782028
29829,0.018869245
29830,0.025908012
29831,0.016590182
29832,0.004781439
29833,0.008471811
29834,0.007037425
29835,0.08724462
29836,0.003999481
29837,0.04215487
29838,0.025236549
29839,0.023356536
29840,0.016796092
29841,0.039167523
29842,0.015836172
29843,0.006330026
29844,0.115887515
29845,0.03979291
29846,0.020190602
29847,0.0040001646
29848,0.0086427005
29849,0.03726484
29850,0.029927632
29851,0.10463039
29852,0.013276385
29853,0.09188338
29854,0.45199043
29855,0.04031752
29856,0.07021198
29857,0.05130121
29858,0.083398476
29859,0.03442726
29860,0.012716525
29861,0.13304816
29862,0.15040198
29863,0.13125932
29864,0.0037749833
29865,0.016267814
29866,0.03996269
29867,0.010086225
29868,0.0018873416
29869,0.045303226
29870,0.0070339846
29871,0.083993986
29872,0.1250088
29873,0.31984964
29874,0.0031582701
29875,0.028839523
29876,0.003998438
29877,0.0042878697
29878,0.057046663
29879,0.039601266
29880,0.029641196
29881,0.01578208
29882,0.02836363
29883,0.0058217254
29884,0.012221435
29885,0.025922596
29886,0.23267911
29887,0.20708974
29888,0.014660489
29889,0.06454254
29890,0.0005988034
29891,0.002231222
29892,0.034403045
29893,0.016601324
29894,0.004584089
29895,0.0019348101
29896,0.030508136
29897,0.033503626
29898,0.020247614
29899,0.03974571
29900,0.09811848
29901,0.0009113907
29902,0.18913342
29903,0.007830201
29904,0.025736114
29905,0.26404312
29906,0.23404929
29907,0.048172057
29908,0.2161261
29909,0.022518717
29910,0.222004
29911,0.049038306
29912,0.18964778
29913,0.057424877
29914,0.024855424
29915,0.199195
29916,0.012359898
29917,0.02807019
29918,0.03442589
29919,0.18848638
29920,0.027911436
29921,0.7213528
29922,0.15177885
29923,0.029887099
29924,0.2325002
29925,0.015769674
29926,0.03627717
29927,0.06689159
29928,0.1159044
29929,0.18776238
29930,0.5540146
29931,0.5523571
29932,0.04230606
29933,0.03825913
29934,0.117212825
29935,0.24248183
29936,0.00703886
29937,0.013923704
29938,0.043816578
29939,0.057178523
29940,0.111311644
29941,0.08618525
29942,0.032783672
29943,0.36890054
29944,0.18133432
29945,0.1727624
29946,0.4489305
29947,0.16368347
29948,0.49136817
29949,0.079650246
29950,0.5295379
29951,0.15747148
29952,0.10516042
29953,0.020211216
29954,0.060597714
29955,0.021110477
29956,0.1613959
29957,0.19001317
29958,0.029645925
29959,0.020357607
29960,0.0488903
29961,0.1918247
29962,0.03486822
29963,0.062038347
29964,0.074055314
29965,0.15310715
29966,0.032049816
29967,0.0068216
29968,0.024163965
29969,0.2316249
29970,0.042987544
29971,0.13486652
29972,0.052508637
29973,0.042308025
29974,0.0007346437
29975,0.3567875
29976,0.08183793
29977,0.008467626
29978,0.057055503
29979,0.39263886
29980,0.35428095
29981,0.15588127
29982,0.055700336
29983,0.012351068
29984,0.0032622488
29985,0.051154546
29986,0.0107493345
29987,0.09180038
29988,0.04540733
29989,0.05701996
29990,0.05401144
29991,0.28387156
29992,0.2839822
29993,0.016493114
29994,0.094251305
29995,0.03232967
29996,0.018556219
29997,0.3526036
29998,0.04433114
29999,0.080494955
30000,0.0102838995
30001,0.10273292
30002,0.013506982
30003,0.009422423
30004,0.11423558
30005,0.42614543
30006,0.216365
30007,0.017879596
30008,0.0025190155
30009,0.0053558517
30010,0.07132624
30011,0.020782825
30012,0.023967436
30013,0.15189499
30014,0.1644808
30015,0.09915273
30016,0.06647389
30017,0.11561435
30018,0.0042877956
30019,0.010911787
30020,0.040677305
30021,0.04457606
30022,0.050934166
30023,0.046142664
30024,0.12389913
30025,0.06814775
30026,0.07504122
30027,0.022483718
30028,0.015756747
30029,0.04053763
30030,0.02519147
30031,0.0069372915
30032,0.0070206285
30033,0.05580483
30034,0.014744884
30035,0.028542427
30036,0.62169755
30037,0.31040317
30038,0.0057963305
30039,0.05866375
30040,0.08106876
30041,0.11710388
30042,0.03207933
30043,0.054147538
30044,0.014301987
30045,0.012359933
30046,0.030580964
30047,0.22150426
30048,0.015241874
30049,0.02120714
30050,0.038652044
30051,0.12201497
30052,0.053551707
30053,0.15397564
30054,0.14887214
30055,0.22139113
30056,0.0928623
30057,0.007307237
30058,0.003539456
30059,0.05911784
30060,0.06333964
30061,0.18949914
30062,0.10498128
30063,0.396519
30064,0.055489704
30065,0.020961097
30066,0.07611121
30067,0.116021045
30068,0.035961576
30069,0.018609433
30070,0.013719686
30071,0.035181902
30072,0.022405846
30073,0.026392661
30074,0.026418725
30075,0.08893185
30076,0.0556151
30077,0.11428864
30078,0.06654759
30079,0.0787614
30080,0.24532272
30081,0.29078624
30082,0.049692422
30083,0.0053744866
30084,0.060829535
30085,0.009650065
30086,0.041408632
30087,0.016911881
30088,0.129166
30089,0.05284116
30090,0.11402361
30091,0.071464956
30092,0.056281622
30093,0.0025075572
30094,0.030502731
30095,0.021016797
30096,0.014737397
30097,0.15512773
30098,0.01230112
30099,0.11763344
30100,0.028661417
30101,0.022309255
30102,0.016960027
30103,0.04069355
30104,0.055744514
30105,0.109559946
30106,0.08429175
30107,0.09816896
30108,0.2586372
30109,0.12884602
30110,0.17387767
30111,0.0054569338
30112,0.050851382
30113,0.03887626
30114,0.040050324
30115,0.054121
30116,0.012761518
30117,0.059415832
30118,0.03365105
30119,0.05828687
30120,0.0849698
30121,0.043537408
30122,0.049837008
30123,0.019805033
30124,0.089071065
30125,0.013721679
30126,0.06379243
30127,0.1747157
30128,0.04722413
30129,0.13495393
30130,0.44669273
30131,0.09280824
30132,0.079223156
30133,0.047279
30134,0.06007448
30135,0.06351611
30136,0.088855974
30137,0.05060544
30138,0.009402801
30139,0.041525144
30140,0.2315647
30141,0.078253366
30142,0.05494269
30143,0.017932408
30144,0.048380192
30145,0.018162536
30146,0.019947054
30147,0.007825581
30148,0.041482553
30149,0.36902264
30150,0.07473487
30151,0.056192487
30152,0.057998776
30153,0.6049316
30154,0.052231517
30155,0.028206274
30156,0.1513723
30157,0.043522645
30158,0.22069776
30159,0.3476724
30160,0.08270155
30161,0.048386365
30162,0.104633965
30163,0.08231776
30164,0.15495206
30165,0.032588385
30166,0.15508236
30167,0.09176621
30168,0.01655264
30169,0.0011389415
30170,0.0118395705
30171,0.010144018
30172,0.03255989
30173,0.07668152
30174,0.108163945
30175,0.00033610358
30176,0.0732392
30177,0.12664871
30178,0.22306404
30179,0.07800622
30180,0.0147418175
30181,0.12659082
30182,0.20951737
30183,0.2493321
30184,0.072104394
30185,0.050062753
30186,0.020756643
30187,0.08058378
30188,0.5354203
30189,0.042741615
30190,0.06824335
30191,0.36950958
30192,0.20378952
30193,0.003072378
30194,0.009402847
30195,0.0005568463
30196,0.039453663
30197,0.054076847
30198,0.2740075
30199,0.26846144
30200,0.009408514
30201,0.06838205
30202,0.09448515
30203,0.1248845
30204,0.14402035
30205,0.115529746
30206,0.18948174
30207,0.2838619
30208,0.08689645
30209,0.009641696
30210,0.12413305
30211,0.08177668
30212,0.04653327
30213,0.26425782
30214,0.9568113
30215,0.01160038
30216,0.32564843
30217,0.012700557
30218,0.07017269
30219,0.27100536
30220,0.0032377134
30221,0.05777319
30222,0.07300562
30223,0.005213152
30224,0.07121158
30225,0.004285573
30226,0.4587601
30227,0.036927823
30228,0.05937889
30229,0.2620397
30230,0.11560491
30231,0.23786879
30232,0.28326777
30233,0.3541717
30234,0.13970886
30235,0.083484836
30236,0.085550815
30237,0.9775501
30238,0.2907729
30239,0.3920162
30240,0.018953985
30241,0.15542702
30242,0.10209258
30243,0.008920862
30244,0.049307838
30245,0.005430938
30246,0.007200845
30247,0.0070377127
30248,0.03956182
30249,0.08954448
30250,0.08062151
30251,0.05745926
30252,0.09174584
30253,0.14610411
30254,0.1797173
30255,0.12713252
30256,0.0034867737
30257,0.10144032
30258,0.26458248
30259,0.02130057
30260,0.99252456
30261,0.94534785
30262,0.7198921
30263,0.0054319557
30264,0.021420212
30265,0.011806833
30266,0.15240353
30267,0.42375246
30268,0.100690395
30269,0.01372573
30270,0.05566975
30271,0.010298856
30272,0.0426377
30273,0.05745532
30274,0.038762312
30275,0.024291892
30276,0.32066944
30277,0.013250311
30278,0.049247697
30279,0.07993966
30280,0.083317265
30281,0.051545054
30282,0.050466515
30283,0.231527
30284,0.0672322
30285,0.014502622
30286,0.109183304
30287,0.11406584
30288,0.12064331
30289,0.99215263
30290,0.67297393
30291,0.7471283
30292,0.067875616
30293,0.02443195
30294,0.00786857
30295,0.3524991
30296,0.04904531
30297,0.2534871
30298,0.05273325
30299,0.15266727
30300,0.0014411904
30301,0.15530539
30302,0.080461375
30303,0.1179057
30304,0.2032243
30305,0.34304336
30306,0.4195267
30307,0.11147129
30308,0.082844265
30309,0.044323504
30310,0.03865643
30311,0.057148334
30312,0.060555376
30313,0.030458946
30314,0.19411759
30315,0.20243967
30316,0.072295666
30317,0.13077758
30318,0.02098552
30319,0.9594815
30320,1.0
30321,0.99392474
30322,0.093755595
30323,0.07194121
30324,0.16686383
30325,0.011605236
30326,0.37372977
30327,0.012277919
30328,0.0009959805
30329,0.01701509
30330,0.02843622
30331,0.08493844
30332,0.05976796
30333,0.2545148
30334,1.0
30335,0.034915224
30336,0.080173075
30337,0.053527825
30338,0.13225055
30339,0.06508464
30340,0.17610256
30341,0.1776855
30342,0.026726184
30343,0.07698267
30344,0.11252789
30345,0.14448096
30346,0.050473254
30347,0.04039696
30348,0.2545049
30349,0.31429985
30350,0.15229481
30351,0.081906214
30352,0.022879433
30353,0.122722
30354,0.009409192
30355,0.07205867
30356,0.21819673
30357,0.04858299
30358,0.07267501
30359,0.031107353
30360,0.016131602
30361,0.04339221
30362,0.1500848
30363,0.44600046
30364,0.16058636
30365,0.15545265
30366,0.13493688
30367,0.12444915
30368,0.11942778
30369,0.5505847
30370,0.049692806
30371,0.020133808
30372,0.015702758
30373,0.044453952
30374,0.13475096
30375,0.10263882
30376,0.21057892
30377,0.49667802
30378,0.32018352
30379,0.14697129
30380,0.9973727
30381,0.10245106
30382,0.011198739
30383,0.08665551
30384,0.26295266
30385,0.0058169165
30386,0.028590295
30387,0.44556174
30388,0.044329796
30389,0.027224785
30390,0.048392843
30391,0.0162865
30392,0.10562305
30393,0.22903246
30394,0.22054367
30395,0.25587597
30396,0.21673991
30397,0.12727238
30398,0.13492198
30399,0.24830824
30400,0.007844868
30401,0.12466542
30402,0.020395042
30403,0.03462535
30404,0.45687503
30405,0.19584012
30406,0.077846125
30407,0.5357801
30408,0.2637127
30409,0.004779617
30410,0.10266024
30411,0.16764995
30412,0.034083758
30413,0.036355186
30414,0.008095571
30415,0.007763028
30416,0.023464097
30417,0.026631417
30418,0.061108235
30419,0.06169247
30420,0.10373371
30421,0.29310587
30422,0.7364231
30423,0.26924792
30424,0.18750237
30425,0.35849068
30426,0.12891512
30427,0.124789305
30428,0.08996359
30429,0.15441753
30430,0.29989046
30431,0.077338
30432,0.020274047
30433,0.09174555
30434,0.108197846
30435,0.019158995
30436,0.051382974
30437,0.104576245
30438,0.026866272
30439,0.032361414
30440,0.017873798
30441,0.019117558
30442,0.021586243
30443,0.051172268
30444,0.024867464
30445,0.039612737
30446,0.1842411
30447,0.12432369
30448,0.17720227
30449,0.45847744
30450,0.39190805
30451,0.2767813
30452,0.16298471
30453,0.032144684
30454,0.010568414
30455,0.05091108
30456,0.10605957
30457,0.0019875225
30458,0.029767519
30459,1.0
30460,0.0045477534
30461,0.008513686
30462,0.1160306
30463,0.052385934
30464,0.11800842
30465,0.058560874
30466,0.038744073
30467,0.003601435
30468,0.03294322
30469,0.025762057
30470,0.05558392
30471,0.063298345
30472,0.49721074
30473,0.2632536
30474,0.16973391
30475,1.0
30476,0.27531052
30477,0.35537627
30478,0.2167685
30479,0.0337632
30480,0.044563808
30481,0.027262416
30482,0.07557688
30483,0.047234587
30484,0.026553497
30485,0.033607423
30486,0.369584
30487,0.18118101
30488,0.32458618
30489,0.038377784
30490,0.062216494
30491,0.21775337
30492,0.12477056
30493,0.18477629
30494,0.016546156
30495,0.0012197784
30496,0.009678229
30497,0.11713329
30498,0.9958829
30499,0.23180714
30500,0.7474956
30501,0.27110168
30502,0.29537103
30503,0.18973319
30504,0.19797745
30505,0.16355407
30506,0.0044615683
30507,0.012287252
30508,0.009618073
30509,0.025308497
30510,0.014150927
30511,0.14186834
30512,0.14627865
30513,0.29781383
30514,0.30516624
30515,0.042734064
30516,0.07951898
30517,0.25370964
30518,0.041659027
30519,0.048503887
30520,0.22478046
30521,0.037562236
30522,0.10197968
30523,0.1827788
30524,0.072822526
30525,0.14483967
30526,0.13257247
30527,0.0680128
30528,0.03571914
30529,0.13297546
30530,0.114161454
30531,0.02498484
30532,0.01806006
30533,0.07569712
30534,0.07435226
30535,0.029808799
30536,0.005502379
30537,0.0764267
30538,0.022957917
30539,0.027283061
30540,0.023911968
30541,0.15238856
30542,0.29118076
30543,0.6189458
30544,0.11703649
30545,0.02564338
30546,0.0064880433
30547,0.028224777
30548,0.06229255
30549,0.17066337
30550,0.0114774695
30551,0.012776735
30552,0.077396825
30553,0.017468065
30554,0.008920135
30555,0.012163251
30556,0.08280166
30557,0.066385515
30558,0.36962444
30559,0.023426201
30560,0.0047319983
30561,0.042657673
30562,0.07484929
30563,0.07984285
30564,0.39287564
30565,0.10033329
30566,0.00025288787
30567,0.13705856
30568,0.06412114
30569,0.019853942
30570,0.06605753
30571,0.113910794
30572,0.03580067
30573,0.05168822
30574,0.010295412
30575,0.24732181
30576,0.005470417
30577,0.007847901
30578,0.013197372
30579,0.01360703
30580,0.11788869
30581,0.07145015
30582,0.031980757
30583,0.018974697
30584,0.020675581
30585,0.05411816
30586,0.2947649
30587,0.041491535
30588,0.032513253
30589,0.073820375
30590,0.019171188
30591,0.07137385
30592,0.15876691
30593,0.038687102
30594,0.20454352
30595,0.017444193
30596,0.013580368
30597,0.012153927
30598,0.07286542
30599,0.059245452
30600,0.03176393
30601,0.28757277
30602,0.09188006
30603,0.21415642
30604,0.02061831
30605,0.056195594
30606,0.08397414
30607,0.005430211
30608,0.23905098
30609,0.41135722
30610,0.08671274
30611,0.06625649
30612,0.104604535
30613,0.10154846
30614,0.0959316
30615,0.17769672
30616,0.087454915
30617,0.048346605
30618,0.98788416
30619,0.015824957
30620,0.066731595
30621,0.0035260448
30622,0.05899285
30623,0.0747029
30624,0.017473929
30625,0.016029362
30626,0.081064396
30627,0.458991
30628,0.0857205
30629,0.18074483
30630,0.030239398
30631,0.10181742
30632,0.0010554899
30633,0.03795164
30634,0.0392419
30635,0.05686108
30636,0.035094175
30637,0.04447976
30638,0.02501623
30639,0.014393552
30640,0.075669535
30641,0.011187193
30642,0.14654444
30643,0.015898434
30644,0.06720705
30645,0.044563465
30646,0.11793863
30647,0.006768976
30648,0.0077897706
30649,0.027377307
30650,1.0
30651,0.06105771
30652,0.12128848
30653,0.022414925
30654,0.028140895
30655,0.059435148
30656,0.018927794
30657,0.013212093
30658,0.0084638
30659,0.183757
30660,0.025647052
30661,0.005429506
30662,0.0034954993
30663,0.012307371
30664,0.007867313
30665,0.01572987
30666,0.030959692
30667,0.12154837
30668,0.09509769
30669,0.03019708
30670,0.028589193
30671,0.27774748
30672,0.009224168
30673,0.026571052
30674,0.008113553
30675,0.014637115
30676,0.012223808
30677,0.07278899
30678,0.0052449475
30679,0.029084794
30680,0.19299003
30681,0.07143589
30682,0.016443526
30683,0.026048679
30684,0.0063245436
30685,0.0866689
30686,0.20049673
30687,0.0994645
30688,0.039106354
30689,0.05353321
30690,0.01640794
30691,0.07777332
30692,0.014732376
30693,0.0497522
30694,0.19090495
30695,0.20797968
30696,0.010906824
30697,0.026318293
30698,0.011836718
30699,0.020158002
30700,0.007197784
30701,0.0065391096
30702,0.015466994
30703,0.008921783
30704,0.0510737
30705,0.054070268
30706,0.06378845
30707,0.08517635
30708,0.15198213
30709,0.007867098
30710,0.23878676
30711,0.0084509235
30712,0.025154952
30713,0.00962981
30714,0.0067853755
30715,0.010754461
30716,0.015234071
30717,0.015388827
30718,0.010807679
30719,0.0039730403
30720,0.02338675
30721,0.0057819057
30722,0.016855782
30723,0.115234174
30724,0.021105967
30725,0.02520877
30726,0.026816875
30727,0.012249404
30728,0.0025777963
30729,0.014989352
30730,0.0063287136
30731,0.11919101
30732,0.015296754
30733,0.015136718
30734,0.003997904
30735,0.0497759
30736,0.027201952
30737,0.059953436
30738,0.013277121
30739,0.09190036
30740,0.3598242
30741,0.030311337
30742,0.04686657
30743,0.08945489
30744,0.04634767
30745,0.035731386
30746,0.008471137
30747,0.12917237
30748,0.0032182068
30749,0.119768746
30750,0.15756764
30751,0.01484388
30752,0.026337178
30753,0.036952097
30754,0.017241163
30755,0.014714396
30756,0.010123674
30757,0.025880996
30758,0.013925443
30759,0.07890696
30760,0.061161105
30761,0.0387118
30762,0.006520142
30763,0.21825004
30764,0.017861793
30765,0.018772723
30766,0.00934901
30767,0.003997023
30768,0.026762966
30769,0.035753954
30770,0.060240794
30771,0.033350594
30772,0.027412293
30773,0.006546332
30774,0.013067953
30775,0.26987332
30776,0.18874778
30777,0.008116048
30778,0.018314121
30779,0.07919669
30780,0.01852791
30781,0.0059041386
30782,0.06102117
30783,0.03363541
30784,0.029368319
30785,0.042137917
30786,0.11434362
30787,0.011507539
30788,0.030494493
30789,0.044970043
30790,0.014580259
30791,0.039733976
30792,0.09399379
30793,0.052252907
30794,0.33113617
30795,0.037578348
30796,0.091919824
30797,0.28413478
30798,0.28779823
30799,0.020916214
30800,0.22122955
30801,0.16485493
30802,0.26789004
30803,0.034386594
30804,0.30134708
30805,0.0267248
30806,0.024093188
30807,0.28136188
30808,0.005939667
30809,0.012286455
30810,0.018647473
30811,0.24550304
30812,0.030195178
30813,0.8724467
30814,0.2201097
30815,0.0006735157
30816,0.22298132
30817,0.02120932
30818,0.026235007
30819,0.052827127
30820,0.053517506
30821,0.0031776468
30822,0.035240795
30823,0.09464249
30824,0.49007967
30825,0.7167261
30826,0.7227729
30827,0.019969821
30828,0.185149
30829,0.12449387
30830,0.36507308
30831,0.080105305
30832,0.079446405
30833,0.044112593
30834,0.08450353
30835,0.03276958
30836,0.30072424
30837,0.14256138
30838,0.26434916
30839,0.7067432
30840,0.126372
30841,0.015007244
30842,0.6098924
30843,0.078653306
30844,0.45337498
30845,0.10375358
30846,0.057139248
30847,0.013893225
30848,0.110857464
30849,0.091718525
30850,0.11368988
30851,0.14237812
30852,0.016669312
30853,0.03438624
30854,0.13812795
30855,0.1750919
30856,0.057027172
30857,0.12542355
30858,0.10601943
30859,0.20687677
30860,0.0034026944
30861,0.024158752
30862,0.060238943
30863,0.21932381
30864,0.1663851
30865,0.29942134
30866,0.0151090035
30867,0.062307544
30868,0.011239514
30869,0.015344091
30870,0.013758967
30871,0.29913473
30872,0.045055848
30873,0.0947769
30874,0.5496918
30875,0.26537928
30876,0.009843664
30877,0.17079464
30878,0.106309146
30879,0.0103170555
30880,0.010747183
30881,0.01629776
30882,0.109671995
30883,0.058065213
30884,0.29502925
30885,0.2617598
30886,0.01421447
30887,0.04547173
30888,0.024724353
30889,0.30735618
30890,0.07031505
30891,0.07021843
30892,0.0103100985
30893,0.14054622
30894,0.03370732
30895,0.07796978
30896,0.23970631
30897,0.55105215
30898,0.17918569
30899,0.021484034
30900,0.019717734
30901,0.03380878
30902,0.04601693
30903,0.04216635
30904,0.0022835333
30905,0.18478385
30906,0.15264598
30907,0.16454573
30908,0.07938045
30909,0.12068054
30910,0.01091038
30911,0.053343594
30912,0.03945974
30913,0.03385105
30914,0.051805742
30915,0.16226071
30916,0.03240353
30917,0.09499171
30918,0.00074465456
30919,0.011190655
30920,0.033953704
30921,0.022386407
30922,0.0016942474
30923,0.02151432
30924,0.06392212
30925,0.052635934
30926,0.5534083
30927,0.20799232
30928,0.0386817
30929,0.060293686
30930,0.097238444
30931,0.08277136
30932,0.035328265
30933,0.048002522
30934,0.032349076
30935,0.1771738
30936,0.033500828
30937,0.030690214
30938,0.030983418
30939,0.11926285
30940,0.07826295
30941,0.15693145
30942,0.19609797
30943,0.17960393
30944,0.04849831
30945,0.031410336
30946,0.01467295
30947,0.067959115
30948,0.057046827
30949,0.2485629
30950,0.051530182
30951,0.3263012
30952,0.080411695
30953,0.030104531
30954,0.11580586
30955,0.018428417
30956,0.026764102
30957,0.0149080595
30958,0.008466459
30959,0.09702819
30960,0.029100265
30961,0.019122511
30962,0.015771398
30963,0.026734566
30964,0.06562486
30965,0.049093284
30966,0.059548482
30967,0.08498001
30968,0.10113993
30969,0.23348288
30970,0.31737217
30971,0.07391101
30972,0.0042110123
30973,0.102683395
30974,0.023974678
30975,0.045328163
30976,0.0065193833
30977,0.08077313
30978,0.07792904
30979,0.069615714
30980,0.06674797
30981,0.14429459
30982,0.026424345
30983,0.042978954
30984,0.017190622
30985,0.004553476
30986,0.01741577
30987,0.2038361
30988,0.103876166
30989,0.0038353333
30990,0.001947964
30991,0.047719143
30992,0.07275076
30993,0.06440224
30994,0.09699517
30995,0.077525415
30996,0.23859113
30997,0.15467703
30998,0.17646961
30999,0.0058276523
31000,0.07198922
31001,0.0035239654
31002,0.049323883
31003,0.02380772
31004,0.026606604
31005,0.030903675
31006,0.030514939
31007,0.03734015
31008,0.046479844
31009,0.011594545
31010,0.074668676
31011,0.07074711
31012,0.021018472
31013,0.059838343
31014,0.019801829
31015,0.03527359
31016,0.086559184
31017,0.017823614
31018,0.047343023
31019,0.14693616
31020,0.04300965
31021,0.15657692
31022,0.53741634
31023,0.057291996
31024,0.08134067
31025,0.047227114
31026,0.08786659
31027,0.06813026
31028,0.09060266
31029,0.03196907
31030,0.30721042
31031,0.07639624
31032,0.07234773
31033,0.035714053
31034,0.072533116
31035,0.0124919
31036,0.024024712
31037,0.019184107
31038,0.0007225933
31039,0.04629292
31040,0.46071348
31041,0.07387138
31042,0.051905252
31043,0.07774725
31044,0.60858405
31045,0.060457032
31046,0.0007736757
31047,0.112662725
31048,0.054835647
31049,0.22069144
31050,0.34787717
31051,0.055952985
31052,0.0060929283
31053,0.07379514
31054,0.10163171
31055,0.16705215
31056,0.15241472
31057,0.017589502
31058,0.094180234
31059,0.050127294
31060,0.008468669
31061,0.07284949
31062,0.011838163
31063,0.019610332
31064,0.027327934
31065,0.09218837
31066,0.056511626
31067,0.009845506
31068,0.09526207
31069,0.14420724
31070,0.2009211
31071,0.055938452
31072,0.013500841
31073,0.11246525
31074,0.17016417
31075,0.19311517
31076,0.07661443
31077,0.07956133
31078,0.017004723
31079,0.08564776
31080,0.4634881
31081,0.0053491597
31082,0.11170287
31083,0.32700634
31084,0.15821086
31085,0.009826274
31086,0.013688709
31087,0.036037486
31088,0.08185363
31089,0.24121867
31090,0.27149507
31091,0.009392982
31092,0.07669593
31093,0.10523341
31094,0.14485043
31095,0.09251029
31096,0.105127834
31097,0.14427589
31098,0.27206835
31099,0.09131107
31100,0.012302753
31101,0.055062216
31102,0.11903385
31103,0.037703227
31104,0.21492827
31105,0.94256884
31106,0.029702256
31107,0.2721103
31108,0.012699174
31109,0.062263306
31110,0.19813469
31111,0.012758215
31112,0.045344073
31113,0.04840773
31114,0.021589622
31115,0.07982774
31116,0.5480915
31117,0.05270495
31118,0.054346006
31119,0.2732962
31120,0.13275668
31121,0.26369375
31122,0.31430438
31123,0.353037
31124,0.20926397
31125,0.10938549
31126,0.07903188
31127,0.9528158
31128,0.35746348
31129,0.45700473
31130,0.042968202
31131,0.105890505
31132,0.11282948
31133,0.01896952
31134,0.019734805
31135,0.014170458
31136,0.0576985
31137,0.0054186094
31138,0.0071863644
31139,0.0016684
31140,0.033772063
31141,0.044651844
31142,0.09277447
31143,0.09484365
31144,0.109376945
31145,0.12668037
31146,0.14212549
31147,0.1382789
31148,0.011156815
31149,0.10137641
31150,0.26011539
31151,0.016524028
31152,0.04480448
31153,1.0
31154,0.9651817
31155,0.7211012
31156,0.005431135
31157,0.014182636
31158,0.107146785
31159,0.37421447
31160,0.09675654
31161,0.049309563
31162,0.06020095
31163,0.003733938
31164,0.049901295
31165,0.059828177
31166,0.033134453
31167,0.032731537
31168,0.34386948
31169,0.013234882
31170,0.031316254
31171,0.10329915
31172,0.09968005
31173,0.030607454
31174,0.05076232
31175,0.2771099
31176,0.112997055
31177,0.026431208
31178,0.13045177
31179,0.16423106
31180,0.15786962
31181,1.0
31182,0.7633074
31183,0.7496247
31184,0.028356481
31185,0.09430578
31186,0.02348911
31187,0.014527263
31188,0.45550597
31189,0.092445925
31190,0.26208544
31191,0.0643078
31192,0.19853108
31193,0.0094027985
31194,0.16459462
31195,0.12486043
31196,0.1251656
31197,0.17431392
31198,0.3952404
31199,0.4521699
31200,0.09980346
31201,0.07154868
31202,0.040018164
31203,0.030576544
31204,0.10121658
31205,0.07387419
31206,0.022613645
31207,0.01566454
31208,0.1813881
31209,0.21889605
31210,0.051615816
31211,0.15564719
31212,0.038739435
31213,0.9626422
31214,1.0
31215,1.0
31216,0.16087677
31217,0.044316456
31218,0.12894103
31219,0.49281317
31220,0.017673537
31221,0.00892549
31222,0.008731588
31223,0.019814145
31224,0.021479728
31225,0.0868289
31226,0.012404338
31227,0.25473174
31228,0.9956305
31229,0.028539315
31230,0.094392
31231,0.05924537
31232,0.095278315
31233,0.04421354
31234,0.17722735
31235,0.22625701
31236,0.02844055
31237,0.119126655
31238,0.13272145
31239,0.11769711
31240,0.029762195
31241,0.013467027
31242,0.28060764
31243,0.3081694
31244,0.17136744
31245,0.099735335
31246,0.007933757
31247,0.117761254
31248,0.011525862
31249,0.1124191
31250,0.18499209
31251,0.027579572
31252,0.043034825
31253,0.003650489
31254,0.010737364
31255,0.011019794
31256,0.016676147
31257,0.052194245
31258,0.19416302
31259,0.42891368
31260,0.1933066
31261,0.14426985
31262,0.10792634
31263,0.13060576
31264,0.0871757
31265,0.62655276
31266,0.06780615
31267,0.02104626
31268,0.01873481
31269,0.12505329
31270,0.11889883
31271,0.20414774
31272,0.37742507
31273,0.33734146
31274,0.11133358
31275,0.99001557
31276,0.13299812
31277,0.0084588975
31278,0.092912585
31279,0.22457281
31280,0.010133283
31281,0.06454169
31282,0.49599835
31283,0.054895423
31284,0.009005968
31285,0.054150954
31286,0.023878334
31287,0.04522568
31288,0.2531753
31289,0.19019997
31290,0.2741571
31291,0.18559375
31292,0.099122666
31293,0.10341066
31294,0.25323817
31295,0.024669418
31296,0.1898937
31297,0.07971097
31298,0.028227396
31299,0.49644122
31300,0.26885456
31301,0.08205497
31302,0.5954172
31303,0.2954242
31304,0.089401945
31305,0.14259228
31306,0.102559015
31307,0.04711485
31308,0.009848217
31309,0.0006792694
31310,0.007748445
31311,0.014587364
31312,0.03762182
31313,0.0679279
31314,0.0750187
31315,0.09755739
31316,0.29267246
31317,0.7118504
31318,0.30947495
31319,0.19957241
31320,0.35909125
31321,0.1061917
31322,0.07703175
31323,0.06812546
31324,0.14642374
31325,0.26284203
31326,0.041308805
31327,0.012037637
31328,0.043306783
31329,0.14677879
31330,0.01446214
31331,0.03305406
31332,0.09205515
31333,0.02066454
31334,0.051125012
31335,0.007207936
31336,0.017871518
31337,0.019114457
31338,0.022457508
31339,0.08610863
31340,0.040412202
31341,0.049433667
31342,0.16794173
31343,0.11943553
31344,0.13221242
31345,0.49104986
31346,0.45121816
31347,0.2262936
31348,0.15591188
31349,0.059906736
31350,0.022577694
31351,0.040143423
31352,0.15447803
31353,0.0065365825
31354,1.0
31355,0.02999085
31356,0.01773373
31357,0.095950454
31358,0.056233153
31359,0.09241252
31360,0.02526222
31361,0.039973546
31362,0.019050691
31363,0.061125148
31364,0.05914907
31365,0.5445406
31366,0.29437768
31367,0.13508034
31368,0.9883933
31369,0.26620358
31370,0.3597438
31371,0.13371779
31372,0.047776654
31373,0.014367831
31374,0.04832664
31375,0.07551559
31376,0.015820807
31377,0.05053469
31378,0.36919397
31379,0.14932376
31380,0.24696834
31381,0.014535891
31382,0.08360608
31383,0.13995777
31384,0.112769
31385,0.19511712
31386,0.05774156
31387,0.0091397045
31388,0.0080984915
31389,0.020662768
31390,0.10018634
31391,0.99527335
31392,0.2571442
31393,0.6499404
31394,0.24424824
31395,0.2632237
31396,0.15846989
31397,0.13551791
31398,0.20685528
31399,0.019717151
31400,0.012285947
31401,0.013582238
31402,0.037490126
31403,0.02737034
31404,0.16441202
31405,0.15146227
31406,0.15071002
31407,0.2445644
31408,0.008280712
31409,0.11246834
31410,0.2489256
31411,0.021202551
31412,0.059106268
31413,0.1686215
31414,0.010026666
31415,0.0007228077
31416,0.108890936
31417,0.14803968
31418,0.039765567
31419,0.15278846
31420,0.07957013
31421,0.10510578
31422,0.03535791
31423,0.15511538
31424,0.10990227
31425,0.016545484
31426,0.13250946
31427,0.00786392
31428,0.12371765
31429,0.04445158
31430,0.012117105
31431,0.10059187
31432,0.015291644
31433,0.040206708
31434,0.02424819
31435,0.15815578
31436,0.28526855
31437,0.7174325
31438,0.177609
31439,0.017832082
31440,0.00047284833
31441,0.0561788
31442,0.0658107
31443,0.15541863
31444,0.010925684
31445,0.015120465
31446,0.012774584
31447,0.034688756
31448,0.022895288
31449,0.002013389
31450,0.001794442
31451,0.09167637
31452,0.07778607
31453,0.37403324
31454,0.017809434
31455,0.014626772
31456,0.024444317
31457,0.07380051
31458,0.054583687
31459,0.35837787
31460,0.18526475
31461,0.0025754985
31462,0.17809522
31463,0.08582214
31464,0.013725577
31465,0.058342367
31466,0.16041683
31467,0.0604287
31468,0.015783394
31469,0.010293158
31470,0.2224772
31471,0.049412847
31472,0.0065413876
31473,0.013195069
31474,0.024559436
31475,0.14471066
31476,0.04331928
31477,0.042262316
31478,0.021202706
31479,0.017761743
31480,0.04295622
31481,0.25611198
31482,0.016313124
31483,0.0067211594
31484,0.028680278
31485,0.029880475
31486,0.04800039
31487,0.2744197
31488,0.05235159
31489,0.17415297
31490,0.061210558
31491,0.029931137
31492,0.0037228926
31493,0.11525044
31494,0.08071031
31495,0.024930403
31496,0.23157899
31497,0.014880348
31498,0.22504956
31499,0.015841283
31500,0.06004074
31501,0.0645404
31502,0.26406682
31503,0.46779788
31504,0.079648934
31505,0.07459284
31506,0.117762424
31507,0.0738358
31508,0.076505765
31509,0.16432355
31510,0.10247079
31511,0.0774645
31512,0.99310577
31513,0.015821856
31514,0.09371237
31515,0.03171755
31516,0.054897208
31517,0.08574107
31518,0.0053504705
31519,0.022530839
31520,0.07189822
31521,0.34620392
31522,0.050275758
31523,0.19783224
31524,0.04230755
31525,0.0546356
31526,0.012230269
31527,0.038059544
31528,0.026237015
31529,0.038371015
31530,0.04273522
31531,0.05186834
31532,0.024061367
31533,0.08036438
31534,0.00698252
31535,0.09972466
31536,0.009907607
31537,0.04676941
31538,0.010759127
31539,0.049663525
31540,0.10085275
31541,0.1049924
31542,0.0030846854
31543,0.019029042
31544,0.9926611
31545,0.036660552
31546,0.13817005
31547,0.081980765
31548,0.025130749
31549,0.019718574
31550,0.036352467
31551,0.0004980676
31552,0.2723919
31553,0.012687633
31554,0.005428868
31555,0.0034963696
31556,0.0070361635
31557,0.004286309
31558,0.06159164
31559,0.120050855
31560,0.025700975
31561,0.0743476
31562,0.022986623
31563,0.022950927
31564,0.047195878
31565,0.27746266
31566,0.013468347
31567,0.010754682
31568,0.03171984
31569,0.07393164
31570,0.18230481
31571,0.04863672
31572,0.03884341
31573,0.0065226
31574,0.12518056
31575,0.18929484
31576,0.12044712
31577,0.09048277
31578,0.031093067
31579,0.04699488
31580,0.011190105
31581,0.030837456
31582,0.1968232
31583,0.18808845
31584,0.00651881
31585,0.018120771
31586,0.0009053697
31587,0.011822871
31588,0.009424025
31589,0.010108836
31590,0.003260136
31591,0.0403519
31592,0.047103513
31593,0.07946056
31594,0.12285268
31595,0.091849
31596,0.0122380685
31597,0.2181793
31598,0.00786392
31599,0.29530683
31600,0.023485534
31601,0.010108202
31602,0.007746876
31603,0.015374457
31604,0.0049803937
31605,0.007777356
31606,0.06954245
31607,0.004270809
31608,0.0732482
31609,0.041378066
31610,0.06245128
31611,0.013186073
31612,0.05505992
31613,0.008943149
31614,0.02488414
31615,0.10824549
31616,0.0101981135
31617,0.017115265
31618,0.0039854725
31619,0.051790293
31620,0.11592981
31621,0.0058194906
31622,0.008644661
31623,0.39633217
31624,0.05242867
31625,0.06447768
31626,0.101250075
31627,0.04587621
31628,0.023425108
31629,0.009621918
31630,0.161416
31631,0.018637277
31632,0.14781803
31633,0.008112747
31634,0.14204125
31635,0.026830265
31636,0.0019398098
31637,0.031178422
31638,0.022497915
31639,0.005480962
31640,0.00982832
31641,0.000741877
31642,0.008921162
31643,0.00033812603
31644,0.0012533594
31645,0.019612897
31646,0.09152738
31647,0.09587477
31648,0.016488483
31649,0.17044422
31650,0.01877047
31651,0.010739879
31652,0.03642395
31653,0.056369066
31654,0.0034909141
31655,0.03061951
31656,0.026722636
31657,0.25656676
31658,0.15732141
31659,0.008113819
31660,0.12536731
31661,0.019284915
31662,0.03862122
31663,0.01971663
31664,0.115957625
31665,0.017471451
31666,0.055850767
31667,0.05437956
31668,0.011507079
31669,0.011422384
31670,0.033484463
31671,0.053328063
31672,0.09111253
31673,0.04603314
31674,0.032457776
31675,0.36941472
31676,0.1404124
31677,0.13895075
31678,0.17680955
31679,0.230251
31680,0.019901533
31681,0.06481875
31682,0.16142792
31683,0.118941195
31684,0.2999006
31685,0.022962525
31686,0.057446208
31687,0.0020176983
31688,0.013272085
31689,0.15100172
31690,0.014736245
31691,0.21890657
31692,0.75225604
31693,0.14759968
31694,0.012051314
31695,0.03723458
31696,0.26696524
31697,0.1037204
31698,0.024729563
31699,0.07110415
31700,0.033742033
31701,0.11171356
31702,0.34531137
31703,0.44579616
31704,0.4889322
31705,0.004601395
31706,0.08651789
31707,0.09745846
31708,0.24635531
31709,0.040206335
31710,0.044998594
31711,0.08315552
31712,0.10206503
31713,0.2833859
31714,0.2285684
31715,0.23203781
31716,0.5476424
31717,0.23601504
31718,0.003950029
31719,0.5438586
31720,0.022894038
31721,0.06656947
31722,0.36293438
31723,0.09498239
31724,0.045716777
31725,0.023819184
31726,0.06426356
31727,0.024501733
31728,0.116020985
31729,0.2475974
31730,0.14062865
31731,0.029626543
31732,0.071630545
31733,0.08744602
31734,0.42221588
31735,0.091706604
31736,0.0058146543
31737,0.01154515
31738,0.11171139
31739,0.10608346
31740,0.1979954
31741,0.025605774
31742,0.03467904
31743,0.079311155
31744,0.024154522
31745,0.23190519
31746,0.14687617
31747,0.3140247
31748,0.0215616
31749,0.045115717
31750,0.052175764
31751,0.010297353
31752,0.013758708
31753,0.5426207
31754,0.1311468
31755,0.06356327
31756,0.33241025
31757,0.4497642
31758,0.009842456
31759,0.08745966
31760,0.09984772
31761,0.0063926717
31762,0.028457426
31763,0.042541057
31764,0.033903208
31765,0.077549554
31766,0.08478604
31767,0.31016806
31768,0.49816275
31769,0.0252739
31770,0.03047041
31771,0.008644316
31772,0.044009592
31773,0.038766753
31774,0.05371204
31775,0.29176688
31776,0.04080458
31777,0.023895057
31778,0.010309635
31779,0.09439921
31780,0.043318298
31781,0.14214352
31782,0.7033225
31783,0.1792041
31784,0.0007732047
31785,0.0414635
31786,0.10492368
31787,0.06564105
31788,0.021437878
31789,0.18108311
31790,0.16402747
31791,0.099100575
31792,0.06901907
31793,0.08039915
31794,0.010909458
31795,0.036729597
31796,0.026757065
31797,0.027383812
31798,0.01296625
31799,0.16506074
31800,0.0680869
31801,0.093172036
31802,0.011622013
31803,0.023562709
31804,0.0017250254
31805,0.017875958
31806,0.015381059
31807,0.034478907
31808,0.053111665
31809,0.022301769
31810,0.0054946784
31811,0.03137435
31812,0.54665977
31813,0.29617617
31814,0.0435811
31815,0.039412662
31816,0.0037369323
31817,0.11200251
31818,0.082875215
31819,0.045099232
31820,0.046436816
31821,0.022525365
31822,0.0383744
31823,0.13574588
31824,0.03130877
31825,0.017558796
31826,0.045269027
31827,0.10641542
31828,0.10074824
31829,0.14485982
31830,0.15074344
31831,0.14287367
31832,0.04848886
31833,0.038385257
31834,0.023741495
31835,0.040190816
31836,0.03646062
31837,0.26052883
31838,0.080514364
31839,0.33298287
31840,0.09425448
31841,0.03919839
31842,0.079869196
31843,0.0076466524
31844,0.010350264
31845,0.018604327
31846,0.0096629355
31847,0.07709356
31848,0.024740389
31849,0.045824017
31850,0.10795771
31851,0.04002235
31852,0.050898474
31853,0.03984326
31854,0.088957675
31855,0.17902088
31856,0.26031905
31857,0.10962612
31858,0.017910691
31859,0.07373465
31860,0.0141484495
31861,0.060249627
31862,0.061305296
31863,0.07868291
31864,0.09975901
31865,0.03152907
31866,0.15504017
31867,0.031726018
31868,0.059949413
31869,0.024348756
31870,0.018196272
31871,0.23630486
31872,0.010117481
31873,0.02237831
31874,0.07870285
31875,0.005189932
31876,0.009888127
31877,0.0037325455
31878,0.017611232
31879,0.013222028
31880,0.10227302
31881,0.036103636
31882,0.13509482
31883,0.08829485
31884,0.2643777
31885,0.20333877
31886,0.19487858
31887,0.011811335
31888,0.09791646
31889,0.011188902
31890,0.038846314
31891,0.057021927
31892,0.04106544
31893,0.0011551321
31894,0.05998077
31895,0.04438455
31896,0.011594618
31897,0.04860735
31898,0.051101875
31899,0.02406701
31900,0.0069126654
31901,0.006719848
31902,0.019798422
31903,0.01016107
31904,0.014418157
31905,0.12517159
31906,0.004976776
31907,0.046607796
31908,0.20351088
31909,0.042220954
31910,0.12895395
31911,0.4456357
31912,0.08926652
31913,0.12647313
31914,0.046571437
31915,0.083140805
31916,0.06467909
31917,0.10425284
31918,0.059951358
31919,0.025286365
31920,0.354434
31921,0.09563731
31922,0.048822433
31923,0.07927
31924,0.045012865
31925,0.02901948
31926,0.019044597
31927,0.024009492
31928,0.04914007
31929,0.5191713
31930,0.060059838
31931,0.059162755
31932,0.09151062
31933,0.7165215
31934,0.08337367
31935,0.008452483
31936,0.08411775
31937,0.044758484
31938,0.12895785
31939,0.3076024
31940,0.051649813
31941,0.025589203
31942,0.044799224
31943,0.121652044
31944,0.11090562
31945,0.17425232
31946,0.020142768
31947,0.12434586
31948,0.06697443
31949,0.010123144
31950,0.0543009
31951,0.014932883
31952,0.038354326
31953,0.008487198
31954,0.103095464
31955,0.064061746
31956,0.014397012
31957,0.060651883
31958,0.15460612
31959,0.21488088
31960,0.12157877
31961,0.02125916
31962,0.118954785
31963,0.19993576
31964,0.20744912
31965,0.054903477
31966,0.03571193
31967,0.021204142
31968,0.0735114
31969,0.421987
31970,0.056597084
31971,0.16507676
31972,0.33988297
31973,0.17894039
31974,0.012355249
31975,0.0015196851
31976,0.013687808
31977,0.025103036
31978,0.06610585
31979,0.2786953
31980,0.2543845
31981,0.089314476
31982,0.119109206
31983,0.1071885
31984,0.16480488
31985,0.12887987
31986,0.19940576
31987,0.27127308
31988,0.10103718
31989,0.05408315
31990,0.09928774
31991,0.05177577
31992,0.25361204
31993,0.92984533
31994,0.091979004
31995,0.0058222944
31996,0.338605
31997,0.0039619226
31998,0.057799026
31999,0.23782949
32000,0.015378736
32001,0.013312348
32002,0.0352577
32003,0.066581346
32004,0.0076821446
32005,0.05839546
32006,0.0042716395
32007,0.49102914
32008,0.049576852
32009,0.06479347
32010,0.30519062
32011,0.13460411
32012,0.22224152
32013,0.29003298
32014,0.35182616
32015,0.17790775
32016,0.073851064
32017,0.08184323
32018,0.9716713
32019,0.35313022
32020,0.39303443
32021,0.0058142575
32022,0.022608822
32023,0.10171268
32024,0.016559089
32025,0.09784104
32026,0.016922198
32027,0.006317082
32028,0.032471016
32029,0.006707696
32030,0.03231626
32031,0.059870064
32032,0.09288557
32033,0.09495012
32034,0.070983484
32035,0.11023604
32036,0.18567058
32037,0.13836814
32038,0.08551161
32039,0.2645126
32040,0.016522381
32041,0.02661495
32042,1.0
32043,0.9546558
32044,0.7217224
32045,0.005431061
32046,0.014047614
32047,0.1992263
32048,0.3708243
32049,0.047096513
32050,0.02497318
32051,0.027024165
32052,0.015302746
32053,0.03221697
32054,0.065860145
32055,0.013106876
32056,0.34456068
32057,0.005776452
32058,0.021027744
32059,0.044667814
32060,0.082147785
32061,0.048386827
32062,0.034319267
32063,0.2728901
32064,0.12226741
32065,0.021181155
32066,0.1806274
32067,0.17807057
32068,0.15225863
32069,0.9989838
32070,0.7446388
32071,0.7135948
32072,0.072902046
32073,0.024857253
32074,0.0015268592
32075,0.4504866
32076,0.109793745
32077,0.19990206
32078,0.061448693
32079,0.14520521
32080,0.007751578
32081,0.15240498
32082,0.089400955
32083,0.111082524
32084,0.1616686
32085,0.33785895
32086,0.48336023
32087,0.14733586
32088,0.09305491
32089,0.047416218
32090,0.04053508
32091,0.08236039
32092,0.03733886
32093,0.015834441
32094,0.16382538
32095,0.20416263
32096,0.04462795
32097,0.14537737
32098,0.0006242092
32099,0.94733334
32100,0.9925432
32101,1.0
32102,0.15443036
32103,0.049427614
32104,0.15978444
32105,0.49528477
32106,0.018940283
32107,0.013144512
32108,0.017407957
32109,0.007094533
32110,0.06484893
32111,0.03631985
32112,0.22657305
32113,0.9936955
32114,0.057919655
32115,0.07873822
32116,0.04224915
32117,0.12254251
32118,0.051256467
32119,0.10772083
32120,0.30553368
32121,0.024353378
32122,0.11276924
32123,0.13743447
32124,0.17008911
32125,0.043910436
32126,0.03306948
32127,0.3290287
32128,0.34991163
32129,0.1259072
32130,0.10997568
32131,0.022874366
32132,0.07655906
32133,0.009406859
32134,0.079180375
32135,0.16958009
32136,0.03492849
32137,0.017298996
32138,0.01110451
32139,0.008645622
32140,0.021149598
32141,0.048611302
32142,0.04041342
32143,0.16082764
32144,0.44123542
32145,0.17895712
32146,0.1328868
32147,0.09893687
32148,0.15157308
32149,0.08937495
32150,0.5509183
32151,0.05945131
32152,0.008868674
32153,0.0069625326
32154,0.028099472
32155,0.1233913
32156,0.18142596
32157,0.20967178
32158,0.42608398
32159,0.30814624
32160,0.107896045
32161,0.9886947
32162,0.14198045
32163,0.0053973417
32164,0.09335604
32165,0.11859429
32166,0.013692778
32167,0.06370003
32168,0.5025067
32169,0.037178114
32170,0.034151036
32171,0.028430423
32172,0.031170303
32173,0.07290807
32174,0.28869745
32175,0.2619918
32176,0.27008015
32177,0.26643184
32178,0.1311431
32179,0.117925614
32180,0.2772916
32181,0.02466474
32182,0.13473012
32183,0.040262625
32184,0.053060327
32185,0.49042526
32186,0.2245493
32187,0.06922417
32188,0.4241416
32189,0.3076114
32190,0.15289757
32191,0.14494334
32192,0.16705976
32193,0.036346123
32194,0.009847291
32195,0.015711438
32196,0.040700268
32197,0.05849906
32198,0.063006826
32199,0.09384351
32200,0.2784249
32201,0.6806424
32202,0.2423456
32203,0.21080382
32204,0.35097718
32205,0.10099635
32206,0.07891024
32207,0.06913951
32208,0.18095532
32209,0.25941375
32210,0.06874901
32211,0.023364829
32212,0.060934864
32213,0.14241807
32214,0.01590597
32215,0.019486096
32216,0.06941969
32217,0.010138949
32218,0.017868666
32219,0.014130413
32220,0.036264975
32221,0.068299904
32222,0.03433604
32223,0.05260692
32224,0.23291887
32225,0.12174481
32226,0.1352576
32227,0.48484513
32228,0.53446674
32229,0.2505053
32230,0.14475138
32231,0.005813851
32232,0.047126085
32233,0.031245682
32234,0.015164784
32235,0.12255984
32236,0.0140633425
32237,0.017367383
32238,1.0
32239,0.07168381
32240,0.006683074
32241,0.08842955
32242,0.06649442
32243,0.15778835
32244,0.0397961
32245,0.055431433
32246,0.005428346
32247,0.0060235914
32248,0.04228518
32249,0.061281756
32250,0.11128965
32251,0.5442426
32252,0.29812533
32253,0.15567051
32254,0.99362594
32255,0.26746842
32256,0.32908636
32257,0.12562123
32258,0.049592823
32259,0.07827176
32260,0.051558048
32261,0.039493717
32262,0.03742495
32263,0.055355757
32264,0.044245955
32265,0.26952234
32266,0.14940394
32267,0.2612516
32268,0.029032385
32269,0.08931827
32270,0.12914312
32271,0.2160981
32272,0.20945095
32273,0.06223837
32274,0.025307119
32275,0.0020123136
32276,0.12250857
32277,1.0
32278,0.23193325
32279,0.74704623
32280,0.23157743
32281,0.27825868
32282,0.19431056
32283,0.19010429
32284,0.08905985
32285,0.005094716
32286,0.00961574
32287,0.019012231
32288,0.023865547
32289,0.17092569
32290,0.11732914
32291,0.15080333
32292,0.24537736
32293,0.026698306
32294,0.090408094
32295,0.28782862
32296,0.04088181
32297,0.09194358
32298,0.012344628
32299,0.009847292
32300,0.07633572
32301,0.2192169
32302,0.008841595
32303,0.08344702
32304,0.12261759
32305,0.044345837
32306,0.11842212
32307,0.09825266
32308,0.06105928
32309,0.04319263
32310,0.15239145
32311,0.088374965
32312,0.05293633
32313,0.0077601145
32314,0.07873764
32315,0.010907686
32316,0.09723583
32317,0.056483477
32318,0.015373858
32319,0.13327007
32320,0.028293552
32321,0.046588212
32322,0.002564698
32323,0.023834048
32324,0.16142961
32325,0.28962418
32326,0.7048685
32327,0.20788649
32328,0.037390105
32329,0.021518648
32330,0.06328466
32331,0.012786282
32332,0.0804941
32333,0.09370025
32334,0.026294068
32335,0.1250568
32336,0.012774483
32337,0.04456061
32338,0.017464276
32339,0.014077471
32340,0.060269758
32341,0.056363817
32342,0.35689047
32343,0.0022448397
32344,0.014624556
32345,0.013274376
32346,0.06823352
32347,0.07009164
32348,0.45192567
32349,0.1675666
32350,0.005215539
32351,0.22128202
32352,0.047289435
32353,0.06073938
32354,0.20900826
32355,0.059232354
32356,0.010971204
32357,0.017033461
32358,0.010293057
32359,0.20534332
32360,0.1124368
32361,0.0049827355
32362,0.013195017
32363,0.024027202
32364,0.1126751
32365,0.027390098
32366,0.058515098
32367,0.020604406
32368,0.024471434
32369,0.027928907
32370,0.21708623
32371,0.022477623
32372,0.0065879985
32373,0.010042652
32374,0.024164492
32375,0.047989756
32376,0.24797596
32377,0.093138754
32378,0.18250135
32379,0.110570736
32380,0.011229977
32381,0.012150726
32382,0.027947705
32383,0.080703504
32384,0.018609699
32385,0.26206332
32386,0.09195371
32387,0.14169441
32388,0.008688542
32389,0.08488495
32390,0.04640482
32391,0.009392112
32392,0.2471129
32393,0.44539252
32394,0.12288805
32395,0.08843761
32396,0.094273195
32397,0.022651933
32398,0.08513799
32399,0.15811367
32400,0.10251278
32401,0.059182215
32402,0.9934678
32403,0.015820218
32404,0.08371182
32405,0.013714141
32406,0.12544562
32407,0.05082745
32408,0.00074150955
32409,0.16757442
32410,0.3724316
32411,0.03695729
32412,0.14431624
32413,0.04057457
32414,0.044081274
32415,0.016565062
32416,0.06557083
32417,0.036182936
32418,0.004500317
32419,0.05243637
32420,0.058242135
32421,0.06354292
32422,0.0025028314
32423,0.004319119
32424,0.054859266
32425,0.15832502
32426,0.0008629269
32427,0.050298035
32428,0.008092231
32429,0.035214268
32430,0.067815274
32431,0.11803836
32432,0.009395116
32433,0.010966834
32434,0.05309433
32435,0.9899685
32436,0.024943838
32437,0.13097058
32438,0.079544455
32439,0.044539202
32440,0.032662686
32441,0.060428873
32442,0.012785258
32443,0.015367257
32444,0.2331401
32445,0.0016190631
32446,0.02281312
32447,0.20264044
32448,0.016411196
32449,0.14921501
32450,0.0012225292
32451,0.0049336436
32452,0.03943236
32453,0.22371767
32454,0.025271056
32455,0.019946408
32456,0.062056344
32457,0.03287231
32458,0.0065051876
32459,0.03124627
32460,0.17283164
32461,0.028297396
32462,0.012798323
32463,0.13112825
32464,0.10653521
32465,0.12898628
32466,0.08346535
32467,0.052283917
32468,0.030846307
32469,0.046987493
32470,0.0022142415
32471,0.02083939
32472,0.16930264
32473,0.19431141
32474,0.048950117
32475,0.0015291824
32476,0.00041075842
32477,0.038610995
32478,0.00891945
32479,0.017535727
32480,0.06116799
32481,0.07946605
32482,0.055716813
32483,0.004530776
32484,0.12933682
32485,0.007863922
32486,0.2086538
32487,0.008447822
32488,0.03958514
32489,0.0022107717
32490,0.022969037
32491,0.010107442
32492,0.0077319713
32493,0.010336215
32494,0.0071856636
32495,0.0049946443
32496,0.050467778
32497,0.00847032
32498,0.05246894
32499,0.045561712
32500,0.013185126
32501,0.030344311
32502,0.0065185777
32503,0.0063157254
32504,0.13049783
32505,0.00085528387
32506,0.007030155
32507,0.02497401
32508,0.01868995
32509,0.076577045
32510,0.01327489
32511,0.091984816
32512,0.008643735
32513,0.42608723
32514,0.097040094
32515,0.10213158
32516,0.06642194
32517,0.012222091
32518,0.058461037
32519,0.024117991
32520,0.003733465
32521,0.15239123
32522,0.009864458
32523,0.15033688
32524,0.18214291
32525,0.035451386
32526,0.006755719
32527,0.00837072
32528,0.037607543
32529,0.004792157
32530,0.013328579
32531,0.008635648
32532,0.008904702
32533,0.0028400847
32534,0.008455926
32535,0.031747147
32536,0.009402087
32537,0.010910311
32538,0.0012368927
32539,0.11491012
32540,0.05404769
32541,0.0050279205
32542,0.23116022
32543,0.024841554
32544,0.004254683
32545,0.036420424
32546,0.0447295
32547,0.0017446075
32548,0.014824939
32549,0.06868725
32550,0.0077611296
32551,0.009879827
32552,0.017471652
32553,0.29519606
32554,0.21487488
32555,0.14280285
32556,0.0152750695
32557,0.00678738
32558,0.0071981335
32559,0.038622543
32560,0.019716907
32561,0.044437893
32562,0.036080405
32563,0.023511855
32564,0.042888775
32565,0.05232969
32566,0.06359512
32567,0.033496648
32568,0.04494131
32569,0.022339586
32570,0.13730267
32571,0.10154849
32572,0.034692917
32573,0.005825719
32574,0.35859734
32575,0.05068503
32576,0.15247183
32577,0.0040651863
32578,0.14272496
32579,0.21654911
32580,0.018677775
32581,0.03398325
32582,0.13534482
32583,0.16475894
32584,0.2661273
32585,0.07275807
32586,0.16960227
32587,0.20369406
32588,0.08366263
32589,0.75976646
32590,0.16999494
32591,0.08397238
32592,0.06286043
32593,0.29448178
32594,0.12129406
32595,0.02659968
32596,0.0493191
32597,0.017059365
32598,0.03946995
32599,0.11861983
32600,0.39525956
32601,0.7388718
32602,0.52807987
32603,0.013286967
32604,0.11810949
32605,0.1059116
32606,0.30789778
32607,0.11903048
32608,0.03779917
32609,0.09724462
32610,0.145136
32611,0.004942029
32612,0.3256393
32613,0.18510824
32614,0.29471502
32615,0.5576294
32616,0.09729539
32617,0.021642387
32618,0.5401905
32619,0.089250706
32620,0.36351913
32621,0.13563642
32622,0.050885316
32623,0.008312067
32624,0.1524928
32625,0.08874689
32626,0.17493807
32627,0.15400063
32628,0.064605445
32629,0.015805399
32630,0.06788032
32631,0.23798807
32632,0.09435101
32633,0.028412169
32634,0.076072775
32635,0.103550754
32636,0.16484053
32637,0.021577194
32638,0.08736226
32639,0.0059372312
32640,0.020538127
32641,0.07940482
32642,0.24710023
32643,0.07854549
32644,0.24203347
32645,0.03491484
32646,0.053417146
32647,0.014040121
32648,0.010298309
32649,0.30143258
32650,0.13999155
32651,0.10506955
32652,0.28828508
32653,0.557133
32654,0.1012329
32655,0.08050764
32656,0.010315858
32657,0.015783321
32658,0.06014492
32659,0.10498895
32660,0.07848158
32661,0.26396132
32662,0.39500314
32663,0.022701273
32664,0.068234265
32665,0.036808122
32666,0.018686965
32667,0.052055225
32668,0.28334004
32669,0.013555953
32670,0.049700808
32671,0.010310594
32672,0.010280046
32673,0.01690674
32674,0.04331826
32675,0.085755385
32676,0.3669782
32677,0.61537766
32678,0.18612921
32679,0.019715145
32680,0.07599831
32681,0.09300097
32682,0.06502308
32683,0.17364608
32684,0.20451102
32685,0.09384413
32686,0.103943415
32687,0.06794508
32688,0.029842604
32689,0.026322605
32690,0.012966257
32691,0.13610767
32692,0.04445689
32693,0.10630433
32694,0.014288114
32695,0.01971248
32696,0.04126311
32697,0.018623674
32698,0.013273676
32699,0.020702686
32700,0.06238897
32701,0.025639974
32702,0.027696105
32703,0.5609972
32704,0.30492604
32705,0.02778393
32706,0.016129801
32707,0.13958411
32708,0.055729195
32709,0.02514544
32710,0.024057236
32711,0.014298818
32712,0.009923898
32713,0.17706996
32714,0.02760003
32715,0.009307356
32716,0.04824246
32717,0.07303885
32718,0.056701288
32719,0.16882363
32720,0.19405071
32721,0.17113146
32722,0.03243253
32723,0.021689272
32724,0.027262408
32725,0.050597914
32726,0.04488463
32727,0.22524399
32728,0.080516994
32729,0.45078003
32730,0.1192912
32731,0.00042150513
32732,0.1212668
32733,0.041426327
32734,0.070445746
32735,0.014345628
32736,0.008467339
32737,0.057687037
32738,0.032488637
32739,0.03846151
32740,0.07623877
32741,0.05699369
32742,0.088847265
32743,0.044096112
32744,0.11591854
32745,0.16791254
32746,0.24755599
32747,0.07192612
32748,0.02684475
32749,0.09209028
32750,0.008451654
32751,0.0463735
32752,0.027325796
32753,0.007864734
32754,0.08655464
32755,0.047211695
32756,0.13742314
32757,0.029678384
32758,0.10791606
32759,0.064977325
32760,0.07861467
32761,0.02828729
32762,0.013161809
32763,0.18135785
32764,0.12139167
32765,0.03670905
32766,0.0040773796
32767,0.02152029
32768,0.014645667
32769,0.084571935
32770,0.07190341
32771,0.14736801
32772,0.10324739
32773,0.21142976
32774,0.14142148
32775,0.18555234
32776,0.011811464
32777,0.095062174
32778,0.05208561
32779,0.081415944
32780,0.10982178
32781,0.10628466
32782,0.031384356
32783,0.011594526
32784,0.043470982
32785,0.060936403
32786,0.057207253
32787,0.0020456286
32788,0.0067207767
32789,0.14869691
32790,0.005773397
32791,0.06313075
32792,0.21574926
32793,0.05561719
32794,0.12105105
32795,0.4194901
32796,0.091776334
32797,0.08217044
32798,0.07182948
32799,0.09031038
32800,0.033043332
32801,0.10175098
32802,0.02970682
32803,0.007859746
32804,0.014929616
32805,0.24675603
32806,0.11563816
32807,0.042922724
32808,0.05824247
32809,0.056721944
32810,0.05382342
32811,0.0037847946
32812,0.021160156
32813,0.049140766
32814,0.45854515
32815,0.04514633
32816,0.0445527
32817,0.079325736
32818,0.75792646
32819,0.042812873
32820,0.008939958
32821,0.073752195
32822,0.056416627
32823,0.10859126
32824,0.35493094
32825,0.05505332
32826,0.011456852
32827,0.07864841
32828,0.17444976
32829,0.098826066
32830,0.17429037
32831,0.03353212
32832,0.15390028
32833,0.09562093
32834,0.008467881
32835,0.05936747
32836,0.017933583
32837,0.13432759
32838,0.04584257
32839,0.0061793053
32840,0.117264934
32841,0.12295811
32842,0.22114605
32843,0.09812486
32844,0.022439325
32845,0.0845777
32846,0.15144831
32847,0.1520208
32848,0.044831913
32849,0.013128881
32850,0.055076607
32851,0.006285086
32852,0.13738905
32853,0.5515487
32854,0.011964469
32855,0.15916084
32856,0.350474
32857,0.15650328
32858,0.031914108
32859,0.016973358
32860,0.0011051759
32861,0.03855164
32862,0.054035075
32863,0.26528218
32864,0.23977561
32865,0.0472403
32866,0.063580155
32867,0.121256754
32868,0.13060445
32869,0.11056186
32870,0.1312439
32871,0.2752891
32872,0.0958747
32873,0.03153977
32874,0.099281654
32875,0.08395619
32876,0.26232976
32877,0.9256215
32878,0.05720973
32879,0.31591314
32880,0.012698386
32881,0.039391644
32882,0.25428316
32883,0.018056255
32884,0.039226845
32885,0.09455316
32886,0.0039498056
32887,0.0415978
32888,0.4938415
32889,0.024717957
32890,0.06916818
32891,0.27060926
32892,0.09293246
32893,0.20498389
32894,0.28262493
32895,0.32997265
32896,0.00039655966
32897,0.20959061
32898,0.05411667
32899,0.15572785
32900,0.9754063
32901,0.41934618
32902,0.492869
32903,0.033000473
32904,0.17174476
32905,0.047815938
32906,0.01877834
32907,0.011585395
32908,0.011168417
32909,0.0047603976
32910,0.046383593
32911,0.0070225047
32912,0.040264875
32913,0.06687909
32914,0.06804955
32915,0.044174533
32916,0.10763463
32917,0.10570376
32918,0.19160119
32919,0.12073179
32920,0.0315772
32921,0.07605194
32922,0.21559516
32923,0.02477313
32924,0.064565755
32925,0.9991994
32926,0.94598204
32927,0.64240265
32928,0.0054320153
32929,0.014048471
32930,0.15571891
32931,0.3541287
32932,0.10376544
32933,0.05985818
32934,0.041424148
32935,0.037770703
32936,0.040341668
32937,0.0093869865
32938,0.35688362
32939,0.013234128
32940,0.031806268
32941,0.076446585
32942,0.0721008
32943,0.031086748
32944,0.055609014
32945,0.26755312
32946,0.115040354
32947,0.00630143
32948,0.11790269
32949,0.112676255
32950,0.095219195
32951,0.9869868
32952,0.9078539
32953,0.7227354
32954,0.0089274105
32955,0.0020560538
32956,0.054068148
32957,0.024072796
32958,0.45233664
32959,0.0804631
32960,0.17120762
32961,0.02576854
32962,0.13196182
32963,0.0122918375
32964,0.1642577
32965,0.06556245
32966,0.13889411
32967,0.18157117
32968,0.3569056
32969,0.5442632
32970,0.086252965
32971,0.10411258
32972,0.06607499
32973,0.05255566
32974,0.072147675
32975,0.043901447
32976,0.020739049
32977,0.09503333
32978,0.15849508
32979,0.043521013
32980,0.18933484
32981,0.023340698
32982,0.9688238
32983,0.9914303
32984,1.0
32985,0.060789287
32986,0.03978563
32987,0.11117548
32988,0.46116298
32989,0.032294944
32990,0.012230083
32991,0.016504938
32992,0.022471895
32993,0.06735947
32994,0.03843116
32995,0.26107112
32996,0.99154687
32997,0.025350012
32998,0.09832555
32999,0.05622026
33000,0.087880634
33001,0.05617743
33002,0.09733869
33003,0.22404397
33004,0.1372152
33005,0.092827514
33006,0.14694402
33007,0.060513534
33008,0.031870034
33009,0.29960838
33010,0.28327137
33011,0.19014426
33012,0.121330656
33013,0.022874907
33014,0.0969449
33015,0.090402715
33016,0.16691174
33017,0.017786501
33018,0.023058955
33019,0.012495987
33020,0.024341736
33021,0.030197583
33022,0.029434303
33023,0.1820006
33024,0.4957625
33025,0.15815075
33026,0.13475797
33027,0.07496181
33028,0.11361297
33029,0.11557869
33030,0.54471576
33031,0.07144523
33032,0.025188405
33033,0.029892566
33034,0.029553175
33035,0.13095295
33036,0.18124628
33037,0.12854746
33038,0.35893384
33039,0.22093417
33040,0.13118394
33041,1.0
33042,0.1739767
33043,0.1334959
33044,0.19425236
33045,0.010755127
33046,0.03485752
33047,0.3539416
33048,0.04353829
33049,0.022458682
33050,0.015055894
33051,0.03476659
33052,0.095240034
33053,0.24422431
33054,0.26193643
33055,0.27312145
33056,0.26922178
33057,0.11577946
33058,0.13114646
33059,0.25894478
33060,0.024665017
33061,0.17014763
33062,0.106204204
33063,0.023657497
33064,0.50107056
33065,0.1624181
33066,0.032167237
33067,0.5458402
33068,0.299524
33069,0.20651373
33070,0.1497613
33071,0.10986542
33072,0.00984825
33073,0.008656012
33074,0.00058603584
33075,0.021448294
33076,0.054254897
33077,0.08099498
33078,0.059847586
33079,0.26707187
33080,0.68884254
33081,0.24245834
33082,0.15007065
33083,0.35752016
33084,0.1141
33085,0.08211017
33086,0.063997775
33087,0.14186174
33088,0.258112
33089,0.10102608
33090,0.023365209
33091,0.07860752
33092,0.106928915
33093,0.015906202
33094,0.04015035
33095,0.04978524
33096,0.0206628
33097,0.005219417
33098,0.08177521
33099,0.04704013
33100,0.06084396
33101,0.20162122
33102,0.10960923
33103,0.11801007
33104,0.5393177
33105,0.47922978
33106,0.22529562
33107,0.14475098
33108,0.046483804
33109,0.005302594
33110,0.04014029
33111,0.12903625
33112,0.046384454
33113,1.0
33114,0.084927656
33115,0.013304638
33116,0.07125116
33117,0.05768995
33118,0.1849186
33119,0.029502599
33120,0.0195032
33121,0.016456803
33122,0.03468582
33123,0.012344659
33124,0.019033773
33125,0.019184168
33126,0.05765791
33127,0.080134846
33128,0.6018054
33129,0.2845903
33130,0.2121519
33131,0.99480575
33132,0.29742137
33133,0.29482543
33134,0.1612061
33135,0.042474966
33136,0.035723828
33137,0.03998668
33138,0.055532802
33139,0.030903319
33140,0.04773425
33141,0.025699606
33142,0.35473615
33143,0.104632005
33144,0.28575715
33145,0.026040103
33146,0.15488327
33147,0.14451177
33148,0.28775448
33149,0.1745779
33150,0.07634979
33151,0.023824701
33152,0.012274525
33153,0.08947262
33154,0.9936759
33155,0.23305237
33156,0.74524003
33157,0.24529319
33158,0.2385723
33159,0.19940239
33160,0.21331607
33161,0.052180074
33162,0.015758546
33163,0.025303
33164,0.023866873
33165,0.14643803
33166,0.099094175
33167,0.12982708
33168,0.29351613
33169,0.018886326
33170,0.090405464
33171,0.24557939
33172,0.047674753
33173,0.01234497
33174,0.065244004
33175,0.23378614
33176,0.027181294
33177,0.15073736
33178,0.12961383
33179,0.069922134
33180,0.119753994
33181,0.107988566
33182,0.03924757
33183,0.010530481
33184,0.1330148
33185,0.13687114
33186,0.03889468
33187,0.017709943
33188,0.09511729
33189,0.008464115
33190,0.08211585
33191,0.030887032
33192,0.011496538
33193,0.08662583
33194,0.02661901
33195,0.053784575
33196,0.011111571
33197,0.19015828
33198,0.30725136
33199,0.6419437
33200,0.2159612
33201,0.01786976
33202,0.017447278
33203,0.0124592185
33204,0.046347767
33205,0.0708606
33206,0.0867351
33207,0.015698697
33208,0.029772671
33209,0.07092108
33210,0.004238528
33211,0.0202806
33212,0.0067203143
33213,0.044841114
33214,0.038466074
33215,0.35393384
33216,0.00859055
33217,0.0097674
33218,0.009954518
33219,0.042183712
33220,0.07439745
33221,0.35411778
33222,0.1850757
33223,0.012369059
33224,0.010796585
33225,0.17214806
33226,0.012372066
33227,0.05581109
33228,0.013725824
33229,0.05506134
33230,0.13947135
33231,0.038789213
33232,0.018229892
33233,0.010294038
33234,0.29507977
33235,0.14067502
33236,0.014731923
33237,0.01862701
33238,0.102427945
33239,0.039212544
33240,0.018241908
33241,0.023960998
33242,0.0334194
33243,0.021234006
33244,0.25319993
33245,0.037319835
33246,0.0012969141
33247,0.026234265
33248,0.06671578
33249,0.057060845
33250,0.23161271
33251,0.12867807
33252,0.2863635
33253,0.14465712
33254,0.007948373
33255,0.013122159
33256,0.032588955
33257,0.119412534
33258,0.02120896
33259,0.31419346
33260,0.091950744
33261,0.114441656
33262,0.024751373
33263,0.033683617
33264,0.05297173
33265,0.26397973
33266,0.48876044
33267,0.10265268
33268,0.09334861
33269,0.0137553075
33270,0.091027826
33271,0.047646333
33272,0.08972674
33273,0.147192
33274,0.09409759
33275,0.0864401
33276,0.991414
33277,0.01582033
33278,0.0938175
33279,0.15187475
33280,0.07412561
33281,0.026454603
33282,0.13246404
33283,0.36109024
33284,0.06802248
33285,0.18611832
33286,0.039223775
33287,0.007794665
33288,0.065673836
33289,0.008452868
33290,0.061457537
33291,0.031539373
33292,0.038366105
33293,0.047242243
33294,0.07142985
33295,0.021512391
33296,0.02760354
33297,0.08054513
33298,0.0234028
33299,0.10552018
33300,0.03906398
33301,0.0036517652
33302,0.08320952
33303,0.05226187
33304,0.020769542
33305,0.02126178
33306,0.06240455
33307,1.0
33308,0.021491203
33309,0.17800975
33310,0.059291463
33311,0.0401978
33312,0.05067828
33313,0.036348708
33314,0.0047840923
33315,0.015367289
33316,0.27828494
33317,0.020934135
33318,0.005428042
33319,0.007035249
33320,0.045426127
33321,0.24727663
33322,0.020178225
33323,0.10802401
33324,0.028848028
33325,0.022947824
33326,0.005027738
33327,0.31467736
33328,0.025271436
33329,0.017064102
33330,0.004777996
33331,0.019059092
33332,0.05325841
33333,0.0065052495
33334,0.008720998
33335,0.12489574
33336,0.052379042
33337,0.0020163658
33338,0.11589108
33339,0.15488833
33340,0.1329832
33341,0.050344836
33342,0.034075346
33343,0.033135008
33344,0.07412745
33345,0.017425416
33346,0.05971567
33347,0.13279079
33348,0.13905412
33349,0.006519482
33350,0.0077603525
33351,0.05403135
33352,0.023953602
33353,0.009629643
33354,0.009335736
33355,0.09718221
33356,0.06605235
33357,0.10396355
33358,0.18950544
33359,0.32474104
33360,0.008447882
33361,0.0008093423
33362,0.029069401
33363,0.0070217517
33364,0.014719711
33365,0.0127781
33366,0.008201229
33367,0.008470327
33368,0.14656372
33369,0.04246475
33370,0.029766282
33371,0.01318526
33372,0.011837709
33373,0.042411115
33374,0.013287529
33375,0.012770436
33376,0.006315632
33377,0.17090993
33378,0.034045734
33379,0.022768894
33380,0.034255117
33381,0.00614521
33382,0.11606633
33383,0.0132758245
33384,0.09196882
33385,0.008643959
33386,0.42651317
33387,0.1566501
33388,0.055628616
33389,0.109815724
33390,0.012221999
33391,0.08725646
33392,0.017265107
33393,0.0101092085
33394,0.18823385
33395,0.01326986
33396,0.10997933
33397,0.18212442
33398,0.030023329
33399,0.044826098
33400,0.040285397
33401,0.023863627
33402,0.008635782
33403,0.009621325
33404,0.04907116
33405,0.022858053
33406,0.009403068
33407,0.0072002527
33408,0.1165164
33409,0.060510743
33410,0.24758442
33411,0.0075547746
33412,0.0017366642
33413,0.02752173
33414,0.0071858326
33415,0.038693946
33416,0.014017286
33417,0.03061642
33418,0.020919872
33419,0.012219104
33420,0.040194824
33421,0.29526633
33422,0.22530253
33423,0.018310288
33424,0.1977445
33425,0.0131717315
33426,0.015275901
33427,0.037604023
33428,0.0028529137
33429,0.012764626
33430,0.04331793
33431,0.0279497
33432,0.01434577
33433,0.022623705
33434,0.033485975
33435,0.04523587
33436,0.035551492
33437,0.1848605
33438,0.0340167
33439,0.07446015
33440,0.30336002
33441,0.057085518
33442,0.12755862
33443,0.034552924
33444,0.34499267
33445,0.2227531
33446,0.0032473519
33447,0.2936632
33448,0.15843372
33449,0.35677958
33450,0.2785309
33451,0.10238165
33452,0.09258808
33453,0.02489016
33454,0.33407184
33455,0.90300804
33456,0.20144553
33457,0.07545585
33458,0.16644692
33459,0.3943189
33460,0.13324513
33461,0.0004561321
33462,0.031593766
33463,0.07552504
33464,0.01429144
33465,0.019075816
33466,0.118619785
33467,0.27344626
33468,0.714214
33469,0.6999892
33470,0.047647357
33471,0.05541533
33472,0.120655596
33473,0.27749634
33474,0.079504274
33475,0.006658265
33476,0.16915941
33477,0.073659934
33478,0.032764252
33479,0.4187801
33480,0.1757146
33481,0.2798285
33482,0.8013612
33483,0.19312386
33484,0.54584163
33485,0.11751267
33486,0.2871058
33487,0.12567955
33488,0.035827395
33489,0.02254187
33490,0.18496138
33491,0.0072381184
33492,0.053027857
33493,0.0965673
33494,0.24799162
33495,0.01791443
33496,0.0658182
33497,0.14291145
33498,0.21278545
33499,0.091698095
33500,0.028413331
33501,0.019607972
33502,0.06442827
33503,0.114397734
33504,0.052026033
33505,0.03977154
33506,0.024155822
33507,0.010848661
33508,0.2807889
33509,0.17249745
33510,0.26883373
33511,0.021562828
33512,0.07199204
33513,0.015498307
33514,0.58789885
33515,0.21770318
33516,0.11438746
33517,0.41474018
33518,0.7114782
33519,0.005431962
33520,0.08941303
33521,0.06842197
33522,0.009546417
33523,0.060603034
33524,0.015783321
33525,0.026398785
33526,0.043189198
33527,0.17376955
33528,0.083421014
33529,0.2636197
33530,0.59729266
33531,0.09384812
33532,0.05837192
33533,0.0061595263
33534,0.0077109844
33535,0.029710157
33536,0.3465944
33537,0.016013825
33538,0.17798682
33539,0.041037817
33540,0.34946486
33541,0.6219135
33542,0.2064171
33543,0.017875817
33544,0.0066460255
33545,0.052136295
33546,0.09436489
33547,0.02403264
33548,0.21249852
33549,0.20457384
33550,0.11601661
33551,0.13147679
33552,0.09980485
33553,0.04216739
33554,0.017005416
33555,0.02481479
33556,0.03222057
33557,0.1003641
33558,0.07938273
33559,0.088225484
33560,0.011622993
33561,0.0037736036
33562,0.022289995
33563,0.009491851
33564,0.008456412
33565,0.035435162
33566,0.060588118
33567,0.013875141
33568,0.02292593
33569,0.50048333
33570,0.29568553
33571,0.050786465
33572,0.031296186
33573,0.031962793
33574,0.117346495
33575,0.085538276
33576,0.032979496
33577,0.014298871
33578,0.018434333
33579,0.0042632846
33580,0.17422968
33581,0.04299632
33582,0.03669732
33583,0.024149578
33584,0.005798663
33585,0.064856544
33586,0.052792165
33587,0.172302
33588,0.19051376
33589,0.19115591
33590,0.03243243
33591,0.037144635
33592,0.003781321
33593,0.06718459
33594,0.013777587
33595,0.1686653
33596,0.027602393
33597,0.39541304
33598,0.06565579
33599,0.02095645
33600,0.11789166
33601,0.03244775
33602,0.069411404
33603,0.018604944
33604,0.008467339
33605,0.012217818
33606,0.112940066
33607,0.02483973
33608,0.029537823
33609,0.09907577
33610,0.019042436
33611,0.08371824
33612,0.074558705
33613,0.10754359
33614,0.17836528
33615,0.31296492
33616,0.06278124
33617,0.021183325
33618,0.093154155
33619,0.000702564
33620,0.043356664
33621,0.0016931935
33622,0.103896365
33623,0.08308288
33624,0.07062293
33625,0.06214311
33626,0.13516161
33627,0.074013494
33628,0.052584615
33629,0.0147329075
33630,0.026890894
33631,0.17387514
33632,0.029376613
33633,0.10653677
33634,0.07658226
33635,0.009834237
33636,0.028271167
33637,0.037186332
33638,0.10484185
33639,0.054042872
33640,0.106659494
33641,0.0952854
33642,0.16159126
33643,0.14918816
33644,0.20297931
33645,0.011811464
33646,0.08906559
33647,0.008461365
33648,0.051492095
33649,0.061945084
33650,0.07582692
33651,0.06635346
33652,0.0400417
33653,0.060171727
33654,0.027617805
33655,0.07217192
33656,0.065783605
33657,0.021089796
33658,0.033253886
33659,0.10405891
33660,0.011593937
33661,0.057069033
33662,0.1893493
33663,0.030545594
33664,0.10976152
33665,0.42314437
33666,0.08926594
33667,0.09671051
33668,0.06045762
33669,0.09744192
33670,0.0766239
33671,0.07995774
33672,0.023246557
33673,0.008918798
33674,0.01011849
33675,0.034021776
33676,0.23865126
33677,0.06543869
33678,0.061181307
33679,0.07145979
33680,0.01254745
33681,0.0005603759
33682,0.019045075
33683,0.0061791134
33684,0.05568633
33685,0.45592114
33686,0.04090933
33687,0.049924612
33688,0.074640095
33689,0.72307265
33690,0.07558291
33691,0.0058832616
33692,0.097223945
33693,0.059142433
33694,0.15493621
33695,0.34752804
33696,0.026726639
33697,0.045518987
33698,0.1746925
33699,0.09881349
33700,0.21847972
33701,0.01591324
33702,0.17188726
33703,0.06930578
33704,0.031591404
33705,0.008085333
33706,0.11027727
33707,0.042579405
33708,0.0016249627
33709,0.1077216
33710,0.06246793
33711,0.22317052
33712,0.05126742
33713,0.029716255
33714,0.10057857
33715,0.12832724
33716,0.19717607
33717,0.04079764
33718,0.06935468
33719,0.0054525305
33720,0.10348342
33721,0.55636907
33722,0.00835481
33723,0.13150723
33724,0.3572184
33725,0.13306053
33726,0.0238666
33727,0.013688129
33728,0.00085783895
33729,0.025103653
33730,0.040100366
33731,0.25410014
33732,0.19798388
33733,0.03720984
33734,0.07826711
33735,0.16034608
33736,0.16481838
33737,0.10616479
33738,0.12529138
33739,0.22064774
33740,0.07919095
33741,0.025423871
33742,0.11266332
33743,0.08516501
33744,0.30719775
33745,0.87602395
33746,0.031835232
33747,0.29696485
33748,0.011748603
33749,0.03456367
33750,0.21979965
33751,0.0153787425
33752,0.01691532
33753,0.056261413
33754,0.030648256
33755,0.004466543
33756,0.03185317
33757,0.39630845
33758,0.015774569
33759,0.043514755
33760,0.2845675
33761,0.10640405
33762,0.2148037
33763,0.31596452
33764,0.3014129
33765,0.022598283
33766,0.18138613
33767,0.03398517
33768,0.119808145
33769,0.97444874
33770,0.39307266
33771,0.39983064
33772,0.03977169
33773,0.11687818
33774,0.05887574
33775,0.016437162
33776,0.04055987
33777,0.03165774
33778,0.033891335
33779,0.007185714
33780,0.0015135879
33781,0.029467616
33782,0.071154684
33783,0.0438231
33784,0.056312125
33785,0.10933957
33786,0.07426796
33787,0.14919128
33788,0.11619902
33789,0.06559347
33790,0.27385205
33791,0.016522503
33792,0.053663563
33793,0.9974745
33794,0.9236206
33795,0.8648815
33796,0.024856007
33797,0.14494026
33798,0.41064706
33799,0.1050183
33800,0.06794479
33801,0.008098776
33802,0.03584004
33803,0.028831828
33804,0.02805911
33805,0.005411996
33806,0.31917778
33807,0.0036757353
33808,0.02609127
33809,0.067695946
33810,0.088892445
33811,0.04911896
33812,0.055609267
33813,0.2625773
33814,0.11952454
33815,0.0059106112
33816,0.051658586
33817,0.100554
33818,0.06118356
33819,0.99569684
33820,0.77042234
33821,0.7419504
33822,0.05504901
33823,0.025170095
33824,0.4965725
33825,0.08271166
33826,0.15549377
33827,0.0054718805
33828,0.0963652
33829,0.019662192
33830,0.11605398
33831,0.08825725
33832,0.104164265
33833,0.24875365
33834,0.35260895
33835,0.49461222
33836,0.124675356
33837,0.0894018
33838,0.077691555
33839,0.027187195
33840,0.08504101
33841,0.04688941
33842,0.015823336
33843,0.024430498
33844,0.08099281
33845,0.13250338
33846,0.05571189
33847,0.21301332
33848,0.013173206
33849,0.99557436
33850,0.99798703
33851,0.9436782
33852,0.09122067
33853,0.016029537
33854,0.12756914
33855,0.490815
33856,0.012274096
33857,0.015830819
33858,0.005363379
33859,0.07251376
33860,0.05333686
33861,0.2567561
33862,1.0
33863,0.038353615
33864,0.12096249
33865,0.068837576
33866,0.12832233
33867,0.0486975
33868,0.099969275
33869,0.18510352
33870,0.0190114
33871,0.042853676
33872,0.0928198
33873,0.0954172
33874,0.048934355
33875,0.046550937
33876,0.28567404
33877,0.28873742
33878,0.17647658
33879,0.09130086
33880,0.022875616
33881,0.06781616
33882,0.06191777
33883,0.17359193
33884,0.06969388
33885,0.055733796
33886,0.028623436
33887,0.00024923802
33888,0.02989114
33889,0.025591325
33890,0.19432274
33891,0.42649612
33892,0.16050442
33893,0.13872086
33894,0.0868306
33895,0.10043944
33896,0.10768739
33897,0.5579496
33898,0.04291593
33899,0.011203208
33900,0.003948045
33901,0.040720403
33902,0.112627715
33903,0.18947403
33904,0.21383466
33905,0.3981546
33906,0.25536516
33907,0.08378097
33908,0.99975044
33909,0.12907077
33910,0.014377021
33911,0.15156455
33912,0.23132801
33913,0.023314802
33914,0.035304613
33915,0.20888703
33916,0.021412693
33917,0.00685598
33918,0.024097646
33919,0.023349702
33920,0.08380581
33921,0.25206247
33922,0.25384504
33923,0.26345485
33924,0.26257184
33925,0.11107402
33926,0.11392459
33927,0.19761099
33928,0.0015437654
33929,0.0018622479
33930,0.173785
33931,0.053868394
33932,0.042456873
33933,0.5519145
33934,0.15146755
33935,0.008684177
33936,0.45751554
33937,0.30647647
33938,0.16491564
33939,0.08599415
33940,0.11570703
33941,0.033258475
33942,0.010896192
33943,0.006828204
33944,0.016373737
33945,0.062366318
33946,0.0581491
33947,0.05803906
33948,0.26993096
33949,0.6353723
33950,0.26470602
33951,0.19977963
33952,0.39665332
33953,0.0857742
33954,0.065416574
33955,0.07786994
33956,0.13954443
33957,0.26447093
33958,0.07066496
33959,0.02336532
33960,0.07303311
33961,0.1160182
33962,0.03551343
33963,0.03810328
33964,0.039881717
33965,0.008639336
33966,0.0036005704
33967,0.012192104
33968,0.036267247
33969,0.04684396
33970,0.037232857
33971,0.06905013
33972,0.22063985
33973,0.123276494
33974,0.12718885
33975,0.4572195
33976,0.4511235
33977,0.22094151
33978,0.14753859
33979,0.027336841
33980,0.020091057
33981,0.017855255
33982,0.13961904
33983,0.011882114
33984,1.0
33985,0.045310237
33986,0.015906302
33987,0.082697
33988,0.072805665
33989,0.13478372
33990,0.062346306
33991,0.022888437
33992,0.016456906
33993,0.03201565
33994,0.0034792523
33995,0.02129757
33996,0.053534895
33997,0.08335861
33998,0.6050223
33999,0.24665329
34000,0.17368588
34001,1.0
34002,0.2882208
34003,0.35245186
34004,0.10521596
34005,0.025268504
34006,0.041508593
34007,0.02274282
34008,0.07775253
34009,0.015600493
34010,0.051007383
34011,0.12042159
34012,0.32730272
34013,0.08572379
34014,0.2530758
34015,0.03298571
34016,0.1268039
34017,0.10781859
34018,0.21606776
34019,0.17127773
34020,0.06457645
34021,0.010987388
34022,0.025978997
34023,0.104721785
34024,1.0
34025,0.25040546
34026,0.7480206
34027,0.20652644
34028,0.22500663
34029,0.12118144
34030,0.21347041
34031,0.05297006
34032,0.012229815
34033,0.026578106
34034,0.009616699
34035,0.04064906
34036,0.0002645805
34037,0.11257874
34038,0.13422221
34039,0.13901314
34040,0.27256548
34041,0.013084972
34042,0.057587937
34043,0.20667337
34044,0.029775858
34045,0.012345608
34046,0.009848251
34047,0.046220846
34048,0.1572185
34049,0.011840481
34050,0.13838196
34051,0.12534349
34052,0.073662415
34053,0.13145009
34054,0.025239771
34055,0.12280406
34056,0.039870612
34057,0.029797627
34058,0.13739276
34059,0.1322461
34060,0.029769577
34061,0.0067210337
34062,0.12875406
34063,0.0032147546
34064,0.053108975
34065,0.017682701
34066,0.10644429
34067,0.011350938
34068,0.067596324
34069,0.0413681
34070,0.1705248
34071,0.22498898
34072,0.61988777
34073,0.21808286
34074,0.0127853835
34075,0.008462325
34076,0.025130464
34077,0.021519875
34078,0.03371939
34079,0.031891543
34080,0.1449571
34081,0.0067476234
34082,0.027253553
34083,0.012774617
34084,0.065160625
34085,0.036950987
34086,0.0052393423
34087,0.010230543
34088,0.088153884
34089,0.04327899
34090,0.39267102
34091,0.012681142
34092,0.026568905
34093,0.018655142
34094,0.043112382
34095,0.0836543
34096,0.3516575
34097,0.16752538
34098,0.19565144
34099,0.012372066
34100,0.013925295
34101,0.0137265595
34102,0.046036262
34103,0.181822
34104,0.083937526
34105,0.009848222
34106,0.010971428
34107,0.018229892
34108,0.010293089
34109,0.35478455
34110,0.07232981
34111,0.0040143644
34112,0.023502644
34113,0.08659434
34114,0.02739058
34115,0.003583236
34116,0.0034319402
34117,0.02094534
34118,0.031174496
34119,0.16521758
34120,0.028151674
34121,0.025139028
34122,0.04710833
34123,0.05949555
34124,0.05276425
34125,0.22259976
34126,0.096633814
34127,0.24666655
34128,0.088598005
34129,0.0023031863
34130,0.0064600236
34131,0.06457633
34132,0.15002486
34133,0.015695116
34134,0.26669312
34135,0.16489147
34136,0.010776019
34137,0.062491987
34138,0.01785464
34139,0.013912571
34140,0.29433435
34141,0.49710846
34142,0.13743283
34143,0.12870692
34144,0.004490228
34145,0.10213388
34146,0.028413048
34147,0.07571745
34148,0.13806975
34149,0.069351055
34150,0.09098452
34151,1.0
34152,0.015820228
34153,0.039698116
34154,0.015356093
34155,0.04280414
34156,0.07012567
34157,0.015367788
34158,0.18963932
34159,0.45927352
34160,0.074444644
34161,0.18061085
34162,0.03022799
34163,0.13851167
34164,0.030466974
34165,0.056593034
34166,0.02710038
34167,0.011897416
34168,0.040108133
34169,0.051851775
34170,0.020142356
34171,0.058613796
34172,0.009173248
34173,0.020968795
34174,0.13922584
34175,0.030253706
34176,0.09532388
34177,0.026475068
34178,0.011082406
34179,0.08618532
34180,0.05120437
34181,0.060606766
34182,1.0
34183,0.037218094
34184,0.17431758
34185,0.017018253
34186,0.017794749
34187,0.02597557
34188,0.026266787
34189,0.0017692298
34190,0.30771804
34191,0.0029667127
34192,0.0070361975
34193,0.044166066
34194,0.22290982
34195,0.064136215
34196,0.08458652
34197,0.04412493
34198,0.022946976
34199,0.059201475
34200,0.2834681
34201,0.01600971
34202,0.017064102
34203,0.0062295673
34204,0.012208263
34205,0.02645401
34206,0.006505299
34207,0.012113606
34208,0.17034777
34209,0.023880536
34210,0.015830355
34211,0.08134645
34212,0.14924563
34213,0.15807872
34214,0.06889047
34215,0.06110163
34216,0.01688664
34217,0.06782819
34218,0.013783388
34219,0.097021505
34220,0.1638765
34221,0.18514808
34222,0.011802259
34223,0.025175054
34224,0.007195807
34225,0.010685617
34226,0.01702294
34227,0.014912863
34228,0.019034937
34229,0.01631634
34230,0.07883303
34231,0.03203853
34232,0.15005834
34233,0.018566918
34234,0.15477373
34235,0.32695326
34236,0.00085765106
34237,0.007851594
34238,0.0077320826
34239,0.028927637
34240,0.0071866433
34241,0.005890041
34242,0.019173887
34243,0.013335684
34244,0.014163122
34245,0.00847054
34246,0.08719332
34247,0.03388672
34248,0.059743624
34249,0.0131854685
34250,0.043894358
34251,0.057611234
34252,0.0003089315
34253,0.0063165547
34254,0.1817331
34255,0.010834306
34256,0.03177999
34257,0.028638253
34258,0.08426493
34259,0.02295889
34260,0.009628555
34261,0.008644694
34262,0.3734769
34263,0.06831543
34264,0.041618068
34265,0.13940494
34266,0.012222922
34267,0.07637347
34268,0.023421938
34269,0.0101082595
34270,0.12546465
34271,0.017010903
34272,0.15825345
34273,0.18474989
34274,0.021445358
34275,0.008585202
34276,0.06383671
34277,0.016337473
34278,0.004792166
34279,0.00845686
34280,0.028652081
34281,0.009402221
34282,0.14219676
34283,0.039508678
34284,0.006519306
34285,0.29559976
34286,0.017782392
34287,0.008463143
34288,0.007184884
34289,0.003984967
34290,0.04643002
34291,0.0031376788
34292,0.03388143
34293,0.0016144414
34294,0.029453445
34295,0.010313314
34296,0.012219206
34297,0.005891947
34298,0.33594415
34299,0.20427033
34300,0.03002599
34301,0.16168967
34302,0.015275926
34303,0.020338679
34304,0.018843949
34305,0.038621705
34306,0.04594923
34307,0.025682
34308,0.011793265
34309,0.033484083
34310,0.1212513
34311,0.01634262
34312,0.28446147
34313,0.042898417
34314,0.063136585
34315,0.07812533
34316,0.14136422
34317,0.30334255
34318,0.036113027
34319,0.19492634
34320,0.099255085
34321,0.35474485
34322,0.091296114
34323,0.19885124
34324,0.09552679
34325,0.007899337
34326,0.13546488
34327,0.25491542
34328,0.86569405
34329,0.33629555
34330,0.097182386
34331,0.049699668
34332,0.39551085
34333,0.100988574
34334,0.0029856567
34335,0.042948864
34336,0.004720245
34337,0.009417804
34338,0.023906562
34339,0.08125112
34340,0.3360524
34341,0.549996
34342,0.5942944
34343,0.00925989
34344,0.022058886
34345,0.122641705
34346,0.22499144
34347,0.08330377
34348,0.04499905
34349,0.18286075
34350,0.17087221
34351,0.013955654
34352,0.30689964
34353,0.21364392
34354,0.23812412
34355,0.5512758
34356,0.1322792
34357,0.035592664
34358,0.5976641
34359,0.107556544
34360,0.30070654
34361,0.07867687
34362,0.103598766
34363,0.0035427648
34364,0.2143691
34365,0.08440189
34366,0.17065717
34367,0.048246317
34368,0.029625895
34369,0.079041205
34370,0.10269512
34371,0.30557582
34372,0.06001904
34373,0.021097202
34374,0.057791095
34375,0.11933576
34376,0.04634835
34377,0.014322958
34378,0.003626604
34379,0.01856546
34380,0.24618386
34381,0.13532104
34382,0.27979088
34383,0.00063693
34384,0.023204744
34385,0.034754388
34386,0.025636462
34387,0.01586875
34388,0.4948287
34389,0.1895325
34390,0.09636326
34391,0.45142984
34392,0.5474707
34393,0.0982001
34394,0.063089415
34395,0.018311726
34396,0.03870875
34397,0.02598058
34398,0.009846019
34399,0.13737033
34400,0.0471807
34401,0.06030215
34402,0.30528754
34403,0.49407032
34404,0.016488923
34405,0.094046414
34406,0.030998893
34407,0.049817655
34408,0.03409123
34409,0.30608824
34410,0.02005426
34411,0.02752163
34412,0.1588458
34413,0.01883593
34414,0.35320133
34415,0.53373533
34416,0.19004872
34417,0.017875817
34418,0.019715145
34419,0.063892014
34420,0.09554601
34421,0.21789955
34422,0.18993421
34423,0.10609907
34424,0.15088108
34425,0.09804128
34426,0.0042878552
34427,0.021273334
34428,0.08819235
34429,0.01411723
34430,0.020714102
34431,0.030032935
34432,0.116674356
34433,0.08509697
34434,0.09695561
34435,0.0045793927
34436,0.028166784
34437,0.015749058
34438,0.0069522304
34439,0.015381168
34440,0.031334467
34441,0.04907083
34442,0.034117375
34443,0.06280429
34444,0.42065644
34445,0.3301786
34446,0.06233271
34447,0.05022789
34448,0.013390249
34449,0.16091014
34450,0.08215344
34451,0.06122268
34452,0.016602963
34453,0.035074353
34454,0.036707927
34455,0.13719939
34456,0.044726733
34457,0.028156692
34458,0.005798663
34459,0.039114244
34460,0.060585063
34461,0.096266806
34462,0.15428239
34463,0.18362238
34464,0.035473134
34465,0.063577354
34466,0.0062230523
34467,0.046600413
34468,0.039761916
34469,0.2014787
34470,0.05989905
34471,0.49769592
34472,0.10379647
34473,0.015640073
34474,0.1642159
34475,0.053204995
34476,0.05549741
34477,0.028341427
34478,0.008467314
34479,0.012217818
34480,0.09597456
34481,0.00814728
34482,0.035649702
34483,0.0049270564
34484,0.008843698
34485,0.10790487
34486,0.06922022
34487,0.056907937
34488,0.103496276
34489,0.16205624
34490,0.30722854
34491,0.07283374
34492,0.031210668
34493,0.07229422
34494,0.02433676
34495,0.029647412
34496,0.006520238
34497,0.003086725
34498,0.14971896
34499,0.07298214
34500,0.10989281
34501,0.053031307
34502,0.11421754
34503,0.02505617
34504,0.040466953
34505,0.031059777
34506,0.0047458
34507,0.19405726
34508,0.008372767
34509,0.10398141
34510,0.040605098
34511,0.00085669575
34512,0.020708594
34513,0.021213554
34514,0.082213454
34515,0.03929715
34516,0.08922583
34517,0.08826957
34518,0.21077378
34519,0.15572573
34520,0.19143265
34521,0.005827904
34522,0.12473783
34523,0.012800002
34524,0.05922044
34525,0.05402167
34526,0.10817725
34527,0.047791522
34528,0.10049282
34529,0.0643711
34530,0.10242903
34531,0.07462822
34532,0.038353037
34533,0.014418425
34534,0.06462137
34535,0.005773397
34536,0.055513903
34537,0.22175495
34538,0.070155725
34539,0.099632874
34540,0.4478207
34541,0.06627833
34542,0.07360973
34543,0.022989891
34544,0.08307437
34545,0.046672516
34546,0.074765064
34547,0.042072225
34548,0.028540513
34549,0.23787585
34550,0.071316585
34551,0.07396513
34552,0.04985237
34553,0.07976756
34554,0.032015327
34555,0.0057782317
34556,0.0068941847
34557,0.0584347
34558,0.49464175
34559,0.052504294
34560,0.055267274
34561,0.05328838
34562,0.7316674
34563,0.039074402
34564,0.003684646
34565,0.094074704
34566,0.04928645
34567,0.16690443
34568,0.3266761
34569,0.04652572
34570,0.00921852
34571,0.05149053
34572,0.09185664
34573,0.11259407
34574,0.20909669
34575,0.03901572
34576,0.14369717
34577,0.08625479
34578,0.056381326
34579,0.09858103
34580,0.048229977
34581,0.01641953
34582,0.0925585
34583,0.07976041
34584,0.21803945
34585,0.05482295
34586,0.015033715
34587,0.08193901
34588,0.14128485
34589,0.18006866
34590,0.048511274
34591,0.056372024
34592,0.051725253
34593,0.008925639
34594,0.12487846
34595,0.54718566
34596,0.031693242
34597,0.10102839
34598,0.42126855
34599,0.17297322
34600,0.013178699
34601,0.009399678
34602,0.00032620388
34603,0.040633686
34604,0.054032292
34605,0.27072504
34606,0.20625402
34607,0.04213024
34608,0.07827889
34609,0.16294433
34610,0.04747844
34611,0.07422675
34612,0.15496947
34613,0.22036622
34614,0.08238276
34615,0.028310344
34616,0.16687031
34617,0.08726467
34618,0.23937531
34619,0.90767384
34620,0.03183518
34621,0.28582686
34622,0.023952011
34623,0.032693442
34624,0.21063595
34625,0.0153787425
34626,0.005032293
34627,0.059756897
34628,0.031560473
34629,0.031512827
34630,0.06494624
34631,0.37140226
34632,0.009944436
34633,0.06676458
34634,0.2730929
34635,0.095704205
34636,0.19905488
34637,0.28903422
34638,0.26465237
34639,0.2224083
34640,0.10217539
34641,0.110830806
34642,0.98115474
34643,0.48984796
34644,0.3034413
34645,0.03261844
34646,0.14196663
34647,0.033655606
34648,0.0430607
34649,0.04088531
34650,0.031983573
34651,0.007185714
34652,0.0029755868
34653,0.016184084
34654,0.05817213
34655,0.09672734
34656,0.06717583
34657,0.1033806
34658,0.066512525
34659,0.12337023
34660,0.11371678
34661,0.025505794
34662,0.09280033
34663,0.2973093
34664,0.0103538325
34665,0.089009486
34666,0.99693
34667,0.94685
34668,0.713497
34669,0.21179576
34670,0.46289024
34671,0.15819441
34672,0.013219264
34673,0.045271724
34674,0.008099414
34675,0.010394736
34676,0.030208077
34677,0.035089407
34678,0.0042495313
34679,0.37118888
34680,0.010057593
34681,0.036818624
34682,0.052316952
34683,0.087656744
34684,0.008096571
34685,0.04838338
34686,0.20834853
34687,0.08935648
34688,0.034866914
34689,0.12109032
34690,0.0949807
34691,0.10430643
34692,1.0
34693,0.9310662
34694,0.6326684
34695,0.008926564
34696,0.011848545
34697,0.03874465
34698,0.0038266012
34699,0.007866325
34700,0.49647096
34701,0.07326938
34702,0.21601835
34703,0.042198595
34704,0.1556835
34705,0.101811975
34706,0.09888362
34707,0.13100946
34708,0.42557588
34709,0.315256
34710,0.49655363
34711,0.09197109
34712,0.11558156
34713,0.074927606
34714,0.0518895
34715,0.056793418
34716,0.040608723
34717,0.022950264
34718,0.033013776
34719,0.10709235
34720,0.12659764
34721,0.048498433
34722,0.21822709
34723,0.014215587
34724,0.968745
34725,1.0
34726,0.9828129
34727,0.069833934
34728,0.034297977
34729,0.12736979
34730,0.011603118
34731,0.46088046
34732,0.003981487
34733,0.004313472
34734,0.0065022786
34735,0.03159708
34736,0.07341794
34737,0.035299152
34738,0.22149277
34739,1.0
34740,0.057917923
34741,0.067774475
34742,0.038483113
34743,0.12638168
34744,0.037311018
34745,0.14691347
34746,0.104609646
34747,0.031698383
34748,0.10601291
34749,0.077907145
34750,0.08600872
34751,0.021534042
34752,0.32935616
34753,0.26303667
34754,0.1217966
34755,0.055465307
34756,0.022874692
34757,0.085853815
34758,0.061914094
34759,0.19716103
34760,0.060062356
34761,0.04848331
34762,0.02817008
34763,0.0030848195
34764,0.02988914
34765,0.010121632
34766,0.1878215
34767,0.39230934
34768,0.15242094
34769,0.16132542
34770,0.070042975
34771,0.1478731
34772,0.13312116
34773,0.5510557
34774,0.035005014
34775,0.028115306
34776,0.04711739
34777,0.022500752
34778,0.1309076
34779,0.16061957
34780,0.27282125
34781,0.4258022
34782,0.2184984
34783,0.089416355
34784,0.9962743
34785,0.16033177
34786,0.0143762855
34787,0.14414701
34788,0.21795577
34789,0.04078403
34790,0.06666182
34791,0.25351566
34792,0.037510194
34793,0.014305865
34794,0.0054930323
34795,0.03537021
34796,0.07896939
34797,0.23243165
34798,0.23851384
34799,0.23804566
34800,0.17136638
34801,0.104680724
34802,0.14959352
34803,0.2401438
34804,0.0027446016
34805,0.19411261
34806,0.10973474
34807,0.0829627
34808,0.39934662
34809,0.26926094
34810,0.046421573
34811,0.42918003
34812,0.3707251
34813,0.0047803866
34814,0.14727636
34815,0.116098136
34816,0.14236821
34817,0.028777208
34818,0.009847301
34819,0.000677897
34820,0.013757398
34821,0.00058603584
34822,0.056973223
34823,0.08243961
34824,0.051184576
34825,0.06990285
34826,0.28131163
34827,0.7041443
34828,0.30902198
34829,0.20414864
34830,0.37380573
34831,0.094354816
34832,0.0064858682
34833,0.046984263
34834,0.05074377
34835,0.12917636
34836,0.24612798
34837,0.06787712
34838,0.00903854
34839,0.064234525
34840,0.09337498
34841,0.038294204
34842,0.027283575
34843,0.04806678
34844,0.027143504
34845,0.03279341
34846,0.063111044
34847,0.08626978
34848,0.23412533
34849,0.11814851
34850,0.12553805
34851,0.48700377
34852,0.48509812
34853,0.20449352
34854,0.14255023
34855,0.06754712
34856,0.040220622
34857,0.010707916
34858,0.16380778
34859,0.016313521
34860,0.9930623
34861,0.090466164
34862,0.022278585
34863,0.09325951
34864,0.09482595
34865,0.15348984
34866,0.06705836
34867,0.047779914
34868,0.016457753
34869,0.0653346
34870,0.02685708
34871,0.06975601
34872,0.03860645
34873,0.545521
34874,0.23641889
34875,0.16535379
34876,0.9990741
34877,0.26793075
34878,0.35335076
34879,0.12774953
34880,0.010304132
34881,0.0025172022
34882,0.008508436
34883,0.063674815
34884,0.051127896
34885,0.033228494
34886,0.051337883
34887,0.45573902
34888,0.07260225
34889,0.2473975
34890,0.054882817
34891,0.109913915
34892,0.10236064
34893,0.22682086
34894,0.18555675
34895,0.010006646
34896,0.0053282036
34897,0.0294875
34898,0.10012559
34899,0.9954232
34900,0.2545902
34901,0.7391127
34902,0.27339128
34903,0.23835602
34904,0.1265884
34905,0.21150179
34906,0.0025673143
34907,0.021004653
34908,0.015660642
34909,0.007865306
34910,0.023866873
34911,0.14437447
34912,0.11575662
34913,0.10688247
34914,0.28239143
34915,0.010795861
34916,0.016815009
34917,0.28047338
34918,0.008039511
34919,0.007851594
34920,0.05589692
34921,0.17836015
34922,0.012297013
34923,0.08965942
34924,0.091874376
34925,0.097960286
34926,0.16165262
34927,0.03454822
34928,0.13059571
34929,0.07499902
34930,0.025847485
34931,0.11778322
34932,0.10029548
34933,0.03730741
34934,0.00087105605
34935,0.13393389
34936,0.008463244
34937,0.12361792
34938,0.060005277
34939,0.036851957
34940,0.08196247
34941,0.013272701
34942,0.015969153
34943,0.006355793
34944,0.15524302
34945,0.23176484
34946,0.8512488
34947,0.19272283
34948,0.0050248387
34949,0.017869024
34950,0.017447278
34951,0.019996716
34952,0.041395105
34953,0.04651262
34954,0.15538743
34955,0.010926667
34956,0.027254004
34957,0.0052745976
34958,0.042204447
34959,0.040234078
34960,0.0047730072
34961,0.022517346
34962,0.006720212
34963,0.08928518
34964,0.04254648
34965,0.3144404
34966,0.01268104
34967,0.014624665
34968,0.019866787
34969,0.050555192
34970,0.09674362
34971,0.37007344
34972,0.18878289
34973,0.22129728
34974,0.027410649
34975,0.06517796
34976,0.14645381
34977,0.033443823
34978,0.009848222
34979,0.018229892
34980,0.37089297
34981,0.051814508
34982,0.014973445
34983,0.013195262
34984,0.025300035
34985,0.12093945
34986,0.025600303
34987,0.024617126
34988,0.002809886
34989,0.00792398
34990,0.06316371
34991,0.17715085
34992,0.01630923
34993,0.0050281323
34994,0.054794118
34995,0.05727764
34996,0.032442477
34997,0.061028767
34998,0.17805088
34999,0.081879206
35000,0.1970251
35001,0.05737161
35002,0.009895197
35003,0.01535709
35004,0.038742278
35005,0.08069817
35006,0.007819566
35007,0.28387365
35008,0.0148788225
35009,0.18641016
35010,0.0014633137
35011,0.028549042
35012,0.023459056
35013,0.26420045
35014,0.42421982
35015,0.10578849
35016,0.11719956
35017,0.009412654
35018,0.17354816
35019,0.02599165
35020,0.054345172
35021,0.10118811
35022,0.13780129
35023,0.1471372
35024,1.0
35025,0.01582033
35026,0.07859296
35027,0.055764135
35028,0.0612356
35029,0.023834754
35030,0.2374003
35031,0.544421
35032,0.08346929
35033,0.1580919
35034,0.015162353
35035,0.12984827
35036,0.02073174
35037,0.07696453
35038,0.0073241303
35039,0.007045326
35040,0.03364749
35041,0.056575175
35042,0.008634819
35043,0.030029241
35044,0.0680561
35045,0.022886502
35046,0.1843897
35047,0.07169602
35048,0.004197744
35049,0.017938841
35050,0.1038556
35051,0.1078262
35052,0.09168044
35053,1.0
35054,0.051579237
35055,0.16647272
35056,0.030386304
35057,0.02482581
35058,0.0246562
35059,0.012120899
35060,0.0022726937
35061,0.010133773
35062,0.35607123
35063,0.0046980986
35064,0.007035249
35065,0.00035704335
35066,0.015726402
35067,0.034742497
35068,0.17183034
35069,0.058671422
35070,0.15165225
35071,0.032748483
35072,0.022947824
35073,0.048545294
35074,0.35296318
35075,0.011334496
35076,0.010755328
35077,0.0047789444
35078,0.0029817456
35079,0.027258093
35080,0.006506145
35081,0.0056404807
35082,0.1897137
35083,0.032780122
35084,0.04177384
35085,0.1078654
35086,0.121197395
35087,0.13789333
35088,0.10824567
35089,0.071365975
35090,0.019583229
35091,0.10049405
35092,0.032070354
35093,0.12701146
35094,0.14929608
35095,0.13669994
35096,0.023954084
35097,0.0007276211
35098,0.010281791
35099,0.021192148
35100,0.008466024
35101,0.008578842
35102,0.03072005
35103,0.0122469915
35104,0.008919461
35105,0.018778453
35106,0.0900183
35107,0.0378293
35108,0.15005712
35109,0.009444636
35110,0.23061614
35111,0.007864903
35112,0.33658123
35113,0.010895469
35114,0.019180212
35115,0.02347981
35116,0.010108397
35117,0.011838606
35118,0.0071866433
35119,0.017605528
35120,0.01803009
35121,0.0126983775
35122,0.001226128
35123,0.1089675
35124,0.028455703
35125,0.04706375
35126,0.013186106
35127,0.011837606
35128,0.03738077
35129,0.0063298917
35130,0.007707941
35131,0.17087132
35132,0.015279962
35133,0.028577993
35134,0.00029031254
35135,0.013919952
35136,0.070099555
35137,0.09197362
35138,0.0008900174
35139,0.009628555
35140,0.008644669
35141,0.39636844
35142,0.07487621
35143,0.04849348
35144,0.14587009
35145,0.06135481
35146,0.03293837
35147,0.10842839
35148,0.012232015
35149,0.1403213
35150,0.13501914
35151,0.0022246842
35152,0.018175894
35153,0.08180056
35154,0.05646278
35155,0.017603576
35156,0.008920544
35157,0.14665547
35158,0.069282904
35159,0.30320835
35160,0.005720954
35161,0.027521411
35162,0.012228081
35163,0.03990944
35164,0.011682623
35165,0.0070330114
35166,0.022514252
35167,0.08424602
35168,0.014856382
35169,0.041481134
35170,0.32046068
35171,0.22303142
35172,0.05358518
35173,0.18479781
35174,0.014718738
35175,0.0071981647
35176,0.03863374
35177,0.105153695
35178,0.09986647
35179,0.034867752
35180,0.03050492
35181,0.033466917
35182,0.03385272
35183,0.10021034
35184,0.1326745
35185,0.029185167
35186,0.021803811
35187,0.3304094
35188,0.022887478
35189,0.152527
35190,0.042926032
35191,0.19638813
35192,0.1628166
35193,0.09162897
35194,0.013558128
35195,0.014102923
35196,0.20050482
35197,0.108297534
35198,0.36994916
35199,0.09110402
35200,0.29456457
35201,0.16561542
35202,0.17787622
35203,0.014204775
35204,0.012244599
35205,0.24635853
35206,0.019005992
35207,0.7406227
35208,0.2948449
35209,0.029484048
35210,0.35233116
35211,0.06064376
35212,0.016610397
35213,0.060147423
35214,0.010407006
35215,0.019692505
35216,0.0049899793
35217,0.08153608
35218,0.34056607
35219,0.5555322
35220,0.49758312
35221,0.04222555
35222,0.04612457
35223,0.02507031
35224,0.11967408
35225,0.2138684
35226,0.007859344
35227,0.014008466
35228,0.054040592
35229,0.056534417
35230,0.11330794
35231,0.22248732
35232,0.0051893643
35233,0.33834544
35234,0.17334272
35235,0.21611653
35236,0.6308107
35237,0.1151683
35238,0.4254785
35239,0.01746633
35240,0.08455141
35241,0.3158458
35242,0.047290474
35243,0.1010012
35244,0.0040842225
35245,0.17808016
35246,0.043692175
35247,0.085289426
35248,0.1678491
35249,0.032260638
35250,0.03438055
35251,0.1231152
35252,0.25344577
35253,0.040112164
35254,0.06500103
35255,0.065291315
35256,0.08242324
35257,0.006127698
35258,0.012135746
35259,0.08348171
35260,0.12682885
35261,0.049605872
35262,0.1638583
35263,0.021561798
35264,0.0460813
35265,0.067792974
35266,0.024266789
35267,0.015417444
35268,0.03906329
35269,0.37532806
35270,0.1311143
35271,0.12337318
35272,0.42501104
35273,0.4937912
35274,0.11021895
35275,0.120937824
35276,0.04538872
35277,0.05069017
35278,0.07961231
35279,0.12085887
35280,0.017937126
35281,0.23116827
35282,0.39157298
35283,0.08898314
35284,0.050579615
35285,0.03760976
35286,0.042621665
35287,0.31982243
35288,0.0037469412
35289,0.042706296
35290,0.14537369
35291,0.2746794
35292,0.5310156
35293,0.19419244
35294,0.03289472
35295,0.019715065
35296,0.05136113
35297,0.11784597
35298,0.009420616
35299,0.034604236
35300,0.01100499
35301,0.16038607
35302,0.1942873
35303,0.103480875
35304,0.13361187
35305,0.08159926
35306,0.049309205
35307,0.026060132
35308,0.042884823
35309,0.031741716
35310,0.1430857
35311,0.042231258
35312,0.05730251
35313,0.01162221
35314,0.008713647
35315,0.04447104
35316,0.017029762
35317,0.01030905
35318,0.0259602
35319,0.04907403
35320,0.025639893
35321,0.11285429
35322,0.4560908
35323,0.34194374
35324,0.06382378
35325,0.026925765
35326,0.024269883
35327,0.16092138
35328,0.07663334
35329,0.015813816
35330,0.07935225
35331,0.0077707237
35332,0.07112047
35333,0.1858542
35334,0.025323004
35335,0.010872252
35336,0.028157316
35337,0.050940856
35338,0.04563903
35339,0.14714012
35340,0.13080698
35341,0.20285657
35342,0.041153155
35343,0.023960913
35344,0.015824173
35345,0.033163846
35346,0.02710998
35347,0.008933628
35348,0.2017926
35349,0.0646918
35350,0.39022416
35351,0.10676065
35352,0.018826803
35353,0.11776837
35354,0.037336316
35355,0.07418946
35356,0.02143128
35357,0.008466581
35358,0.10134909
35359,0.038794607
35360,0.015818264
35361,0.069791414
35362,0.028665517
35363,0.07017356
35364,0.047747374
35365,0.079265796
35366,0.1503681
35367,0.27719593
35368,0.0490626
35369,0.011317963
35370,0.090967864
35371,0.02376301
35372,0.0555597
35373,0.1254935
35374,0.1388674
35375,0.1191751
35376,0.0071647433
35377,0.108041
35378,0.008732818
35379,0.0068828324
35380,0.014163085
35381,0.014836198
35382,0.21766758
35383,0.010117778
35384,0.029374558
35385,0.0777678
35386,0.065498754
35387,0.023475228
35388,0.0065961475
35389,0.061024953
35390,0.048135795
35391,0.10973126
35392,0.074462436
35393,0.20924953
35394,0.15035
35395,0.20312425
35396,0.011811655
35397,0.09793893
35398,0.03599538
35399,0.0604402
35400,0.09089808
35401,0.0385129
35402,0.008792203
35403,0.12853564
35404,0.030093765
35405,0.116054885
35406,0.0059618247
35407,0.0702849
35408,0.0067200456
35409,0.0047070566
35410,0.021329433
35411,0.09142506
35412,0.015771326
35413,0.029038789
35414,0.20853944
35415,0.039396856
35416,0.097726576
35417,0.4517389
35418,0.060583584
35419,0.07362324
35420,0.054707132
35421,0.11780028
35422,0.056727722
35423,0.07853028
35424,0.04843301
35425,0.19736454
35426,0.117371455
35427,0.054467168
35428,0.032501493
35429,0.0607059
35430,0.018156148
35431,0.038908277
35432,0.020219328
35433,0.019784577
35434,0.033230636
35435,0.4587083
35436,0.045741368
35437,0.0467256
35438,0.064716145
35439,0.720451
35440,0.116049334
35441,0.007004714
35442,0.09870372
35443,0.047846086
35444,0.19285144
35445,0.3204124
35446,0.057802107
35447,0.06235865
35448,0.1354645
35449,0.066649355
35450,0.14899042
35451,0.028996859
35452,0.17182913
35453,0.03138509
35454,0.06982435
35455,0.0016809667
35456,0.008955787
35457,0.08655723
35458,0.026560368
35459,0.018550837
35460,0.07935302
35461,0.06824066
35462,0.21488062
35463,0.03402842
35464,0.01772174
35465,0.08129498
35466,0.12056661
35467,0.17700157
35468,0.063733846
35469,0.063670866
35470,0.05343329
35471,0.05396914
35472,0.58209985
35473,0.004892096
35474,0.112026215
35475,0.38439795
35476,0.16072084
35477,0.013178767
35478,0.0169726
35479,0.0136880055
35480,0.033624046
35481,0.047052637
35482,0.2638418
35483,0.20122631
35484,0.050632335
35485,0.07632488
35486,0.08550086
35487,0.13141166
35488,0.10919418
35489,0.1668133
35490,0.25887707
35491,0.089670196
35492,0.0037636927
35493,0.03214698
35494,0.05929867
35495,0.1399014
35496,0.09528355
35497,0.31220183
35498,0.92315656
35499,0.04260508
35500,0.275572
35501,0.0044787484
35502,0.026000919
35503,0.2108633
35504,0.046328705
35505,0.033209708
35506,0.014054157
35507,0.07694919
35508,0.004271837
35509,0.42163846
35510,0.019301677
35511,0.06357486
35512,0.25481874
35513,0.12668574
35514,0.24611638
35515,0.23243468
35516,0.264089
35517,0.022597155
35518,0.22033845
35519,0.18419333
35520,0.09537779
35521,0.9925458
35522,0.4529799
35523,0.32716295
35524,0.011532223
35525,0.11879844
35526,0.08678209
35527,0.07219074
35528,0.028527852
35529,0.011167782
35530,0.009614521
35531,0.04982741
35532,0.0071859024
35533,0.0059249145
35534,0.009906912
35535,0.04834146
35536,0.091891244
35537,0.082929544
35538,0.07636395
35539,0.06487448
35540,0.15249082
35541,0.10672449
35542,0.0010672368
35543,0.13474372
35544,0.27368486
35545,0.00050704053
35546,0.0795996
35547,0.9943816
35548,0.98527396
35549,0.74539953
35550,0.005431135
35551,0.035825647
35552,0.037007917
35553,0.13580441
35554,0.42279214
35555,0.09212971
35556,0.019090366
35557,0.038807277
35558,0.021105021
35559,0.035544124
35560,0.04935134
35561,0.0020009605
35562,0.31170747
35563,0.008363131
35564,0.015267723
35565,0.06774375
35566,0.057301108
35567,0.034633666
35568,0.02050277
35569,0.21696682
35570,0.0842706
35571,0.0201063
35572,0.21618535
35573,0.1350662
35574,0.090509616
35575,1.0
35576,0.93270075
35577,0.6127807
35578,0.012238709
35579,0.069331154
35580,0.025169069
35581,0.004515396
35582,0.4542266
35583,0.04123268
35584,0.22112949
35585,0.06310798
35586,0.1473086
35587,0.008452263
35588,0.05067707
35589,0.071468204
35590,0.1192771
35591,0.4707949
35592,0.2922294
35593,0.53083587
35594,0.07930254
35595,0.10233954
35596,0.052766148
35597,0.060597032
35598,0.04543374
35599,0.04614358
35600,0.011683955
35601,0.008430718
35602,0.11073202
35603,0.21755967
35604,0.065818176
35605,0.1616983
35606,0.01115764
35607,0.97395116
35608,1.0
35609,0.9932952
35610,0.062360536
35611,0.06308946
35612,0.09289213
35613,0.37180796
35614,0.022983477
35615,0.008649851
35616,0.0052353092
35617,0.0076957415
35618,0.014593143
35619,0.038587518
35620,0.045850582
35621,0.20666075
35622,0.99438727
35623,0.038618404
35624,0.060419586
35625,0.068866
35626,0.08169584
35627,0.036665723
35628,0.13372752
35629,0.0881712
35630,0.0445974
35631,0.0882704
35632,0.10779901
35633,0.115703605
35634,0.03571737
35635,0.0015518467
35636,0.37254363
35637,0.29111972
35638,0.22038884
35639,0.054029223
35640,0.071332626
35641,0.18501796
35642,0.0122341355
35643,0.028326467
35644,0.008370358
35645,0.0076693958
35646,0.05300533
35647,0.038717624
35648,0.16063784
35649,0.37072325
35650,0.11446917
35651,0.12859376
35652,0.12081421
35653,0.118485525
35654,0.11367364
35655,0.5443114
35656,0.031069163
35657,0.08694247
35658,0.03157955
35659,0.04335114
35660,0.15476301
35661,0.21914557
35662,0.27302155
35663,0.4546118
35664,0.274263
35665,0.06003489
35666,1.0
35667,0.16746607
35668,0.014376238
35669,0.10986922
35670,0.21841238
35671,0.030908694
35672,0.036472358
35673,0.30190054
35674,0.015742997
35675,0.0148300035
35676,0.030288793
35677,0.023873499
35678,0.098761745
35679,0.25987223
35680,0.2279586
35681,0.27076054
35682,0.18137556
35683,0.12547247
35684,0.1351869
35685,0.30500633
35686,0.025388831
35687,0.19977091
35688,0.08908022
35689,0.05709528
35690,0.55109257
35691,0.26409256
35692,0.028259285
35693,0.421161
35694,0.35694322
35695,0.00477963
35696,0.09471084
35697,0.08264996
35698,0.065964356
35699,0.045468427
35700,0.007760315
35701,0.015261407
35702,0.028603377
35703,0.0673442
35704,0.06750655
35705,0.079344876
35706,0.2629263
35707,0.61733675
35708,0.27518904
35709,0.166787
35710,0.35012123
35711,0.0758128
35712,0.06844234
35713,0.034296863
35714,0.09699716
35715,0.28113183
35716,0.06317393
35717,0.022341708
35718,0.07205414
35719,0.08693838
35720,0.0063322857
35721,0.05726491
35722,0.019380515
35723,0.025236566
35724,0.008660303
35725,0.022692503
35726,0.012192291
35727,0.027367584
35728,0.039406843
35729,0.044122003
35730,0.03460542
35731,0.19388154
35732,0.1387571
35733,0.105145924
35734,0.59090155
35735,0.42158997
35736,0.18836854
35737,0.15828055
35738,0.03131245
35739,0.026103953
35740,0.037776694
35741,0.17833988
35742,0.01658901
35743,0.029514192
35744,0.99938
35745,0.08076265
35746,0.016755136
35747,0.047204047
35748,0.12844658
35749,0.14533499
35750,0.052383624
35751,0.06626797
35752,0.016456991
35753,0.043531045
35754,0.024231218
35755,0.0686543
35756,0.057191852
35757,0.5969586
35758,0.26077256
35759,0.18418615
35760,0.9995173
35761,0.2736696
35762,0.35624275
35763,0.1853058
35764,0.024639463
35765,0.01341172
35766,0.01809373
35767,0.10772293
35768,0.08290289
35769,0.07181204
35770,0.047546085
35771,0.32443592
35772,0.09109082
35773,0.3189376
35774,0.035761785
35775,0.10151806
35776,0.11938004
35777,0.1641973
35778,0.20803206
35779,0.035890803
35780,0.0034962907
35781,0.010515121
35782,0.010107738
35783,0.023314537
35784,0.099958114
35785,1.0
35786,0.22808711
35787,0.72554153
35788,0.26070312
35789,0.2339512
35790,0.12329767
35791,0.23293568
35792,0.037462953
35793,0.017008761
35794,0.012294673
35795,0.04295559
35796,0.02386577
35797,0.092773385
35798,0.05054731
35799,0.08033155
35800,0.28215933
35801,0.014413562
35802,0.07675277
35803,0.39289027
35804,0.021198403
35805,0.005805137
35806,0.055456907
35807,0.17856638
35808,0.020806137
35809,0.09416311
35810,0.115476005
35811,0.09075085
35812,0.17116827
35813,0.025238741
35814,0.102348275
35815,0.10809012
35816,0.03353231
35817,0.11540641
35818,0.00524643
35819,0.16105893
35820,0.018190803
35821,0.01399371
35822,0.14030166
35823,0.008463357
35824,0.028536053
35825,0.15276605
35826,0.043417163
35827,0.08639125
35828,0.04147473
35829,0.043036718
35830,0.009113666
35831,0.14435561
35832,0.27400863
35833,0.73656297
35834,0.19772835
35835,0.024876839
35836,0.012784651
35837,0.01786863
35838,0.015842112
35839,0.02452419
35840,0.039464533
35841,0.051569734
35842,0.12848209
35843,0.012730681
35844,0.019772636
35845,0.053171355
35846,0.03439119
35847,0.0005708608
35848,0.07978
35849,0.0559553
35850,0.315659
35851,0.010723083
35852,0.015265423
35853,0.062304035
35854,0.083680384
35855,0.39485538
35856,0.21540053
35857,0.050565973
35858,0.034078725
35859,0.22350238
35860,0.055831462
35861,0.052299365
35862,0.14168158
35863,0.09170949
35864,0.01097138
35865,0.018228764
35866,0.010293329
35867,0.3237437
35868,0.011855678
35869,0.013195215
35870,0.02828551
35871,0.084581584
35872,0.01378243
35873,0.013123965
35874,0.015366088
35875,0.023947114
35876,0.03390537
35877,0.16365801
35878,0.012075117
35879,0.0396232
35880,0.087165885
35881,0.018193217
35882,0.10230401
35883,0.1329041
35884,0.035964627
35885,0.20705697
35886,0.060623795
35887,0.02127247
35888,0.011099887
35889,0.050473306
35890,0.09883339
35891,0.030720277
35892,0.2469972
35893,0.33491248
35894,0.008688616
35895,0.06000909
35896,0.03738187
35897,0.003968056
35898,0.2213209
35899,0.42326364
35900,0.0857193
35901,0.11731051
35902,0.11910839
35903,0.056149475
35904,0.10125422
35905,0.1551691
35906,0.06929944
35907,0.10978295
35908,1.0
35909,0.09265066
35910,0.06623792
35911,0.050548952
35912,0.029647168
35913,0.21427831
35914,0.4211967
35915,0.052076105
35916,0.18056978
35917,0.02045085
35918,0.185094
35919,0.005846977
35920,0.06558439
35921,0.016894769
35922,0.016857836
35923,0.07040211
35924,0.06830061
35925,0.02679793
35926,0.1390284
35927,0.004777858
35928,0.029738676
35929,0.20984381
35930,0.036986023
35931,0.04622795
35932,0.007733035
35933,0.026223497
35934,0.12902768
35935,0.16740249
35936,0.99670744
35937,0.07250891
35938,0.13024841
35939,0.07884886
35940,0.034333613
35941,0.03935527
35942,0.01841838
35943,0.005776351
35944,0.35550871
35945,0.0023563942
35946,0.005428128
35947,0.007035415
35948,0.029618189
35949,0.011610235
35950,0.080050856
35951,0.12695412
35952,0.056517735
35953,0.112594105
35954,0.045552365
35955,0.022946695
35956,0.005026978
35957,0.05166037
35958,0.2888448
35959,0.02900586
35960,0.0047781877
35961,0.010058898
35962,0.03229917
35963,0.020623637
35964,0.02411218
35965,0.20392466
35966,0.059953116
35967,0.012798619
35968,0.014146595
35969,0.09789011
35970,0.13717602
35971,0.16686954
35972,0.082657784
35973,0.037376333
35974,0.0072758063
35975,0.087128624
35976,0.022827832
35977,0.095857106
35978,0.17039962
35979,0.19799572
35980,0.0065188245
35981,0.013162925
35982,0.012198006
35983,0.010282031
35984,0.017689811
35985,0.010117615
35986,0.015779028
35987,0.0086502675
35988,0.021222593
35989,0.012806907
35990,0.05817709
35991,0.020441703
35992,0.07033824
35993,0.12258892
35994,0.23716182
35995,0.007864022
35996,0.3364071
35997,0.023479508
35998,0.010107738
35999,0.017417345
36000,0.03162453
36001,0.01221843
36002,0.0064366683
36003,0.0016014092
36004,0.007036183
36005,0.05793512
36006,0.023083273
36007,0.11075351
36008,0.035409562
36009,0.014670669
36010,0.006329238
36011,0.025674019
36012,0.14718981
36013,0.017795216
36014,0.07280168
36015,0.008639883
36016,0.030565342
36017,0.03640653
36018,0.102623984
36019,0.011837526
36020,0.37061596
36021,0.10354414
36022,0.1110215
36023,0.09358522
36024,0.012222288
36025,0.0745636
36026,0.040200967
36027,0.0894092
36028,0.023829272
36029,0.12887765
36030,0.14203306
36031,0.016638441
36032,0.013643263
36033,0.06828493
36034,0.055210035
36035,0.027227394
36036,0.023798397
36037,0.13993241
36038,0.07786429
36039,0.27863082
36040,0.0223179
36041,0.027520385
36042,0.003984335
36043,0.010738568
36044,0.042535257
36045,0.010829638
36046,0.030904228
36047,0.010312531
36048,0.02449422
36049,0.30672216
36050,0.24613404
36051,0.03760394
36052,0.12535614
36053,0.01928226
36054,0.05632457
36055,0.056742128
36056,0.035470963
36057,0.042869303
36058,0.0664817
36059,0.024695639
36060,0.11949549
36061,0.020207891
36062,0.040057965
36063,0.041711483
36064,0.0504936
36065,0.30362093
36066,0.04291707
36067,0.06242501
36068,0.07048869
36069,0.19566344
36070,0.1847571
36071,0.010490555
36072,0.007612651
36073,0.029720502
36074,0.18573475
36075,0.07287973
36076,0.36881432
36077,0.09106964
36078,0.115111224
36079,0.11577905
36080,0.24814631
36081,0.006622826
36082,0.17110811
36083,0.8747746
36084,0.2650343
36085,0.061133485
36086,0.03722827
36087,0.33601424
36088,0.033854745
36089,0.020144014
36090,0.08478447
36091,0.027659418
36092,0.017059349
36093,0.077610224
36094,0.22135076
36095,0.60483336
36096,0.5446118
36097,0.0803836
36098,0.13327144
36099,0.1311365
36100,0.14607537
36101,0.023967851
36102,0.07028568
36103,0.047899935
36104,0.08908896
36105,0.11042164
36106,0.3552996
36107,0.10558559
36108,0.08135699
36109,0.5751696
36110,0.11363696
36111,0.021641297
36112,0.35823154
36113,0.017466363
36114,0.086538605
36115,0.25963584
36116,0.037846833
36117,0.10631128
36118,0.04327947
36119,0.117811605
36120,0.11859372
36121,0.10503847
36122,0.17115046
36123,0.029641697
36124,0.046911422
36125,0.1652717
36126,0.29388174
36127,0.06528114
36128,0.020266807
36129,0.06277416
36130,0.08273537
36131,0.11621528
36132,0.052040447
36133,0.08468107
36134,0.03404916
36135,0.29213366
36136,0.065970026
36137,0.12640256
36138,0.09667687
36139,0.08193014
36140,0.015342353
36141,0.4231265
36142,0.14300999
36143,0.10252099
36144,0.30982083
36145,0.3921044
36146,0.09965866
36147,0.07650477
36148,0.018311506
36149,0.039748453
36150,0.078696474
36151,0.08768723
36152,0.04766075
36153,0.030161455
36154,0.32011116
36155,0.45889086
36156,0.10539499
36157,0.09562931
36158,0.0086448565
36159,0.01065962
36160,0.04458677
36161,0.34545338
36162,0.020053145
36163,0.0020243623
36164,0.010281192
36165,0.06345801
36166,0.017742885
36167,0.2941998
36168,0.5420796
36169,0.13120033
36170,0.019814728
36171,0.0365243
36172,0.09076822
36173,0.1377169
36174,0.016526368
36175,0.033346623
36176,0.0029060459
36177,0.15453628
36178,0.21525085
36179,0.14423694
36180,0.15353687
36181,0.060746845
36182,0.066778
36183,0.024087869
36184,0.036284607
36185,0.026077056
36186,0.14092827
36187,0.061057605
36188,0.10078437
36189,0.011622242
36190,0.017368844
36191,0.022802658
36192,0.010977802
36193,0.014728796
36194,0.022616431
36195,0.036499675
36196,0.019025974
36197,0.07458566
36198,0.4951036
36199,0.35874966
36200,0.03273636
36201,0.04699642
36202,0.013810147
36203,0.16712081
36204,0.11395648
36205,0.015814798
36206,0.12678611
36207,0.012357857
36208,0.06136347
36209,0.2637316
36210,0.0070774825
36211,0.031728588
36212,0.0018300421
36213,0.018443512
36214,0.05794217
36215,0.16909409
36216,0.12310467
36217,0.13006388
36218,0.060431335
36219,0.042891372
36220,0.008734942
36221,0.02654613
36222,0.036866296
36223,0.22524318
36224,0.09972299
36225,0.352364
36226,0.09334756
36227,0.08578011
36228,0.031612292
36229,0.040646102
36230,0.054516252
36231,0.047304973
36232,0.013797651
36233,0.06978017
36234,0.030055828
36235,0.072379805
36236,0.07282515
36237,0.07475355
36238,0.09415337
36239,0.29689866
36240,0.03424306
36241,0.0079550715
36242,0.05318966
36243,0.003935476
36244,0.018352386
36245,0.08074662
36246,0.048535693
36247,0.081817016
36248,0.032443505
36249,0.122167945
36250,0.02403048
36251,0.014680039
36252,0.003278459
36253,0.23024844
36254,0.01215188
36255,0.026544
36256,0.08641923
36257,0.04563573
36258,0.01735391
36259,0.014343288
36260,0.059752025
36261,0.07739744
36262,0.065565884
36263,0.090900905
36264,0.21289738
36265,0.1477846
36266,0.16733037
36267,0.011812585
36268,0.08304893
36269,0.043569922
36270,0.071496345
36271,0.102792084
36272,0.011906315
36273,0.013659795
36274,0.06844601
36275,0.12508017
36276,0.0076376963
36277,0.0680589
36278,0.04058196
36279,0.0865906
36280,0.017339505
36281,0.045640472
36282,0.19884606
36283,0.045456424
36284,0.11262411
36285,0.48508954
36286,0.0710119
36287,0.08799399
36288,0.045562156
36289,0.05679943
36290,0.044817936
36291,0.07851502
36292,0.07406162
36293,0.009627991
36294,0.0454621
36295,0.20684077
36296,0.10466485
36297,0.060095437
36298,0.0020496475
36299,0.03534104
36300,0.013563061
36301,0.004255078
36302,0.00069815957
36303,0.039416768
36304,0.42153203
36305,0.03880531
36306,0.05486468
36307,0.04851351
36308,0.7089731
36309,0.10122313
36310,0.004740206
36311,0.089237586
36312,0.050272297
36313,0.1892183
36314,0.3244448
36315,0.055025775
36316,0.0347265
36317,0.11100478
36318,0.08674285
36319,0.057690702
36320,0.16695343
36321,0.011406444
36322,0.10887047
36323,0.066930026
36324,0.05703971
36325,0.002659711
36326,0.021213025
36327,0.027327526
36328,0.038687676
36329,0.03326941
36330,0.06794505
36331,0.07598739
36332,0.22308406
36333,0.06446869
36334,0.011823939
36335,0.08524825
36336,0.13035455
36337,0.17797637
36338,0.052818798
36339,0.0583266
36340,0.054140758
36341,0.050114505
36342,0.4833769
36343,0.0043680253
36344,0.08703625
36345,0.37332332
36346,0.18490513
36347,0.01317982
36348,0.01697282
36349,0.0080990475
36350,0.03984965
36351,0.012687836
36352,0.21552645
36353,0.17301239
36354,0.06020855
36355,0.075571924
36356,0.12482144
36357,0.12073888
36358,0.07936024
36359,0.20917064
36360,0.263014
36361,0.063507
36362,0.050730158
36363,0.15232436
36364,0.067093045
36365,0.33716768
36366,0.9282595
36367,0.065437056
36368,0.26968595
36369,0.01269943
36370,0.036434658
36371,0.22608289
36372,0.045344237
36373,0.04775516
36374,0.013168404
36375,0.06658525
36376,0.0042720553
36377,0.42286783
36378,0.039753966
36379,0.09079983
36380,0.24658145
36381,0.1035902
36382,0.2093092
36383,0.21892145
36384,0.18232805
36385,0.022597065
36386,0.20170744
36387,0.11201476
36388,0.09535487
36389,0.9896552
36390,0.3387344
36391,0.34237915
36392,0.010210843
36393,0.14417231
36394,0.0867724
36395,0.021179104
36396,0.023393458
36397,0.01116769
36398,0.010734215
36399,0.025150402
36400,0.0131129185
36401,0.014891462
36402,0.033170205
36403,0.066508576
36404,0.058450073
36405,0.08142916
36406,0.07185257
36407,0.097773686
36408,0.07641939
36409,0.014081883
36410,0.086540416
36411,0.2938452
36412,0.059370033
36413,0.9963625
36414,0.97867984
36415,0.6277549
36416,0.0054322127
36417,0.030870147
36418,0.090239175
36419,0.42507553
36420,0.12748443
36421,0.0071404614
36422,0.055596862
36423,0.00087031204
36424,0.013577263
36425,0.03984694
36426,0.024789771
36427,0.0445362
36428,0.3420892
36429,0.013234637
36430,0.020197034
36431,0.058369163
36432,0.04817569
36433,0.026189286
36434,0.027210025
36435,0.26803258
36436,0.06348289
36437,0.14912096
36438,0.11406766
36439,0.09296588
36440,1.0
36441,0.93042564
36442,0.5562434
36443,0.009455591
36444,0.06125062
36445,0.025169006
36446,0.0042705685
36447,0.3393557
36448,0.022047471
36449,0.19978112
36450,0.08797396
36451,0.16175424
36452,0.0054177875
36453,0.11301768
36454,0.082320675
36455,0.10091534
36456,0.42598778
36457,0.3245619
36458,0.54168725
36459,0.11064414
36460,0.09207903
36461,0.03327112
36462,0.05824401
36463,0.055861033
36464,0.044451308
36465,0.028289773
36466,0.118595235
36467,0.16720217
36468,0.09048728
36469,0.11245659
36470,0.01645556
36471,0.9919322
36472,0.9927869
36473,0.99654955
36474,0.020449072
36475,0.07872533
36476,0.11123416
36477,0.4212854
36478,0.029074427
36479,0.016717615
36480,0.023955224
36481,0.026720464
36482,0.055488463
36483,0.25954086
36484,0.9976275
36485,0.03464152
36486,0.07263565
36487,0.036521904
36488,0.07100153
36489,0.02082669
36490,0.10031527
36491,0.100957386
36492,0.030533064
36493,0.10272495
36494,0.15452853
36495,0.080257244
36496,0.04446181
36497,0.45457208
36498,0.36555362
36499,0.13027208
36500,0.05029973
36501,0.06778121
36502,0.026628595
36503,0.21440548
36504,0.01861496
36505,0.044624723
36506,0.048182078
36507,0.015072983
36508,0.02734375
36509,0.039414626
36510,0.18043512
36511,0.41975304
36512,0.1304698
36513,0.15170373
36514,0.105159774
36515,0.12826397
36516,0.13982357
36517,0.5496522
36518,0.051251683
36519,0.037366208
36520,0.02599279
36521,0.086850144
36522,0.1516221
36523,0.28805467
36524,0.33724245
36525,0.2320278
36526,0.0929272
36527,0.99140227
36528,0.15102595
36529,0.014376372
36530,0.042539738
36531,0.18949014
36532,0.010133412
36533,0.032143913
36534,0.42471653
36535,0.030912384
36536,0.0074642124
36537,0.014443559
36538,0.021201832
36539,0.10485582
36540,0.26578024
36541,0.22424524
36542,0.24019516
36543,0.23322079
36544,0.09390067
36545,0.09290201
36546,0.20519918
36547,0.024665698
36548,0.21514678
36549,0.045734882
36550,0.07882562
36551,0.45452833
36552,0.2936837
36553,0.065091506
36554,0.4553852
36555,0.32772148
36556,0.004780584
36557,0.09113872
36558,0.116159745
36559,0.061984625
36560,0.039839223
36561,0.007035132
36562,0.023442293
36563,0.0414482
36564,0.06648652
36565,0.050363705
36566,0.12628603
36567,0.28250962
36568,0.6965432
36569,0.26983175
36570,0.17403829
36571,0.33437613
36572,0.107832804
36573,0.022912513
36574,0.048031937
36575,0.083861075
36576,0.118389904
36577,0.25428063
36578,0.07068719
36579,0.053227313
36580,0.05209584
36581,0.105566286
36582,0.0259509
36583,0.05808325
36584,0.08348968
36585,0.0147503335
36586,0.018021682
36587,0.012192301
36588,0.02736647
36589,0.023247063
36590,0.05166755
36591,0.04367749
36592,0.20270838
36593,0.15450096
36594,0.16272338
36595,0.5288745
36596,0.44680756
36597,0.22042796
36598,0.1990427
36599,0.04969725
36600,0.020090176
36601,0.022742383
36602,0.1078101
36603,0.01579829
36604,0.032485757
36605,1.0
36606,0.060224034
36607,0.010354869
36608,0.045624834
36609,0.079557374
36610,0.12765327
36611,0.046252914
36612,0.02866954
36613,0.0008303147
36614,0.05940612
36615,0.02100459
36616,0.012377214
36617,0.016504865
36618,0.0852344
36619,0.03315854
36620,0.5366236
36621,0.26326957
36622,0.16638836
36623,0.9995914
36624,0.23743837
36625,0.34385246
36626,0.18530124
36627,0.028326793
36628,0.015939958
36629,0.018094594
36630,0.07642978
36631,0.080086984
36632,0.031754844
36633,0.05396323
36634,0.39071104
36635,0.14247856
36636,0.27950534
36637,0.013234127
36638,0.11402935
36639,0.14450897
36640,0.1741286
36641,0.15803576
36642,0.059330396
36643,0.02530818
36644,0.0042551467
36645,0.022417406
36646,0.09989882
36647,0.9972798
36648,0.1987469
36649,0.7501959
36650,0.2690961
36651,0.2513561
36652,0.12334241
36653,0.21401028
36654,0.034050953
36655,0.04155333
36656,0.005499338
36657,0.023866631
36658,0.11358071
36659,0.06075715
36660,0.04006622
36661,0.21737805
36662,0.029489588
36663,0.097748294
36664,0.3756358
36665,0.05850453
36666,0.012345781
36667,0.009848423
36668,0.11394118
36669,0.19790159
36670,0.0062638205
36671,0.121428065
36672,0.120606855
36673,0.04697564
36674,0.14746
36675,0.03419938
36676,0.08957374
36677,0.10520856
36678,0.027118469
36679,0.16119504
36680,0.12435682
36681,0.019188616
36682,0.1081864
36683,0.008463491
36684,0.032139275
36685,0.1589676
36686,0.026253352
36687,0.0847526
36688,0.032890104
36689,0.04622935
36690,0.024584832
36691,0.11376531
36692,0.23866563
36693,0.71959263
36694,0.20750183
36695,0.006301233
36696,0.0127847595
36697,0.014010079
36698,0.017448297
36699,0.0032248304
36700,0.059238575
36701,0.021964958
36702,0.13043667
36703,0.010926018
36704,0.009288479
36705,0.013330452
36706,0.034339752
36707,0.028910996
36708,0.009627211
36709,0.013198971
36710,0.07797492
36711,0.058415633
36712,0.35430658
36713,0.01268134
36714,0.014625709
36715,0.016952427
36716,0.033134513
36717,0.06465665
36718,0.36509597
36719,0.23465508
36720,0.011172012
36721,0.02557953
36722,0.22126916
36723,0.0461191
36724,0.057200577
36725,0.21677987
36726,0.018229598
36727,0.2612066
36728,0.029682636
36729,0.013195246
36730,0.02739759
36731,0.09191492
36732,0.016656317
36733,0.034313556
36734,0.0153659955
36735,0.0132199535
36736,0.04215118
36737,0.11522069
36738,0.025110353
36739,0.07059646
36740,0.022433799
36741,0.03244862
36742,0.06295106
36743,0.21367832
36744,0.006986191
36745,0.22111635
36746,0.05609131
36747,0.012151058
36748,0.06378269
36749,0.09368879
36750,0.09167176
36751,0.32018232
36752,0.35126904
36753,0.0025028938
36754,0.0318492
36755,0.039717898
36756,0.2795683
36757,0.4847291
36758,0.07585633
36759,0.14193814
36760,0.0137554025
36761,0.10217413
36762,0.09491799
36763,0.06865946
36764,0.08674042
36765,0.091198795
36766,0.11929552
36767,1.0
36768,0.012245685
36769,0.07128207
36770,0.043858156
36771,0.064740315
36772,0.06892403
36773,0.21735741
36774,0.39535096
36775,0.040369075
36776,0.22018372
36777,0.02325003
36778,0.2072226
36779,0.020731471
36780,0.056570306
36781,0.011884936
36782,0.022680324
36783,0.0237802
36784,0.07306598
36785,0.028801106
36786,0.019115563
36787,0.13085352
36788,0.02822234
36789,0.1928286
36790,0.042189322
36791,0.013764479
36792,0.026222384
36793,0.11131659
36794,0.10792338
36795,0.047327004
36796,0.041489724
36797,0.048458483
36798,0.9978273
36799,0.10238861
36800,0.17801934
36801,0.05239825
36802,0.06610364
36803,0.0352787
36804,0.011169713
36805,0.01580426
36806,0.3407437
36807,0.0046981936
36808,0.0054290597
36809,0.0034962415
36810,0.0070363693
36811,0.03474548
36812,0.2248805
36813,0.16949695
36814,0.049718782
36815,0.05165689
36816,0.28305548
36817,0.0006590821
36818,0.04582189
36819,0.031231353
36820,0.011763116
36821,0.0014111866
36822,0.17679375
36823,0.04568879
36824,0.0037859187
36825,0.02816967
36826,0.10221657
36827,0.19366905
36828,0.14690341
36829,0.05672243
36830,0.06442914
36831,0.025840916
36832,0.046987172
36833,0.07060818
36834,0.15509568
36835,0.17882735
36836,0.006518731
36837,0.01915285
36838,0.013637763
36839,0.011821468
36840,0.012224643
36841,0.011769181
36842,0.014375503
36843,0.06326821
36844,0.057773747
36845,0.05997038
36846,0.076995775
36847,0.039995223
36848,0.14202318
36849,0.007864254
36850,0.34636536
36851,0.0142973
36852,0.0049784975
36853,0.018212993
36854,0.007186203
36855,0.00048805866
36856,0.019935893
36857,0.013335882
36858,0.0070361886
36859,0.05321584
36860,0.03278214
36861,0.13132983
36862,0.012361912
36863,0.07589008
36864,0.023289612
36865,0.17423137
36866,0.023953075
36867,0.04834312
36868,0.008639915
36869,0.064448684
36870,0.010280163
36871,0.039237916
36872,0.16130827
36873,0.4266134
36874,0.09596963
36875,0.03837276
36876,0.051210906
36877,0.044158414
36878,0.034041844
36879,0.12324328
36880,0.026466925
36881,0.17400205
36882,0.18198451
36883,0.037049863
36884,0.02828696
36885,0.020557007
36886,0.001507072
36887,0.014506676
36888,0.005232081
36889,0.0122904815
36890,0.023372818
36891,0.009402369
36892,0.18862145
36893,0.1100346
36894,0.0065718056
36895,0.30944374
36896,0.019952156
36897,0.014973047
36898,0.0039842413
36899,0.010738579
36900,0.06610039
36901,0.022836179
36902,0.029890403
36903,0.08042617
36904,0.009394691
36905,0.25735828
36906,0.29982853
36907,0.05145485
36908,0.17619619
36909,0.016625058
36910,0.038633164
36911,0.012605899
36912,0.038856946
36913,0.049553614
36914,0.07848451
36915,0.044931237
36916,0.030485252
36917,0.006982839
36918,0.09353111
36919,0.0021915894
36920,0.02008978
36921,0.34312662
36922,0.07911239
36923,0.008486245
36924,0.04268619
36925,0.23862751
36926,0.19471866
36927,0.023875123
36928,0.046918716
36929,0.014103882
36930,0.27622998
36931,0.00886339
36932,0.32716882
36933,0.011391662
36934,0.09997494
36935,0.14437796
36936,0.11782134
36937,0.009390123
36938,0.0028157686
36939,0.15419275
36940,0.0059928843
36941,0.8950274
36942,0.1926189
36943,0.04180221
36944,0.33579838
36945,0.025956782
36946,0.009419536
36947,0.055294044
36948,0.0046943612
36949,0.14854702
36950,0.21301743
36951,0.7110106
36952,0.70197064
36953,0.042232838
36954,0.07235721
36955,0.06227431
36956,0.057196397
36957,0.022479273
36958,0.06861059
36959,0.15849172
36960,0.03277767
36961,0.3919792
36962,0.19875365
36963,0.23832297
36964,0.55750805
36965,0.15843594
36966,0.39228365
36967,0.14630996
36968,0.1962244
36969,0.039425887
36970,0.0757805
36971,0.05799406
36972,0.1306104
36973,0.024502667
36974,0.16720979
36975,0.19328669
36976,0.09858944
36977,0.029639697
36978,0.059615
36979,0.20282568
36980,0.22104757
36981,0.05110591
36982,0.028420784
36983,0.042620927
36984,0.07473131
36985,0.015890766
36986,0.02415463
36987,0.056952477
36988,0.219224
36989,0.08304791
36990,0.21568544
36991,0.08037067
36992,0.013848652
36993,0.0011109955
36994,0.012150794
36995,0.42717695
36996,0.14446019
36997,0.008464269
36998,0.12907468
36999,0.35584164
37000,0.37151775
37001,0.005431947
37002,0.11298172
37003,0.12936191
37004,0.019096425
37005,0.04360662
37006,0.020222481
37007,0.047938466
37008,0.09629025
37009,0.08659901
37010,0.37226108
37011,0.5003816
37012,0.022725888
37013,0.06674978
37014,0.028764682
37015,0.051366773
37016,0.35314757
37017,0.038527776
37018,0.0065191193
37019,0.040709242
37020,0.33617297
37021,0.5501964
37022,0.10682544
37023,0.010552073
37024,0.018982574
37025,0.057035923
37026,0.08939261
37027,0.034602795
37028,0.0012583095
37029,0.1603177
37030,0.21868892
37031,0.0850271
37032,0.091731794
37033,0.10376468
37034,0.010909764
37035,0.031494968
37036,0.024087159
37037,0.026322337
37038,0.041522216
37039,0.15399937
37040,0.061992027
37041,0.0662351
37042,0.0059533
37043,0.030676864
37044,0.015295142
37045,0.00053737697
37046,0.011277051
37047,0.039601184
37048,0.038440365
37049,0.030509608
37050,0.5020822
37051,0.42144993
37052,0.02634505
37053,0.059745092
37054,0.03335188
37055,0.1519198
37056,0.07860086
37057,0.033875715
37058,0.11140417
37059,0.004252298
37060,0.01580268
37061,0.00070586265
37062,0.008931346
37063,0.22404198
37064,0.011206878
37065,0.032538578
37066,0.010165086
37067,0.033927616
37068,0.06596641
37069,0.11253232
37070,0.14247091
37071,0.13369657
37072,0.0521285
37073,0.030936178
37074,0.015387434
37075,0.037097268
37076,0.04611631
37077,0.27491453
37078,0.06616223
37079,0.37650213
37080,0.14223522
37081,0.13483295
37082,0.045459755
37083,0.07050309
37084,0.004064907
37085,0.008466801
37086,0.043424103
37087,0.008147477
37088,0.015769387
37089,0.03029648
37090,0.0953823
37091,0.04163651
37092,0.042424966
37093,0.028708987
37094,0.059854776
37095,0.1185499
37096,0.31500515
37097,0.04422782
37098,0.011317871
37099,0.04905242
37100,0.03227927
37101,0.1427584
37102,0.04488876
37103,0.10967409
37104,0.015738765
37105,0.13525526
37106,0.034202773
37107,0.031664606
37108,0.011240175
37109,0.17407607
37110,0.08454234
37111,0.037494525
37112,0.020998714
37113,0.01203848
37114,0.07391893
37115,0.050245382
37116,0.103861354
37117,0.05084533
37118,0.16693315
37119,0.15468383
37120,0.1494684
37121,0.0009552537
37122,0.06999261
37123,0.0070081353
37124,0.036666647
37125,0.039416507
37126,0.08416095
37127,0.009362901
37128,0.055078078
37129,0.08506472
37130,0.07841675
37131,0.019095698
37132,0.011125584
37133,0.074680634
37134,0.006720974
37135,0.101240784
37136,0.006277079
37137,0.043042734
37138,0.21586867
37139,0.02145649
37140,0.07806532
37141,0.53986865
37142,0.090651624
37143,0.058746066
37144,0.07132176
37145,0.058149744
37146,0.052507017
37147,0.063789554
37148,0.033254176
37149,0.008918995
37150,0.009627991
37151,0.022377199
37152,0.3179111
37153,0.1269019
37154,0.037402134
37155,0.039150443
37156,0.04733162
37157,0.003131173
37158,0.019044919
37159,0.005787569
37160,0.052966364
37161,0.39450556
37162,0.07142283
37163,0.03973379
37164,0.056947075
37165,0.88977057
37166,0.09524344
37167,0.08148822
37168,0.06668686
37169,0.14274268
37170,0.31635857
37171,0.04176492
37172,0.015657827
37173,0.054916702
37174,0.0747681
37175,0.091745794
37176,0.18964939
37177,0.011406525
37178,0.09987914
37179,0.04435734
37180,0.06316581
37181,0.011771103
37182,0.027327118
37183,0.039699648
37184,0.05071411
37185,0.004394825
37186,0.09156565
37187,0.091063276
37188,0.22314608
37189,0.057423264
37190,0.02243903
37191,0.10781688
37192,0.1368103
37193,0.19418189
37194,0.06207599
37195,0.046611235
37196,0.03939746
37197,0.038433533
37198,0.60511655
37199,0.010216615
37200,0.13070734
37201,0.32555002
37202,0.15472163
37203,0.01697282
37204,0.03292939
37205,0.008455613
37206,0.044510864
37207,0.037744273
37208,0.19622383
37209,0.20599584
37210,0.039347555
37211,0.07727804
37212,0.10203493
37213,0.09219128
37214,0.10349379
37215,0.18102773
37216,0.2561431
37217,0.061537083
37218,0.022449968
37219,0.035008267
37220,0.07266989
37221,0.047158957
37222,0.33653605
37223,0.941628
37224,0.06328379
37225,0.24270964
37226,0.008035902
37227,0.01081102
37228,0.21011065
37229,0.0020630767
37230,0.043328725
37231,0.05727427
37232,0.0049722306
37233,0.05040511
37234,0.49919304
37235,0.036768127
37236,0.05580151
37237,0.22415175
37238,0.1135727
37239,0.17844416
37240,0.2070338
37241,0.18821022
37242,0.022597989
37243,0.14185894
37244,0.1048155
37245,0.066666044
37246,0.9951643
37247,0.37110043
37248,0.3372729
37249,0.020690806
37250,0.13232166
37251,0.11286592
37252,0.022915661
37253,0.021555781
37254,0.03287066
37255,0.0071859113
37256,0.009393992
37257,0.044534605
37258,0.05399976
37259,0.051308237
37260,0.034090944
37261,0.06832582
37262,0.05921956
37263,0.08382012
37264,0.055599958
37265,0.025505526
37266,0.08903228
37267,0.2942175
37268,0.0209287
37269,1.0
37270,0.96568817
37271,0.6365191
37272,0.0054322127
37273,0.021132195
37274,0.01581499
37275,0.08597703
37276,0.35787174
37277,0.12741476
37278,0.050559796
37279,0.010755641
37280,0.0077479966
37281,0.02279296
37282,0.016987933
37283,0.02284655
37284,0.0003211056
37285,0.42228022
37286,0.0031690157
37287,0.013615401
37288,0.060729325
37289,0.06457802
37290,0.038707502
37291,0.016185572
37292,0.24691886
37293,0.044265207
37294,0.13289239
37295,0.10337976
37296,0.07241482
37297,1.0
37298,0.9485565
37299,0.46328288
37300,0.022974133
37301,0.059876777
37302,0.025169853
37303,0.00811359
37304,0.4204563
37305,0.010727024
37306,0.18176477
37307,0.035186127
37308,0.1615725
37309,0.01769885
37310,0.12702617
37311,0.057493348
37312,0.10779246
37313,0.2768081
37314,0.33775353
37315,0.54172
37316,0.0816757
37317,0.08047455
37318,0.027448693
37319,0.042219456
37320,0.086836725
37321,0.057009876
37322,0.036258187
37323,0.12042661
37324,0.15848465
37325,0.05766194
37326,0.06451435
37327,0.027390534
37328,0.9612843
37329,0.9878539
37330,1.0
37331,0.03031155
37332,0.1506812
37333,0.35833883
37334,0.007963548
37335,0.007864874
37336,0.01671764
37337,0.016505983
37338,0.025749438
37339,0.013606332
37340,0.055488363
37341,0.26923242
37342,1.0
37343,0.022965213
37344,0.088331446
37345,0.02953928
37346,0.08161246
37347,0.051218513
37348,0.13409507
37349,0.08937012
37350,0.06649474
37351,0.030592145
37352,0.10336873
37353,0.079471536
37354,0.022525748
37355,0.39655048
37356,0.29141426
37357,0.12641399
37358,0.022874424
37359,0.034331214
37360,0.048589934
37361,0.13072814
37362,0.015717413
37363,0.05952456
37364,0.009332795
37365,0.017042402
37366,0.018124806
37367,0.037278406
37368,0.035281982
37369,0.17589761
37370,0.36671087
37371,0.067243196
37372,0.12647088
37373,0.12476267
37374,0.13228443
37375,0.11359191
37376,0.6379819
37377,0.056416065
37378,0.034323256
37379,0.1784612
37380,0.15161665
37381,0.20723821
37382,0.37425962
37383,0.21575853
37384,0.061123483
37385,0.99064666
37386,0.1580155
37387,0.1190709
37388,0.109132744
37389,0.003355653
37390,0.014399083
37391,0.37662065
37392,0.019985398
37393,0.0055243215
37394,0.018105963
37395,0.03282133
37396,0.09631451
37397,0.22217329
37398,0.23167296
37399,0.21277788
37400,0.16065268
37401,0.06126503
37402,0.08905285
37403,0.2144807
37404,0.02565751
37405,0.024664748
37406,0.2098957
37407,0.0638173
37408,0.07786625
37409,0.36140183
37410,0.31905
37411,0.03653517
37412,0.37268376
37413,0.28370935
37414,0.0047796355
37415,0.061257582
37416,0.06907389
37417,0.04985423
37418,0.007747992
37419,0.020005878
37420,0.059470713
37421,0.059467833
37422,0.06513465
37423,0.26350087
37424,0.6115431
37425,0.29179287
37426,0.16463688
37427,0.34020448
37428,0.045267202
37429,0.018246967
37430,0.08634026
37431,0.0877531
37432,0.10369063
37433,0.30606332
37434,0.059835967
37435,0.0069691674
37436,0.00480588
37437,0.082258984
37438,0.01948638
37439,0.04835742
37440,0.009650896
37441,0.031782895
37442,0.017869724
37443,0.012192301
37444,0.037474822
37445,0.03892898
37446,0.05768958
37447,0.022779025
37448,0.15222824
37449,0.13709795
37450,0.13233523
37451,0.4511505
37452,0.44797593
37453,0.19055843
37454,0.14999935
37455,0.05514413
37456,0.020588016
37457,0.09107354
37458,0.000783691
37459,0.049186416
37460,0.9994568
37461,0.072699375
37462,0.040704913
37463,0.07955318
37464,0.15961826
37465,0.041478485
37466,0.03679243
37467,0.05940506
37468,0.009868107
37469,0.0014985573
37470,0.02985554
37471,0.080127925
37472,0.041404128
37473,0.49741542
37474,0.261235
37475,0.15890798
37476,0.9980146
37477,0.263813
37478,0.31852657
37479,0.1448754
37480,0.026191091
37481,0.02979637
37482,0.0023311628
37483,0.016623192
37484,0.06473954
37485,0.030829355
37486,0.06575396
37487,0.33913994
37488,0.1296643
37489,0.19620474
37490,0.012250716
37491,0.060982484
37492,0.1291269
37493,0.16723058
37494,0.17121126
37495,0.11259651
37496,0.025307445
37497,0.013862884
37498,0.073522344
37499,1.0
37500,0.16965584
37501,0.7653028
37502,0.296513
37503,0.23191446
37504,0.11438445
37505,0.17417155
37506,0.043923985
37507,0.013764085
37508,0.0139847975
37509,0.012285229
37510,0.023866631
37511,0.08065282
37512,0.09220176
37513,0.046271402
37514,0.19396608
37515,0.012102256
37516,0.0843324
37517,0.36195713
37518,0.041636717
37519,0.009848448
37520,0.07750098
37521,0.21378186
37522,0.020806998
37523,0.091559686
37524,0.09176482
37525,0.048117734
37526,0.1552416
37527,0.048429087
37528,0.092696995
37529,0.05100114
37530,0.16919656
37531,0.15199985
37532,0.020746449
37533,0.023962682
37534,0.10517874
37535,0.12349753
37536,0.007074958
37537,0.07548312
37538,0.03251799
37539,0.014292983
37540,0.015976919
37541,0.1184636
37542,0.23116064
37543,0.6453031
37544,0.1540306
37545,0.011193048
37546,0.0049976674
37547,0.00039288512
37548,0.008408237
37549,0.06333328
37550,0.0015449531
37551,0.058294177
37552,0.14732973
37553,0.010926226
37554,0.016552655
37555,0.008954948
37556,0.008919036
37557,0.0052084625
37558,0.06935632
37559,0.06478568
37560,0.35030356
37561,0.012682186
37562,0.014625709
37563,0.013963509
37564,0.06614966
37565,0.06816652
37566,0.37113592
37567,0.2153942
37568,0.0123692565
37569,0.01079668
37570,0.20497654
37571,0.013725861
37572,0.095586896
37573,0.2204107
37574,0.03982879
37575,0.010971412
37576,0.010294235
37577,0.25487006
37578,0.02409534
37579,0.017601112
37580,0.08025231
37581,0.0071609095
37582,0.051521618
37583,0.02591532
37584,0.03249242
37585,0.088655464
37586,0.00650089
37587,0.085712954
37588,0.02583045
37589,0.044592492
37590,0.064414024
37591,0.22044164
37592,0.04197454
37593,0.22102146
37594,0.07086676
37595,0.044262886
37596,0.0071342974
37597,0.039502606
37598,0.11808682
37599,0.008483364
37600,0.3243144
37601,0.35158888
37602,0.0005030423
37603,0.04317541
37604,0.040024217
37605,0.005231217
37606,0.30313778
37607,0.4934578
37608,0.113880984
37609,0.16105689
37610,0.09094932
37611,0.12091222
37612,0.058704518
37613,0.030739361
37614,0.10127608
37615,0.083272345
37616,1.0
37617,0.06919766
37618,0.015356241
37619,0.08255588
37620,0.09165346
37621,0.0016291892
37622,0.19961984
37623,0.395088
37624,0.04692053
37625,0.200595
37626,0.03922563
37627,0.0109073995
37628,0.15658605
37629,0.010742643
37630,0.036987573
37631,0.014875515
37632,0.008432893
37633,0.03365354
37634,0.05408004
37635,0.004392863
37636,0.08845261
37637,0.21657304
37638,0.0319497
37639,0.04141604
37640,0.024374196
37641,0.1038723
37642,0.0967554
37643,0.020768538
37644,0.03044983
37645,0.059410356
37646,0.9937666
37647,0.07427742
37648,0.16770558
37649,0.1158741
37650,0.088410564
37651,0.029752044
37652,0.011169688
37653,0.0026217008
37654,0.39535886
37655,0.01406673
37656,0.0034953952
37657,0.007035659
37658,0.036370557
37659,0.17322472
37660,0.010139632
37661,0.11880413
37662,0.02294666
37663,0.005026987
37664,0.036867376
37665,0.23806854
37666,0.012601335
37667,0.022346849
37668,0.018545667
37669,0.008842754
37670,0.025208684
37671,0.16449921
37672,0.035712555
37673,0.009691497
37674,0.096824445
37675,0.20304248
37676,0.08032079
37677,0.102366805
37678,0.055814087
37679,0.0024620532
37680,0.04832363
37681,0.08815905
37682,0.20660287
37683,0.13220055
37684,0.006518731
37685,0.014686161
37686,0.011803405
37687,0.011822392
37688,0.00029064153
37689,0.014735272
37690,0.074798845
37691,0.10549514
37692,0.07469098
37693,0.087786764
37694,0.1395633
37695,0.007865075
37696,0.30447048
37697,0.010313434
37698,0.019179944
37699,0.024528895
37700,0.0015129561
37701,0.003025838
37702,0.015892627
37703,0.007185892
37704,0.01221936
37705,0.07670111
37706,0.019950766
37707,0.013335882
37708,0.0070371116
37709,0.033179455
37710,0.036646094
37711,0.09346837
37712,0.061403994
37713,0.0063292687
37714,0.011166963
37715,0.18530747
37716,0.037324462
37717,0.03996126
37718,0.08900319
37719,0.0101181995
37720,0.031075848
37721,0.12519363
37722,0.3969875
37723,0.09482303
37724,0.036040276
37725,0.061564974
37726,0.03929303
37727,0.025215639
37728,0.12742378
37729,0.045607522
37730,0.14763701
37731,0.22284594
37732,0.037584417
37733,0.010890663
37734,0.02339387
37735,0.04361058
37736,0.017626533
37737,0.00027895597
37738,0.029618936
37739,0.15817331
37740,0.05497893
37741,0.0039992463
37742,0.29512176
37743,0.0052349945
37744,0.044706207
37745,0.014972201
37746,0.0054956567
37747,0.053095598
37748,0.023349706
37749,0.049097057
37750,0.010313487
37751,0.01222025
37752,0.27662325
37753,0.2070164
37754,0.014657745
37755,0.16746324
37756,0.00059793243
37757,0.0072121485
37758,0.0011748495
37759,0.014436353
37760,0.025900489
37761,0.030505648
37762,0.04382061
37763,0.044920772
37764,0.013360599
37765,0.008082501
37766,0.03707593
37767,0.05498631
37768,0.034707014
37769,0.057793505
37770,0.2514344
37771,0.042916924
37772,0.008711662
37773,0.2900872
37774,0.15467945
37775,0.023878265
37776,0.046924002
37777,0.18563697
37778,0.033198673
37779,0.270212
37780,0.09097032
37781,0.052215524
37782,0.10951375
37783,0.14548525
37784,0.23771042
37785,0.010689982
37786,0.8760698
37787,0.106440075
37788,0.02385058
37789,0.25577432
37790,0.027835796
37791,0.019565009
37792,0.038758546
37793,0.046182465
37794,0.15123995
37795,0.17659934
37796,0.72400874
37797,0.5061725
37798,0.05383907
37799,0.20406707
37800,0.2030098
37801,0.0037459258
37802,0.0357915
37803,0.07038752
37804,0.052557424
37805,0.009616123
37806,0.14061126
37807,0.06449075
37808,0.32691956
37809,0.1347325
37810,0.1978056
37811,0.5762297
37812,0.15710184
37813,0.02164539
37814,0.6233699
37815,0.0069549396
37816,0.08917928
37817,0.1636458
37818,0.031850185
37819,0.11305629
37820,0.035218455
37821,0.07786272
37822,0.023454102
37823,0.17829977
37824,0.13768718
37825,0.14288567
37826,0.14032422
37827,0.20712712
37828,0.034858022
37829,0.02842421
37830,0.023051376
37831,0.05072248
37832,0.066608235
37833,0.014527879
37834,0.024156235
37835,0.04844242
37836,0.239172
37837,0.05621037
37838,0.2934799
37839,0.15435001
37840,0.024009364
37841,0.0016769018
37842,0.34458104
37843,0.14134401
37844,0.14508343
37845,0.3963253
37846,0.50160694
37847,0.005430884
37848,0.08015469
37849,0.1419489
37850,0.043042954
37851,0.06609421
37852,0.09021832
37853,0.1469404
37854,0.30490193
37855,0.3953976
37856,0.038449
37857,0.03490917
37858,0.032351274
37859,0.054804374
37860,0.3063701
37861,0.025989657
37862,0.029903324
37863,0.0005789148
37864,0.15912345
37865,0.0432854
37866,0.2474523
37867,0.75330913
37868,0.10553073
37869,0.01424392
37870,0.03529913
37871,0.0747356
37872,0.005794838
37873,0.12873788
37874,0.209967
37875,0.10635847
37876,0.14549701
37877,0.038539983
37878,0.0068527143
37879,0.04587932
37880,0.014716912
37881,0.015932009
37882,0.18323527
37883,0.042210236
37884,0.07459549
37885,0.011622075
37886,0.041505747
37887,0.0029777081
37888,0.01376227
37889,0.017426085
37890,0.030067625
37891,0.068525605
37892,0.01810649
37893,0.09475039
37894,0.50698835
37895,0.33132488
37896,0.02074379
37897,0.014567558
37898,0.16100773
37899,0.04820638
37900,0.0061940933
37901,0.0526046
37902,0.0142985545
37903,0.18978916
37904,0.016342264
37905,0.04065493
37906,0.032672472
37907,0.069362655
37908,0.06670443
37909,0.1346125
37910,0.16474247
37911,0.11006893
37912,0.052796543
37913,0.019711468
37914,0.014669008
37915,0.059098832
37916,0.027709702
37917,0.011591799
37918,0.25696558
37919,0.06336678
37920,0.42629102
37921,0.091540344
37922,0.020955592
37923,0.08512567
37924,0.03733771
37925,0.088760324
37926,0.010067935
37927,0.008467421
37928,0.012216605
37929,0.095908925
37930,0.02807574
37931,0.00395871
37932,0.0075107147
37933,0.103568345
37934,0.03869834
37935,0.08795979
37936,0.019025132
37937,0.07662855
37938,0.12684657
37939,0.32622495
37940,0.055512942
37941,0.01333256
37942,0.08699921
37943,0.015812378
37944,0.036736216
37945,0.0065183965
37946,0.12925045
37947,0.05708869
37948,0.11919127
37949,0.03244572
37950,0.12973395
37951,0.032680523
37952,0.028082581
37953,0.03166487
37954,0.13761146
37955,0.010117224
37956,0.077752344
37957,0.010795152
37958,0.028988088
37959,0.05660449
37960,0.07386233
37961,0.043183498
37962,0.10769635
37963,0.053873144
37964,0.18610059
37965,0.14594494
37966,0.21694887
37967,0.011150285
37968,0.076157674
37969,0.009428562
37970,0.059250385
37971,0.043365598
37972,0.08336931
37973,0.038870253
37974,0.049714215
37975,0.05232235
37976,0.04328001
37977,0.031294275
37978,0.036682054
37979,0.02675145
37980,0.07756636
37981,0.00524308
37982,0.110083595
37983,0.010137948
37984,0.073125884
37985,0.23436806
37986,0.022903053
37987,0.08549903
37988,0.54804134
37989,0.06106199
37990,0.07362036
37991,0.052165728
37992,0.07338086
37993,0.04244066
37994,0.07465324
37995,0.049894247
37996,0.008920364
37997,0.009558036
37998,0.26357841
37999,0.107535645
38000,0.012791833
38001,0.049335126
38002,0.036972467
38003,0.018155398
38004,0.017029332
38005,0.019045092
38006,0.02089224
38007,0.050638724
38008,0.4594098
38009,0.063078836
38010,0.050260313
38011,0.044986054
38012,0.7087615
38013,0.09677176
38014,0.013320104
38015,0.050596766
38016,0.0538535
38017,0.17491555
38018,0.30719876
38019,0.051609263
38020,0.020019297
38021,0.050754346
38022,0.06708823
38023,0.08491979
38024,0.14372791
38025,0.015109091
38026,0.12808612
38027,0.06085363
38028,0.0815189
38029,0.014933374
38030,0.029694516
38031,0.067843005
38032,0.06513677
38033,0.017580193
38034,0.07609951
38035,0.04800195
38036,0.24019697
38037,0.0661341
38038,0.026265718
38039,0.09368208
38040,0.16350472
38041,0.17701738
38042,0.040778708
38043,0.06132275
38044,0.014968085
38045,0.01415475
38046,0.60562235
38047,0.031698916
38048,0.12138785
38049,0.3529052
38050,0.14592515
38051,0.0015685178
38052,0.052726574
38053,0.008455318
38054,0.04621351
38055,0.011128547
38056,0.20643802
38057,0.22236452
38058,0.03941403
38059,0.058935706
38060,0.06717748
38061,0.0834695
38062,0.08036548
38063,0.15485261
38064,0.2467741
38065,0.082993075
38066,0.061264765
38067,0.16093884
38068,0.0820599
38069,0.21878724
38070,0.91787493
38071,0.005828021
38072,0.313715
38073,0.04483707
38074,0.21591192
38075,0.00083863846
38076,0.03210783
38077,0.044158973
38078,0.018979752
38079,0.068173364
38080,0.61770386
38081,0.032649763
38082,0.039857235
38083,0.22404002
38084,0.10347062
38085,0.15772268
38086,0.21899779
38087,0.22127272
38088,0.02260031
38089,0.08800066
38090,0.15504834
38091,0.10950353
38092,1.0
38093,0.28463882
38094,0.43212736
38095,0.0077116545
38096,0.10943783
38097,0.103378944
38098,0.010901008
38099,0.035616484
38100,0.0071856417
38101,0.011090293
38102,0.04629655
38103,0.0747095
38104,0.035001293
38105,0.0808811
38106,0.07434195
38107,0.056855418
38108,0.09690214
38109,0.11451297
38110,0.02550972
38111,0.071001954
38112,0.19486158
38113,0.024341354
38114,0.027223956
38115,0.9955344
38116,0.9891648
38117,0.6068206
38118,0.005430229
38119,0.02141505
38120,0.015813606
38121,0.114672825
38122,0.42677122
38123,0.054131504
38124,0.08561578
38125,0.007034867
38126,0.0080976
38127,0.04067192
38128,0.064593405
38129,0.006083358
38130,0.0059187165
38131,0.49027413
38132,0.013233312
38133,0.031316936
38134,0.0700762
38135,0.06741741
38136,0.04839365
38137,0.05043687
38138,0.263643
38139,0.097855814
38140,0.11068432
38141,0.092794165
38142,0.051519584
38143,1.0
38144,0.9499967
38145,0.45941213
38146,0.07883888
38147,0.01894575
38148,0.4235197
38149,0.043255452
38150,0.18193085
38151,0.078779854
38152,0.12016066
38153,0.012144758
38154,0.119149454
38155,0.046867914
38156,0.09575965
38157,0.29631525
38158,0.3265534
38159,0.62124467
38160,0.1156545
38161,0.10225381
38162,0.040835466
38163,0.044655602
38164,0.09543651
38165,0.061105818
38166,0.023365652
38167,0.0046247537
38168,0.11332978
38169,0.15535294
38170,0.046527755
38171,0.09656201
38172,0.023342751
38173,0.9612626
38174,1.0
38175,0.9968472
38176,0.065148145
38177,0.11726864
38178,0.3724042
38179,0.018133566
38180,0.00786632
38181,0.010758213
38182,0.033482406
38183,0.0122591825
38184,0.27469614
38185,0.9989905
38186,0.036181353
38187,0.09305032
38188,0.041241426
38189,0.0864543
38190,0.054003276
38191,0.122820854
38192,0.06444356
38193,0.06649847
38194,0.03642781
38195,0.077728316
38196,0.097304665
38197,0.0212791
38198,0.04435826
38199,0.42946482
38200,0.23828918
38201,0.17781772
38202,0.04253131
38203,0.022876797
38204,0.082397655
38205,0.060822684
38206,0.16380122
38207,0.03088217
38208,0.021466628
38209,0.0076966383
38210,0.017041286
38211,0.0020916944
38212,0.0242103
38213,0.02637488
38214,0.12697472
38215,0.3205149
38216,0.11290916
38217,0.10853709
38218,0.11459495
38219,0.12820415
38220,0.10464853
38221,0.73559546
38222,0.03423493
38223,0.013303394
38224,0.1491772
38225,0.15475786
38226,0.26668918
38227,0.32193765
38228,0.24742459
38229,0.05917576
38230,0.99691665
38231,0.16734289
38232,0.119165696
38233,0.1503348
38234,0.02383806
38235,0.019348875
38236,0.36386275
38237,0.035693195
38238,0.019000243
38239,0.044060633
38240,0.037351806
38241,0.09335003
38242,0.26456144
38243,0.224433
38244,0.27045274
38245,0.1314758
38246,0.07613401
38247,0.10190073
38248,0.25336385
38249,0.026034767
38250,0.14606622
38251,0.09695902
38252,0.07463464
38253,0.3788106
38254,0.21881144
38255,0.030978002
38256,0.42250636
38257,0.29474038
38258,0.06453612
38259,0.068281315
38260,0.03342402
38261,0.04967891
38262,0.030100347
38263,0.03471269
38264,0.07560791
38265,0.05584304
38266,0.053312667
38267,0.26446176
38268,0.63920677
38269,0.2616938
38270,0.1877995
38271,0.3404863
38272,0.072169706
38273,0.018247465
38274,0.06538168
38275,0.058017828
38276,0.1490167
38277,0.23855211
38278,0.043987572
38279,0.024846476
38280,0.0030807958
38281,0.1098653
38282,0.025951287
38283,0.008660013
38284,0.09097498
38285,0.011887544
38286,0.01647169
38287,0.03178329
38288,0.0015236447
38289,0.025521021
38290,0.028948316
38291,0.029859217
38292,0.02836129
38293,0.2147859
38294,0.13449912
38295,0.09934718
38296,0.48924863
38297,0.45628217
38298,0.20706938
38299,0.09426323
38300,0.007225314
38301,0.00873288
38302,0.033066995
38303,0.11901667
38304,0.05319101
38305,1.0
38306,0.037608247
38307,0.0045254324
38308,0.03942147
38309,0.1080909
38310,0.16515002
38311,0.03425014
38312,0.031832878
38313,0.004925174
38314,0.032933194
38315,0.01856698
38316,0.023537278
38317,0.075445496
38318,0.042383347
38319,0.60738516
38320,0.2116632
38321,0.17563874
38322,0.99139637
38323,0.25756204
38324,0.33513808
38325,0.18545526
38326,0.026630273
38327,0.029797742
38328,0.027255934
38329,0.05083789
38330,0.014272184
38331,0.0047026826
38332,0.07714348
38333,0.2859286
38334,0.08708201
38335,0.26446918
38336,0.03298966
38337,0.12268312
38338,0.14465134
38339,0.17798671
38340,0.09688741
38341,0.06842834
38342,0.025308836
38343,0.0045062015
38344,0.06348774
38345,0.99157935
38346,0.15104786
38347,0.91060376
38348,0.3448682
38349,0.19672255
38350,0.12118483
38351,0.11760628
38352,0.0141767375
38353,0.012350771
38354,0.012286675
38355,0.00961647
38356,0.097621255
38357,0.084986046
38358,0.02533726
38359,0.20613647
38360,0.020015776
38361,0.056151625
38362,0.3453453
38363,0.050544064
38364,0.01234469
38365,0.009847333
38366,0.047192033
38367,0.18795687
38368,0.0045084544
38369,0.11079205
38370,0.14659813
38371,0.05141163
38372,0.17458658
38373,0.047346983
38374,0.13993236
38375,0.046546943
38376,0.023922682
38377,0.114908986
38378,0.09200974
38379,0.05943575
38380,0.0052451063
38381,0.06439127
38382,0.0063237557
38383,0.15525223
38384,0.027472334
38385,0.02428291
38386,0.064806856
38387,0.01734321
38388,0.013489227
38389,0.024586335
38390,0.13746095
38391,0.17042327
38392,0.72452027
38393,0.15975802
38394,0.01278518
38395,0.029989365
38396,0.020709077
38397,0.029547911
38398,0.0052256165
38399,0.09806944
38400,0.08904338
38401,0.010925352
38402,0.0016739103
38403,0.010748106
38404,0.027309434
38405,0.06557478
38406,0.06277
38407,0.3572073
38408,0.012681046
38409,0.014624593
38410,0.016952159
38411,0.06408192
38412,0.065263025
38413,0.42421055
38414,0.21224175
38415,0.010797203
38416,0.21917215
38417,0.072845794
38418,0.25007546
38419,0.008493904
38420,0.01097116
38421,0.2644503
38422,0.010270065
38423,0.08212176
38424,0.03185177
38425,0.028693357
38426,0.004890984
38427,0.013221534
38428,0.049815934
38429,0.17177308
38430,0.005933249
38431,0.023257928
38432,0.01968167
38433,0.01517871
38434,0.080519184
38435,0.16076161
38436,0.046231166
38437,0.21881817
38438,0.07219746
38439,0.0068885167
38440,0.014298694
38441,0.041444898
38442,0.3753668
38443,0.3114047
38444,0.015838053
38445,0.026683146
38446,0.028981755
38447,0.01010653
38448,0.30948058
38449,0.6150652
38450,0.11081945
38451,0.10414195
38452,0.007165933
38453,0.062996596
38454,0.049763963
38455,0.100005
38456,0.099751264
38457,0.11455068
38458,0.07994605
38459,1.0
38460,0.03795611
38461,0.015355727
38462,0.11795882
38463,0.07229913
38464,0.028908972
38465,0.018249052
38466,0.22014256
38467,0.500215
38468,0.026991887
38469,0.18059169
38470,0.024331413
38471,0.18158291
38472,0.009385288
38473,0.0018278714
38474,0.02057238
38475,0.0239823
38476,0.010104778
38477,0.04320016
38478,0.06488589
38479,0.018223451
38480,0.08588327
38481,0.0052530677
38482,0.005812201
38483,0.20878458
38484,0.037781697
38485,0.051163662
38486,0.10255609
38487,0.05254462
38488,0.012781636
38489,0.036474757
38490,1.0
38491,0.026499286
38492,0.16775027
38493,0.103133336
38494,0.01904703
38495,0.016782489
38496,0.020388832
38497,0.012785274
38498,0.4221638
38499,0.007693471
38500,0.007034433
38501,0.015727762
38502,0.02411354
38503,0.16635281
38504,0.011183421
38505,0.107911214
38506,0.045552894
38507,0.06364851
38508,0.34190077
38509,0.025280297
38510,0.026567286
38511,0.02099982
38512,0.0143921785
38513,0.044810176
38514,0.14018717
38515,0.052359026
38516,0.0019351325
38517,0.03486994
38518,0.1734015
38519,0.055588797
38520,0.09152734
38521,0.07963659
38522,0.007963906
38523,0.06852356
38524,0.01472823
38525,0.10373651
38526,0.20926954
38527,0.15179048
38528,0.0065185637
38529,0.028328126
38530,0.01180229
38531,0.011820455
38532,0.01768883
38533,0.005788587
38534,0.0054069697
38535,0.034977365
38536,0.13016717
38537,0.12236226
38538,0.04486106
38539,0.14929968
38540,0.30759957
38541,0.022631308
38542,0.01357542
38543,0.0153711485
38544,0.015007713
38545,0.009834137
38546,0.00423389
38547,0.03426685
38548,0.019885678
38549,0.08661809
38550,0.04842421
38551,0.011611711
38552,0.1579947
38553,0.037532624
38554,0.050722055
38555,0.003972668
38556,0.053690318
38557,0.017004848
38558,0.12533255
38559,0.34584555
38560,0.043146145
38561,0.081474386
38562,0.10120669
38563,0.05604501
38564,0.06304165
38565,0.10976583
38566,0.025626788
38567,0.102474146
38568,0.15486623
38569,0.01363391
38570,0.0006016387
38571,0.03091067
38572,0.020862935
38573,0.014400618
38574,0.01882473
38575,0.0034604475
38576,0.15534817
38577,0.11766942
38578,0.027287556
38579,0.2457624
38580,0.02071497
38581,0.044175867
38582,0.02989375
38583,0.06551119
38584,0.029942995
38585,0.2996819
38586,0.23674467
38587,0.017114451
38588,0.10676031
38589,0.015274611
38590,0.003802972
38591,0.001126085
38592,0.01191181
38593,0.034473274
38594,0.0117152585
38595,0.030712655
38596,0.045676157
38597,0.044564802
38598,0.033937585
38599,0.042911284
38600,0.07158792
38601,0.01805623
38602,0.029619345
38603,0.32277954
38604,0.042591836
38605,0.016049566
38606,0.22000603
38607,0.19475536
38608,0.023942051
38609,0.047100015
38610,0.20526475
38611,0.10132531
38612,0.31844243
38613,0.09067413
38614,0.19838671
38615,0.08053548
38616,0.009400448
38617,0.014740486
38618,0.011182467
38619,0.18966074
38620,0.9351192
38621,0.14104393
38622,0.017632725
38623,0.22186533
38624,0.082157426
38625,0.01176658
38626,0.017075079
38627,0.1227912
38628,0.16564777
38629,0.73359936
38630,0.49293408
38631,0.041864116
38632,0.018705482
38633,0.18536006
38634,0.21678159
38635,0.023129653
38636,0.030766776
38637,0.08341484
38638,0.009621653
38639,0.14762887
38640,0.29968232
38641,0.16010046
38642,0.15451555
38643,0.5710122
38644,0.21980582
38645,0.021696119
38646,0.45093673
38647,0.09585308
38648,0.11932428
38649,0.06866972
38650,0.03512642
38651,0.045909055
38652,0.07992231
38653,0.06397918
38654,0.13731524
38655,0.1385032
38656,0.02981957
38657,0.18958181
38658,0.2649344
38659,0.04754835
38660,0.042932265
38661,0.059456103
38662,0.066968404
38663,0.012935363
38664,0.093563266
38665,0.23138341
38666,0.2158363
38667,0.09480775
38668,0.0921388
38669,0.061592225
38670,0.023575976
38671,0.31821504
38672,0.1345823
38673,0.0061069387
38674,0.45084053
38675,0.35556582
38676,0.040056583
38677,0.12749378
38678,0.029663363
38679,0.018262167
38680,0.013933374
38681,0.10270203
38682,0.12325448
38683,0.3999629
38684,0.49729833
38685,0.022717424
38686,0.08368022
38687,0.008655794
38688,0.04418848
38689,0.31991634
38690,0.02005091
38691,0.082318924
38692,0.16504686
38693,0.043118697
38694,0.008440957
38695,0.2005922
38696,0.36774176
38697,0.12323645
38698,0.03882251
38699,0.07005971
38700,0.06964612
38701,0.0028855645
38702,0.016528308
38703,0.023150206
38704,0.11367376
38705,0.199909
38706,0.0858417
38707,0.0890364
38708,0.017030524
38709,0.06284403
38710,0.055082776
38711,0.20193158
38712,0.06822208
38713,0.07951491
38714,0.00043332914
38715,0.05150591
38716,0.016633514
38717,0.039676122
38718,0.016697835
38719,0.02457618
38720,0.06769257
38721,0.053934343
38722,0.09989902
38723,0.4564374
38724,0.3583921
38725,0.017595664
38726,0.019003019
38727,0.032058682
38728,0.11014865
38729,0.036514778
38730,0.027521484
38731,0.0077484814
38732,0.03726801
38733,0.1415883
38734,0.034807693
38735,0.03472981
38736,0.053315807
38737,0.04277399
38738,0.07003686
38739,0.124946125
38740,0.18331721
38741,0.09842216
38742,0.048692565
38743,0.034257066
38744,0.034364164
38745,0.07141767
38746,0.047966078
38747,0.011601656
38748,0.3057492
38749,0.032822132
38750,0.39260882
38751,0.042298533
38752,0.09282617
38753,0.0722922
38754,0.033363048
38755,0.06352476
38756,0.0005802886
38757,0.020621536
38758,0.0283967
38759,0.019104667
38760,0.104011506
38761,0.006041072
38762,0.06675449
38763,0.04732452
38764,0.053580757
38765,0.14100194
38766,0.31421944
38767,0.059229396
38768,0.013826975
38769,0.10873403
38770,0.01960917
38771,0.0297769
38772,0.1326057
38773,0.05843157
38774,0.08553501
38775,0.0061553563
38776,0.08165132
38777,0.018590592
38778,0.031803027
38779,0.018210486
38780,0.10667372
38781,0.010121154
38782,0.026047455
38783,0.03742408
38784,0.008511989
38785,0.025011037
38786,0.051730208
38787,0.046032734
38788,0.06487297
38789,0.08402514
38790,0.06884704
38791,0.15746461
38792,0.13979135
38793,0.26395446
38794,0.0042888704
38795,0.07970063
38796,0.051623877
38797,0.04215911
38798,0.06436097
38799,0.05530085
38800,0.009280673
38801,0.047442794
38802,0.01978141
38803,0.026938483
38804,0.017153228
38805,0.12927195
38806,0.02116076
38807,0.049742114
38808,0.27512103
38809,0.052095048
38810,0.08484451
38811,0.5555682
38812,0.067832865
38813,0.07069353
38814,0.027227214
38815,0.048917446
38816,0.039521527
38817,0.078694135
38818,0.03627467
38819,0.008930288
38820,0.019976357
38821,0.22091477
38822,0.08667837
38823,0.032123335
38824,0.013941471
38825,0.015519202
38826,0.024041696
38827,0.022334624
38828,0.063079014
38829,0.5092728
38830,0.042605862
38831,0.03855246
38832,0.062075075
38833,0.9194672
38834,0.10146584
38835,0.005786117
38836,0.071706146
38837,0.040881876
38838,0.16372928
38839,0.3263977
38840,0.06937372
38841,0.00035074193
38842,0.032194674
38843,0.04673135
38844,0.074033335
38845,0.15461417
38846,0.01968863
38847,0.117079936
38848,0.03175525
38849,0.07034302
38850,0.0040197247
38851,0.017721174
38852,0.072629906
38853,0.047429193
38854,0.015803937
38855,0.059022453
38856,0.06364546
38857,0.24071015
38858,0.06091975
38859,0.022822522
38860,0.049620192
38861,0.10662348
38862,0.13985689
38863,0.040466182
38864,0.06480945
38865,0.016502526
38866,0.0077711185
38867,0.052766744
38868,0.55054826
38869,0.007025588
38870,0.14493723
38871,0.2648824
38872,0.11139171
38873,0.016983738
38874,0.00845698
38875,0.027887462
38876,0.008961518
38877,0.25022316
38878,0.22139397
38879,0.06173384
38880,0.04327152
38881,0.08655562
38882,0.11503492
38883,0.08145304
38884,0.18504107
38885,0.20759915
38886,0.07024555
38887,0.019557592
38888,0.1191353
38889,0.048987716
38890,0.2468589
38891,0.92657346
38892,0.24659784
38893,0.00039721135
38894,0.024031663
38895,0.20084323
38896,0.042306785
38897,0.0054474636
38898,0.01859652
38899,0.05406017
38900,0.012759206
38901,0.041839037
38902,0.6072912
38903,0.041539967
38904,0.050903596
38905,0.25532505
38906,0.10182628
38907,0.15157895
38908,0.26732332
38909,0.22577591
38910,0.01314168
38911,0.115657516
38912,0.14662364
38913,0.08128079
38914,0.9658794
38915,0.32242283
38916,0.284849
38917,0.022670884
38918,0.093366854
38919,0.09568134
38920,0.019749431
38921,0.0111738
38922,0.06331508
38923,0.0071856533
38924,0.0070232213
38925,0.07840109
38926,0.075987674
38927,0.063858844
38928,0.053006813
38929,0.10241178
38930,0.04731693
38931,0.102304876
38932,0.10921998
38933,0.04345097
38934,0.23891717
38935,0.01652668
38936,0.03142339
38937,0.9820506
38938,1.0
38939,0.5397796
38940,0.015814818
38941,0.11379774
38942,0.54243207
38943,0.074682355
38944,0.020388283
38945,0.053788055
38946,0.054017473
38947,0.030013533
38948,0.013106824
38949,0.4893372
38950,0.028186725
38951,0.011014852
38952,0.049804382
38953,0.070300266
38954,0.028501747
38955,0.05266466
38956,0.23176299
38957,0.117772795
38958,0.14171928
38959,0.08824997
38960,0.029493973
38961,0.9833778
38962,0.9122768
38963,0.401746
38964,0.07989429
38965,0.01669392
38966,0.49030408
38967,0.07878545
38968,0.1669433
38969,0.08551433
38970,0.13781822
38971,0.01770531
38972,0.13313156
38973,0.053450964
38974,0.04375924
38975,0.24873948
38976,0.369401
38977,0.71265244
38978,0.09611448
38979,0.09504064
38980,0.023809792
38981,0.026500823
38982,0.09414023
38983,0.04607649
38984,0.019017516
38985,0.105184354
38986,0.14522938
38987,0.049949605
38988,0.1116891
38989,0.0063841445
38990,0.9946183
38991,0.9880226
38992,0.97771513
38993,0.006152624
38994,0.091733664
38995,0.11117504
38996,0.0002976966
38997,0.45992804
38998,0.02305256
38999,0.0050182934
39000,0.020233218
39001,0.04993739
39002,0.029160814
39003,0.3499469
39004,0.9995011
39005,0.037847105
39006,0.06876022
39007,0.051737208
39008,0.075804606
39009,0.030592328
39010,0.13117951
39011,0.06378447
39012,0.057808906
39013,0.06950537
39014,0.13874216
39015,0.12093183
39016,0.03443701
39017,0.042782858
39018,0.29397365
39019,0.28283614
39020,0.126591
39021,0.07630774
39022,0.05651817
39023,0.13116828
39024,0.040938783
39025,0.0017407214
39026,0.018130217
39027,0.02126233
39028,0.039688308
39029,0.18179555
39030,0.3284274
39031,0.16293883
39032,0.07450055
39033,0.15952684
39034,0.13675816
39035,0.08729723
39036,0.7478516
39037,0.03985757
39038,0.019924773
39039,0.012152416
39040,0.15226758
39041,0.17778173
39042,0.2728973
39043,0.30802888
39044,0.20432141
39045,0.058977887
39046,1.0
39047,0.15221399
39048,0.10202712
39049,0.21804555
39050,0.017485658
39051,0.010807959
39052,0.35106495
39053,0.03964989
39054,0.014009043
39055,0.017158719
39056,0.034412857
39057,0.043113172
39058,0.21881649
39059,0.21876869
39060,0.19073896
39061,0.1907868
39062,0.107949235
39063,0.11607114
39064,0.23684417
39065,0.025866196
39066,0.16327216
39067,0.096016325
39068,0.034264185
39069,0.49712133
39070,0.19282436
39071,0.017397247
39072,0.42325836
39073,0.18839
39074,0.07928346
39075,0.09353885
39076,0.027017817
39077,0.032999743
39078,0.01566413
39079,0.04051543
39080,0.039748263
39081,0.049837817
39082,0.08754666
39083,0.26875687
39084,0.68262243
39085,0.261309
39086,0.21953233
39087,0.33320042
39088,0.08398235
39089,0.0030574747
39090,0.0508205
39091,0.036107574
39092,0.09301846
39093,0.23171325
39094,0.049641237
39095,0.06623046
39096,0.052978087
39097,0.15672792
39098,0.006780788
39099,0.013710414
39100,0.020663062
39101,0.02538976
39102,0.017878544
39103,0.010316948
39104,0.01075526
39105,0.016829535
39106,0.03986782
39107,0.009113823
39108,0.2707283
39109,0.13755298
39110,0.14435579
39111,0.4501821
39112,0.4811356
39113,0.16966316
39114,0.07928626
39115,0.043284334
39116,0.0022812446
39117,0.053785242
39118,0.09625958
39119,0.03649213
39120,0.99995905
39121,0.060021956
39122,0.015904365
39123,0.050555687
39124,0.06961062
39125,0.21100564
39126,0.013027428
39127,0.01871831
39128,0.004325938
39129,0.022439988
39130,0.0146366125
39131,0.01184159
39132,0.019159328
39133,0.046540778
39134,0.044632446
39135,0.6035559
39136,0.23312683
39137,0.25514933
39138,0.9960632
39139,0.26221076
39140,0.3527425
39141,0.10679369
39142,0.030034207
39143,0.023558592
39144,0.015594157
39145,0.009695802
39146,0.019123334
39147,0.060884524
39148,0.35603827
39149,0.16393271
39150,0.26431844
39151,0.015734978
39152,0.15730412
39153,0.120068826
39154,0.09063112
39155,0.07118869
39156,0.057434797
39157,0.025419855
39158,0.008099482
39159,0.010298693
39160,0.09879903
39161,0.9999735
39162,0.19475782
39163,0.89801
39164,0.35932606
39165,0.17134878
39166,0.124671176
39167,0.09272485
39168,0.0065761027
39169,0.028234169
39170,0.012296748
39171,0.016596198
39172,0.11070713
39173,0.09961658
39174,0.021428932
39175,0.16998082
39176,0.024826903
39177,0.07960858
39178,0.28297547
39179,0.055601347
39180,0.05804936
39181,0.21759912
39182,0.08340439
39183,0.12255319
39184,0.04742494
39185,0.19386871
39186,0.15193598
39187,0.014825799
39188,0.027481
39189,0.05773454
39190,0.06389335
39191,0.004274454
39192,0.071259685
39193,0.008470562
39194,0.16329597
39195,0.039432827
39196,0.004455456
39197,0.0629116
39198,0.03989344
39199,0.021438869
39200,0.0181
39201,0.1704011
39202,0.17052023
39203,0.7068374
39204,0.1688694
39205,0.012796177
39206,0.017729927
39207,0.020601988
39208,0.021588746
39209,0.060434096
39210,0.12313181
39211,0.13749108
39212,0.0074140094
39213,0.053132236
39214,0.017475411
39215,0.025753297
39216,0.056375787
39217,0.05134576
39218,0.04445607
39219,0.35215542
39220,0.012682707
39221,0.01462625
39222,0.034440424
39223,0.04736701
39224,0.057653364
39225,0.48889259
39226,0.22070135
39227,0.0032278025
39228,0.22513746
39229,0.059519395
39230,0.02282512
39231,0.093396306
39232,0.17763016
39233,0.007866182
39234,0.25512803
39235,0.010991419
39236,0.09863503
39237,0.035502017
39238,0.0373319
39239,0.00809136
39240,0.021518841
39241,0.05912798
39242,0.2850267
39243,0.024902215
39244,0.0037896768
39245,0.010974707
39246,0.042448845
39247,0.057785477
39248,0.1991187
39249,0.042939864
39250,0.18859103
39251,0.050723948
39252,0.04024172
39253,0.008084895
39254,0.05447805
39255,0.018193543
39256,0.24685718
39257,0.26753923
39258,0.03325605
39259,0.055844937
39260,0.3433225
39261,0.6996429
39262,0.15691882
39263,0.13136409
39264,0.004198423
39265,0.064057596
39266,0.0824845
39267,0.115279675
39268,0.09863063
39269,0.088993505
39270,0.08348756
39271,0.99284977
39272,0.08491763
39273,0.1198735
39274,0.06182347
39275,0.0008647171
39276,0.09819519
39277,0.42617685
39278,0.046324953
39279,0.18087101
39280,0.020032045
39281,0.16541952
39282,0.0063563935
39283,0.035835207
39284,0.014218209
39285,0.0045021144
39286,0.0015327631
39287,0.0628932
39288,0.08080494
39289,0.015604617
39290,0.044760622
39291,0.012245278
39292,0.0011427039
39293,0.23699383
39294,0.03976588
39295,0.057327837
39296,0.0004455859
39297,0.08761048
39298,0.07127799
39299,0.043325715
39300,0.99201524
39301,0.03729099
39302,0.1526489
39303,0.051405255
39304,0.030021865
39305,0.022529773
39306,0.014114838
39307,0.0058287852
39308,0.007848827
39309,0.423249
39310,0.0051581864
39311,0.002586042
39312,0.011619189
39313,0.14064948
39314,0.019892868
39315,0.12945242
39316,0.012345536
39317,0.05254633
39318,0.32697818
39319,0.025388626
39320,0.017074384
39321,0.003239775
39322,0.0154818855
39323,0.037645172
39324,0.13729514
39325,0.050821256
39326,0.012783046
39327,0.006332088
39328,0.04786027
39329,0.18208167
39330,0.060451448
39331,0.01974296
39332,0.057212126
39333,0.02390972
39334,0.042602144
39335,0.0700157
39336,0.20671009
39337,0.09322626
39338,0.011803901
39339,0.006476968
39340,0.010107312
39341,0.009631926
39342,0.010916804
39343,0.004036722
39344,0.014379903
39345,0.04831117
39346,0.105979815
39347,0.071569726
39348,0.08806395
39349,0.18966854
39350,0.23910758
39351,0.007933617
39352,0.015770657
39353,0.028476207
39354,0.028403746
39355,0.011626956
39356,0.012220727
39357,0.017876571
39358,0.012706552
39359,0.007143932
39360,0.008479524
39361,0.012465931
39362,0.08774985
39363,0.017504085
39364,0.07189326
39365,0.15726605
39366,0.039342433
39367,0.017663207
39368,0.015814744
39369,0.10283564
39370,0.004514324
39371,0.32092607
39372,0.020516925
39373,0.04717033
39374,0.07582879
39375,0.012225664
39376,0.08273814
39377,0.042171296
39378,0.004501276
39379,0.118077904
39380,0.020125959
39381,0.15154159
39382,0.21430811
39383,0.025772283
39384,0.016589943
39385,0.0077034906
39386,0.013329753
39387,0.011086086
39388,0.024819845
39389,0.0072069135
39390,0.17077431
39391,0.14486715
39392,0.30912837
39393,0.009744547
39394,0.011206966
39395,0.04619209
39396,0.024811285
39397,0.015787387
39398,0.056991566
39399,0.032938357
39400,0.33602878
39401,0.22546841
39402,0.02441946
39403,0.118072644
39404,0.015275611
39405,0.019291986
39406,0.038468506
39407,0.01972997
39408,0.050797388
39409,0.00410785
39410,0.021414941
39411,0.030699003
39412,0.00740475
39413,0.05790571
39414,0.014722422
39415,0.062439997
39416,0.007641504
39417,0.032552667
39418,0.053160176
39419,0.21051717
39420,0.011650785
39421,0.17370974
39422,0.04557204
39423,0.20347114
39424,0.26362187
39425,0.029835016
39426,0.04709933
39427,0.1858706
39428,0.118090145
39429,0.23250744
39430,0.11731205
39431,0.1272105
39432,0.042653974
39433,0.0026081766
39434,0.0137379635
39435,0.014741016
39436,0.20944029
39437,0.028117388
39438,0.935379
39439,0.091661304
39440,0.042195283
39441,0.18699963
39442,0.10663589
39443,0.012762203
39444,0.009659471
39445,0.11872256
39446,0.118499085
39447,0.6439073
39448,0.492263
39449,0.047824815
39450,0.07490421
39451,0.20470898
39452,0.21711121
39453,0.008124089
39454,0.05271477
39455,0.02635365
39456,0.05609292
39457,0.15547384
39458,0.27941936
39459,0.11004821
39460,0.2056384
39461,0.6347255
39462,0.15011157
39463,0.02170215
39464,0.3904213
39465,0.11319033
39466,0.1376241
39467,0.021244923
39468,0.006220817
39469,0.037323818
39470,0.11939387
39471,0.08645391
39472,0.09248888
39473,0.15013976
39474,0.17548773
39475,0.24956802
39476,0.049038887
39477,0.037680548
39478,0.081834875
39479,0.054110497
39480,0.064284466
39481,0.03348921
39482,0.03960828
39483,0.024232078
39484,0.12494495
39485,0.23101857
39486,0.33818907
39487,0.022473255
39488,0.012161083
39489,0.45861807
39490,0.10902614
39491,0.102484085
39492,0.33773726
39493,0.35465974
39494,0.0054405956
39495,0.05720983
39496,0.088729404
39497,0.0080252215
39498,0.022556065
39499,0.058436148
39500,0.011808455
39501,0.10004552
39502,0.37283137
39503,0.35350564
39504,0.016492022
39505,0.022705395
39506,0.10546702
39507,0.116339915
39508,0.3536771
39509,0.0074096113
39510,0.21406873
39511,0.04311419
39512,0.25099906
39513,0.48687124
39514,0.13173482
39515,0.010856544
39516,0.039830603
39517,0.005370757
39518,0.074945554
39519,0.01652737
39520,0.02103206
39521,0.12646417
39522,0.121399656
39523,0.08191834
39524,0.13816047
39525,0.044976808
39526,0.03324959
39527,0.032042865
39528,0.026437597
39529,0.019714238
39530,0.16808677
39531,0.068158604
39532,0.06914157
39533,0.005475537
39534,0.06650564
39535,0.040027633
39536,0.014425323
39537,0.023026314
39538,0.060580984
39539,0.056659468
39540,0.05352285
39541,0.45396638
39542,0.39421555
39543,0.034965504
39544,0.008785352
39545,0.073111445
39546,0.022309138
39547,0.01581485
39548,0.07947198
39549,0.005192711
39550,0.2522391
39551,0.05405633
39552,0.047101438
39553,0.04582713
39554,0.005802033
39555,0.033224024
39556,0.053988907
39557,0.108466975
39558,0.17911674
39559,0.11262023
39560,0.041482635
39561,0.03565341
39562,0.034372628
39563,0.04996431
39564,0.06625778
39565,0.01160067
39566,0.31868115
39567,0.030192886
39568,0.42287877
39569,0.053271662
39570,0.0040305126
39571,0.072290935
39572,0.046510495
39573,0.046014216
39574,0.009406159
39575,0.028036416
39576,0.007818288
39577,0.018202234
39578,0.026325963
39579,0.031113734
39580,0.099899784
39581,0.027943645
39582,0.06297563
39583,0.040446058
39584,0.0912205
39585,0.14728148
39586,0.31390414
39587,0.055572603
39588,0.11469213
39589,0.015844367
39590,0.016517926
39591,0.1397797
39592,0.09807621
39593,0.03236023
39594,0.03254366
39595,0.09171157
39596,0.02007546
39597,0.014737587
39598,0.009769134
39599,0.1428553
39600,0.010122747
39601,0.031652488
39602,0.016352385
39603,0.039043374
39604,0.019724337
39605,0.048184726
39606,0.0537817
39607,0.07536952
39608,0.047769524
39609,0.15632714
39610,0.10938029
39611,0.20840442
39612,0.011812331
39613,0.08138889
39614,0.0050197225
39615,0.043868892
39616,0.057727624
39617,0.04891402
39618,0.0026861539
39619,0.0014994724
39620,0.040367804
39621,0.013469841
39622,0.011606651
39623,0.04570698
39624,0.05077318
39625,0.07324812
39626,0.049311854
39627,0.31919858
39628,0.084936626
39629,0.09278273
39630,0.5692875
39631,0.08989205
39632,0.06822955
39633,0.078164235
39634,0.06489531
39635,0.06561473
39636,0.09126782
39637,0.027545363
39638,0.020797763
39639,0.22468528
39640,0.036001746
39641,0.035980098
39642,0.05197933
39643,0.07570503
39644,0.017058931
39645,0.015766727
39646,0.087356344
39647,0.6249153
39648,0.10312378
39649,0.013243387
39650,0.035521742
39651,0.9540414
39652,0.07964316
39653,0.013320044
39654,0.06821835
39655,0.047969267
39656,0.20658195
39657,0.36886266
39658,0.06371679
39659,0.0200535
39660,0.031278495
39661,0.056166098
39662,0.059396718
39663,0.1801816
39664,0.061599527
39665,0.07641112
39666,0.016089933
39667,0.019416936
39668,0.026501909
39669,0.058086768
39670,0.050661586
39671,0.01182084
39672,0.0678069
39673,0.08257794
39674,0.274641
39675,0.058005765
39676,0.025278214
39677,0.06051962
39678,0.1207752
39679,0.20507894
39680,0.06675569
39681,0.026440544
39682,0.008938773
39683,0.061130118
39684,0.54301167
39685,0.006633122
39686,0.1758056
39687,0.317094
39688,0.07387507
39689,0.023946201
39690,0.008457803
39691,0.027874764
39692,0.023730624
39693,0.2699467
39694,0.21232174
39695,0.041461438
39696,0.059356462
39697,0.09739804
39698,0.07738454
39699,0.09714349
39700,0.16367649
39701,0.23213083
39702,0.10229417
39703,0.033220004
39704,0.13089834
39705,0.042288598
39706,0.22168756
39707,0.72538483
39708,0.026792714
39709,0.2836335
39710,0.017750608
39711,0.21035902
39712,0.0015852359
39713,0.020817492
39714,0.06940824
39715,0.012760178
39716,0.03423594
39717,0.54280955
39718,0.046241835
39719,0.069648415
39720,0.22062983
39721,0.11030069
39722,0.15164497
39723,0.22483401
39724,0.23321803
39725,0.001402856
39726,0.1231653
39727,0.07474773
39728,0.050542634
39729,0.99341094
39730,0.39418107
39731,0.34864116
39732,0.023596497
39733,0.14484997
39734,0.050907932
39735,0.021249965
39736,0.0016898068
39737,0.01747783
39738,0.04322961
39739,0.0071881013
39740,0.017496485
39741,0.100968584
39742,0.09035795
39743,0.024880288
39744,0.059718672
39745,0.08692802
39746,0.054627832
39747,0.08521747
39748,0.08665935
39749,0.059543684
39750,0.20055337
39751,0.016528148
39752,0.04780883
39753,0.9819984
39754,0.9825835
39755,0.6293553
39756,0.010121498
39757,0.008431994
39758,0.113936774
39759,0.5404388
39760,0.09609661
39761,0.0070396424
39762,0.0715291
39763,0.05083217
39764,0.018403156
39765,0.453621
39766,0.04220583
39767,0.03410333
39768,0.08190267
39769,0.042268906
39770,0.050292928
39771,0.037419535
39772,0.30163082
39773,0.099955745
39774,0.09898046
39775,0.074908175
39776,0.052627366
39777,0.988993
39778,0.906708
39779,0.41982117
39780,0.03991662
39781,0.025325892
39782,0.007874366
39783,0.45454857
39784,0.04364919
39785,0.20943141
39786,0.07496017
39787,0.1421547
39788,0.015821721
39789,0.11329194
39790,0.058056213
39791,0.08266193
39792,0.23538165
39793,0.44680703
39794,0.6196802
39795,0.13270576
39796,0.088893615
39797,0.04899237
39798,0.027402645
39799,0.043667577
39800,0.060490392
39801,0.032797273
39802,0.038437713
39803,0.092243426
39804,0.1428038
39805,0.13948162
39806,0.023368154
39807,0.9410579
39808,0.98584276
39809,0.991827
39810,0.044049945
39811,0.1694954
39812,0.01224529
39813,0.42480063
39814,0.023066135
39815,0.01672342
39816,0.026692975
39817,0.019972933
39818,0.040238444
39819,0.057206955
39820,0.33628318
39821,1.0
39822,0.030101161
39823,0.055797588
39824,0.04969754
39825,0.0818464
39826,0.048453942
39827,0.091026574
39828,0.07463289
39829,0.034565344
39830,0.10414043
39831,0.05644022
39832,0.110268
39833,0.28356433
39834,0.21209115
39835,0.124601826
39836,0.03393345
39837,0.054554123
39838,0.031174174
39839,0.1494424
39840,0.032115865
39841,0.014147193
39842,0.034326646
39843,0.0004463719
39844,0.0067731556
39845,0.02895199
39846,0.026023103
39847,0.19418283
39848,0.3500948
39849,0.11313737
39850,0.1101743
39851,0.12849374
39852,0.12261383
39853,0.10382418
39854,0.8757154
39855,0.0467379
39856,0.015778521
39857,0.1860055
39858,0.10119352
39859,0.21530876
39860,0.35698152
39861,0.17604181
39862,0.047681257
39863,0.9977585
39864,0.08424911
39865,0.014379524
39866,0.09595303
39867,0.15528604
39868,0.013709964
39869,0.5045761
39870,0.017020883
39871,0.014570616
39872,0.016531503
39873,0.028799182
39874,0.040426094
39875,0.22322072
39876,0.23837668
39877,0.19721255
39878,0.17140236
39879,0.08515118
39880,0.12959033
39881,0.24510093
39882,0.0063405335
39883,0.11039772
39884,0.12355888
39885,0.06869329
39886,0.3681013
39887,0.25537822
39888,0.41877985
39889,0.25496057
39890,0.057712626
39891,0.0706546
39892,0.09587043
39893,0.0117941005
39894,0.013756543
39895,0.015675876
39896,0.045808952
39897,0.033377483
39898,0.050958466
39899,0.10313607
39900,0.31619006
39901,0.7091641
39902,0.25080165
39903,0.16273096
39904,0.35595614
39905,0.07410243
39906,0.08411966
39907,0.041814547
39908,0.111899294
39909,0.33505696
39910,0.052984543
39911,0.02029906
39912,0.051111348
39913,0.12925285
39914,0.036504608
39915,0.026991546
39916,0.020668015
39917,0.012194718
39918,0.016435515
39919,0.017960874
39920,0.021929447
39921,0.049937814
39922,0.19350098
39923,0.103921294
39924,0.12264238
39925,0.42209724
39926,0.44416615
39927,0.20709923
39928,0.11420609
39929,0.05952849
39930,0.023953099
39931,0.06348383
39932,0.11551203
39933,0.056464877
39934,0.99564886
39935,0.034795873
39936,0.0028087085
39937,0.07024519
39938,0.08129111
39939,0.20413962
39940,0.072057776
39941,0.048780948
39942,0.014847332
39943,0.01873717
39944,0.008668295
39945,0.010764803
39946,0.010106835
39947,0.05974723
39948,0.068582766
39949,0.61544776
39950,0.24132702
39951,0.26284462
39952,0.99892867
39953,0.27589756
39954,0.4250274
39955,0.12971815
39956,0.004584159
39957,0.024162715
39958,0.0006875927
39959,0.049853735
39960,0.0007133915
39961,0.06242846
39962,0.32311016
39963,0.112859376
39964,0.23945689
39965,0.03299883
39966,0.12283056
39967,0.08512479
39968,0.11533496
39969,0.13035212
39970,0.051094774
39971,0.025436763
39972,0.019970693
39973,0.081757106
39974,1.0
39975,0.22115418
39976,0.9032996
39977,0.37088004
39978,0.15610807
39979,0.10735236
39980,0.09515729
39981,0.030779075
39982,0.031089192
39983,0.023891672
39984,0.05799502
39985,0.026046123
39986,0.19991446
39987,0.03289159
39988,0.076870896
39989,0.2537428
39990,0.042102236
39991,0.0612092
39992,0.16069223
39993,0.020840475
39994,0.07464063
39995,0.098019816
39996,0.03636267
39997,0.18269707
39998,0.017972965
39999,0.15768677
40000,0.084344484
40001,0.025228733
40002,0.06920654
40003,0.07266221
40004,0.06411144
40005,0.008472177
40006,0.13984242
40007,0.017748572
40008,0.027377967
40009,0.07432501
40010,0.03266706
40011,0.04432557
40012,0.020385366
40013,0.19494928
40014,0.19669819
40015,0.73452604
40016,0.18399395
40017,0.021539675
40018,0.01746606
40019,0.02689367
40020,0.071788505
40021,0.06678999
40022,0.16100967
40023,0.010933622
40024,0.056441456
40025,0.015786186
40026,0.06307413
40027,0.05373121
40028,0.3573125
40029,0.012683654
40030,0.014627197
40031,0.019139646
40032,0.0448337
40033,0.03257564
40034,0.45282653
40035,0.25548542
40036,0.18565944
40037,0.027073596
40038,0.013736298
40039,0.07951191
40040,0.20094424
40041,0.012277905
40042,0.21646385
40043,0.0038995638
40044,0.011227728
40045,0.09997368
40046,0.03987085
40047,0.034393862
40048,0.007950633
40049,0.037168905
40050,0.3731865
40051,0.026007585
40052,0.006736139
40053,0.008124563
40054,0.03251103
40055,0.049840882
40056,0.29443946
40057,0.02316063
40058,0.17374578
40059,0.06921736
40060,0.0415515
40061,0.01215894
40062,0.018078089
40063,0.028908188
40064,0.008709288
40065,0.3075362
40066,0.19997318
40067,0.015835436
40068,0.04887679
40069,0.027842287
40070,0.008102664
40071,0.35248235
40072,0.89480835
40073,0.12808509
40074,0.14236203
40075,0.002817977
40076,0.080091365
40077,0.11752163
40078,0.07258979
40079,0.103672765
40080,0.07148049
40081,0.094540894
40082,0.99927664
40083,0.15200652
40084,0.08967496
40085,0.043444693
40086,0.01652415
40087,0.060985163
40088,0.13113998
40089,0.30339187
40090,0.080703326
40091,0.2144224
40092,0.028828287
40093,0.13427517
40094,0.009860022
40095,0.054949675
40096,0.017608622
40097,0.0045054974
40098,0.01193605
40099,0.058007754
40100,0.053101406
40101,0.0020346036
40102,0.0059747063
40103,0.09712458
40104,0.006991934
40105,0.20334844
40106,0.06237123
40107,0.033287536
40108,0.022927875
40109,0.043008287
40110,0.1059378
40111,0.07481955
40112,0.02080044
40113,0.010280032
40114,1.0
40115,0.10071394
40116,0.04783737
40117,0.030052876
40118,0.05587731
40119,0.01427358
40120,0.34535307
40121,0.0018118705
40122,0.0054322253
40123,0.0035011324
40124,0.0070447535
40125,0.17827256
40126,0.09889429
40127,0.26510912
40128,0.009867584
40129,0.0039411727
40130,0.012210112
40131,0.019222522
40132,0.05117718
40133,0.09216857
40134,0.034468308
40135,0.0050268364
40136,0.018857868
40137,0.020395277
40138,0.14941467
40139,0.0485456
40140,0.07319822
40141,0.00835186
40142,0.016903901
40143,0.07151635
40144,0.102889806
40145,0.06874801
40146,0.18888542
40147,0.003225366
40148,0.009629702
40149,0.010282016
40150,0.006220102
40151,0.015788067
40152,0.016543448
40153,0.014741295
40154,0.014379982
40155,0.004339306
40156,0.0812822
40157,0.08589063
40158,0.047009133
40159,0.0039807623
40160,0.09564133
40161,0.30707052
40162,0.010898269
40163,0.009868108
40164,0.017494971
40165,0.0071857963
40166,0.016437547
40167,0.010042493
40168,0.013342392
40169,0.04084526
40170,0.013191551
40171,0.020072127
40172,0.12804465
40173,0.012883448
40174,0.01278865
40175,0.0039759534
40176,0.011907668
40177,0.015814805
40178,0.11807572
40179,0.34260362
40180,0.025319444
40181,0.027547043
40182,0.03252757
40183,0.057846222
40184,0.031301685
40185,0.010108382
40186,0.10673978
40187,0.018958732
40188,0.103194855
40189,0.16094716
40190,0.0166422
40191,0.014938368
40192,0.012206005
40193,0.04097803
40194,0.017479694
40195,0.012284362
40196,0.045861192
40197,0.0072068963
40198,0.15851569
40199,0.091867015
40200,0.25238246
40201,0.0071365763
40202,0.015912779
40203,0.0277329
40204,0.004007463
40205,0.039130848
40206,0.014191443
40207,0.088617586
40208,0.30044025
40209,0.20069589
40210,0.09295768
40211,0.01873888
40212,0.038441315
40213,0.019739203
40214,0.03442284
40215,0.024229886
40216,0.029524183
40217,0.046799406
40218,0.0012092913
40219,0.007864069
40220,0.03354012
40221,0.0074171796
40222,0.07669126
40223,0.002285258
40224,0.019483635
40225,0.043639936
40226,0.039498508
40227,0.02672508
40228,0.16054395
40229,0.04263822
40230,0.036168672
40231,0.1840687
40232,0.18876053
40233,0.04716457
40234,0.20888071
40235,0.24814676
40236,0.09088316
40237,0.07529316
40238,0.043008417
40239,0.024985712
40240,0.024205131
40241,0.014754158
40242,0.115276046
40243,0.87521446
40244,0.11234242
40245,0.043373026
40246,0.12853508
40247,0.11645864
40248,0.028020687
40249,0.020803142
40250,0.016715752
40251,0.17802113
40252,0.10292618
40253,0.5628556
40254,0.39373156
40255,0.04200911
40256,0.036877923
40257,0.09835178
40258,0.23857147
40259,0.052194208
40260,0.039573733
40261,0.2157674
40262,0.037024826
40263,0.21063186
40264,0.09704779
40265,0.3210073
40266,0.64550453
40267,0.18747427
40268,0.02173902
40269,0.49172813
40270,0.043107763
40271,0.103658065
40272,0.04903867
40273,0.03242149
40274,0.13767481
40275,0.07101251
40276,0.11705832
40277,0.15568173
40278,0.029868437
40279,0.12749435
40280,0.26699758
40281,0.052676477
40282,0.03274106
40283,0.10141083
40284,0.013937613
40285,0.030521745
40286,0.099703364
40287,0.24604914
40288,0.31084892
40289,0.034624077
40290,0.25467968
40291,0.22185257
40292,0.21107587
40293,0.3143941
40294,0.37105998
40295,0.005443857
40296,0.11466394
40297,0.088642746
40298,0.020904735
40299,0.033994094
40300,0.0059451796
40301,0.03190504
40302,0.05991598
40303,0.093582235
40304,0.10849263
40305,0.34343478
40306,0.3564607
40307,0.024403483
40308,0.08478472
40309,0.030160906
40310,0.3250608
40311,0.05097737
40312,0.09068376
40313,0.010036309
40314,0.041238386
40315,0.19449538
40316,0.54430676
40317,0.1450712
40318,0.0009996175
40319,0.004483557
40320,0.06602829
40321,0.043935683
40322,0.01654064
40323,0.13707526
40324,0.19013563
40325,0.09537348
40326,0.11579328
40327,0.06307443
40328,0.039029986
40329,0.040739197
40330,0.012313338
40331,0.19988447
40332,0.07935071
40333,0.07008675
40334,0.008684454
40335,0.06586985
40336,0.024098556
40337,0.0064892946
40338,0.040444512
40339,0.0058318004
40340,0.04561724
40341,0.08788749
40342,0.5481346
40343,0.3572325
40344,0.037294813
40345,0.04898626
40346,0.03200984
40347,0.028851965
40348,0.06575803
40349,0.015828166
40350,0.076600656
40351,0.0180932
40352,0.22155729
40353,0.03025145
40354,0.04362053
40355,0.031132076
40356,0.052602474
40357,0.038332634
40358,0.14626037
40359,0.16215764
40360,0.095225506
40361,0.064468466
40362,0.03941001
40363,0.030854717
40364,0.036362156
40365,0.03626937
40366,0.2840559
40367,0.055874158
40368,0.4546769
40369,0.059634086
40370,0.078324445
40371,0.026749067
40372,0.030692732
40373,0.028093716
40374,0.08325785
40375,0.08239589
40376,0.06590512
40377,0.05689954
40378,0.12565371
40379,0.32458445
40380,0.08148807
40381,0.024412332
40382,0.0806446
40383,0.005319237
40384,0.14641647
40385,0.013403807
40386,0.07578321
40387,0.015753195
40388,0.07824804
40389,0.0143980095
40390,0.0060867434
40391,0.031822465
40392,0.0041649486
40393,0.19468014
40394,0.00030320053
40395,0.04146759
40396,0.028538842
40397,0.03138629
40398,0.024501888
40399,0.060811307
40400,0.074202284
40401,0.07342096
40402,0.05014252
40403,0.2131524
40404,0.1208534
40405,0.2500511
40406,0.011823273
40407,0.09117402
40408,0.057977766
40409,0.03535326
40410,0.043490984
40411,0.015676104
40412,0.038440015
40413,0.024136202
40414,0.020904917
40415,0.05435685
40416,0.025126567
40417,0.034011465
40418,0.054140374
40419,0.047921777
40420,0.2742288
40421,0.072122246
40422,0.11065087
40423,0.5434359
40424,0.0759177
40425,0.08627076
40426,0.06390716
40427,0.083725795
40428,0.06397141
40429,0.10208663
40430,0.034688767
40431,0.0084076505
40432,0.23814142
40433,0.096309505
40434,0.03279343
40435,0.057197087
40436,0.036415808
40437,0.0123320725
40438,0.06467392
40439,0.46030518
40440,0.077126555
40441,0.035933565
40442,0.05721503
40443,0.9641267
40444,0.05727218
40445,0.0039338167
40446,0.08291723
40447,0.075751334
40448,0.16325381
40449,0.3469974
40450,0.055659547
40451,0.023356268
40452,0.03299836
40453,0.016848492
40454,0.0541382
40455,0.13838145
40456,0.04241642
40457,0.05821
40458,0.06688962
40459,0.03773442
40460,0.018731862
40461,0.0076649105
40462,0.01658875
40463,0.06125148
40464,0.056199342
40465,0.018556742
40466,0.115013845
40467,0.082657814
40468,0.28366548
40469,0.06953019
40470,0.019238055
40471,0.05503108
40472,0.15115358
40473,0.1824094
40474,0.072204106
40475,0.05679382
40476,0.008944292
40477,0.05374296
40478,0.48830307
40479,0.020081762
40480,0.20537385
40481,0.39231962
40482,0.09586073
40483,0.028890738
40484,0.042356383
40485,0.21556771
40486,0.18540218
40487,0.054748364
40488,0.056149922
40489,0.11022567
40490,0.091477185
40491,0.09898943
40492,0.1233132
40493,0.264012
40494,0.032716975
40495,0.03113537
40496,0.12676626
40497,0.029740538
40498,0.15194453
40499,0.9399865
40500,0.042503227
40501,0.20438895
40502,0.0127116
40503,0.025511421
40504,0.17460312
40505,0.045630977
40506,0.037333272
40507,0.00520975
40508,0.026274605
40509,0.61029845
40510,0.04348726
40511,0.08166375
40512,0.21953826
40513,0.080757365
40514,0.19975303
40515,0.26418674
40516,0.22550039
40517,0.022706714
40518,0.14486568
40519,0.07118261
40520,0.06183151
40521,1.0
40522,0.3059649
40523,0.37465712
40524,0.0122097535
40525,0.20476036
40526,0.0086647915
40527,0.051898204
40528,0.01749364
40529,0.022821885
40530,0.017792849
40531,0.008924728
40532,0.08331825
40533,0.07370937
40534,0.06329986
40535,0.053615592
40536,0.08045245
40537,0.044148937
40538,0.08583288
40539,0.09084047
40540,0.025603285
40541,0.105284944
40542,0.19988438
40543,0.01392355
40544,1.0
40545,0.9695733
40546,0.72011733
40547,0.029731926
40548,0.17857395
40549,0.42493644
40550,0.13129905
40551,0.046593953
40552,0.0070476015
40553,0.04137803
40554,0.042818572
40555,0.03902433
40556,0.007858893
40557,0.45118588
40558,0.030818705
40559,0.021630915
40560,0.0767229
40561,0.05180076
40562,0.044051237
40563,0.01681008
40564,0.21834862
40565,0.0535735
40566,0.19258727
40567,0.068823196
40568,0.107425876
40569,0.9807442
40570,0.9488923
40571,0.40904853
40572,0.034577854
40573,0.025337724
40574,0.0078797825
40575,0.5343295
40576,0.05090088
40577,0.26405844
40578,0.04477656
40579,0.12729727
40580,0.11463153
40581,0.08431001
40582,0.07983313
40583,0.23521931
40584,0.39079994
40585,0.70548576
40586,0.11205136
40587,0.11227547
40588,0.028966816
40589,0.044587296
40590,0.052757666
40591,0.0681589
40592,0.034384284
40593,0.024984503
40594,0.10786446
40595,0.114499085
40596,0.037948903
40597,0.047932837
40598,0.02339535
40599,0.93273616
40600,0.99161124
40601,0.95217294
40602,0.043419648
40603,0.10361192
40604,0.011616311
40605,0.37091032
40606,0.023105985
40607,0.011868639
40608,0.009625389
40609,0.041472342
40610,0.05021703
40611,0.31494322
40612,1.0
40613,0.029392438
40614,0.051259596
40615,0.03494906
40616,0.09812147
40617,0.03505572
40618,0.09521772
40619,0.05514008
40620,0.042888504
40621,0.1056136
40622,0.044575047
40623,0.08068777
40624,0.017912418
40625,0.2623442
40626,0.17285563
40627,0.12113946
40628,0.029430103
40629,0.020125968
40630,0.02155313
40631,0.023217965
40632,0.09520556
40633,0.014975797
40634,0.018469783
40635,0.04902875
40636,0.00327717
40637,0.016718034
40638,0.03866882
40639,0.050451618
40640,0.14712985
40641,0.36558062
40642,0.098401904
40643,0.101529054
40644,0.122343265
40645,0.11130885
40646,0.106496155
40647,0.84610814
40648,0.059393946
40649,0.025167972
40650,0.03661218
40651,0.19922376
40652,0.111413054
40653,0.21896954
40654,0.3398738
40655,0.14639771
40656,0.100383475
40657,0.9899208
40658,0.15235499
40659,0.014389597
40660,0.079623505
40661,0.1623235
40662,0.005262658
40663,0.010583969
40664,0.6337775
40665,0.018782523
40666,0.01524699
40667,0.01116418
40668,0.039749984
40669,0.088604
40670,0.24910428
40671,0.23750904
40672,0.17667806
40673,0.16737673
40674,0.09816257
40675,0.10251557
40676,0.21445678
40677,0.0906149
40678,0.11080411
40679,0.04668107
40680,0.49527684
40681,0.23167486
40682,0.019010505
40683,0.2965723
40684,0.27359897
40685,0.05480247
40686,0.0792223
40687,0.055817366
40688,0.04195501
40689,0.013770515
40690,0.023480704
40691,0.048748184
40692,0.06139436
40693,0.080567606
40694,0.091671
40695,0.3163714
40696,0.69875056
40697,0.15473908
40698,0.21172766
40699,0.3542966
40700,0.10271187
40701,0.018302046
40702,0.046840463
40703,0.07123541
40704,0.14817314
40705,0.22395839
40706,0.06271784
40707,0.0052681253
40708,0.014695289
40709,0.1420768
40710,0.0039873617
40711,0.024350408
40712,0.020689104
40713,0.0070590605
40714,0.01789123
40715,0.015957376
40716,0.012203935
40717,0.0140752895
40718,0.02162176
40719,0.013541538
40720,0.053299677
40721,0.19350468
40722,0.10102947
40723,0.20273696
40724,0.44982755
40725,0.45079765
40726,0.21583892
40727,0.12439892
40728,0.05805688
40729,0.01726825
40730,0.048128642
40731,0.069649175
40732,0.9994117
40733,0.0397699
40734,0.025171416
40735,0.04087153
40736,0.02489244
40737,0.13022678
40738,0.059687696
40739,0.03167198
40740,0.016469993
40741,0.031004101
40742,0.011935214
40743,0.04890616
40744,0.05736812
40745,0.4816728
40746,0.2653833
40747,0.2576976
40748,1.0
40749,0.20374247
40750,0.31860894
40751,0.15817182
40752,0.030094646
40753,0.004704251
40754,0.019357096
40755,0.028549766
40756,0.072480656
40757,0.33707225
40758,0.13982502
40759,0.19614075
40760,0.021289343
40761,0.10058962
40762,0.06779049
40763,0.10162701
40764,0.13445517
40765,0.06530487
40766,0.025445562
40767,0.011692044
40768,0.0823468
40769,1.0
40770,0.2091383
40771,0.968392
40772,0.41987577
40773,0.10790433
40774,0.098607816
40775,0.066060364
40776,0.02509328
40777,0.013346831
40778,0.06661834
40779,0.009634353
40780,0.025483806
40781,0.080033004
40782,0.062237725
40783,0.035851713
40784,0.11470386
40785,0.020090044
40786,0.032231495
40787,0.21523052
40788,0.02315044
40789,0.05430928
40790,0.19938627
40791,0.0009241147
40792,0.0007317615
40793,0.06526474
40794,0.11310749
40795,0.06790978
40796,0.18606998
40797,0.12852347
40798,0.041296076
40799,0.04883135
40800,0.06546992
40801,0.07990817
40802,0.06929888
40803,0.007879055
40804,0.07035963
40805,0.008477696
40806,0.095707804
40807,0.015117684
40808,0.059524447
40809,0.03491971
40810,0.024103211
40811,0.020042306
40812,0.14145435
40813,0.2209568
40814,0.9159217
40815,0.2347825
40816,0.0006185398
40817,0.07910559
40818,0.023346974
40819,0.061161112
40820,0.09769413
40821,0.0040378263
40822,0.026903614
40823,0.017492969
40824,0.008929775
40825,0.01579943
40826,0.07575296
40827,0.046461705
40828,0.2772612
40829,0.012692871
40830,0.014644263
40831,0.013212976
40832,0.05116825
40833,0.07380811
40834,0.39889857
40835,0.30669898
40836,0.0005836913
40837,0.20806578
40838,0.010552289
40839,0.012373016
40840,0.057705067
40841,0.1859724
40842,0.03423515
40843,0.16708915
40844,0.0024500329
40845,0.10012714
40846,0.053129654
40847,0.031189917
40848,0.020887572
40849,0.010359984
40850,0.05488318
40851,0.31182933
40852,0.018083092
40853,0.012380402
40854,0.01593158
40855,0.03247329
40856,0.036225032
40857,0.22042802
40858,0.048483085
40859,0.15326312
40860,0.062865615
40861,0.024970697
40862,0.03635771
40863,0.022515552
40864,0.29453766
40865,0.092134446
40866,0.15537164
40867,0.007896098
40868,0.026650434
40869,0.03463897
40870,0.008116664
40871,0.42262584
40872,0.9149939
40873,0.094168775
40874,0.12258222
40875,0.0058885897
40876,0.097065374
40877,0.079079665
40878,0.07189907
40879,0.10001604
40880,0.07133654
40881,0.10111506
40882,0.99780196
40883,0.10216252
40884,0.015375541
40885,0.067234956
40886,0.05418743
40887,0.0078093857
40888,0.03599713
40889,0.11168049
40890,0.33911592
40891,0.002829436
40892,0.2374317
40893,0.17860538
40894,0.02774608
40895,0.06140598
40896,0.011297135
40897,0.049768597
40898,0.056194335
40899,0.08413567
40900,0.01339039
40901,0.05102447
40902,0.00043738497
40903,0.20335856
40904,0.049831726
40905,0.054704536
40906,0.021025607
40907,0.026355747
40908,0.041021463
40909,0.081721134
40910,0.02081889
40911,0.007055747
40912,1.0
40913,0.07732229
40914,0.048304513
40915,0.05187511
40916,0.03403502
40917,0.038363315
40918,0.006689276
40919,0.01410286
40920,0.015390981
40921,0.26221535
40922,0.0036813891
40923,0.005431742
40924,0.0070463005
40925,0.20402753
40926,0.008349835
40927,0.10044149
40928,0.04610825
40929,0.03904311
40930,0.22111967
40931,0.0037537669
40932,0.024492795
40933,0.015873577
40934,0.012636184
40935,0.030577207
40936,0.12151327
40937,0.046552557
40938,0.012784726
40939,0.0141595425
40940,0.03249553
40941,0.08863555
40942,0.065349676
40943,0.02640409
40944,0.01986708
40945,0.016945062
40946,0.06430615
40947,0.014740449
40948,0.0698845
40949,0.12256469
40950,0.1515695
40951,0.005437769
40952,0.015243754
40953,0.047231443
40954,0.034365308
40955,0.0831604
40956,0.017642908
40957,0.13813186
40958,0.30724052
40959,0.019258402
40960,0.003568393
40961,0.013192403
40962,0.028918797
40963,0.049003106
40964,0.030773312
40965,0.0325949
40966,0.013193219
40967,0.03126756
40968,0.105294496
40969,0.040689357
40970,0.02968981
40971,0.006328316
40972,0.01700886
40973,0.04056903
40974,0.35303852
40975,0.045751687
40976,0.007863041
40977,0.046708856
40978,0.04406348
40979,0.014883756
40980,0.009848332
40981,0.115699604
40982,0.0078560505
40983,0.1133862
40984,0.0065267324
40985,0.14979152
40986,0.01665172
40987,0.06141515
40988,0.008463311
40989,0.008470063
40990,0.024515731
40991,0.14681198
40992,0.105102986
40993,0.19338097
40994,0.011903847
40995,0.055325363
40996,0.030006643
40997,0.044691578
40998,0.34536847
40999,0.22325404
41000,0.079750925
41001,0.03851328
41002,0.023529522
41003,0.042833902
41004,0.05349098
41005,0.030584635
41006,0.04473852
41007,0.043740116
41008,0.1714803
41009,0.04273198
41010,0.009256906
41011,0.26763415
41012,0.13679533
41013,0.023948664
41014,0.0472801
41015,0.14723955
41016,0.22406504
41017,0.09099376
41018,0.07111549
41019,0.030681338
41020,0.014756417
41021,0.1347104
41022,0.030757794
41023,0.7542932
41024,0.12995112
41025,0.13056313
41026,0.11108323
41027,0.014886971
41028,0.03781256
41029,0.017098147
41030,0.007998255
41031,0.32614112
41032,0.42547542
41033,0.042082496
41034,0.08183912
41035,0.012451581
41036,0.13547537
41037,0.23624375
41038,0.0033758627
41039,0.012832785
41040,0.02583203
41041,0.09516584
41042,0.17619513
41043,0.09975039
41044,0.19002372
41045,0.34418547
41046,0.17208035
41047,0.34375006
41048,0.068233244
41049,0.08869317
41050,0.010856347
41051,0.044157863
41052,0.110342
41053,0.08493802
41054,0.09110725
41055,0.03509807
41056,0.029745469
41057,0.01605201
41058,0.069746464
41059,0.16711846
41060,0.061305936
41061,0.039555494
41062,0.10951212
41063,0.043647956
41064,0.026986852
41065,0.025770824
41066,0.26168215
41067,0.2597273
41068,0.047914986
41069,0.0154358335
41070,0.21345092
41071,0.16739582
41072,0.11011028
41073,0.14766257
41074,0.33282202
41075,0.07587743
41076,0.042313904
41077,0.06345037
41078,0.014918559
41079,0.02023809
41080,0.091620274
41081,0.18568248
41082,0.37203372
41083,0.011817511
41084,0.050328713
41085,0.061671663
41086,0.02094766
41087,0.034806367
41088,0.26923835
41089,0.03624492
41090,0.05987021
41091,0.04021199
41092,0.1271898
41093,0.398931
41094,0.15560247
41095,0.017908571
41096,0.019765638
41097,0.03923819
41098,0.10091237
41099,0.12457947
41100,0.16754091
41101,0.14659192
41102,0.119790256
41103,0.024640355
41104,0.07503079
41105,0.049679942
41106,0.04773722
41107,0.034701332
41108,0.17110638
41109,0.08264132
41110,0.07865746
41111,0.0023315551
41112,0.0460567
41113,0.02828161
41114,0.030891873
41115,0.040201165
41116,0.0046303263
41117,0.026798584
41118,0.021038525
41119,0.059683
41120,0.6374418
41121,0.39720097
41122,0.026496936
41123,0.015061571
41124,0.09285355
41125,0.050410807
41126,0.004915465
41127,0.076876536
41128,0.014310879
41129,0.031723846
41130,0.23850557
41131,0.003971747
41132,0.042258777
41133,0.05522256
41134,0.03942875
41135,0.050967496
41136,0.0925233
41137,0.17628978
41138,0.09107462
41139,0.043724846
41140,0.020965425
41141,0.01379347
41142,0.051218543
41143,0.023423947
41144,0.36938998
41145,0.026380343
41146,0.39668947
41147,0.1059143
41148,0.037173834
41149,0.022081219
41150,0.04126385
41151,0.054461133
41152,0.01915959
41153,0.017932264
41154,0.065845616
41155,0.041529313
41156,0.06704023
41157,0.06467826
41158,0.07516313
41159,0.09521519
41160,0.30034903
41161,0.10214916
41162,0.020964487
41163,0.084129095
41164,0.022194149
41165,0.0126151
41166,0.17996478
41167,0.013516154
41168,0.07083318
41169,0.032491036
41170,0.04789962
41171,0.006431341
41172,0.043462217
41173,0.01823637
41174,0.16464569
41175,0.052105445
41176,0.012934548
41177,0.008276091
41178,0.027447533
41179,0.0537872
41180,0.065267995
41181,0.08332069
41182,0.06500365
41183,0.19826633
41184,0.085620575
41185,0.20093177
41186,0.01182746
41187,0.1010837
41188,0.034679055
41189,0.032203224
41190,0.054922003
41191,0.0061433455
41192,0.030975869
41193,0.0063611562
41194,0.07065461
41195,0.01223997
41196,0.072113924
41197,0.0067367787
41198,0.051740993
41199,0.053208087
41200,0.1820784
41201,0.04307531
41202,0.095771134
41203,0.73657095
41204,0.059815157
41205,0.06893579
41206,0.061397985
41207,0.056076687
41208,0.049447477
41209,0.09170603
41210,0.049938902
41211,0.009650477
41212,0.2245441
41213,0.04092986
41214,0.03081053
41215,0.071972094
41216,0.048894007
41217,0.002450905
41218,0.046088003
41219,0.43297035
41220,0.073642835
41221,0.026912099
41222,0.07396652
41223,0.95634663
41224,0.07557374
41225,0.013336274
41226,0.05512585
41227,0.036945444
41228,0.16352369
41229,0.34725836
41230,0.07356526
41231,0.025249856
41232,0.044828482
41233,0.07047819
41234,0.11302141
41235,0.10090555
41236,0.06039204
41237,0.12035748
41238,0.020490857
41239,0.011908175
41240,0.022198739
41241,0.03444464
41242,0.08511898
41243,0.045875236
41244,0.030225985
41245,0.082071826
41246,0.12824808
41247,0.30138105
41248,0.076035686
41249,0.019181497
41250,0.058282893
41251,0.11365844
41252,0.22140291
41253,0.051165342
41254,0.059988596
41255,0.008948372
41256,0.028435929
41257,0.54649496
41258,0.14212413
41259,0.426669
41260,0.06509475
41261,0.0009618295
41262,0.010084115
41263,0.045971572
41264,0.03413173
41265,0.20915033
41266,0.17144546
41267,0.037326507
41268,0.07707299
41269,0.1330288
41270,0.09719727
41271,0.088807955
41272,0.16965765
41273,0.19909474
41274,0.06565627
41275,0.036309674
41276,0.13278109
41277,0.027537279
41278,0.13037568
41279,0.7557916
41280,0.027531905
41281,0.26918307
41282,0.020899251
41283,0.14462563
41284,0.011825376
41285,0.06341473
41286,0.047842108
41287,0.0006720209
41288,0.024563186
41289,0.54492396
41290,0.04307546
41291,0.05840713
41292,0.24784888
41293,0.110670656
41294,0.1398807
41295,0.27412456
41296,0.22581263
41297,0.022644736
41298,0.13916
41299,0.10973429
41300,0.05919585
41301,0.9501118
41302,0.33983344
41303,0.37528178
41304,0.041567314
41305,0.2069864
41306,0.048252888
41307,0.005850444
41308,0.01763182
41309,0.069388345
41310,0.06315959
41311,0.022266084
41312,0.03577254
41313,0.058529366
41314,0.048796106
41315,0.09732007
41316,0.10175876
41317,0.025553383
41318,0.036708962
41319,0.18918553
41320,0.016552074
41321,0.08624074
41322,0.9887234
41323,0.99946326
41324,0.6392456
41325,0.1066115
41326,0.49190134
41327,0.14152963
41328,0.044477195
41329,0.037837904
41330,0.044581566
41331,0.039795317
41332,0.007863079
41333,0.37536606
41334,0.01698973
41335,0.036530435
41336,0.08607027
41337,0.03263401
41338,0.004226848
41339,0.021844955
41340,0.21011433
41341,0.05037316
41342,0.021293022
41343,0.10063873
41344,0.10226406
41345,0.04573303
41346,1.0
41347,0.916882
41348,0.5597415
41349,0.039320506
41350,0.025287233
41351,0.007883965
41352,0.5418707
41353,0.036807787
41354,0.3367403
41355,0.059961773
41356,0.10899591
41357,0.013719474
41358,0.06495313
41359,0.07330479
41360,0.084335685
41361,0.19275178
41362,0.3732521
41363,0.7052439
41364,0.12428298
41365,0.11069426
41366,0.035435587
41367,0.016492259
41368,0.054104593
41369,0.06509614
41370,0.051060345
41371,0.02157447
41372,0.123043515
41373,0.12949878
41374,0.008836591
41375,0.09499565
41376,0.023339929
41377,0.9840784
41378,1.0
41379,0.9804048
41380,0.05175269
41381,0.074600786
41382,0.5395662
41383,0.021478308
41384,0.019622667
41385,0.023324598
41386,0.047730785
41387,0.032178897
41388,0.3147583
41389,0.9920373
41390,0.03428804
41391,0.046526004
41392,0.036926746
41393,0.08728952
41394,0.053989753
41395,0.10529973
41396,0.055835932
41397,0.046491336
41398,0.06100698
41399,0.1169967
41400,0.1544825
41401,0.03431782
41402,0.22559021
41403,0.2633546
41404,0.08742199
41405,0.051151253
41406,0.014240784
41407,0.03730144
41408,0.10420011
41409,0.017495023
41410,0.017859405
41411,0.026411463
41412,0.017081613
41413,0.013827325
41414,0.02823245
41415,0.05816465
41416,0.15284477
41417,0.48320085
41418,0.09451891
41419,0.11276837
41420,0.10571053
41421,0.10078673
41422,0.11155198
41423,0.63832843
41424,0.0565057
41425,0.029621005
41426,0.09186887
41427,0.13076939
41428,0.23366612
41429,0.48982054
41430,0.1401154
41431,0.0793903
41432,1.0
41433,0.16816987
41434,0.014391728
41435,0.11270356
41436,0.21509042
41437,0.008692641
41438,0.041961055
41439,0.73770523
41440,0.042877022
41441,0.016566299
41442,0.013891973
41443,0.015200151
41444,0.096269146
41445,0.22138359
41446,0.18739614
41447,0.1880852
41448,0.13749857
41449,0.07283625
41450,0.116382584
41451,0.25314718
41452,0.024820492
41453,0.1547457
41454,0.052760866
41455,0.0063451286
41456,0.62903726
41457,0.23857056
41458,0.007981275
41459,0.30586192
41460,0.3279705
41461,0.044860683
41462,0.076574765
41463,0.12980461
41464,0.01377265
41465,0.014829514
41466,0.038060848
41467,0.05693623
41468,0.07669531
41469,0.07580907
41470,0.2653592
41471,0.7450888
41472,0.27848402
41473,0.18155183
41474,0.35875785
41475,0.09417935
41476,0.0063802446
41477,0.07968642
41478,0.106189534
41479,0.12431025
41480,0.20605205
41481,0.057407677
41482,0.030023927
41483,0.0133863455
41484,0.09433118
41485,0.036591414
41486,0.018707475
41487,0.007876517
41488,0.008678733
41489,0.009018146
41490,0.017904487
41491,0.0071242466
41492,0.012208096
41493,0.013788817
41494,0.022208637
41495,0.014712807
41496,0.04638667
41497,0.17902283
41498,0.12683773
41499,0.18012092
41500,0.4566537
41501,0.39515296
41502,0.2182166
41503,0.13088933
41504,0.06466832
41505,0.057176962
41506,0.010092365
41507,0.042782765
41508,1.0
41509,0.044247158
41510,0.03703646
41511,0.023905106
41512,0.13928233
41513,0.03949157
41514,0.016480627
41515,0.009834462
41516,0.013184094
41517,0.017817562
41518,0.03179849
41519,0.0539385
41520,0.55361265
41521,0.2657992
41522,0.19766815
41523,0.9890067
41524,0.22066447
41525,0.3942335
41526,0.15029174
41527,0.03561119
41528,0.029997598
41529,0.005875991
41530,0.009150281
41531,0.040374696
41532,0.039392494
41533,0.3525602
41534,0.044724572
41535,0.305869
41536,0.025036255
41537,0.14908189
41538,0.13309328
41539,0.089188054
41540,0.12276162
41541,0.05724616
41542,0.011533312
41543,0.08197568
41544,0.99683124
41545,0.22046466
41546,0.9622659
41547,0.35697284
41548,0.16734764
41549,0.08075968
41550,0.054729395
41551,0.028053164
41552,0.0070126187
41553,0.009638514
41554,0.025439156
41555,0.060070198
41556,0.09341403
41557,0.04243373
41558,0.15515271
41559,0.042349268
41560,0.336223
41561,0.044675004
41562,0.0098650195
41563,0.058104124
41564,0.23014155
41565,0.01358366
41566,0.00073749624
41567,0.11757017
41568,0.11312808
41569,0.06478698
41570,0.21301223
41571,0.10705781
41572,0.0891957
41573,0.02518704
41574,0.041238967
41575,0.10554204
41576,0.03669653
41577,0.007883238
41578,0.08138099
41579,0.0084817335
41580,0.034591936
41581,0.035854097
41582,0.05180583
41583,0.02842687
41584,0.02418408
41585,0.0065206597
41586,0.04546084
41587,0.17023343
41588,0.20644638
41589,0.92249393
41590,0.25619584
41591,0.017489888
41592,0.0054053967
41593,0.0011364829
41594,0.012808091
41595,0.042342518
41596,0.11160525
41597,0.0109431995
41598,0.026861034
41599,0.0029032999
41600,0.008933936
41601,0.011545969
41602,0.07330957
41603,0.04894398
41604,0.26803413
41605,0.012698634
41606,0.014649408
41607,0.011214028
41608,0.050499957
41609,0.052433793
41610,0.4272092
41611,0.32028407
41612,0.0032371983
41613,0.22178942
41614,0.025870733
41615,0.012230071
41616,0.056486342
41617,0.1543369
41618,0.050084013
41619,0.21928309
41620,0.011630402
41621,0.025614455
41622,0.010199179
41623,0.081905
41624,0.04665679
41625,0.018870624
41626,0.020890573
41627,0.018593242
41628,0.02977894
41629,0.37386176
41630,0.043832403
41631,0.013344708
41632,0.0036483128
41633,0.023158764
41634,0.076683685
41635,0.27475208
41636,0.0486191
41637,0.1360626
41638,0.05056877
41639,0.0017728233
41640,0.056031846
41641,0.046005897
41642,0.022447754
41643,0.3377277
41644,0.1846053
41645,0.012837408
41646,0.029843831
41647,0.025448225
41648,0.0020292557
41649,0.46477944
41650,0.8962249
41651,0.10582714
41652,0.17812626
41653,0.014754855
41654,0.09481652
41655,0.03325716
41656,0.08514014
41657,0.052470624
41658,0.08564226
41659,0.16387042
41660,1.0
41661,0.03913233
41662,0.0072601396
41663,0.0478783
41664,0.076628126
41665,0.33877948
41666,0.012536953
41667,0.2566471
41668,0.2166264
41669,0.01484702
41670,0.05971086
41671,0.012124859
41672,0.019758185
41673,0.054044567
41674,0.108406365
41675,0.0151720755
41676,0.051999394
41677,0.016979588
41678,0.23916832
41679,0.075087786
41680,0.06731694
41681,0.013778811
41682,0.0011645326
41683,0.06096891
41684,0.068106584
41685,0.020775212
41686,1.0
41687,0.011411857
41688,0.118393525
41689,0.03526592
41690,0.041680895
41691,0.029783636
41692,0.014087759
41693,0.0077636475
41694,0.015393956
41695,0.20549126
41696,0.018539641
41697,0.0047886837
41698,0.21376877
41699,0.06668565
41700,0.03262102
41701,0.0501347
41702,0.25435016
41703,0.0078561595
41704,0.047468994
41705,0.25560793
41706,0.049655225
41707,0.012812975
41708,0.0062883846
41709,0.06503512
41710,0.14013106
41711,0.0077505424
41712,0.06534078
41713,0.024758058
41714,0.030276533
41715,0.10706434
41716,0.14769876
41717,0.011821628
41718,0.01184064
41719,0.0059392275
41720,0.011876737
41721,0.015800588
41722,0.003992867
41723,0.0101693375
41724,0.020985765
41725,0.033098083
41726,0.019538775
41727,0.091195226
41728,0.16440813
41729,0.25510573
41730,0.01927416
41731,0.016355203
41732,0.005415863
41733,0.0059113335
41734,0.015839806
41735,0.02147875
41736,0.00544151
41737,0.013350414
41738,0.008484972
41739,0.031807568
41740,0.015162604
41741,0.022018095
41742,0.0143818455
41743,0.1079015
41744,0.050032105
41745,0.026362762
41746,0.06496099
41747,0.0037501596
41748,0.4579563
41749,0.06606413
41750,0.030425498
41751,0.064783946
41752,0.029618543
41753,0.021592945
41754,0.057308953
41755,0.0094359955
41756,0.13727205
41757,0.15256228
41758,0.016661884
41759,0.0109039005
41760,0.0017756285
41761,0.030849783
41762,0.004290609
41763,0.023307221
41764,0.023841998
41765,0.119081706
41766,0.079747684
41767,0.027500886
41768,0.2600947
41769,0.015463845
41770,0.02772766
41771,0.039223053
41772,0.035838053
41773,0.32044166
41774,0.14675312
41775,0.0030103046
41776,0.08632145
41777,0.019317865
