Index,demand
0,0.039056923
1,0.034499396
2,0.029515265
3,0.0705575
4,0.10930386
5,0.012713421
6,0.021087725
7,0.30052763
8,0.022332571
9,0.074480385
10,0.04181427
11,0.24714425
12,0.12450938
13,0.04500166
14,0.17687146
15,0.11564339
16,0.17687146
17,0.020686233
18,0.07995373
19,0.05643868
20,0.014825337
21,0.037718892
22,0.15258852
23,0.02830413
24,0.36991784
25,0.22213542
26,0.04323161
27,0.061807312
28,0.080015555
29,0.013643531
30,0.009737158
31,0.037915528
32,0.0110113565
33,0.12591065
34,0.1367912
35,0.45317405
36,0.09089951
37,0.007802202
38,0.09514703
39,0.12780373
40,0.010227593
41,0.02328234
42,0.0071223476
43,0.03666643
44,0.021517385
45,0.05849743
46,0.08567746
47,0.29776502
48,0.0984009
49,0.17288874
50,0.2396499
51,0.061807312
52,0.022089018
53,0.24194165
54,0.0071223476
55,0.052569978
56,0.11978038
57,0.020510428
58,0.04564357
59,0.024450812
60,0.007263553
61,0.061443035
62,0.075172916
63,0.041042667
64,0.034966197
65,0.28284323
66,0.03587173
67,0.033257023
68,0.050746374
69,0.05339054
70,0.01204182
71,0.031323604
72,0.007743185
73,0.010035884
74,0.08417648
75,0.025344588
76,0.047053196
77,0.09201067
78,0.22147596
79,0.12801954
80,0.0193508
81,0.010618105
82,0.016388975
83,0.027137553
84,0.025626196
85,0.07264044
86,0.16982386
87,0.27150497
88,0.076855734
89,0.011481491
90,0.025771806
91,0.095337234
92,0.07963162
93,0.14919047
94,0.21317138
95,0.01746127
96,0.0071223476
97,0.023803111
98,0.011687428
99,0.0104055265
100,0.059527293
101,0.04200396
102,0.03077238
103,0.14811634
104,0.0691658
105,0.062326312
106,0.007514238
107,0.08101729
108,0.41537583
109,0.041937932
110,0.018420879
111,0.0071223476
112,0.03636239
113,0.020278519
114,0.0071223476
115,0.1307891
116,0.16563633
117,0.18333739
118,0.15101953
119,0.05339442
120,0.0071223476
121,0.02979037
122,0.037718892
123,0.048290137
124,0.0071223476
125,0.021379568
126,0.01989592
127,0.09684934
128,0.013643531
129,0.030496955
130,0.026285361
131,0.010227593
132,0.02405233
133,0.020690551
134,0.05889538
135,0.029122869
136,0.060469314
137,0.09375458
138,0.17872836
139,0.036765665
140,0.039231125
141,0.08573027
142,0.090778634
143,0.009943763
144,0.15944226
145,0.03379607
146,0.0071223476
147,0.031046158
148,0.07465593
149,0.016388975
150,0.01084287
151,0.034499396
152,0.035052616
153,0.06007399
154,0.09478519
155,0.04711593
156,0.08974217
157,0.068291925
158,0.029515265
159,0.0071223476
160,0.031048035
161,0.052349713
162,0.047199998
163,0.022705643
164,0.44106224
165,0.18367794
166,0.045040607
167,0.15648673
168,0.07706591
169,0.08058295
170,0.00826076
171,0.041439753
172,0.010227593
173,0.026834188
174,0.017609868
175,0.02093317
176,0.037315615
177,0.038462978
178,0.047743533
179,0.04970969
180,0.073418304
181,0.074418835
182,0.21755265
183,0.023905296
184,0.009316108
185,0.065587774
186,0.015678812
187,0.06551808
188,0.009737158
189,0.012370368
190,0.020020641
191,0.1801925
192,0.031447362
193,0.1307891
194,0.051856738
195,0.085040644
196,0.015678812
197,0.01915025
198,0.1152468
199,0.053792335
200,0.07662189
201,0.03611235
202,0.011481491
203,0.05242262
204,0.0071223476
205,0.034612305
206,0.051413298
207,0.10754818
208,0.11012809
209,0.12916851
210,0.068980716
211,0.045656063
212,0.01289562
213,0.07805323
214,0.050391212
215,0.010979844
216,0.020278519
217,0.097510435
218,0.08711501
219,0.025344588
220,0.048368715
221,0.01819441
222,0.012713421
223,0.07549117
224,0.122178175
225,0.04450895
226,0.086698785
227,0.011481491
228,0.027247475
229,0.013064177
230,0.034966197
231,0.031042485
232,0.04970969
233,0.0987726
234,0.20375723
235,0.08035026
236,0.08417648
237,0.042815134
238,0.024984328
239,0.07364951
240,0.08644195
241,0.06359506
242,0.020278519
243,0.23022999
244,0.05461459
245,0.12631133
246,0.039786883
247,0.137599
248,0.018693341
249,0.057405
250,0.010227593
251,0.019623881
252,0.034800548
253,0.009943763
254,0.058988288
255,0.04396432
256,0.03302678
257,0.07396751
258,0.32941753
259,0.04196034
260,0.0071223476
261,0.13068554
262,0.050391212
263,0.22119945
264,0.13110046
265,0.07196565
266,0.020510428
267,0.050746374
268,0.0071223476
269,0.07465069
270,0.17824744
271,0.06995932
272,0.21158354
273,0.15615402
274,0.07860865
275,0.0071223476
276,0.025344588
277,0.03666643
278,0.060157888
279,0.0071223476
280,0.1078898
281,0.13348347
282,0.060364444
283,0.021809353
284,0.009087435
285,0.10461027
286,0.16853717
287,0.1655175
288,0.07566165
289,0.07566165
290,0.019623881
291,0.010767828
292,0.389799
293,0.030191084
294,0.016084814
295,0.17872836
296,0.22659999
297,0.01915025
298,0.00847672
299,0.032304805
300,0.039786883
301,0.090716176
302,0.12584032
303,0.063525334
304,0.06868789
305,0.14281416
306,0.14399764
307,0.12264748
308,0.19136447
309,0.21515022
310,0.063195616
311,0.01819441
312,0.056760833
313,0.0938172
314,0.021517385
315,0.24323323
316,0.7559272
317,0.09039086
318,0.050257314
319,0.30530822
320,0.00847672
321,0.024584375
322,0.22469574
323,0.022705643
324,0.039786883
325,0.047743533
326,0.013855243
327,0.012594599
328,0.074996375
329,0.023740262
330,0.04323161
331,0.11978038
332,0.12616739
333,0.22704837
334,0.17658849
335,0.13595775
336,0.026285361
337,0.18830627
338,0.08772983
339,0.12147489
340,0.6120664
341,0.2750702
342,0.32521296
343,0.021120042
344,0.1879827
345,0.049148638
346,0.034772485
347,0.0141285835
348,0.017800415
349,0.060944077
350,0.009087435
351,0.008684083
352,0.031046158
353,0.037612468
354,0.073418304
355,0.1018748
356,0.062061194
357,0.07963162
358,0.1279648
359,0.07173481
360,0.04450895
361,0.11947214
362,0.15930502
363,0.014440425
364,0.025892915
365,0.60553026
366,0.7550292
367,0.30052465
368,0.007421849
369,0.028517708
370,0.015453921
371,0.029062184
372,0.25388864
373,0.026464256
374,0.031353626
375,0.115487
376,0.031903267
377,0.03477043
378,0.05474072
379,0.024733547
380,0.0071223476
381,0.11655986
382,0.014440425
383,0.012713421
384,0.0658842
385,0.14263116
386,0.07862298
387,0.049136657
388,0.058760174
389,0.027940921
390,0.009737158
391,0.12066665
392,0.07467574
393,0.06904018
394,0.5498129
395,0.9167119
396,0.32605916
397,0.050238304
398,0.045040607
399,0.03756595
400,0.118337594
401,0.22987695
402,0.0071223476
403,0.087642
404,0.021589782
405,0.016638713
406,0.068362385
407,0.1268571
408,0.04221568
409,0.2897156
410,0.12019682
411,0.1029992
412,0.10542663
413,0.09735657
414,0.05065139
415,0.09896823
416,0.019877233
417,0.015678812
418,0.040329322
419,0.1219615
420,0.118121654
421,0.05613961
422,0.049856864
423,0.027635446
424,0.9180547
425,0.9413024
426,0.94491696
427,0.09566484
428,0.03369969
429,0.13068554
430,0.1267496
431,0.042357776
432,0.009737158
433,0.013198439
434,0.011867512
435,0.03369969
436,0.073418304
437,0.025606511
438,0.1445578
439,0.3161718
440,0.063525334
441,0.09479146
442,0.121235445
443,0.19753298
444,0.0783725
445,0.07595244
446,0.06846149
447,0.042674012
448,0.088848546
449,0.115306266
450,0.117164925
451,0.048684116
452,0.014440425
453,0.32488874
454,0.3673934
455,0.11669501
456,0.052021343
457,0.02093317
458,0.07543001
459,0.036916606
460,0.24751225
461,0.012522712
462,0.029240193
463,0.029390043
464,0.025058344
465,0.020690551
466,0.037194718
467,0.033326495
468,0.12515418
469,0.389799
470,0.19363481
471,0.1611417
472,0.11044757
473,0.1737177
474,0.17608227
475,0.27752718
476,0.049136657
477,0.019997682
478,0.030201983
479,0.016388975
480,0.11596102
481,0.17104046
482,0.062425163
483,0.20375723
484,0.2396499
485,0.18856865
486,0.9390708
487,0.10670124
488,0.04335916
489,0.122178175
490,0.12952748
491,0.011687428
492,0.04181427
493,0.2033842
494,0.0071223476
495,0.046240773
496,0.06233396
497,0.030496955
498,0.030341072
499,0.13788375
500,0.26717383
501,0.23852558
502,0.36151466
503,0.26828304
504,0.11262117
505,0.11925597
506,0.20042685
507,0.009737158
508,0.009737158
509,0.18419594
510,0.0945971
511,0.029915873
512,0.19068193
513,0.13595775
514,0.36110443
515,0.17713936
516,0.0071223476
517,0.033401895
518,0.06950298
519,0.11879781
520,0.09638708
521,0.0141285835
522,0.00826076
523,0.014825337
524,0.020278519
525,0.06064875
526,0.08551806
527,0.070176914
528,0.1450581
529,0.2750702
530,0.6120664
531,0.2658438
532,0.2658438
533,0.44106224
534,0.07683396
535,0.014440425
536,0.03920261
537,0.05849743
538,0.11099679
539,0.20450951
540,0.050391212
541,0.0071223476
542,0.027431412
543,0.14920475
544,0.016850697
545,0.0071223476
546,0.058507934
547,0.13117903
548,0.025058344
549,0.015287198
550,0.058901176
551,0.008684083
552,0.009087435
553,0.042391278
554,0.03666643
555,0.033257023
556,0.10548512
557,0.2087658
558,0.20715038
559,0.060083814
560,0.36145878
561,0.36145878
562,0.26777023
563,0.07097338
564,0.023756249
565,0.05483314
566,0.048368715
567,0.09831328
568,0.0071223476
569,0.012200731
570,0.36259657
571,0.014249756
572,0.016850697
573,0.0566998
574,0.063424625
575,0.060306523
576,0.011687428
577,0.036765665
578,0.013643531
579,0.07798211
580,0.0071223476
581,0.02418584
582,0.010096162
583,0.063195616
584,0.11947214
585,0.23279801
586,0.21703964
587,0.07371077
588,0.41655865
589,0.23637357
590,0.3353278
591,0.22882856
592,0.0743066
593,0.042845484
594,0.07086152
595,0.039231125
596,0.058649573
597,0.072679386
598,0.020543147
599,0.32293868
600,0.08611639
601,0.14100122
602,0.017232079
603,0.03048553
604,0.083859846
605,0.15888523
606,0.22964865
607,0.02093317
608,0.026882263
609,0.04396432
610,0.14935459
611,0.3370727
612,0.15888959
613,0.1297834
614,0.061677273
615,0.2568772
616,0.18084398
617,0.034644444
618,0.0193508
619,0.037482668
620,0.04335916
621,0.10991373
622,0.09262636
623,0.054636423
624,0.23461665
625,0.0783236
626,0.039436966
627,0.15832031
628,0.04326197
629,0.023935098
630,0.12526271
631,0.08571026
632,0.022909973
633,0.06810699
634,0.23017794
635,0.060096562
636,0.0756597
637,0.02093317
638,0.061291583
639,0.084562056
640,0.008102984
641,0.09039086
642,0.08035026
643,0.06995932
644,0.011481491
645,0.009737158
646,0.118337594
647,0.010227593
648,0.027826736
649,0.020967256
650,0.017857186
651,0.008495256
652,0.117293715
653,0.044127565
654,0.028917925
655,0.0071223476
656,0.024201496
657,0.16060337
658,0.264168
659,0.20573525
660,0.0075630955
661,0.04450895
662,0.027635446
663,0.022089018
664,0.044495698
665,0.007276105
666,0.02435061
667,0.15727597
668,0.015287198
669,0.027281845
670,0.010227593
671,0.03162756
672,0.042815134
673,0.06981543
674,0.13246945
675,0.00826076
676,0.010618105
677,0.034282587
678,0.03477043
679,0.07805323
680,0.13889828
681,0.023053387
682,0.020278519
683,0.0071223476
684,0.074418835
685,0.03156826
686,0.0071223476
687,0.057756953
688,0.12066665
689,0.047743533
690,0.01915025
691,0.007421849
692,0.25388864
693,0.041439753
694,0.025344588
695,0.12081422
696,0.06946663
697,0.037915528
698,0.017800415
699,0.032704763
700,0.055788897
701,0.31307453
702,0.02979037
703,0.01204182
704,0.014825337
705,0.068869054
706,0.055417255
707,0.11002065
708,0.020543147
709,0.15120152
710,0.04269448
711,0.031046158
712,0.044849537
713,0.057986796
714,0.025771806
715,0.15526932
716,0.09039086
717,0.016164271
718,0.07030723
719,0.015453921
720,0.10172033
721,0.051208246
722,0.018420879
723,0.21836396
724,0.31601775
725,0.09831328
726,0.021473637
727,0.08872756
728,0.01915025
729,0.07791245
730,0.083814524
731,0.07791245
732,0.48739734
733,0.030752903
734,0.01084287
735,0.11985818
736,0.05333328
737,0.08609157
738,0.15952493
739,0.36813006
740,0.06077875
741,0.11609507
742,0.0071223476
743,0.024853887
744,0.020690551
745,0.08018785
746,0.034217358
747,0.0071223476
748,0.013643531
749,0.042815134
750,0.011268873
751,0.0730496
752,0.01699667
753,0.022909973
754,0.06487623
755,0.030496955
756,0.0193508
757,0.014825337
758,0.040927026
759,0.060927473
760,0.15453775
761,0.0071223476
762,0.050391212
763,0.44220743
764,0.0714602
765,0.10709481
766,0.01819441
767,0.0474712
768,0.044495698
769,0.13428372
770,0.0193508
771,0.016601086
772,0.012713421
773,0.030341072
774,0.08987422
775,0.020278519
776,0.17867576
777,0.040745206
778,0.020690551
779,0.054453194
780,0.18881775
781,0.025606511
782,0.013855243
783,0.017232079
784,0.06974486
785,0.021589782
786,0.19698672
787,0.04500166
788,0.0071223476
789,0.009943763
790,0.051308278
791,0.12851588
792,0.096103266
793,0.058974836
794,0.007814761
795,0.01341282
796,0.010483848
797,0.062559254
798,0.14665808
799,0.084547654
800,0.009496041
801,0.042379323
802,0.013198439
803,0.009087435
804,0.022089018
805,0.0104055265
806,0.013198439
807,0.0071223476
808,0.01289562
809,0.01889574
810,0.039373044
811,0.021120042
812,0.02093317
813,0.04608847
814,0.10979196
815,0.0071223476
816,0.01084287
817,0.052868523
818,0.19107838
819,0.09039086
820,0.026522232
821,0.0141285835
822,0.02405233
823,0.018420879
824,0.012200731
825,0.0071223476
826,0.0071223476
827,0.015287198
828,0.010227593
829,0.008684083
830,0.031447362
831,0.03587173
832,0.019623881
833,0.009087435
834,0.008102984
835,0.014825337
836,0.007918367
837,0.043377873
838,0.04968398
839,0.0691658
840,0.009496041
841,0.034217358
842,0.0071223476
843,0.052021343
844,0.0071223476
845,0.010979844
846,0.0104055265
847,0.058027003
848,0.035813592
849,0.03302678
850,0.077489346
851,0.0075766053
852,0.11107295
853,0.017609868
854,0.021859461
855,0.017537126
856,0.041042667
857,0.104581304
858,0.024911942
859,0.008684083
860,0.039087165
861,0.0071223476
862,0.020278519
863,0.009087435
864,0.011867512
865,0.017800415
866,0.0071223476
867,0.025014162
868,0.007263553
869,0.02704814
870,0.025344588
871,0.08513064
872,0.016850697
873,0.03720725
874,0.02093317
875,0.016601086
876,0.0141285835
877,0.05889538
878,0.031353626
879,0.011687428
880,0.03449037
881,0.011867512
882,0.01341282
883,0.15171729
884,0.04346817
885,0.0141285835
886,0.06511181
887,0.0141285835
888,0.08685688
889,0.007421849
890,0.050391212
891,0.029515265
892,0.052569978
893,0.012713421
894,0.030085232
895,0.03392423
896,0.039786883
897,0.1729073
898,0.03525997
899,0.035958823
900,0.13166568
901,0.109368294
902,0.11078203
903,0.027635446
904,0.038839947
905,0.2287252
906,0.071693316
907,0.2897156
908,0.04375898
909,0.13212913
910,0.03861417
911,0.01084287
912,0.014667967
913,0.100597814
914,0.027635446
915,0.36259657
916,0.11105913
917,0.04323161
918,0.16056447
919,0.054455575
920,0.032704763
921,0.007313183
922,0.026522232
923,0.03379607
924,0.12239155
925,0.12143801
926,0.047196936
927,0.36813006
928,0.04500166
929,0.031056087
930,0.04891564
931,0.0140719265
932,0.19648498
933,0.00826076
934,0.05220961
935,0.023944594
936,0.07132358
937,0.038985603
938,0.31307453
939,0.11726662
940,0.022855433
941,0.4416347
942,0.008591794
943,0.26520658
944,0.0071223476
945,0.014397422
946,0.13783771
947,0.027848886
948,0.008653094
949,0.037938483
950,0.010759801
951,0.09614477
952,0.09012918
953,0.040719323
954,0.014667967
955,0.007802202
956,0.32521296
957,0.01909624
958,0.007421849
959,0.050391212
960,0.042674012
961,0.08283177
962,0.038881402
963,0.05018456
964,0.050923154
965,0.009855496
966,0.02418584
967,0.034434516
968,0.14081004
969,0.17282584
970,0.0071223476
971,0.0071223476
972,0.016177552
973,0.085658155
974,0.12704422
975,0.010227593
976,0.027448928
977,0.1832961
978,0.25388864
979,0.05984941
980,0.049148638
981,0.0141285835
982,0.018420879
983,0.007743185
984,0.0712269
985,0.015287198
986,0.028828865
987,0.18837439
988,0.23488626
989,0.033375587
990,0.011687428
991,0.011687428
992,0.010227593
993,0.027247475
994,0.04977375
995,0.12143801
996,0.019623881
997,0.09422115
998,0.007514238
999,0.015952894
1000,0.09461981
1001,0.41537583
1002,0.008684083
1003,0.028984098
1004,0.0071223476
1005,0.0071223476
1006,0.0071223476
1007,0.060150452
1008,0.0071223476
1009,0.06646936
1010,0.15759923
1011,0.12758137
1012,0.09849046
1013,0.046460614
1014,0.012200731
1015,0.019877233
1016,0.03855879
1017,0.027281845
1018,0.0071223476
1019,0.016638713
1020,0.031932555
1021,0.087009266
1022,0.012713421
1023,0.03251481
1024,0.016177552
1025,0.017800415
1026,0.023795467
1027,0.027848886
1028,0.024193848
1029,0.0071223476
1030,0.0921802
1031,0.11338816
1032,0.08738462
1033,0.046900775
1034,0.08698443
1035,0.095768265
1036,0.08662284
1037,0.024486583
1038,0.020510428
1039,0.105808474
1040,0.0071223476
1041,0.031381
1042,0.0790423
1043,0.026285361
1044,0.022909973
1045,0.04599168
1046,0.080951646
1047,0.08759214
1048,0.09389541
1049,0.08680301
1050,0.08244393
1051,0.034074757
1052,0.052295744
1053,0.021851743
1054,0.054307755
1055,0.058502864
1056,0.048515704
1057,0.03611235
1058,0.48101634
1059,0.13931572
1060,0.013643531
1061,0.12250113
1062,0.094529025
1063,0.072331406
1064,0.05219562
1065,0.029420001
1066,0.011687428
1067,0.055971168
1068,0.024710212
1069,0.01289562
1070,0.01909624
1071,0.026755815
1072,0.0548886
1073,0.033532742
1074,0.05324287
1075,0.034894448
1076,0.084950484
1077,0.07184419
1078,0.22962861
1079,0.051747058
1080,0.023795467
1081,0.055408772
1082,0.017800415
1083,0.06127076
1084,0.045546826
1085,0.04265411
1086,0.007813854
1087,0.18794957
1088,0.092138685
1089,0.05186654
1090,0.0403711
1091,0.09729192
1092,0.05175665
1093,0.015678812
1094,0.0071223476
1095,0.100082025
1096,0.011687428
1097,0.058853075
1098,0.09167535
1099,0.04920067
1100,0.011481491
1101,0.009943763
1102,0.026522232
1103,0.045546826
1104,0.031323604
1105,0.070030436
1106,0.09513079
1107,0.09719549
1108,0.11662321
1109,0.05176826
1110,0.10862482
1111,0.014667967
1112,0.07247049
1113,0.012522712
1114,0.061991148
1115,0.010979844
1116,0.025771806
1117,0.0898049
1118,0.066718124
1119,0.018420879
1120,0.047743533
1121,0.032284733
1122,0.012713421
1123,0.07676968
1124,0.15562873
1125,0.05175665
1126,0.07182579
1127,0.019877233
1128,0.04891564
1129,0.029782545
1130,0.01204182
1131,0.03077238
1132,0.038834352
1133,0.056343008
1134,0.1009239
1135,0.26777023
1136,0.077102765
1137,0.10663011
1138,0.047325417
1139,0.07676968
1140,0.078229435
1141,0.0945728
1142,0.047743533
1143,0.030878587
1144,0.033287097
1145,0.18564564
1146,0.035519667
1147,0.099543445
1148,0.056554466
1149,0.08566166
1150,0.018420879
1151,0.022909973
1152,0.010227593
1153,0.026882263
1154,0.007421849
1155,0.08181159
1156,0.0403711
1157,0.0540849
1158,0.11412302
1159,0.34928617
1160,0.08221863
1161,0.012522712
1162,0.1407848
1163,0.062289953
1164,0.2536559
1165,0.18837439
1166,0.068187565
1167,0.032284733
1168,0.03636239
1169,0.03936562
1170,0.20093232
1171,0.061696403
1172,0.24687196
1173,0.10387844
1174,0.074714765
1175,0.015952894
1176,0.01289562
1177,0.016601086
1178,0.017609868
1179,0.07270149
1180,0.0403711
1181,0.021851743
1182,0.11358095
1183,0.1328213
1184,0.062303502
1185,0.040719323
1186,0.027848886
1187,0.1123818
1188,0.17546722
1189,0.21836396
1190,0.05324287
1191,0.0071223476
1192,0.0403711
1193,0.019877233
1194,0.0380896
1195,0.44135576
1196,0.04678552
1197,0.039943606
1198,0.22987695
1199,0.22764331
1200,0.017800415
1201,0.0071223476
1202,0.03392423
1203,0.055081483
1204,0.17715427
1205,0.1219615
1206,0.053976398
1207,0.061638694
1208,0.1607965
1209,0.15211278
1210,0.14097293
1211,0.2396499
1212,0.25564045
1213,0.07449267
1214,0.01819441
1215,0.026921673
1216,0.054455575
1217,0.052416753
1218,0.2512857
1219,0.9167119
1220,0.09128726
1221,0.06441497
1222,0.30530822
1223,0.007421849
1224,0.007514238
1225,0.24428017
1226,0.03745756
1227,0.016850697
1228,0.0139547605
1229,0.08267708
1230,0.017800415
1231,0.021987306
1232,0.0071223476
1233,0.055535078
1234,0.016370103
1235,0.03666643
1236,0.12948391
1237,0.19188698
1238,0.22934781
1239,0.17833501
1240,0.20375723
1241,0.045040607
1242,0.22231218
1243,0.1288224
1244,0.16375011
1245,0.6120664
1246,0.21272188
1247,0.32556665
1248,0.0075766053
1249,0.01084287
1250,0.08464341
1251,0.049148638
1252,0.040329322
1253,0.009316108
1254,0.009943763
1255,0.08354555
1256,0.0071223476
1257,0.031046158
1258,0.029240193
1259,0.09719549
1260,0.07653781
1261,0.083617024
1262,0.10663011
1263,0.13122411
1264,0.10553502
1265,0.041809786
1266,0.20885593
1267,0.22987695
1268,0.0071223476
1269,0.04500166
1270,0.6792846
1271,0.91439784
1272,0.34911546
1273,0.007421849
1274,0.034642417
1275,0.016850697
1276,0.03978128
1277,0.22765963
1278,0.07865993
1279,0.026285361
1280,0.120173775
1281,0.0071223476
1282,0.057843186
1283,0.059068426
1284,0.019440616
1285,0.009737158
1286,0.13545364
1287,0.014440425
1288,0.020278519
1289,0.075626455
1290,0.101599
1291,0.06295672
1292,0.036916606
1293,0.07628045
1294,0.04160666
1295,0.044157106
1296,0.13234776
1297,0.07449267
1298,0.16647497
1299,0.607833
1300,0.9180547
1301,0.39096043
1302,0.01084287
1303,0.039635513
1304,0.06127076
1305,0.09572079
1306,0.064028144
1307,0.16092756
1308,0.044213008
1309,0.060245194
1310,0.013855243
1311,0.020565702
1312,0.08662284
1313,0.17608227
1314,0.08883065
1315,0.23734583
1316,0.1297834
1317,0.12340359
1318,0.1707213
1319,0.05842429
1320,0.08685688
1321,0.12250113
1322,0.013643531
1323,0.017800415
1324,0.033403452
1325,0.12078963
1326,0.117271826
1327,0.034434516
1328,0.03706199
1329,0.0193508
1330,0.7559272
1331,0.9413024
1332,0.94491696
1333,0.038284704
1334,0.17773421
1335,0.1297834
1336,0.06923376
1337,0.0141285835
1338,0.01204182
1339,0.05219562
1340,0.0873351
1341,0.027071184
1342,0.1515041
1343,0.34928617
1344,0.055260815
1345,0.06326143
1346,0.110597566
1347,0.19225313
1348,0.097712904
1349,0.079626426
1350,0.047199998
1351,0.04115468
1352,0.08296428
1353,0.12308038
1354,0.109062925
1355,0.034499396
1356,0.3459407
1357,0.35973167
1358,0.092532486
1359,0.060245194
1360,0.023358038
1361,0.16354832
1362,0.01084287
1363,0.041711457
1364,0.21477224
1365,0.02485659
1366,0.05175665
1367,0.016221965
1368,0.021851743
1369,0.007743185
1370,0.03566281
1371,0.014860232
1372,0.13859762
1373,0.36145878
1374,0.23391977
1375,0.16952817
1376,0.096636236
1377,0.20484594
1378,0.16166556
1379,0.26828304
1380,0.052082755
1381,0.053119093
1382,0.032704763
1383,0.02883985
1384,0.17942446
1385,0.20760652
1386,0.012370368
1387,0.23488626
1388,0.2468391
1389,0.19444035
1390,0.9390708
1391,0.08883065
1392,0.03422248
1393,0.09128726
1394,0.17136754
1395,0.017800415
1396,0.046460614
1397,0.17766872
1398,0.05736486
1399,0.058853075
1400,0.007421849
1401,0.03733425
1402,0.11880529
1403,0.23864591
1404,0.18281923
1405,0.34768462
1406,0.27752718
1407,0.15713204
1408,0.18670686
1409,0.1939376
1410,0.03663597
1411,0.13821658
1412,0.052569978
1413,0.030191084
1414,0.17130819
1415,0.20683601
1416,0.07472411
1417,0.39013907
1418,0.1607965
1419,0.0071223476
1420,0.029534368
1421,0.04900383
1422,0.055408772
1423,0.05573819
1424,0.011481491
1425,0.011192401
1426,0.0071223476
1427,0.017380644
1428,0.07472411
1429,0.06708465
1430,0.060469314
1431,0.12805295
1432,0.26866645
1433,0.54759324
1434,0.31339583
1435,0.20826375
1436,0.36813006
1437,0.077102765
1438,0.012522712
1439,0.012164289
1440,0.0811032
1441,0.09614477
1442,0.21477224
1443,0.091522306
1444,0.009316108
1445,0.052082755
1446,0.09177654
1447,0.0071223476
1448,0.03283677
1449,0.079062186
1450,0.015073778
1451,0.020020641
1452,0.0071223476
1453,0.013643531
1454,0.025922775
1455,0.05175665
1456,0.07472411
1457,0.057329845
1458,0.10190907
1459,0.21996863
1460,0.19698861
1461,0.09050249
1462,0.38653263
1463,0.36145878
1464,0.26580206
1465,0.09614477
1466,0.01699667
1467,0.05110129
1468,0.04970969
1469,0.071594976
1470,0.019623881
1471,0.024710212
1472,0.4543288
1473,0.035368923
1474,0.01084287
1475,0.04346074
1476,0.027247475
1477,0.038985603
1478,0.019623881
1479,0.053862385
1480,0.014440425
1481,0.03594442
1482,0.019877233
1483,0.091683485
1484,0.098107226
1485,0.22961432
1486,0.18571481
1487,0.09705562
1488,0.41655865
1489,0.25382355
1490,0.26717383
1491,0.12736365
1492,0.058853075
1493,0.036779806
1494,0.075256996
1495,0.06501005
1496,0.06127076
1497,0.016388975
1498,0.0252582
1499,0.3459407
1500,0.056119222
1501,0.19455215
1502,0.017800415
1503,0.05135563
1504,0.04900383
1505,0.09187387
1506,0.15759923
1507,0.03753476
1508,0.035052616
1509,0.1908519
1510,0.36224192
1511,0.17349476
1512,0.20802847
1513,0.041252337
1514,0.27150497
1515,0.19225313
1516,0.01285541
1517,0.019877233
1518,0.026755815
1519,0.023795467
1520,0.08553369
1521,0.1035442
1522,0.026963064
1523,0.22921686
1524,0.025771806
1525,0.04250794
1526,0.14081004
1527,0.03525997
1528,0.01909624
1529,0.10400571
1530,0.08907094
1531,0.04200396
1532,0.084319904
1533,0.20130953
1534,0.060096562
1535,0.08070522
1536,0.008869277
1537,0.06631138
1538,0.040719323
1539,0.0071223476
1540,0.033483554
1541,0.060364444
1542,0.039231125
1543,0.029503834
1544,0.10759415
1545,0.007918367
1546,0.0071223476
1547,0.05135563
1548,0.023944594
1549,0.026684714
1550,0.13122411
1551,0.008684083
1552,0.032916587
1553,0.0071223476
1554,0.020907532
1555,0.17404553
1556,0.27678093
1557,0.20375723
1558,0.01285541
1559,0.017800415
1560,0.024342965
1561,0.0193508
1562,0.072331406
1563,0.07742412
1564,0.012200731
1565,0.007514238
1566,0.010618105
1567,0.05110129
1568,0.016601086
1569,0.0893256
1570,0.06708465
1571,0.14281416
1572,0.016850697
1573,0.01289562
1574,0.02093317
1575,0.026834188
1576,0.09319692
1577,0.16952817
1578,0.024853887
1579,0.039156005
1580,0.01204182
1581,0.07684528
1582,0.031046158
1583,0.0071223476
1584,0.055971168
1585,0.13898794
1586,0.061864085
1587,0.03213571
1588,0.012382303
1589,0.19598138
1590,0.019623881
1591,0.026793212
1592,0.0337133
1593,0.119940296
1594,0.054307755
1595,0.0509392
1596,0.012200731
1597,0.029515265
1598,0.08759214
1599,0.22948526
1600,0.008869277
1601,0.03492457
1602,0.06219255
1603,0.02027409
1604,0.048368715
1605,0.11238124
1606,0.027796822
1607,0.11442979
1608,0.054636423
1609,0.03525997
1610,0.01341282
1611,0.053862385
1612,0.04115468
1613,0.17130819
1614,0.09128726
1615,0.015952894
1616,0.050598837
1617,0.013643531
1618,0.116544224
1619,0.05258012
1620,0.009087435
1621,0.009943763
1622,0.21590967
1623,0.4143067
1624,0.11412302
1625,0.031926997
1626,0.061291583
1627,0.051184915
1628,0.023358038
1629,0.08362644
1630,0.08947832
1631,0.07993572
1632,0.4472711
1633,0.0403711
1634,0.009316108
1635,0.075626455
1636,0.08520714
1637,0.03805904
1638,0.1219615
1639,0.38948515
1640,0.054307755
1641,0.083357975
1642,0.020510428
1643,0.0071223476
1644,0.010759801
1645,0.04700654
1646,0.07676033
1647,0.03780864
1648,0.0075766053
1649,0.055081483
1650,0.016850697
1651,0.023795467
1652,0.026170958
1653,0.01341282
1654,0.0071223476
1655,0.049310286
1656,0.01289562
1657,0.015453921
1658,0.047599435
1659,0.061291583
1660,0.1328213
1661,0.02093317
1662,0.02632036
1663,0.36259657
1664,0.022136098
1665,0.07828023
1666,0.045796767
1667,0.058210183
1668,0.04959584
1669,0.013643531
1670,0.019877233
1671,0.17130819
1672,0.03584374
1673,0.016601086
1674,0.07733477
1675,0.10026816
1676,0.0337133
1677,0.0071223476
1678,0.12308038
1679,0.045032077
1680,0.014667967
1681,0.030065816
1682,0.25555798
1683,0.017800415
1684,0.009943763
1685,0.00826076
1686,0.011687428
1687,0.07010987
1688,0.007276105
1689,0.0386444
1690,0.16171898
1691,0.0380896
1692,0.0071223476
1693,0.012200731
1694,0.019877233
1695,0.06511646
1696,0.1259574
1697,0.07371403
1698,0.05220961
1699,0.035813592
1700,0.023795467
1701,0.078229435
1702,0.01204182
1703,0.051208246
1704,0.16166556
1705,0.090638034
1706,0.009316108
1707,0.032704763
1708,0.010618105
1709,0.019623881
1710,0.0141285835
1711,0.014825337
1712,0.00826076
1713,0.009087435
1714,0.015678812
1715,0.0071223476
1716,0.0071223476
1717,0.036765665
1718,0.11311543
1719,0.0071223476
1720,0.01084287
1721,0.12239155
1722,0.009737158
1723,0.098818205
1724,0.017800415
1725,0.020158034
1726,0.010979844
1727,0.045040607
1728,0.0071223476
1729,0.01341282
1730,0.015073778
1731,0.010075173
1732,0.008684083
1733,0.032686412
1734,0.020753004
1735,0.023358038
1736,0.0071223476
1737,0.015453921
1738,0.007421849
1739,0.014667967
1740,0.011867512
1741,0.08070522
1742,0.0361254
1743,0.0764668
1744,0.009496041
1745,0.010227593
1746,0.045040607
1747,0.011867512
1748,0.030603187
1749,0.012200731
1750,0.035664853
1751,0.007918367
1752,0.010979844
1753,0.010227593
1754,0.036168132
1755,0.05736486
1756,0.033683214
1757,0.023546312
1758,0.0075766053
1759,0.12988746
1760,0.013643531
1761,0.0071223476
1762,0.009550313
1763,0.0071223476
1764,0.057513107
1765,0.14230213
1766,0.030371059
1767,0.04891564
1768,0.02418584
1769,0.019877233
1770,0.031046158
1771,0.00826076
1772,0.00826076
1773,0.01204182
1774,0.01204182
1775,0.010227593
1776,0.011687428
1777,0.009943763
1778,0.01084287
1779,0.010216793
1780,0.014835166
1781,0.030085232
1782,0.00826076
1783,0.19225313
1784,0.024436483
1785,0.022462001
1786,0.047871802
1787,0.0071223476
1788,0.009943763
1789,0.045446288
1790,0.04335916
1791,0.0141285835
1792,0.015453921
1793,0.026285361
1794,0.01341282
1795,0.038870186
1796,0.15119402
1797,0.09194554
1798,0.009943763
1799,0.018623225
1800,0.07828023
1801,0.019623881
1802,0.039286092
1803,0.034607705
1804,0.023912456
1805,0.04168348
1806,0.052821323
1807,0.012713421
1808,0.04542277
1809,0.007514238
1810,0.04001621
1811,0.15872435
1812,0.09126839
1813,0.02688944
1814,0.08037121
1815,0.0076609217
1816,0.19725
1817,0.1115735
1818,0.22181717
1819,0.09963234
1820,0.15090421
1821,0.035306122
1822,0.08663588
1823,0.057092406
1824,0.015797514
1825,0.011867512
1826,0.07768778
1827,0.084168494
1828,0.3161718
1829,0.18781562
1830,0.04337219
1831,0.08089621
1832,0.019000823
1833,0.0071223476
1834,0.0071223476
1835,0.037824847
1836,0.012392531
1837,0.075443015
1838,0.019743042
1839,0.008869277
1840,0.14089355
1841,0.41554564
1842,0.14853981
1843,0.34752536
1844,0.03393693
1845,0.10993079
1846,0.21477224
1847,0.009943763
1848,0.009737158
1849,0.04992269
1850,0.1063304
1851,0.07212549
1852,0.34611103
1853,0.09077256
1854,0.10302285
1855,0.44135576
1856,0.068789735
1857,0.36081836
1858,0.0071223476
1859,0.054517515
1860,0.2054657
1861,0.025223201
1862,0.023430195
1863,0.053805247
1864,0.00987873
1865,0.025201725
1866,0.091033384
1867,0.14407243
1868,0.08345024
1869,0.17208348
1870,0.22948526
1871,0.035704568
1872,0.032040566
1873,0.041027583
1874,0.12826586
1875,0.04241692
1876,0.025771461
1877,0.099478185
1878,0.019488383
1879,0.11342193
1880,0.028403074
1881,0.20671937
1882,0.091682844
1883,0.036226828
1884,0.012200731
1885,0.15554845
1886,0.1729073
1887,0.043101892
1888,0.12248717
1889,0.23140524
1890,0.007421849
1891,0.088040575
1892,0.00826076
1893,0.0071223476
1894,0.011481491
1895,0.04807579
1896,0.0071223476
1897,0.082920104
1898,0.10197373
1899,0.15554845
1900,0.21590967
1901,0.029788248
1902,0.011687428
1903,0.0412783
1904,0.0071223476
1905,0.030803038
1906,0.16011979
1907,0.0071223476
1908,0.06955374
1909,0.019886017
1910,0.04322031
1911,0.063237354
1912,0.32495195
1913,0.08182415
1914,0.019743042
1915,0.0071223476
1916,0.032205373
1917,0.049934685
1918,0.024802951
1919,0.12100609
1920,0.17715427
1921,0.11311543
1922,0.10632079
1923,0.05325577
1924,0.0071223476
1925,0.019743042
1926,0.046308212
1927,0.03895041
1928,0.009550313
1929,0.05117819
1930,0.054665364
1931,0.012713421
1932,0.023912456
1933,0.019743042
1934,0.01874227
1935,0.019743042
1936,0.019743042
1937,0.03260703
1938,0.011687428
1939,0.09519724
1940,0.06638739
1941,0.21399608
1942,0.056275606
1943,0.07165887
1944,0.08216329
1945,0.09714074
1946,0.054665364
1947,0.0071223476
1948,0.09818253
1949,0.009737158
1950,0.016969537
1951,0.13088875
1952,0.037809946
1953,0.016969537
1954,0.035704568
1955,0.04337219
1956,0.078394555
1957,0.12201017
1958,0.05304113
1959,0.08631177
1960,0.066475384
1961,0.05104419
1962,0.0071223476
1963,0.06454259
1964,0.089357704
1965,0.021561446
1966,0.027123114
1967,0.41341558
1968,0.091102
1969,0.032707974
1970,0.10757266
1971,0.05325577
1972,0.036630046
1973,0.026652487
1974,0.010075173
1975,0.010075173
1976,0.04554295
1977,0.025076779
1978,0.03570102
1979,0.011687428
1980,0.04223656
1981,0.061783295
1982,0.035806075
1983,0.034518853
1984,0.0789743
1985,0.05960043
1986,0.20004328
1987,0.01846372
1988,0.0071223476
1989,0.029232936
1990,0.03982828
1991,0.0071223476
1992,0.019996425
1993,0.05832437
1994,0.009076582
1995,0.10940571
1996,0.019339232
1997,0.07086786
1998,0.027672393
1999,0.07574159
2000,0.06255513
2001,0.030813558
2002,0.02987211
2003,0.14000963
2004,0.011687428
2005,0.08039498
2006,0.080783315
2007,0.011192401
2008,0.036288593
2009,0.025509493
2010,0.058176003
2011,0.0834209
2012,0.15146552
2013,0.078162335
2014,0.14312357
2015,0.07227642
2016,0.09639447
2017,0.016969537
2018,0.052483294
2019,0.012341115
2020,0.049503706
2021,0.024802951
2022,0.063285016
2023,0.053370573
2024,0.04831949
2025,0.055100113
2026,0.007743185
2027,0.023994355
2028,0.058036838
2029,0.17661482
2030,0.023724113
2031,0.055431828
2032,0.019996425
2033,0.07324173
2034,0.03393693
2035,0.024161696
2036,0.031488955
2037,0.01777195
2038,0.08036424
2039,0.073930815
2040,0.22587119
2041,0.09397393
2042,0.096774854
2043,0.05325577
2044,0.07759839
2045,0.052821323
2046,0.097445436
2047,0.061783295
2048,0.01084287
2049,0.0185399
2050,0.22400844
2051,0.027438588
2052,0.11412302
2053,0.06278046
2054,0.07290297
2055,0.013916817
2056,0.05613438
2057,0.036887698
2058,0.0185399
2059,0.10455871
2060,0.041584298
2061,0.062850125
2062,0.10185024
2063,0.30838716
2064,0.049650855
2065,0.010979844
2066,0.15562873
2067,0.035806075
2068,0.24630265
2069,0.14652556
2070,0.08788805
2071,0.05433656
2072,0.042814523
2073,0.07125025
2074,0.15465023
2075,0.089764245
2076,0.22921686
2077,0.12100609
2078,0.11083898
2079,0.01607163
2080,0.0155725945
2081,0.022590313
2082,0.038105804
2083,0.052821323
2084,0.0071223476
2085,0.10244027
2086,0.17028467
2087,0.062666126
2088,0.08981698
2089,0.028216569
2090,0.15386276
2091,0.17404553
2092,0.2264381
2093,0.08276829
2094,0.0071223476
2095,0.034878764
2096,0.01607163
2097,0.010615327
2098,0.389799
2099,0.022988228
2100,0.033244725
2101,0.21590967
2102,0.19444035
2103,0.019996425
2104,0.014786549
2105,0.016719898
2106,0.045793086
2107,0.039666213
2108,0.13379991
2109,0.09462832
2110,0.045098286
2111,0.10103216
2112,0.16443658
2113,0.123209864
2114,0.15361539
2115,0.20671937
2116,0.28950843
2117,0.09085327
2118,0.038294915
2119,0.0578127
2120,0.056448627
2121,0.20671937
2122,0.9167119
2123,0.008869277
2124,0.091682844
2125,0.034728117
2126,0.2974642
2127,0.007514238
2128,0.20825832
2129,0.013916817
2130,0.016340734
2131,0.06812084
2132,0.0075766053
2133,0.012594599
2134,0.09358349
2135,0.01716224
2136,0.0523821
2137,0.17303102
2138,0.17650485
2139,0.20671937
2140,0.19294794
2141,0.17894317
2142,0.02027726
2143,0.15808678
2144,0.10504574
2145,0.12941803
2146,0.6199734
2147,0.28246477
2148,0.28953505
2149,0.0075766053
2150,0.01084287
2151,0.09135889
2152,0.017382009
2153,0.0071223476
2154,0.0071223476
2155,0.0071223476
2156,0.016296312
2157,0.08185368
2158,0.010075173
2159,0.008684083
2160,0.031488955
2161,0.023430195
2162,0.08911738
2163,0.09612081
2164,0.09254308
2165,0.084612116
2166,0.1415513
2167,0.10699721
2168,0.03913192
2169,0.21421556
2170,0.21590967
2171,0.0071223476
2172,0.0408179
2173,0.61340535
2174,0.91439784
2175,0.325643
2176,0.007421849
2177,0.009737158
2178,0.00826076
2179,0.047767237
2180,0.22283833
2181,0.07793124
2182,0.0071223476
2183,0.0071223476
2184,0.07729528
2185,0.05068407
2186,0.05794147
2187,0.0071223476
2188,0.1238013
2189,0.014558982
2190,0.0071223476
2191,0.09014366
2192,0.118943214
2193,0.085316405
2194,0.024271566
2195,0.07393697
2196,0.06354208
2197,0.030232623
2198,0.091682844
2199,0.07253281
2200,0.12240388
2201,0.6157193
2202,0.91439784
2203,0.4149163
2204,0.029303124
2205,0.02788823
2206,0.048592046
2207,0.009737158
2208,0.082928665
2209,0.08253512
2210,0.20484594
2211,0.055982437
2212,0.03092808
2213,0.01204182
2214,0.015877718
2215,0.10197373
2216,0.16393562
2217,0.28257367
2218,0.30500564
2219,0.12842123
2220,0.08414476
2221,0.13449314
2222,0.04073893
2223,0.07665303
2224,0.11131447
2225,0.016969537
2226,0.026138747
2227,0.022217285
2228,0.09135889
2229,0.10940571
2230,0.07720389
2231,0.08460146
2232,0.0071223476
2233,0.7559272
2234,0.9413024
2235,0.94491696
2236,0.09715041
2237,0.0071223476
2238,0.09274723
2239,0.16209564
2240,0.0071223476
2241,0.009737158
2242,0.04349976
2243,0.025223201
2244,0.030527605
2245,0.07290297
2246,0.023137165
2247,0.18443684
2248,0.38769138
2249,0.031078702
2250,0.14823598
2251,0.08441972
2252,0.15465023
2253,0.12177521
2254,0.10208041
2255,0.08460146
2256,0.045793086
2257,0.11311543
2258,0.11311543
2259,0.0648115
2260,0.030803038
2261,0.0071223476
2262,0.32488874
2263,0.33392623
2264,0.17552875
2265,0.07212549
2266,0.023724113
2267,0.13597004
2268,0.01084287
2269,0.0583448
2270,0.165908
2271,0.025223201
2272,0.04066639
2273,0.042386577
2274,0.028487997
2275,0.026138747
2276,0.03872461
2277,0.015989995
2278,0.15758498
2279,0.36110443
2280,0.16216557
2281,0.17130819
2282,0.08024924
2283,0.17824744
2284,0.15899812
2285,0.30782345
2286,0.0408179
2287,0.080783315
2288,0.030527605
2289,0.06341652
2290,0.14137065
2291,0.17990068
2292,0.063011035
2293,0.25998172
2294,0.27293983
2295,0.18030114
2296,0.9390708
2297,0.07881513
2298,0.019996425
2299,0.0918274
2300,0.122863516
2301,0.014459028
2302,0.28493595
2303,0.08138755
2304,0.026538042
2305,0.016969537
2306,0.052373346
2307,0.1050743
2308,0.26149297
2309,0.28246477
2310,0.34785512
2311,0.27752718
2312,0.15628333
2313,0.1253309
2314,0.20042685
2315,0.02050917
2316,0.1184053
2317,0.045098286
2318,0.036107585
2319,0.16216557
2320,0.18076117
2321,0.090373494
2322,0.35928586
2323,0.17130819
2324,0.034663897
2325,0.07221958
2326,0.07125025
2327,0.06321489
2328,0.011192401
2329,0.011192401
2330,0.007421849
2331,0.014247104
2332,0.06454259
2333,0.05955376
2334,0.06170448
2335,0.16375011
2336,0.26387864
2337,0.48624024
2338,0.31339583
2339,0.2087658
2340,0.36770785
2341,0.07290297
2342,0.063011035
2343,0.12150222
2344,0.08227633
2345,0.24392842
2346,0.099478185
2347,0.024802951
2348,0.0071223476
2349,0.019084584
2350,0.13231942
2351,0.044060856
2352,0.11099473
2353,0.015034979
2354,0.020906275
2355,0.024802951
2356,0.050470423
2357,0.0071223476
2358,0.029600319
2359,0.0590103
2360,0.060960982
2361,0.0817117
2362,0.22659999
2363,0.22960092
2364,0.056637276
2365,0.36145878
2366,0.389799
2367,0.24452175
2368,0.069368586
2369,0.059021987
2370,0.027123114
2371,0.061783295
2372,0.08840393
2373,0.015034979
2374,0.010227593
2375,0.053805247
2376,0.45829976
2377,0.009708852
2378,0.0071223476
2379,0.030928606
2380,0.011192401
2381,0.040963832
2382,0.0185399
2383,0.034368258
2384,0.02456022
2385,0.013643531
2386,0.024161696
2387,0.040558778
2388,0.07419375
2389,0.14446695
2390,0.26259717
2391,0.21737958
2392,0.071770824
2393,0.48624024
2394,0.2621221
2395,0.26717383
2396,0.13992433
2397,0.04885385
2398,0.026652487
2399,0.042398218
2400,0.013643531
2401,0.038875833
2402,0.3673934
2403,0.0717556
2404,0.18076117
2405,0.052931122
2406,0.08902344
2407,0.04116552
2408,0.06686393
2409,0.1516162
2410,0.02688944
2411,0.04237866
2412,0.08803009
2413,0.16122943
2414,0.38769138
2415,0.16897394
2416,0.22364059
2417,0.10113949
2418,0.25293607
2419,0.17093068
2420,0.00987873
2421,0.0402616
2422,0.014558982
2423,0.0075766053
2424,0.013643531
2425,0.031076826
2426,0.024161696
2427,0.16621116
2428,0.11862128
2429,0.049875643
2430,0.19698861
2431,0.020629695
2432,0.02803788
2433,0.22765963
2434,0.012200731
2435,0.007421849
2436,0.009737158
2437,0.097233534
2438,0.09948401
2439,0.027614946
2440,0.091033384
2441,0.20087898
2442,0.050496154
2443,0.044738743
2444,0.032520477
2445,0.06884918
2446,0.0071223476
2447,0.10865962
2448,0.10899541
2449,0.028538622
2450,0.008869277
2451,0.009737158
2452,0.062666126
2453,0.0071223476
2454,0.009737158
2455,0.028182017
2456,0.010075173
2457,0.018709658
2458,0.01575422
2459,0.1493193
2460,0.03598619
2461,0.028616672
2462,0.0071223476
2463,0.035655294
2464,0.20484594
2465,0.28362095
2466,0.26882964
2467,0.09910371
2468,0.051653717
2469,0.013643531
2470,0.027438588
2471,0.102189384
2472,0.012200731
2473,0.011236207
2474,0.013643531
2475,0.02027726
2476,0.03732185
2477,0.010618105
2478,0.0071223476
2479,0.06137951
2480,0.063285016
2481,0.18269722
2482,0.016508402
2483,0.024802951
2484,0.044592284
2485,0.10899541
2486,0.15699409
2487,0.025653278
2488,0.0071223476
2489,0.06358914
2490,0.024552211
2491,0.045762647
2492,0.13072112
2493,0.09663063
2494,0.01831341
2495,0.01874227
2496,0.011867512
2497,0.31279358
2498,0.0071223476
2499,0.031700037
2500,0.030803038
2501,0.101331145
2502,0.03910167
2503,0.04288309
2504,0.023912456
2505,0.010979844
2506,0.07084261
2507,0.15090421
2508,0.019743042
2509,0.011867512
2510,0.022590313
2511,0.046385292
2512,0.026057908
2513,0.16357014
2514,0.06927555
2515,0.2303808
2516,0.06229811
2517,0.046308212
2518,0.053875297
2519,0.038320575
2520,0.03964377
2521,0.13677421
2522,0.091682844
2523,0.01607163
2524,0.025327774
2525,0.024295218
2526,0.092720784
2527,0.07442513
2528,0.009943763
2529,0.22283833
2530,0.39036116
2531,0.07833323
2532,0.024266051
2533,0.0071223476
2534,0.08981698
2535,0.060960982
2536,0.032435432
2537,0.0576559
2538,0.08577398
2539,0.013024494
2540,0.6284574
2541,0.06562344
2542,0.016296312
2543,0.066545725
2544,0.061752707
2545,0.0071223476
2546,0.037550956
2547,0.17990068
2548,0.41341558
2549,0.10340203
2550,0.15851362
2551,0.020629695
2552,0.013037635
2553,0.04831949
2554,0.04997947
2555,0.031076826
2556,0.022590313
2557,0.091682844
2558,0.04138177
2559,0.009316108
2560,0.02752279
2561,0.03110871
2562,0.05517788
2563,0.02987545
2564,0.022217285
2565,0.014786549
2566,0.018942738
2567,0.0717556
2568,0.14080817
2569,0.022590313
2570,0.0408179
2571,0.39096043
2572,0.050496154
2573,0.05006989
2574,0.008684083
2575,0.012341115
2576,0.06599901
2577,0.04023343
2578,0.009943763
2579,0.022590313
2580,0.134492
2581,0.04212768
2582,0.016719898
2583,0.031628218
2584,0.075641155
2585,0.02027726
2586,0.011687428
2587,0.10855424
2588,0.025908547
2589,0.023724113
2590,0.064995855
2591,0.22400844
2592,0.0071223476
2593,0.009943763
2594,0.019743042
2595,0.013643531
2596,0.041835144
2597,0.0071223476
2598,0.020629695
2599,0.07895441
2600,0.034878764
2601,0.015192412
2602,0.090373494
2603,0.14184111
2604,0.062149968
2605,0.0583448
2606,0.025771461
2607,0.06454259
2608,0.024161696
2609,0.020288374
2610,0.23244275
2611,0.09924143
2612,0.009316108
2613,0.039734732
2614,0.00826076
2615,0.012200731
2616,0.012713421
2617,0.0155725945
2618,0.031384304
2619,0.008869277
2620,0.015797514
2621,0.009943763
2622,0.021059163
2623,0.024161696
2624,0.04066639
2625,0.06791616
2626,0.091682844
2627,0.01084287
2628,0.07616386
2629,0.009737158
2630,0.14982851
2631,0.018942738
2632,0.02114179
2633,0.023724113
2634,0.01607163
2635,0.028582739
2636,0.008869277
2637,0.028216569
2638,0.01921534
2639,0.015034979
2640,0.008684083
2641,0.059034783
2642,0.008869277
2643,0.02688944
2644,0.013916817
2645,0.020872302
2646,0.0155725945
2647,0.0071223476
2648,0.0071223476
2649,0.08761523
2650,0.040558778
2651,0.06222805
2652,0.0071223476
2653,0.010227593
2654,0.030803038
2655,0.040963832
2656,0.012200731
2657,0.010979844
2658,0.020927297
2659,0.0408179
2660,0.01723344
2661,0.01341282
2662,0.0075766053
2663,0.08641203
2664,0.029600319
2665,0.0071223476
2666,0.028182017
2667,0.0104401335
2668,0.0682706
2669,0.08512852
2670,0.04237866
2671,0.029600319
2672,0.028216569
2673,0.030527605
2674,0.012200731
2675,0.01921534
2676,0.010227593
2677,0.013643531
2678,0.011192401
2679,0.02050917
2680,0.010227593
2681,0.02027726
2682,0.0104401335
2683,0.011867512
2684,0.048517995
2685,0.108888075
2686,0.015797514
2687,0.036258433
2688,0.019743042
2689,0.015797514
2690,0.009943763
2691,0.0071223476
2692,0.016719898
2693,0.010075173
2694,0.01818641
2695,0.039526407
2696,0.032787427
2697,0.04389964
2698,0.08188748
2699,0.020238949
2700,0.03536372
2701,0.010468213
2702,0.0962787
2703,0.021699352
2704,0.15409069
2705,0.05185013
2706,0.13931936
2707,0.042469736
2708,0.029814897
2709,0.21519811
2710,0.07212207
2711,0.020519849
2712,0.010075173
2713,0.046691395
2714,0.19126922
2715,0.22181717
2716,0.007802202
2717,0.08577235
2718,0.062467784
2719,0.04293753
2720,0.09117562
2721,0.024789507
2722,0.012341115
2723,0.08156065
2724,0.11585561
2725,0.5551841
2726,0.18400009
2727,0.010483848
2728,0.13833368
2729,0.042539872
2730,0.0071223476
2731,0.040271588
2732,0.02323166
2733,0.039279502
2734,0.025063328
2735,0.014786549
2736,0.17693295
2737,0.26062647
2738,0.33649662
2739,0.41306978
2740,0.042621512
2741,0.027387554
2742,0.118587784
2743,0.105393216
2744,0.009557182
2745,0.037788972
2746,0.041209366
2747,0.085203424
2748,0.033616025
2749,0.29983705
2750,0.05536322
2751,0.19537862
2752,0.36835155
2753,0.05837496
2754,0.23261943
2755,0.0090979
2756,0.0071223476
2757,0.04946425
2758,0.14378345
2759,0.0422669
2760,0.015979175
2761,0.026580032
2762,0.008609473
2763,0.007918367
2764,0.105820686
2765,0.069879904
2766,0.07830288
2767,0.03508145
2768,0.06700493
2769,0.30500564
2770,0.0071223476
2771,0.0071223476
2772,0.025753334
2773,0.10859878
2774,0.011205328
2775,0.031474408
2776,0.008115423
2777,0.28311
2778,0.056436837
2779,0.18564564
2780,0.037982997
2781,0.040159583
2782,0.011867512
2783,0.3604642
2784,0.08961019
2785,0.074333794
2786,0.32488874
2787,0.2468391
2788,0.08618087
2789,0.050024606
2790,0.01334058
2791,0.017475313
2792,0.02130194
2793,0.016750101
2794,0.007743185
2795,0.03612493
2796,0.0071223476
2797,0.06528622
2798,0.0883637
2799,0.07345051
2800,0.17832015
2801,0.4416347
2802,0.014228591
2803,0.016999748
2804,0.02130194
2805,0.0071223476
2806,0.16583538
2807,0.075041965
2808,0.04198265
2809,0.04387959
2810,0.12710711
2811,0.36127666
2812,0.08274981
2813,0.0071223476
2814,0.020238949
2815,0.031830262
2816,0.04305698
2817,0.0071223476
2818,0.0071223476
2819,0.08346138
2820,0.11151389
2821,0.07853303
2822,0.16400106
2823,0.05366804
2824,0.023485929
2825,0.030628001
2826,0.044061963
2827,0.03768405
2828,0.044516
2829,0.06399624
2830,0.007918367
2831,0.038649462
2832,0.016999748
2833,0.017475313
2834,0.042686414
2835,0.02736733
2836,0.055644568
2837,0.022833453
2838,0.10352819
2839,0.12072303
2840,0.14125039
2841,0.08953832
2842,0.03489106
2843,0.04410933
2844,0.15056738
2845,0.0785424
2846,0.03940634
2847,0.09550856
2848,0.015201665
2849,0.022833453
2850,0.112589866
2851,0.045592844
2852,0.03155628
2853,0.019458048
2854,0.0075766053
2855,0.040591497
2856,0.05923363
2857,0.098438285
2858,0.039855678
2859,0.087976776
2860,0.054801296
2861,0.033189867
2862,0.010664857
2863,0.055384047
2864,0.059378456
2865,0.06528622
2866,0.0071223476
2867,0.41306978
2868,0.10648582
2869,0.01334058
2870,0.15718436
2871,0.082658365
2872,0.06628836
2873,0.018984495
2874,0.0860286
2875,0.025063328
2876,0.00826076
2877,0.014228591
2878,0.013109939
2879,0.034389738
2880,0.07375017
2881,0.02791674
2882,0.06634847
2883,0.07013573
2884,0.10955025
2885,0.23477536
2886,0.046691395
2887,0.009737158
2888,0.051997602
2889,0.014786549
2890,0.058776293
2891,0.00826076
2892,0.04293753
2893,0.010238682
2894,0.026580032
2895,0.11595213
2896,0.085380964
2897,0.13456611
2898,0.021065595
2899,0.021297686
2900,0.08686781
2901,0.03807985
2902,0.009943763
2903,0.15749003
2904,0.011398279
2905,0.038875252
2906,0.06884918
2907,0.070670195
2908,0.02099445
2909,0.036415007
2910,0.025753334
2911,0.04403157
2912,0.082982905
2913,0.13314006
2914,0.09986857
2915,0.17241755
2916,0.091071464
2917,0.05837496
2918,0.0071223476
2919,0.096177414
2920,0.042142745
2921,0.041585732
2922,0.0591401
2923,0.018019896
2924,0.07625556
2925,0.03295964
2926,0.042142745
2927,0.1065025
2928,0.03155628
2929,0.01288248
2930,0.028120864
2931,0.038649462
2932,0.018782077
2933,0.053331837
2934,0.019185012
2935,0.039685316
2936,0.03146886
2937,0.063730456
2938,0.08540076
2939,0.26777023
2940,0.07452913
2941,0.096742496
2942,0.057145175
2943,0.085682295
2944,0.057712592
2945,0.103682905
2946,0.045047656
2947,0.007918367
2948,0.0071223476
2949,0.042686414
2950,0.22987695
2951,0.07368173
2952,0.10100084
2953,0.07368173
2954,0.07452913
2955,0.018782077
2956,0.059786223
2957,0.010075173
2958,0.022214161
2959,0.03453114
2960,0.110474996
2961,0.04946425
2962,0.06087646
2963,0.11251693
2964,0.325643
2965,0.06474879
2966,0.0071223476
2967,0.109988704
2968,0.061107323
2969,0.237197
2970,0.2043388
2971,0.08505128
2972,0.020751817
2973,0.029120192
2974,0.12034374
2975,0.13909791
2976,0.059377357
2977,0.1659101
2978,0.12797023
2979,0.10084648
2980,0.015034979
2981,0.01289562
2982,0.010227593
2983,0.022833453
2984,0.01288248
2985,0.07534445
2986,0.024538768
2987,0.08469719
2988,0.18564564
2989,0.07946824
2990,0.05786089
2991,0.030923102
2992,0.087206095
2993,0.123389624
2994,0.1830775
2995,0.061834775
2996,0.019458048
2997,0.068008676
2998,0.0071223476
2999,0.01754361
3000,0.36110443
3001,0.032567
3002,0.13851641
3003,0.2658438
3004,0.20825832
3005,0.018782077
3006,0.014786549
3007,0.012200731
3008,0.029198283
3009,0.04239372
3010,0.10405293
3011,0.13085388
3012,0.04136096
3013,0.073309354
3014,0.13246945
3015,0.13753922
3016,0.18820362
3017,0.20671937
3018,0.25534937
3019,0.09366427
3020,0.0071223476
3021,0.018555533
3022,0.056105312
3023,0.085007906
3024,0.055662613
3025,0.2602901
3026,0.92049074
3027,0.09261694
3028,0.04285463
3029,0.25241446
3030,0.017623914
3031,0.02091696
3032,0.18486573
3033,0.020238949
3034,0.02154045
3035,0.09802874
3036,0.010664857
3037,0.033361584
3038,0.07414137
3039,0.03139404
3040,0.05923363
3041,0.17790054
3042,0.11240786
3043,0.20671937
3044,0.18847841
3045,0.20941016
3046,0.023037808
3047,0.118643634
3048,0.12733454
3049,0.13660163
3050,0.5551841
3051,0.32252347
3052,0.26142204
3053,0.0075766053
3054,0.030923102
3055,0.08197722
3056,0.017623914
3057,0.050024606
3058,0.011398279
3059,0.0071223476
3060,0.0909995
3061,0.0090979
3062,0.008468079
3063,0.031830262
3064,0.058334745
3065,0.05806013
3066,0.09366427
3067,0.06552093
3068,0.10749327
3069,0.16472846
3070,0.07382099
3071,0.008869277
3072,0.11251693
3073,0.1252649
3074,0.013643531
3075,0.050586127
3076,0.5551841
3077,0.9191462
3078,0.34928617
3079,0.0071223476
3080,0.052236576
3081,0.028878788
3082,0.22834508
3083,0.05255518
3084,0.06105609
3085,0.012200731
3086,0.08404292
3087,0.044371583
3088,0.05305665
3089,0.009557182
3090,0.13017067
3091,0.014228591
3092,0.018984495
3093,0.10100084
3094,0.08021047
3095,0.046471506
3096,0.05222051
3097,0.08553516
3098,0.057445526
3099,0.037169307
3100,0.09527265
3101,0.07345051
3102,0.08164084
3103,0.6157193
3104,0.9108224
3105,0.4149163
3106,0.013109939
3107,0.007514238
3108,0.009557182
3109,0.03573257
3110,0.081555486
3111,0.22948526
3112,0.0155839855
3113,0.053815775
3114,0.02978436
3115,0.056091662
3116,0.13833639
3117,0.16566296
3118,0.28257367
3119,0.28246477
3120,0.15469392
3121,0.08435367
3122,0.12266041
3123,0.06947434
3124,0.06366471
3125,0.117316194
3126,0.03216536
3127,0.016313221
3128,0.120802544
3129,0.09811982
3130,0.07995893
3131,0.039350607
3132,0.9108224
3133,0.9437679
3134,0.9473871
3135,0.017686276
3136,0.042733006
3137,0.11333968
3138,0.012531789
3139,0.14271438
3140,0.05649449
3141,0.04316544
3142,0.023037808
3143,0.013643531
3144,0.0830246
3145,0.020003226
3146,0.19417085
3147,0.4698396
3148,0.065551825
3149,0.10647396
3150,0.084347926
3151,0.16058409
3152,0.08349955
3153,0.0813611
3154,0.09066473
3155,0.013109939
3156,0.10796589
3157,0.09031946
3158,0.081555486
3159,0.058776293
3160,0.37280574
3161,0.41230896
3162,0.19290699
3163,0.053479522
3164,0.010075173
3165,0.122191116
3166,0.010664857
3167,0.051687915
3168,0.1806487
3169,0.01204182
3170,0.027533287
3171,0.045047656
3172,0.024405213
3173,0.020519849
3174,0.0445464
3175,0.049494796
3176,0.16293828
3177,0.38653263
3178,0.17567025
3179,0.21110047
3180,0.11406521
3181,0.17790054
3182,0.13762116
3183,0.33649662
3184,0.07995893
3185,0.033616025
3186,0.007918367
3187,0.02546697
3188,0.1356003
3189,0.17435168
3190,0.08087068
3191,0.23510432
3192,0.2952361
3193,0.16342801
3194,0.94153357
3195,0.12669086
3196,0.026024114
3197,0.03573257
3198,0.16759463
3199,0.04190423
3200,0.038864374
3201,0.1378683
3202,0.11392517
3203,0.023435894
3204,0.026896594
3205,0.06343522
3206,0.18488628
3207,0.21476568
3208,0.22930008
3209,0.31445417
3210,0.23772952
3211,0.16011569
3212,0.12376368
3213,0.17980434
3214,0.0071223476
3215,0.016750101
3216,0.10278929
3217,0.04555389
3218,0.03871315
3219,0.16139919
3220,0.26878738
3221,0.0666485
3222,0.41445822
3223,0.17353591
3224,0.0107570235
3225,0.117883116
3226,0.061601155
3227,0.07634686
3228,0.017475313
3229,0.03453114
3230,0.06080693
3231,0.07452913
3232,0.08760806
3233,0.16945036
3234,0.22834508
3235,0.6203698
3236,0.3467998
3237,0.2658438
3238,0.41341558
3239,0.06015038
3240,0.094471425
3241,0.0883637
3242,0.10200307
3243,0.21513386
3244,0.16579103
3245,0.023911923
3246,0.03713912
3247,0.12251408
3248,0.10351715
3249,0.035947558
3250,0.0071223476
3251,0.026580032
3252,0.027732715
3253,0.0090979
3254,0.020238949
3255,0.02099445
3256,0.053331837
3257,0.06628836
3258,0.061825555
3259,0.20970614
3260,0.21083607
3261,0.045740347
3262,0.41373482
3263,0.36877394
3264,0.25297943
3265,0.10763041
3266,0.041426837
3267,0.033772472
3268,0.081484154
3269,0.11251693
3270,0.018782077
3271,0.010075173
3272,0.016313221
3273,0.36949512
3274,0.034409896
3275,0.009557182
3276,0.025462205
3277,0.04183658
3278,0.06261676
3279,0.029120192
3280,0.038055826
3281,0.064402096
3282,0.054352235
3283,0.008869277
3284,0.015201665
3285,0.024405213
3286,0.109988704
3287,0.109988704
3288,0.23326448
3289,0.20446439
3290,0.10262597
3291,0.5551841
3292,0.29133287
3293,0.26717383
3294,0.06583882
3295,0.07416004
3296,0.05649449
3297,0.020238949
3298,0.0422669
3299,0.033616025
3300,0.03981099
3301,0.3335076
3302,0.073750466
3303,0.22930008
3304,0.03566513
3305,0.07775146
3306,0.07570953
3307,0.06583882
3308,0.144491
3309,0.040804368
3310,0.033616025
3311,0.0071223476
3312,0.06799004
3313,0.16448784
3314,0.36949512
3315,0.18615025
3316,0.22418816
3317,0.08409444
3318,0.31477582
3319,0.1806487
3320,0.016892653
3321,0.008869277
3322,0.014228591
3323,0.020238949
3324,0.01334058
3325,0.029512588
3326,0.123550065
3327,0.084114425
3328,0.05124403
3329,0.18856864
3330,0.010664857
3331,0.08984488
3332,0.16216557
3333,0.0071223476
3334,0.011192401
3335,0.009557182
3336,0.12647851
3337,0.09803456
3338,0.00826076
3339,0.08346138
3340,0.21590967
3341,0.050586127
3342,0.05673879
3343,0.03792597
3344,0.040737398
3345,0.099206045
3346,0.02372358
3347,0.076160535
3348,0.07641786
3349,0.032546923
3350,0.019730788
3351,0.009557182
3352,0.10272542
3353,0.010075173
3354,0.01967236
3355,0.021149017
3356,0.039737057
3357,0.1415938
3358,0.0071223476
3359,0.013289758
3360,0.032567
3361,0.16710317
3362,0.25946984
3363,0.26882964
3364,0.020894933
3365,0.0071223476
3366,0.018555533
3367,0.022833453
3368,0.054871574
3369,0.07664971
3370,0.09545437
3371,0.012200731
3372,0.027767107
3373,0.013643531
3374,0.03508145
3375,0.01793205
3376,0.016750101
3377,0.09285227
3378,0.09632255
3379,0.1857799
3380,0.0071223476
3381,0.020238949
3382,0.01204182
3383,0.044516
3384,0.093333125
3385,0.17832015
3386,0.02926448
3387,0.01334058
3388,0.01204182
3389,0.11592506
3390,0.031830262
3391,0.014786549
3392,0.08821112
3393,0.09779229
3394,0.062005214
3395,0.018984495
3396,0.011867512
3397,0.22834508
3398,0.036925513
3399,0.02736733
3400,0.14171572
3401,0.04239372
3402,0.013087551
3403,0.016537957
3404,0.02736733
3405,0.11729774
3406,0.23772952
3407,0.032546923
3408,0.0155839855
3409,0.009943763
3410,0.040624678
3411,0.035917405
3412,0.11739042
3413,0.08821112
3414,0.20671937
3415,0.0926827
3416,0.014786549
3417,0.0071223476
3418,0.07664971
3419,0.07368173
3420,0.0071223476
3421,0.09229271
3422,0.09261694
3423,0.06474821
3424,0.022833453
3425,0.10733802
3426,0.06628836
3427,0.009557182
3428,0.009943763
3429,0.18564564
3430,0.33649662
3431,0.07908484
3432,0.01909474
3433,0.048328422
3434,0.053465553
3435,0.0090979
3436,0.041724496
3437,0.07026195
3438,0.07026195
3439,0.6178918
3440,0.034168772
3441,0.08137311
3442,0.10352819
3443,0.025753334
3444,0.09886725
3445,0.36770785
3446,0.039430812
3447,0.09486585
3448,0.020751817
3449,0.04415922
3450,0.11236097
3451,0.042173073
3452,0.007743185
3453,0.09261694
3454,0.046471506
3455,0.048903327
3456,0.017395485
3457,0.013109939
3458,0.009943763
3459,0.03818831
3460,0.007743185
3461,0.03830912
3462,0.016999748
3463,0.09818269
3464,0.064615294
3465,0.010075173
3466,0.03981099
3467,0.4149163
3468,0.04441292
3469,0.07894394
3470,0.017814463
3471,0.01334058
3472,0.037788972
3473,0.054505736
3474,0.0071223476
3475,0.17832015
3476,0.04316544
3477,0.007421849
3478,0.007421849
3479,0.025753334
3480,0.065750435
3481,0.053479522
3482,0.026180722
3483,0.1054797
3484,0.058776293
3485,0.05517986
3486,0.19725
3487,0.02601536
3488,0.037680186
3489,0.04403157
3490,0.0075766053
3491,0.04383491
3492,0.08898193
3493,0.03544449
3494,0.0071223476
3495,0.013916817
3496,0.015034979
3497,0.007918367
3498,0.063254975
3499,0.09779229
3500,0.05073343
3501,0.08695294
3502,0.054801296
3503,0.010979844
3504,0.05185013
3505,0.028312244
3506,0.011383436
3507,0.18856864
3508,0.111557186
3509,0.0090979
3510,0.044061963
3511,0.0071223476
3512,0.0071223476
3513,0.01204182
3514,0.011867512
3515,0.0071223476
3516,0.010075173
3517,0.01204182
3518,0.0071223476
3519,0.02130194
3520,0.03489106
3521,0.041209366
3522,0.104754314
3523,0.118340515
3524,0.14941213
3525,0.010075173
3526,0.045592844
3527,0.0071223476
3528,0.0104401335
3529,0.019185012
3530,0.008869277
3531,0.01289562
3532,0.012200731
3533,0.013643531
3534,0.011867512
3535,0.14611089
3536,0.010979844
3537,0.036584787
3538,0.03536372
3539,0.019730788
3540,0.017814463
3541,0.046838153
3542,0.017623914
3543,0.038206957
3544,0.010075173
3545,0.014786549
3546,0.028818758
3547,0.02546697
3548,0.09713253
3549,0.0075766053
3550,0.0071223476
3551,0.010979844
3552,0.07576656
3553,0.01288248
3554,0.035634983
3555,0.049476236
3556,0.013109939
3557,0.12535824
3558,0.018984495
3559,0.016750101
3560,0.020305809
3561,0.04297049
3562,0.0155839855
3563,0.08164084
3564,0.011867512
3565,0.10200307
3566,0.011867512
3567,0.021771763
3568,0.02130194
3569,0.018161397
3570,0.014228591
3571,0.011192401
3572,0.010075173
3573,0.012200731
3574,0.010075173
3575,0.028334409
3576,0.017211342
3577,0.007263553
3578,0.012081095
3579,0.110474996
3580,0.018782077
3581,0.019185012
3582,0.0071223476
3583,0.0071223476
3584,0.03981099
3585,0.022214161
3586,0.014228591
3587,0.011398279
3588,0.008468079
3589,0.031830262
3590,0.018619206
3591,0.05124403
3592,0.016313221
3593,0.05563247
3594,0.013109939
3595,0.01288248
3596,0.03547351
3597,0.03997085
3598,0.056569126
3599,0.029739788
3600,0.045105167
3601,0.040472407
3602,0.084817626
3603,0.05943797
3604,0.009943763
3605,0.0071223476
3606,0.023749793
3607,0.0427818
3608,0.13394053
3609,0.18619998
3610,0.045293573
3611,0.020745063
3612,0.045866873
3613,0.20577067
3614,0.05628464
3615,0.22396754
3616,0.09042353
3617,0.21110047
3618,0.090554304
3619,0.025289543
3620,0.03347196
3621,0.0155839855
3622,0.012341115
3623,0.16144404
3624,0.05356822
3625,0.4149163
3626,0.14750203
3627,0.07632683
3628,0.014024633
3629,0.0071223476
3630,0.0602731
3631,0.03340694
3632,0.017814463
3633,0.008869277
3634,0.112610385
3635,0.26109892
3636,0.44232368
3637,0.3606363
3638,0.0076609217
3639,0.007802202
3640,0.112610385
3641,0.2538255
3642,0.009557182
3643,0.106671
3644,0.019605968
3645,0.019694787
3646,0.08077172
3647,0.30500564
3648,0.04652182
3649,0.21349066
3650,0.34815952
3651,0.054643486
3652,0.30637684
3653,0.0090979
3654,0.053162023
3655,0.20344976
3656,0.03115061
3657,0.041521054
3658,0.016708694
3659,0.06618489
3660,0.025414519
3661,0.02759918
3662,0.059324
3663,0.047744494
3664,0.017814463
3665,0.05449227
3666,0.3121222
3667,0.026921056
3668,0.032393143
3669,0.027470225
3670,0.085682295
3671,0.0107570235
3672,0.021219771
3673,0.052058637
3674,0.061482262
3675,0.06084271
3676,0.024764871
3677,0.011939142
3678,0.19668546
3679,0.013734888
3680,0.22956854
3681,0.011867512
3682,0.011867512
3683,0.016537957
3684,0.014456084
3685,0.4686725
3686,0.1437569
3687,0.073601685
3688,0.34226784
3689,0.3604642
3690,0.007421849
3691,0.05628464
3692,0.014228591
3693,0.01334058
3694,0.030286852
3695,0.021527324
3696,0.016750101
3697,0.007743185
3698,0.05327186
3699,0.0071223476
3700,0.022096194
3701,0.060327444
3702,0.07438024
3703,0.220375
3704,0.34956288
3705,0.020977082
3706,0.0071223476
3707,0.0293473
3708,0.027594058
3709,0.031426206
3710,0.19295506
3711,0.016313221
3712,0.028143581
3713,0.020098833
3714,0.18109119
3715,0.38653263
3716,0.017766591
3717,0.012341115
3718,0.042148452
3719,0.03713594
3720,0.0293473
3721,0.104789
3722,0.19295506
3723,0.08232613
3724,0.13957335
3725,0.10143197
3726,0.029739788
3727,0.032774784
3728,0.01289562
3729,0.08444501
3730,0.018844
3731,0.063959494
3732,0.082434624
3733,0.0071223476
3734,0.01940993
3735,0.01940993
3736,0.008076114
3737,0.035328645
3738,0.023059176
3739,0.06745823
3740,0.02281286
3741,0.055545364
3742,0.14300251
3743,0.10877649
3744,0.056980904
3745,0.034235727
3746,0.059213344
3747,0.09196692
3748,0.05173036
3749,0.0155839855
3750,0.085682295
3751,0.049327288
3752,0.03115061
3753,0.09602243
3754,0.023263574
3755,0.038547974
3756,0.019209368
3757,0.04293362
3758,0.07940666
3759,0.089587376
3760,0.042889696
3761,0.0646048
3762,0.07258774
3763,0.017814463
3764,0.010664857
3765,0.045866873
3766,0.067036085
3767,0.049925596
3768,0.0071223476
3769,0.3604642
3770,0.028340533
3771,0.023711795
3772,0.019683026
3773,0.15266684
3774,0.08821112
3775,0.038692817
3776,0.020745063
3777,0.0071223476
3778,0.098776124
3779,0.01289562
3780,0.02413788
3781,0.016999748
3782,0.044053424
3783,0.067036085
3784,0.040472407
3785,0.05969855
3786,0.084114425
3787,0.09604263
3788,0.25539196
3789,0.051582925
3790,0.019683026
3791,0.0511811
3792,0.01289562
3793,0.088627934
3794,0.05671726
3795,0.021617152
3796,0.1383508
3797,0.06046961
3798,0.09853951
3799,0.060171317
3800,0.01729383
3801,0.024631284
3802,0.019209368
3803,0.10955025
3804,0.011398279
3805,0.039566327
3806,0.08583451
3807,0.012713955
3808,0.04580263
3809,0.0362348
3810,0.033327084
3811,0.06825211
3812,0.11264521
3813,0.0926827
3814,0.13942318
3815,0.05100955
3816,0.08112556
3817,0.013916817
3818,0.10100084
3819,0.04012226
3820,0.07178445
3821,0.07777417
3822,0.042963974
3823,0.03266567
3824,0.061482262
3825,0.012341115
3826,0.012531789
3827,0.0138824815
3828,0.10100084
3829,0.03459554
3830,0.040903
3831,0.019683026
3832,0.06449359
3833,0.047004726
3834,0.030320443
3835,0.043737166
3836,0.020222833
3837,0.04293362
3838,0.0934531
3839,0.26777023
3840,0.10926696
3841,0.12247406
3842,0.05272266
3843,0.05545477
3844,0.102697834
3845,0.08616
3846,0.06655947
3847,0.010979844
3848,0.0071223476
3849,0.0071223476
3850,0.22956854
3851,0.036788948
3852,0.0874312
3853,0.08434794
3854,0.10749327
3855,0.023711795
3856,0.018550823
3857,0.010075173
3858,0.0071223476
3859,0.017475313
3860,0.14300251
3861,0.04167269
3862,0.014459028
3863,0.121113315
3864,0.3624143
3865,0.057492275
3866,0.007918367
3867,0.068401895
3868,0.038517747
3869,0.20209064
3870,0.25057706
3871,0.07681608
3872,0.016750101
3873,0.030309873
3874,0.043785915
3875,0.108125895
3876,0.119726084
3877,0.019176742
3878,0.1780629
3879,0.098844595
3880,0.06332754
3881,0.016313221
3882,0.01289562
3883,0.026407184
3884,0.031977784
3885,0.058661036
3886,0.016750101
3887,0.09280259
3888,0.12260346
3889,0.0900588
3890,0.04307985
3891,0.01204182
3892,0.0846005
3893,0.15296796
3894,0.21110047
3895,0.06610553
3896,0.061324917
3897,0.03884404
3898,0.44135576
3899,0.023457272
3900,0.13844734
3901,0.22396754
3902,0.22698325
3903,0.013916817
3904,0.0071223476
3905,0.019955829
3906,0.033819996
3907,0.082658365
3908,0.09294292
3909,0.13909791
3910,0.04525733
3911,0.07940666
3912,0.15469392
3913,0.1587139
3914,0.1368882
3915,0.123672865
3916,0.23236555
3917,0.087084435
3918,0.018780312
3919,0.05420111
3920,0.12425258
3921,0.054190956
3922,0.22956854
3923,0.9228269
3924,0.09261694
3925,0.040320944
3926,0.27356043
3927,0.007743185
3928,0.05610173
3929,0.18236534
3930,0.009338925
3931,0.033327084
3932,0.058661036
3933,0.02199725
3934,0.09377298
3935,0.0071223476
3936,0.17567025
3937,0.01330191
3938,0.081788436
3939,0.11505977
3940,0.110399365
3941,0.17781319
3942,0.2252598
3943,0.20986342
3944,0.020977082
3945,0.13737874
3946,0.089099385
3947,0.15106943
3948,0.70664406
3949,0.33392623
3950,0.3121222
3951,0.0075766053
3952,0.042780746
3953,0.093863696
3954,0.049790397
3955,0.023711795
3956,0.0071223476
3957,0.027959522
3958,0.0071223476
3959,0.058724098
3960,0.008468079
3961,0.03205797
3962,0.044573482
3963,0.10100084
3964,0.11061382
3965,0.07265849
3966,0.10615562
3967,0.16123511
3968,0.09261694
3969,0.029739788
3970,0.11475284
3971,0.14125039
3972,0.017475313
3973,0.062279314
3974,0.70664406
3975,0.9342164
3976,0.36224192
3977,0.025435995
3978,0.060330268
3979,0.16144404
3980,0.06585689
3981,0.025179228
3982,0.008468079
3983,0.07501783
3984,0.060386922
3985,0.03555429
3986,0.009557182
3987,0.14652556
3988,0.014228591
3989,0.021406695
3990,0.08346138
3991,0.09616087
3992,0.04536049
3993,0.055257626
3994,0.12560329
3995,0.07659355
3996,0.05327186
3997,0.084817626
3998,0.048526183
3999,0.061111692
4000,0.7090919
4001,0.77142143
4002,0.44344184
4003,0.02225932
4004,0.020079812
4005,0.012531789
4006,0.15274803
4007,0.108793795
4008,0.15310809
4009,0.022439748
4010,0.03866335
4011,0.01334058
4012,0.054131232
4013,0.07265849
4014,0.18256849
4015,0.20158814
4016,0.30500564
4017,0.1661647
4018,0.13673998
4019,0.15845038
4020,0.06931893
4021,0.05545477
4022,0.118731715
4023,0.038960382
4024,0.03001495
4025,0.026407184
4026,0.2059244
4027,0.13909791
4028,0.090554304
4029,0.05671726
4030,0.02413788
4031,0.92148066
4032,0.9461324
4033,0.949756
4034,0.007802202
4035,0.04304515
4036,0.08637233
4037,0.012531789
4038,0.11394976
4039,0.044147376
4040,0.020977082
4041,0.009557182
4042,0.019209368
4043,0.08138408
4044,0.030565767
4045,0.21783583
4046,0.44053528
4047,0.04525733
4048,0.06994836
4049,0.0664803
4050,0.15346617
4051,0.060795
4052,0.08733229
4053,0.09818269
4054,0.039566327
4055,0.075672805
4056,0.1249302
4057,0.06384504
4058,0.0071223476
4059,0.3851342
4060,0.4395497
4061,0.19718939
4062,0.043546315
4063,0.027360277
4064,0.11061382
4065,0.08505128
4066,0.20750397
4067,0.025435995
4068,0.038366567
4069,0.056302518
4070,0.014228591
4071,0.03424642
4072,0.008844359
4073,0.20825832
4074,0.38653263
4075,0.2538255
4076,0.20004328
4077,0.16612504
4078,0.1745729
4079,0.18513551
4080,0.36890507
4081,0.122542426
4082,0.016537957
4083,0.03001495
4084,0.041954942
4085,0.10594201
4086,0.13844734
4087,0.060075507
4088,0.29983705
4089,0.22956854
4090,0.19718939
4091,0.9438952
4092,0.10820467
4093,0.03656774
4094,0.063222386
4095,0.11421613
4096,0.05327186
4097,0.037690572
4098,0.08577235
4099,0.07461166
4100,0.0400483
4101,0.07178445
4102,0.061516445
4103,0.15845038
4104,0.26717383
4105,0.25324506
4106,0.3611603
4107,0.24904548
4108,0.12889375
4109,0.15124
4110,0.2205514
4111,0.010801809
4112,0.024764871
4113,0.13710436
4114,0.07251743
4115,0.03634386
4116,0.23261943
4117,0.22370034
4118,0.075904496
4119,0.48575908
4120,0.20004328
4121,0.02638567
4122,0.17638516
4123,0.10518188
4124,0.047004726
4125,0.011192401
4126,0.019006908
4127,0.038231928
4128,0.059213344
4129,0.09220212
4130,0.06662982
4131,0.06931893
4132,0.13509847
4133,0.2580544
4134,0.70751727
4135,0.2893351
4136,0.2508831
4137,0.38545275
4138,0.097093254
4139,0.085203424
4140,0.12842485
4141,0.06814648
4142,0.18444386
4143,0.13703014
4144,0.023900136
4145,0.038517747
4146,0.14185472
4147,0.016999748
4148,0.06508872
4149,0.07777417
4150,0.031426206
4151,0.025414519
4152,0.025015661
4153,0.011867512
4154,0.03205797
4155,0.048780154
4156,0.06432862
4157,0.10084648
4158,0.15860197
4159,0.20562936
4160,0.046281982
4161,0.36835155
4162,0.44135576
4163,0.23276582
4164,0.063222386
4165,0.015426498
4166,0.039364666
4167,0.0071223476
4168,0.022543784
4169,0.11840984
4170,0.010075173
4171,0.026407184
4172,0.38769138
4173,0.042553976
4174,0.016999748
4175,0.037539512
4176,0.03918624
4177,0.08403151
4178,0.017263658
4179,0.05019889
4180,0.02750013
4181,0.038874276
4182,0.07777417
4183,0.10225035
4184,0.31529978
4185,0.18563189
4186,0.10893109
4187,0.5236616
4188,0.28324226
4189,0.26999944
4190,0.0754095
4191,0.08507566
4192,0.0293473
4193,0.06449359
4194,0.026407184
4195,0.025015661
4196,0.02199725
4197,0.044725563
4198,0.36697143
4199,0.08710533
4200,0.19885865
4201,0.014786549
4202,0.08154182
4203,0.06783451
4204,0.06517706
4205,0.17790252
4206,0.031426206
4207,0.03001495
4208,0.023016293
4209,0.06373393
4210,0.19682172
4211,0.38769138
4212,0.18323606
4213,0.23729828
4214,0.07915433
4215,0.2748986
4216,0.16692089
4217,0.04836656
4218,0.04167996
4219,0.014228591
4220,0.020209262
4221,0.020977082
4222,0.017263658
4223,0.08730302
4224,0.105820686
4225,0.059324
4226,0.20717163
4227,0.020977082
4228,0.04293362
4229,0.19342044
4230,0.04242356
4231,0.0071223476
4232,0.022573547
4233,0.1383508
4234,0.11004773
4235,0.014228591
4236,0.06946885
4237,0.17795494
4238,0.07021069
4239,0.071881175
4240,0.009943763
4241,0.08545793
4242,0.09300549
4243,0.040502694
4244,0.09353743
4245,0.101916604
4246,0.033417873
4247,0.03335716
4248,0.0071223476
4249,0.15862894
4250,0.010075173
4251,0.008756615
4252,0.060171317
4253,0.046857715
4254,0.15911348
4255,0.021219771
4256,0.031827558
4257,0.007918367
4258,0.04475597
4259,0.13672587
4260,0.30656642
4261,0.30052465
4262,0.02557977
4263,0.012341115
4264,0.0071223476
4265,0.0071223476
4266,0.02225932
4267,0.030565767
4268,0.03251616
4269,0.081788436
4270,0.10905276
4271,0.0071223476
4272,0.007514238
4273,0.01334058
4274,0.03713594
4275,0.01815669
4276,0.10844337
4277,0.09458566
4278,0.18564564
4279,0.030435046
4280,0.0075766053
4281,0.007918367
4282,0.06317925
4283,0.13996632
4284,0.16443658
4285,0.053082723
4286,0.009557182
4287,0.08320237
4288,0.03205797
4289,0.014786549
4290,0.075904496
4291,0.087976776
4292,0.060396135
4293,0.012200731
4294,0.0071223476
4295,0.030827947
4296,0.25351873
4297,0.029739788
4298,0.12676252
4299,0.075904496
4300,0.015776426
4301,0.010075173
4302,0.021219771
4303,0.10797055
4304,0.20344976
4305,0.032774784
4306,0.019683026
4307,0.016537957
4308,0.03663802
4309,0.03707086
4310,0.13348347
4311,0.08089752
4312,0.27395922
4313,0.0926827
4314,0.0071223476
4315,0.06076402
4316,0.02834776
4317,0.037101045
4318,0.14009377
4319,0.09261694
4320,0.059710227
4321,0.023711795
4322,0.077138856
4323,0.025179228
4324,0.009943763
4325,0.20344976
4326,0.3121222
4327,0.07438024
4328,0.025307365
4329,0.10411614
4330,0.04304515
4331,0.019006908
4332,0.05189258
4333,0.05560275
4334,0.07047314
4335,0.53023136
4336,0.08434794
4337,0.07215271
4338,0.06825211
4339,0.02834776
4340,0.13710436
4341,0.3858804
4342,0.057344023
4343,0.10955025
4344,0.020977082
4345,0.02557977
4346,0.021219771
4347,0.053711448
4348,0.08989306
4349,0.025289543
4350,0.010075173
4351,0.028509242
4352,0.010075173
4353,0.011192401
4354,0.028747907
4355,0.0071223476
4356,0.09752985
4357,0.03115061
4358,0.04273611
4359,0.037836064
4360,0.10727371
4361,0.025289543
4362,0.07681608
4363,0.4698396
4364,0.07800631
4365,0.08718837
4366,0.02199725
4367,0.023900136
4368,0.067036085
4369,0.063009515
4370,0.021219771
4371,0.2356836
4372,0.02569327
4373,0.007268069
4374,0.019683026
4375,0.051805064
4376,0.052870262
4377,0.012200731
4378,0.10165176
4379,0.007514238
4380,0.015034979
4381,0.011398279
4382,0.038099628
4383,0.24223402
4384,0.030290456
4385,0.012341115
4386,0.009943763
4387,0.02413788
4388,0.050826948
4389,0.008076114
4390,0.028561343
4391,0.10117449
4392,0.066859566
4393,0.025560198
4394,0.009943763
4395,0.011192401
4396,0.08434794
4397,0.1437569
4398,0.07619803
4399,0.05035179
4400,0.066859566
4401,0.012713955
4402,0.06191197
4403,0.0155839855
4404,0.03294523
4405,0.20209064
4406,0.049436923
4407,0.0090979
4408,0.012713955
4409,0.067161955
4410,0.0071223476
4411,0.009338925
4412,0.013109939
4413,0.008869277
4414,0.010075173
4415,0.014228591
4416,0.015201665
4417,0.021406695
4418,0.038288794
4419,0.07021069
4420,0.1044471
4421,0.10372363
4422,0.18265921
4423,0.01334058
4424,0.057120338
4425,0.0071223476
4426,0.021219771
4427,0.012531789
4428,0.00826076
4429,0.01334058
4430,0.015034979
4431,0.008468079
4432,0.07940666
4433,0.036516562
4434,0.04602869
4435,0.0071223476
4436,0.0071223476
4437,0.017814463
4438,0.062008526
4439,0.01289562
4440,0.04360294
4441,0.0071223476
4442,0.010075173
4443,0.02413788
4444,0.028230878
4445,0.01588698
4446,0.010979844
4447,0.010075173
4448,0.06084271
4449,0.08821112
4450,0.049778406
4451,0.055903934
4452,0.105099574
4453,0.019683026
4454,0.0071223476
4455,0.0071223476
4456,0.057492275
4457,0.0071223476
4458,0.052312523
4459,0.011192401
4460,0.08719406
4461,0.010979844
4462,0.02199725
4463,0.0071223476
4464,0.010075173
4465,0.011192401
4466,0.05327186
4467,0.0071223476
4468,0.0090979
4469,0.06618489
4470,0.038366567
4471,0.016313221
4472,0.17790252
4473,0.028883506
4474,0.029739788
4475,0.0071223476
4476,0.01334058
4477,0.037849165
4478,0.007268069
4479,0.021219771
4480,0.023263574
4481,0.031700164
4482,0.011867512
4483,0.013109939
4484,0.016750101
4485,0.028561343
4486,0.045403883
4487,0.085189015
4488,0.0104401335
4489,0.060327444
4490,0.019683026
4491,0.026935847
4492,0.04545061
4493,0.0071223476
4494,0.03519927
4495,0.042969838
4496,0.047683734
4497,0.012531789
4498,0.030118858
4499,0.045830477
4500,0.041069552
4501,0.049935836
4502,0.10813976
4503,0.054184526
4504,0.043629475
4505,0.1685287
4506,0.041069552
4507,0.25319922
4508,0.036103733
4509,0.029548872
4510,0.05333848
4511,0.245048
4512,0.052160826
4513,0.21447705
4514,0.091234766
4515,0.17895934
4516,0.053674687
4517,0.027114857
4518,0.008076114
4519,0.02570805
4520,0.11477172
4521,0.01334058
4522,0.5408689
4523,0.113516964
4524,0.22869621
4525,0.025497176
4526,0.021677673
4527,0.029351471
4528,0.035188317
4529,0.030404696
4530,0.014456084
4531,0.04714476
4532,0.08845499
4533,0.34828162
4534,0.3606363
4535,0.01596952
4536,0.0354842
4537,0.0826315
4538,0.1823762
4539,0.062364623
4540,0.060269404
4541,0.081784084
4542,0.08061587
4543,0.2814585
4544,0.111630656
4545,0.1896901
4546,0.36127666
4547,0.1714576
4548,0.22642365
4549,0.026543152
4550,0.2528926
4551,0.053111516
4552,0.050458845
4553,0.03664527
4554,0.06758948
4555,0.025204154
4556,0.08681391
4557,0.15028992
4558,0.02424713
4559,0.041097745
4560,0.034841865
4561,0.30261153
4562,0.024805378
4563,0.04545061
4564,0.0772222
4565,0.08061587
4566,0.029156461
4567,0.067630425
4568,0.12294619
4569,0.12666914
4570,0.048230294
4571,0.056597095
4572,0.2774464
4573,0.056111254
4574,0.207933
4575,0.047683734
4576,0.024171768
4577,0.0071223476
4578,0.015925115
4579,0.3606363
4580,0.052114498
4581,0.007422802
4582,0.062513575
4583,0.39272258
4584,0.3875794
4585,0.007268069
4586,0.092414476
4587,0.047820125
4588,0.007743185
4589,0.016564352
4590,0.041429784
4591,0.0071223476
4592,0.011902793
4593,0.068160385
4594,0.03933277
4595,0.26187104
4596,0.3471025
4597,0.017533544
4598,0.007268069
4599,0.037709203
4600,0.007743185
4601,0.010075173
4602,0.0071223476
4603,0.011578313
4604,0.16625488
4605,0.020719834
4606,0.05506339
4607,0.055265464
4608,0.024805378
4609,0.20849916
4610,0.54037
4611,0.024068743
4612,0.01870512
4613,0.027172865
4614,0.067930825
4615,0.040513117
4616,0.033866614
4617,0.012531789
4618,0.011752571
4619,0.08939427
4620,0.24568512
4621,0.08939427
4622,0.1082855
4623,0.06406091
4624,0.02570805
4625,0.02863172
4626,0.02766437
4627,0.06733411
4628,0.0354842
4629,0.04198671
4630,0.06473317
4631,0.008653235
4632,0.042017043
4633,0.034416754
4634,0.008076114
4635,0.0071223476
4636,0.024805378
4637,0.033369683
4638,0.021677673
4639,0.060898498
4640,0.13381723
4641,0.18109293
4642,0.05856141
4643,0.043875296
4644,0.04786676
4645,0.10763556
4646,0.12599048
4647,0.028998034
4648,0.083123624
4649,0.04652842
4650,0.008076114
4651,0.0102876825
4652,0.11740983
4653,0.02841812
4654,0.035939775
4655,0.011014327
4656,0.07303146
4657,0.0864162
4658,0.09210684
4659,0.07607849
4660,0.098914385
4661,0.060630895
4662,0.03146733
4663,0.008653235
4664,0.05333848
4665,0.0442482
4666,0.047830623
4667,0.014871064
4668,0.3868698
4669,0.06838885
4670,0.012200731
4671,0.084743336
4672,0.06573479
4673,0.039197944
4674,0.024805378
4675,0.0071223476
4676,0.010075173
4677,0.047138292
4678,0.012341115
4679,0.028903255
4680,0.01890752
4681,0.06770085
4682,0.04850038
4683,0.059735745
4684,0.051456045
4685,0.079021335
4686,0.09237445
4687,0.2844499
4688,0.036796194
4689,0.020487873
4690,0.049425874
4691,0.010801809
4692,0.061062794
4693,0.042132806
4694,0.02733545
4695,0.16417547
4696,0.05955894
4697,0.06525057
4698,0.06733411
4699,0.04198671
4700,0.016564352
4701,0.009895139
4702,0.12270437
4703,0.010075173
4704,0.046013184
4705,0.0897817
4706,0.03624204
4707,0.014871064
4708,0.034416754
4709,0.037709203
4710,0.0210336
4711,0.08101715
4712,0.11333878
4713,0.12036478
4714,0.1430534
4715,0.05978768
4716,0.085218675
4717,0.013613784
4718,0.12705766
4719,0.007268069
4720,0.053674687
4721,0.057148315
4722,0.081399515
4723,0.012735036
4724,0.047684573
4725,0.07925374
4726,0.03273755
4727,0.008881807
4728,0.06557682
4729,0.108963124
4730,0.029823989
4731,0.06916523
4732,0.008076114
4733,0.007268069
4734,0.04315204
4735,0.049753003
4736,0.025317231
4737,0.025463685
4738,0.03867673
4739,0.067630425
4740,0.11151895
4741,0.2578792
4742,0.09761853
4743,0.118501574
4744,0.080389224
4745,0.0864162
4746,0.071047805
4747,0.11504426
4748,0.039728805
4749,0.010801809
4750,0.02310803
4751,0.26951614
4752,0.04198671
4753,0.118501574
4754,0.07925374
4755,0.12135064
4756,0.011398279
4757,0.017682156
4758,0.010075173
4759,0.024805378
4760,0.020487873
4761,0.016564352
4762,0.115106076
4763,0.03868232
4764,0.029706823
4765,0.09623521
4766,0.36913866
4767,0.064575344
4768,0.118501574
4769,0.043781415
4770,0.2616368
4771,0.19266465
4772,0.11028291
4773,0.0864162
4774,0.0071223476
4775,0.11855514
4776,0.1728881
4777,0.052004583
4778,0.2607777
4779,0.14006785
4780,0.12407891
4781,0.010512373
4782,0.04088143
4783,0.026256569
4784,0.081632435
4785,0.018478591
4786,0.097930044
4787,0.11663647
4788,0.06998166
4789,0.04326794
4790,0.013925467
4791,0.08596484
4792,0.20799181
4793,0.2453527
4794,0.080693215
4795,0.087439194
4796,0.0102876825
4797,0.0102876825
4798,0.02586554
4799,0.4190885
4800,0.052300587
4801,0.020556467
4802,0.2814585
4803,0.2015376
4804,0.0071223476
4805,0.04723899
4806,0.036363475
4807,0.061078016
4808,0.11037501
4809,0.15696347
4810,0.029181803
4811,0.06968857
4812,0.1464552
4813,0.12273621
4814,0.17317754
4815,0.18523344
4816,0.23253395
4817,0.08894328
4818,0.05768984
4819,0.11123084
4820,0.043629475
4821,0.2288363
4822,0.9228269
4823,0.09302471
4824,0.09165102
4825,0.28832343
4826,0.01334058
4827,0.02733545
4828,0.21383688
4829,0.011752571
4830,0.019953547
4831,0.030374704
4832,0.091365635
4833,0.012713955
4834,0.13400061
4835,0.20838366
4836,0.02234135
4837,0.098377116
4838,0.17082287
4839,0.14015146
4840,0.17555404
4841,0.23943469
4842,0.2374749
4843,0.18924637
4844,0.09756924
4845,0.1758597
4846,0.61746824
4847,0.32221693
4848,0.3260758
4849,0.007422802
4850,0.056232516
4851,0.1367164
4852,0.0071223476
4853,0.0102876825
4854,0.012341115
4855,0.020487873
4856,0.06098928
4857,0.008283394
4858,0.031132458
4859,0.042969838
4860,0.074368894
4861,0.090108365
4862,0.08939427
4863,0.11321044
4864,0.15903145
4865,0.11110788
4866,0.029548872
4867,0.094471425
4868,0.17962405
4869,0.017533544
4870,0.10714842
4871,0.92148066
4872,0.9342164
4873,0.4214902
4874,0.007268069
4875,0.019953547
4876,0.09027156
4877,0.23280305
4878,0.075298704
4879,0.07209153
4880,0.0071223476
4881,0.09544484
4882,0.08912041
4883,0.028579619
4884,0.009338925
4885,0.13359669
4886,0.013925467
4887,0.047684573
4888,0.1018496
4889,0.08769248
4890,0.02447275
4891,0.045982745
4892,0.121531725
4893,0.026687076
4894,0.020487873
4895,0.122266866
4896,0.06574838
4897,0.09486066
4898,0.9271089
4899,0.91916096
4900,0.48959735
4901,0.026286444
4902,0.06097727
4903,0.027430579
4904,0.009338925
4905,0.11057023
4906,0.056926474
4907,0.1443377
4908,0.043875296
4909,0.06740391
4910,0.025994478
4911,0.02064207
4912,0.11110788
4913,0.13504
4914,0.16469638
4915,0.30462062
4916,0.22748831
4917,0.17051707
4918,0.12296953
4919,0.06755117
4920,0.099899225
4921,0.104802124
4922,0.029156461
4923,0.045996007
4924,0.2156102
4925,0.12871887
4926,0.11767111
4927,0.09033992
4928,0.015426498
4929,0.91916096
4930,0.9461324
4931,0.949756
4932,0.0124355545
4933,0.06623283
4934,0.12510006
4935,0.20429914
4936,0.009338925
4937,0.021677673
4938,0.019953547
4939,0.02310803
4940,0.14006785
4941,0.019023243
4942,0.21829496
4943,0.48795933
4944,0.104703456
4945,0.07485059
4946,0.066494636
4947,0.1514062
4948,0.07468708
4949,0.1255657
4950,0.1189787
4951,0.035960358
4952,0.15856126
4953,0.10628973
4954,0.13133773
4955,0.011014327
4956,0.022409773
4957,0.4176573
4958,0.35990366
4959,0.22726047
4960,0.087591656
4961,0.0633158
4962,0.072294556
4963,0.010512373
4964,0.07340179
4965,0.20611644
4966,0.01870512
4967,0.007514238
4968,0.040338688
4969,0.011752571
4970,0.03243048
4971,0.029949492
4972,0.036156654
4973,0.19140606
4974,0.48747763
4975,0.2453527
4976,0.23187782
4977,0.13333344
4978,0.19787002
4979,0.16734658
4980,0.36182734
4981,0.10580318
4982,0.027430579
4983,0.041429784
4984,0.04226905
4985,0.15094149
4986,0.1464552
4987,0.08437131
4988,0.25011432
4989,0.2374749
4990,0.18924637
4991,0.9438952
4992,0.17584273
4993,0.022147667
4994,0.0720382
4995,0.1823762
4996,0.0633158
4997,0.037202317
4998,0.0716488
4999,0.051456045
5000,0.049200114
5001,0.079447635
5002,0.049462065
5003,0.09898099
5004,0.24869116
5005,0.22089376
5006,0.4191468
5007,0.22748831
5008,0.12767655
5009,0.13559972
5010,0.20903456
5011,0.040749494
5012,0.1549814
5013,0.055681776
5014,0.043629475
5015,0.22748831
5016,0.18674295
5017,0.05908138
5018,0.54037
5019,0.20838366
5020,0.060278352
5021,0.082574114
5022,0.09341341
5023,0.047138292
5024,0.02106332
5025,0.013613784
5026,0.058267612
5027,0.07340179
5028,0.07132917
5029,0.07421828
5030,0.14680043
5031,0.22167878
5032,0.71851313
5033,0.33418995
5034,0.22595254
5035,0.3850922
5036,0.111733615
5037,0.042530302
5038,0.068160385
5039,0.105958216
5040,0.13866462
5041,0.20762673
5042,0.03868232
5043,0.023925185
5044,0.0864162
5045,0.10712837
5046,0.017269557
5047,0.043781415
5048,0.081399515
5049,0.0071223476
5050,0.025204154
5051,0.0071223476
5052,0.0071223476
5053,0.025317231
5054,0.05333848
5055,0.08473759
5056,0.113832615
5057,0.16799624
5058,0.20879489
5059,0.06391586
5060,0.36799544
5061,0.44854102
5062,0.2448603
5063,0.07056117
5064,0.0071223476
5065,0.02495332
5066,0.013925467
5067,0.03505677
5068,0.123848945
5069,0.010075173
5070,0.027430579
5071,0.48795933
5072,0.060582977
5073,0.017269557
5074,0.02111702
5075,0.012531789
5076,0.057864103
5077,0.0071223476
5078,0.040918
5079,0.026421968
5080,0.013158834
5081,0.01334058
5082,0.034143765
5083,0.100716464
5084,0.119229324
5085,0.36182734
5086,0.22572172
5087,0.085157685
5088,0.61746824
5089,0.24109957
5090,0.2754084
5091,0.09074615
5092,0.019953547
5093,0.05513649
5094,0.07303146
5095,0.060810674
5096,0.0776167
5097,0.3595408
5098,0.06100553
5099,0.2006927
5100,0.022147667
5101,0.08210565
5102,0.07706998
5103,0.09505975
5104,0.23681016
5105,0.017872712
5106,0.034503546
5107,0.012200731
5108,0.08174763
5109,0.16282883
5110,0.4202745
5111,0.19185056
5112,0.25893041
5113,0.14201586
5114,0.26132813
5115,0.15968555
5116,0.017412184
5117,0.0071223476
5118,0.013925467
5119,0.02020698
5120,0.018478591
5121,0.0071223476
5122,0.13348123
5123,0.17018032
5124,0.042639226
5125,0.2025763
5126,0.0592609
5127,0.032018926
5128,0.20345992
5129,0.08251842
5130,0.017269557
5131,0.017682156
5132,0.15904576
5133,0.09838293
5134,0.02570805
5135,0.09113061
5136,0.17650878
5137,0.07303146
5138,0.06473317
5139,0.020487873
5140,0.056413118
5141,0.042132806
5142,0.018084487
5143,0.08289038
5144,0.1119006
5145,0.061062794
5146,0.02863172
5147,0.009338925
5148,0.13456552
5149,0.009895139
5150,0.014871064
5151,0.048800066
5152,0.08174763
5153,0.05058605
5154,0.18558928
5155,0.034503546
5156,0.025478087
5157,0.007918367
5158,0.03853112
5159,0.15404412
5160,0.3167089
5161,0.28448114
5162,0.025851859
5163,0.022409773
5164,0.01862893
5165,0.10399851
5166,0.12645158
5167,0.011911434
5168,0.010905583
5169,0.01334058
5170,0.05422438
5171,0.0071223476
5172,0.0102876825
5173,0.111075066
5174,0.08689423
5175,0.25912008
5176,0.060389504
5177,0.020487873
5178,0.008076114
5179,0.080693215
5180,0.13049877
5181,0.26044303
5182,0.015568865
5183,0.011752571
5184,0.089133844
5185,0.008076114
5186,0.014456084
5187,0.12719503
5188,0.09966236
5189,0.036796194
5190,0.014456084
5191,0.20849916
5192,0.031132458
5193,0.009338925
5194,0.027430579
5195,0.14015146
5196,0.06840805
5197,0.01253294
5198,0.020487873
5199,0.022782873
5200,0.083123624
5201,0.18954492
5202,0.019450687
5203,0.0071223476
5204,0.024805378
5205,0.033369683
5206,0.03900867
5207,0.14277184
5208,0.0635413
5209,0.18573253
5210,0.072294556
5211,0.010075173
5212,0.080693215
5213,0.05833796
5214,0.007918367
5215,0.119625784
5216,0.09302471
5217,0.015700515
5218,0.07315086
5219,0.024421081
5220,0.08267684
5221,0.073892124
5222,0.0071223476
5223,0.0071223476
5224,0.22147235
5225,0.2839278
5226,0.080460496
5227,0.041063946
5228,0.014456084
5229,0.10354916
5230,0.012200731
5231,0.007918367
5232,0.09853113
5233,0.08289979
5234,0.047830623
5235,0.63883674
5236,0.04088143
5237,0.0644261
5238,0.0071223476
5239,0.05152107
5240,0.028479561
5241,0.020487873
5242,0.0071223476
5243,0.20879489
5244,0.3868698
5245,0.05333848
5246,0.17601697
5247,0.039550707
5248,0.007263553
5249,0.04088143
5250,0.101695135
5251,0.022782873
5252,0.0071223476
5253,0.03900867
5254,0.022409773
5255,0.0071223476
5256,0.02766437
5257,0.029556928
5258,0.017682156
5259,0.07411205
5260,0.030118858
5261,0.014456084
5262,0.028029857
5263,0.07004118
5264,0.104605466
5265,0.031132458
5266,0.07460031
5267,0.48795933
5268,0.060509525
5269,0.105958216
5270,0.08611061
5271,0.05744182
5272,0.019450687
5273,0.2754084
5274,0.017533544
5275,0.016564352
5276,0.071047805
5277,0.12599048
5278,0.035783008
5279,0.087205015
5280,0.027830373
5281,0.056232516
5282,0.052013326
5283,0.24296874
5284,0.03069973
5285,0.0071223476
5286,0.019953547
5287,0.032222096
5288,0.07974732
5289,0.0071223476
5290,0.03829436
5291,0.11290145
5292,0.071047805
5293,0.01334058
5294,0.034485828
5295,0.035752866
5296,0.042639226
5297,0.07620978
5298,0.07226361
5299,0.098377116
5300,0.03146733
5301,0.047138292
5302,0.0102876825
5303,0.029181803
5304,0.22454105
5305,0.1459259
5306,0.008076114
5307,0.06733411
5308,0.009895139
5309,0.010801809
5310,0.03255732
5311,0.02657303
5312,0.026421968
5313,0.010801809
5314,0.010075173
5315,0.021235606
5316,0.018478591
5317,0.0071223476
5318,0.02841812
5319,0.06640291
5320,0.123780556
5321,0.0071223476
5322,0.09302471
5323,0.010512373
5324,0.1402368
5325,0.0071223476
5326,0.20849916
5327,0.011911434
5328,0.011398279
5329,0.042530302
5330,0.0129282335
5331,0.017269557
5332,0.030975206
5333,0.028689602
5334,0.015700515
5335,0.0071223476
5336,0.014704436
5337,0.065052204
5338,0.0071223476
5339,0.03624204
5340,0.031132458
5341,0.014871064
5342,0.0071223476
5343,0.096295446
5344,0.025317231
5345,0.025353417
5346,0.034143765
5347,0.017533544
5348,0.065871224
5349,0.010801809
5350,0.010075173
5351,0.11962288
5352,0.050611787
5353,0.03066973
5354,0.03566638
5355,0.0129282335
5356,0.16683596
5357,0.022782873
5358,0.008468079
5359,0.10005344
5360,0.0071223476
5361,0.035201892
5362,0.12632799
5363,0.04126214
5364,0.012200731
5365,0.020487873
5366,0.023925185
5367,0.013925467
5368,0.012341115
5369,0.011578313
5370,0.0071223476
5371,0.038453333
5372,0.0071223476
5373,0.0071223476
5374,0.029693224
5375,0.0864162
5376,0.03146733
5377,0.012713955
5378,0.007743185
5379,0.073981196
5380,0.03143995
5381,0.015700515
5382,0.051842343
5383,0.052013326
5384,0.015700515
5385,0.010801809
5386,0.022782873
5387,0.039224193
5388,0.021677673
5389,0.0071223476
5390,0.01701984
5391,0.034143765
5392,0.07359035
5393,0.10289312
5394,0.0071223476
5395,0.060278352
5396,0.012200731
5397,0.019953547
5398,0.0129282335
5399,0.02020698
5400,0.04745722
5401,0.023925185
5402,0.042744342
5403,0.08889229
5404,0.012531789
5405,0.06863739
5406,0.043403838
5407,0.009637531
5408,0.123848945
5409,0.025102543
5410,0.026009372
5411,0.043403838
5412,0.092762925
5413,0.2321647
5414,0.011569866
5415,0.0071223476
5416,0.044842932
5417,0.22748831
5418,0.1041533
5419,0.28632402
5420,0.007802202
5421,0.2152858
5422,0.035752866
5423,0.036659684
5424,0.014456084
5425,0.011398279
5426,0.015426498
5427,0.012341115
5428,0.18954492
5429,0.04453193
5430,0.6291007
5431,0.112206765
5432,0.021781731
5433,0.15645312
5434,0.0354842
5435,0.027430579
5436,0.022147667
5437,0.01964386
5438,0.04249328
5439,0.02373684
5440,0.08796982
5441,0.048676565
5442,0.39027873
5443,0.44443002
5444,0.06517032
5445,0.19736929
5446,0.21031953
5447,0.009545448
5448,0.0071223476
5449,0.08571197
5450,0.03996236
5451,0.041907493
5452,0.007802202
5453,0.4432991
5454,0.06975034
5455,0.22748831
5456,0.44510978
5457,0.08322198
5458,0.007743185
5459,0.30599138
5460,0.06253159
5461,0.2374749
5462,0.059461758
5463,0.04160978
5464,0.047012575
5465,0.014067624
5466,0.087205015
5467,0.048706677
5468,0.03566638
5469,0.14144363
5470,0.30462062
5471,0.0102876825
5472,0.024171768
5473,0.035752866
5474,0.05832949
5475,0.071285844
5476,0.0071223476
5477,0.050286148
5478,0.08962892
5479,0.13133773
5480,0.039038908
5481,0.02447275
5482,0.2288363
5483,0.049373258
5484,0.18365675
5485,0.02049899
5486,0.03273755
5487,0.024171768
5488,0.015925115
5489,0.017269557
5490,0.3673519
5491,0.017956268
5492,0.23489337
5493,0.39857236
5494,0.007268069
5495,0.051213972
5496,0.039557844
5497,0.014871064
5498,0.030404696
5499,0.0071223476
5500,0.01870512
5501,0.0071223476
5502,0.09151865
5503,0.08304128
5504,0.09202612
5505,0.22506814
5506,0.30068344
5507,0.017533544
5508,0.014871064
5509,0.03566638
5510,0.010075173
5511,0.0071223476
5512,0.027430579
5513,0.030858656
5514,0.15231463
5515,0.029823989
5516,0.058332555
5517,0.011578313
5518,0.05503732
5519,0.012925784
5520,0.26985502
5521,0.6311058
5522,0.015842922
5523,0.01870512
5524,0.028029857
5525,0.01334058
5526,0.010664857
5527,0.015201665
5528,0.012531789
5529,0.0071223476
5530,0.13456552
5531,0.24568512
5532,0.1119006
5533,0.13010906
5534,0.12926999
5535,0.034143765
5536,0.04087476
5537,0.03146733
5538,0.04850519
5539,0.02064207
5540,0.026256569
5541,0.06398002
5542,0.014704436
5543,0.024805378
5544,0.014704436
5545,0.0071223476
5546,0.017533544
5547,0.02020698
5548,0.036069382
5549,0.022782873
5550,0.021677673
5551,0.07312104
5552,0.09924225
5553,0.1195375
5554,0.028429886
5555,0.032967728
5556,0.024968915
5557,0.11398877
5558,0.11617937
5559,0.015925115
5560,0.09065569
5561,0.020487873
5562,0.0102876825
5563,0.066393904
5564,0.012713955
5565,0.02841812
5566,0.025994478
5567,0.06393405
5568,0.05311074
5569,0.09505975
5570,0.07958508
5571,0.09042083
5572,0.03826414
5573,0.03146733
5574,0.015426498
5575,0.058479674
5576,0.07335795
5577,0.08110138
5578,0.0474902
5579,0.3471025
5580,0.08212413
5581,0.1730246
5582,0.06498095
5583,0.09915108
5584,0.01870512
5585,0.0071223476
5586,0.0102876825
5587,0.008881807
5588,0.06253159
5589,0.032048963
5590,0.0071223476
5591,0.030404696
5592,0.019953547
5593,0.106624804
5594,0.05332822
5595,0.059506632
5596,0.05311074
5597,0.080226906
5598,0.09689952
5599,0.25309974
5600,0.026970867
5601,0.029548872
5602,0.060049124
5603,0.027430579
5604,0.049709395
5605,0.026400454
5606,0.04730474
5607,0.13058168
5608,0.022545408
5609,0.13456552
5610,0.056587577
5611,0.08045957
5612,0.033369683
5613,0.017269557
5614,0.1355833
5615,0.0071223476
5616,0.015925115
5617,0.12599048
5618,0.044238113
5619,0.010512373
5620,0.007918367
5621,0.05691976
5622,0.042896155
5623,0.055122912
5624,0.090227984
5625,0.08758221
5626,0.12648858
5627,0.051042415
5628,0.058586955
5629,0.026286444
5630,0.07000613
5631,0.012713955
5632,0.029706823
5633,0.070217915
5634,0.057282936
5635,0.030224713
5636,0.0071223476
5637,0.030099442
5638,0.021235606
5639,0.10813976
5640,0.13172787
5641,0.063311346
5642,0.008076114
5643,0.012341115
5644,0.028029857
5645,0.054358315
5646,0.04850519
5647,0.065787375
5648,0.06263311
5649,0.11168591
5650,0.31476796
5651,0.09996776
5652,0.10151597
5653,0.034696795
5654,0.060627434
5655,0.08571197
5656,0.12842155
5657,0.06993556
5658,0.0102876825
5659,0.014871064
5660,0.31323612
5661,0.0678066
5662,0.0930729
5663,0.06497696
5664,0.092176534
5665,0.01870512
5666,0.018084487
5667,0.010075173
5668,0.034726907
5669,0.012200731
5670,0.030858656
5671,0.13915224
5672,0.03868232
5673,0.029384406
5674,0.08822997
5675,0.390878
5676,0.05965519
5677,0.014228591
5678,0.108963124
5679,0.05926832
5680,0.18314748
5681,0.162262
5682,0.09226133
5683,0.010801809
5684,0.015700515
5685,0.09303421
5686,0.17650878
5687,0.04405572
5688,0.20611644
5689,0.12842155
5690,0.08482816
5691,0.0071223476
5692,0.02766437
5693,0.0164684
5694,0.061254565
5695,0.035236586
5696,0.10782068
5697,0.096718155
5698,0.07032971
5699,0.13065627
5700,0.028834218
5701,0.06998641
5702,0.19787002
5703,0.22506814
5704,0.08962892
5705,0.02049899
5706,0.01635225
5707,0.03066973
5708,0.44475624
5709,0.04249328
5710,0.010079
5711,0.2559678
5712,0.2349566
5713,0.013613784
5714,0.0129282335
5715,0.021632992
5716,0.052671406
5717,0.160626
5718,0.120030925
5719,0.045756597
5720,0.045756597
5721,0.1443377
5722,0.19326673
5723,0.16737038
5724,0.16953494
5725,0.23720475
5726,0.081165716
5727,0.02318086
5728,0.11331774
5729,0.017929489
5730,0.31323612
5731,0.9228269
5732,0.09302471
5733,0.053996455
5734,0.33418995
5735,0.0071223476
5736,0.058332555
5737,0.15729386
5738,0.027701797
5739,0.040494192
5740,0.05477923
5741,0.019953547
5742,0.099899225
5743,0.0071223476
5744,0.15708898
5745,0.047458064
5746,0.08045957
5747,0.15194905
5748,0.11597071
5749,0.17866676
5750,0.23943469
5751,0.22748831
5752,0.024171768
5753,0.18903312
5754,0.075886756
5755,0.19473438
5756,0.7131245
5757,0.31277013
5758,0.35990366
5759,0.04897327
5760,0.14743346
5761,0.021677673
5762,0.009338925
5763,0.0102876825
5764,0.012341115
5765,0.018084487
5766,0.0071223476
5767,0.08015565
5768,0.008653235
5769,0.008283394
5770,0.031132458
5771,0.047897797
5772,0.06475161
5773,0.10552427
5774,0.13172787
5775,0.10797105
5776,0.16293742
5777,0.10797105
5778,0.026935847
5779,0.11504426
5780,0.20095487
5781,0.13400061
5782,0.9228269
5783,0.9342164
5784,0.39292064
5785,0.007268069
5786,0.007918367
5787,0.061808217
5788,0.049520385
5789,0.23280305
5790,0.060049124
5791,0.062134944
5792,0.009545448
5793,0.040113766
5794,0.087071024
5795,0.025353417
5796,0.009338925
5797,0.12846598
5798,0.014228591
5799,0.011398279
5800,0.11321044
5801,0.10294591
5802,0.045224577
5803,0.055931006
5804,0.1355833
5805,0.060176935
5806,0.036544524
5807,0.078530155
5808,0.09612895
5809,0.06564078
5810,0.9247823
5811,0.91916096
5812,0.4806468
5813,0.0129282335
5814,0.048001226
5815,0.028029857
5816,0.11599186
5817,0.123780556
5818,0.22697298
5819,0.11516992
5820,0.011752571
5821,0.047058683
5822,0.12666914
5823,0.15181886
5824,0.14661139
5825,0.31277013
5826,0.22748831
5827,0.14000282
5828,0.11597071
5829,0.06732036
5830,0.08962892
5831,0.096212566
5832,0.041204628
5833,0.053660147
5834,0.25176987
5835,0.14363419
5836,0.0821184
5837,0.067173146
5838,0.040843017
5839,0.92148066
5840,0.9461324
5841,0.949756
5842,0.007948022
5843,0.04028815
5844,0.12636073
5845,0.12310768
5846,0.04800367
5847,0.041387472
5848,0.019953547
5849,0.027172865
5850,0.10552427
5851,0.019249892
5852,0.25542066
5853,0.4786239
5854,0.08571197
5855,0.08165046
5856,0.06330211
5857,0.1514062
5858,0.08491916
5859,0.14363895
5860,0.08539514
5861,0.014456084
5862,0.13495679
5863,0.09042083
5864,0.09963471
5865,0.038453333
5866,0.36625102
5867,0.36678857
5868,0.22454105
5869,0.09151865
5870,0.050073564
5871,0.092741914
5872,0.081398584
5873,0.1896901
5874,0.030118858
5875,0.053660147
5876,0.027980017
5877,0.0071223476
5878,0.026935847
5879,0.02733545
5880,0.025902411
5881,0.22460772
5882,0.5282891
5883,0.2973988
5884,0.22506814
5885,0.14665094
5886,0.20879489
5887,0.18903312
5888,0.36854878
5889,0.088464364
5890,0.0071223476
5891,0.070217915
5892,0.029548872
5893,0.13559972
5894,0.22147235
5895,0.09033992
5896,0.22730501
5897,0.2374749
5898,0.13605821
5899,0.9438952
5900,0.11292197
5901,0.019250117
5902,0.10079442
5903,0.17382514
5904,0.009763753
5905,0.050384637
5906,0.037720967
5907,0.043327753
5908,0.069638595
5909,0.076387525
5910,0.04626317
5911,0.10909098
5912,0.25359714
5913,0.24594425
5914,0.41578522
5915,0.2839278
5916,0.1448692
5917,0.13113914
5918,0.22167878
5919,0.14363419
5920,0.069080845
5921,0.016747735
5922,0.26827717
5923,0.22101156
5924,0.07132825
5925,0.45035696
5926,0.24738054
5927,0.041907493
5928,0.06690313
5929,0.124422334
5930,0.051228717
5931,0.022253789
5932,0.046808995
5933,0.04800367
5934,0.07365994
5935,0.108963124
5936,0.05976236
5937,0.12557058
5938,0.2528926
5939,0.9342164
5940,0.35990366
5941,0.25912008
5942,0.47744986
5943,0.12705766
5944,0.10229817
5945,0.08155021
5946,0.1927679
5947,0.19789791
5948,0.0790204
5949,0.023925185
5950,0.0071223476
5951,0.076077566
5952,0.12542386
5953,0.0071223476
5954,0.06368026
5955,0.06594276
5956,0.045169726
5957,0.03957745
5958,0.02982065
5959,0.013613784
5960,0.022409773
5961,0.042645056
5962,0.045756597
5963,0.0489139
5964,0.18087901
5965,0.2076693
5966,0.07533856
5967,0.41572708
5968,0.47814524
5969,0.24451235
5970,0.12666914
5971,0.0071223476
5972,0.014008201
5973,0.007918367
5974,0.053042084
5975,0.11584206
5976,0.010075173
5977,0.0071223476
5978,0.44596368
5979,0.010468213
5980,0.017269557
5981,0.04069295
5982,0.04277011
5983,0.13065627
5984,0.0071223476
5985,0.08571197
5986,0.017533544
5987,0.024135195
5988,0.0071223476
5989,0.026692918
5990,0.035939775
5991,0.08894328
5992,0.10296255
5993,0.26154634
5994,0.22572172
5995,0.07317212
5996,0.61434555
5997,0.2599735
5998,0.29844424
5999,0.15206309
6000,0.06634914
6001,0.02841812
6002,0.042827208
6003,0.008468079
6004,0.046942364
6005,0.04610718
6006,0.03505677
6007,0.34568855
6008,0.09930518
6009,0.24437976
6010,0.018478591
6011,0.095906705
6012,0.07991141
6013,0.08220816
6014,0.21061572
6015,0.0071223476
6016,0.026421968
6017,0.07220004
6018,0.16737038
6019,0.44596368
6020,0.17595682
6021,0.23415062
6022,0.09610874
6023,0.23227265
6024,0.14069387
6025,0.02035002
6026,0.04014404
6027,0.030118858
6028,0.1758597
6029,0.1119006
6030,0.025744481
6031,0.16025124
6032,0.020719834
6033,0.05792445
6034,0.18365675
6035,0.073060036
6036,0.008283394
6037,0.121432886
6038,0.1197937
6039,0.012200731
6040,0.0071223476
6041,0.10628973
6042,0.19787002
6043,0.0821184
6044,0.06517032
6045,0.0071223476
6046,0.061403356
6047,0.067173146
6048,0.017682156
6049,0.13010906
6050,0.07675738
6051,0.03519927
6052,0.029428136
6053,0.0071223476
6054,0.10765959
6055,0.010075173
6056,0.015201665
6057,0.06330288
6058,0.05691976
6059,0.053996455
6060,0.18888114
6061,0.007743185
6062,0.029234558
6063,0.007918367
6064,0.061180767
6065,0.18595351
6066,0.30656642
6067,0.277075
6068,0.03311256
6069,0.019953547
6070,0.022409773
6071,0.0871333
6072,0.008468079
6073,0.055453543
6074,0.16734658
6075,0.0071223476
6076,0.028064257
6077,0.0071223476
6078,0.007268069
6079,0.018084487
6080,0.09065569
6081,0.08894328
6082,0.24296874
6083,0.063085906
6084,0.029414367
6085,0.022409773
6086,0.055453543
6087,0.085478164
6088,0.23970166
6089,0.010943531
6090,0.089133844
6091,0.013613784
6092,0.014704436
6093,0.1412836
6094,0.12666914
6095,0.091365635
6096,0.025317231
6097,0.011578313
6098,0.26217982
6099,0.031132458
6100,0.01334058
6101,0.03146733
6102,0.1820131
6103,0.03868232
6104,0.031053988
6105,0.026935847
6106,0.013613784
6107,0.0864162
6108,0.16045998
6109,0.037983138
6110,0.0071223476
6111,0.02099291
6112,0.0129282335
6113,0.067580216
6114,0.038013633
6115,0.1416137
6116,0.025102543
6117,0.19219092
6118,0.14029716
6119,0.012531789
6120,0.07365994
6121,0.029548872
6122,0.0071223476
6123,0.19815949
6124,0.040994786
6125,0.010075173
6126,0.07435864
6127,0.033946425
6128,0.007918367
6129,0.0071223476
6130,0.22147235
6131,0.2716194
6132,0.08822997
6133,0.03201337
6134,0.116655685
6135,0.021235606
6136,0.022147667
6137,0.06923075
6138,0.050531913
6139,0.09967193
6140,0.71081173
6141,0.056368653
6142,0.011752571
6143,0.07342874
6144,0.016737523
6145,0.028029857
6146,0.022409773
6147,0.12989084
6148,0.3606363
6149,0.10714842
6150,0.08239744
6151,0.007263553
6152,0.02368495
6153,0.039930344
6154,0.09391907
6155,0.03519927
6156,0.024554638
6157,0.061046336
6158,0.02310803
6159,0.024421081
6160,0.017872712
6161,0.038857415
6162,0.02570805
6163,0.06280009
6164,0.030118858
6165,0.012713955
6166,0.0071223476
6167,0.03184863
6168,0.053258397
6169,0.11123597
6170,0.013158834
6171,0.030374704
6172,0.44596368
6173,0.023655156
6174,0.09223264
6175,0.058770232
6176,0.044207722
6177,0.020719834
6178,0.26044303
6179,0.019953547
6180,0.010075173
6181,0.008468079
6182,0.007268069
6183,0.03066973
6184,0.092757694
6185,0.020487873
6186,0.011398279
6187,0.087205015
6188,0.007514238
6189,0.025353417
6190,0.19985038
6191,0.08713737
6192,0.012341115
6193,0.019953547
6194,0.029313043
6195,0.0710269
6196,0.009895139
6197,0.03566638
6198,0.1354461
6199,0.11649914
6200,0.01334058
6201,0.044100165
6202,0.04691189
6203,0.05750135
6204,0.071285844
6205,0.0864162
6206,0.06664326
6207,0.026935847
6208,0.079817615
6209,0.015426498
6210,0.07436798
6211,0.2269602
6212,0.1438266
6213,0.07921425
6214,0.010801809
6215,0.02020698
6216,0.02657303
6217,0.020719834
6218,0.018084487
6219,0.0071223476
6220,0.016564352
6221,0.010075173
6222,0.011578313
6223,0.007743185
6224,0.026935847
6225,0.10813976
6226,0.16935004
6227,0.0071223476
6228,0.09302471
6229,0.116437905
6230,0.009338925
6231,0.19279025
6232,0.009895139
6233,0.051614936
6234,0.013613784
6235,0.015925115
6236,0.02310803
6237,0.015426498
6238,0.028609555
6239,0.032967728
6240,0.014704436
6241,0.058840234
6242,0.025994478
6243,0.036647946
6244,0.013613784
6245,0.012713955
6246,0.014871064
6247,0.007918367
6248,0.043440226
6249,0.060776144
6250,0.02766437
6251,0.034305017
6252,0.017533544
6253,0.0071223476
6254,0.010075173
6255,0.019953547
6256,0.011578313
6257,0.012200731
6258,0.039224193
6259,0.041907493
6260,0.0071223476
6261,0.013158834
6262,0.07558865
6263,0.040113766
6264,0.09470717
6265,0.059041124
6266,0.0129282335
6267,0.20591064
6268,0.03625039
6269,0.0071223476
6270,0.09151865
6271,0.01701984
6272,0.08110138
6273,0.12976687
6274,0.053996455
6275,0.012200731
6276,0.034025084
6277,0.020487873
6278,0.009545448
6279,0.031132458
6280,0.013925467
6281,0.020025551
6282,0.015925115
6283,0.0071223476
6284,0.010512373
6285,0.0071223476
6286,0.012341115
6287,0.0071223476
6288,0.03389714
6289,0.06664326
6290,0.13408834
6291,0.007268069
6292,0.03812716
6293,0.046808995
6294,0.06283116
6295,0.03880579
6296,0.015700515
6297,0.046808995
6298,0.01122017
6299,0.03917308
6300,0.011578313
6301,0.0129282335
6302,0.037732698
6303,0.06517032
6304,0.09787807
6305,0.013613784
6306,0.056516763
6307,0.012713955
6308,0.034426905
6309,0.052452404
6310,0.042318065
6311,0.14333256
6312,0.012242398
6313,0.007422802
6314,0.05584186
6315,0.032504316
6316,0.0743849
6317,0.059389785
6318,0.074968584
6319,0.009545448
6320,0.010969675
6321,0.023385279
6322,0.07395828
6323,0.0743849
6324,0.23220797
6325,0.1371239
6326,0.16585352
6327,0.3221503
6328,0.033201307
6329,0.3523755
6330,0.08983547
6331,0.16765717
6332,0.04693601
6333,0.1840131
6334,0.014152891
6335,0.04808491
6336,0.0071223476
6337,0.28256804
6338,0.01122017
6339,0.7076893
6340,0.16068955
6341,0.21098393
6342,0.06561829
6343,0.008283394
6344,0.021619093
6345,0.046354845
6346,0.03247361
6347,0.013158834
6348,0.20788461
6349,0.12808348
6350,0.49875915
6351,0.53515196
6352,0.11401033
6353,0.09291577
6354,0.12263389
6355,0.24378279
6356,0.009545448
6357,0.009122779
6358,0.02522563
6359,0.05382216
6360,0.024021912
6361,0.017336674
6362,0.11416651
6363,0.032504316
6364,0.41830158
6365,0.14051595
6366,0.27351606
6367,0.5358745
6368,0.13548781
6369,0.020487873
6370,0.4533537
6371,0.04663098
6372,0.09106891
6373,0.22097526
6374,0.06471859
6375,0.095810406
6376,0.02877387
6377,0.052037373
6378,0.054954447
6379,0.073445655
6380,0.16406347
6381,0.037476312
6382,0.09876152
6383,0.3594769
6384,0.032504316
6385,0.018493215
6386,0.09235733
6387,0.024127202
6388,0.07395828
6389,0.028373713
6390,0.070734225
6391,0.09317759
6392,0.0485668
6393,0.04269762
6394,0.11834187
6395,0.35488454
6396,0.06914108
6397,0.023623602
6398,0.0129282335
6399,0.007589356
6400,0.0071223476
6401,0.0071223476
6402,0.30496663
6403,0.17127761
6404,0.06424187
6405,0.3523755
6406,0.46052474
6407,0.075980745
6408,0.025939213
6409,0.019381039
6410,0.010649303
6411,0.007589356
6412,0.047778144
6413,0.009329261
6414,0.027866261
6415,0.01855983
6416,0.1851353
6417,0.33352473
6418,0.30496663
6419,0.019108023
6420,0.017336143
6421,0.0382229
6422,0.009895139
6423,0.06464784
6424,0.009676807
6425,0.22724472
6426,0.010512373
6427,0.029181803
6428,0.011400171
6429,0.06662075
6430,0.010107609
6431,0.29604992
6432,0.6342609
6433,0.008283394
6434,0.052586015
6435,0.010249234
6436,0.015369749
6437,0.01613713
6438,0.0071223476
6439,0.0071223476
6440,0.084121495
6441,0.20855503
6442,0.17021497
6443,0.08037758
6444,0.11003295
6445,0.008468514
6446,0.028160166
6447,0.039293826
6448,0.05256216
6449,0.047082797
6450,0.027477328
6451,0.057525534
6452,0.029246658
6453,0.0071223476
6454,0.02522563
6455,0.015095823
6456,0.027444018
6457,0.012713955
6458,0.045932963
6459,0.0071223476
6460,0.09317759
6461,0.022527454
6462,0.043013662
6463,0.076936565
6464,0.15310363
6465,0.20825934
6466,0.042067103
6467,0.048879858
6468,0.07378458
6469,0.15216714
6470,0.053969912
6471,0.030975206
6472,0.05278833
6473,0.035987284
6474,0.014567746
6475,0.0071223476
6476,0.07829012
6477,0.034728035
6478,0.02863172
6479,0.027406601
6480,0.04514623
6481,0.07854225
6482,0.11734952
6483,0.11533668
6484,0.13683327
6485,0.042469814
6486,0.017872712
6487,0.0129282335
6488,0.046085242
6489,0.044614516
6490,0.010107609
6491,0.012242398
6492,0.06561829
6493,0.041912634
6494,0.41941294
6495,0.118187815
6496,0.06464784
6497,0.013158834
6498,0.14806935
6499,0.013469915
6500,0.11267649
6501,0.030975206
6502,0.016386626
6503,0.007589356
6504,0.037287295
6505,0.0071223476
6506,0.010512373
6507,0.021619093
6508,0.11584719
6509,0.06632073
6510,0.034980085
6511,0.080306314
6512,0.086109824
6513,0.11415684
6514,0.31072652
6515,0.041270144
6516,0.045159485
6517,0.061684683
6518,0.031899747
6519,0.07378458
6520,0.07395828
6521,0.07254018
6522,0.13407302
6523,0.030021947
6524,0.1394938
6525,0.08000647
6526,0.0608891
6527,0.033656817
6528,0.0071223476
6529,0.014401168
6530,0.14837259
6531,0.013431989
6532,0.035546437
6533,0.10662997
6534,0.050007798
6535,0.010861789
6536,0.023872776
6537,0.09519812
6538,0.036381945
6539,0.08500856
6540,0.10601556
6541,0.074737094
6542,0.13217497
6543,0.076124676
6544,0.09837092
6545,0.027985945
6546,0.11085772
6547,0.017872712
6548,0.037705082
6549,0.041912634
6550,0.08949023
6551,0.053337563
6552,0.007422802
6553,0.05599558
6554,0.047261067
6555,0.07022249
6556,0.09662461
6557,0.047262132
6558,0.034980085
6559,0.008076114
6560,0.0071223476
6561,0.059019603
6562,0.014567746
6563,0.059572097
6564,0.036376365
6565,0.036381945
6566,0.11197829
6567,0.3055808
6568,0.103084564
6569,0.133599
6570,0.056822628
6571,0.098607495
6572,0.06991951
6573,0.09083893
6574,0.080306314
6575,0.0071223476
6576,0.020258002
6577,0.30291054
6578,0.08901106
6579,0.10415865
6580,0.073306434
6581,0.10435086
6582,0.018493215
6583,0.019381039
6584,0.01722636
6585,0.17393583
6586,0.06534393
6587,0.05822262
6588,0.08037758
6589,0.36931193
6590,0.09291577
6591,0.010649303
6592,0.08692144
6593,0.04391337
6594,0.20745568
6595,0.17717575
6596,0.08571237
6597,0.03489367
6598,0.03559228
6599,0.15799016
6600,0.050581314
6601,0.140067
6602,0.11669394
6603,0.009676807
6604,0.073467456
6605,0.0071223476
6606,0.02096246
6607,0.022427535
6608,0.07790143
6609,0.013158834
6610,0.115304284
6611,0.117650256
6612,0.09426704
6613,0.09950941
6614,0.020258002
6615,0.09132304
6616,0.19323002
6617,0.24504036
6618,0.10540783
6619,0.0071223476
6620,0.030945199
6621,0.030667854
6622,0.018493215
6623,0.046085242
6624,0.41973358
6625,0.062388495
6626,0.035226647
6627,0.31238282
6628,0.23237447
6629,0.017872712
6630,0.014152891
6631,0.0071223476
6632,0.020374067
6633,0.028321622
6634,0.14627276
6635,0.15241471
6636,0.025380451
6637,0.052452404
6638,0.14862245
6639,0.16455027
6640,0.17872001
6641,0.17887427
6642,0.21872374
6643,0.06911008
6644,0.045691475
6645,0.0407385
6646,0.12441564
6647,0.0407385
6648,0.36217147
6649,0.93927896
6650,0.09317759
6651,0.028171925
6652,0.33388066
6653,0.0071223476
6654,0.040154066
6655,0.20129786
6656,0.015925115
6657,0.023534276
6658,0.049134344
6659,0.015369749
6660,0.047867496
6661,0.22603555
6662,0.039216425
6663,0.074968584
6664,0.18032892
6665,0.14607887
6666,0.23443978
6667,0.26289013
6668,0.22724472
6669,0.18599515
6670,0.117085055
6671,0.20466241
6672,0.70681596
6673,0.3883361
6674,0.38452154
6675,0.012531789
6676,0.026691196
6677,0.15799016
6678,0.008468514
6679,0.008283394
6680,0.014401168
6681,0.0071223476
6682,0.075916976
6683,0.008468514
6684,0.008283394
6685,0.030667854
6686,0.052299198
6687,0.07180361
6688,0.08982021
6689,0.1201988
6690,0.10729695
6691,0.21345998
6692,0.12746367
6693,0.05369832
6694,0.17127761
6695,0.17937069
6696,0.02522563
6697,0.08571237
6698,0.92651
6699,0.93927896
6700,0.38707757
6701,0.007268069
6702,0.030394182
6703,0.01613713
6704,0.05097538
6705,0.22724472
6706,0.1011704
6707,0.017872712
6708,0.051538065
6709,0.011400171
6710,0.03610022
6711,0.064864345
6712,0.040890023
6713,0.008881807
6714,0.19200842
6715,0.013925467
6716,0.010861789
6717,0.07717726
6718,0.07686461
6719,0.07337486
6720,0.029896699
6721,0.13134828
6722,0.095964044
6723,0.008076114
6724,0.044041008
6725,0.0604071
6726,0.12955444
6727,0.052599963
6728,0.9292731
6729,0.92785966
6730,0.5384737
6731,0.019977171
6732,0.047867496
6733,0.011400171
6734,0.16498569
6735,0.09739554
6736,0.19200842
6737,0.031613577
6738,0.10303581
6739,0.018695576
6740,0.09213159
6741,0.08109671
6742,0.15852855
6743,0.11350417
6744,0.35878167
6745,0.22748831
6746,0.11949034
6747,0.1136316
6748,0.076936565
6749,0.060521174
6750,0.12579578
6751,0.018266736
6752,0.03606862
6753,0.22921006
6754,0.14317314
6755,0.07621971
6756,0.052599963
6757,0.03806134
6758,0.92651
6759,0.948318
6760,0.95194566
6761,0.029648498
6762,0.041661765
6763,0.14390215
6764,0.012242398
6765,0.20072347
6766,0.0071223476
6767,0.009122779
6768,0.013158834
6769,0.036640745
6770,0.02343531
6771,0.074737094
6772,0.024925647
6773,0.24718642
6774,0.54728556
6775,0.05382216
6776,0.106547534
6777,0.07329711
6778,0.16884664
6779,0.06370778
6780,0.13780926
6781,0.0706299
6782,0.04293889
6783,0.1178661
6784,0.1497487
6785,0.07831
6786,0.020719834
6787,0.013158834
6788,0.35878167
6789,0.36678857
6790,0.26442537
6791,0.12351237
6792,0.024377834
6793,0.10435086
6794,0.025773892
6795,0.22724472
6796,0.044041008
6797,0.056821756
6798,0.013973937
6799,0.043013662
6800,0.027572561
6801,0.046652656
6802,0.17551415
6803,0.4981532
6804,0.24254878
6805,0.22143081
6806,0.11251312
6807,0.18599515
6808,0.20070405
6809,0.38647997
6810,0.12090089
6811,0.02114934
6812,0.049396507
6813,0.022782873
6814,0.15039995
6815,0.271249
6816,0.049281444
6817,0.32723328
6818,0.26035792
6819,0.19768848
6820,0.9460783
6821,0.10765047
6822,0.0071223476
6823,0.09667066
6824,0.13302995
6825,0.013158834
6826,0.037705082
6827,0.049240064
6828,0.05821491
6829,0.083138354
6830,0.06754075
6831,0.060296323
6832,0.10953578
6833,0.21216059
6834,0.2266634
6835,0.4197918
6836,0.36209655
6837,0.14142239
6838,0.15281978
6839,0.2243647
6840,0.17937069
6841,0.09235733
6842,0.031403758
6843,0.3238384
6844,0.22995685
6845,0.06813758
6846,0.55089533
6847,0.21619739
6848,0.0071223476
6849,0.033592664
6850,0.048097577
6851,0.083895855
6852,0.065413766
6853,0.0071223476
6854,0.021881063
6855,0.019381039
6856,0.036381945
6857,0.10940789
6858,0.061577857
6859,0.09166877
6860,0.25819927
6861,0.93927896
6862,0.4122468
6863,0.25819927
6864,0.41941294
6865,0.13239534
6866,0.071026914
6867,0.06424187
6868,0.17822729
6869,0.20825934
6870,0.055623867
6871,0.023623602
6872,0.04269762
6873,0.094097696
6874,0.0102876825
6875,0.024925647
6876,0.07924715
6877,0.0129282335
6878,0.059279118
6879,0.032195296
6880,0.0129282335
6881,0.037750185
6882,0.022427535
6883,0.031553924
6884,0.070353575
6885,0.20913503
6886,0.2077117
6887,0.07326841
6888,0.5358745
6889,0.48920828
6890,0.29028404
6891,0.10516979
6892,0.007422802
6893,0.071335636
6894,0.0071223476
6895,0.046085242
6896,0.076381996
6897,0.014401168
6898,0.54728556
6899,0.054664653
6900,0.01122017
6901,0.025231188
6902,0.031002576
6903,0.10303581
6904,0.0289539
6905,0.020374067
6906,0.040154066
6907,0.0071223476
6908,0.01613713
6909,0.019381039
6910,0.10435086
6911,0.0756477
6912,0.33576748
6913,0.2328301
6914,0.133599
6915,0.54728556
6916,0.31768396
6917,0.3602093
6918,0.06925849
6919,0.031553924
6920,0.042187672
6921,0.017194057
6922,0.03939957
6923,0.046746533
6924,0.029346235
6925,0.06594504
6926,0.3883361
6927,0.11018858
6928,0.17676231
6929,0.021619093
6930,0.06424187
6931,0.061890382
6932,0.13407302
6933,0.20855503
6934,0.041661765
6935,0.030394182
6936,0.060296323
6937,0.16428456
6938,0.48969057
6939,0.19539693
6940,0.277075
6941,0.13090147
6942,0.28967705
6943,0.1530533
6944,0.044734076
6945,0.009676807
6946,0.022527454
6947,0.039605442
6948,0.02343531
6949,0.12266574
6950,0.13683327
6951,0.016773716
6952,0.25557348
6953,0.020719834
6954,0.054404374
6955,0.19726077
6956,0.0485668
6957,0.0071223476
6958,0.0071223476
6959,0.07531481
6960,0.12411562
6961,0.0129282335
6962,0.11219304
6963,0.19200842
6964,0.06018172
6965,0.06609449
6966,0.0071223476
6967,0.05293594
6968,0.08916375
6969,0.0071223476
6970,0.10872999
6971,0.032581482
6972,0.022987211
6973,0.048294254
6974,0.009122779
6975,0.10921881
6976,0.009676807
6977,0.061684683
6978,0.056821756
6979,0.040920317
6980,0.15474531
6981,0.019381039
6982,0.054954447
6983,0.0071223476
6984,0.076012276
6985,0.16023599
6986,0.30794954
6987,0.26978385
6988,0.040479545
6989,0.008076114
6990,0.022154449
6991,0.042218816
6992,0.0129282335
6993,0.06625082
6994,0.13428867
6995,0.011911434
6996,0.029354291
6997,0.013158834
6998,0.024127202
6999,0.008076114
7000,0.103530906
7001,0.0918796
7002,0.2578779
7003,0.0335954
7004,0.019381039
7005,0.054404374
7006,0.08949023
7007,0.22940698
7008,0.03687824
7009,0.040848225
7010,0.011752571
7011,0.08986376
7012,0.0248324
7013,0.015594277
7014,0.11833731
7015,0.13099368
7016,0.07790143
7017,0.035987284
7018,0.011400171
7019,0.25283086
7020,0.036640745
7021,0.02114934
7022,0.17493461
7023,0.040305506
7024,0.021342833
7025,0.012051778
7026,0.03547724
7027,0.04671607
7028,0.20797542
7029,0.0129282335
7030,0.0071223476
7031,0.023623602
7032,0.038496967
7033,0.06511806
7034,0.05979679
7035,0.18083698
7036,0.025773892
7037,0.2243647
7038,0.10183409
7039,0.029346235
7040,0.032015007
7041,0.02114934
7042,0.02522563
7043,0.13829327
7044,0.015369749
7045,0.1544162
7046,0.010649303
7047,0.08966744
7048,0.039955415
7049,0.007918367
7050,0.008881807
7051,0.21650773
7052,0.26062375
7053,0.07717726
7054,0.050813302
7055,0.014152891
7056,0.07959468
7057,0.0071223476
7058,0.0071223476
7059,0.11018858
7060,0.083519936
7061,0.09912807
7062,0.71547806
7063,0.06594504
7064,0.02096246
7065,0.061726697
7066,0.085333824
7067,0.019381039
7068,0.04394375
7069,0.19323002
7070,0.3675249
7071,0.12871578
7072,0.10302951
7073,0.0074092937
7074,0.038246445
7075,0.045691475
7076,0.09301572
7077,0.05369832
7078,0.01122017
7079,0.07367686
7080,0.009122779
7081,0.023993697
7082,0.0071223476
7083,0.115018725
7084,0.01722636
7085,0.08451561
7086,0.030118858
7087,0.015369749
7088,0.014152891
7089,0.037750185
7090,0.13458808
7091,0.15474531
7092,0.02096246
7093,0.09235733
7094,0.54728556
7095,0.05821491
7096,0.07959468
7097,0.022987211
7098,0.06961856
7099,0.05145648
7100,0.011911434
7101,0.31413954
7102,0.031002576
7103,0.007268069
7104,0.01665038
7105,0.029504152
7106,0.07959468
7107,0.020258002
7108,0.09557442
7109,0.03623108
7110,0.0071223476
7111,0.053625323
7112,0.19726077
7113,0.15327783
7114,0.033402793
7115,0.019381039
7116,0.013431989
7117,0.08470339
7118,0.04663098
7119,0.0071223476
7120,0.17542993
7121,0.09476445
7122,0.0071223476
7123,0.037705082
7124,0.116795585
7125,0.06290356
7126,0.04671607
7127,0.04514623
7128,0.031002576
7129,0.060521174
7130,0.015095823
7131,0.039575186
7132,0.2432664
7133,0.10979391
7134,0.008076114
7135,0.008881807
7136,0.06754075
7137,0.022154449
7138,0.032092076
7139,0.020487873
7140,0.014401168
7141,0.013158834
7142,0.01613713
7143,0.009676807
7144,0.03692262
7145,0.007589356
7146,0.0071223476
7147,0.053768363
7148,0.024525713
7149,0.11185629
7150,0.09317759
7151,0.16022447
7152,0.14658663
7153,0.009676807
7154,0.066024765
7155,0.017682156
7156,0.017872712
7157,0.034346633
7158,0.018266736
7159,0.01722636
7160,0.022987211
7161,0.013158834
7162,0.014401168
7163,0.009676807
7164,0.008283394
7165,0.07854225
7166,0.0071223476
7167,0.035828017
7168,0.013431989
7169,0.012713955
7170,0.028373713
7171,0.017872712
7172,0.0077645117
7173,0.075208224
7174,0.0071223476
7175,0.06409752
7176,0.015369749
7177,0.0071223476
7178,0.009676807
7179,0.019108023
7180,0.011400171
7181,0.028043307
7182,0.1313231
7183,0.0115744015
7184,0.09317759
7185,0.0071223476
7186,0.13065055
7187,0.05821491
7188,0.055623867
7189,0.013158834
7190,0.22837175
7191,0.047262132
7192,0.012242398
7193,0.0071223476
7194,0.078319356
7195,0.015095823
7196,0.085322775
7197,0.008076114
7198,0.115624525
7199,0.040497947
7200,0.011911434
7201,0.018266736
7202,0.008283394
7203,0.0071223476
7204,0.022527454
7205,0.010512373
7206,0.02640433
7207,0.021619093
7208,0.0071223476
7209,0.007589356
7210,0.022987211
7211,0.0071223476
7212,0.0071223476
7213,0.008283394
7214,0.023578804
7215,0.037554026
7216,0.031002576
7217,0.008076114
7218,0.20208691
7219,0.009676807
7220,0.090851694
7221,0.0071223476
7222,0.024704697
7223,0.037163477
7224,0.06992146
7225,0.02343531
7226,0.02522563
7227,0.02522563
7228,0.011400171
7229,0.0129282335
7230,0.0071223476
7231,0.0071223476
7232,0.075602
7233,0.12638395
7234,0.075208224
7235,0.0071223476
7236,0.01963433
7237,0.033536527
7238,0.103820734
7239,0.023623602
7240,0.015187318
7241,0.06657384
7242,0.012242398
7243,0.029916111
7244,0.007514238
7245,0.033254754
7246,0.089029126
7247,0.17021497
7248,0.032982122
7249,0.009329261
7250,0.031613577
7251,0.0071223476
7252,0.0965988
7253,0.025343241
7254,0.09658075
7255,0.16301557
7256,0.13677263
7257,0.019915065
7258,0.15849625
7259,0.28191206
7260,0.07150463
7261,0.41830158
7262,0.11197512
7263,0.14004983
7264,0.019037876
7265,0.024651546
7266,0.16457124
7267,0.06074895
7268,0.015095823
7269,0.012051778
7270,0.18928814
7271,0.040023953
7272,0.86412203
7273,0.25118303
7274,0.063702844
7275,0.041528188
7276,0.23607826
7277,0.06732693
7278,0.026689762
7279,0.0071223476
7280,0.06104343
7281,0.02756153
7282,0.009329261
7283,0.029275881
7284,0.03606862
7285,0.1485454
7286,0.18844816
7287,0.44637826
7288,0.4811994
7289,0.062244155
7290,0.03423422
7291,0.14234221
7292,0.16222702
7293,0.020732481
7294,0.0670876
7295,0.052931678
7296,0.023422139
7297,0.072608836
7298,0.41830158
7299,0.1696694
7300,0.38452154
7301,0.54678464
7302,0.039021634
7303,0.04199725
7304,0.3675249
7305,0.040305506
7306,0.30185997
7307,0.086343765
7308,0.051281232
7309,0.017812738
7310,0.040479545
7311,0.13404721
7312,0.12380938
7313,0.0862465
7314,0.034002893
7315,0.03395225
7316,0.38452154
7317,0.043022763
7318,0.028373713
7319,0.10272298
7320,0.018493215
7321,0.085488
7322,0.11165368
7323,0.086343765
7324,0.11815169
7325,0.042248193
7326,0.074968584
7327,0.16129212
7328,0.25084916
7329,0.10443721
7330,0.019168993
7331,0.0071223476
7332,0.016798863
7333,0.53515196
7334,0.18813512
7335,0.07703659
7336,0.34679016
7337,0.5392318
7338,0.08649607
7339,0.06354404
7340,0.018695576
7341,0.012424513
7342,0.012424513
7343,0.0115744015
7344,0.18046172
7345,0.04907742
7346,0.015369749
7347,0.043817177
7348,0.22693123
7349,0.38597623
7350,0.0115744015
7351,0.009676807
7352,0.007589356
7353,0.05535626
7354,0.0071223476
7355,0.022253968
7356,0.08149543
7357,0.034002893
7358,0.2719826
7359,0.04199725
7360,0.06506501
7361,0.007922235
7362,0.06379453
7363,0.007514238
7364,0.024651546
7365,0.30261153
7366,0.5358745
7367,0.0071223476
7368,0.05733446
7369,0.010861789
7370,0.018695576
7371,0.052491836
7372,0.037816383
7373,0.0071223476
7374,0.021619093
7375,0.013431989
7376,0.12380938
7377,0.21124993
7378,0.17021497
7379,0.06598275
7380,0.05143429
7381,0.0071223476
7382,0.027527144
7383,0.025939213
7384,0.04223878
7385,0.04159995
7386,0.045332342
7387,0.054552205
7388,0.016798863
7389,0.03203909
7390,0.022253968
7391,0.02114934
7392,0.03913893
7393,0.02096246
7394,0.032015007
7395,0.022253968
7396,0.030667854
7397,0.11156355
7398,0.12766105
7399,0.18586911
7400,0.045500293
7401,0.040897287
7402,0.08275748
7403,0.12461345
7404,0.07474643
7405,0.030772287
7406,0.061470672
7407,0.0071223476
7408,0.03992619
7409,0.075672016
7410,0.07336689
7411,0.016798863
7412,0.018266736
7413,0.018266736
7414,0.029896699
7415,0.0503889
7416,0.086433865
7417,0.15265186
7418,0.117018476
7419,0.06995933
7420,0.0077645117
7421,0.007268069
7422,0.08500859
7423,0.06700401
7424,0.012242398
7425,0.06546498
7426,0.029916111
7427,0.4811994
7428,0.0780555
7429,0.019381039
7430,0.13437359
7431,0.022800637
7432,0.05215952
7433,0.011067602
7434,0.016386626
7435,0.009460591
7436,0.114738874
7437,0.021619093
7438,0.012424513
7439,0.032511286
7440,0.022253968
7441,0.052092724
7442,0.03469886
7443,0.058304276
7444,0.048930354
7445,0.10354231
7446,0.09057896
7447,0.2450343
7448,0.054404374
7449,0.019381039
7450,0.03987963
7451,0.018695576
7452,0.03938395
7453,0.008076114
7454,0.10459206
7455,0.0664673
7456,0.076362655
7457,0.085411035
7458,0.13164783
7459,0.025199503
7460,0.043580536
7461,0.039582495
7462,0.013971003
7463,0.018695576
7464,0.12392626
7465,0.011067602
7466,0.025939213
7467,0.10565826
7468,0.018695576
7469,0.018493215
7470,0.009889232
7471,0.06670787
7472,0.043580536
7473,0.0752908
7474,0.12887722
7475,0.072281666
7476,0.12986848
7477,0.05297169
7478,0.12153386
7479,0.015806224
7480,0.14493088
7481,0.047528863
7482,0.058303412
7483,0.08013889
7484,0.07744743
7485,0.05852784
7486,0.071845025
7487,0.048930354
7488,0.08848261
7489,0.028160166
7490,0.0674578
7491,0.008076114
7492,0.02343531
7493,0.02343531
7494,0.041433044
7495,0.06255414
7496,0.012242398
7497,0.04033368
7498,0.0467446
7499,0.041453928
7500,0.09718364
7501,0.3133487
7502,0.072281666
7503,0.14409506
7504,0.090439975
7505,0.11051104
7506,0.051976934
7507,0.10354231
7508,0.040890023
7509,0.016798863
7510,0.22693123
7511,0.07706856
7512,0.15719713
7513,0.049503278
7514,0.09619364
7515,0.018493215
7516,0.008468514
7517,0.032195296
7518,0.013158834
7519,0.13671316
7520,0.06388941
7521,0.05007701
7522,0.12187356
7523,0.4545086
7524,0.054552205
7525,0.017416835
7526,0.13250795
7527,0.062640816
7528,0.2511718
7529,0.22724472
7530,0.08336282
7531,0.0939284
7532,0.043022763
7533,0.06270312
7534,0.19746533
7535,0.038445916
7536,0.178696
7537,0.10958988
7538,0.092622526
7539,0.011400171
7540,0.0077645117
7541,0.027472558
7542,0.04316392
7543,0.011733236
7544,0.1114643
7545,0.12303606
7546,0.08585017
7547,0.11832613
7548,0.030464998
7549,0.13779071
7550,0.19323002
7551,0.22724472
7552,0.068330996
7553,0.01033226
7554,0.11051104
7555,0.051982816
7556,0.024804613
7557,0.38591936
7558,0.022016626
7559,0.036729176
7560,0.28832343
7561,0.16402823
7562,0.019381039
7563,0.007422802
7564,0.01033226
7565,0.014152891
7566,0.035871822
7567,0.03897697
7568,0.13470207
7569,0.16028854
7570,0.058304276
7571,0.048645392
7572,0.15288514
7573,0.14523408
7574,0.19709757
7575,0.20797542
7576,0.271978
7577,0.06285135
7578,0.10569572
7579,0.10189041
7580,0.0339387
7581,0.30291054
7582,0.93927896
7583,0.0923791
7584,0.007981426
7585,0.3594769
7586,0.009676807
7587,0.052299622
7588,0.18529187
7589,0.015594277
7590,0.007589356
7591,0.055213004
7592,0.064214185
7593,0.03913893
7594,0.068330996
7595,0.17973106
7596,0.02244767
7597,0.057240188
7598,0.19743769
7599,0.13212109
7600,0.20795071
7601,0.26189917
7602,0.1850327
7603,0.022731746
7604,0.17271717
7605,0.13465841
7606,0.2592918
7607,0.71779704
7608,0.38452154
7609,0.46334973
7610,0.007422802
7611,0.038401596
7612,0.17015858
7613,0.054818083
7614,0.0071223476
7615,0.0071223476
7616,0.0071223476
7617,0.06995933
7618,0.008283394
7619,0.030667854
7620,0.03672191
7621,0.052344296
7622,0.090547696
7623,0.111336164
7624,0.07875437
7625,0.1826087
7626,0.1483752
7627,0.03700973
7628,0.12618186
7629,0.22456957
7630,0.040848225
7631,0.058383133
7632,0.92785966
7633,0.93927896
7634,0.49172857
7635,0.007268069
7636,0.009329261
7637,0.07380194
7638,0.3022442
7639,0.0874208
7640,0.059271295
7641,0.06386799
7642,0.05458637
7643,0.033807307
7644,0.009122779
7645,0.2595213
7646,0.013743616
7647,0.010649303
7648,0.09919362
7649,0.09472469
7650,0.031016055
7651,0.06376859
7652,0.13809957
7653,0.08815643
7654,0.008076114
7655,0.009329261
7656,0.066459104
7657,0.15265186
7658,0.14301173
7659,0.93927896
7660,0.92785966
7661,0.71095145
7662,0.009889232
7663,0.009676807
7664,0.022016626
7665,0.023623602
7666,0.17573892
7667,0.14066324
7668,0.24213317
7669,0.023872776
7670,0.11066673
7671,0.023872776
7672,0.07150463
7673,0.11673814
7674,0.13284963
7675,0.11423239
7676,0.36642388
7677,0.26035792
7678,0.10664066
7679,0.10807443
7680,0.0698799
7681,0.030171907
7682,0.11733994
7683,0.032430008
7684,0.062047064
7685,0.03796424
7686,0.1668062
7687,0.13717355
7688,0.10173594
7689,0.08972165
7690,0.07073508
7691,0.92651
7692,0.948318
7693,0.95194566
7694,0.05246025
7695,0.042606372
7696,0.13092726
7697,0.010861789
7698,0.14547874
7699,0.05252574
7700,0.0071223476
7701,0.02114934
7702,0.035742242
7703,0.08090852
7704,0.020179601
7705,0.3078879
7706,0.5363718
7707,0.065748446
7708,0.08235209
7709,0.059071746
7710,0.15471284
7711,0.06618352
7712,0.12303784
7713,0.10565826
7714,0.018695576
7715,0.06513526
7716,0.10222071
7717,0.06707439
7718,0.025939213
7719,0.027771996
7720,0.35878167
7721,0.3594769
7722,0.2515058
7723,0.11634564
7724,0.036293447
7725,0.08073504
7726,0.054735865
7727,0.22724472
7728,0.011400171
7729,0.034405246
7730,0.036872845
7731,0.024377834
7732,0.019915065
7733,0.043992106
7734,0.012616354
7735,0.1613295
7736,0.453294
7737,0.28863868
7738,0.22097526
7739,0.17322786
7740,0.18574962
7741,0.22052117
7742,0.36872193
7743,0.10668575
7744,0.010649303
7745,0.08573676
7746,0.063572735
7747,0.12909187
7748,0.26040575
7749,0.08800561
7750,0.36785954
7751,0.22693123
7752,0.1750947
7753,0.9460783
7754,0.063219555
7755,0.01665038
7756,0.07067614
7757,0.11408945
7758,0.018896038
7759,0.060416427
7760,0.13254528
7761,0.09074678
7762,0.05437193
7763,0.040335782
7764,0.059149254
7765,0.12954594
7766,0.20264289
7767,0.16886823
7768,0.4197918
7769,0.3486588
7770,0.1359557
7771,0.14474313
7772,0.1986664
7773,0.036592223
7774,0.1516759
7775,0.06193226
7776,0.0407385
7777,0.24443974
7778,0.24688126
7779,0.09196437
7780,0.42046
7781,0.2610049
7782,0.0874208
7783,0.05350064
7784,0.072608836
7785,0.075576745
7786,0.01033226
7787,0.017416835
7788,0.008697048
7789,0.05908095
7790,0.09739554
7791,0.10813306
7792,0.11569577
7793,0.2578779
7794,0.92785966
7795,0.3594769
7796,0.25819927
7797,0.38526744
7798,0.112792656
7799,0.019381039
7800,0.07605097
7801,0.11066673
7802,0.09514388
7803,0.19769157
7804,0.064866796
7805,0.023623602
7806,0.0976304
7807,0.17322786
7808,0.0071223476
7809,0.03729047
7810,0.056043066
7811,0.014401168
7812,0.082105264
7813,0.026689762
7814,0.012638732
7815,0.04947757
7816,0.031553924
7817,0.031935256
7818,0.09936636
7819,0.21342678
7820,0.20161547
7821,0.05569118
7822,0.59854376
7823,0.45364964
7824,0.27231708
7825,0.12802584
7826,0.007422802
7827,0.02265175
7828,0.020489905
7829,0.0503889
7830,0.10598969
7831,0.009889232
7832,0.009676807
7833,0.026689762
7834,0.70681596
7835,0.051756814
7836,0.016386626
7837,0.033656817
7838,0.068330996
7839,0.085322775
7840,0.0313837
7841,0.02792698
7842,0.0071223476
7843,0.045945134
7844,0.016798863
7845,0.018695576
7846,0.06347379
7847,0.089172356
7848,0.36139992
7849,0.21014436
7850,0.08776959
7851,0.5990615
7852,0.32902
7853,0.28967705
7854,0.08911945
7855,0.042085163
7856,0.01665038
7857,0.009662423
7858,0.028160166
7859,0.024006262
7860,0.03570942
7861,0.061097022
7862,0.36678857
7863,0.08989079
7864,0.25443557
7865,0.021619093
7866,0.060046233
7867,0.10574754
7868,0.10611104
7869,0.1601646
7870,0.033254754
7871,0.045371298
7872,0.071913354
7873,0.1625152
7874,0.5990615
7875,0.21014436
7876,0.26490444
7877,0.11197233
7878,0.26812676
7879,0.20824634
7880,0.038187534
7881,0.019168993
7882,0.013743616
7883,0.013158834
7884,0.010649303
7885,0.022731746
7886,0.032430008
7887,0.18892288
7888,0.09739402
7889,0.13203809
7890,0.25118303
7891,0.020489905
7892,0.04269762
7893,0.22741404
7894,0.04361091
7895,0.0071223476
7896,0.010861789
7897,0.013743616
7898,0.07933424
7899,0.11693122
7900,0.029916111
7901,0.10468414
7902,0.22754505
7903,0.05231271
7904,0.05608411
7905,0.023623602
7906,0.06316718
7907,0.03874272
7908,0.013431989
7909,0.07313006
7910,0.05380841
7911,0.05252574
7912,0.015594277
7913,0.16175431
7914,0.009676807
7915,0.113886885
7916,0.009460591
7917,0.045258015
7918,0.056486927
7919,0.14417897
7920,0.039414205
7921,0.023129715
7922,0.0071223476
7923,0.03283175
7924,0.18547785
7925,0.28953764
7926,0.31444624
7927,0.060206003
7928,0.012051778
7929,0.0071223476
7930,0.008076114
7931,0.02648786
7932,0.012592993
7933,0.120485395
7934,0.011733236
7935,0.060122114
7936,0.013158834
7937,0.0077645117
7938,0.009676807
7939,0.010861789
7940,0.015806224
7941,0.07214066
7942,0.111336164
7943,0.22741404
7944,0.02114934
7945,0.01665038
7946,0.013158834
7947,0.058304276
7948,0.10255455
7949,0.22870368
7950,0.070931934
7951,0.0071223476
7952,0.15119447
7953,0.012051778
7954,0.09074678
7955,0.14518927
7956,0.07361787
7957,0.045371298
7958,0.011400171
7959,0.25084916
7960,0.013971003
7961,0.019381039
7962,0.087618545
7963,0.0503889
7964,0.027356468
7965,0.015806224
7966,0.02114934
7967,0.0721426
7968,0.26035792
7969,0.024651546
7970,0.025939213
7971,0.027161838
7972,0.057791743
7973,0.0503889
7974,0.14656216
7975,0.05382216
7976,0.20825934
7977,0.12053348
7978,0.05593275
7979,0.014795896
7980,0.03606862
7981,0.03411933
7982,0.1259193
7983,0.015369749
7984,0.09367267
7985,0.009122779
7986,0.08242442
7987,0.06890961
7988,0.0077645117
7989,0.009329261
7990,0.22724472
7991,0.2449431
7992,0.08247708
7993,0.043574918
7994,0.011067602
7995,0.071134955
7996,0.029916111
7997,0.01665038
7998,0.07526186
7999,0.17206651
8000,0.11489518
8001,0.87935627
8002,0.015806224
8003,0.06894613
8004,0.015594277
8005,0.05178684
8006,0.07587002
8007,0.017416835
8008,0.034002893
8009,0.14774278
8010,0.3675249
8011,0.10272298
8012,0.099987
8013,0.016386626
8014,0.063666284
8015,0.019381039
8016,0.0071223476
8017,0.11440201
8018,0.050255
8019,0.01665038
8020,0.05231271
8021,0.016798863
8022,0.023872776
8023,0.08726836
8024,0.013158834
8025,0.09713169
8026,0.029916111
8027,0.05524733
8028,0.0071223476
8029,0.013158834
8030,0.122230195
8031,0.107635714
8032,0.019915065
8033,0.048347842
8034,0.09658075
8035,0.54728556
8036,0.063990645
8037,0.06858506
8038,0.033254754
8039,0.059572097
8040,0.063403636
8041,0.038371377
8042,0.36822465
8043,0.02343531
8044,0.015806224
8045,0.029896699
8046,0.11747817
8047,0.019915065
8048,0.08776959
8049,0.034405246
8050,0.058856398
8051,0.059150357
8052,0.25592506
8053,0.10018157
8054,0.05369832
8055,0.011733236
8056,0.04788937
8057,0.06506501
8058,0.007922235
8059,0.029621301
8060,0.15826048
8061,0.11196645
8062,0.059271295
8063,0.11594877
8064,0.108921506
8065,0.064214185
8066,0.055382166
8067,0.014513242
8068,0.0939284
8069,0.2419026
8070,0.11746845
8071,0.007922235
8072,0.0071223476
8073,0.063572735
8074,0.016386626
8075,0.03656312
8076,0.0071223476
8077,0.007589356
8078,0.0071223476
8079,0.0071223476
8080,0.015806224
8081,0.009676807
8082,0.03270373
8083,0.012242398
8084,0.0071223476
8085,0.060164463
8086,0.066118196
8087,0.177352
8088,0.13460638
8089,0.19661959
8090,0.009676807
8091,0.007922235
8092,0.04324159
8093,0.015594277
8094,0.03128002
8095,0.015369749
8096,0.015369749
8097,0.007422802
8098,0.013158834
8099,0.009460591
8100,0.008283394
8101,0.04254584
8102,0.024006262
8103,0.011911434
8104,0.08666084
8105,0.03247361
8106,0.038913086
8107,0.0077645117
8108,0.085322775
8109,0.018266736
8110,0.059866253
8111,0.0129282335
8112,0.0071223476
8113,0.009676807
8114,0.0071223476
8115,0.011400171
8116,0.06630113
8117,0.0923791
8118,0.14010434
8119,0.05382216
8120,0.089738004
8121,0.018695576
8122,0.010649303
8123,0.2218261
8124,0.020489905
8125,0.0071223476
8126,0.08351472
8127,0.008468514
8128,0.070156105
8129,0.007922235
8130,0.10852729
8131,0.0071223476
8132,0.01033226
8133,0.017416835
8134,0.043708134
8135,0.009460591
8136,0.026517738
8137,0.009676807
8138,0.022253968
8139,0.0071223476
8140,0.01033226
8141,0.007263553
8142,0.05708628
8143,0.048075344
8144,0.15854028
8145,0.018896038
8146,0.0071223476
8147,0.028247284
8148,0.027741048
8149,0.059866253
8150,0.03262105
8151,0.009676807
8152,0.019381039
8153,0.018266736
8154,0.011400171
8155,0.11268401
8156,0.15473811
8157,0.013971003
8158,0.0071223476
8159,0.054552205
8160,0.013431989
8161,0.018493215
8162,0.028171925
8163,0.09476445
8164,0.03489367
8165,0.008675737
8166,0.051639184
8167,0.04391337
8168,0.10510103
8169,0.0862465
8170,0.04254584
8171,0.07395828
8172,0.0076609217
8173,0.24504036
8174,0.0803115
8175,0.31481194
8176,0.030316344
8177,0.25283086
8178,0.12150774
8179,0.22724472
8180,0.037705082
8181,0.0248324
8182,0.023993697
8183,0.11416651
8184,0.014152891
8185,0.037476312
8186,0.019381039
8187,0.26496962
8188,0.0071223476
8189,0.71987367
8190,0.24504036
8191,0.07367686
8192,0.041912634
8193,0.18191719
8194,0.067133695
8195,0.008468514
8196,0.076613836
8197,0.041118562
8198,0.017872712
8199,0.009676807
8200,0.019108023
8201,0.1816666
8202,0.15799712
8203,0.4898107
8204,0.4190657
8205,0.042218816
8206,0.056418803
8207,0.17372039
8208,0.26066634
8209,0.022195173
8210,0.05974346
8211,0.0407385
8212,0.03061135
8213,0.056418803
8214,0.03489367
8215,0.3883361
8216,0.06220061
8217,0.2514006
8218,0.46121207
8219,0.09531251
8220,0.022987211
8221,0.3675249
8222,0.04349662
8223,0.34828162
8224,0.046156615
8225,0.03623108
8226,0.0685724
8227,0.034571942
8228,0.014320006
8229,0.20198429
8230,0.10439159
8231,0.08108305
8232,0.058766987
8233,0.0071223476
8234,0.0697279
8235,0.3218268
8236,0.030667854
8237,0.08500859
8238,0.014152891
8239,0.032079943
8240,0.013925467
8241,0.08470339
8242,0.039955415
8243,0.17444347
8244,0.0071223476
8245,0.06409269
8246,0.188323
8247,0.32902
8248,0.011941034
8249,0.0289539
8250,0.0071223476
8251,0.014152891
8252,0.5501658
8253,0.10979391
8254,0.01578107
8255,0.3471025
8256,0.33469805
8257,0.013158834
8258,0.007268069
8259,0.090512045
8260,0.015369749
8261,0.018695576
8262,0.024127202
8263,0.04237777
8264,0.010861789
8265,0.1313231
8266,0.0351252
8267,0.058877595
8268,0.24314666
8269,0.3606363
8270,0.0129282335
8271,0.01122017
8272,0.009895139
8273,0.044644922
8274,0.049192466
8275,0.023623602
8276,0.19200842
8277,0.025511926
8278,0.09076201
8279,0.011400171
8280,0.007263553
8281,0.07203446
8282,0.024377834
8283,0.19768848
8284,0.6342609
8285,0.0071223476
8286,0.07502711
8287,0.018493215
8288,0.013158834
8289,0.07254018
8290,0.0384486
8291,0.010512373
8292,0.040335782
8293,0.042762537
8294,0.113166064
8295,0.15538272
8296,0.09837092
8297,0.04456709
8298,0.11833731
8299,0.009676807
8300,0.036732882
8301,0.044457972
8302,0.052086648
8303,0.075208224
8304,0.057377275
8305,0.062180396
8306,0.021881063
8307,0.01122017
8308,0.0248324
8309,0.036640745
8310,0.01665038
8311,0.037735283
8312,0.03980403
8313,0.02114934
8314,0.107141726
8315,0.166541
8316,0.1850327
8317,0.024271188
8318,0.076012276
8319,0.031935256
8320,0.13683327
8321,0.123033136
8322,0.009676807
8323,0.04391337
8324,0.0071223476
8325,0.013925467
8326,0.05982392
8327,0.14082956
8328,0.017872712
8329,0.016386626
8330,0.027172865
8331,0.046085242
8332,0.050981034
8333,0.136633
8334,0.13745174
8335,0.11550933
8336,0.050033517
8337,0.020487873
8338,0.02343531
8339,0.04514623
8340,0.027956028
8341,0.012242398
8342,0.07752859
8343,0.04033368
8344,0.38908407
8345,0.13982172
8346,0.0129282335
8347,0.104886755
8348,0.040890023
8349,0.03106891
8350,0.014567746
8351,0.009676807
8352,0.010649303
8353,0.08726836
8354,0.0071223476
8355,0.02343531
8356,0.049681667
8357,0.07831
8358,0.037880015
8359,0.05278833
8360,0.050033517
8361,0.105450235
8362,0.08362973
8363,0.24872375
8364,0.05278833
8365,0.027406601
8366,0.0697279
8367,0.022987211
8368,0.019653015
8369,0.01722636
8370,0.009122779
8371,0.076396674
8372,0.07790143
8373,0.12220286
8374,0.09310957
8375,0.20198429
8376,0.04269762
8377,0.039003927
8378,0.026962219
8379,0.018695576
8380,0.2083723
8381,0.01122017
8382,0.024377834
8383,0.0874208
8384,0.010861789
8385,0.0071223476
8386,0.07561836
8387,0.05071526
8388,0.07822454
8389,0.12307853
8390,0.1001721
8391,0.15558814
8392,0.12173373
8393,0.10516979
8394,0.016386626
8395,0.10940789
8396,0.027752085
8397,0.060222868
8398,0.020487873
8399,0.01722636
8400,0.06295066
8401,0.037136294
8402,0.018695576
8403,0.12287569
8404,0.05329774
8405,0.062314887
8406,0.06968912
8407,0.070135936
8408,0.0634333
8409,0.007268069
8410,0.03606862
8411,0.042469814
8412,0.039019547
8413,0.06455695
8414,0.040890023
8415,0.13002683
8416,0.26103625
8417,0.0668676
8418,0.11483804
8419,0.04884933
8420,0.08571237
8421,0.058726776
8422,0.09557788
8423,0.06409752
8424,0.020258002
8425,0.22724472
8426,0.08500859
8427,0.13868834
8428,0.06534393
8429,0.1178661
8430,0.018493215
8431,0.050007798
8432,0.023993697
8433,0.011911434
8434,0.035546437
8435,0.13874222
8436,0.061535843
8437,0.03574101
8438,0.08776959
8439,0.39089924
8440,0.033592664
8441,0.024377834
8442,0.09083396
8443,0.074968584
8444,0.22969612
8445,0.23022543
8446,0.0648736
8447,0.0071223476
8448,0.06524305
8449,0.043355417
8450,0.044760983
8451,0.14710695
8452,0.063309014
8453,0.20879489
8454,0.07230921
8455,0.07886554
8456,0.0071223476
8457,0.014401168
8458,0.033807307
8459,0.06362188
8460,0.014567746
8461,0.118333615
8462,0.12968469
8463,0.08083826
8464,0.05577187
8465,0.021881063
8466,0.09886337
8467,0.16884664
8468,0.26463205
8469,0.053148907
8470,0.010512373
8471,0.033447765
8472,0.051538065
8473,0.42744812
8474,0.015764855
8475,0.032336023
8476,0.3218268
8477,0.22763878
8478,0.013431989
8479,0.011067602
8480,0.0071223476
8481,0.048675917
8482,0.059503753
8483,0.14712183
8484,0.1403653
8485,0.010512373
8486,0.07790143
8487,0.06594504
8488,0.15001243
8489,0.1819856
8490,0.14438052
8491,0.21197924
8492,0.21872374
8493,0.10729695
8494,0.05689201
8495,0.07337515
8496,0.060068533
8497,0.27286473
8498,0.93927896
8499,0.09317759
8500,0.034829423
8501,0.3594769
8502,0.020719834
8503,0.060590692
8504,0.18055363
8505,0.007589356
8506,0.041270144
8507,0.056825064
8508,0.016386626
8509,0.048492745
8510,0.2299856
8511,0.007313183
8512,0.050033517
8513,0.15567698
8514,0.12644218
8515,0.19149557
8516,0.271978
8517,0.25283086
8518,0.022987211
8519,0.26442537
8520,0.123943426
8521,0.20790207
8522,0.71779704
8523,0.30359694
8524,0.45182824
8525,0.007422802
8526,0.028160166
8527,0.12933634
8528,0.01722636
8529,0.0071223476
8530,0.040848225
8531,0.008468514
8532,0.012051778
8533,0.0115744015
8534,0.0071223476
8535,0.04514623
8536,0.008283394
8537,0.030667854
8538,0.0407385
8539,0.0596431
8540,0.049791336
8541,0.085478574
8542,0.07415354
8543,0.18873113
8544,0.13722527
8545,0.0328954
8546,0.092122085
8547,0.19768848
8548,0.019381039
8549,0.08571237
8550,0.93927896
8551,0.92651
8552,0.5384737
8553,0.007268069
8554,0.025511926
8555,0.010512373
8556,0.07380194
8557,0.3602093
8558,0.044059735
8559,0.01722636
8560,0.036381945
8561,0.008468514
8562,0.051538065
8563,0.07620187
8564,0.03610022
8565,0.009122779
8566,0.21216059
8567,0.0071223476
8568,0.01665038
8569,0.11350322
8570,0.09061314
8571,0.08102541
8572,0.050033517
8573,0.13124302
8574,0.13256615
8575,0.014152891
8576,0.0694334
8577,0.14599486
8578,0.15438645
8579,0.9306247
8580,0.92785966
8581,0.6346612
8582,0.011911434
8583,0.030021947
8584,0.03742423
8585,0.16077942
8586,0.058039434
8587,0.22724472
8588,0.030667854
8589,0.085322775
8590,0.017872712
8591,0.058875218
8592,0.085478574
8593,0.10490638
8594,0.1080805
8595,0.3218268
8596,0.26872358
8597,0.13765518
8598,0.19732064
8599,0.07773223
8600,0.052452404
8601,0.14462593
8602,0.037476312
8603,0.054954447
8604,0.15799016
8605,0.1530533
8606,0.074968584
8607,0.15107618
8608,0.06754075
8609,0.92651
8610,0.948318
8611,0.95194566
8612,0.032309975
8613,0.03939957
8614,0.12760791
8615,0.17827927
8616,0.021619093
8617,0.010107609
8618,0.029916111
8619,0.098772615
8620,0.027477328
8621,0.26322722
8622,0.5363718
8623,0.067097396
8624,0.12541716
8625,0.07620187
8626,0.15538272
8627,0.043149017
8628,0.15945306
8629,0.14472899
8630,0.0328954
8631,0.12418955
8632,0.059389785
8633,0.16771348
8634,0.019108023
8635,0.049681667
8636,0.36642388
8637,0.3022442
8638,0.21598434
8639,0.051128384
8640,0.041813366
8641,0.09629257
8642,0.11401033
8643,0.21046679
8644,0.022154449
8645,0.020655004
8646,0.036872845
8647,0.03158395
8648,0.019108023
8649,0.037136294
8650,0.028354986
8651,0.17806585
8652,0.453294
8653,0.23151903
8654,0.24380153
8655,0.14462593
8656,0.20855503
8657,0.19323002
8658,0.45423767
8659,0.06439692
8660,0.047262132
8661,0.04748219
8662,0.09115941
8663,0.21149035
8664,0.07486822
8665,0.33469805
8666,0.23632732
8667,0.18055716
8668,0.9460783
8669,0.09291625
8670,0.010649303
8671,0.16771348
8672,0.1592336
8673,0.01890752
8674,0.07254018
8675,0.2349711
8676,0.06571354
8677,0.037136294
8678,0.015095823
8679,0.053001456
8680,0.12612991
8681,0.20447332
8682,0.24719149
8683,0.38979483
8684,0.29856107
8685,0.16472283
8686,0.17087784
8687,0.2243647
8688,0.0129282335
8689,0.025511926
8690,0.13898839
8691,0.046085242
8692,0.04759513
8693,0.3022442
8694,0.23943469
8695,0.082100056
8696,0.48920828
8697,0.25592506
8698,0.0071223476
8699,0.059168085
8700,0.053139944
8701,0.03559228
8702,0.08179567
8703,0.011400171
8704,0.02114934
8705,0.077409275
8706,0.08682175
8707,0.10813306
8708,0.10287157
8709,0.24254878
8710,0.71987367
8711,0.33388066
8712,0.25177175
8713,0.38908407
8714,0.10729695
8715,0.071940884
8716,0.085864596
8717,0.09356635
8718,0.14167115
8719,0.2077117
8720,0.064027764
8721,0.016386626
8722,0.09341305
8723,0.14472918
8724,0.01963433
8725,0.0071223476
8726,0.07254018
8727,0.06548405
8728,0.014401168
8729,0.031785037
8730,0.0248324
8731,0.007422802
8732,0.053001456
8733,0.05939252
8734,0.06813758
8735,0.114681765
8736,0.15116063
8737,0.15263344
8738,0.07876688
8739,0.48920828
8740,0.41973358
8741,0.24885678
8742,0.11450049
8743,0.007422802
8744,0.0465637
8745,0.014152891
8746,0.012783715
8747,0.14773904
8748,0.014401168
8749,0.009676807
8750,0.011067602
8751,0.49863842
8752,0.06632073
8753,0.016386626
8754,0.04376141
8755,0.036732882
8756,0.072667785
8757,0.014152891
8758,0.10333884
8759,0.032511286
8760,0.028171925
8761,0.019108023
8762,0.013743616
8763,0.016386626
8764,0.048403777
8765,0.07307531
8766,0.36139992
8767,0.2047192
8768,0.07539055
8769,0.6318526
8770,0.32937473
8771,0.34679016
8772,0.1342638
8773,0.020803602
8774,0.024377834
8775,0.013700636
8776,0.06524305
8777,0.012051778
8778,0.01613713
8779,0.010861789
8780,0.086343765
8781,0.3595408
8782,0.075602
8783,0.21872374
8784,0.0129282335
8785,0.05293594
8786,0.089806
8787,0.1682018
8788,0.1651931
8789,0.03489367
8790,0.06650115
8791,0.04514623
8792,0.11275253
8793,0.54728556
8794,0.21045354
8795,0.29912075
8796,0.15085793
8797,0.22671671
8798,0.20824634
8799,0.015736671
8800,0.037476312
8801,0.019977171
8802,0.013158834
8803,0.02343531
8804,0.012051778
8805,0.13730869
8806,0.09012437
8807,0.30134863
8808,0.23470148
8809,0.008076114
8810,0.054404374
8811,0.19091603
8812,0.019977171
8813,0.0071223476
8814,0.010861789
8815,0.007589356
8816,0.113968894
8817,0.112557955
8818,0.037635043
8819,0.09083396
8820,0.22502646
8821,0.079479605
8822,0.06891396
8823,0.025939213
8824,0.08570494
8825,0.045292765
8826,0.01665038
8827,0.07448016
8828,0.14599486
8829,0.01613713
8830,0.014152891
8831,0.1844219
8832,0.009676807
8833,0.008076114
8834,0.072667785
8835,0.009676807
8836,0.043344717
8837,0.06464784
8838,0.13574673
8839,0.013925467
8840,0.022925345
8841,0.0071223476
8842,0.030795123
8843,0.20795071
8844,0.32902
8845,0.34855002
8846,0.04961944
8847,0.012051778
8848,0.018493215
8849,0.012051778
8850,0.021881063
8851,0.07043304
8852,0.013158834
8853,0.040305506
8854,0.16884664
8855,0.011911434
8856,0.18383445
8857,0.009676807
8858,0.01963433
8859,0.014567746
8860,0.0102876825
8861,0.01613713
8862,0.05821491
8863,0.11483804
8864,0.25592506
8865,0.0071223476
8866,0.008076114
8867,0.01665038
8868,0.07790143
8869,0.09524615
8870,0.23974518
8871,0.03152831
8872,0.013158834
8873,0.14061078
8874,0.059279118
8875,0.0071223476
8876,0.06275455
8877,0.112436876
8878,0.09690687
8879,0.0071223476
8880,0.015369749
8881,0.011400171
8882,0.23596272
8883,0.022987211
8884,0.015369749
8885,0.087618545
8886,0.07367686
8887,0.019301131
8888,0.0071223476
8889,0.015594277
8890,0.09276256
8891,0.2578779
8892,0.018695576
8893,0.0071223476
8894,0.01665038
8895,0.015594277
8896,0.038626894
8897,0.05979679
8898,0.18586911
8899,0.044614516
8900,0.24910624
8901,0.15091433
8902,0.0248324
8903,0.06662075
8904,0.025939213
8905,0.024127202
8906,0.17759368
8907,0.015369749
8908,0.12825266
8909,0.016386626
8910,0.06401853
8911,0.050981034
8912,0.0071223476
8913,0.0071223476
8914,0.23022543
8915,0.34796906
8916,0.06598275
8917,0.04088442
8918,0.047675733
8919,0.0071223476
8920,0.0071223476
8921,0.076888375
8922,0.102420114
8923,0.08901278
8924,0.87935627
8925,0.0071223476
8926,0.0729342
8927,0.008468514
8928,0.13566343
8929,0.11607551
8930,0.012713955
8931,0.013925467
8932,0.14317314
8933,0.53515196
8934,0.08132956
8935,0.14959088
8936,0.0071223476
8937,0.011752571
8938,0.007564049
8939,0.010649303
8940,0.014401168
8941,0.114681765
8942,0.058766987
8943,0.02096246
8944,0.09317759
8945,0.06662075
8946,0.018695576
8947,0.023993697
8948,0.019381039
8949,0.037554026
8950,0.007268069
8951,0.1080805
8952,0.030118858
8953,0.041661765
8954,0.0071223476
8955,0.029346235
8956,0.074336454
8957,0.12930012
8958,0.015095823
8959,0.066024765
8960,0.048020054
8961,0.5363718
8962,0.039955415
8963,0.0862465
8964,0.01722636
8965,0.035546437
8966,0.07466621
8967,0.06886906
8968,0.038572658
8969,0.4533537
8970,0.037635043
8971,0.0071223476
8972,0.0071223476
8973,0.01613713
8974,0.042469814
8975,0.13256615
8976,0.020258002
8977,0.06475905
8978,0.063309014
8979,0.06511806
8980,0.0071223476
8981,0.033807307
8982,0.2578779
8983,0.03736455
8984,0.05437193
8985,0.0071223476
8986,0.016386626
8987,0.0129282335
8988,0.07337486
8989,0.01122017
8990,0.06208965
8991,0.0071223476
8992,0.18530549
8993,0.09106891
8994,0.013158834
8995,0.02096246
8996,0.03692262
8997,0.009676807
8998,0.0743849
8999,0.11377042
9000,0.095964044
9001,0.115018725
9002,0.03121902
9003,0.008881807
9004,0.070734225
9005,0.0071223476
9006,0.076613836
9007,0.17777231
9008,0.10329327
9009,0.008076114
9010,0.0071223476
9011,0.043526996
9012,0.009122779
9013,0.024704697
9014,0.0071223476
9015,0.013158834
9016,0.0071223476
9017,0.0071223476
9018,0.0071223476
9019,0.009676807
9020,0.015095823
9021,0.02114934
9022,0.022987211
9023,0.027572561
9024,0.14773904
9025,0.0071223476
9026,0.17412941
9027,0.22724472
9028,0.031965293
9029,0.012242398
9030,0.02946043
9031,0.022797382
9032,0.018266736
9033,0.028431576
9034,0.015369749
9035,0.07307694
9036,0.009676807
9037,0.008283394
9038,0.035949394
9039,0.019108023
9040,0.013431989
9041,0.030667854
9042,0.023623602
9043,0.027507233
9044,0.0077645117
9045,0.13614848
9046,0.012242398
9047,0.048645392
9048,0.0071223476
9049,0.009676807
9050,0.03606862
9051,0.011400171
9052,0.090512045
9053,0.009329261
9054,0.027752085
9055,0.112170935
9056,0.058726776
9057,0.07367686
9058,0.011752571
9059,0.21565875
9060,0.023623602
9061,0.0071223476
9062,0.07153217
9063,0.009676807
9064,0.053969912
9065,0.008076114
9066,0.090573184
9067,0.032511286
9068,0.0071223476
9069,0.02522563
9070,0.03806134
9071,0.045691475
9072,0.013925467
9073,0.0071223476
9074,0.020258002
9075,0.007918367
9076,0.007422802
9077,0.029346235
9078,0.010107609
9079,0.012242398
9080,0.012855943
9081,0.07854225
9082,0.030394182
9083,0.0071223476
9084,0.20795071
9085,0.028373713
9086,0.019108023
9087,0.0248324
9088,0.0071223476
9089,0.018266736
9090,0.039320033
9091,0.039955415
9092,0.028160166
9093,0.010861789
9094,0.008881807
9095,0.012051778
9096,0.01963433
9097,0.10230187
9098,0.14606233
9099,0.0071223476
9100,0.06424187
9101,0.009676807
9102,0.013826333
9103,0.0076609217
9104,0.016798863
9105,0.066647746
9106,0.044674125
9107,0.008283394
9108,0.053447608
9109,0.063702844
9110,0.0071223476
9111,0.07703659
9112,0.02265175
9113,0.07486822
9114,0.07291034
9115,0.31481194
9116,0.04085794
9117,0.014401168
9118,0.25283086
9119,0.06800663
9120,0.22203463
9121,0.104401186
9122,0.24378279
9123,0.056825064
9124,0.023872776
9125,0.007802202
9126,0.014152891
9127,0.023872776
9128,0.008468514
9129,0.0071223476
9130,0.20795071
9131,0.028160166
9132,0.71987367
9133,0.15668857
9134,0.022427535
9135,0.041912634
9136,0.20744576
9137,0.03423422
9138,0.026689762
9139,0.029816397
9140,0.017416835
9141,0.029275881
9142,0.038828414
9143,0.18115121
9144,0.097721435
9145,0.3061089
9146,0.4190657
9147,0.012115356
9148,0.12772562
9149,0.13023622
9150,0.2223337
9151,0.05071526
9152,0.07291034
9153,0.06609449
9154,0.037850577
9155,0.03203909
9156,0.38452154
9157,0.119628556
9158,0.22502646
9159,0.3446728
9160,0.16567232
9161,0.024651546
9162,0.53515196
9163,0.008697048
9164,0.0721426
9165,0.35201463
9166,0.015095823
9167,0.07587937
9168,0.08440232
9169,0.029765662
9170,0.007422802
9171,0.024776446
9172,0.06220061
9173,0.10025002
9174,0.056821756
9175,0.03489367
9176,0.073901355
9177,0.45182824
9178,0.07291034
9179,0.008881807
9180,0.022800637
9181,0.014567746
9182,0.020069174
9183,0.030667854
9184,0.053629994
9185,0.03938395
9186,0.11037434
9187,0.11267649
9188,0.08681825
9189,0.015490824
9190,0.21263242
9191,0.0976304
9192,0.01665038
9193,0.023623602
9194,0.015594277
9195,0.0129282335
9196,0.010861789
9197,0.013971003
9198,0.016386626
9199,0.38526744
9200,0.044234052
9201,0.07337515
9202,0.28967705
9203,0.40057516
9204,0.07486822
9205,0.05222563
9206,0.012051778
9207,0.024006262
9208,0.007422802
9209,0.044863362
9210,0.0071223476
9211,0.053296562
9212,0.046677064
9213,0.10696168
9214,0.25819927
9215,0.4533537
9216,0.01665038
9217,0.038913086
9218,0.050976034
9219,0.0071223476
9220,0.008697048
9221,0.014567746
9222,0.018695576
9223,0.04033368
9224,0.19746533
9225,0.037413776
9226,0.05711516
9227,0.014401168
9228,0.058601987
9229,0.14061745
9230,0.5358745
9231,0.0071223476
9232,0.086400375
9233,0.023872776
9234,0.0289539
9235,0.042606372
9236,0.06641859
9237,0.01665038
9238,0.029346235
9239,0.087034225
9240,0.16000852
9241,0.07604162
9242,0.07578438
9243,0.08500859
9244,0.0071223476
9245,0.021881063
9246,0.033536527
9247,0.051263407
9248,0.07190197
9249,0.02700177
9250,0.078844815
9251,0.008283394
9252,0.027771996
9253,0.008283394
9254,0.034346633
9255,0.011400171
9256,0.030394182
9257,0.04376141
9258,0.0923791
9259,0.022253968
9260,0.01033226
9261,0.11724703
9262,0.13608342
9263,0.1701337
9264,0.07408269
9265,0.05437193
9266,0.034089234
9267,0.11350322
9268,0.09673451
9269,0.0071223476
9270,0.0077645117
9271,0.058856398
9272,0.20810184
9273,0.027406601
9274,0.012051778
9275,0.026452854
9276,0.07627339
9277,0.078049794
9278,0.1469732
9279,0.087034225
9280,0.1311332
9281,0.056825064
9282,0.014401168
9283,0.015806224
9284,0.040890023
9285,0.03121902
9286,0.0862465
9287,0.060164463
9288,0.3446728
9289,0.124937095
9290,0.010512373
9291,0.013158834
9292,0.06283175
9293,0.014943641
9294,0.043012068
9295,0.028160166
9296,0.0071223476
9297,0.08019814
9298,0.010107609
9299,0.007422802
9300,0.024978789
9301,0.0668676
9302,0.055059396
9303,0.054735865
9304,0.04316392
9305,0.14599486
9306,0.10722708
9307,0.30136183
9308,0.048020054
9309,0.018695576
9310,0.0988582
9311,0.013431989
9312,0.038371377
9313,0.04412497
9314,0.0692545
9315,0.06571354
9316,0.101621345
9317,0.030316873
9318,0.14599486
9319,0.059572097
9320,0.040890023
9321,0.033297326
9322,0.009122779
9323,0.019381039
9324,0.17820327
9325,0.036318656
9326,0.050862573
9327,0.010861789
9328,0.016386626
9329,0.066861354
9330,0.06114824
9331,0.07980318
9332,0.100166
9333,0.0756477
9334,0.16765717
9335,0.0816084
9336,0.10964697
9337,0.012242398
9338,0.12879445
9339,0.024955478
9340,0.06386799
9341,0.042606372
9342,0.05137324
9343,0.02732776
9344,0.0071223476
9345,0.107465565
9346,0.03606862
9347,0.077409275
9348,0.106517255
9349,0.022527454
9350,0.08132956
9351,0.023872776
9352,0.020258002
9353,0.017416835
9354,0.038597103
9355,0.021881063
9356,0.037150446
9357,0.068429515
9358,0.061747458
9359,0.13284963
9360,0.28340864
9361,0.08477494
9362,0.1625707
9363,0.06386799
9364,0.12956649
9365,0.08019814
9366,0.07781765
9367,0.05278833
9368,0.0071223476
9369,0.008076114
9370,0.20797542
9371,0.094334215
9372,0.085485995
9373,0.049707375
9374,0.0938197
9375,0.018493215
9376,0.010512373
9377,0.016798863
9378,0.036318656
9379,0.17637092
9380,0.05779262
9381,0.04693601
9382,0.06623764
9383,0.48969057
9384,0.062081154
9385,0.032092076
9386,0.10729695
9387,0.051538065
9388,0.2432664
9389,0.29145256
9390,0.07251263
9391,0.017872712
9392,0.029621301
9393,0.0692545
9394,0.16765717
9395,0.045578163
9396,0.22475903
9397,0.070200585
9398,0.07176145
9399,0.008076114
9400,0.029346235
9401,0.036872845
9402,0.06339247
9403,0.018695576
9404,0.10841621
9405,0.09616335
9406,0.08521907
9407,0.10349355
9408,0.030667854
9409,0.14806935
9410,0.18308617
9411,0.20797542
9412,0.06571354
9413,0.010512373
9414,0.039003927
9415,0.01665038
9416,0.009676807
9417,0.06255414
9418,0.38591936
9419,0.016201496
9420,0.05364308
9421,0.2814585
9422,0.21648839
9423,0.013431989
9424,0.019381039
9425,0.01033226
9426,0.014152891
9427,0.029746782
9428,0.06489435
9429,0.14368126
9430,0.14329284
9431,0.06657384
9432,0.06456268
9433,0.14167662
9434,0.15958473
9435,0.13160624
9436,0.18586911
9437,0.23943469
9438,0.13868834
9439,0.026928155
9440,0.02685227
9441,0.07918292
9442,0.030316873
9443,0.25283086
9444,0.93927896
9445,0.0923791
9446,0.023833552
9447,0.33388066
9448,0.052861687
9449,0.051860616
9450,0.2577079
9451,0.017416835
9452,0.020179601
9453,0.08019814
9454,0.009122779
9455,0.047376372
9456,0.0071223476
9457,0.22998129
9458,0.02272121
9459,0.09074678
9460,0.16428456
9461,0.15698934
9462,0.22671671
9463,0.271978
9464,0.26463205
9465,0.028695814
9466,0.16615981
9467,0.11431425
9468,0.09747886
9469,0.71779704
9470,0.35878167
9471,0.29113662
9472,0.015594277
9473,0.1359627
9474,0.016798863
9475,0.024978789
9476,0.02114934
9477,0.025939213
9478,0.0115744015
9479,0.007422802
9480,0.057718467
9481,0.0071223476
9482,0.0071223476
9483,0.030667854
9484,0.06959031
9485,0.07191172
9486,0.069518514
9487,0.10958988
9488,0.08494907
9489,0.1780457
9490,0.16454606
9491,0.045371298
9492,0.14992198
9493,0.16890904
9494,0.01665038
9495,0.03602264
9496,0.93927896
9497,0.92651
9498,0.45575354
9499,0.007268069
9500,0.021881063
9501,0.016386626
9502,0.0321597
9503,0.29742536
9504,0.06316718
9505,0.022253968
9506,0.056270707
9507,0.01665038
9508,0.024171002
9509,0.08865965
9510,0.03074229
9511,0.009122779
9512,0.21427341
9513,0.013743616
9514,0.014567746
9515,0.10354231
9516,0.11733994
9517,0.078238875
9518,0.06350301
9519,0.12780212
9520,0.13169396
9521,0.15621099
9522,0.14003134
9523,0.10349355
9524,0.93927896
9525,0.7169186
9526,0.6031846
9527,0.0129282335
9528,0.07184102
9529,0.032430008
9530,0.015806224
9531,0.15110531
9532,0.12879445
9533,0.18083698
9534,0.024978789
9535,0.095964044
9536,0.011067602
9537,0.092388585
9538,0.058967013
9539,0.11640852
9540,0.101764746
9541,0.30359694
9542,0.22724472
9543,0.15921742
9544,0.17070438
9545,0.08699852
9546,0.063702844
9547,0.0970406
9548,0.050033294
9549,0.051425546
9550,0.047296315
9551,0.16369888
9552,0.17441323
9553,0.107465565
9554,0.08031329
9555,0.0328954
9556,0.92651
9557,0.948318
9558,0.95194566
9559,0.07486822
9560,0.054411653
9561,0.09369283
9562,0.020489905
9563,0.21628107
9564,0.02343531
9565,0.0071223476
9566,0.014567746
9567,0.021619093
9568,0.028373713
9569,0.08619008
9570,0.025526918
9571,0.21045354
9572,0.5990615
9573,0.11618913
9574,0.11733994
9575,0.06113902
9576,0.15103789
9577,0.08842131
9578,0.17657919
9579,0.11832613
9580,0.0328954
9581,0.13324879
9582,0.100971214
9583,0.13324879
9584,0.07154354
9585,0.013158834
9586,0.35878167
9587,0.34601787
9588,0.18806891
9589,0.062081154
9590,0.062486272
9591,0.11455826
9592,0.08271023
9593,0.1979531
9594,0.021619093
9595,0.06915115
9596,0.04391337
9597,0.04412497
9598,0.03992619
9599,0.057376403
9600,0.03566511
9601,0.15676102
9602,0.45364964
9603,0.21619739
9604,0.20797542
9605,0.11932221
9606,0.20208691
9607,0.1625152
9608,0.45423767
9609,0.05278833
9610,0.011067602
9611,0.0485668
9612,0.056821756
9613,0.103732154
9614,0.19746533
9615,0.06858506
9616,0.37566686
9617,0.20208691
9618,0.15607475
9619,0.9460783
9620,0.13729225
9621,0.1724039
9622,0.14155762
9623,0.0147924395
9624,0.048645392
9625,0.36872193
9626,0.078049794
9627,0.049192466
9628,0.015369749
9629,0.0491136
9630,0.12566277
9631,0.2200499
9632,0.27170494
9633,0.36133254
9634,0.34897155
9635,0.18551648
9636,0.15456085
9637,0.18330793
9638,0.0129282335
9639,0.024006262
9640,0.17177841
9641,0.06965166
9642,0.031785037
9643,0.29028404
9644,0.22995685
9645,0.086343765
9646,0.54678464
9647,0.32250318
9648,0.0071223476
9649,0.0706299
9650,0.076862656
9651,0.06858506
9652,0.06278125
9653,0.010861789
9654,0.014152891
9655,0.027406601
9656,0.05382216
9657,0.11455826
9658,0.066564575
9659,0.117485635
9660,0.29606366
9661,0.93927896
9662,0.346065
9663,0.19726077
9664,0.4533537
9665,0.117018476
9666,0.0071223476
9667,0.06609449
9668,0.046677064
9669,0.087034225
9670,0.19821419
9671,0.0721426
9672,0.009122779
9673,0.086343765
9674,0.15833142
9675,0.018266736
9676,0.0071223476
9677,0.028709989
9678,0.092444845
9679,0.04199725
9680,0.0071223476
9681,0.03623108
9682,0.02114934
9683,0.0071223476
9684,0.040920317
9685,0.057240188
9686,0.06959031
9687,0.11055493
9688,0.21810995
9689,0.21601555
9690,0.10772805
9691,0.453294
9692,0.54678464
9693,0.26011404
9694,0.16652516
9695,0.03672191
9696,0.011911434
9697,0.05766996
9698,0.09409855
9699,0.018896038
9700,0.026928155
9701,0.70723367
9702,0.01826879
9703,0.016386626
9704,0.029746782
9705,0.043355417
9706,0.056418803
9707,0.082100056
9708,0.01665038
9709,0.07013
9710,0.007268069
9711,0.019381039
9712,0.031002576
9713,0.051624637
9714,0.10525783
9715,0.36872193
9716,0.18330793
9717,0.11037434
9718,0.71779704
9719,0.35488454
9720,0.3602093
9721,0.34662402
9722,0.03121902
9723,0.02648786
9724,0.055544242
9725,0.023623602
9726,0.015806224
9727,0.024651546
9728,0.05071526
9729,0.31135306
9730,0.08413091
9731,0.16882835
9732,0.021619093
9733,0.0862465
9734,0.06895055
9735,0.15698934
9736,0.178696
9737,0.04033368
9738,0.028373713
9739,0.060450576
9740,0.11335244
9741,0.60043013
9742,0.1881489
9743,0.29912075
9744,0.19738375
9745,0.28967705
9746,0.1755832
9747,0.02683371
9748,0.027161838
9749,0.0071223476
9750,0.013158834
9751,0.011911434
9752,0.038401596
9753,0.008283394
9754,0.11714726
9755,0.09557442
9756,0.21039864
9757,0.25143707
9758,0.020489905
9759,0.09106891
9760,0.010649303
9761,0.1470228
9762,0.016798863
9763,0.010861789
9764,0.009122779
9765,0.11946815
9766,0.125151
9767,0.021619093
9768,0.0071223476
9769,0.1051155
9770,0.23560305
9771,0.09658075
9772,0.061684683
9773,0.13895185
9774,0.059419814
9775,0.024978789
9776,0.10761121
9777,0.117018476
9778,0.023623602
9779,0.009122779
9780,0.14773904
9781,0.009676807
9782,0.009122779
9783,0.014567746
9784,0.09553334
9785,0.059572097
9786,0.0339387
9787,0.1780457
9788,0.012242398
9789,0.04805056
9790,0.0077645117
9791,0.053337563
9792,0.23237447
9793,0.32902
9794,0.36931193
9795,0.058853574
9796,0.012051778
9797,0.031965293
9798,0.044839475
9799,0.0071223476
9800,0.066797234
9801,0.013158834
9802,0.040305506
9803,0.20238107
9804,0.011911434
9805,0.122035965
9806,0.013158834
9807,0.024006262
9808,0.018493215
9809,0.011911434
9810,0.015806224
9811,0.086343765
9812,0.071406305
9813,0.26679572
9814,0.012424513
9815,0.017416835
9816,0.0071223476
9817,0.08019814
9818,0.13868834
9819,0.22724472
9820,0.071329065
9821,0.013158834
9822,0.1333398
9823,0.044856634
9824,0.0976304
9825,0.1382958
9826,0.10101603
9827,0.020258002
9828,0.015369749
9829,0.0071223476
9830,0.25106665
9831,0.015369749
9832,0.020258002
9833,0.13160624
9834,0.054404374
9835,0.03902526
9836,0.038246445
9837,0.03690303
9838,0.09003725
9839,0.25819927
9840,0.043708134
9841,0.0071223476
9842,0.028373713
9843,0.032440685
9844,0.057197206
9845,0.15617442
9846,0.0721426
9847,0.23952146
9848,0.11455826
9849,0.018493215
9850,0.02633843
9851,0.045093622
9852,0.040848225
9853,0.23022543
9854,0.0923791
9855,0.10308091
9856,0.019381039
9857,0.08865965
9858,0.048645392
9859,0.0077645117
9860,0.009676807
9861,0.31238282
9862,0.45388186
9863,0.10492317
9864,0.0659393
9865,0.014152891
9866,0.08815643
9867,0.03606862
9868,0.015806224
9869,0.13423762
9870,0.078319356
9871,0.0706299
9872,0.9422411
9873,0.015806224
9874,0.054404374
9875,0.07110299
9876,0.076596
9877,0.017872712
9878,0.03804199
9879,0.157628
9880,0.37566686
9881,0.08271023
9882,0.150854
9883,0.025511926
9884,0.029098168
9885,0.008283394
9886,0.034585956
9887,0.11922913
9888,0.028160166
9889,0.020719834
9890,0.0674578
9891,0.018695576
9892,0.019381039
9893,0.0743849
9894,0.017416835
9895,0.123267874
9896,0.02096246
9897,0.044587612
9898,0.013971003
9899,0.0071223476
9900,0.095964044
9901,0.18892288
9902,0.07627339
9903,0.48969057
9904,0.078049794
9905,0.11212235
9906,0.018695576
9907,0.058085416
9908,0.11165368
9909,0.02835155
9910,0.5392318
9911,0.066861354
9912,0.007268069
9913,0.0071223476
9914,0.062683426
9915,0.18730061
9916,0.025939213
9917,0.011067602
9918,0.09911852
9919,0.07680726
9920,0.013743616
9921,0.02700177
9922,0.32250318
9923,0.008461238
9924,0.011400171
9925,0.019381039
9926,0.021881063
9927,0.05524733
9928,0.048075344
9929,0.0071223476
9930,0.2263481
9931,0.10988598
9932,0.0071223476
9933,0.008283394
9934,0.009676807
9935,0.077409275
9936,0.19659714
9937,0.10662997
9938,0.10443721
9939,0.049707375
9940,0.023872776
9941,0.009662423
9942,0.062306195
9943,0.19796021
9944,0.12256658
9945,0.010861789
9946,0.059279118
9947,0.0071223476
9948,0.0071223476
9949,0.017416835
9950,0.0071223476
9951,0.0071223476
9952,0.009676807
9953,0.0071223476
9954,0.032092076
9955,0.024127202
9956,0.060164463
9957,0.043012068
9958,0.14773904
9959,0.0129282335
9960,0.010512373
9961,0.13124302
9962,0.20795071
9963,0.009676807
9964,0.011733236
9965,0.02096246
9966,0.03380936
9967,0.020489905
9968,0.010861789
9969,0.01963433
9970,0.022731746
9971,0.022731746
9972,0.1100375
9973,0.013158834
9974,0.009676807
9975,0.013158834
9976,0.013743616
9977,0.0354689
9978,0.029621301
9979,0.0071223476
9980,0.0071223476
9981,0.12972488
9982,0.026452854
9983,0.07408269
9984,0.0071223476
9985,0.011400171
9986,0.053969912
9987,0.037163477
9988,0.0071223476
9989,0.16841193
9990,0.08800389
9991,0.11051104
9992,0.05417213
9993,0.0129282335
9994,0.20586963
9995,0.018266736
9996,0.013158834
9997,0.0071223476
9998,0.1100416
9999,0.06326835
10000,0.008468514
10001,0.09211796
10002,0.0071223476
10003,0.013158834
10004,0.0071223476
10005,0.0071223476
10006,0.07680726
10007,0.007268069
10008,0.011400171
10009,0.019381039
10010,0.06915115
10011,0.010107609
10012,0.014152891
10013,0.008838473
10014,0.08435501
10015,0.03967395
10016,0.14537856
10017,0.019381039
10018,0.019381039
10019,0.0071223476
10020,0.020719834
10021,0.021619093
10022,0.07597065
10023,0.009329261
10024,0.024648247
10025,0.027406601
10026,0.008076114
10027,0.010649303
10028,0.026928155
10029,0.110921375
10030,0.20756228
10031,0.08777904
10032,0.01963433
10033,0.025632272
10034,0.033536527
10035,0.07511127
10036,0.05187312
10037,0.0071223476
10038,0.055583034
10039,0.007514238
10040,0.03761638
10041,0.13331793
10042,0.027837979
10043,0.0071223476
10044,0.026689762
10045,0.11599123
10046,0.02294404
10047,0.10075607
10048,0.29769653
10049,0.13980043
10050,0.019915065
10051,0.023872776
10052,0.045996852
10053,0.011733236
10054,0.30361706
10055,0.032309975
10056,0.22074777
10057,0.08304668
10058,0.18475848
10059,0.055936053
10060,0.023872776
10061,0.018497758
10062,0.029916111
10063,0.0071223476
10064,0.20795071
10065,0.027915223
10066,0.6016202
10067,0.27372772
10068,0.0078067207
10069,0.041147973
10070,0.07934804
10071,0.051693846
10072,0.0071223476
10073,0.04360145
10074,0.09032967
10075,0.007922235
10076,0.03570942
10077,0.100519024
10078,0.15458654
10079,0.53030527
10080,0.48961464
10081,0.20625387
10082,0.12843068
10083,0.31587613
10084,0.009329261
10085,0.030464998
10086,0.011788357
10087,0.045145575
10088,0.010469167
10089,0.1912359
10090,0.38452154
10091,0.1256595
10092,0.21628107
10093,0.49031565
10094,0.11861156
10095,0.0071223476
10096,0.38526744
10097,0.032590996
10098,0.46496633
10099,0.03429639
10100,0.07627339
10101,0.03713947
10102,0.05947967
10103,0.024655432
10104,0.06842395
10105,0.06358445
10106,0.044108093
10107,0.029363044
10108,0.06630113
10109,0.28185254
10110,0.07380294
10111,0.041735064
10112,0.040890023
10113,0.019915065
10114,0.025489705
10115,0.04003649
10116,0.014513242
10117,0.03897697
10118,0.12537666
10119,0.011733236
10120,0.055382166
10121,0.14450885
10122,0.09719903
10123,0.24878757
10124,0.021881063
10125,0.041453928
10126,0.016798863
10127,0.012051778
10128,0.015594277
10129,0.015594277
10130,0.016055644
10131,0.44549906
10132,0.06983615
10133,0.0347009
10134,0.3602093
10135,0.32869956
10136,0.061169088
10137,0.029916111
10138,0.015066282
10139,0.018695576
10140,0.026205717
10141,0.007589356
10142,0.041375484
10143,0.0071223476
10144,0.010861789
10145,0.065463714
10146,0.1039755
10147,0.105372354
10148,0.15902722
10149,0.41373056
10150,0.01665038
10151,0.0071223476
10152,0.04521815
10153,0.020146895
10154,0.01963433
10155,0.011067602
10156,0.03231153
10157,0.050894603
10158,0.22693123
10159,0.027915223
10160,0.055050686
10161,0.0098183695
10162,0.058596123
10163,0.1270704
10164,0.4457935
10165,0.021619093
10166,0.027432643
10167,0.030772287
10168,0.0256922
10169,0.033070844
10170,0.0694207
10171,0.010113833
10172,0.0327892
10173,0.016798863
10174,0.14027
10175,0.18928814
10176,0.10943301
10177,0.08199622
10178,0.095349155
10179,0.025084088
10180,0.029088048
10181,0.016989255
10182,0.024404729
10183,0.060772967
10184,0.055936053
10185,0.08484805
10186,0.013158834
10187,0.030464998
10188,0.024676895
10189,0.056901917
10190,0.021881063
10191,0.06529266
10192,0.030865971
10193,0.008283394
10194,0.091046594
10195,0.020919316
10196,0.10903544
10197,0.19146737
10198,0.128109
10199,0.036112435
10200,0.028695814
10201,0.03729047
10202,0.09550737
10203,0.022308737
10204,0.015806224
10205,0.041484244
10206,0.23643398
10207,0.019168993
10208,0.0071223476
10209,0.017810684
10210,0.065134875
10211,0.05187312
10212,0.14386792
10213,0.10414989
10214,0.13122407
10215,0.054735865
10216,0.043992106
10217,0.033880588
10218,0.066594616
10219,0.077405736
10220,0.0862465
10221,0.061770853
10222,0.44549906
10223,0.11402008
10224,0.030799652
10225,0.07971063
10226,0.015110308
10227,0.06503536
10228,0.011067602
10229,0.084065534
10230,0.0256922
10231,0.0071223476
10232,0.015806224
10233,0.017810684
10234,0.11485527
10235,0.041302323
10236,0.043195475
10237,0.058774352
10238,0.10411013
10239,0.10750122
10240,0.26134145
10241,0.089738004
10242,0.018493215
10243,0.12209921
10244,0.04632268
10245,0.06219556
10246,0.007922235
10247,0.0089379735
10248,0.07190769
10249,0.047029477
10250,0.15313391
10251,0.10556857
10252,0.15489185
10253,0.051656067
10254,0.060620017
10255,0.014138083
10256,0.0147924395
10257,0.017810684
10258,0.11680053
10259,0.011067602
10260,0.0071223476
10261,0.030886805
10262,0.0071223476
10263,0.007268069
10264,0.05005079
10265,0.052673124
10266,0.08865965
10267,0.14885546
10268,0.06867942
10269,0.18928814
10270,0.101955794
10271,0.15916364
10272,0.012242398
10273,0.09801427
10274,0.042248193
10275,0.0684552
10276,0.010469167
10277,0.019915065
10278,0.040969517
10279,0.013553072
10280,0.01421923
10281,0.07220899
10282,0.06377257
10283,0.018493215
10284,0.04824038
10285,0.07604162
10286,0.0256922
10287,0.048711315
10288,0.008076114
10289,0.0118735535
10290,0.021881063
10291,0.05018467
10292,0.018896038
10293,0.04249679
10294,0.086823106
10295,0.049503278
10296,0.14074686
10297,0.26779577
10298,0.072988786
10299,0.0735717
10300,0.077405736
10301,0.13942342
10302,0.105875514
10303,0.119683824
10304,0.06376859
10305,0.019915065
10306,0.2578779
10307,0.06609616
10308,0.058959868
10309,0.05334608
10310,0.08205326
10311,0.018493215
10312,0.042248193
10313,0.009460591
10314,0.008283394
10315,0.054477848
10316,0.22693123
10317,0.058044143
10318,0.030466871
10319,0.087034225
10320,0.4191673
10321,0.08062575
10322,0.013158834
10323,0.10880857
10324,0.073219895
10325,0.23443978
10326,0.27307624
10327,0.101540335
10328,0.007922235
10329,0.044773627
10330,0.108140655
10331,0.2243515
10332,0.045807548
10333,0.1408436
10334,0.06919042
10335,0.049471818
10336,0.011247575
10337,0.015806224
10338,0.038497988
10339,0.043195475
10340,0.07220899
10341,0.0115744015
10342,0.10956093
10343,0.16462334
10344,0.11861156
10345,0.1210294
10346,0.046542536
10347,0.12570053
10348,0.16614527
10349,0.29322436
10350,0.079704925
10351,0.01033226
10352,0.059993252
10353,0.0071223476
10354,0.009889232
10355,0.059474666
10356,0.36084947
10357,0.037465338
10358,0.024312718
10359,0.33280516
10360,0.15116063
10361,0.016989255
10362,0.008076114
10363,0.05528611
10364,0.073219895
10365,0.16930577
10366,0.16402823
10367,0.07864552
10368,0.044493094
10369,0.18858029
10370,0.15537483
10371,0.16498768
10372,0.21197924
10373,0.26189917
10374,0.14289223
10375,0.009329261
10376,0.015806224
10377,0.059187952
10378,0.1039755
10379,0.05560011
10380,0.22858135
10381,0.93927896
10382,0.091046594
10383,0.03283175
10384,0.31167397
10385,0.054477848
10386,0.037465338
10387,0.22709484
10388,0.019168993
10389,0.028953599
10390,0.05750961
10391,0.080474265
10392,0.012242398
10393,0.04262722
10394,0.32279965
10395,0.031809058
10396,0.09719903
10397,0.21575779
10398,0.13007486
10399,0.2496211
10400,0.24688126
10401,0.30396503
10402,0.008283394
10403,0.22641882
10404,0.05982851
10405,0.15740913
10406,0.71987367
10407,0.30329815
10408,0.3218268
10409,0.0071223476
10410,0.14096376
10411,0.016798863
10412,0.057186227
10413,0.016989255
10414,0.0071223476
10415,0.011067602
10416,0.049503278
10417,0.008468514
10418,0.0071223476
10419,0.026689762
10420,0.052055683
10421,0.07143736
10422,0.06154221
10423,0.10731528
10424,0.09111224
10425,0.22418405
10426,0.16450068
10427,0.04450635
10428,0.1012404
10429,0.18858029
10430,0.02479791
10431,0.022427535
10432,0.93927896
10433,0.92785966
10434,0.45575354
10435,0.007268069
10436,0.009329261
10437,0.0071223476
10438,0.007655497
10439,0.29742536
10440,0.021838667
10441,0.058044143
10442,0.008076114
10443,0.07441044
10444,0.08792368
10445,0.037956502
10446,0.0071223476
10447,0.29742536
10448,0.0071223476
10449,0.014567746
10450,0.105707146
10451,0.094330885
10452,0.091984555
10453,0.041932385
10454,0.12659708
10455,0.093365304
10456,0.007922235
10457,0.008076114
10458,0.13814488
10459,0.1012404
10460,0.108140655
10461,0.9306247
10462,0.8605678
10463,0.6043767
10464,0.012638732
10465,0.031785037
10466,0.0071223476
10467,0.19023648
10468,0.06623637
10469,0.17322193
10470,0.027915223
10471,0.067173384
10472,0.028967364
10473,0.06841562
10474,0.11021477
10475,0.13842006
10476,0.12539038
10477,0.36566082
10478,0.36086693
10479,0.19204976
10480,0.17648782
10481,0.111366786
10482,0.1173215
10483,0.07889675
10484,0.03842166
10485,0.063033745
10486,0.13944127
10487,0.14545321
10488,0.17913084
10489,0.12605982
10490,0.04686308
10491,0.93927896
10492,0.948318
10493,0.95194566
10494,0.10873811
10495,0.043022763
10496,0.0765792
10497,0.18222587
10498,0.039868943
10499,0.019168993
10500,0.03705411
10501,0.04925842
10502,0.09539296
10503,0.046317227
10504,0.20404552
10505,0.86412203
10506,0.109390475
10507,0.14322113
10508,0.096403755
10509,0.20856883
10510,0.054860834
10511,0.12511589
10512,0.11606546
10513,0.051656067
10514,0.09506128
10515,0.09734333
10516,0.065403946
10517,0.042637903
10518,0.010861789
10519,0.32078964
10520,0.31135306
10521,0.193994
10522,0.045145575
10523,0.028695814
10524,0.07604162
10525,0.062479425
10526,0.22609153
10527,0.04632268
10528,0.033472836
10529,0.031350892
10530,0.045544226
10531,0.033191077
10532,0.06266902
10533,0.18359151
10534,0.5370165
10535,0.2963808
10536,0.31626445
10537,0.10155733
10538,0.28870595
10539,0.20824634
10540,0.4142444
10541,0.06695485
10542,0.030799652
10543,0.056486927
10544,0.032430008
10545,0.1389814
10546,0.20824634
10547,0.11896969
10548,0.35386953
10549,0.17831795
10550,0.21342678
10551,0.9460783
10552,0.12325929
10553,0.15055935
10554,0.14913611
10555,0.025632272
10556,0.35350826
10557,0.07220899
10558,0.060450576
10559,0.041735064
10560,0.0532223
10561,0.15424682
10562,0.34747934
10563,0.31167397
10564,0.4533537
10565,0.33605668
10566,0.19304034
10567,0.14992231
10568,0.19802989
10569,0.0071223476
10570,0.14400132
10571,0.07864552
10572,0.0107253995
10573,0.25979218
10574,0.2109536
10575,0.06730423
10576,0.5370165
10577,0.25740877
10578,0.0071223476
10579,0.08815643
10580,0.07992609
10581,0.065952085
10582,0.02535469
10583,0.016989255
10584,0.05334608
10585,0.08270545
10586,0.084390484
10587,0.14556552
10588,0.36635965
10589,0.86412203
10590,0.38452154
10591,0.2578779
10592,0.5362935
10593,0.11787105
10594,0.009889232
10595,0.06262839
10596,0.08421753
10597,0.081737556
10598,0.19146737
10599,0.054404374
10600,0.050894603
10601,0.07864552
10602,0.1080505
10603,0.04632268
10604,0.028923653
10605,0.060391624
10606,0.040860765
10607,0.009676807
10608,0.063033745
10609,0.032195296
10610,0.0071223476
10611,0.03429639
10612,0.0681773
10613,0.0694207
10614,0.104486026
10615,0.21014436
10616,0.23034205
10617,0.12218629
10618,0.6354761
10619,0.5997324
10620,0.29028404
10621,0.14753687
10622,0.007422802
10623,0.020146895
10624,0.05268486
10625,0.056597315
10626,0.01421923
10627,0.009676807
10628,0.03831601
10629,0.6002505
10630,0.0422466
10631,0.016055644
10632,0.09574332
10633,0.024530547
10634,0.050331917
10635,0.042809367
10636,0.08726836
10637,0.007422802
10638,0.04434105
10639,0.013431989
10640,0.02479791
10641,0.042248193
10642,0.067947276
10643,0.12537666
10644,0.36872193
10645,0.17047858
10646,0.15055935
10647,0.86281693
10648,0.35488454
10649,0.36822465
10650,0.4343384
10651,0.07143898
10652,0.05593275
10653,0.051656067
10654,0.017416835
10655,0.009889232
10656,0.025511198
10657,0.09457966
10658,0.3453766
10659,0.08200563
10660,0.1866669
10661,0.021619093
10662,0.09735287
10663,0.070204794
10664,0.10840152
10665,0.118178874
10666,0.057492796
10667,0.009676807
10668,0.059400983
10669,0.09340437
10670,0.7089591
10671,0.14291535
10672,0.30667183
10673,0.18960899
10674,0.22404273
10675,0.18547785
10676,0.06206045
10677,0.02479791
10678,0.01963433
10679,0.06529266
10680,0.011247575
10681,0.1064835
10682,0.060138132
10683,0.12537666
10684,0.18666808
10685,0.020146895
10686,0.058044143
10687,0.010469167
10688,0.16700102
10689,0.046127703
10690,0.06704335
10691,0.14803723
10692,0.018896038
10693,0.09886079
10694,0.22074777
10695,0.10075607
10696,0.11418373
10697,0.0071223476
10698,0.14350457
10699,0.060772967
10700,0.014567746
10701,0.12277552
10702,0.06598148
10703,0.036736056
10704,0.0089379735
10705,0.11152262
10706,0.009460591
10707,0.009122779
10708,0.016798863
10709,0.13263525
10710,0.009460591
10711,0.056901917
10712,0.05741314
10713,0.12217418
10714,0.018896038
10715,0.044523496
10716,0.0071223476
10717,0.043992106
10718,0.16514014
10719,0.35488454
10720,0.36198673
10721,0.043169003
10722,0.0118735535
10723,0.013158834
10724,0.045544226
10725,0.021881063
10726,0.050821804
10727,0.013158834
10728,0.07220899
10729,0.20215705
10730,0.011733236
10731,0.027322985
10732,0.013158834
10733,0.0071223476
10734,0.016989255
10735,0.015806224
10736,0.089738004
10737,0.07841323
10738,0.29606366
10739,0.017810684
10740,0.012424513
10741,0.019915065
10742,0.09719903
10743,0.15265186
10744,0.29742536
10745,0.049932443
10746,0.012869265
10747,0.09408234
10748,0.021619093
10749,0.009460591
10750,0.04577711
10751,0.098140985
10752,0.08800389
10753,0.008076114
10754,0.011733236
10755,0.018695576
10756,0.008076114
10757,0.24345088
10758,0.015066282
10759,0.014401168
10760,0.084414706
10761,0.05334608
10762,0.048161812
10763,0.04632268
10764,0.040453218
10765,0.09457966
10766,0.32907125
10767,0.019168993
10768,0.0071223476
10769,0.014567746
10770,0.067580454
10771,0.027322985
10772,0.05334608
10773,0.1713954
10774,0.05775158
10775,0.2321299
10776,0.11152262
10777,0.043739703
10778,0.03882573
10779,0.04978525
10780,0.010469167
10781,0.25443557
10782,0.076816775
10783,0.037831616
10784,0.06465675
10785,0.061770853
10786,0.0071223476
10787,0.0077645117
10788,0.3218268
10789,0.48173773
10790,0.119683824
10791,0.06473145
10792,0.051255096
10793,0.062789395
10794,0.037627243
10795,0.08447181
10796,0.119009376
10797,0.06179054
10798,0.87935627
10799,0.015806224
10800,0.061641682
10801,0.03427058
10802,0.09128972
10803,0.0071223476
10804,0.022458203
10805,0.18095504
10806,0.3675249
10807,0.07146843
10808,0.18046139
10809,0.020146895
10810,0.021062452
10811,0.0147924395
10812,0.08699852
10813,0.039007217
10814,0.026452854
10815,0.042779014
10816,0.012638732
10817,0.10108341
10818,0.020732481
10819,0.09408234
10820,0.047455896
10821,0.037627243
10822,0.013971003
10823,0.031613577
10824,0.08421753
10825,0.05309761
10826,0.020732481
10827,0.021619093
10828,0.047615286
10829,0.5375142
10830,0.110697344
10831,0.047762163
10832,0.04978525
10833,0.048973374
10834,0.08192485
10835,0.09097463
10836,0.024143055
10837,0.024006262
10838,0.44549906
10839,0.042248193
10840,0.0071223476
10841,0.036263283
10842,0.08367653
10843,0.1441938
10844,0.06397033
10845,0.037646584
10846,0.020179601
10847,0.23447621
10848,0.012592993
10849,0.04199725
10850,0.037831616
10851,0.054188196
10852,0.033070844
10853,0.0071223476
10854,0.1853233
10855,0.07864552
10856,0.0071223476
10857,0.013158834
10858,0.049503278
10859,0.13122407
10860,0.108140655
10861,0.054404374
10862,0.020692438
10863,0.0071223476
10864,0.022427535
10865,0.05018467
10866,0.18547785
10867,0.088794604
10868,0.007922235
10869,0.0071223476
10870,0.012424513
10871,0.007268069
10872,0.0147924395
10873,0.011247575
10874,0.016989255
10875,0.008697048
10876,0.009676807
10877,0.012242398
10878,0.014567746
10879,0.0071223476
10880,0.024530547
10881,0.0071223476
10882,0.02708927
10883,0.16167983
10884,0.008697048
10885,0.012638732
10886,0.13178183
10887,0.1917275
10888,0.024256865
10889,0.01421923
10890,0.022906069
10891,0.009460591
10892,0.018695576
10893,0.026960785
10894,0.019168993
10895,0.008468514
10896,0.01421923
10897,0.058596123
10898,0.013743616
10899,0.009460591
10900,0.008283394
10901,0.050193746
10902,0.028373713
10903,0.034577623
10904,0.056486927
10905,0.0077645117
10906,0.14181003
10907,0.05528611
10908,0.06700401
10909,0.008697048
10910,0.0071223476
10911,0.020732481
10912,0.011733236
10913,0.05349377
10914,0.016989255
10915,0.0071223476
10916,0.009329261
10917,0.0071223476
10918,0.009676807
10919,0.14777592
10920,0.06419595
10921,0.082229264
10922,0.028160166
10923,0.012638732
10924,0.0071223476
10925,0.013158834
10926,0.14322113
10927,0.008076114
10928,0.016798863
10929,0.06841562
10930,0.0071223476
10931,0.051255096
10932,0.0077645117
10933,0.12198595
10934,0.024256865
10935,0.025084088
10936,0.028373713
10937,0.023367975
10938,0.0077645117
10939,0.0071223476
10940,0.011247575
10941,0.020722149
10942,0.018695576
10943,0.041962713
10944,0.01665038
10945,0.02923233
10946,0.06273964
10947,0.045544226
10948,0.15288514
10949,0.056486927
10950,0.022906069
10951,0.007268069
10952,0.007922235
10953,0.0118735535
10954,0.0596951
10955,0.0071223476
10956,0.014567746
10957,0.015806224
10958,0.03270373
10959,0.012638732
10960,0.0071223476
10961,0.04412497
10962,0.12245064
10963,0.21555844
10964,0.057899885
10965,0.01963433
10966,0.055936053
10967,0.089029126
10968,0.05187312
10969,0.029916111
10970,0.02031194
10971,0.13970226
10972,0.09205658
10973,0.019240344
10974,0.056597315
10975,0.05187312
10976,0.031613577
10977,0.024006262
10978,0.07669601
10979,0.07526186
10980,0.08157736
10981,0.1481612
10982,0.08274106
10983,0.019915065
10984,0.0076609217
10985,0.01421923
10986,0.35386953
10987,0.020835545
10988,0.2595421
10989,0.19546412
10990,0.15295556
10991,0.055936053
10992,0.024530547
10993,0.023872776
10994,0.052199714
10995,0.12912731
10996,0.028160166
10997,0.6016202
10998,0.11483699
10999,0.041147973
11000,0.09314895
11001,0.077219576
11002,0.026689762
11003,0.021619093
11004,0.071668126
11005,0.08770192
11006,0.016989255
11007,0.013971003
11008,0.01963433
11009,0.15506299
11010,0.22291747
11011,0.45462587
11012,0.3670957
11013,0.05110772
11014,0.12892203
11015,0.024530547
11016,0.14147602
11017,0.28286123
11018,0.012242398
11019,0.04690973
11020,0.0681773
11021,0.050331917
11022,0.13958316
11023,0.38452154
11024,0.04258487
11025,0.13932365
11026,0.49031565
11027,0.18827248
11028,0.4197918
11029,0.09353488
11030,0.48249593
11031,0.040897287
11032,0.071004055
11033,0.03469886
11034,0.06206045
11035,0.039007217
11036,0.07875437
11037,0.07051744
11038,0.010358388
11039,0.036658693
11040,0.2806508
11041,0.07380294
11042,0.0313837
11043,0.07864552
11044,0.07279374
11045,0.019915065
11046,0.01613739
11047,0.007589356
11048,0.03897697
11049,0.10202502
11050,0.026923386
11051,0.11402754
11052,0.17118059
11053,0.25084916
11054,0.021881063
11055,0.09353488
11056,0.09205658
11057,0.03570942
11058,0.05005079
11059,0.015594277
11060,0.5362935
11061,0.081737556
11062,0.07869017
11063,0.68598986
11064,0.33420554
11065,0.06630113
11066,0.0071223476
11067,0.018695576
11068,0.0071223476
11069,0.007589356
11070,0.045049425
11071,0.009329261
11072,0.0874208
11073,0.10504112
11074,0.09568321
11075,0.31951174
11076,0.48961464
11077,0.008283394
11078,0.014567746
11079,0.043934833
11080,0.011067602
11081,0.0071223476
11082,0.019915065
11083,0.0089379735
11084,0.051656067
11085,0.20468928
11086,0.020146895
11087,0.041932385
11088,0.011247575
11089,0.011247575
11090,0.10798532
11091,0.020919316
11092,0.15946905
11093,0.34742406
11094,0.013158834
11095,0.05733446
11096,0.016989255
11097,0.037831616
11098,0.018493215
11099,0.07770889
11100,0.04412497
11101,0.01665038
11102,0.027527144
11103,0.0071223476
11104,0.12960246
11105,0.1385166
11106,0.08776959
11107,0.02519547
11108,0.06388522
11109,0.028373713
11110,0.04450635
11111,0.0716099
11112,0.075672016
11113,0.095516875
11114,0.04842642
11115,0.12469877
11116,0.024583692
11117,0.029088048
11118,0.025084088
11119,0.030772287
11120,0.06397033
11121,0.04675733
11122,0.020919316
11123,0.08112549
11124,0.18246254
11125,0.16912346
11126,0.038445916
11127,0.010861789
11128,0.040318042
11129,0.054588024
11130,0.032079943
11131,0.015806224
11132,0.0681773
11133,0.045038
11134,0.23893234
11135,0.02317973
11136,0.0115744015
11137,0.04632268
11138,0.052208863
11139,0.070322454
11140,0.16735865
11141,0.1187939
11142,0.119683824
11143,0.054735865
11144,0.03570942
11145,0.03176218
11146,0.061402626
11147,0.10188311
11148,0.012242398
11149,0.067905
11150,0.05131091
11151,0.44549906
11152,0.093789585
11153,0.008076114
11154,0.013158834
11155,0.09976433
11156,0.009869017
11157,0.0222787
11158,0.04412497
11159,0.012242398
11160,0.058848575
11161,0.039519
11162,0.021881063
11163,0.03337158
11164,0.15921411
11165,0.0707028
11166,0.05775158
11167,0.07136669
11168,0.088794604
11169,0.08108594
11170,0.2447163
11171,0.089029126
11172,0.015594277
11173,0.119009376
11174,0.029943487
11175,0.06599865
11176,0.007922235
11177,0.0089379735
11178,0.094733134
11179,0.015187318
11180,0.16498768
11181,0.058893967
11182,0.14289223
11183,0.0336233
11184,0.045996852
11185,0.013032767
11186,0.008283394
11187,0.1598035
11188,0.011067602
11189,0.046542536
11190,0.045478903
11191,0.0147924395
11192,0.03306183
11193,0.06266902
11194,0.054735865
11195,0.101747066
11196,0.1337919
11197,0.09401604
11198,0.185791
11199,0.12960246
11200,0.14027
11201,0.008697048
11202,0.11485527
11203,0.05005079
11204,0.0719074
11205,0.010469167
11206,0.03429639
11207,0.15055935
11208,0.021129673
11209,0.021881063
11210,0.041453928
11211,0.0071223476
11212,0.07511127
11213,0.10301209
11214,0.0071223476
11215,0.034089234
11216,0.0071223476
11217,0.019168993
11218,0.08800389
11219,0.04925842
11220,0.031613577
11221,0.09110637
11222,0.05852278
11223,0.17691751
11224,0.31559128
11225,0.060814958
11226,0.08073504
11227,0.06473578
11228,0.11287267
11229,0.08157736
11230,0.101573944
11231,0.07597065
11232,0.010649303
11233,0.010113833
11234,0.0071223476
11235,0.27414235
11236,0.080474265
11237,0.045147188
11238,0.055936053
11239,0.12209189
11240,0.011247575
11241,0.04686308
11242,0.020146895
11243,0.07646675
11244,0.32907125
11245,0.058044143
11246,0.03897697
11247,0.11021477
11248,0.60243964
11249,0.070660934
11250,0.015066282
11251,0.12754467
11252,0.09353488
11253,0.18535891
11254,0.29139262
11255,0.103820734
11256,0.020146895
11257,0.04894233
11258,0.043022763
11259,0.071201295
11260,0.16563077
11261,0.024271188
11262,0.18479967
11263,0.08237161
11264,0.013275879
11265,0.015066282
11266,0.012424513
11267,0.015806224
11268,0.048161812
11269,0.045332342
11270,0.07511127
11271,0.013158834
11272,0.14627215
11273,0.14297605
11274,0.124298945
11275,0.13492276
11276,0.06599865
11277,0.12292996
11278,0.22169584
11279,0.22693123
11280,0.04842642
11281,0.01033226
11282,0.089738004
11283,0.0256922
11284,0.040890023
11285,0.36084947
11286,0.04610181
11287,0.03979614
11288,0.27414235
11289,0.18893084
11290,0.0071223476
11291,0.059400983
11292,0.066466026
11293,0.13538755
11294,0.22169584
11295,0.010113833
11296,0.08157736
11297,0.030171907
11298,0.1337919
11299,0.11981291
11300,0.14845942
11301,0.19323002
11302,0.26189917
11303,0.119683824
11304,0.03713947
11305,0.07945879
11306,0.045180175
11307,0.2821662
11308,0.93927896
11309,0.09205658
11310,0.046542536
11311,0.25522277
11312,0.019168993
11313,0.06700401
11314,0.22709484
11315,0.015806224
11316,0.06787684
11317,0.10219314
11318,0.0071223476
11319,0.036362484
11320,0.0071223476
11321,0.29803598
11322,0.026400166
11323,0.073219895
11324,0.193994
11325,0.10859448
11326,0.22022256
11327,0.23235844
11328,0.29322436
11329,0.03516102
11330,0.20824634
11331,0.08713145
11332,0.13120615
11333,0.86281693
11334,0.3365292
11335,0.35911417
11336,0.028373713
11337,0.12255872
11338,0.061027665
11339,0.022906069
11340,0.01963433
11341,0.012051778
11342,0.01963433
11343,0.07350089
11344,0.008468514
11345,0.010113833
11346,0.019915065
11347,0.02265175
11348,0.06867942
11349,0.11485527
11350,0.072988786
11351,0.101901546
11352,0.20776577
11353,0.11021477
11354,0.0327892
11355,0.12277552
11356,0.20521495
11357,0.036803897
11358,0.038597103
11359,0.92785966
11360,0.71779704
11361,0.6043767
11362,0.007268069
11363,0.023872776
11364,0.024414795
11365,0.29742536
11366,0.06403439
11367,0.041704744
11368,0.11559512
11369,0.09523939
11370,0.08943555
11371,0.0089379735
11372,0.3134026
11373,0.013743616
11374,0.024006262
11375,0.15055935
11376,0.107633956
11377,0.095435105
11378,0.046317227
11379,0.1208321
11380,0.07985631
11381,0.021619093
11382,0.14797935
11383,0.09734333
11384,0.06841562
11385,0.93927896
11386,0.71779704
11387,0.63702273
11388,0.008283394
11389,0.038445916
11390,0.0071223476
11391,0.1612201
11392,0.09021749
11393,0.18586911
11394,0.021881063
11395,0.05235639
11396,0.030772287
11397,0.062263835
11398,0.10880857
11399,0.1527364
11400,0.09408234
11401,0.35878167
11402,0.3055808
11403,0.18759356
11404,0.14845942
11405,0.101747066
11406,0.0694207
11407,0.1049588
11408,0.053054005
11409,0.039629254
11410,0.010469167
11411,0.11946763
11412,0.13944127
11413,0.11287267
11414,0.08698134
11415,0.013971003
11416,0.92651
11417,0.948318
11418,0.95194566
11419,0.07279374
11420,0.041147973
11421,0.08073504
11422,0.16478567
11423,0.012242398
11424,0.01033226
11425,0.039519
11426,0.04925842
11427,0.0756477
11428,0.042398345
11429,0.23235844
11430,0.7089591
11431,0.10219314
11432,0.1049588
11433,0.09903952
11434,0.19323002
11435,0.08011917
11436,0.12511589
11437,0.093308896
11438,0.029916111
11439,0.08383209
11440,0.13331793
11441,0.045147188
11442,0.041147973
11443,0.036543537
11444,0.31559128
11445,0.31135306
11446,0.13100563
11447,0.055530135
11448,0.0071223476
11449,0.06490551
11450,0.09950823
11451,0.24243714
11452,0.007922235
11453,0.061177585
11454,0.0478207
11455,0.04686308
11456,0.022458203
11457,0.056901917
11458,0.060450576
11459,0.14514878
11460,0.5479348
11461,0.2578779
11462,0.21592243
11463,0.12786914
11464,0.24378279
11465,0.1652662
11466,0.5394969
11467,0.05034665
11468,0.018896038
11469,0.0071223476
11470,0.06882316
11471,0.12345865
11472,0.15377043
11473,0.067173384
11474,0.33420554
11475,0.21014436
11476,0.21818104
11477,0.9460783
11478,0.08586636
11479,0.0071223476
11480,0.16817215
11481,0.15467075
11482,0.016989255
11483,0.0076609217
11484,0.24865887
11485,0.06890961
11486,0.02265175
11487,0.05275779
11488,0.07262022
11489,0.12801622
11490,0.28967705
11491,0.3594769
11492,0.4197918
11493,0.29080594
11494,0.16516031
11495,0.1521094
11496,0.22118162
11497,0.0071223476
11498,0.071913354
11499,0.099599436
11500,0.080474265
11501,0.3055808
11502,0.20795071
11503,0.05334608
11504,0.42046
11505,0.32146546
11506,0.0071223476
11507,0.07279374
11508,0.07843931
11509,0.0874208
11510,0.060744982
11511,0.038157698
11512,0.0147924395
11513,0.046317227
11514,0.12793349
11515,0.06692481
11516,0.14386792
11517,0.3221503
11518,0.71987367
11519,0.346065
11520,0.25545666
11521,0.44549906
11522,0.10032518
11523,0.07879675
11524,0.08421753
11525,0.10625485
11526,0.16835687
11527,0.0336233
11528,0.0115744015
11529,0.115908995
11530,0.14747143
11531,0.038723744
11532,0.0071223476
11533,0.015110308
11534,0.02848163
11535,0.016055644
11536,0.056486927
11537,0.012638732
11538,0.013158834
11539,0.052208863
11540,0.04690973
11541,0.08002857
11542,0.22405197
11543,0.17799789
11544,0.07765583
11545,0.5997324
11546,0.49031565
11547,0.29803598
11548,0.119683824
11549,0.023872776
11550,0.061868582
11551,0.14579299
11552,0.01033226
11553,0.009676807
11554,0.009460591
11555,0.7085031
11556,0.021546692
11557,0.016055644
11558,0.066594616
11559,0.059187952
11560,0.08234464
11561,0.023872776
11562,0.048273798
11563,0.007922235
11564,0.03128002
11565,0.03427585
11566,0.09696427
11567,0.119683824
11568,0.38647997
11569,0.20404552
11570,0.13648206
11571,0.86281693
11572,0.3160775
11573,0.33420554
11574,0.24359852
11575,0.028923653
11576,0.042809367
11577,0.04163587
11578,0.029363044
11579,0.024530547
11580,0.029363044
11581,0.047615286
11582,0.4122468
11583,0.11418373
11584,0.28288466
11585,0.0089379735
11586,0.07763176
11587,0.08102864
11588,0.16866069
11589,0.12742454
11590,0.034002893
11591,0.015594277
11592,0.0071223476
11593,0.03074229
11594,0.09340437
11595,0.7110249
11596,0.16491884
11597,0.33594897
11598,0.20078266
11599,0.25919956
11600,0.17402855
11601,0.055519644
11602,0.04543778
11603,0.01963433
11604,0.0071223476
11605,0.06157386
11606,0.031180702
11607,0.0949322
11608,0.065403946
11609,0.106697194
11610,0.1890419
11611,0.020146895
11612,0.043961722
11613,0.16700102
11614,0.008468514
11615,0.0089379735
11616,0.10583462
11617,0.14543067
11618,0.024530547
11619,0.122606896
11620,0.19746533
11621,0.06329311
11622,0.06630113
11623,0.14470805
11624,0.07605097
11625,0.016055644
11626,0.15265186
11627,0.11021477
11628,0.031180702
11629,0.0089379735
11630,0.15813611
11631,0.009122779
11632,0.03247361
11633,0.07945879
11634,0.060450576
11635,0.15941517
11636,0.04788937
11637,0.04925842
11638,0.051656067
11639,0.1507413
11640,0.35488454
11641,0.38707757
11642,0.09675869
11643,0.012051778
11644,0.013743616
11645,0.021881063
11646,0.014285732
11647,0.026270583
11648,0.0662247
11649,0.18928814
11650,0.030592239
11651,0.04199725
11652,0.014567746
11653,0.016989255
11654,0.009889232
11655,0.015806224
11656,0.09950823
11657,0.09144273
11658,0.31135306
11659,0.016989255
11660,0.018493215
11661,0.03262105
11662,0.06291881
11663,0.12712705
11664,0.2823141
11665,0.089024976
11666,0.022253968
11667,0.066819295
11668,0.0071223476
11669,0.04361091
11670,0.05775158
11671,0.13794415
11672,0.049503278
11673,0.013158834
11674,0.011733236
11675,0.0071223476
11676,0.011247575
11677,0.20795071
11678,0.017810684
11679,0.024256865
11680,0.10011272
11681,0.08726836
11682,0.03038658
11683,0.021881063
11684,0.031613577
11685,0.07864552
11686,0.3331313
11687,0.026689762
11688,0.0071223476
11689,0.013743616
11690,0.007268069
11691,0.056486927
11692,0.038445916
11693,0.05852784
11694,0.14622557
11695,0.041704744
11696,0.217883
11697,0.065760106
11698,0.04332302
11699,0.008283394
11700,0.048273798
11701,0.03429639
11702,0.009122779
11703,0.21014436
11704,0.03161537
11705,0.02114934
11706,0.08471893
11707,0.071668126
11708,0.0077645117
11709,0.009329261
11710,0.34570587
11711,0.527676
11712,0.105372354
11713,0.034550276
11714,0.060772967
11715,0.062167373
11716,0.016055644
11717,0.08815643
11718,0.09735287
11719,0.048573416
11720,0.71547806
11721,0.05034665
11722,0.045986954
11723,0.067797564
11724,0.0071223476
11725,0.06347335
11726,0.1516759
11727,0.3602093
11728,0.06473718
11729,0.11566869
11730,0.020146895
11731,0.007263553
11732,0.039519
11733,0.090394825
11734,0.04450635
11735,0.04199725
11736,0.09205658
11737,0.066594616
11738,0.04033368
11739,0.023872776
11740,0.04412497
11741,0.050954707
11742,0.067691974
11743,0.037401725
11744,0.007268069
11745,0.039940972
11746,0.06841562
11747,0.1186193
11748,0.021619093
11749,0.06104343
11750,0.5375142
11751,0.19138683
11752,0.08367653
11753,0.009329261
11754,0.013431989
11755,0.0071223476
11756,0.057195343
11757,0.07480886
11758,0.0077645117
11759,0.007589356
11760,0.32839155
11761,0.019915065
11762,0.051117472
11763,0.18349667
11764,0.019915065
11765,0.09434395
11766,0.05593275
11767,0.0327892
11768,0.02127834
11769,0.2379038
11770,0.042769272
11771,0.054477848
11772,0.0071223476
11773,0.016989255
11774,0.03270373
11775,0.05524733
11776,0.013743616
11777,0.014567746
11778,0.13064745
11779,0.089029126
11780,0.013158834
11781,0.0071223476
11782,0.015110308
11783,0.15016273
11784,0.062263835
11785,0.054735865
11786,0.013410914
11787,0.0071223476
11788,0.05962564
11789,0.05187312
11790,0.13591954
11791,0.17981012
11792,0.007922235
11793,0.008076114
11794,0.061177585
11795,0.023638126
11796,0.0071223476
11797,0.024276577
11798,0.013158834
11799,0.008468514
11800,0.009676807
11801,0.016055644
11802,0.014567746
11803,0.0071223476
11804,0.020919316
11805,0.010861789
11806,0.061770853
11807,0.14579299
11808,0.012638732
11809,0.09205658
11810,0.012638732
11811,0.2109536
11812,0.009460591
11813,0.018695576
11814,0.045038
11815,0.008076114
11816,0.0077645117
11817,0.03352102
11818,0.0071223476
11819,0.008468514
11820,0.008283394
11821,0.026689762
11822,0.0071223476
11823,0.008283394
11824,0.053192742
11825,0.008697048
11826,0.059187952
11827,0.013431989
11828,0.029363044
11829,0.014567746
11830,0.013743616
11831,0.0071223476
11832,0.15581855
11833,0.045877688
11834,0.06473578
11835,0.008468514
11836,0.0071223476
11837,0.009676807
11838,0.025511198
11839,0.011733236
11840,0.018695576
11841,0.06356464
11842,0.013743616
11843,0.18403836
11844,0.034555845
11845,0.0983775
11846,0.06191156
11847,0.0071223476
11848,0.11705952
11849,0.027915223
11850,0.010113833
11851,0.0071223476
11852,0.0874208
11853,0.009676807
11854,0.058192484
11855,0.10563736
11856,0.016798863
11857,0.013431989
11858,0.050732538
11859,0.026452854
11860,0.013743616
11861,0.0071223476
11862,0.011247575
11863,0.018493215
11864,0.0071223476
11865,0.011247575
11866,0.026349595
11867,0.061248105
11868,0.041735064
11869,0.0071223476
11870,0.13932365
11871,0.031965293
11872,0.012242398
11873,0.012638732
11874,0.0071223476
11875,0.015594277
11876,0.07350089
11877,0.022906069
11878,0.02810656
11879,0.016989255
11880,0.016319308
11881,0.012638732
11882,0.029088048
11883,0.102783315
11884,0.18978843
11885,0.018695576
11886,0.05608411
11887,0.019168993
11888,0.033536527
11889,0.038371377
11890,0.020031096
11891,0.051976934
11892,0.017045984
11893,0.044674125
11894,0.033254754
11895,0.0076609217
11896,0.114220776
11897,0.07251263
11898,0.030191375
11899,0.024651546
11900,0.026689762
11901,0.085322775
11902,0.045945134
11903,0.032079943
11904,0.17820622
11905,0.010405029
11906,0.0923791
11907,0.046317227
11908,0.36678857
11909,0.044108093
11910,0.22998129
11911,0.0862465
11912,0.15458654
11913,0.056825064
11914,0.023872776
11915,0.052639432
11916,0.1387068
11917,0.019915065
11918,0.63346565
11919,0.1441085
11920,0.11196645
11921,0.14234221
11922,0.060046233
11923,0.009676807
11924,0.054411653
11925,0.0407385
11926,0.017416835
11927,0.013971003
11928,0.051756814
11929,0.14679995
11930,0.10948249
11931,0.4142444
11932,0.34679016
11933,0.03662268
11934,0.09553334
11935,0.024651546
11936,0.09147774
11937,0.23527333
11938,0.0071223476
11939,0.013971003
11940,0.040890023
11941,0.061770853
11942,0.04624408
11943,0.097784296
11944,0.2610049
11945,0.05253183
11946,0.20521495
11947,0.41367263
11948,0.19273122
11949,0.021881063
11950,0.48961464
11951,0.045332342
11952,0.49272072
11953,0.035187423
11954,0.047190525
11955,0.090137325
11956,0.037621774
11957,0.039764117
11958,0.15055935
11959,0.09959837
11960,0.007589356
11961,0.007802202
11962,0.30359694
11963,0.07627339
11964,0.030191375
11965,0.06890961
11966,0.12119779
11967,0.0071223476
11968,0.0076609217
11969,0.007589356
11970,0.03897697
11971,0.10188085
11972,0.15818708
11973,0.097697705
11974,0.05522853
11975,0.22693123
11976,0.019381039
11977,0.04316392
11978,0.012424513
11979,0.023623602
11980,0.013158834
11981,0.3675249
11982,0.14797935
11983,0.07703659
11984,0.40212244
11985,0.3602093
11986,0.007268069
11987,0.058452662
11988,0.03706179
11989,0.013158834
11990,0.018695576
11991,0.018266736
11992,0.015806224
11993,0.007589356
11994,0.04612786
11995,0.0115744015
11996,0.009329261
11997,0.102877595
11998,0.07221123
11999,0.09514388
12000,0.24314666
12001,0.4811994
12002,0.0077645117
12003,0.014567746
12004,0.06466464
12005,0.011067602
12006,0.01963433
12007,0.028695814
12008,0.01665038
12009,0.042415418
12010,0.22456957
12011,0.008283394
12012,0.060118143
12013,0.011400171
12014,0.063666284
12015,0.008156651
12016,0.16234943
12017,0.36084947
12018,0.008283394
12019,0.026452854
12020,0.04441419
12021,0.018493215
12022,0.026923386
12023,0.009329261
12024,0.066778764
12025,0.01033226
12026,0.025939213
12027,0.011911434
12028,0.12998249
12029,0.120842025
12030,0.11673814
12031,0.06842395
12032,0.071639344
12033,0.023872776
12034,0.04686308
12035,0.06347335
12036,0.0532223
12037,0.11212235
12038,0.07587937
12039,0.11634564
12040,0.008283394
12041,0.030191375
12042,0.029916111
12043,0.04199725
12044,0.04412497
12045,0.0798943
12046,0.022253968
12047,0.007589356
12048,0.11287299
12049,0.20585616
12050,0.21197924
12051,0.05299603
12052,0.05528611
12053,0.025345946
12054,0.12618186
12055,0.037018225
12056,0.015806224
12057,0.03938395
12058,0.008697048
12059,0.023872776
12060,0.16917968
12061,0.024256865
12062,0.023623602
12063,0.048347842
12064,0.063698865
12065,0.086343765
12066,0.12975812
12067,0.14386277
12068,0.14623478
12069,0.03074229
12070,0.039178133
12071,0.03312969
12072,0.0640679
12073,0.062341925
12074,0.062081154
12075,0.029916111
12076,0.4130076
12077,0.1319735
12078,0.016989255
12079,0.0941832
12080,0.066118196
12081,0.050397985
12082,0.027771996
12083,0.0071223476
12084,0.10668575
12085,0.021881063
12086,0.026452854
12087,0.02479791
12088,0.11815169
12089,0.062341925
12090,0.066305056
12091,0.061973475
12092,0.05925991
12093,0.13746338
12094,0.32161263
12095,0.068330996
12096,0.023623602
12097,0.07605097
12098,0.026452854
12099,0.07436793
12100,0.01665038
12101,0.009122779
12102,0.041035958
12103,0.02708927
12104,0.10234165
12105,0.029096102
12106,0.10430642
12107,0.019714015
12108,0.07116283
12109,0.025196683
12110,0.15119447
12111,0.011067602
12112,0.036318656
12113,0.04159995
12114,0.03203909
12115,0.012638732
12116,0.009329261
12117,0.0313837
12118,0.04361091
12119,0.040890023
12120,0.0679512
12121,0.14885546
12122,0.09739554
12123,0.19514182
12124,0.14027
12125,0.12998249
12126,0.032092076
12127,0.14663002
12128,0.025843155
12129,0.07291801
12130,0.026452854
12131,0.14289223
12132,0.043194287
12133,0.024006262
12134,0.066118196
12135,0.015594277
12136,0.028666358
12137,0.06694388
12138,0.07875437
12139,0.05005079
12140,0.02327867
12141,0.086343765
12142,0.04262881
12143,0.06773406
12144,0.063509196
12145,0.08066376
12146,0.13940305
12147,0.29256296
12148,0.09401604
12149,0.07996553
12150,0.049503278
12151,0.07214066
12152,0.06959031
12153,0.104640886
12154,0.08305808
12155,0.026689762
12156,0.29606366
12157,0.049503278
12158,0.07781765
12159,0.018811274
12160,0.13687399
12161,0.027161838
12162,0.0071223476
12163,0.010649303
12164,0.052861687
12165,0.3293794
12166,0.04842642
12167,0.049872834
12168,0.104640886
12169,0.60201204
12170,0.06630113
12171,0.0071223476
12172,0.11556715
12173,0.054735865
12174,0.22888201
12175,0.27427086
12176,0.07587937
12177,0.020146895
12178,0.05535626
12179,0.07703659
12180,0.1516759
12181,0.015187318
12182,0.17402855
12183,0.09342621
12184,0.04139584
12185,0.0071223476
12186,0.013431989
12187,0.047296315
12188,0.06694388
12189,0.08096782
12190,0.014567746
12191,0.116033696
12192,0.09532623
12193,0.13914329
12194,0.092767574
12195,0.03203909
12196,0.11296553
12197,0.20855503
12198,0.22456957
12199,0.025345946
12200,0.062640816
12201,0.04262881
12202,0.059897624
12203,0.5370165
12204,0.045150623
12205,0.0150939
12206,0.27414235
12207,0.21342678
12208,0.013431989
12209,0.070564315
12210,0.047342982
12211,0.2051406
12212,0.19236
12213,0.064866796
12214,0.05187312
12215,0.12324182
12216,0.11234366
12217,0.18482383
12218,0.16222702
12219,0.21315268
12220,0.10255455
12221,0.034405246
12222,0.055530135
12223,0.037880015
12224,0.30434987
12225,0.92785966
12226,0.0923791
12227,0.04361091
12228,0.26679572
12229,0.007268069
12230,0.0339387
12231,0.23207296
12232,0.012424513
12233,0.10195551
12234,0.09658075
12235,0.019915065
12236,0.08271023
12237,0.0071223476
12238,0.36154577
12239,0.019574197
12240,0.09353488
12241,0.1792235
12242,0.11569577
12243,0.21575779
12244,0.21045354
12245,0.3293794
12246,0.029088048
12247,0.16840613
12248,0.11240174
12249,0.14631186
12250,0.7080852
12251,0.4439819
12252,0.3365292
12253,0.029916111
12254,0.14787489
12255,0.0071223476
12256,0.037831616
12257,0.012051778
12258,0.052673124
12259,0.008076114
12260,0.008283394
12261,0.0071223476
12262,0.04216116
12263,0.065006845
12264,0.10958988
12265,0.13443829
12266,0.094347395
12267,0.188451
12268,0.09629396
12269,0.015369749
12270,0.087034225
12271,0.2056256
12272,0.03602264
12273,0.93927896
12274,0.7173387
12275,0.4928378
12276,0.028373713
12277,0.022253968
12278,0.04088442
12279,0.36054218
12280,0.09408178
12281,0.06062426
12282,0.0071223476
12283,0.0913349
12284,0.07692208
12285,0.04940879
12286,0.0071223476
12287,0.2482693
12288,0.013743616
12289,0.030191375
12290,0.113847025
12291,0.11733994
12292,0.071537584
12293,0.051909942
12294,0.16453528
12295,0.08918181
12296,0.021619093
12297,0.14797935
12298,0.119683824
12299,0.09673451
12300,0.93927896
12301,0.8605678
12302,0.63702273
12303,0.08603818
12304,0.02479791
12305,0.008468514
12306,0.20142594
12307,0.1483752
12308,0.19963989
12309,0.03570942
12310,0.04624408
12311,0.022253968
12312,0.054552205
12313,0.06588861
12314,0.15699886
12315,0.12246476
12316,0.3453766
12317,0.25979218
12318,0.19478007
12319,0.10697418
12320,0.11005912
12321,0.06694388
12322,0.106643066
12323,0.041147973
12324,0.048973374
12325,0.010861789
12326,0.1516759
12327,0.1668062
12328,0.034555845
12329,0.1039755
12330,0.032430008
12331,0.93927896
12332,0.948318
12333,0.95194566
12334,0.060772967
12335,0.008468514
12336,0.13658181
12337,0.012242398
12338,0.1979531
12339,0.029621301
12340,0.009460591
12341,0.0129282335
12342,0.0313837
12343,0.104640886
12344,0.038597103
12345,0.20826565
12346,0.7089591
12347,0.08271023
12348,0.09876208
12349,0.07739142
12350,0.17402855
12351,0.055192467
12352,0.134177
12353,0.12550348
12354,0.008697048
12355,0.106517255
12356,0.09886079
12357,0.042965606
12358,0.014401168
12359,0.02114934
12360,0.27414235
12361,0.26031336
12362,0.13780354
12363,0.06630113
12364,0.06707439
12365,0.0983775
12366,0.22693123
12367,0.024006262
12368,0.05982392
12369,0.031016055
12370,0.013971003
12371,0.06634771
12372,0.04446565
12373,0.13500312
12374,0.49031565
12375,0.2817721
12376,0.22693123
12377,0.12219643
12378,0.20913503
12379,0.17271717
12380,0.4909185
12381,0.034089234
12382,0.016989255
12383,0.0071223476
12384,0.022253968
12385,0.075057745
12386,0.1668062
12387,0.15577818
12388,0.31559128
12389,0.24213317
12390,0.23270342
12391,0.9460783
12392,0.12198595
12393,0.017416835
12394,0.09634462
12395,0.19853437
12396,0.0503889
12397,0.19949214
12398,0.06386962
12399,0.008156651
12400,0.045877688
12401,0.03729047
12402,0.15958473
12403,0.23631246
12404,0.3036804
12405,0.4197918
12406,0.25015894
12407,0.18096918
12408,0.15330477
12409,0.18263102
12410,0.0071223476
12411,0.1668062
12412,0.06615165
12413,0.08571237
12414,0.26872358
12415,0.28188634
12416,0.05630788
12417,0.4540377
12418,0.23447621
12419,0.097784296
12420,0.037219148
12421,0.1039755
12422,0.033807307
12423,0.010861789
12424,0.02873993
12425,0.0071223476
12426,0.08096782
12427,0.10828844
12428,0.07145804
12429,0.16951302
12430,0.30359694
12431,0.71987367
12432,0.346065
12433,0.23501484
12434,0.4533537
12435,0.09739554
12436,0.11747817
12437,0.06124579
12438,0.12998249
12439,0.20186292
12440,0.059897624
12441,0.041433044
12442,0.07133369
12443,0.15747973
12444,0.0071223476
12445,0.021035638
12446,0.089172356
12447,0.030191375
12448,0.043992106
12449,0.012051778
12450,0.032195296
12451,0.0077645117
12452,0.012638732
12453,0.019168993
12454,0.029896699
12455,0.068330996
12456,0.097241685
12457,0.1613295
12458,0.20109136
12459,0.06983031
12460,0.5479348
12461,0.5370165
12462,0.28340864
12463,0.11099966
12464,0.034405246
12465,0.020489905
12466,0.060744982
12467,0.09739402
12468,0.013158834
12469,0.008076114
12470,0.91514814
12471,0.04380975
12472,0.038445916
12473,0.03606862
12474,0.11747817
12475,0.032430008
12476,0.07133369
12477,0.0071223476
12478,0.032440685
12479,0.013431989
12480,0.010649303
12481,0.032430008
12482,0.10632467
12483,0.11264533
12484,0.41459048
12485,0.21872374
12486,0.12998249
12487,0.92785966
12488,0.32862788
12489,0.31273088
12490,0.22902791
12491,0.008468514
12492,0.02624071
12493,0.023872776
12494,0.043762855
12495,0.047866054
12496,0.05528611
12497,0.04060831
12498,0.09261438
12499,0.38452154
12500,0.123132445
12501,0.21315268
12502,0.016055644
12503,0.0862465
12504,0.1297351
12505,0.14074686
12506,0.1668062
12507,0.021619093
12508,0.01963433
12509,0.009329261
12510,0.038597103
12511,0.13940305
12512,0.6339016
12513,0.23784685
12514,0.36198673
12515,0.22741404
12516,0.2567758
12517,0.1601646
12518,0.074293725
12519,0.021619093
12520,0.01963433
12521,0.013158834
12522,0.038401596
12523,0.025265014
12524,0.12665282
12525,0.10275056
12526,0.13687399
12527,0.23220797
12528,0.011400171
12529,0.029638374
12530,0.20549756
12531,0.018695576
12532,0.013158834
12533,0.02096246
12534,0.013431989
12535,0.09823385
12536,0.10694351
12537,0.03337158
12538,0.10632467
12539,0.16478567
12540,0.09074678
12541,0.10565826
12542,0.0147924395
12543,0.108921506
12544,0.097784296
12545,0.017416835
12546,0.14370066
12547,0.11815169
12548,0.022253968
12549,0.018266736
12550,0.009122779
12551,0.12998249
12552,0.014567746
12553,0.069096014
12554,0.052861687
12555,0.07910164
12556,0.16498768
12557,0.018493215
12558,0.052421875
12559,0.0077645117
12560,0.046643153
12561,0.15956464
12562,0.30635503
12563,0.45610973
12564,0.0490894
12565,0.030201891
12566,0.0071223476
12567,0.032590996
12568,0.065748446
12569,0.13797723
12570,0.007514238
12571,0.020489905
12572,0.009329261
12573,0.008076114
12574,0.010107609
12575,0.07627339
12576,0.09155723
12577,0.2578779
12578,0.0071223476
12579,0.019381039
12580,0.031655964
12581,0.046097416
12582,0.1693102
12583,0.25285348
12584,0.06733424
12585,0.0077645117
12586,0.1207992
12587,0.030191375
12588,0.013971003
12589,0.057240188
12590,0.13892674
12591,0.05231271
12592,0.010861789
12593,0.011911434
12594,0.0071223476
12595,0.011400171
12596,0.20135705
12597,0.024256865
12598,0.013971003
12599,0.112773605
12600,0.08271023
12601,0.04361091
12602,0.02114934
12603,0.030191375
12604,0.042085163
12605,0.28832343
12606,0.04285665
12607,0.0071223476
12608,0.009122779
12609,0.039764117
12610,0.043428622
12611,0.089029126
12612,0.10182732
12613,0.053148907
12614,0.20913503
12615,0.072988786
12616,0.07124018
12617,0.012638732
12618,0.041302323
12619,0.024006262
12620,0.009329261
12621,0.22693123
12622,0.0923791
12623,0.05949367
12624,0.04324159
12625,0.072303444
12626,0.07627339
12627,0.0077645117
12628,0.009329261
12629,0.3331985
12630,0.60037947
12631,0.13492124
12632,0.047337346
12633,0.060046233
12634,0.062640816
12635,0.025265014
12636,0.06306784
12637,0.07486822
12638,0.11606546
12639,0.71547806
12640,0.011911434
12641,0.06579168
12642,0.040276274
12643,0.0838395
12644,0.029746084
12645,0.018493215
12646,0.07034914
12647,0.3602093
12648,0.07587937
12649,0.11449883
12650,0.020489905
12651,0.02683371
12652,0.01033226
12653,0.02317973
12654,0.092622526
12655,0.022731746
12656,0.0071223476
12657,0.024256865
12658,0.0923791
12659,0.086343765
12660,0.04033368
12661,0.019168993
12662,0.03882573
12663,0.029926678
12664,0.06842395
12665,0.049510527
12666,0.022253968
12667,0.009676807
12668,0.071134955
12669,0.093215086
12670,0.017416835
12671,0.040890023
12672,0.5375142
12673,0.109390475
12674,0.108921506
12675,0.041147973
12676,0.07646675
12677,0.04482622
12678,0.054298885
12679,0.015806224
12680,0.038913086
12681,0.35386953
12682,0.024651546
12683,0.007268069
12684,0.0071223476
12685,0.015806224
12686,0.0076609217
12687,0.08698134
12688,0.011067602
12689,0.09369283
12690,0.047831707
12691,0.04450635
12692,0.046317227
12693,0.2213802
12694,0.011788357
12695,0.009889232
12696,0.019381039
12697,0.049299706
12698,0.04285665
12699,0.1334692
12700,0.08336282
12701,0.013158834
12702,0.013158834
12703,0.016386626
12704,0.07587937
12705,0.14810778
12706,0.07797264
12707,0.06408589
12708,0.07587937
12709,0.031613577
12710,0.07706856
12711,0.0147924395
12712,0.022427535
12713,0.14481202
12714,0.13892674
12715,0.0071223476
12716,0.008697048
12717,0.009329261
12718,0.022731746
12719,0.012424513
12720,0.015594277
12721,0.015806224
12722,0.013971003
12723,0.011247575
12724,0.0071223476
12725,0.026210044
12726,0.012638732
12727,0.010107609
12728,0.02114934
12729,0.040897287
12730,0.07361787
12731,0.11815169
12732,0.0071223476
12733,0.009122779
12734,0.008468514
12735,0.13948834
12736,0.22291747
12737,0.0071223476
12738,0.020489905
12739,0.01665038
12740,0.03806134
12741,0.011067602
12742,0.0071223476
12743,0.030201891
12744,0.0071223476
12745,0.008468514
12746,0.0071223476
12747,0.028373713
12748,0.0071223476
12749,0.009460591
12750,0.008283394
12751,0.032015007
12752,0.013971003
12753,0.0071223476
12754,0.039178133
12755,0.014567746
12756,0.008697048
12757,0.0077645117
12758,0.13579747
12759,0.017416835
12760,0.052348964
12761,0.007422802
12762,0.0071223476
12763,0.009676807
12764,0.046643153
12765,0.011733236
12766,0.031046066
12767,0.01918075
12768,0.03270373
12769,0.012424513
12770,0.21044739
12771,0.030171907
12772,0.0976304
12773,0.0071223476
12774,0.099509954
12775,0.025265014
12776,0.0071223476
12777,0.0071223476
12778,0.0874208
12779,0.02114934
12780,0.10954601
12781,0.007922235
12782,0.15271974
12783,0.012242398
12784,0.020489905
12785,0.025265014
12786,0.007589356
12787,0.016055644
12788,0.008283394
12789,0.0071223476
12790,0.0071223476
12791,0.015594277
12792,0.0071223476
12793,0.018636012
12794,0.07251263
12795,0.080363825
12796,0.13979039
12797,0.04412497
12798,0.021881063
12799,0.0071223476
12800,0.0115744015
12801,0.026723817
12802,0.076765604
12803,0.026452854
12804,0.01665038
12805,0.015369749
12806,0.0071223476
12807,0.054954447
12808,0.01963433
12809,0.015369749
12810,0.07918292
12811,0.14416245
12812,0.018695576
12813,0.04331018
12814,0.012242398
12815,0.038371377
12816,0.08132956
12817,0.03121902
12818,0.015806224
12819,0.085411035
12820,0.007514238
12821,0.030191375
12822,0.040305506
12823,0.10834546
12824,0.04391337
12825,0.031002576
12826,0.084691964
12827,0.040154066
12828,0.08108305
12829,0.10333884
12830,0.1582624
12831,0.036905315
12832,0.08435501
12833,0.016386626
12834,0.31481194
12835,0.07395828
12836,0.34570587
12837,0.11517505
12838,0.1414507
12839,0.046677064
12840,0.07631503
12841,0.13277212
12842,0.037476312
12843,0.71987367
12844,0.11615445
12845,0.10101603
12846,0.14077908
12847,0.090190075
12848,0.011067602
12849,0.09300758
12850,0.0222787
12851,0.011400171
12852,0.014152891
12853,0.059866253
12854,0.08677436
12855,0.16343744
12856,0.45462587
12857,0.31376177
12858,0.04269762
12859,0.0248324
12860,0.19651864
12861,0.14792055
12862,0.046198014
12863,0.09341305
12864,0.0222787
12865,0.048792426
12866,0.10349355
12867,0.26679572
12868,0.059682783
12869,0.15902722
12870,0.48920828
12871,0.16321243
12872,0.4533537
12873,0.012051778
12874,0.060808573
12875,0.40057516
12876,0.07163707
12877,0.0407385
12878,0.07378458
12879,0.011716231
12880,0.024776446
12881,0.04930208
12882,0.0669728
12883,0.038176667
12884,0.026452854
12885,0.022527454
12886,0.084784366
12887,0.24349724
12888,0.082100056
12889,0.0328954
12890,0.06991951
12891,0.094334215
12892,0.086119264
12893,0.011402367
12894,0.039955415
12895,0.0604071
12896,0.015594277
12897,0.10101603
12898,0.18167835
12899,0.013553072
12900,0.2792167
12901,0.0124525735
12902,0.035828017
12903,0.023623602
12904,0.013158834
12905,0.015594277
12906,0.49744847
12907,0.14734338
12908,0.048792426
12909,0.4197918
12910,0.4197918
12911,0.024314595
12912,0.04947229
12913,0.018695576
12914,0.043013662
12915,0.008076114
12916,0.007589356
12917,0.026452854
12918,0.0927722
12919,0.009329261
12920,0.09950941
12921,0.039149605
12922,0.20198429
12923,0.29145256
12924,0.3602093
12925,0.0071223476
12926,0.06916981
12927,0.025556767
12928,0.0071223476
12929,0.0071223476
12930,0.045176648
12931,0.18333413
12932,0.01963433
12933,0.009869017
12934,0.011400171
12935,0.0115744015
12936,0.06414287
12937,0.09944645
12938,0.45364964
12939,0.01963433
12940,0.06332487
12941,0.011400171
12942,0.011911434
12943,0.036318656
12944,0.06991951
12945,0.010649303
12946,0.027406601
12947,0.051263407
12948,0.11059715
12949,0.1611783
12950,0.10696168
12951,0.09012437
12952,0.058726776
12953,0.012242398
12954,0.04748219
12955,0.04947757
12956,0.057376403
12957,0.09236483
12958,0.10226556
12959,0.09356635
12960,0.0071223476
12961,0.042500157
12962,0.02343531
12963,0.018493215
12964,0.0248324
12965,0.029346235
12966,0.05711516
12967,0.0071223476
12968,0.13136464
12969,0.19087628
12970,0.21197924
12971,0.03980403
12972,0.012242398
12973,0.03610022
12974,0.07717726
12975,0.05018074
12976,0.01613713
12977,0.079479605
12978,0.008468514
12979,0.14501582
12980,0.022527454
12981,0.033527512
12982,0.047076304
12983,0.007422802
12984,0.04514623
12985,0.07587937
12986,0.13966046
12987,0.11714519
12988,0.13324879
12989,0.08102541
12990,0.04947757
12991,0.012051778
12992,0.062314887
12993,0.065413766
12994,0.0071223476
12995,0.09998125
12996,0.03939957
12997,0.38908407
12998,0.1568385
12999,0.12205656
13000,0.05382216
13001,0.02732776
13002,0.02343531
13003,0.016386626
13004,0.18081127
13005,0.07103828
13006,0.015369749
13007,0.022527454
13008,0.11455826
13009,0.036471777
13010,0.040890023
13011,0.060849752
13012,0.09706325
13013,0.14734338
13014,0.33440498
13015,0.064525016
13016,0.015594277
13017,0.095964044
13018,0.019108023
13019,0.047013983
13020,0.011067602
13021,0.009122779
13022,0.0706299
13023,0.024271188
13024,0.11197829
13025,0.03290608
13026,0.12070179
13027,0.018811274
13028,0.052452404
13029,0.014138083
13030,0.01613713
13031,0.018695576
13032,0.11477861
13033,0.019381039
13034,0.097343326
13035,0.042615976
13036,0.033536527
13037,0.011400171
13038,0.008697048
13039,0.04011752
13040,0.0289539
13041,0.06004867
13042,0.0752908
13043,0.13160624
13044,0.10415865
13045,0.17391892
13046,0.11866135
13047,0.112436876
13048,0.04324159
13049,0.090516865
13050,0.07013
13051,0.013925467
13052,0.026452854
13053,0.1567887
13054,0.06511806
13055,0.015594277
13056,0.040305506
13057,0.0289539
13058,0.016386626
13059,0.023074273
13060,0.07191172
13061,0.059279118
13062,0.012051778
13063,0.022782873
13064,0.049134344
13065,0.016386626
13066,0.042606372
13067,0.08453408
13068,0.0962723
13069,0.1826087
13070,0.32723328
13071,0.10415865
13072,0.07415354
13073,0.061288465
13074,0.09235733
13075,0.086343765
13076,0.10183409
13077,0.036381945
13078,0.011067602
13079,0.0071223476
13080,0.25819927
13081,0.036872845
13082,0.06466502
13083,0.031553924
13084,0.0756477
13085,0.0071223476
13086,0.023872776
13087,0.019108023
13088,0.029916111
13089,0.037476312
13090,0.27090976
13091,0.036381945
13092,0.04391337
13093,0.1178661
13094,0.49863842
13095,0.052599963
13096,0.016386626
13097,0.10828844
13098,0.039955415
13099,0.20745568
13100,0.21119395
13101,0.06672731
13102,0.0071223476
13103,0.011911434
13104,0.08031329
13105,0.07051989
13106,0.033297326
13107,0.14617606
13108,0.05993617
13109,0.051743183
13110,0.014567746
13111,0.045691475
13112,0.027722169
13113,0.07291034
13114,0.018266736
13115,0.08167784
13116,0.10523677
13117,0.15257129
13118,0.0874208
13119,0.036732882
13120,0.090291135
13121,0.13740511
13122,0.21197924
13123,0.056270707
13124,0.010512373
13125,0.09476445
13126,0.017416835
13127,0.060808573
13128,0.54678464
13129,0.030021947
13130,0.035979066
13131,0.3218268
13132,0.1713506
13133,0.013431989
13134,0.054954447
13135,0.077409275
13136,0.21810995
13137,0.24121387
13138,0.06609742
13139,0.06594504
13140,0.09798393
13141,0.08835431
13142,0.14131482
13143,0.15906717
13144,0.26289013
13145,0.12705095
13146,0.02522563
13147,0.047867496
13148,0.007802202
13149,0.025910981
13150,0.19516473
13151,0.86281693
13152,0.0927722
13153,0.0222787
13154,0.2578779
13155,0.013158834
13156,0.024021912
13157,0.22405197
13158,0.027507233
13159,0.04774765
13160,0.06914046
13161,0.018266736
13162,0.11065808
13163,0.007422802
13164,0.34775376
13165,0.027122745
13166,0.07126541
13167,0.2244994
13168,0.08606206
13169,0.2041124
13170,0.2328301
13171,0.30391595
13172,0.21575779
13173,0.11046747
13174,0.13730869
13175,0.5990615
13176,0.3453766
13177,0.41830158
13178,0.0328954
13179,0.12296188
13180,0.05505965
13181,0.02522563
13182,0.08102541
13183,0.008468514
13184,0.008283394
13185,0.0071223476
13186,0.047867496
13187,0.07415354
13188,0.080340214
13189,0.071406305
13190,0.070503645
13191,0.18531242
13192,0.1442966
13193,0.064299315
13194,0.11584719
13195,0.23052649
13196,0.030466871
13197,0.93927896
13198,0.69177103
13199,0.5006887
13200,0.007268069
13201,0.018493215
13202,0.009676807
13203,0.041264534
13204,0.30496663
13205,0.123033136
13206,0.044614516
13207,0.009329261
13208,0.09076201
13209,0.085662544
13210,0.041834258
13211,0.0071223476
13212,0.21216059
13213,0.013743616
13214,0.0071223476
13215,0.11916826
13216,0.1118032
13217,0.04514623
13218,0.06278125
13219,0.16042736
13220,0.07996865
13221,0.021619093
13222,0.11668025
13223,0.1382958
13224,0.06326835
13225,0.93927896
13226,0.8605678
13227,0.6031846
13228,0.0071223476
13229,0.035296373
13230,0.024978789
13231,0.017872712
13232,0.29028404
13233,0.123710014
13234,0.19847584
13235,0.018493215
13236,0.05293594
13237,0.010861789
13238,0.10478434
13239,0.048403777
13240,0.12749326
13241,0.2707176
13242,0.28832343
13243,0.2514041
13244,0.15407322
13245,0.12220286
13246,0.08636675
13247,0.0743849
13248,0.09737897
13249,0.03606862
13250,0.040023953
13251,0.008076114
13252,0.14233863
13253,0.14540708
13254,0.076613836
13255,0.122230195
13256,0.045691475
13257,0.92651
13258,0.948318
13259,0.95194566
13260,0.17711166
13261,0.029621301
13262,0.09317759
13263,0.17118059
13264,0.026452854
13265,0.040848225
13266,0.012242398
13267,0.031613577
13268,0.08848261
13269,0.021508442
13270,0.23943469
13271,0.71987367
13272,0.06991951
13273,0.11251312
13274,0.05638938
13275,0.16765717
13276,0.054860834
13277,0.10909361
13278,0.12441564
13279,0.02343531
13280,0.11219304
13281,0.096520595
13282,0.07924715
13283,0.046247087
13284,0.021881063
13285,0.3218268
13286,0.3218268
13287,0.20858754
13288,0.037850577
13289,0.06357316
13290,0.113730736
13291,0.19847584
13292,0.012424513
13293,0.030316873
13294,0.029896699
13295,0.049192466
13296,0.025939213
13297,0.059279118
13298,0.031809058
13299,0.16567506
13300,0.41973358
13301,0.22724472
13302,0.22097526
13303,0.10414199
13304,0.17937069
13305,0.13832887
13306,0.4898107
13307,0.038031127
13308,0.013158834
13309,0.039749477
13310,0.037816383
13311,0.15057333
13312,0.15256797
13313,0.12635112
13314,0.28191206
13315,0.2514041
13316,0.18308617
13317,0.9460783
13318,0.1267932
13319,0.0071223476
13320,0.16208853
13321,0.22466433
13322,0.008076114
13323,0.011941034
13324,0.13452314
13325,0.06389949
13326,0.019091973
13327,0.05982392
13328,0.0658714
13329,0.12954594
13330,0.20761332
13331,0.25255737
13332,0.34679016
13333,0.26463205
13334,0.14838919
13335,0.16880167
13336,0.2243647
13337,0.011400171
13338,0.028160166
13339,0.18928814
13340,0.08726836
13341,0.08435501
13342,0.34742406
13343,0.25255737
13344,0.033447765
13345,0.4540377
13346,0.2213802
13347,0.08516072
13348,0.11431425
13349,0.09673451
13350,0.033807307
13351,0.010861789
13352,0.0129282335
13353,0.031004455
13354,0.023623602
13355,0.0664673
13356,0.10183409
13357,0.03950883
13358,0.1682018
13359,0.25819927
13360,0.7076893
13361,0.36678857
13362,0.24695913
13363,0.41941294
13364,0.07831
13365,0.09356635
13366,0.095964044
13367,0.11377042
13368,0.1667096
13369,0.041834258
13370,0.0071223476
13371,0.061535843
13372,0.115830354
13373,0.0071223476
13374,0.017194057
13375,0.117018476
13376,0.02096246
13377,0.054954447
13378,0.018493215
13379,0.019381039
13380,0.0077645117
13381,0.009122779
13382,0.009676807
13383,0.04514623
13384,0.067097396
13385,0.100017875
13386,0.1578463
13387,0.17691876
13388,0.10429667
13389,0.5358745
13390,0.4608222
13391,0.26011404
13392,0.15193541
13393,0.053471956
13394,0.020719834
13395,0.062384523
13396,0.14599486
13397,0.017416835
13398,0.027172865
13399,0.86281693
13400,0.011793727
13401,0.012051778
13402,0.0603668
13403,0.0289539
13404,0.13880742
13405,0.0071223476
13406,0.0642686
13407,0.054468118
13408,0.013431989
13409,0.0071223476
13410,0.063673936
13411,0.09422547
13412,0.10415865
13413,0.36872193
13414,0.2140405
13415,0.10077893
13416,0.9245182
13417,0.30794954
13418,0.32321566
13419,0.20161547
13420,0.04269762
13421,0.018266736
13422,0.010216748
13423,0.062683426
13424,0.05982392
13425,0.024377834
13426,0.059271295
13427,0.3883361
13428,0.10478434
13429,0.21872374
13430,0.0077645117
13431,0.041980326
13432,0.11677393
13433,0.15698934
13434,0.14492495
13435,0.03606862
13436,0.014401168
13437,0.009329261
13438,0.056821756
13439,0.13372271
13440,0.71987367
13441,0.15000518
13442,0.38707757
13443,0.23501484
13444,0.22671671
13445,0.16412394
13446,0.046117626
13447,0.042140316
13448,0.013158834
13449,0.078876436
13450,0.02114934
13451,0.14607887
13452,0.09929496
13453,0.1178661
13454,0.2269768
13455,0.030667854
13456,0.06864058
13457,0.010649303
13458,0.15902722
13459,0.03606862
13460,0.01665038
13461,0.13730869
13462,0.14622736
13463,0.019108023
13464,0.0071223476
13465,0.117018476
13466,0.1755832
13467,0.05382216
13468,0.11634564
13469,0.07527822
13470,0.13761012
13471,0.09950941
13472,0.035546437
13473,0.1851353
13474,0.11148333
13475,0.0071223476
13476,0.009122779
13477,0.094942704
13478,0.009122779
13479,0.007422802
13480,0.098110765
13481,0.03822022
13482,0.0485668
13483,0.099959664
13484,0.0313837
13485,0.028171925
13486,0.0077645117
13487,0.050581314
13488,0.14792055
13489,0.29112393
13490,0.38707757
13491,0.052733593
13492,0.012051778
13493,0.029225523
13494,0.021881063
13495,0.030171907
13496,0.086343765
13497,0.14540708
13498,0.011911434
13499,0.019091973
13500,0.023872776
13501,0.02343531
13502,0.0071223476
13503,0.0071223476
13504,0.044294678
13505,0.08619008
13506,0.2578779
13507,0.0071223476
13508,0.014152891
13509,0.021881063
13510,0.053148907
13511,0.14206487
13512,0.25919956
13513,0.053988565
13514,0.013158834
13515,0.076124676
13516,0.048098903
13517,0.058726776
13518,0.16406347
13519,0.029504152
13520,0.011911434
13521,0.0071223476
13522,0.011400171
13523,0.17841361
13524,0.030667854
13525,0.0071223476
13526,0.012242398
13527,0.12930012
13528,0.04693601
13529,0.045682944
13530,0.01122017
13531,0.029916111
13532,0.06489435
13533,0.30359694
13534,0.013925467
13535,0.008076114
13536,0.0115744015
13537,0.076012276
13538,0.02398261
13539,0.11712879
13540,0.08435501
13541,0.2514006
13542,0.08741135
13543,0.008283394
13544,0.0129282335
13545,0.024021912
13546,0.029346235
13547,0.03547724
13548,0.17717575
13549,0.13469326
13550,0.018695576
13551,0.047695227
13552,0.05704588
13553,0.0077645117
13554,0.009329261
13555,0.3594769
13556,0.7075554
13557,0.10696168
13558,0.06153013
13559,0.0071223476
13560,0.068743475
13561,0.0664673
13562,0.015369749
13563,0.12814808
13564,0.028465798
13565,0.113886885
13566,0.9422411
13567,0.016798863
13568,0.048020054
13569,0.009676807
13570,0.073445655
13571,0.038535554
13572,0.017872712
13573,0.042727977
13574,0.09309824
13575,0.3675249
13576,0.06275455
13577,0.19677943
13578,0.020719834
13579,0.05437193
13580,0.065884575
13581,0.014567746
13582,0.0949938
13583,0.015095823
13584,0.0071223476
13585,0.077409275
13586,0.014567746
13587,0.023872776
13588,0.0071223476
13589,0.019777704
13590,0.01722636
13591,0.15043555
13592,0.027771996
13593,0.018695576
13594,0.033536527
13595,0.03395225
13596,0.13574673
13597,0.031002576
13598,0.0642686
13599,0.54728556
13600,0.20608479
13601,0.083988845
13602,0.026452854
13603,0.08179567
13604,0.041270144
13605,0.29742536
13606,0.023872776
13607,0.009676807
13608,0.007268069
13609,0.01613713
13610,0.011189764
13611,0.09004349
13612,0.01613713
13613,0.14167115
13614,0.060923263
13615,0.03806134
13616,0.034980085
13617,0.21299893
13618,0.020803602
13619,0.013158834
13620,0.018896038
13621,0.01963433
13622,0.06616732
13623,0.0658714
13624,0.10075864
13625,0.076613836
13626,0.01122017
13627,0.013158834
13628,0.0077645117
13629,0.04391337
13630,0.112436876
13631,0.05293594
13632,0.04514623
13633,0.054404374
13634,0.02343531
13635,0.07587937
13636,0.015095823
13637,0.050981034
13638,0.1540898
13639,0.09911852
13640,0.06650115
13641,0.009122779
13642,0.0071223476
13643,0.034628708
13644,0.018493215
13645,0.014401168
13646,0.008468514
13647,0.0071223476
13648,0.010649303
13649,0.02114934
13650,0.007589356
13651,0.055024568
13652,0.12509337
13653,0.0129282335
13654,0.121496335
13655,0.010107609
13656,0.24349724
13657,0.009676807
13658,0.022527454
13659,0.032504316
13660,0.0071223476
13661,0.026831986
13662,0.008076114
13663,0.016386626
13664,0.0071223476
13665,0.007589356
13666,0.014401168
13667,0.009676807
13668,0.018662967
13669,0.025511926
13670,0.0071223476
13671,0.05252574
13672,0.008881807
13673,0.011911434
13674,0.0077645117
13675,0.14015053
13676,0.013158834
13677,0.042469814
13678,0.020833317
13679,0.0071223476
13680,0.01033226
13681,0.0071223476
13682,0.024377834
13683,0.0071223476
13684,0.06339655
13685,0.0071223476
13686,0.16472776
13687,0.022427535
13688,0.05974346
13689,0.06471859
13690,0.0129282335
13691,0.092759244
13692,0.03641211
13693,0.01122017
13694,0.07337515
13695,0.009122779
13696,0.09478051
13697,0.10310125
13698,0.036281347
13699,0.0071223476
13700,0.007268069
13701,0.03610145
13702,0.019108023
13703,0.011400171
13704,0.013431989
13705,0.009676807
13706,0.043194287
13707,0.010107609
13708,0.050566576
13709,0.10226556
13710,0.083749115
13711,0.18928814
13712,0.013431989
13713,0.038913086
13714,0.019108023
13715,0.040920317
13716,0.0071223476
13717,0.038913086
13718,0.067157544
13719,0.019108023
13720,0.023623602
13721,0.0115744015
13722,0.017872712
13723,0.024127202
13724,0.0129282335
13725,0.01613713
13726,0.0485668
13727,0.11397078
13728,0.09531251
13729,0.018695576
13730,0.019383246
13731,0.019381039
13732,0.0076609217
13733,0.08571237
13734,0.07367686
13735,0.04693601
13736,0.09905015
13737,0.018417044
13738,0.0927722
13739,0.05152932
13740,0.013469915
13741,0.08477494
13742,0.025773892
13743,0.007981426
13744,0.024651546
13745,0.029346235
13746,0.113809824
13747,0.063802235
13748,0.07924715
13749,0.06489435
13750,0.19768848
13751,0.07725521
13752,0.028160166
13753,0.013158834
13754,0.27286473
13755,0.056932162
13756,0.29604992
13757,0.08535805
13758,0.06597901
13759,0.023872776
13760,0.022527454
13761,0.1713506
13762,0.028160166
13763,0.73231995
13764,0.20825934
13765,0.08500859
13766,0.22143081
13767,0.025670704
13768,0.011067602
13769,0.022527454
13770,0.12620468
13771,0.009515447
13772,0.017872712
13773,0.014567746
13774,0.029354291
13775,0.18200666
13776,0.14829545
13777,0.54928076
13778,0.546057
13779,0.057446696
13780,0.12939589
13781,0.22502646
13782,0.037413776
13783,0.04316392
13784,0.016680531
13785,0.098772615
13786,0.17424273
13787,0.3331985
13788,0.06277157
13789,0.3594769
13790,0.4457935
13791,0.021881063
13792,0.3471025
13793,0.05382216
13794,0.40057516
13795,0.05458637
13796,0.09106891
13797,0.026928155
13798,0.022335228
13799,0.024377834
13800,0.117018476
13801,0.14263271
13802,0.011503848
13803,0.044142652
13804,0.032735772
13805,0.21197924
13806,0.08800389
13807,0.029896699
13808,0.0721426
13809,0.09301572
13810,0.08560511
13811,0.037880015
13812,0.014962537
13813,0.0071223476
13814,0.17021497
13815,0.024127202
13816,0.030945199
13817,0.28286123
13818,0.29145256
13819,0.021881063
13820,0.0962723
13821,0.026452854
13822,0.3675249
13823,0.028436054
13824,0.11455826
13825,0.40057516
13826,0.3523755
13827,0.058308326
13828,0.034089234
13829,0.018695576
13830,0.011067602
13831,0.007589356
13832,0.05152932
13833,0.011752571
13834,0.0927722
13835,0.1382407
13836,0.0596431
13837,0.0669728
13838,0.2956432
13839,0.3602093
13840,0.013158834
13841,0.014567746
13842,0.07367686
13843,0.018695576
13844,0.008468514
13845,0.015369749
13846,0.022527454
13847,0.063673936
13848,0.28183642
13849,0.020719834
13850,0.028321622
13851,0.11071064
13852,0.1507413
13853,0.4457935
13854,0.008283394
13855,0.040890023
13856,0.051605258
13857,0.029346235
13858,0.0076609217
13859,0.05458637
13860,0.009545448
13861,0.01665038
13862,0.024651546
13863,0.15763065
13864,0.16884664
13865,0.10275056
13866,0.09409855
13867,0.06936858
13868,0.011911434
13869,0.008303432
13870,0.043194287
13871,0.050255
13872,0.04696648
13873,0.09641286
13874,0.058726776
13875,0.092444845
13876,0.011400171
13877,0.031613577
13878,0.030394182
13879,0.013925467
13880,0.021881063
13881,0.027172865
13882,0.04391337
13883,0.0927722
13884,0.02096246
13885,0.09300758
13886,0.16865388
13887,0.22502646
13888,0.04565251
13889,0.059279118
13890,0.015594277
13891,0.087521605
13892,0.03559228
13893,0.0071223476
13894,0.12798993
13895,0.026452854
13896,0.14178438
13897,0.024127202
13898,0.051263407
13899,0.030795123
13900,0.007422802
13901,0.051538065
13902,0.09235733
13903,0.15710801
13904,0.10748028
13905,0.115836605
13906,0.054735865
13907,0.02633843
13908,0.02114934
13909,0.07163707
13910,0.05190834
13911,0.012242398
13912,0.09831045
13913,0.009662423
13914,0.4130076
13915,0.13357492
13916,0.11468675
13917,0.06974888
13918,0.036381945
13919,0.03443591
13920,0.019977171
13921,0.0071223476
13922,0.08865965
13923,0.017872712
13924,0.012051778
13925,0.0071223476
13926,0.036095522
13927,0.054298885
13928,0.04693601
13929,0.050877318
13930,0.101817474
13931,0.14760892
13932,0.2769223
13933,0.040305506
13934,0.010512373
13935,0.08619008
13936,0.009329261
13937,0.049890764
13938,0.008076114
13939,0.013158834
13940,0.08741135
13941,0.06489435
13942,0.099959664
13943,0.014547522
13944,0.08776959
13945,0.01665038
13946,0.04391337
13947,0.015369749
13948,0.018695576
13949,0.018695576
13950,0.16434391
13951,0.063673936
13952,0.0536995
13953,0.0071223476
13954,0.029246658
13955,0.026691196
13956,0.03606862
13957,0.03574101
13958,0.048020054
13959,0.11963631
13960,0.11584719
13961,0.18055716
13962,0.087156944
13963,0.16370156
13964,0.015594277
13965,0.074737094
13966,0.07710621
13967,0.0071223476
13968,0.033656817
13969,0.11148333
13970,0.030667854
13971,0.030667854
13972,0.037705082
13973,0.035296373
13974,0.051538065
13975,0.054552205
13976,0.040920317
13977,0.05939252
13978,0.012051778
13979,0.028373713
13980,0.047076304
13981,0.06984803
13982,0.02835155
13983,0.033447765
13984,0.07323466
13985,0.05278833
13986,0.15064372
13987,0.31413954
13988,0.087034225
13989,0.08960977
13990,0.05382216
13991,0.06707832
13992,0.113730736
13993,0.10415865
13994,0.047528863
13995,0.010649303
13996,0.020258002
13997,0.26035792
13998,0.027956028
13999,0.063674375
14000,0.031935256
14001,0.09673451
14002,0.019381039
14003,0.012242398
14004,0.024127202
14005,0.25976112
14006,0.0670876
14007,0.034089234
14008,0.11071064
14009,0.54860985
14010,0.056973238
14011,0.008283394
14012,0.10644038
14013,0.06974888
14014,0.22969612
14015,0.22858135
14016,0.08726836
14017,0.03574101
14018,0.09718364
14019,0.10971335
14020,0.013322385
14021,0.16434391
14022,0.06609449
14023,0.041834258
14024,0.017872712
14025,0.014401168
14026,0.02648786
14027,0.060370076
14028,0.0071223476
14029,0.089264706
14030,0.093765214
14031,0.12565933
14032,0.0918796
14033,0.053337563
14034,0.121170476
14035,0.16332486
14036,0.20797542
14037,0.044294678
14038,0.010512373
14039,0.061516393
14040,0.022253968
14041,0.010107609
14042,0.106474824
14043,0.5358745
14044,0.030667854
14045,0.036389615
14046,0.28832343
14047,0.15116063
14048,0.013431989
14049,0.017872712
14050,0.039955415
14051,0.040890023
14052,0.19236
14053,0.25804362
14054,0.0670876
14055,0.0683913
14056,0.08835431
14057,0.13637628
14058,0.12930012
14059,0.18214029
14060,0.20826565
14061,0.15724002
14062,0.054595537
14063,0.06259727
14064,0.051976934
14065,0.19200842
14066,0.9465231
14067,0.0927722
14068,0.028373713
14069,0.33352473
14070,0.019108023
14071,0.017770344
14072,0.22733842
14073,0.053148907
14074,0.09341305
14075,0.032092076
14076,0.09476445
14077,0.36197323
14078,0.04663098
14079,0.06668054
14080,0.21598434
14081,0.15161979
14082,0.22969612
14083,0.2140405
14084,0.346065
14085,0.011067602
14086,0.21044052
14087,0.11085772
14088,0.12233419
14089,0.7348548
14090,0.35878167
14091,0.3331985
14092,0.030667854
14093,0.13406567
14094,0.044294678
14095,0.043708134
14096,0.013158834
14097,0.08603818
14098,0.008468514
14099,0.008283394
14100,0.010861789
14101,0.05477566
14102,0.07924715
14103,0.04095697
14104,0.0624546
14105,0.0612878
14106,0.22418405
14107,0.15763065
14108,0.019381039
14109,0.084121495
14110,0.22998129
14111,0.01665038
14112,0.009007812
14113,0.9557693
14114,0.73774016
14115,0.558334
14116,0.007268069
14117,0.019977171
14118,0.021619093
14119,0.06681079
14120,0.28967705
14121,0.06968912
14122,0.030945199
14123,0.009329261
14124,0.06350301
14125,0.098704144
14126,0.049123704
14127,0.0071223476
14128,0.2595213
14129,0.013743616
14130,0.0071223476
14131,0.099520504
14132,0.11350322
14133,0.05488136
14134,0.05524733
14135,0.13660817
14136,0.11350322
14137,0.021619093
14138,0.117849246
14139,0.111948155
14140,0.086109824
14141,0.94931483
14142,0.7348548
14143,0.558334
14144,0.0129282335
14145,0.039955415
14146,0.030667854
14147,0.0071223476
14148,0.3055808
14149,0.06816495
14150,0.22502646
14151,0.023623602
14152,0.06220061
14153,0.0071223476
14154,0.10321174
14155,0.075885065
14156,0.08141925
14157,0.36654013
14158,0.3331985
14159,0.31438008
14160,0.19534817
14161,0.14501484
14162,0.08726836
14163,0.07163707
14164,0.09083396
14165,0.044294678
14166,0.056821756
14167,0.008881807
14168,0.10708314
14169,0.11204244
14170,0.08500859
14171,0.08694101
14172,0.023872776
14173,0.9465231
14174,0.948318
14175,0.9557693
14176,0.17444639
14177,0.02633843
14178,0.043580834
14179,0.23281297
14180,0.0071223476
14181,0.052086648
14182,0.026928155
14183,0.03203909
14184,0.103084564
14185,0.027477328
14186,0.25443557
14187,0.7229073
14188,0.070734225
14189,0.091548994
14190,0.07005986
14191,0.1606515
14192,0.030171907
14193,0.15748355
14194,0.13979594
14195,0.051263407
14196,0.086109824
14197,0.14696
14198,0.052196566
14199,0.037705082
14200,0.0071223476
14201,0.28832343
14202,0.27286473
14203,0.14725967
14204,0.020818459
14205,0.0879442
14206,0.08966744
14207,0.1979531
14208,0.009329261
14209,0.05437193
14210,0.025939213
14211,0.028160166
14212,0.032195296
14213,0.024525713
14214,0.066861354
14215,0.11843591
14216,0.41367263
14217,0.19847584
14218,0.22724472
14219,0.11916826
14220,0.21149035
14221,0.16079248
14222,0.42030782
14223,0.052452404
14224,0.028373713
14225,0.066861354
14226,0.051425546
14227,0.16514827
14228,0.17118059
14229,0.053747065
14230,0.31376177
14231,0.29179728
14232,0.14820267
14233,0.94931483
14234,0.107948475
14235,0.030201891
14236,0.1203417
14237,0.21810995
14238,0.018695576
14239,0.032165255
14240,0.20463067
14241,0.0071223476
14242,0.08132956
14243,0.045691475
14244,0.027406601
14245,0.059572097
14246,0.12541716
14247,0.24385434
14248,0.24322575
14249,0.30496663
14250,0.29887885
14251,0.14727953
14252,0.15767856
14253,0.20129786
14254,0.027771996
14255,0.15369241
14256,0.076613836
14257,0.038371377
14258,0.34742406
14259,0.26435596
14260,0.10333884
14261,0.5358745
14262,0.2213802
14263,0.0071223476
14264,0.090516865
14265,0.13833147
14266,0.0596431
14267,0.042318065
14268,0.022457292
14269,0.009676807
14270,0.024377834
14271,0.106474824
14272,0.0612878
14273,0.07980318
14274,0.13372271
14275,0.29606366
14276,0.71753347
14277,0.4122468
14278,0.22215164
14279,0.41941294
14280,0.113823675
14281,0.01722636
14282,0.06609449
14283,0.090190075
14284,0.095448874
14285,0.1667096
14286,0.07587937
14287,0.02114934
14288,0.07323194
14289,0.16370156
14290,0.02135974
14291,0.055064667
14292,0.009676807
14293,0.02114934
14294,0.0071223476
14295,0.007589356
14296,0.014152891
14297,0.056825064
14298,0.059503753
14299,0.06965166
14300,0.21365291
14301,0.16765717
14302,0.093988575
14303,0.5358745
14304,0.38591936
14305,0.25783637
14306,0.12556389
14307,0.01613713
14308,0.044294678
14309,0.064645395
14310,0.031004455
14311,0.026928155
14312,0.9557693
14313,0.019292511
14314,0.018493215
14315,0.049707375
14316,0.038371377
14317,0.09261175
14318,0.0071223476
14319,0.06308028
14320,0.04011752
14321,0.078238875
14322,0.0071223476
14323,0.0071223476
14324,0.062585555
14325,0.06326835
14326,0.099520504
14327,0.36872193
14328,0.24688126
14329,0.11946815
14330,0.9465231
14331,0.29862833
14332,0.3602093
14333,0.18832082
14334,0.061362002
14335,0.011793727
14336,0.027771996
14337,0.07163707
14338,0.07103828
14339,0.08435501
14340,0.38452154
14341,0.11071064
14342,0.2328301
14343,0.021619093
14344,0.047591627
14345,0.08167784
14346,0.10919366
14347,0.18032892
14348,0.036471777
14349,0.022987211
14350,0.009329261
14351,0.033254754
14352,0.16370156
14353,0.73774016
14354,0.20426992
14355,0.3920897
14356,0.24254878
14357,0.29742536
14358,0.15826966
14359,0.06605679
14360,0.070734225
14361,0.0071223476
14362,0.01613713
14363,0.03610145
14364,0.14845942
14365,0.11946815
14366,0.07831
14367,0.2269768
14368,0.025511926
14369,0.053148907
14370,0.017416835
14371,0.16478567
14372,0.032504316
14373,0.013158834
14374,0.0071223476
14375,0.12070179
14376,0.14027059
14377,0.03665285
14378,0.10629134
14379,0.18586911
14380,0.048473757
14381,0.09964727
14382,0.03903417
14383,0.118187815
14384,0.08257618
14385,0.049681667
14386,0.13372271
14387,0.13324879
14388,0.03203909
14389,0.0071223476
14390,0.074737094
14391,0.027537553
14392,0.12070179
14393,0.021619093
14394,0.14671412
14395,0.038090345
14396,0.04805056
14397,0.0071223476
14398,0.050581314
14399,0.16385382
14400,0.32902
14401,0.39089924
14402,0.057500314
14403,0.023623602
14404,0.023872776
14405,0.042337786
14406,0.06265343
14407,0.14297181
14408,0.011911434
14409,0.02114934
14410,0.013158834
14411,0.0071223476
14412,0.010107609
14413,0.01613713
14414,0.06671804
14415,0.111239985
14416,0.29606366
14417,0.0071223476
14418,0.0071223476
14419,0.041433044
14420,0.074968584
14421,0.10183409
14422,0.28280494
14423,0.09038833
14424,0.0071223476
14425,0.117380194
14426,0.06650115
14427,0.051976934
14428,0.099959664
14429,0.011189764
14430,0.026928155
14431,0.17717575
14432,0.015369749
14433,0.0071223476
14434,0.13372271
14435,0.06571354
14436,0.015764855
14437,0.019381039
14438,0.025511926
14439,0.0664673
14440,0.26192775
14441,0.023872776
14442,0.0071223476
14443,0.051263407
14444,0.019926175
14445,0.23527333
14446,0.029504152
14447,0.20855503
14448,0.13152325
14449,0.03903417
14450,0.0129282335
14451,0.07587937
14452,0.016930163
14453,0.013431989
14454,0.18333413
14455,0.0927722
14456,0.13170221
14457,0.06456268
14458,0.049134344
14459,0.0071223476
14460,0.0071223476
14461,0.35911417
14462,0.59919035
14463,0.10696168
14464,0.058875218
14465,0.023872776
14466,0.0756477
14467,0.0704311
14468,0.033056464
14469,0.08630928
14470,0.092901714
14471,0.06378505
14472,0.9487947
14473,0.0076609217
14474,0.12636259
14475,0.099355265
14476,0.030667854
14477,0.1309148
14478,0.40057516
14479,0.07194281
14480,0.13381884
14481,0.020719834
14482,0.025939213
14483,0.03061135
14484,0.008881807
14485,0.06193226
14486,0.024006262
14487,0.028373713
14488,0.0927722
14489,0.09196437
14490,0.039003927
14491,0.030394182
14492,0.048020054
14493,0.013158834
14494,0.103622444
14495,0.025380451
14496,0.014152891
14497,0.07231084
14498,0.03871817
14499,0.08186703
14500,0.0071223476
14501,0.029346235
14502,0.07163707
14503,0.6080673
14504,0.079479605
14505,0.13372271
14506,0.039955415
14507,0.026452854
14508,0.08696253
14509,0.067157544
14510,0.013158834
14511,0.023623602
14512,0.18083698
14513,0.033837397
14514,0.01613713
14515,0.046376437
14516,0.13459972
14517,0.027172865
14518,0.011067602
14519,0.0993082
14520,0.06915115
14521,0.02343531
14522,0.03672191
14523,0.24254878
14524,0.0071223476
14525,0.0071223476
14526,0.0071223476
14527,0.059866253
14528,0.04748219
14529,0.062597625
14530,0.0664673
14531,0.030709336
14532,0.02114934
14533,0.014285732
14534,0.17872001
14535,0.016274685
14536,0.06531562
14537,0.07587937
14538,0.0222787
14539,0.054404374
14540,0.07367686
14541,0.21145779
14542,0.11204244
14543,0.0658714
14544,0.012713955
14545,0.0129282335
14546,0.030709336
14547,0.011400171
14548,0.017872712
14549,0.011067602
14550,0.019381039
14551,0.0071223476
14552,0.0071223476
14553,0.0076609217
14554,0.05190834
14555,0.12417995
14556,0.0129282335
14557,0.12806875
14558,0.010512373
14559,0.20825934
14560,0.009676807
14561,0.019381039
14562,0.035166863
14563,0.01122017
14564,0.013158834
14565,0.010649303
14566,0.008076114
14567,0.008468514
14568,0.0071223476
14569,0.013158834
14570,0.013743616
14571,0.014401168
14572,0.033092782
14573,0.0071223476
14574,0.059279118
14575,0.02096246
14576,0.022016626
14577,0.008881807
14578,0.0077645117
14579,0.13160624
14580,0.019381039
14581,0.031809058
14582,0.009676807
14583,0.023623602
14584,0.0071223476
14585,0.01613713
14586,0.14493088
14587,0.009676807
14588,0.17387389
14589,0.02169542
14590,0.054404374
14591,0.0752908
14592,0.12441564
14593,0.043013662
14594,0.01122017
14595,0.052762162
14596,0.009676807
14597,0.101621345
14598,0.008076114
14599,0.09692657
14600,0.012242398
14601,0.0071223476
14602,0.007514238
14603,0.0071223476
14604,0.023623602
14605,0.013743616
14606,0.01122017
14607,0.007268069
14608,0.033297326
14609,0.007422802
14610,0.019381039
14611,0.049587216
14612,0.079479605
14613,0.035828017
14614,0.10446268
14615,0.013431989
14616,0.02096246
14617,0.0658714
14618,0.063207835
14619,0.0071223476
14620,0.019381039
14621,0.04391337
14622,0.024377834
14623,0.02873993
14624,0.023872776
14625,0.019381039
14626,0.036024287
14627,0.0071223476
14628,0.009889232
14629,0.1033883
14630,0.21630815
14631,0.045800727
14632,0.019381039
14633,0.018695576
14634,0.106493145
14635,0.069123894
14636,0.010000417
14637,0.05187312
14638,0.022253968
14639,0.05110772
14640,0.025345946
14641,0.09205658
14642,0.05034665
14643,0.009722009
14644,0.0071223476
14645,0.009777752
14646,0.009236465
14647,0.107508026
14648,0.018695576
14649,0.20135364
14650,0.13948195
14651,0.019915065
14652,0.048064608
14653,0.3293794
14654,0.119683824
14655,0.34223711
14656,0.31626445
14657,0.18928814
14658,0.029245926
14659,0.023872776
14660,0.007589356
14661,0.10077782
14662,0.23659517
14663,0.71881056
14664,0.13932365
14665,0.010216748
14666,0.16333234
14667,0.032735772
14668,0.013158834
14669,0.04632268
14670,0.021619093
14671,0.10075607
14672,0.02877387
14673,0.013971003
14674,0.109078415
14675,0.066345274
14676,0.2362652
14677,0.4909185
14678,0.4811994
14679,0.14066324
14680,0.17322193
14681,0.20186292
14682,0.020732481
14683,0.043580536
14684,0.024804613
14685,0.08205326
14686,0.056043066
14687,0.36599502
14688,0.18144599
14689,0.29534283
14690,0.4461794
14691,0.19323002
14692,0.01665038
14693,0.44549906
14694,0.07010174
14695,0.40212244
14696,0.044718776
14697,0.051656067
14698,0.047565322
14699,0.024256865
14700,0.16450068
14701,0.12309864
14702,0.10729857
14703,0.028220778
14704,0.2806508
14705,0.079704925
14706,0.007422802
14707,0.048347842
14708,0.017194057
14709,0.090394825
14710,0.12217418
14711,0.034405246
14712,0.06296405
14713,0.05444202
14714,0.15055935
14715,0.030191375
14716,0.26040575
14717,0.21628107
14718,0.021881063
14719,0.058597222
14720,0.018493215
14721,0.011247575
14722,0.44549906
14723,0.16216567
14724,0.16196413
14725,0.36785954
14726,0.32869956
14727,0.11431284
14728,0.064765476
14729,0.02317973
14730,0.007589356
14731,0.043428622
14732,0.0115744015
14733,0.09205658
14734,0.100910395
14735,0.008759497
14736,0.105372354
14737,0.22858135
14738,0.34679016
14739,0.009870425
14740,0.05550991
14741,0.025543198
14742,0.06347335
14743,0.037831616
14744,0.050894603
14745,0.20160885
14746,0.015066282
14747,0.047615286
14748,0.104640886
14749,0.06456517
14750,0.17283383
14751,0.36816847
14752,0.052673124
14753,0.06488588
14754,0.018493215
14755,0.01033226
14756,0.030466871
14757,0.05307582
14758,0.030175522
14759,0.01665038
14760,0.038627334
14761,0.105196565
14762,0.20795071
14763,0.07604162
14764,0.0923791
14765,0.05614751
14766,0.016055644
14767,0.052278813
14768,0.028695814
14769,0.026923386
14770,0.040897287
14771,0.07356556
14772,0.052673124
14773,0.09919362
14774,0.012242398
14775,0.022458203
14776,0.027527144
14777,0.012242398
14778,0.007589356
14779,0.03306183
14780,0.045332342
14781,0.022253968
14782,0.037413776
14783,0.089029126
14784,0.2344565
14785,0.20135364
14786,0.05524733
14787,0.043580536
14788,0.04033368
14789,0.108791836
14790,0.08815643
14791,0.015806224
14792,0.052673124
14793,0.01665038
14794,0.041735064
14795,0.15283413
14796,0.03411933
14797,0.06266902
14798,0.041484244
14799,0.009460591
14800,0.043580536
14801,0.05334608
14802,0.12185849
14803,0.09640511
14804,0.08945152
14805,0.058044143
14806,0.04536277
14807,0.011733236
14808,0.10219314
14809,0.066294596
14810,0.009889232
14811,0.012242398
14812,0.07596861
14813,0.047801208
14814,0.38526744
14815,0.12992755
14816,0.030191375
14817,0.14297605
14818,0.045332342
14819,0.049503278
14820,0.018896038
14821,0.09419399
14822,0.009329261
14823,0.016989255
14824,0.015594277
14825,0.07747681
14826,0.06426571
14827,0.034849502
14828,0.08943147
14829,0.08182928
14830,0.114844695
14831,0.33440498
14832,0.063698865
14833,0.015806224
14834,0.05815522
14835,0.024530547
14836,0.056901917
14837,0.007922235
14838,0.024006262
14839,0.11152262
14840,0.0640679
14841,0.086693645
14842,0.007514238
14843,0.10847283
14844,0.042221665
14845,0.029913513
14846,0.0147924395
14847,0.1184334
14848,0.015806224
14849,0.04852198
14850,0.023872776
14851,0.0071223476
14852,0.011067602
14853,0.030464998
14854,0.04686308
14855,0.0694207
14856,0.07511127
14857,0.1690875
14858,0.09655748
14859,0.185791
14860,0.11686688
14861,0.13169715
14862,0.016798863
14863,0.08682175
14864,0.012638732
14865,0.09427177
14866,0.051656067
14867,0.10032518
14868,0.05528611
14869,0.019915065
14870,0.027238807
14871,0.007514238
14872,0.04690973
14873,0.062263835
14874,0.04925842
14875,0.06179899
14876,0.0071223476
14877,0.015594277
14878,0.0803394
14879,0.027502462
14880,0.057791743
14881,0.089112096
14882,0.06376859
14883,0.18531242
14884,0.31559128
14885,0.05176595
14886,0.10682479
14887,0.08696253
14888,0.06852961
14889,0.110697344
14890,0.07683662
14891,0.06426571
14892,0.034879625
14893,0.29606366
14894,0.041704744
14895,0.09844595
14896,0.031495493
14897,0.0071223476
14898,0.0071223476
14899,0.014401168
14900,0.020732481
14901,0.24314666
14902,0.043961722
14903,0.06700401
14904,0.15055935
14905,0.60243964
14906,0.037435904
14907,0.018695576
14908,0.07326519
14909,0.066466026
14910,0.21575779
14911,0.22858135
14912,0.09063237
14913,0.031016055
14914,0.11431284
14915,0.16005293
14916,0.036362484
14917,0.079076216
14918,0.09512708
14919,0.070632614
14920,0.015066282
14921,0.026452854
14922,0.020179601
14923,0.055936053
14924,0.015066282
14925,0.11416757
14926,0.116522506
14927,0.1469049
14928,0.052783504
14929,0.096585974
14930,0.13979594
14931,0.18928814
14932,0.20521495
14933,0.05962564
14934,0.058697756
14935,0.01421923
14936,0.009889232
14937,0.062114913
14938,0.49031565
14939,0.08127718
14940,0.056043066
14941,0.33280516
14942,0.17300944
14943,0.013431989
14944,0.016989255
14945,0.010113833
14946,0.06157386
14947,0.039326742
14948,0.22146821
14949,0.22466433
14950,0.034555845
14951,0.06398464
14952,0.1293893
14953,0.13940305
14954,0.1337919
14955,0.2109536
14956,0.21014436
14957,0.1363254
14958,0.071668126
14959,0.07077343
14960,0.061868582
14961,0.2809642
14962,0.9557693
14963,0.09205658
14964,0.029621301
14965,0.30359694
14966,0.013158834
14967,0.061868582
14968,0.23207296
14969,0.015806224
14970,0.027268702
14971,0.029245926
14972,0.084065534
14973,0.035670906
14974,0.08157736
14975,0.3238384
14976,0.009329261
14977,0.06341554
14978,0.22404273
14979,0.12324507
14980,0.19743769
14981,0.21014436
14982,0.31202406
14983,0.0071223476
14984,0.15238912
14985,0.119683824
14986,0.119683824
14987,0.72132564
14988,0.25015894
14989,0.37718663
14990,0.05109898
14991,0.13087235
14992,0.07706856
14993,0.0071223476
14994,0.0089379735
14995,0.075576745
14996,0.008468514
14997,0.008283394
14998,0.030191375
14999,0.071004055
15000,0.08270545
15001,0.055316944
15002,0.055396363
15003,0.08350531
15004,0.15424682
15005,0.1337919
15006,0.016055644
15007,0.05400571
15008,0.22693123
15009,0.01665038
15010,0.041704744
15011,0.9557693
15012,0.72330666
15013,0.61167705
15014,0.017810684
15015,0.019168993
15016,0.106169544
15017,0.25919956
15018,0.081719615
15019,0.059897624
15020,0.008283394
15021,0.013158834
15022,0.05110772
15023,0.08469597
15024,0.08770192
15025,0.0071223476
15026,0.26812676
15027,0.013743616
15028,0.021619093
15029,0.11556715
15030,0.11485527
15031,0.07597065
15032,0.032165255
15033,0.185791
15034,0.09919362
15035,0.030464998
15036,0.087069556
15037,0.15104051
15038,0.11673814
15039,0.9557693
15040,0.7204453
15041,0.64332044
15042,0.010113833
15043,0.053822592
15044,0.017810684
15045,0.0089379735
15046,0.27307624
15047,0.067905
15048,0.20404552
15049,0.03203909
15050,0.09886079
15051,0.0071223476
15052,0.10202858
15053,0.11517611
15054,0.105493635
15055,0.3022027
15056,0.3453766
15057,0.36086693
15058,0.18486845
15059,0.16498768
15060,0.070791334
15061,0.04842642
15062,0.105707146
15063,0.02624071
15064,0.041735064
15065,0.008076114
15066,0.12606137
15067,0.082679026
15068,0.061020322
15069,0.11198746
15070,0.010861789
15071,0.9557693
15072,0.948318
15073,0.9557693
15074,0.13169715
15075,0.051719997
15076,0.042462196
15077,0.25919956
15078,0.03798671
15079,0.013158834
15080,0.010113833
15081,0.018493215
15082,0.08682175
15083,0.0535147
15084,0.22579156
15085,0.9557693
15086,0.09950823
15087,0.12085454
15088,0.07627339
15089,0.16181853
15090,0.06425985
15091,0.18658677
15092,0.15766186
15093,0.011924946
15094,0.14289223
15095,0.08182928
15096,0.072988786
15097,0.05593275
15098,0.021881063
15099,0.25015894
15100,0.22998129
15101,0.18547785
15102,0.06490551
15103,0.02317973
15104,0.11673814
15105,0.10220426
15106,0.17322193
15107,0.014567746
15108,0.02548297
15109,0.05969906
15110,0.039519
15111,0.051982816
15112,0.052421875
15113,0.028923653
15114,0.16013971
15115,0.49031565
15116,0.2578779
15117,0.20795071
15118,0.10156789
15119,0.19323002
15120,0.14118542
15121,0.48249593
15122,0.04690973
15123,0.028560245
15124,0.04947757
15125,0.19274844
15126,0.18858029
15127,0.13388804
15128,0.35386953
15129,0.2733878
15130,0.16614527
15131,0.94931483
15132,0.12063811
15133,0.0071223476
15134,0.141637
15135,0.18893084
15136,0.040890023
15137,0.3243739
15138,0.07587937
15139,0.04361091
15140,0.017810684
15141,0.03429639
15142,0.083368555
15143,0.24385434
15144,0.2266634
15145,0.2823141
15146,0.21197924
15147,0.15330477
15148,0.1521094
15149,0.24722515
15150,0.015594277
15151,0.1184334
15152,0.06062426
15153,0.008822591
15154,0.3055808
15155,0.26178354
15156,0.07587937
15157,0.6039839
15158,0.2578779
15159,0.0071223476
15160,0.02989046
15161,0.13734941
15162,0.09919362
15163,0.015461268
15164,0.027537553
15165,0.018266736
15166,0.0256922
15167,0.092291795
15168,0.09539296
15169,0.081901565
15170,0.12324507
15171,0.28832343
15172,0.73231995
15173,0.346065
15174,0.2610049
15175,0.3675249
15176,0.10221866
15177,0.01963433
15178,0.0347009
15179,0.13054265
15180,0.12801622
15181,0.16835687
15182,0.07706856
15183,0.028695814
15184,0.015828524
15185,0.16204153
15186,0.016451012
15187,0.13443829
15188,0.019381039
15189,0.01421923
15190,0.04536277
15191,0.0115744015
15192,0.011733236
15193,0.012424513
15194,0.03595937
15195,0.05334608
15196,0.09063237
15197,0.084065534
15198,0.185791
15199,0.18479967
15200,0.08696644
15201,0.5370165
15202,0.44543976
15203,0.2341948
15204,0.16866069
15205,0.03729047
15206,0.020146895
15207,0.022165423
15208,0.07899243
15209,0.014401168
15210,0.026689762
15211,0.9557693
15212,0.008675737
15213,0.008697048
15214,0.05334608
15215,0.0681773
15216,0.043662295
15217,0.011733236
15218,0.044493094
15219,0.03312969
15220,0.0684552
15221,0.011067602
15222,0.017810684
15223,0.054954447
15224,0.09078529
15225,0.122606896
15226,0.36139992
15227,0.24688126
15228,0.1052894
15229,0.8821682
15230,0.31768396
15231,0.34679016
15232,0.21601555
15233,0.03842166
15234,0.03283175
15235,0.007422802
15236,0.022800637
15237,0.021546692
15238,0.028373713
15239,0.07220899
15240,0.35911417
15241,0.10301209
15242,0.21014436
15243,0.034879625
15244,0.04908297
15245,0.07356556
15246,0.10011272
15247,0.21592243
15248,0.052931678
15249,0.024256865
15250,0.06266902
15251,0.1596484
15252,0.8821682
15253,0.15762445
15254,0.38707757
15255,0.20549756
15256,0.22640336
15257,0.18187754
15258,0.079238534
15259,0.05055091
15260,0.01963433
15261,0.03203909
15262,0.13045503
15263,0.17218679
15264,0.06867942
15265,0.1777103
15266,0.056350823
15267,0.0071223476
15268,0.24878757
15269,0.013158834
15270,0.0115744015
15271,0.010649303
15272,0.1483752
15273,0.15136836
15274,0.03913893
15275,0.0071223476
15276,0.11556715
15277,0.18586911
15278,0.077155545
15279,0.10045204
15280,0.04450635
15281,0.10064185
15282,0.0888123
15283,0.009329261
15284,0.11833857
15285,0.0735717
15286,0.03842166
15287,0.0089379735
15288,0.048271324
15289,0.0071223476
15290,0.08134445
15291,0.022458203
15292,0.19709757
15293,0.041484244
15294,0.019292511
15295,0.042809367
15296,0.13924034
15297,0.29862833
15298,0.48440439
15299,0.08937988
15300,0.018493215
15301,0.042248193
15302,0.028160166
15303,0.06700401
15304,0.03705411
15305,0.07220899
15306,0.053898543
15307,0.011733236
15308,0.026923386
15309,0.013158834
15310,0.029088048
15311,0.017416835
15312,0.009889232
15313,0.097860344
15314,0.07365616
15315,0.31167397
15316,0.013158834
15317,0.0077645117
15318,0.04686308
15319,0.09950823
15320,0.09401604
15321,0.30496663
15322,0.075200446
15323,0.013158834
15324,0.0071223476
15325,0.14177015
15326,0.025196683
15327,0.086343765
15328,0.09823385
15329,0.054404374
15330,0.010861789
15331,0.011733236
15332,0.017810684
15333,0.011247575
15334,0.32907125
15335,0.015066282
15336,0.018695576
15337,0.10710147
15338,0.066594616
15339,0.030592239
15340,0.027194472
15341,0.048347842
15342,0.065989666
15343,0.346065
15344,0.010113833
15345,0.019168993
15346,0.04450635
15347,0.044523496
15348,0.089029126
15349,0.16912346
15350,0.034849502
15351,0.16550626
15352,0.15489185
15353,0.019915065
15354,0.034555845
15355,0.016599
15356,0.008468514
15357,0.16920897
15358,0.09205658
15359,0.015369749
15360,0.11182868
15361,0.0071223476
15362,0.06531435
15363,0.053445652
15364,0.007268069
15365,0.3594769
15366,0.490156
15367,0.09831725
15368,0.064133815
15369,0.0071223476
15370,0.059765004
15371,0.05852784
15372,0.034849502
15373,0.14203072
15374,0.09356054
15375,0.07841323
15376,0.8611462
15377,0.014567746
15378,0.022800637
15379,0.023623602
15380,0.052020602
15381,0.084065534
15382,0.0071223476
15383,0.052421875
15384,0.15377043
15385,0.35350826
15386,0.055936053
15387,0.20186292
15388,0.024256865
15389,0.019168993
15390,0.06341554
15391,0.03798671
15392,0.029363044
15393,0.09205658
15394,0.06104343
15395,0.035130884
15396,0.030799652
15397,0.020692438
15398,0.040860765
15399,0.10117474
15400,0.05557909
15401,0.009460591
15402,0.05005079
15403,0.078883864
15404,0.059511654
15405,0.036860857
15406,0.027527144
15407,0.05054592
15408,0.7237283
15409,0.064204365
15410,0.15941517
15411,0.08336282
15412,0.022906069
15413,0.0707028
15414,0.0596951
15415,0.0071223476
15416,0.031361703
15417,0.19392675
15418,0.058303412
15419,0.007268069
15420,0.012242398
15421,0.032430008
15422,0.10583462
15423,0.019915065
15424,0.08694101
15425,0.019915065
15426,0.009122779
15427,0.029096102
15428,0.25545666
15429,0.02479791
15430,0.016798863
15431,0.0071223476
15432,0.025084088
15433,0.038597103
15434,0.036543537
15435,0.090138376
15436,0.089738004
15437,0.020732481
15438,0.007922235
15439,0.03729047
15440,0.0815748
15441,0.11485527
15442,0.049503278
15443,0.09950823
15444,0.02265175
15445,0.027238807
15446,0.082229264
15447,0.1706767
15448,0.10356695
15449,0.0071223476
15450,0.0089379735
15451,0.04361091
15452,0.0118735535
15453,0.03705411
15454,0.023872776
15455,0.018896038
15456,0.013971003
15457,0.010113833
15458,0.028953599
15459,0.0071223476
15460,0.0071223476
15461,0.022253968
15462,0.03074229
15463,0.041704744
15464,0.09780225
15465,0.09205658
15466,0.118832
15467,0.007422802
15468,0.19489375
15469,0.019168993
15470,0.036293447
15471,0.017416835
15472,0.012424513
15473,0.0071223476
15474,0.023893815
15475,0.030191375
15476,0.013158834
15477,0.01421923
15478,0.037014764
15479,0.018003544
15480,0.034577623
15481,0.020543857
15482,0.014567746
15483,0.0077645117
15484,0.0077645117
15485,0.107442945
15486,0.008468514
15487,0.048568364
15488,0.0071223476
15489,0.009676807
15490,0.01963433
15491,0.0077645117
15492,0.11021477
15493,0.009676807
15494,0.0071223476
15495,0.21628107
15496,0.04842642
15497,0.07116283
15498,0.06692481
15499,0.061169088
15500,0.019915065
15501,0.0071223476
15502,0.08893783
15503,0.017810684
15504,0.11382796
15505,0.007922235
15506,0.0727597
15507,0.010469167
15508,0.025084088
15509,0.015187318
15510,0.0071223476
15511,0.0077645117
15512,0.0071223476
15513,0.010861789
15514,0.011067602
15515,0.041484244
15516,0.009889232
15517,0.009676807
15518,0.06193864
15519,0.048930354
15520,0.0071223476
15521,0.1060116
15522,0.02479791
15523,0.030772287
15524,0.0071223476
15525,0.028923653
15526,0.031380907
15527,0.01963433
15528,0.031180702
15529,0.023623602
15530,0.022074694
15531,0.012638732
15532,0.052421875
15533,0.11587432
15534,0.21145779
15535,0.024367975
15536,0.012051778
15537,0.034089234
15538,0.022165423
15539,0.056825064
15540,0.036318656
15541,0.051976934
15542,0.039733857
15543,0.14623478
15544,0.031016055
15545,0.024651546
15546,0.12871604
15547,0.042312887
15548,0.14663002
15549,0.027161838
15550,0.25186384
15551,0.18066156
15552,0.053458486
15553,0.32791245
15554,0.07338668
15555,0.34570587
15556,0.20602685
15557,0.1668062
15558,0.04482622
15559,0.023872776
15560,0.102979824
15561,0.013971003
15562,0.24848188
15563,0.13032793
15564,0.026452854
15565,0.609656
15566,0.18212225
15567,0.04316392
15568,0.18586911
15569,0.007802202
15570,0.07527822
15571,0.021619093
15572,0.07587937
15573,0.066647746
15574,0.017416835
15575,0.022731746
15576,0.16585933
15577,0.4142444
15578,0.4130076
15579,0.05535626
15580,0.14177015
15581,0.16222702
15582,0.02096246
15583,0.031553924
15584,0.021508442
15585,0.06722794
15586,0.012574741
15587,0.25819927
15588,0.20824634
15589,0.31951174
15590,0.38973778
15591,0.12780802
15592,0.021881063
15593,0.38526744
15594,0.043708134
15595,0.038031127
15596,0.42740965
15597,0.020421809
15598,0.11816936
15599,0.0115744015
15600,0.06018808
15601,0.06259727
15602,0.17740269
15603,0.025038522
15604,0.009676807
15605,0.022308737
15606,0.19585034
15607,0.06959031
15608,0.040967546
15609,0.04316392
15610,0.059787583
15611,0.092005484
15612,0.063572735
15613,0.033297326
15614,0.007589356
15615,0.0071223476
15616,0.074737094
15617,0.031613577
15618,0.10226556
15619,0.16559403
15620,0.017960923
15621,0.16890904
15622,0.021881063
15623,0.05175026
15624,0.095502175
15625,0.018266736
15626,0.0071223476
15627,0.30496663
15628,0.11434304
15629,0.08988132
15630,0.27286473
15631,0.22870368
15632,0.06891835
15633,0.068330996
15634,0.0071223476
15635,0.04199725
15636,0.015806224
15637,0.0077645117
15638,0.007514238
15639,0.017416835
15640,0.06316718
15641,0.032581482
15642,0.10275056
15643,0.1979531
15644,0.30496663
15645,0.008283394
15646,0.01665038
15647,0.024651546
15648,0.024171002
15649,0.012051778
15650,0.017416835
15651,0.030191375
15652,0.25171033
15653,0.018493215
15654,0.0962723
15655,0.011400171
15656,0.09619364
15657,0.15001243
15658,0.45364964
15659,0.025345946
15660,0.051767454
15661,0.018493215
15662,0.01963433
15663,0.036872845
15664,0.050264355
15665,0.0071223476
15666,0.025939213
15667,0.0115744015
15668,0.089112096
15669,0.14204426
15670,0.09409855
15671,0.061761517
15672,0.072503306
15673,0.053518638
15674,0.020489905
15675,0.02479791
15676,0.078383826
15677,0.08694101
15678,0.043580536
15679,0.09844595
15680,0.023705475
15681,0.06773406
15682,0.028695814
15683,0.0071223476
15684,0.016386626
15685,0.02096246
15686,0.028923653
15687,0.0071223476
15688,0.07587937
15689,0.3019599
15690,0.22724472
15691,0.071032345
15692,0.0491136
15693,0.012051778
15694,0.12873007
15695,0.06630113
15696,0.0071223476
15697,0.02398261
15698,0.025375789
15699,0.018493215
15700,0.2109536
15701,0.040848225
15702,0.04199725
15703,0.040920317
15704,0.074968584
15705,0.07898672
15706,0.16994017
15707,0.11658493
15708,0.13940305
15709,0.06506501
15710,0.051982816
15711,0.011400171
15712,0.07251263
15713,0.058085416
15714,0.009889232
15715,0.15001243
15716,0.08336282
15717,0.4533537
15718,0.118473485
15719,0.17444639
15720,0.05382216
15721,0.019926175
15722,0.027771996
15723,0.10813306
15724,0.0071223476
15725,0.011911434
15726,0.035095565
15727,0.082852624
15728,0.058085416
15729,0.057240188
15730,0.06037711
15731,0.082962416
15732,0.13300452
15733,0.33440498
15734,0.0721426
15735,0.022253968
15736,0.0756477
15737,0.025939213
15738,0.04882859
15739,0.030191375
15740,0.104640886
15741,0.036872845
15742,0.09718364
15743,0.032440685
15744,0.09739402
15745,0.010861789
15746,0.09261438
15747,0.051425546
15748,0.037413776
15749,0.18599515
15750,0.0071223476
15751,0.047296315
15752,0.044234052
15753,0.050936885
15754,0.0071223476
15755,0.009676807
15756,0.021619093
15757,0.049503278
15758,0.07096214
15759,0.14671412
15760,0.13785562
15761,0.15988469
15762,0.11468675
15763,0.16951302
15764,0.02096246
15765,0.09844595
15766,0.011067602
15767,0.06616732
15768,0.03559024
15769,0.14409506
15770,0.05252574
15771,0.031274736
15772,0.027711134
15773,0.013553072
15774,0.016930163
15775,0.06316718
15776,0.04412497
15777,0.041453928
15778,0.040920317
15779,0.08897296
15780,0.036281347
15781,0.034089234
15782,0.08837582
15783,0.08603818
15784,0.16616246
15785,0.36084947
15786,0.12053348
15787,0.08786611
15788,0.040305506
15789,0.10292993
15790,0.089029126
15791,0.10525783
15792,0.041453928
15793,0.009889232
15794,0.031274736
15795,0.2578779
15796,0.051976934
15797,0.09342621
15798,0.028923653
15799,0.063765235
15800,0.007268069
15801,0.019381039
15802,0.0071223476
15803,0.051982816
15804,0.2600694
15805,0.047801208
15806,0.03574101
15807,0.1483752
15808,0.6012491
15809,0.059419814
15810,0.018896038
15811,0.12303784
15812,0.040890023
15813,0.21575779
15814,0.30261153
15815,0.086343765
15816,0.02455387
15817,0.0124525735
15818,0.093215086
15819,0.15579066
15820,0.05252574
15821,0.11741417
15822,0.11747817
15823,0.054404374
15824,0.015369749
15825,0.012424513
15826,0.018896038
15827,0.013158834
15828,0.063702844
15829,0.047801208
15830,0.015594277
15831,0.092218705
15832,0.10807443
15833,0.12126555
15834,0.04154185
15835,0.078383826
15836,0.14710955
15837,0.20855503
15838,0.17322193
15839,0.0664673
15840,0.06694388
15841,0.046198014
15842,0.0670876
15843,0.5358745
15844,0.050346248
15845,0.020079311
15846,0.2578779
15847,0.16028854
15848,0.013431989
15849,0.060416427
15850,0.22405197
15851,0.17806585
15852,0.01033226
15853,0.064396665
15854,0.06193226
15855,0.13508809
15856,0.14671412
15857,0.17338084
15858,0.17414108
15859,0.23943469
15860,0.13818307
15861,0.06308028
15862,0.094072275
15863,0.05878304
15864,0.29179728
15865,0.9465231
15866,0.0923791
15867,0.0071223476
15868,0.3331313
15869,0.030171907
15870,0.24057908
15871,0.015594277
15872,0.009676807
15873,0.04316392
15874,0.094334215
15875,0.013431989
15876,0.056523092
15877,0.0071223476
15878,0.34775376
15879,0.030464998
15880,0.11051104
15881,0.20825934
15882,0.10504441
15883,0.2056256
15884,0.21045354
15885,0.30391595
15886,0.018896038
15887,0.1625152
15888,0.07875437
15889,0.07996553
15890,0.719167
15891,0.26192775
15892,0.32723328
15893,0.009122779
15894,0.11547694
15895,0.0939284
15896,0.0071223476
15897,0.007268069
15898,0.048645392
15899,0.008283394
15900,0.012051778
15901,0.07706856
15902,0.09342621
15903,0.07683662
15904,0.05748687
15905,0.0947412
15906,0.14154838
15907,0.11325804
15908,0.0071223476
15909,0.09369283
15910,0.18083653
15911,0.01665038
15912,0.020460488
15913,0.9557693
15914,0.73727643
15915,0.7277069
15916,0.013158834
15917,0.0115744015
15918,0.08079201
15919,0.29742536
15920,0.09739554
15921,0.07587937
15922,0.06803049
15923,0.06609742
15924,0.07558076
15925,0.009889232
15926,0.29774284
15927,0.0071223476
15928,0.038913086
15929,0.10354231
15930,0.06259727
15931,0.052683257
15932,0.04316392
15933,0.1515771
15934,0.07386932
15935,0.038913086
15936,0.09393419
15937,0.09718364
15938,0.07996553
15939,0.9557693
15940,0.8790432
15941,0.6420994
15942,0.025229342
15943,0.055213004
15944,0.02479791
15945,0.29028404
15946,0.057388417
15947,0.18377051
15948,0.054954447
15949,0.08073504
15950,0.0071223476
15951,0.111800924
15952,0.19726099
15953,0.13212109
15954,0.20825934
15955,0.3331985
15956,0.36197323
15957,0.1913993
15958,0.16616246
15959,0.063018136
15960,0.05382216
15961,0.09386839
15962,0.033807307
15963,0.036471777
15964,0.0071223476
15965,0.18928814
15966,0.1294143
15967,0.11618913
15968,0.09718364
15969,0.022253968
15970,0.9557693
15971,0.948318
15972,0.9557693
15973,0.11511893
15974,0.054622114
15975,0.0994382
15976,0.2254588
15977,0.012242398
15978,0.018896038
15979,0.027771996
15980,0.03690303
15981,0.10065241
15982,0.024171002
15983,0.20404552
15984,0.9557693
15985,0.11618913
15986,0.085478574
15987,0.0743849
15988,0.13141654
15989,0.06062426
15990,0.12869883
15991,0.15001243
15992,0.061650604
15993,0.14066324
15994,0.07214827
15995,0.074737094
15996,0.05528611
15997,0.27414235
15998,0.28251886
15999,0.18928814
16000,0.117018476
16001,0.02343531
16002,0.08312953
16003,0.039101813
16004,0.18586911
16005,0.028695814
16006,0.02708927
16007,0.037816383
16008,0.015594277
16009,0.027161838
16010,0.035871822
16011,0.06634771
16012,0.18893084
16013,0.41973358
16014,0.20797542
16015,0.22097526
16016,0.09864388
16017,0.20186292
16018,0.14606887
16019,0.4898107
16020,0.053148907
16021,0.01963433
16022,0.041302323
16023,0.068992674
16024,0.14727953
16025,0.24413355
16026,0.0658505
16027,0.3022442
16028,0.2349711
16029,0.18212225
16030,0.94931483
16031,0.11112157
16032,0.0071223476
16033,0.12321852
16034,0.20913503
16035,0.040890023
16036,0.19622129
16037,0.10272298
16038,0.03203909
16039,0.024006262
16040,0.024256865
16041,0.118473485
16042,0.29774284
16043,0.2511309
16044,0.31273088
16045,0.2349711
16046,0.15532418
16047,0.12138366
16048,0.22709484
16049,0.12897295
16050,0.11196645
16051,0.050877318
16052,0.24443974
16053,0.27170494
16054,0.05231271
16055,0.039232653
16056,0.48920828
16057,0.3594769
16058,0.07191172
16059,0.1186193
16060,0.044234052
16061,0.059150357
16062,0.011733236
16063,0.008697048
16064,0.008697048
16065,0.04199725
16066,0.07163707
16067,0.11455826
16068,0.07458643
16069,0.16701299
16070,0.30359694
16071,0.73231995
16072,0.31135306
16073,0.25819927
16074,0.41335335
16075,0.091540754
16076,0.024256865
16077,0.080349594
16078,0.045478903
16079,0.14501484
16080,0.18561023
16081,0.068330996
16082,0.007589356
16083,0.059787583
16084,0.12713361
16085,0.007589356
16086,0.009515447
16087,0.09309514
16088,0.014401168
16089,0.031002576
16090,0.018493215
16091,0.0129282335
16092,0.04947757
16093,0.05143429
16094,0.05908095
16095,0.05231271
16096,0.21810995
16097,0.17820622
16098,0.09984818
16099,0.4981532
16100,0.41973358
16101,0.32416233
16102,0.12100209
16103,0.06278125
16104,0.07073508
16105,0.040890023
16106,0.11311291
16107,0.9557693
16108,0.033297326
16109,0.036803897
16110,0.0743849
16111,0.038031127
16112,0.06833665
16113,0.013158834
16114,0.060416427
16115,0.012424513
16116,0.06664375
16117,0.01033226
16118,0.016386626
16119,0.036052793
16120,0.07605097
16121,0.095861726
16122,0.39029995
16123,0.24688126
16124,0.09406814
16125,0.94001055
16126,0.35488454
16127,0.32321566
16128,0.2077117
16129,0.016386626
16130,0.02265175
16131,0.010861789
16132,0.038371377
16133,0.024404729
16134,0.08571237
16135,0.36678857
16136,0.08848261
16137,0.21014436
16138,0.018266736
16139,0.059934627
16140,0.09718364
16141,0.13539587
16142,0.19746533
16143,0.078049794
16144,0.01963433
16145,0.062486272
16146,0.16252923
16147,0.73774016
16148,0.16239561
16149,0.38707757
16150,0.14862245
16151,0.2567758
16152,0.16808368
16153,0.091683075
16154,0.041453928
16155,0.013743616
16156,0.018695576
16157,0.013158834
16158,0.05437193
16159,0.007422802
16160,0.13940305
16161,0.14885546
16162,0.04335059
16163,0.2362652
16164,0.06616698
16165,0.010649303
16166,0.25177175
16167,0.0071223476
16168,0.024583692
16169,0.008283394
16170,0.15055935
16171,0.17092489
16172,0.030667854
16173,0.0071223476
16174,0.08154045
16175,0.19746533
16176,0.069676675
16177,0.093215086
16178,0.024651546
16179,0.099509954
16180,0.08619008
16181,0.023623602
16182,0.09598198
16183,0.09514388
16184,0.039178133
16185,0.045371298
16186,0.009122779
16187,0.04210611
16188,0.009676807
16189,0.009122779
16190,0.10828844
16191,0.048675917
16192,0.02096246
16193,0.20790207
16194,0.028695814
16195,0.03713947
16196,0.0077645117
16197,0.023833552
16198,0.15485272
16199,0.28953764
16200,0.44788596
16201,0.112577796
16202,0.031002576
16203,0.024066783
16204,0.02835155
16205,0.08726836
16206,0.09667171
16207,0.011733236
16208,0.027161838
16209,0.010107609
16210,0.016798863
16211,0.010649303
16212,0.010107609
16213,0.015806224
16214,0.076596
16215,0.12641577
16216,0.26679572
16217,0.013158834
16218,0.0147924395
16219,0.031274736
16220,0.10443721
16221,0.09122672
16222,0.32321566
16223,0.15763065
16224,0.018695576
16225,0.056951586
16226,0.014138083
16227,0.0071223476
16228,0.07627339
16229,0.10109204
16230,0.049707375
16231,0.026090208
16232,0.018695576
16233,0.25084916
16234,0.0071223476
16235,0.01665038
16236,0.117485635
16237,0.05143429
16238,0.051425546
16239,0.018695576
16240,0.021881063
16241,0.032590996
16242,0.30359694
16243,0.010861789
16244,0.012051778
16245,0.024404729
16246,0.040530812
16247,0.08500859
16248,0.1485568
16249,0.051976934
16250,0.2243647
16251,0.106517255
16252,0.034002893
16253,0.0129282335
16254,0.028923653
16255,0.055107266
16256,0.030191375
16257,0.1979531
16258,0.11845956
16259,0.024978789
16260,0.06496689
16261,0.046750236
16262,0.0071223476
16263,0.3331985
16264,0.45388186
16265,0.08477494
16266,0.044441093
16267,0.013971003
16268,0.059220236
16269,0.05143429
16270,0.13833147
16271,0.08395843
16272,0.051046684
16273,0.8845254
16274,0.015806224
16275,0.034555845
16276,0.013743616
16277,0.07151213
16278,0.054404374
16279,0.029916111
16280,0.15579066
16281,0.37529984
16282,0.040305506
16283,0.13294569
16284,0.027771996
16285,0.04794812
16286,0.07706856
16287,0.068992674
16288,0.017872712
16289,0.0923791
16290,0.06959031
16291,0.030466871
16292,0.0071223476
16293,0.019168993
16294,0.038031127
16295,0.0071223476
16296,0.010861789
16297,0.09270501
16298,0.028695814
16299,0.04316392
16300,0.013431989
16301,0.009889232
16302,0.046446793
16303,0.11455826
16304,0.0071223476
16305,0.7229073
16306,0.05708628
16307,0.13087852
16308,0.023623602
16309,0.019926175
16310,0.05524733
16311,0.015369749
16312,0.25308698
16313,0.031885903
16314,0.015806224
16315,0.012242398
16316,0.029621301
16317,0.10043989
16318,0.0071223476
16319,0.112920955
16320,0.03203909
16321,0.0222787
16322,0.22741404
16323,0.015369749
16324,0.03293717
16325,0.009329261
16326,0.0071223476
16327,0.017872712
16328,0.012274278
16329,0.0071223476
16330,0.039414205
16331,0.114865154
16332,0.07251263
16333,0.013158834
16334,0.014401168
16335,0.028709989
16336,0.15958473
16337,0.06453667
16338,0.0721426
16339,0.068330996
16340,0.018662967
16341,0.046097416
16342,0.048930354
16343,0.20745568
16344,0.14822257
16345,0.0071223476
16346,0.008076114
16347,0.008881807
16348,0.020258002
16349,0.019168993
16350,0.012424513
16351,0.026689762
16352,0.0071223476
16353,0.008076114
16354,0.023623602
16355,0.010107609
16356,0.0071223476
16357,0.028709989
16358,0.07361787
16359,0.14074686
16360,0.0071223476
16361,0.14130937
16362,0.009122779
16363,0.22693123
16364,0.0071223476
16365,0.012242398
16366,0.0129282335
16367,0.021881063
16368,0.024200812
16369,0.0071223476
16370,0.025265014
16371,0.013743616
16372,0.014401168
16373,0.009460591
16374,0.022924379
16375,0.023817562
16376,0.0354689
16377,0.044674125
16378,0.0071223476
16379,0.0077645117
16380,0.018266736
16381,0.0077645117
16382,0.116033696
16383,0.019915065
16384,0.030660255
16385,0.009676807
16386,0.0071223476
16387,0.07781765
16388,0.009676807
16389,0.20556776
16390,0.086343765
16391,0.034555845
16392,0.047509316
16393,0.0129282335
16394,0.06316718
16395,0.029621301
16396,0.011067602
16397,0.062112845
16398,0.018695576
16399,0.06967902
16400,0.007922235
16401,0.12711407
16402,0.016798863
16403,0.025265014
16404,0.030021947
16405,0.007422802
16406,0.0077645117
16407,0.0071223476
16408,0.0071223476
16409,0.009676807
16410,0.014795896
16411,0.01665038
16412,0.04818485
16413,0.048930354
16414,0.008076114
16415,0.16966604
16416,0.02343531
16417,0.028695814
16418,0.016798863
16419,0.015095823
16420,0.06278125
16421,0.028373713
16422,0.037163477
16423,0.04947757
16424,0.051982816
16425,0.019827537
16426,0.025375789
16427,0.103846185
16428,0.21630815
16429,0.08247708
16430,0.016798863
16431,0.034089234
16432,0.027837979
16433,0.041704744
16434,0.05018467
16435,0.0071223476
16436,0.0313837
16437,0.02127834
16438,0.037162453
16439,0.014285732
16440,0.032015007
16441,0.09340437
16442,0.022427535
16443,0.08950334
16444,0.053353354
16445,0.19323002
16446,0.11691501
16447,0.019915065
16448,0.021112768
16449,0.22456957
16450,0.09277241
16451,0.3287166
16452,0.23591295
16453,0.12694886
16454,0.015335122
16455,0.023872776
16456,0.07485993
16457,0.013971003
16458,0.29262134
16459,0.009460591
16460,0.18928814
16461,0.028160166
16462,0.64332044
16463,0.16478567
16464,0.114006214
16465,0.10876605
16466,0.0707068
16467,0.013971003
16468,0.050506804
16469,0.14629257
16470,0.1799967
16471,0.42898655
16472,0.3675249
16473,0.024530547
16474,0.10762018
16475,0.10220495
16476,0.020732481
16477,0.031935256
16478,0.057077587
16479,0.08018
16480,0.010469167
16481,0.0392475
16482,0.36678857
16483,0.17820622
16484,0.16186354
16485,0.52783966
16486,0.10143805
16487,0.038157698
16488,0.34679016
16489,0.031935256
16490,0.6119412
16491,0.06816802
16492,0.071004055
16493,0.023872776
16494,0.053332333
16495,0.10987861
16496,0.10514354
16497,0.084318034
16498,0.029363044
16499,0.034405246
16500,0.064133815
16501,0.2578779
16502,0.06326314
16503,0.02700177
16504,0.08726836
16505,0.0529719
16506,0.1258473
16507,0.07910164
16508,0.14066324
16509,0.03074229
16510,0.21628107
16511,0.20521495
16512,0.0071223476
16513,0.05678024
16514,0.045038
16515,0.02966834
16516,0.3602093
16517,0.20790207
16518,0.07604162
16519,0.25015894
16520,0.34679016
16521,0.09067343
16522,0.03651337
16523,0.018695576
16524,0.0313837
16525,0.0071223476
16526,0.06347335
16527,0.0115744015
16528,0.0071223476
16529,0.009329261
16530,0.08989079
16531,0.08454253
16532,0.25015894
16533,0.34679016
16534,0.01665038
16535,0.022458203
16536,0.061770853
16537,0.009329261
16538,0.016989255
16539,0.17576866
16540,0.07360091
16541,0.040318042
16542,0.011247575
16543,0.06867942
16544,0.017416835
16545,0.1342953
16546,0.42008096
16547,0.07100972
16548,0.01963433
16549,0.042779014
16550,0.015006242
16551,0.017416835
16552,0.019915065
16553,0.11429354
16554,0.13705376
16555,0.105372354
16556,0.07578438
16557,0.08471893
16558,0.015110308
16559,0.03570942
16560,0.032430008
16561,0.029363044
16562,0.065223224
16563,0.030466871
16564,0.06154221
16565,0.007922235
16566,0.054954447
16567,0.0256922
16568,0.016989255
16569,0.037413776
16570,0.030799652
16571,0.03897697
16572,0.0071223476
16573,0.018695576
16574,0.024404729
16575,0.20997089
16576,0.18222587
16577,0.043580536
16578,0.025199503
16579,0.009122779
16580,0.14322113
16581,0.02469752
16582,0.013158834
16583,0.05775158
16584,0.037816383
16585,0.18095504
16586,0.041433044
16587,0.037646584
16588,0.018206738
16589,0.080474265
16590,0.031935256
16591,0.14556552
16592,0.13264671
16593,0.12304983
16594,0.08696253
16595,0.050732538
16596,0.038157698
16597,0.05334608
16598,0.04690973
16599,0.08911945
16600,0.032165255
16601,0.41335335
16602,0.093789585
16603,0.042248193
16604,0.09780225
16605,0.05852784
16606,0.07864552
16607,0.021619093
16608,0.009460591
16609,0.012638732
16610,0.121934585
16611,0.031613577
16612,0.0071223476
16613,0.017416835
16614,0.11152262
16615,0.0333415
16616,0.046317227
16617,0.05055091
16618,0.1118425
16619,0.141637
16620,0.29050016
16621,0.05018467
16622,0.039868943
16623,0.08848261
16624,0.029275881
16625,0.07527822
16626,0.023872776
16627,0.0089379735
16628,0.09919362
16629,0.08157736
16630,0.10710147
16631,0.039175443
16632,0.11815169
16633,0.0071223476
16634,0.05334608
16635,0.067580454
16636,0.16005519
16637,0.0071223476
16638,0.029088048
16639,0.06623637
16640,0.074510545
16641,0.0071223476
16642,0.013158834
16643,0.0115744015
16644,0.086343765
16645,0.06062426
16646,0.14297605
16647,0.12576473
16648,0.21342678
16649,0.1182806
16650,0.20821069
16651,0.022906069
16652,0.08848261
16653,0.06296405
16654,0.010469167
16655,0.035871822
16656,0.095787145
16657,0.029088048
16658,0.019915065
16659,0.06503536
16660,0.037465338
16661,0.06730423
16662,0.11489518
16663,0.009329261
16664,0.079704925
16665,0.0147924395
16666,0.0147924395
16667,0.09671929
16668,0.03312969
16669,0.040890023
16670,0.1337919
16671,0.06037711
16672,0.14297605
16673,0.34742406
16674,0.079472415
16675,0.120152086
16676,0.04690973
16677,0.116966635
16678,0.08157736
16679,0.09021749
16680,0.046317227
16681,0.022253968
16682,0.31626445
16683,0.09353488
16684,0.09144273
16685,0.064665996
16686,0.099662386
16687,0.0071223476
16688,0.018695576
16689,0.0147924395
16690,0.022906069
16691,0.03706179
16692,0.29534283
16693,0.027238807
16694,0.04842642
16695,0.11673814
16696,0.5388303
16697,0.051255096
16698,0.007268069
16699,0.14975193
16700,0.061402626
16701,0.2600794
16702,0.23596272
16703,0.09063237
16704,0.020146895
16705,0.03074229
16706,0.0076609217
16707,0.081068285
16708,0.13541636
16709,0.024655432
16710,0.18449984
16711,0.06403439
16712,0.058044143
16713,0.012424513
16714,0.01665038
16715,0.025084088
16716,0.05882061
16717,0.062114913
16718,0.007589356
16719,0.111505836
16720,0.1027991
16721,0.16428456
16722,0.08807622
16723,0.0532223
16724,0.16866069
16725,0.19746533
16726,0.17221022
16727,0.06456517
16728,0.09063237
16729,0.012242398
16730,0.064765476
16731,0.49031565
16732,0.051951975
16733,0.050160497
16734,0.25522277
16735,0.16563077
16736,0.013431989
16737,0.016989255
16738,0.010113833
16739,0.051656067
16740,0.039326742
16741,0.217883
16742,0.19853437
16743,0.010113833
16744,0.061020322
16745,0.05018467
16746,0.15617442
16747,0.13940305
16748,0.14297605
16749,0.21628107
16750,0.19442686
16751,0.13193983
16752,0.07706856
16753,0.12960246
16754,0.03729047
16755,0.23596272
16756,0.9465231
16757,0.09205658
16758,0.026923386
16759,0.346065
16760,0.0596951
16761,0.1656544
16762,0.04842642
16763,0.073219895
16764,0.0071223476
16765,0.041704744
16766,0.0071223476
16767,0.3238384
16768,0.014567746
16769,0.0648385
16770,0.21046679
16771,0.12217418
16772,0.24345088
16773,0.28326324
16774,0.2578779
16775,0.0147924395
16776,0.15567698
16777,0.09277241
16778,0.10908148
16779,0.8790432
16780,0.2806508
16781,0.35386953
16782,0.047455896
16783,0.16005293
16784,0.06890961
16785,0.039868943
16786,0.0115744015
16787,0.06700401
16788,0.0071223476
16789,0.008283394
16790,0.030464998
16791,0.025345946
16792,0.07604162
16793,0.07912862
16794,0.11787105
16795,0.11673814
16796,0.13660817
16797,0.11416531
16798,0.12998249
16799,0.21197924
16800,0.01665038
16801,0.0333415
16802,0.9557693
16803,0.8821682
16804,0.61167705
16805,0.021881063
16806,0.016055644
16807,0.1186193
16808,0.359894
16809,0.073969804
16810,0.015066282
16811,0.047801208
16812,0.009329261
16813,0.07136669
16814,0.061020322
16815,0.056784194
16816,0.009676807
16817,0.3134026
16818,0.013743616
16819,0.03337158
16820,0.12537666
16821,0.055396363
16822,0.08769784
16823,0.069800735
16824,0.17945151
16825,0.10436425
16826,0.028373713
16827,0.102449864
16828,0.14885546
16829,0.1393195
16830,0.9557693
16831,0.8790432
16832,0.71881056
16833,0.01421923
16834,0.041704744
16835,0.02479791
16836,0.3238384
16837,0.08918181
16838,0.2825085
16839,0.0313837
16840,0.08073504
16841,0.013431989
16842,0.1596484
16843,0.13866417
16844,0.13940305
16845,0.22321674
16846,0.31135306
16847,0.38662857
16848,0.18867673
16849,0.14297605
16850,0.09950823
16851,0.07220899
16852,0.099992014
16853,0.022427535
16854,0.030316873
16855,0.021881063
16856,0.1469049
16857,0.0927539
16858,0.10798532
16859,0.14074686
16860,0.023872776
16861,0.9465231
16862,0.948318
16863,0.9557693
16864,0.15064372
16865,0.048558652
16866,0.13413733
16867,0.21197924
16868,0.0089379735
16869,0.024256865
16870,0.018493215
16871,0.033070844
16872,0.09655748
16873,0.034089234
16874,0.25443557
16875,0.9557693
16876,0.094973564
16877,0.10032518
16878,0.0685389
16879,0.18144599
16880,0.054735865
16881,0.09612304
16882,0.15001243
16883,0.05528611
16884,0.11673814
16885,0.10299545
16886,0.08073504
16887,0.053895604
16888,0.008283394
16889,0.2690841
16890,0.30329815
16891,0.20186292
16892,0.129992
16893,0.012051778
16894,0.06193864
16895,0.049186714
16896,0.18858029
16897,0.02479791
16898,0.02792698
16899,0.0656938
16900,0.017810684
16901,0.013971003
16902,0.02265175
16903,0.075672016
16904,0.1532817
16905,0.44543976
16906,0.19450791
16907,0.15902722
16908,0.09205658
16909,0.14307295
16910,0.20417097
16911,0.4909185
16912,0.019440914
16913,0.032440685
16914,0.028160166
16915,0.08166707
16916,0.22693123
16917,0.13179311
16918,0.33617258
16919,0.22693123
16920,0.16402823
16921,0.94931483
16922,0.13150923
16923,0.0071223476
16924,0.13608176
16925,0.18893084
16926,0.0147924395
16927,0.045332342
16928,0.14571339
16929,0.0983775
16930,0.03706179
16931,0.042809367
16932,0.04033368
16933,0.120006055
16934,0.26232985
16935,0.27310982
16936,0.2823141
16937,0.2349711
16938,0.13063209
16939,0.10937563
16940,0.17831795
16941,0.013158834
16942,0.16005519
16943,0.034849502
16944,0.073219895
16945,0.26292396
16946,0.23470148
16947,0.08726836
16948,0.03882573
16949,0.4540377
16950,0.28832343
16951,0.06433591
16952,0.11416531
16953,0.05866706
16954,0.0691199
16955,0.0071223476
16956,0.022458203
16957,0.06326314
16958,0.09919362
16959,0.09523939
16960,0.15739784
16961,0.31135306
16962,0.71881056
16963,0.27414235
16964,0.19726077
16965,0.3675249
16966,0.062172987
16967,0.08918181
16968,0.10123779
16969,0.11919185
16970,0.15507448
16971,0.05055091
16972,0.023623602
16973,0.07620187
16974,0.1027991
16975,0.008697048
16976,0.025196683
16977,0.07197811
16978,0.015594277
16979,0.038771234
16980,0.018493215
16981,0.007268069
16982,0.04632268
16983,0.05962564
16984,0.066594616
16985,0.03729047
16986,0.1917047
16987,0.1645314
16988,0.07634439
16989,0.5370165
16990,0.44543976
16991,0.28161457
16992,0.117205165
16993,0.07291801
16994,0.048973374
16995,0.047342982
16996,0.0607954
16997,0.014401168
16998,0.009676807
16999,0.043128602
17000,0.9557693
17001,0.0339387
17002,0.016055644
17003,0.042779014
17004,0.0640679
17005,0.08659679
17006,0.019168993
17007,0.071668126
17008,0.01665038
17009,0.024271188
17010,0.0071223476
17011,0.018695576
17012,0.03516102
17013,0.097784296
17014,0.08024159
17015,0.38647997
17016,0.21783252
17017,0.13696827
17018,0.9465231
17019,0.28953764
17020,0.32321566
17021,0.17296582
17022,0.03203909
17023,0.03882573
17024,0.015066282
17025,0.04842642
17026,0.02492922
17027,0.06157386
17028,0.08726836
17029,0.35911417
17030,0.09696427
17031,0.18263102
17032,0.012424513
17033,0.050160497
17034,0.1089364
17035,0.0949322
17036,0.14642216
17037,0.037465338
17038,0.03203909
17039,0.019438032
17040,0.03570942
17041,0.15064372
17042,0.8821682
17043,0.19963989
17044,0.416065
17045,0.21197924
17046,0.20264289
17047,0.18928814
17048,0.1186193
17049,0.009007812
17050,0.013743616
17051,0.012424513
17052,0.036543537
17053,0.1258473
17054,0.14627215
17055,0.03549755
17056,0.22430225
17057,0.06398464
17058,0.010469167
17059,0.28863868
17060,0.042809367
17061,0.012242398
17062,0.156914
17063,0.1587742
17064,0.029088048
17065,0.0071223476
17066,0.10514256
17067,0.16280718
17068,0.087685496
17069,0.12324507
17070,0.0147924395
17071,0.09842938
17072,0.08270545
17073,0.041803073
17074,0.057165276
17075,0.14289223
17076,0.04033368
17077,0.0089379735
17078,0.061288435
17079,0.009460591
17080,0.119683824
17081,0.01421923
17082,0.11165077
17083,0.04450635
17084,0.029488489
17085,0.0071223476
17086,0.058596123
17087,0.16231772
17088,0.30635503
17089,0.42213622
17090,0.116522506
17091,0.020146895
17092,0.029283045
17093,0.007589356
17094,0.115908995
17095,0.17820622
17096,0.02344983
17097,0.026923386
17098,0.0071223476
17099,0.03595937
17100,0.0071223476
17101,0.008697048
17102,0.082881555
17103,0.08430508
17104,0.30359694
17105,0.011733236
17106,0.0115744015
17107,0.029088048
17108,0.06291881
17109,0.08848261
17110,0.30496663
17111,0.1337919
17112,0.018896038
17113,0.14400132
17114,0.02685227
17115,0.041704744
17116,0.13608176
17117,0.020460488
17118,0.051982816
17119,0.21562491
17120,0.019168993
17121,0.015066282
17122,0.0071223476
17123,0.11569577
17124,0.054735865
17125,0.0407385
17126,0.015066282
17127,0.054954447
17128,0.02700177
17129,0.22074777
17130,0.019381039
17131,0.03913893
17132,0.05593275
17133,0.019089103
17134,0.071004055
17135,0.18479967
17136,0.05034665
17137,0.21342678
17138,0.12537666
17139,0.04686308
17140,0.013431989
17141,0.030466871
17142,0.05712605
17143,0.010113833
17144,0.22456957
17145,0.11415372
17146,0.013158834
17147,0.06398464
17148,0.023453088
17149,0.012424513
17150,0.30359694
17151,0.48173773
17152,0.088794604
17153,0.027382832
17154,0.013971003
17155,0.05253183
17156,0.113020025
17157,0.054159258
17158,0.08029853
17159,0.08383209
17160,0.7183311
17161,0.015806224
17162,0.022427535
17163,0.05069821
17164,0.05034665
17165,0.017416835
17166,0.04947757
17167,0.108342186
17168,0.38526744
17169,0.06341554
17170,0.14948964
17171,0.012424513
17172,0.012925711
17173,0.04686308
17174,0.084065534
17175,0.030464998
17176,0.016055644
17177,0.09205658
17178,0.059993252
17179,0.045332342
17180,0.0071223476
17181,0.056350823
17182,0.012638732
17183,0.018493215
17184,0.09072282
17185,0.0118735535
17186,0.05678024
17187,0.011247575
17188,0.0147924395
17189,0.05247603
17190,0.08776959
17191,0.020732481
17192,0.016055644
17193,0.73774016
17194,0.024655432
17195,0.07741547
17196,0.030466871
17197,0.041962713
17198,0.077405736
17199,0.061868582
17200,0.018695576
17201,0.023872776
17202,0.26031336
17203,0.056901917
17204,0.007268069
17205,0.0071223476
17206,0.008283394
17207,0.015806224
17208,0.012242398
17209,0.014401168
17210,0.117205165
17211,0.019915065
17212,0.011067602
17213,0.14627215
17214,0.009122779
17215,0.02317973
17216,0.014613888
17217,0.25545666
17218,0.02479791
17219,0.0071223476
17220,0.008468514
17221,0.041932385
17222,0.007922235
17223,0.030191375
17224,0.11845956
17225,0.06890961
17226,0.013158834
17227,0.031004455
17228,0.04577711
17229,0.09340437
17230,0.10958988
17231,0.049503278
17232,0.02169542
17233,0.02609132
17234,0.012965923
17235,0.0071223476
17236,0.058044143
17237,0.20469643
17238,0.13452148
17239,0.007922235
17240,0.0071223476
17241,0.037598297
17242,0.011067602
17243,0.025375789
17244,0.007268069
17245,0.011247575
17246,0.025084088
17247,0.024256865
17248,0.042248193
17249,0.009889232
17250,0.031885903
17251,0.045332342
17252,0.034555845
17253,0.12801622
17254,0.0071223476
17255,0.11243048
17256,0.009122779
17257,0.2109536
17258,0.009460591
17259,0.029363044
17260,0.0071223476
17261,0.0071223476
17262,0.011067602
17263,0.016989255
17264,0.023367975
17265,0.022458203
17266,0.013158834
17267,0.009460591
17268,0.040080436
17269,0.025278326
17270,0.0071223476
17271,0.058596123
17272,0.016989255
17273,0.0071223476
17274,0.0077645117
17275,0.1337919
17276,0.029916111
17277,0.040530812
17278,0.0071223476
17279,0.009676807
17280,0.036736056
17281,0.07093216
17282,0.09205658
17283,0.009676807
17284,0.20135705
17285,0.043961722
17286,0.046317227
17287,0.076596
17288,0.012638732
17289,0.09244494
17290,0.041433044
17291,0.0071223476
17292,0.0071223476
17293,0.117205165
17294,0.07260158
17295,0.007922235
17296,0.11871417
17297,0.013431989
17298,0.0071223476
17299,0.061177585
17300,0.023623602
17301,0.02114934
17302,0.007922235
17303,0.011247575
17304,0.0071223476
17305,0.045038
17306,0.024834441
17307,0.065760106
17308,0.062420804
17309,0.0071223476
17310,0.16912346
17311,0.02728861
17312,0.05275779
17313,0.012242398
17314,0.0071223476
17315,0.010649303
17316,0.05641374
17317,0.033012185
17318,0.023872776
17319,0.018493215
17320,0.036803897
17321,0.048347842
17322,0.022458203
17323,0.024256865
17324,0.10220495
17325,0.20574197
17326,0.058706712
17327,0.019168993
17328,0.03804199
17329,0.01963433
17330,0.041932385
17331,0.06503536
17332,0.038968068
17333,0.01613739
17334,0.06314477
17335,0.043580536
17336,0.024530547
17337,0.20795071
17338,0.08134445
17339,0.04521815
17340,0.17713726
17341,0.10097713
17342,0.019915065
17343,0.021812674
17344,0.029363044
17345,0.22998129
17346,0.07197811
17347,0.24213317
17348,0.18443581
17349,0.07816564
17350,0.028923653
17351,0.023872776
17352,0.013971003
17353,0.0077645117
17354,0.012051778
17355,0.1549277
17356,0.027915223
17357,0.61085284
17358,0.19450791
17359,0.043580536
17360,0.13572735
17361,0.03570942
17362,0.11287267
17363,0.10618604
17364,0.013158834
17365,0.03188894
17366,0.13420306
17367,0.15766186
17368,0.38647997
17369,0.3602093
17370,0.20215705
17371,0.21628107
17372,0.043580536
17373,0.03729047
17374,0.057776492
17375,0.010469167
17376,0.01597095
17377,0.015806224
17378,0.30359694
17379,0.1516759
17380,0.13355936
17381,0.36084947
17382,0.051407192
17383,0.007589356
17384,0.3602093
17385,0.06551856
17386,0.53143966
17387,0.096403755
17388,0.1048862
17389,0.014567746
17390,0.065658696
17391,0.024256865
17392,0.11485527
17393,0.08407127
17394,0.084318034
17395,0.0147924395
17396,0.007514238
17397,0.058192484
17398,0.34570587
17399,0.07150928
17400,0.07320294
17401,0.032165255
17402,0.055500742
17403,0.12132328
17404,0.07106932
17405,0.030865971
17406,0.01033226
17407,0.13331793
17408,0.024006262
17409,0.015609109
17410,0.20186292
17411,0.13572735
17412,0.05164647
17413,0.039910708
17414,0.016055644
17415,0.023367975
17416,0.0071223476
17417,0.41373056
17418,0.20790207
17419,0.14066324
17420,0.31273088
17421,0.37718663
17422,0.010861789
17423,0.117205165
17424,0.031016055
17425,0.010469167
17426,0.015066282
17427,0.013158834
17428,0.007589356
17429,0.031200754
17430,0.0071223476
17431,0.091046594
17432,0.0985315
17433,0.10411013
17434,0.14579299
17435,0.22693123
17436,0.26232985
17437,0.01665038
17438,0.024530547
17439,0.049503278
17440,0.02118882
17441,0.011067602
17442,0.020919316
17443,0.018493215
17444,0.21628107
17445,0.0507165
17446,0.0071223476
17447,0.09310338
17448,0.09063237
17449,0.16301557
17450,0.3238384
17451,0.04577711
17452,0.038495287
17453,0.01963433
17454,0.049080595
17455,0.07929565
17456,0.0071223476
17457,0.08162457
17458,0.008283394
17459,0.20503077
17460,0.18095504
17461,0.09329939
17462,0.08776959
17463,0.061393403
17464,0.0071223476
17465,0.02127834
17466,0.018695576
17467,0.041735064
17468,0.09518144
17469,0.05110772
17470,0.06919042
17471,0.0071223476
17472,0.04450635
17473,0.033653386
17474,0.020919316
17475,0.009329261
17476,0.04925842
17477,0.027837979
17478,0.027915223
17479,0.018695576
17480,0.052055683
17481,0.22240272
17482,0.20468928
17483,0.0530454
17484,0.023453088
17485,0.0071223476
17486,0.120006055
17487,0.06931652
17488,0.015806224
17489,0.058295593
17490,0.013158834
17491,0.03203909
17492,0.18928814
17493,0.027527144
17494,0.05005079
17495,0.04925842
17496,0.051546417
17497,0.044493094
17498,0.1346766
17499,0.10956271
17500,0.14386792
17501,0.08127313
17502,0.02609132
17503,0.025511198
17504,0.06456517
17505,0.065588415
17506,0.012242398
17507,0.09609624
17508,0.052579377
17509,0.44549906
17510,0.09483461
17511,0.06539404
17512,0.098981366
17513,0.04577711
17514,0.08469597
17515,0.016055644
17516,0.1358392
17517,0.008076114
17518,0.013431989
17519,0.07077343
17520,0.052243512
17521,0.03729047
17522,0.043580536
17523,0.120006055
17524,0.17261492
17525,0.29256296
17526,0.07380294
17527,0.015806224
17528,0.10032518
17529,0.030496866
17530,0.056486927
17531,0.052867774
17532,0.038182136
17533,0.12132328
17534,0.007514238
17535,0.11787105
17536,0.024530547
17537,0.070322454
17538,0.08162457
17539,0.018695576
17540,0.15377043
17541,0.011067602
17542,0.054954447
17543,0.08270545
17544,0.042809367
17545,0.019168993
17546,0.031180702
17547,0.03595937
17548,0.055382166
17549,0.052208863
17550,0.1337919
17551,0.11787105
17552,0.185791
17553,0.14556552
17554,0.20525534
17555,0.010861789
17556,0.119683824
17557,0.08696253
17558,0.027322985
17559,0.087746754
17560,0.06882316
17561,0.021546692
17562,0.018493215
17563,0.047615286
17564,0.050493915
17565,0.026689762
17566,0.117041074
17567,0.0071223476
17568,0.03913893
17569,0.02728861
17570,0.12315973
17571,0.016798863
17572,0.054954447
17573,0.102913335
17574,0.052208863
17575,0.14845942
17576,0.29256296
17577,0.07127854
17578,0.12217418
17579,0.05034665
17580,0.116966635
17581,0.0694207
17582,0.09919362
17583,0.04842642
17584,0.009889232
17585,0.01033226
17586,0.31626445
17587,0.062479425
17588,0.129992
17589,0.091281585
17590,0.077219576
17591,0.038627334
17592,0.020919316
17593,0.034879625
17594,0.030464998
17595,0.30261153
17596,0.04690973
17597,0.092904516
17598,0.12537666
17599,0.60243964
17600,0.08918181
17601,0.0089379735
17602,0.15747298
17603,0.08469597
17604,0.2341948
17605,0.23596272
17606,0.06551856
17607,0.06529266
17608,0.040318042
17609,0.10170095
17610,0.14128958
17611,0.047645777
17612,0.15740913
17613,0.049650423
17614,0.0983775
17615,0.015066282
17616,0.026689762
17617,0.024006262
17618,0.054404374
17619,0.06609616
17620,0.0147924395
17621,0.10265534
17622,0.07779827
17623,0.16005519
17624,0.053119536
17625,0.034773666
17626,0.13842006
17627,0.17300944
17628,0.16976714
17629,0.06196943
17630,0.082229264
17631,0.021881063
17632,0.015066282
17633,0.052208863
17634,0.4457935
17635,0.056597315
17636,0.3453766
17637,0.185791
17638,0.013431989
17639,0.0071223476
17640,0.008697048
17641,0.08097302
17642,0.034555845
17643,0.17300944
17644,0.18893084
17645,0.045332342
17646,0.031350892
17647,0.09163307
17648,0.111307986
17649,0.14845942
17650,0.16468482
17651,0.23235844
17652,0.1303172
17653,0.052579377
17654,0.031661704
17655,0.0336233
17656,0.26031336
17657,0.73774016
17658,0.056901917
17659,0.346065
17660,0.057195343
17661,0.22709484
17662,0.0071223476
17663,0.045996852
17664,0.06739951
17665,0.013971003
17666,0.055544242
17667,0.0071223476
17668,0.34775376
17669,0.03637662
17670,0.09063237
17671,0.193994
17672,0.10442759
17673,0.21046679
17674,0.26189917
17675,0.2610049
17676,0.14128958
17677,0.072988786
17678,0.13411972
17679,0.8790432
17680,0.32839155
17681,0.4122468
17682,0.0071223476
17683,0.12132821
17684,0.0681773
17685,0.015066282
17686,0.0071223476
17687,0.009329261
17688,0.07136669
17689,0.008076114
17690,0.026689762
17691,0.070322454
17692,0.07683662
17693,0.129992
17694,0.11673814
17695,0.09539296
17696,0.15276377
17697,0.12412156
17698,0.113699555
17699,0.19963989
17700,0.029943487
17701,0.056156687
17702,0.9557693
17703,0.8821682
17704,0.64332044
17705,0.007268069
17706,0.018695576
17707,0.016055644
17708,0.11416531
17709,0.3677953
17710,0.06154221
17711,0.016055644
17712,0.05018467
17713,0.0071223476
17714,0.06032167
17715,0.09063237
17716,0.056229856
17717,0.0071223476
17718,0.29774284
17719,0.009676807
17720,0.028373713
17721,0.12277552
17722,0.10880857
17723,0.07350089
17724,0.027472558
17725,0.18893084
17726,0.09227405
17727,0.01963433
17728,0.12083762
17729,0.13169715
17730,0.108615585
17731,0.9557693
17732,0.8790432
17733,0.61167705
17734,0.012638732
17735,0.019037876
17736,0.0071223476
17737,0.26031336
17738,0.08200563
17739,0.24213317
17740,0.058706712
17741,0.024256865
17742,0.14627215
17743,0.1118425
17744,0.16866069
17745,0.20540099
17746,0.36642388
17747,0.41439593
17748,0.13258024
17749,0.13608176
17750,0.08469597
17751,0.048711315
17752,0.1012404
17753,0.071740456
17754,0.053895604
17755,0.16005519
17756,0.1652662
17757,0.06702378
17758,0.120152086
17759,0.0071223476
17760,0.8821682
17761,0.948318
17762,0.9557693
17763,0.19709757
17764,0.06695485
17765,0.09136102
17766,0.21628107
17767,0.035670906
17768,0.035670906
17769,0.02479791
17770,0.10032518
17771,0.044493094
17772,0.19094639
17773,0.9557693
17774,0.07864552
17775,0.0735717
17776,0.10075607
17777,0.16005519
17778,0.058848575
17779,0.13375229
17780,0.09963425
17781,0.048456933
17782,0.10880857
17783,0.08248135
17784,0.12912062
17785,0.019037876
17786,0.0118735535
17787,0.2690841
17788,0.30359694
17789,0.17713726
17790,0.101573944
17791,0.0667251
17792,0.050264355
17793,0.22456957
17794,0.007589356
17795,0.009722009
17796,0.030464998
17797,0.050732538
17798,0.022906069
17799,0.052421875
17800,0.059400983
17801,0.20404552
17802,0.38710877
17803,0.20521495
17804,0.19450791
17805,0.103775814
17806,0.17713726
17807,0.18479967
17808,0.48249593
17809,0.0076609217
17810,0.02479791
17811,0.056486927
17812,0.011247575
17813,0.07873498
17814,0.18876942
17815,0.13179311
17816,0.4533537
17817,0.31626445
17818,0.16402823
17819,0.94931483
17820,0.103645705
17821,0.035095565
17822,0.15537483
17823,0.23985231
17824,0.022458203
17825,0.101540335
17826,0.18805258
17827,0.09950823
17828,0.024006262
17829,0.041962713
17830,0.017810684
17831,0.16300543
17832,0.27548108
17833,0.3159771
17834,0.32321566
17835,0.25764152
17836,0.15121108
17837,0.15121108
17838,0.18529187
17839,0.0071223476
17840,0.13662226
17841,0.09457966
17842,0.09457966
17843,0.36118245
17844,0.2822285
17845,0.10075607
17846,0.03882573
17847,0.4540377
17848,0.33348715
17849,0.050160497
17850,0.11833857
17851,0.06623637
17852,0.052890506
17853,0.010861789
17854,0.012424513
17855,0.04499906
17856,0.17198353
17857,0.1228366
17858,0.14074686
17859,0.26679572
17860,0.71881056
17861,0.3456679
17862,0.2578779
17863,0.34679016
17864,0.10602536
17865,0.07701884
17866,0.061169088
17867,0.10787231
17868,0.16468482
17869,0.08726836
17870,0.021619093
17871,0.14050333
17872,0.09634574
17873,0.016055644
17874,0.014962537
17875,0.072988786
17876,0.040860765
17877,0.0071223476
17878,0.023872776
17879,0.022253968
17880,0.03706179
17881,0.02700177
17882,0.07380294
17883,0.07511127
17884,0.20186219
17885,0.20824634
17886,0.068410955
17887,0.5997324
17888,0.5370165
17889,0.26853806
17890,0.11034277
17891,0.06616604
17892,0.026452854
17893,0.039910708
17894,0.045884214
17895,0.0071223476
17896,0.009676807
17897,0.034577623
17898,0.9557693
17899,0.030316873
17900,0.016055644
17901,0.09719903
17902,0.08469597
17903,0.08999183
17904,0.008076114
17905,0.06695485
17906,0.01665038
17907,0.027322985
17908,0.016798863
17909,0.012638732
17910,0.028373713
17911,0.08918181
17912,0.11815169
17913,0.49272072
17914,0.21872374
17915,0.12395274
17916,0.9465231
17917,0.29703286
17918,0.30496663
17919,0.15263344
17920,0.0313837
17921,0.031581964
17922,0.02728861
17923,0.055544242
17924,0.046940196
17925,0.03595937
17926,0.10075607
17927,0.35911417
17928,0.052867774
17929,0.21014436
17930,0.028695814
17931,0.06919042
17932,0.08217199
17933,0.09780225
17934,0.090138376
17935,0.021546692
17936,0.0115744015
17937,0.045713756
17938,0.1446723
17939,0.8821682
17940,0.1914479
17941,0.4564984
17942,0.25153852
17943,0.20469643
17944,0.1813864
17945,0.106169544
17946,0.07150928
17947,0.011247575
17948,0.012869265
17949,0.008283394
17950,0.018896038
17951,0.084155455
17952,0.08005268
17953,0.057012334
17954,0.13825749
17955,0.020146895
17956,0.045332342
17957,0.010469167
17958,0.2610049
17959,0.029363044
17960,0.010861789
17961,0.0071223476
17962,0.13560684
17963,0.15592201
17964,0.042475946
17965,0.0071223476
17966,0.119683824
17967,0.13145314
17968,0.08011917
17969,0.08962785
17970,0.039007217
17971,0.120006055
17972,0.060814958
17973,0.04332302
17974,0.09033712
17975,0.119683824
17976,0.031180702
17977,0.0071223476
17978,0.06647008
17979,0.08383209
17980,0.04632268
17981,0.10136124
17982,0.04450635
17983,0.03882573
17984,0.023538675
17985,0.05275779
17986,0.18928814
17987,0.30635503
17988,0.54147875
17989,0.120983765
17990,0.018493215
17991,0.051656067
17992,0.024066783
17993,0.032270398
17994,0.06062426
17995,0.09583421
17996,0.011733236
17997,0.007922235
17998,0.013158834
17999,0.007268069
18000,0.009889232
18001,0.015806224
18002,0.06904053
18003,0.04725938
18004,0.346065
18005,0.027867893
18006,0.0071223476
18007,0.024530547
18008,0.06658481
18009,0.07604162
18010,0.34711978
18011,0.12481156
18012,0.0089379735
18013,0.1469049
18014,0.07106932
18015,0.084065534
18016,0.13007486
18017,0.021881063
18018,0.28286123
18019,0.0147924395
18020,0.1064835
18021,0.052569237
18022,0.05741314
18023,0.008468514
18024,0.040860765
18025,0.05018467
18026,0.17825511
18027,0.01665038
18028,0.007268069
18029,0.037882697
18030,0.052421875
18031,0.117041074
18032,0.16231772
18033,0.056350823
18034,0.20186219
18035,0.11787105
18036,0.0532223
18037,0.007922235
18038,0.035130884
18039,0.031016055
18040,0.021619093
18041,0.22693123
18042,0.11704563
18043,0.023367975
18044,0.10075607
18045,0.044493094
18046,0.011067602
18047,0.009329261
18048,0.34570587
18049,0.490156
18050,0.07197811
18051,0.044639543
18052,0.056597315
18053,0.066594616
18054,0.009007812
18055,0.09447356
18056,0.102819815
18057,0.064081475
18058,0.8824818
18059,0.059474666
18060,0.0071223476
18061,0.02689846
18062,0.070632614
18063,0.016989255
18064,0.06397033
18065,0.10417625
18066,0.33420554
18067,0.049503278
18068,0.18561023
18069,0.0071223476
18070,0.043726854
18071,0.038497988
18072,0.06702378
18073,0.03203909
18074,0.045877688
18075,0.091046594
18076,0.049503278
18077,0.03074229
18078,0.009329261
18079,0.026689762
18080,0.046317227
18081,0.01033226
18082,0.09362559
18083,0.008697048
18084,0.034555845
18085,0.013971003
18086,0.031180702
18087,0.079943515
18088,0.13560684
18089,0.05275779
18090,0.0071223476
18091,0.8821682
18092,0.04434105
18093,0.1519387
18094,0.06326314
18095,0.04142281
18096,0.05557909
18097,0.041553102
18098,0.0071223476
18099,0.21628107
18100,0.025084088
18101,0.007268069
18102,0.015806224
18103,0.027915223
18104,0.07041123
18105,0.011247575
18106,0.15104051
18107,0.04033368
18108,0.0071223476
18109,0.04262722
18110,0.30391595
18111,0.024676895
18112,0.016989255
18113,0.009329261
18114,0.021619093
18115,0.013431989
18116,0.04690973
18117,0.016989255
18118,0.122916006
18119,0.070322454
18120,0.015806224
18121,0.04577711
18122,0.1527364
18123,0.08383209
18124,0.05034665
18125,0.09063237
18126,0.07262022
18127,0.052673124
18128,0.071668126
18129,0.15852855
18130,0.11541609
18131,0.007922235
18132,0.050894603
18133,0.0071223476
18134,0.01033226
18135,0.014567746
18136,0.0071223476
18137,0.022253968
18138,0.014567746
18139,0.0071223476
18140,0.034555845
18141,0.020692438
18142,0.15537483
18143,0.0071223476
18144,0.17666216
18145,0.0071223476
18146,0.27087396
18147,0.019168993
18148,0.016989255
18149,0.011067602
18150,0.016055644
18151,0.0077645117
18152,0.013158834
18153,0.037627243
18154,0.009460591
18155,0.08534974
18156,0.025278326
18157,0.043934833
18158,0.025662122
18159,0.03713947
18160,0.007268069
18161,0.0077645117
18162,0.0118735535
18163,0.0077645117
18164,0.10011272
18165,0.020146895
18166,0.025278326
18167,0.0071223476
18168,0.034002893
18169,0.0115744015
18170,0.11787105
18171,0.20135364
18172,0.080474265
18173,0.106493145
18174,0.056701794
18175,0.07279374
18176,0.025084088
18177,0.0071223476
18178,0.13208741
18179,0.08192572
18180,0.007922235
18181,0.1434375
18182,0.04199725
18183,0.019168993
18184,0.04332302
18185,0.059400983
18186,0.023367975
18187,0.02317973
18188,0.0077645117
18189,0.013158834
18190,0.009460591
18191,0.007268069
18192,0.034405246
18193,0.013158834
18194,0.008468514
18195,0.03860649
18196,0.07706856
18197,0.007922235
18198,0.0071223476
18199,0.19450791
18200,0.015594277
18201,0.016055644
18202,0.01665038
18203,0.009889232
18204,0.0089379735
18205,0.0071223476
18206,0.007268069
18207,0.055213004
18208,0.015594277
18209,0.011067602
18210,0.03306183
18211,0.03419882
18212,0.011247575
18213,0.012638732
18214,0.030799652
18215,0.12785514
18216,0.25999996
18217,0.018695576
18218,0.029567983
18219,0.019168993
18220,0.012638732
18221,0.037627243
18222,0.047181915
18223,0.11504926
18224,0.029852882
18225,0.014513242
18226,0.14714131
18227,0.042398345
18228,0.024530547
18229,0.28286123
18230,0.066826224
18231,0.10517587
18232,0.066826224
18233,0.20951083
18234,0.071541354
18235,0.04563588
18236,0.11288213
18237,0.07606784
18238,0.35386953
18239,0.10936781
18240,0.15328479
18241,0.023617089
18242,0.021112407
18243,0.13840295
18244,0.0147924395
18245,0.14535643
18246,0.027676594
18247,0.61167705
18248,0.099765
18249,0.007961537
18250,0.11971104
18251,0.029782737
18252,0.0071223476
18253,0.08912911
18254,0.021388963
18255,0.089738004
18256,0.0540881
18257,0.012869265
18258,0.015806224
18259,0.11993788
18260,0.19789869
18261,0.3353734
18262,0.4811994
18263,0.028870061
18264,0.10415739
18265,0.020389384
18266,0.10121285
18267,0.06006611
18268,0.08609684
18269,0.11940282
18270,0.26586932
18271,0.1062317
18272,0.20186292
18273,0.33483344
18274,0.05515491
18275,0.021881063
18276,0.41373056
18277,0.061020322
18278,0.6443198
18279,0.099738576
18280,0.074712746
18281,0.04713517
18282,0.027216174
18283,0.0929766
18284,0.11200855
18285,0.08318349
18286,0.029363044
18287,0.033939168
18288,0.06572215
18289,0.26763877
18290,0.0078067207
18291,0.05741314
18292,0.051341955
18293,0.06744802
18294,0.06349657
18295,0.03522061
18296,0.026205717
18297,0.08611964
18298,0.075505
18299,0.1525718
18300,0.22693123
18301,0.0071223476
18302,0.0684552
18303,0.023367975
18304,0.030238388
18305,0.33420554
18306,0.1446723
18307,0.11073994
18308,0.20868222
18309,0.2910767
18310,0.13574266
18311,0.041932385
18312,0.018239334
18313,0.03516102
18314,0.024676895
18315,0.007589356
18316,0.0071223476
18317,0.091046594
18318,0.009329261
18319,0.123495325
18320,0.0940243
18321,0.08950334
18322,0.24314666
18323,0.29742536
18324,0.016319308
18325,0.01438578
18326,0.05225244
18327,0.009676807
18328,0.025511198
18329,0.0071223476
18330,0.27087396
18331,0.04357652
18332,0.011247575
18333,0.07683662
18334,0.13871899
18335,0.039940972
18336,0.09084798
18337,0.25979218
18338,0.050903343
18339,0.076305315
18340,0.0071223476
18341,0.03107176
18342,0.06626491
18343,0.10017094
18344,0.0071223476
18345,0.033070844
18346,0.026603188
18347,0.17015249
18348,0.20824634
18349,0.09770941
18350,0.11715772
18351,0.06540975
18352,0.037956502
18353,0.03203909
18354,0.034577623
18355,0.03670225
18356,0.13574266
18357,0.089738004
18358,0.09021749
18359,0.007922235
18360,0.03904545
18361,0.019168993
18362,0.01438578
18363,0.01438578
18364,0.04335868
18365,0.032982122
18366,0.0077645117
18367,0.029488489
18368,0.20414868
18369,0.2254588
18370,0.035130884
18371,0.0340897
18372,0.038006764
18373,0.12207851
18374,0.06478696
18375,0.010113833
18376,0.052569237
18377,0.20727523
18378,0.012638732
18379,0.032430008
18380,0.046542536
18381,0.015290744
18382,0.053242132
18383,0.053242132
18384,0.1406521
18385,0.10956271
18386,0.1089892
18387,0.053242132
18388,0.06815866
18389,0.03352102
18390,0.066826224
18391,0.045443684
18392,0.012242398
18393,0.105493635
18394,0.05034665
18395,0.52712095
18396,0.12207851
18397,0.03779777
18398,0.10682479
18399,0.089029126
18400,0.05392802
18401,0.026024617
18402,0.20467967
18403,0.024530547
18404,0.0118735535
18405,0.023094263
18406,0.10923993
18407,0.07441044
18408,0.031350892
18409,0.057233933
18410,0.124664925
18411,0.13171639
18412,0.33440498
18413,0.05392802
18414,0.016319308
18415,0.121241055
18416,0.0071223476
18417,0.053791597
18418,0.007922235
18419,0.023617089
18420,0.0089379735
18421,0.12085454
18422,0.045996852
18423,0.10324311
18424,0.039175443
18425,0.13967915
18426,0.034577623
18427,0.04780676
18428,0.03670225
18429,0.18808934
18430,0.07710671
18431,0.0864258
18432,0.011733236
18433,0.038723744
18434,0.029932978
18435,0.045443684
18436,0.037256643
18437,0.15313391
18438,0.1241725
18439,0.14051147
18440,0.11615418
18441,0.121303864
18442,0.011247575
18443,0.07747681
18444,0.0089379735
18445,0.08325624
18446,0.010250709
18447,0.011641072
18448,0.0510044
18449,0.019915065
18450,0.05034665
18451,0.031581964
18452,0.009889232
18453,0.039910708
18454,0.053389806
18455,0.026442567
18456,0.036930844
18457,0.029657777
18458,0.109596714
18459,0.023617089
18460,0.059473798
18461,0.10855415
18462,0.039910708
18463,0.14297605
18464,0.30329815
18465,0.06613491
18466,0.16193193
18467,0.050903343
18468,0.111366786
18469,0.06238001
18470,0.09301248
18471,0.059767935
18472,0.009889232
18473,0.019915065
18474,0.24345088
18475,0.03856186
18476,0.065559134
18477,0.074712746
18478,0.07252326
18479,0.0071223476
18480,0.045038
18481,0.023094263
18482,0.0071223476
18483,0.36654013
18484,0.064665996
18485,0.066064596
18486,0.106697194
18487,0.5388303
18488,0.074884154
18489,0.027502462
18490,0.13698705
18491,0.082229264
18492,0.24855576
18493,0.23596272
18494,0.07274495
18495,0.009889232
18496,0.015833693
18497,0.091046594
18498,0.0336233
18499,0.1287852
18500,0.1456991
18501,0.050513126
18502,0.20894565
18503,0.11007087
18504,0.04928412
18505,0.015066282
18506,0.010113833
18507,0.0071223476
18508,0.05792992
18509,0.042398345
18510,0.013743616
18511,0.12207851
18512,0.09789219
18513,0.15238912
18514,0.066596486
18515,0.056486927
18516,0.13298614
18517,0.18430735
18518,0.21800843
18519,0.08108352
18520,0.04780676
18521,0.050894603
18522,0.009889232
18523,0.05392802
18524,0.36084947
18525,0.048023015
18526,0.014920904
18527,0.35911417
18528,0.19746533
18529,0.011421778
18530,0.0071223476
18531,0.013971003
18532,0.04357652
18533,0.035130884
18534,0.1950875
18535,0.17549004
18536,0.046589173
18537,0.037256643
18538,0.14297605
18539,0.13298614
18540,0.17133248
18541,0.18380885
18542,0.21783252
18543,0.11819277
18544,0.020146895
18545,0.06503536
18546,0.10345619
18547,0.04357652
18548,0.30667466
18549,0.8821682
18550,0.091046594
18551,0.029363044
18552,0.3331313
18553,0.035371333
18554,0.23973802
18555,0.07480391
18556,0.07349895
18557,0.007922235
18558,0.051674575
18559,0.3133487
18560,0.03481794
18561,0.06889601
18562,0.20868936
18563,0.09518144
18564,0.20417097
18565,0.27097994
18566,0.32250318
18567,0.008076114
18568,0.15567698
18569,0.099892765
18570,0.05254076
18571,0.95252216
18572,0.30329815
18573,0.35911417
18574,0.023094263
18575,0.15802751
18576,0.026991477
18577,0.012869265
18578,0.019168993
18579,0.009889232
18580,0.009889232
18581,0.0610486
18582,0.008468514
18583,0.008283394
18584,0.02728861
18585,0.07187909
18586,0.049181838
18587,0.059211552
18588,0.09369303
18589,0.101573944
18590,0.19805065
18591,0.1519387
18592,0.024963036
18593,0.10923993
18594,0.22647364
18595,0.05188205
18596,0.9557693
18597,0.9465231
18598,0.61167705
18599,0.021881063
18600,0.109896995
18601,0.36054218
18602,0.07448131
18603,0.016055644
18604,0.07349895
18605,0.009144417
18606,0.05641374
18607,0.10263691
18608,0.06642865
18609,0.0089379735
18610,0.33488822
18611,0.0071223476
18612,0.010469167
18613,0.096163005
18614,0.09234461
18615,0.06285509
18616,0.07052615
18617,0.22176713
18618,0.10403592
18619,0.021881063
18620,0.11600867
18621,0.08860204
18622,0.115877755
18623,0.9557693
18624,0.7204453
18625,0.5484929
18626,0.0071223476
18627,0.062490445
18628,0.022906069
18629,0.32907125
18630,0.09078529
18631,0.22693123
18632,0.05156144
18633,0.007589356
18634,0.13298614
18635,0.09833762
18636,0.14297605
18637,0.19323002
18638,0.38415205
18639,0.36154577
18640,0.14386792
18641,0.17133248
18642,0.105875514
18643,0.034849502
18644,0.113582864
18645,0.047659554
18646,0.059473798
18647,0.14400132
18648,0.16280718
18649,0.06995125
18650,0.08143172
18651,0.023367975
18652,0.73774016
18653,0.948318
18654,0.9557693
18655,0.1446723
18656,0.029096102
18657,0.08108924
18658,0.25872993
18659,0.0071223476
18660,0.039868943
18661,0.033880588
18662,0.008283394
18663,0.09021749
18664,0.053050064
18665,0.18213959
18666,0.9557693
18667,0.045996852
18668,0.102031074
18669,0.08293126
18670,0.18430735
18671,0.059647318
18672,0.15949045
18673,0.15902722
18674,0.008888181
18675,0.106697194
18676,0.102014445
18677,0.08611964
18678,0.023453088
18679,0.021881063
18680,0.24213317
18681,0.2910767
18682,0.22354326
18683,0.096163005
18684,0.022906069
18685,0.10799678
18686,0.049285594
18687,0.18858029
18688,0.0071223476
18689,0.034980204
18690,0.03595937
18691,0.04294215
18692,0.017382937
18693,0.06972441
18694,0.0340897
18695,0.19963989
18696,0.49031565
18697,0.18858029
18698,0.14990121
18699,0.11470767
18700,0.16257332
18701,0.1399066
18702,0.5394969
18703,0.02867853
18704,0.014567746
18705,0.054477848
18706,0.021881063
18707,0.08809413
18708,0.20540099
18709,0.1288809
18710,0.41373056
18711,0.24878757
18712,0.15833385
18713,0.94931483
18714,0.16509354
18715,0.017382937
18716,0.12720971
18717,0.2321299
18718,0.045544226
18719,0.06365097
18720,0.32333472
18721,0.097945854
18722,0.029088048
18723,0.045544226
18724,0.030191375
18725,0.16941953
18726,0.25872993
18727,0.27414235
18728,0.29742536
18729,0.27659756
18730,0.12485647
18731,0.13392617
18732,0.18549523
18733,0.12490694
18734,0.054735865
18735,0.05503307
18736,0.33483344
18737,0.28068456
18738,0.07864552
18739,0.038410675
18740,0.4461794
18741,0.32907125
18742,0.0071223476
18743,0.057265084
18744,0.12132328
18745,0.090547696
18746,0.06896609
18747,0.010861789
18748,0.013158834
18749,0.013743616
18750,0.027676594
18751,0.05712605
18752,0.101573944
18753,0.121985205
18754,0.15313391
18755,0.26586932
18756,0.71881056
18757,0.32111287
18758,0.2379038
18759,0.38526744
18760,0.095053025
18761,0.018695576
18762,0.082381
18763,0.028370332
18764,0.14980373
18765,0.17938702
18766,0.051341955
18767,0.036543537
18768,0.14765681
18769,0.11953187
18770,0.016055644
18771,0.0071223476
18772,0.06503536
18773,0.0895083
18774,0.020389384
18775,0.024006262
18776,0.050894603
18777,0.018037066
18778,0.020389384
18779,0.020146895
18780,0.044493094
18781,0.07380294
18782,0.056350823
18783,0.20404552
18784,0.18808934
18785,0.059023656
18786,0.5370165
18787,0.49031565
18788,0.22913806
18789,0.12464264
18790,0.08017033
18791,0.027676594
18792,0.03651337
18793,0.0572456
18794,0.01421923
18795,0.009460591
18796,0.024530547
18797,0.9557693
18798,0.019818913
18799,0.016055644
18800,0.019240344
18801,0.04928412
18802,0.1161989
18803,0.028695814
18804,0.056523092
18805,0.033472836
18806,0.028256096
18807,0.03312969
18808,0.027676594
18809,0.082381
18810,0.09111224
18811,0.53030527
18812,0.16893378
18813,0.17995209
18814,0.9557693
18815,0.30475
18816,0.36054218
18817,0.16674626
18818,0.008468514
18819,0.022906069
18820,0.014138083
18821,0.0071223476
18822,0.066826224
18823,0.0460273
18824,0.015806224
18825,0.026442567
18826,0.09220096
18827,0.31135306
18828,0.07606784
18829,0.25443557
18830,0.012638732
18831,0.069036596
18832,0.10136124
18833,0.073587984
18834,0.14074881
18835,0.054547947
18836,0.012424513
18837,0.03429639
18838,0.1287852
18839,0.8911089
18840,0.16738234
18841,0.44862685
18842,0.1917275
18843,0.26719937
18844,0.1560126
18845,0.12503047
18846,0.04281465
18847,0.012869265
18848,0.013743616
18849,0.011733236
18850,0.06324233
18851,0.11198746
18852,0.037580196
18853,0.17113969
18854,0.020146895
18855,0.019440914
18856,0.010250709
18857,0.22693123
18858,0.024006262
18859,0.012869265
18860,0.010861789
18861,0.13445154
18862,0.14929965
18863,0.036860857
18864,0.0071223476
18865,0.13164417
18866,0.18077919
18867,0.11430739
18868,0.09123197
18869,0.015290744
18870,0.10701569
18871,0.07180714
18872,0.024530547
18873,0.11833857
18874,0.08776959
18875,0.029657777
18876,0.0089379735
18877,0.10312207
18878,0.10923993
18879,0.039940972
18880,0.112704046
18881,0.028695814
18882,0.05480937
18883,0.011247575
18884,0.04878724
18885,0.20795071
18886,0.29703286
18887,0.48440439
18888,0.09255274
18889,0.009329261
18890,0.03231153
18891,0.017575717
18892,0.055936053
18893,0.104056716
18894,0.010113833
18895,0.026923386
18896,0.009889232
18897,0.016989255
18898,0.009889232
18899,0.015806224
18900,0.08627349
18901,0.06728589
18902,0.3591618
18903,0.009889232
18904,0.009460591
18905,0.012424513
18906,0.05188205
18907,0.061118595
18908,0.34639287
18909,0.13976273
18910,0.012869265
18911,0.011421778
18912,0.13423932
18913,0.04772822
18914,0.013431989
18915,0.06995125
18916,0.1527364
18917,0.029245926
18918,0.016467743
18919,0.23596272
18920,0.024530547
18921,0.024256865
18922,0.10324311
18923,0.04928412
18924,0.051890433
18925,0.017382937
18926,0.053242132
18927,0.18746713
18928,0.0118735535
18929,0.029088048
18930,0.03522061
18931,0.027871327
18932,0.041704744
18933,0.2075002
18934,0.029638374
18935,0.15956464
18936,0.05983784
18937,0.012064141
18938,0.03188894
18939,0.022427535
18940,0.07629962
18941,0.04925842
18942,0.20468928
18943,0.20540099
18944,0.032078035
18945,0.05392802
18946,0.038182136
18947,0.0071223476
18948,0.33280516
18949,0.490156
18950,0.07913106
18951,0.055530135
18952,0.013971003
18953,0.06759768
18954,0.050903343
18955,0.014761606
18956,0.09519579
18957,0.0753036
18958,0.068781026
18959,0.7183311
18960,0.032590996
18961,0.015290744
18962,0.027135467
18963,0.0333415
18964,0.016989255
18965,0.12548459
18966,0.31520313
18967,0.03856186
18968,0.1560126
18969,0.07087169
18970,0.020919316
18971,0.08800389
18972,0.030799652
18973,0.031180702
18974,0.091046594
18975,0.06134713
18976,0.022800637
18977,0.0071223476
18978,0.019168993
18979,0.048525225
18980,0.0071223476
18981,0.11078948
18982,0.017533114
18983,0.015290744
18984,0.04122928
18985,0.08950334
18986,0.018695576
18987,0.011067602
18988,0.8821682
18989,0.0422466
18990,0.1087434
18991,0.030483749
18992,0.029657777
18993,0.0537186
18994,0.03283175
18995,0.019915065
18996,0.014567746
18997,0.33420554
18998,0.018695576
18999,0.007268069
19000,0.0071223476
19001,0.007268069
19002,0.015806224
19003,0.010469167
19004,0.021881063
19005,0.09700038
19006,0.024676895
19007,0.011067602
19008,0.13083398
19009,0.04329408
19010,0.0071223476
19011,0.02660504
19012,0.20920962
19013,0.0071223476
19014,0.0071223476
19015,0.020576159
19016,0.0071223476
19017,0.057195343
19018,0.007922235
19019,0.022458203
19020,0.0071223476
19021,0.15802751
19022,0.044493094
19023,0.0071223476
19024,0.013158834
19025,0.013158834
19026,0.01421923
19027,0.046589173
19028,0.13298614
19029,0.043467686
19030,0.014761606
19031,0.032590996
19032,0.05741314
19033,0.050903343
19034,0.043195475
19035,0.16649893
19036,0.12268027
19037,0.0071223476
19038,0.035014022
19039,0.012424513
19040,0.01438578
19041,0.0071223476
19042,0.011247575
19043,0.023617089
19044,0.009460591
19045,0.0147924395
19046,0.014567746
19047,0.009889232
19048,0.024256865
19049,0.04928412
19050,0.06315414
19051,0.13754335
19052,0.0071223476
19053,0.0071223476
19054,0.15037069
19055,0.015290744
19056,0.20468928
19057,0.009460591
19058,0.045989085
19059,0.011067602
19060,0.0071223476
19061,0.024963036
19062,0.020389384
19063,0.015806224
19064,0.03842166
19065,0.027021367
19066,0.07835845
19067,0.045038
19068,0.033536993
19069,0.0071223476
19070,0.017778827
19071,0.009329261
19072,0.013743616
19073,0.0071223476
19074,0.11833857
19075,0.013971003
19076,0.01548313
19077,0.026689762
19078,0.011247575
19079,0.015806224
19080,0.09506955
19081,0.03910367
19082,0.010469167
19083,0.009676807
19084,0.22693123
19085,0.065419
19086,0.055936053
19087,0.08358396
19088,0.012638732
19089,0.065362334
19090,0.0089379735
19091,0.016319308
19092,0.13882357
19093,0.03352102
19094,0.11517385
19095,0.15110831
19096,0.029275881
19097,0.0071223476
19098,0.07411224
19099,0.008697048
19100,0.023617089
19101,0.011247575
19102,0.0077645117
19103,0.007422802
19104,0.041962713
19105,0.011421778
19106,0.010113833
19107,0.09111224
19108,0.066826224
19109,0.15283413
19110,0.01421923
19111,0.0071223476
19112,0.0071223476
19113,0.04088164
19114,0.015290744
19115,0.045038
19116,0.0071223476
19117,0.07022903
19118,0.012638732
19119,0.17148575
19120,0.20168485
19121,0.07251394
19122,0.019168993
19123,0.012638732
19124,0.015912741
19125,0.023623602
19126,0.041704744
19127,0.080474265
19128,0.030111264
19129,0.012115356
19130,0.0327892
19131,0.040969517
19132,0.043580536
19133,0.009329261
19134,0.21592243
19135,0.105707146
19136,0.041147973
19137,0.16186354
19138,0.052297965
19139,0.2690841
19140,0.06636493
19141,0.23596272
19142,0.13842006
19143,0.11274466
19144,0.055936053
19145,0.030117735
19146,0.03761638
19147,0.0147924395
19148,0.12308468
19149,0.033070844
19150,0.5419322
19151,0.13706523
19152,0.011733236
19153,0.12785514
19154,0.0313837
19155,0.09164198
19156,0.02548297
19157,0.01665038
19158,0.016989255
19159,0.14629257
19160,0.15001243
19161,0.24213317
19162,0.41941294
19163,0.07143736
19164,0.1516759
19165,0.14597417
19166,0.011247575
19167,0.039326742
19168,0.084065534
19169,0.06154221
19170,0.12537666
19171,0.029916111
19172,0.3453766
19173,0.07429023
19174,0.11295171
19175,0.38591936
19176,0.021881063
19177,0.48961464
19178,0.017416835
19179,0.06062426
19180,0.42103457
19181,0.06923001
19182,0.055382166
19183,0.040920317
19184,0.049587216
19185,0.12537666
19186,0.04981884
19187,0.021324862
19188,0.029363044
19189,0.02031194
19190,0.03912265
19191,0.18858029
19192,0.01835498
19193,0.04686308
19194,0.035130884
19195,0.08471893
19196,0.08694101
19197,0.021129673
19198,0.09205658
19199,0.070632614
19200,0.20795071
19201,0.22858135
19202,0.021881063
19203,0.05889001
19204,0.015594277
19205,0.018695576
19206,0.359894
19207,0.19709757
19208,0.06636493
19209,0.31273088
19210,0.33420554
19211,0.16245006
19212,0.034555845
19213,0.016055644
19214,0.013158834
19215,0.007422802
19216,0.007589356
19217,0.030316873
19218,0.009329261
19219,0.03640858
19220,0.17198353
19221,0.113847025
19222,0.18805258
19223,0.30496663
19224,0.007922235
19225,0.014567746
19226,0.08726836
19227,0.009676807
19228,0.030799652
19229,0.027915223
19230,0.022253968
19231,0.32907125
19232,0.0115744015
19233,0.029638374
19234,0.010849372
19235,0.071004055
19236,0.024256865
19237,0.092821814
19238,0.25979218
19239,0.07627339
19240,0.08182928
19241,0.018493215
19242,0.013158834
19243,0.065134875
19244,0.06941141
19245,0.015594277
19246,0.16866069
19247,0.18928814
19248,0.13164783
19249,0.09927147
19250,0.09295015
19251,0.022427535
19252,0.06831235
19253,0.024006262
19254,0.029621301
19255,0.12217418
19256,0.062272284
19257,0.08134445
19258,0.012242398
19259,0.04034832
19260,0.018266736
19261,0.018493215
19262,0.009676807
19263,0.03306183
19264,0.031935256
19265,0.008283394
19266,0.059117094
19267,0.23596272
19268,0.2254588
19269,0.05055447
19270,0.0333415
19271,0.0071223476
19272,0.05974547
19273,0.108140655
19274,0.024256865
19275,0.07864552
19276,0.016055644
19277,0.122013934
19278,0.01963433
19279,0.020146895
19280,0.040920317
19281,0.010861789
19282,0.046317227
19283,0.052208863
19284,0.16486324
19285,0.11367422
19286,0.11807694
19287,0.065588415
19288,0.06670787
19289,0.015594277
19290,0.061402626
19291,0.041704744
19292,0.012242398
19293,0.1100004
19294,0.046097416
19295,0.4533537
19296,0.12992755
19297,0.009889232
19298,0.120152086
19299,0.029245926
19300,0.018493215
19301,0.016989255
19302,0.15905164
19303,0.024530547
19304,0.008468514
19305,0.0071223476
19306,0.02114934
19307,0.09021749
19308,0.043580536
19309,0.055382166
19310,0.036872845
19311,0.10030859
19312,0.12937817
19313,0.24781056
19314,0.054735865
19315,0.024530547
19316,0.08454253
19317,0.021619093
19318,0.05528611
19319,0.007922235
19320,0.023872776
19321,0.0089379735
19322,0.08648663
19323,0.09063237
19324,0.06607808
19325,0.02265175
19326,0.060561363
19327,0.045049425
19328,0.07010174
19329,0.028373713
19330,0.20824634
19331,0.030175522
19332,0.0698713
19333,0.028373713
19334,0.010861789
19335,0.04412497
19336,0.04788937
19337,0.07010174
19338,0.055936053
19339,0.13212109
19340,0.08312953
19341,0.15116063
19342,0.1258473
19343,0.14671412
19344,0.014567746
19345,0.07143736
19346,0.042779014
19347,0.03469886
19348,0.06707439
19349,0.028373713
19350,0.03897697
19351,0.014613888
19352,0.071004055
19353,0.07486822
19354,0.03935699
19355,0.073219895
19356,0.06670787
19357,0.024530547
19358,0.114011385
19359,0.013431989
19360,0.03729047
19361,0.17755619
19362,0.044493094
19363,0.087618545
19364,0.31559128
19365,0.09506128
19366,0.14716661
19367,0.052673124
19368,0.10865313
19369,0.056350823
19370,0.119683824
19371,0.083760604
19372,0.009889232
19373,0.0071223476
19374,0.40212244
19375,0.058848575
19376,0.087746754
19377,0.024420312
19378,0.026384598
19379,0.018493215
19380,0.012424513
19381,0.056901917
19382,0.37718663
19383,0.06561996
19384,0.046317227
19385,0.12802584
19386,0.5283345
19387,0.07488909
19388,0.01963433
19389,0.11618865
19390,0.039326742
19391,0.26151606
19392,0.22291747
19393,0.09719903
19394,0.023623602
19395,0.09353488
19396,0.043580536
19397,0.10202858
19398,0.12024707
19399,0.052421875
19400,0.20186292
19401,0.05899704
19402,0.031935256
19403,0.04199725
19404,0.018266736
19405,0.055753794
19406,0.059271295
19407,0.025962966
19408,0.11416757
19409,0.08105748
19410,0.12859327
19411,0.09919362
19412,0.02545929
19413,0.10202858
19414,0.16930577
19415,0.24523653
19416,0.08157736
19417,0.01033226
19418,0.040890023
19419,0.014567746
19420,0.0071223476
19421,0.028709989
19422,0.41367263
19423,0.016798863
19424,0.02935419
19425,0.3594769
19426,0.09711682
19427,0.024450129
19428,0.0071223476
19429,0.03897697
19430,0.044493094
19431,0.20913503
19432,0.16491884
19433,0.047342982
19434,0.039326742
19435,0.17322193
19436,0.12801622
19437,0.14587702
19438,0.22074777
19439,0.20758997
19440,0.13403502
19441,0.022427535
19442,0.046752505
19443,0.06037711
19444,0.22693123
19445,0.9465231
19446,0.024256865
19447,0.2806508
19448,0.058597222
19449,0.19323002
19450,0.045332342
19451,0.08726836
19452,0.0077645117
19453,0.024804613
19454,0.008076114
19455,0.33555412
19456,0.034002893
19457,0.07898672
19458,0.22640336
19459,0.08937988
19460,0.20083678
19461,0.24688126
19462,0.3594769
19463,0.015594277
19464,0.1668062
19465,0.11815169
19466,0.10847283
19467,0.9432912
19468,0.3218268
19469,0.33280516
19470,0.022458203
19471,0.15525824
19472,0.030466871
19473,0.007268069
19474,0.011733236
19475,0.077405736
19476,0.008283394
19477,0.0256922
19478,0.05334608
19479,0.08144346
19480,0.0838395
19481,0.07875437
19482,0.08848261
19483,0.18697548
19484,0.13212709
19485,0.025084088
19486,0.09473777
19487,0.21014436
19488,0.01665038
19489,0.066594616
19490,0.9557693
19491,0.8821682
19492,0.5484929
19493,0.007268069
19494,0.016055644
19495,0.14337018
19496,0.36054218
19497,0.09111224
19498,0.016055644
19499,0.01613739
19500,0.007589356
19501,0.010469167
19502,0.029245926
19503,0.08726836
19504,0.05525128
19505,0.009122779
19506,0.3238927
19507,0.013743616
19508,0.014401168
19509,0.08720871
19510,0.049368046
19511,0.045332342
19512,0.06787684
19513,0.1914479
19514,0.11206979
19515,0.021619093
19516,0.06574046
19517,0.10777837
19518,0.06867942
19519,0.9557693
19520,0.7348548
19521,0.5484929
19522,0.06376859
19523,0.0129282335
19524,0.0071223476
19525,0.31626445
19526,0.06356464
19527,0.19323002
19528,0.017416835
19529,0.056597315
19530,0.02114934
19531,0.14627215
19532,0.08659679
19533,0.10859448
19534,0.1485568
19535,0.35878167
19536,0.36886856
19537,0.12102616
19538,0.15941517
19539,0.089738004
19540,0.031935256
19541,0.105707146
19542,0.06483925
19543,0.07262022
19544,0.022458203
19545,0.116522506
19546,0.16280718
19547,0.054404374
19548,0.1258473
19549,0.013971003
19550,0.72330666
19551,0.948318
19552,0.9557693
19553,0.1596484
19554,0.017812738
19555,0.10292953
19556,0.012242398
19557,0.32353947
19558,0.013431989
19559,0.031046066
19560,0.01665038
19561,0.013743616
19562,0.055648725
19563,0.042779014
19564,0.19489375
19565,0.9557693
19566,0.055936053
19567,0.0895083
19568,0.045332342
19569,0.14177015
19570,0.07706856
19571,0.18726595
19572,0.16301557
19573,0.061177585
19574,0.07747681
19575,0.13154963
19576,0.09886079
19577,0.035130884
19578,0.021881063
19579,0.22074777
19580,0.32907125
19581,0.21648839
19582,0.09919362
19583,0.06636493
19584,0.056701794
19585,0.26095825
19586,0.038627334
19587,0.007514238
19588,0.02728861
19589,0.038497988
19590,0.03262105
19591,0.03283175
19592,0.03729047
19593,0.19963989
19594,0.49031565
19595,0.19450791
19596,0.15283413
19597,0.08073504
19598,0.17713726
19599,0.13400748
19600,0.4909185
19601,0.04316392
19602,0.05005079
19603,0.041962713
19604,0.044523496
19605,0.09986236
19606,0.19323002
19607,0.11723636
19608,0.33895704
19609,0.26189917
19610,0.20215705
19611,0.94931483
19612,0.21630815
19613,0.014567746
19614,0.1596484
19615,0.22739515
19616,0.018896038
19617,0.047615286
19618,0.32869956
19619,0.064366765
19620,0.02728861
19621,0.024256865
19622,0.016989255
19623,0.14893787
19624,0.2226635
19625,0.249886
19626,0.25919956
19627,0.2603018
19628,0.12905402
19629,0.14130937
19630,0.1986664
19631,0.056486927
19632,0.11871417
19633,0.07706856
19634,0.031350892
19635,0.42046
19636,0.241862
19637,0.034849502
19638,0.48189652
19639,0.4122468
19640,0.042357083
19641,0.08029853
19642,0.06707439
19643,0.08127313
19644,0.010861789
19645,0.013431989
19646,0.054954447
19647,0.05034665
19648,0.04154185
19649,0.08792368
19650,0.12427937
19651,0.26679572
19652,0.6428819
19653,0.31135306
19654,0.19585034
19655,0.41373056
19656,0.07276243
19657,0.12686548
19658,0.0874208
19659,0.13940305
19660,0.18561023
19661,0.06062426
19662,0.020146895
19663,0.062885135
19664,0.098981366
19665,0.024006262
19666,0.0071223476
19667,0.016201496
19668,0.072988786
19669,0.0071223476
19670,0.01421923
19671,0.03804199
19672,0.015806224
19673,0.01421923
19674,0.024530547
19675,0.029913513
19676,0.09164198
19677,0.059897624
19678,0.22739515
19679,0.13309908
19680,0.061401255
19681,0.49031565
19682,0.41367263
19683,0.22022256
19684,0.09413609
19685,0.06568981
19686,0.026689762
19687,0.0691199
19688,0.055629272
19689,0.0129282335
19690,0.009676807
19691,0.9557693
19692,0.03713947
19693,0.016055644
19694,0.06456517
19695,0.06104343
19696,0.10030859
19697,0.0071223476
19698,0.019714015
19699,0.03469886
19700,0.0071223476
19701,0.021619093
19702,0.0147924395
19703,0.06630113
19704,0.10301209
19705,0.60503304
19706,0.19913498
19707,0.13696827
19708,0.9465231
19709,0.2677266
19710,0.359894
19711,0.16886823
19712,0.046347678
19713,0.017812738
19714,0.01963433
19715,0.043961722
19716,0.050732538
19717,0.0071223476
19718,0.09353488
19719,0.35911417
19720,0.072988786
19721,0.21014436
19722,0.021619093
19723,0.04697245
19724,0.038824275
19725,0.11464
19726,0.09608887
19727,0.048777662
19728,0.024530547
19729,0.009329261
19730,0.02479791
19731,0.13169715
19732,0.9557693
19733,0.21344957
19734,0.4928378
19735,0.18960899
19736,0.22640336
19737,0.15467075
19738,0.13979594
19739,0.05187312
19740,0.023872776
19741,0.013158834
19742,0.052421875
19743,0.012424513
19744,0.0771579
19745,0.081562124
19746,0.040969517
19747,0.19769157
19748,0.008283394
19749,0.042312887
19750,0.21197924
19751,0.0129282335
19752,0.0071223476
19753,0.0071223476
19754,0.113699555
19755,0.1610386
19756,0.0313837
19757,0.0071223476
19758,0.113699555
19759,0.1917275
19760,0.09206079
19761,0.07686509
19762,0.06831235
19763,0.077319436
19764,0.10032518
19765,0.06539404
19766,0.1186193
19767,0.07143736
19768,0.03429639
19769,0.010861789
19770,0.06893481
19771,0.014567746
19772,0.10958988
19773,0.028373713
19774,0.10710147
19775,0.04788937
19776,0.058303412
19777,0.0077645117
19778,0.019292511
19779,0.17820622
19780,0.3173616
19781,0.4928378
19782,0.14074686
19783,0.01033226
19784,0.04632268
19785,0.014593384
19786,0.013158834
19787,0.07251263
19788,0.10524206
19789,0.0071223476
19790,0.026923386
19791,0.020146895
19792,0.015594277
19793,0.009889232
19794,0.015806224
19795,0.084015794
19796,0.11240174
19797,0.36678857
19798,0.0071223476
19799,0.0147924395
19800,0.013743616
19801,0.03602264
19802,0.104640886
19803,0.34679016
19804,0.14297605
19805,0.117299914
19806,0.00985339
19807,0.06291881
19808,0.03221627
19809,0.05018467
19810,0.0071223476
19811,0.011247575
19812,0.2809642
19813,0.009329261
19814,0.025084088
19815,0.105493635
19816,0.06890961
19817,0.03469886
19818,0.0071223476
19819,0.022458203
19820,0.03729047
19821,0.21628107
19822,0.024006262
19823,0.008076114
19824,0.042053975
19825,0.042419154
19826,0.0333415
19827,0.20795071
19828,0.06730423
19829,0.19514182
19830,0.079472415
19831,0.030191375
19832,0.049503278
19833,0.017194057
19834,0.051656067
19835,0.2825085
19836,0.20824634
19837,0.016055644
19838,0.07129646
19839,0.062167373
19840,0.011400171
19841,0.009329261
19842,0.3331985
19843,0.63377345
19844,0.09591375
19845,0.030886805
19846,0.088146985
19847,0.04482622
19848,0.02700177
19849,0.08217199
19850,0.10777837
19851,0.086109824
19852,0.8611462
19853,0.015806224
19854,0.022165423
19855,0.0071223476
19856,0.044108093
19857,0.031016055
19858,0.013743616
19859,0.023367975
19860,0.10307815
19861,0.30329815
19862,0.094973564
19863,0.1469049
19864,0.02728861
19865,0.047056507
19866,0.011733236
19867,0.019915065
19868,0.10668575
19869,0.029621301
19870,0.02728861
19871,0.09205658
19872,0.053716995
19873,0.024804613
19874,0.023872776
19875,0.02317973
19876,0.046317227
19877,0.007422802
19878,0.12463438
19879,0.058085416
19880,0.007922235
19881,0.032279905
19882,0.06893481
19883,0.023872776
19884,0.031613577
19885,0.9557693
19886,0.071004055
19887,0.10476825
19888,0.080474265
19889,0.029621301
19890,0.022800637
19891,0.033191077
19892,0.038157698
19893,0.008076114
19894,0.32902467
19895,0.0071223476
19896,0.007268069
19897,0.015806224
19898,0.012242398
19899,0.02479791
19900,0.08529231
19901,0.024530547
19902,0.011067602
19903,0.13007486
19904,0.043022763
19905,0.013431989
19906,0.0071223476
19907,0.043428622
19908,0.23377
19909,0.0071223476
19910,0.0071223476
19911,0.012051778
19912,0.012638732
19913,0.05524733
19914,0.020146895
19915,0.12568654
19916,0.06730423
19917,0.013158834
19918,0.014401168
19919,0.037956502
19920,0.16999629
19921,0.05400571
19922,0.10108341
19923,0.040890023
19924,0.05109898
19925,0.05852784
19926,0.022458203
19927,0.054404374
19928,0.15283413
19929,0.111380965
19930,0.010861789
19931,0.013158834
19932,0.013431989
19933,0.029246658
19934,0.008468514
19935,0.011247575
19936,0.017416835
19937,0.0071223476
19938,0.013971003
19939,0.0071223476
19940,0.030191375
19941,0.035130884
19942,0.044493094
19943,0.11034277
19944,0.11243048
19945,0.26939467
19946,0.037320666
19947,0.01421923
19948,0.02810656
19949,0.018493215
19950,0.008468514
19951,0.011067602
19952,0.057791743
19953,0.008283394
19954,0.01421923
19955,0.009460591
19956,0.008283394
19957,0.033484098
19958,0.010080593
19959,0.0256922
19960,0.01665038
19961,0.060450576
19962,0.014567746
19963,0.013971003
19964,0.007589356
19965,0.107442945
19966,0.010861789
19967,0.024992099
19968,0.009676807
19969,0.037675582
19970,0.011733236
19971,0.0115744015
19972,0.1393195
19973,0.0071223476
19974,0.22724472
19975,0.08096782
19976,0.059897624
19977,0.05614751
19978,0.055530135
19979,0.02114934
19980,0.007589356
19981,0.10927229
19982,0.0071223476
19983,0.09823385
19984,0.1622341
19985,0.019915065
19986,0.042475946
19987,0.030191375
19988,0.031785037
19989,0.023367975
19990,0.013743616
19991,0.0077645117
19992,0.015806224
19993,0.0071223476
19994,0.0115744015
19995,0.030865971
19996,0.012242398
19997,0.059765004
19998,0.066594616
19999,0.20186292
20000,0.007922235
20001,0.0071223476
20002,0.0071223476
20003,0.0147924395
20004,0.041453928
20005,0.029088048
20006,0.019168993
20007,0.03380936
20008,0.039959032
20009,0.012638732
20010,0.01963433
20011,0.20795071
20012,0.23641197
20013,0.009329261
20014,0.11787105
20015,0.019168993
20016,0.034089234
20017,0.0076609217
20018,0.023623602
20019,0.0076609217
20020,0.06379
20021,0.0076609217
20022,0.112308435
20023,0.032015007
20024,0.023623602
20025,0.18547785
20026,0.028076636
20027,0.008291945
20028,0.06104343
20029,0.13924034
20030,0.05712813
20031,0.30361706
20032,0.3594769
20033,0.087618545
20034,0.128109
20035,0.055936053
20036,0.09189624
20037,0.046317227
20038,0.0147924395
20039,0.11704563
20040,0.015594277
20041,0.64332044
20042,0.09372729
20043,0.041553102
20044,0.15980014
20045,0.03348639
20046,0.013158834
20047,0.07420114
20048,0.02492922
20049,0.038157698
20050,0.15315442
20051,0.15047944
20052,0.45462587
20053,0.38526744
20054,0.007514238
20055,0.15377043
20056,0.24243714
20057,0.020732481
20058,0.086343765
20059,0.04482622
20060,0.073969804
20061,0.019878613
20062,0.23447621
20063,0.14400132
20064,0.136795
20065,0.33483344
20066,0.5362935
20067,0.07587937
20068,0.5387143
20069,0.0256977
20070,0.079704925
20071,0.03570942
20072,0.05815522
20073,0.13331793
20074,0.07873448
20075,0.029621301
20076,0.010282199
20077,0.007802202
20078,0.3218268
20079,0.061770853
20080,0.06670787
20081,0.089029126
20082,0.073010586
20083,0.081562124
20084,0.03713947
20085,0.13648206
20086,0.024006262
20087,0.054404374
20088,0.16912346
20089,0.20744228
20090,0.021881063
20091,0.036263283
20092,0.015594277
20093,0.02479791
20094,0.035389375
20095,0.4197918
20096,0.086693645
20097,0.026455687
20098,0.28185254
20099,0.34679016
20100,0.007268069
20101,0.13251151
20102,0.092291795
20103,0.020146895
20104,0.031046066
20105,0.019168993
20106,0.0339387
20107,0.009329261
20108,0.07876374
20109,0.033988602
20110,0.023067798
20111,0.21197924
20112,0.32321566
20113,0.014567746
20114,0.089029126
20115,0.009676807
20116,0.0115744015
20117,0.013158834
20118,0.26205906
20119,0.03729047
20120,0.008291945
20121,0.023726895
20122,0.12122517
20123,0.37648225
20124,0.084065534
20125,0.08999183
20126,0.018493215
20127,0.008283394
20128,0.041704744
20129,0.07452313
20130,0.0147924395
20131,0.12849759
20132,0.13179311
20133,0.055064667
20134,0.101955794
20135,0.08161935
20136,0.038371377
20137,0.043194287
20138,0.02317973
20139,0.04612786
20140,0.120152086
20141,0.07706856
20142,0.047998853
20143,0.008076114
20144,0.033536527
20145,0.03270255
20146,0.024530547
20147,0.019168993
20148,0.03203909
20149,0.053153995
20150,0.022253968
20151,0.037465338
20152,0.25054312
20153,0.22998129
20154,0.056225903
20155,0.0454102
20156,0.0071223476
20157,0.09189624
20158,0.09368821
20159,0.022427535
20160,0.028373713
20161,0.18928814
20162,0.03690303
20163,0.020732481
20164,0.029096102
20165,0.010469167
20166,0.079704925
20167,0.05055091
20168,0.117393754
20169,0.11899586
20170,0.11120919
20171,0.054735865
20172,0.06266902
20173,0.0071223476
20174,0.07898672
20175,0.03897697
20176,0.007589356
20177,0.13011274
20178,0.024171002
20179,0.4533537
20180,0.13437359
20181,0.02114934
20182,0.120152086
20183,0.01613739
20184,0.027472558
20185,0.016798863
20186,0.016386626
20187,0.009460591
20188,0.10943434
20189,0.012638732
20190,0.008468514
20191,0.06193864
20192,0.01835498
20193,0.043580536
20194,0.05841671
20195,0.1241328
20196,0.12387165
20197,0.2447163
20198,0.06694388
20199,0.023623602
20200,0.11815169
20201,0.02317973
20202,0.041453928
20203,0.014401168
20204,0.0089379735
20205,0.12277552
20206,0.046317227
20207,0.103329234
20208,0.028560245
20209,0.072988786
20210,0.029916111
20211,0.019037876
20212,0.044856634
20213,0.0147924395
20214,0.010469167
20215,0.18599515
20216,0.011067602
20217,0.036736056
20218,0.09844595
20219,0.0071223476
20220,0.010861789
20221,0.04332302
20222,0.04947757
20223,0.08096782
20224,0.028923653
20225,0.14297605
20226,0.09021749
20227,0.14307295
20228,0.10945953
20229,0.18282501
20230,0.018493215
20231,0.092122294
20232,0.04316392
20233,0.013158834
20234,0.052421875
20235,0.057265084
20236,0.03729047
20237,0.013826333
20238,0.09353488
20239,0.0794818
20240,0.02317973
20241,0.03729047
20242,0.059149254
20243,0.024651546
20244,0.095948845
20245,0.014567746
20246,0.028923653
20247,0.1337919
20248,0.05630788
20249,0.12217418
20250,0.28185254
20251,0.0895083
20252,0.11807694
20253,0.06860894
20254,0.08699852
20255,0.052208863
20256,0.12419692
20257,0.06664375
20258,0.019915065
20259,0.3365292
20260,0.034555845
20261,0.11021477
20262,0.032165255
20263,0.07605097
20264,0.0071223476
20265,0.013158834
20266,0.04632268
20267,0.027527144
20268,0.32907125
20269,0.07770889
20270,0.0596951
20271,0.08776959
20272,0.5388303
20273,0.06164211
20274,0.0071223476
20275,0.13585086
20276,0.054735865
20277,0.24992688
20278,0.2109536
20279,0.05382216
20280,0.0071223476
20281,0.020146895
20282,0.03729047
20283,0.012115356
20284,0.077660725
20285,0.20186292
20286,0.02708927
20287,0.17551197
20288,0.07319155
20289,0.009460591
20290,0.06291881
20291,0.042248193
20292,0.045332342
20293,0.043580536
20294,0.024006262
20295,0.120006055
20296,0.12973268
20297,0.17271717
20298,0.10632467
20299,0.061177585
20300,0.1186193
20301,0.21342678
20302,0.20689104
20303,0.06890961
20304,0.056156687
20305,0.022253968
20306,0.021001931
20307,0.027472558
20308,0.38591936
20309,0.0071223476
20310,0.050160497
20311,0.29606366
20312,0.15422681
20313,0.0071223476
20314,0.013971003
20315,0.016055644
20316,0.036263283
20317,0.043580536
20318,0.17945151
20319,0.15109241
20320,0.05775158
20321,0.03651337
20322,0.16129212
20323,0.09388709
20324,0.12324507
20325,0.15161979
20326,0.23943469
20327,0.10782677
20328,0.036872845
20329,0.0756477
20330,0.08127313
20331,0.25015894
20332,0.8821682
20333,0.09205658
20334,0.007922235
20335,0.26175025
20336,0.06376859
20337,0.20795071
20338,0.016989255
20339,0.039326742
20340,0.073219895
20341,0.013158834
20342,0.034849502
20343,0.41439593
20344,0.008468514
20345,0.054735865
20346,0.18547785
20347,0.13452148
20348,0.16862048
20349,0.29498503
20350,0.38452154
20351,0.019168993
20352,0.20186292
20353,0.08073504
20354,0.073713064
20355,0.7348548
20356,0.36678857
20357,0.33280516
20358,0.007422802
20359,0.010113833
20360,0.14214
20361,0.040890023
20362,0.013158834
20363,0.023872776
20364,0.05992059
20365,0.007268069
20366,0.008468514
20367,0.008283394
20368,0.019168993
20369,0.04842642
20370,0.07747681
20371,0.094347395
20372,0.09111224
20373,0.085855156
20374,0.11279043
20375,0.14716661
20376,0.016989255
20377,0.103208184
20378,0.20795071
20379,0.01665038
20380,0.043961722
20381,0.9557693
20382,0.94001055
20383,0.61167705
20384,0.007589356
20385,0.09413609
20386,0.27548108
20387,0.060814958
20388,0.0071223476
20389,0.049503278
20390,0.0115744015
20391,0.032590996
20392,0.06419595
20393,0.041932385
20394,0.007922235
20395,0.31305212
20396,0.013743616
20397,0.015369749
20398,0.129992
20399,0.045147188
20400,0.048711315
20401,0.048930354
20402,0.19539693
20403,0.10090094
20404,0.02479791
20405,0.13925453
20406,0.117205165
20407,0.08247708
20408,0.9557693
20409,0.7139871
20410,0.64332044
20411,0.0071223476
20412,0.06787684
20413,0.029916111
20414,0.34775376
20415,0.048573416
20416,0.22693123
20417,0.029621301
20418,0.09811336
20419,0.026689762
20420,0.14114024
20421,0.06891526
20422,0.15699886
20423,0.12833643
20424,0.35878167
20425,0.368439
20426,0.12672582
20427,0.12665282
20428,0.058596987
20429,0.03897697
20430,0.10222071
20431,0.040890023
20432,0.07646675
20433,0.12255872
20434,0.1469049
20435,0.058044143
20436,0.12499607
20437,0.008076114
20438,0.9465231
20439,0.948318
20440,0.9557693
20441,0.17218679
20442,0.007514238
20443,0.14622614
20444,0.012242398
20445,0.34711978
20446,0.02317973
20447,0.012242398
20448,0.012242398
20449,0.0071223476
20450,0.09844595
20451,0.046317227
20452,0.1866669
20453,0.9557693
20454,0.07116283
20455,0.086109824
20456,0.08800389
20457,0.13660817
20458,0.06693408
20459,0.17078295
20460,0.18222587
20461,0.014984729
20462,0.09663211
20463,0.0779599
20464,0.06278003
20465,0.08573676
20466,0.018493215
20467,0.22693123
20468,0.27307624
20469,0.20795071
20470,0.08144346
20471,0.0071223476
20472,0.09663211
20473,0.11407492
20474,0.20795071
20475,0.02114934
20476,0.029488489
20477,0.023623602
20478,0.018896038
20479,0.016989255
20480,0.0476941
20481,0.030466871
20482,0.1914479
20483,0.45364964
20484,0.27445418
20485,0.22456957
20486,0.0923791
20487,0.20186292
20488,0.14948964
20489,0.5394969
20490,0.03729047
20491,0.061177585
20492,0.037401725
20493,0.105493635
20494,0.08837582
20495,0.20544697
20496,0.40212244
20497,0.28326324
20498,0.20215705
20499,0.94931483
20500,0.1597167
20501,0.014567746
20502,0.16216567
20503,0.15558814
20504,0.017416835
20505,0.059741393
20506,0.40212244
20507,0.042779014
20508,0.018896038
20509,0.04412497
20510,0.028160166
20511,0.118960105
20512,0.2194827
20513,0.22048129
20514,0.23157035
20515,0.21628107
20516,0.14902571
20517,0.16883384
20518,0.17047858
20519,0.15038659
20520,0.08336282
20521,0.037956502
20522,0.34742406
20523,0.24345088
20524,0.042312887
20525,0.4461794
20526,0.30396503
20527,0.0071223476
20528,0.07604162
20529,0.12665282
20530,0.0895083
20531,0.045945134
20532,0.010861789
20533,0.027527144
20534,0.079704925
20535,0.065760106
20536,0.07213134
20537,0.1186193
20538,0.2578779
20539,0.71881056
20540,0.29606366
20541,0.19091603
20542,0.3675249
20543,0.069158584
20544,0.073581025
20545,0.08351472
20546,0.13695735
20547,0.20186292
20548,0.040318042
20549,0.013971003
20550,0.09229993
20551,0.12217418
20552,0.013971003
20553,0.0071223476
20554,0.036112435
20555,0.09401604
20556,0.016798863
20557,0.0354689
20558,0.012638732
20559,0.023872776
20560,0.031935256
20561,0.06326314
20562,0.07511127
20563,0.14156899
20564,0.1587742
20565,0.07961776
20566,0.5370165
20567,0.38591936
20568,0.2496211
20569,0.1258473
20570,0.036263283
20571,0.0071223476
20572,0.06860894
20573,0.11705952
20574,0.0115744015
20575,0.009676807
20576,0.016055644
20577,0.9557693
20578,0.02265175
20579,0.03312969
20580,0.07706856
20581,0.034555845
20582,0.07995641
20583,0.0071223476
20584,0.02624071
20585,0.011733236
20586,0.030865971
20587,0.0071223476
20588,0.009122779
20589,0.034879625
20590,0.081729
20591,0.06303416
20592,0.4909185
20593,0.21014436
20594,0.14975193
20595,0.9465231
20596,0.28953764
20597,0.34679016
20598,0.24249746
20599,0.05982392
20600,0.0071223476
20601,0.07587937
20602,0.038445916
20603,0.015806224
20604,0.0071223476
20605,0.041453928
20606,0.3453766
20607,0.027882088
20608,0.21014436
20609,0.007922235
20610,0.08776959
20611,0.1258473
20612,0.079076216
20613,0.1516759
20614,0.025663968
20615,0.009329261
20616,0.012638732
20617,0.16216567
20618,0.8821682
20619,0.21014436
20620,0.6043767
20621,0.18586911
20622,0.24385434
20623,0.18144599
20624,0.12623554
20625,0.040890023
20626,0.013158834
20627,0.030464998
20628,0.040276274
20629,0.09388709
20630,0.06620661
20631,0.08383209
20632,0.19715054
20633,0.020146895
20634,0.04482622
20635,0.01665038
20636,0.21299893
20637,0.011733236
20638,0.014567746
20639,0.009122779
20640,0.14579299
20641,0.1456163
20642,0.023872776
20643,0.0071223476
20644,0.072988786
20645,0.18858029
20646,0.045784876
20647,0.08029853
20648,0.045877688
20649,0.068182945
20650,0.107508026
20651,0.039764117
20652,0.11569577
20653,0.067947276
20654,0.018493215
20655,0.021619093
20656,0.0089379735
20657,0.12053348
20658,0.0071223476
20659,0.09886079
20660,0.008468514
20661,0.020146895
20662,0.13695735
20663,0.023623602
20664,0.03672191
20665,0.0071223476
20666,0.042343225
20667,0.20186292
20668,0.28183642
20669,0.53961766
20670,0.12801622
20671,0.0071223476
20672,0.03203909
20673,0.013350814
20674,0.013158834
20675,0.1173215
20676,0.18547785
20677,0.011733236
20678,0.026923386
20679,0.013743616
20680,0.0071223476
20681,0.0071223476
20682,0.015806224
20683,0.06418671
20684,0.093186826
20685,0.346065
20686,0.009676807
20687,0.007422802
20688,0.023623602
20689,0.029638374
20690,0.13687399
20691,0.34711978
20692,0.13695735
20693,0.013158834
20694,0.11871417
20695,0.0126362825
20696,0.01421923
20697,0.06291881
20698,0.05309761
20699,0.027472558
20700,0.018695576
20701,0.011400171
20702,0.1979531
20703,0.007514238
20704,0.015066282
20705,0.0071223476
20706,0.07933424
20707,0.068330996
20708,0.030021947
20709,0.015594277
20710,0.012242398
20711,0.0681773
20712,0.25015894
20713,0.014567746
20714,0.0071223476
20715,0.01665038
20716,0.04947757
20717,0.029283045
20718,0.013973937
20719,0.20521495
20720,0.061402626
20721,0.1527438
20722,0.036912218
20723,0.028160166
20724,0.012638732
20725,0.046317227
20726,0.07898672
20727,0.04285665
20728,0.25118303
20729,0.015369749
20730,0.16317095
20731,0.027798394
20732,0.052673124
20733,0.07183908
20734,0.0077645117
20735,0.3218268
20736,0.7287502
20737,0.12053348
20738,0.03640858
20739,0.013971003
20740,0.072988786
20741,0.07770889
20742,0.03729047
20743,0.059529103
20744,0.11005391
20745,0.04845737
20746,0.9096354
20747,0.015806224
20748,0.034849502
20749,0.082862034
20750,0.09063237
20751,0.017416835
20752,0.07646675
20753,0.11793578
20754,0.32321566
20755,0.07129646
20756,0.10494505
20757,0.020489905
20758,0.045923736
20759,0.010861789
20760,0.01421923
20761,0.07420114
20762,0.045877688
20763,0.008468514
20764,0.043961722
20765,0.013700636
20766,0.011067602
20767,0.032590996
20768,0.0071223476
20769,0.016798863
20770,0.12203495
20771,0.029916111
20772,0.06700401
20773,0.013971003
20774,0.011400171
20775,0.04568147
20776,0.025446368
20777,0.031655964
20778,0.04678319
20779,0.9557693
20780,0.03713947
20781,0.10476825
20782,0.01033226
20783,0.030171907
20784,0.058597222
20785,0.021619093
20786,0.016798863
20787,0.33420554
20788,0.010861789
20789,0.0071223476
20790,0.015806224
20791,0.025084088
20792,0.06607808
20793,0.024256865
20794,0.011067602
20795,0.116033696
20796,0.028160166
20797,0.0071223476
20798,0.017384991
20799,0.23447621
20800,0.02479791
20801,0.02864518
20802,0.019381039
20803,0.0129282335
20804,0.05678024
20805,0.024006262
20806,0.11587432
20807,0.07183908
20808,0.01665038
20809,0.014401168
20810,0.0077645117
20811,0.032982122
20812,0.14822257
20813,0.11673814
20814,0.058848575
20815,0.04842642
20816,0.0631085
20817,0.06326314
20818,0.0147924395
20819,0.06062426
20820,0.1706767
20821,0.11007741
20822,0.008697048
20823,0.013158834
20824,0.016989255
20825,0.014567746
20826,0.013431989
20827,0.0071223476
20828,0.0071223476
20829,0.0147924395
20830,0.014567746
20831,0.0071223476
20832,0.015066282
20833,0.047342982
20834,0.053445652
20835,0.05596369
20836,0.0071223476
20837,0.13996486
20838,0.009122779
20839,0.26031336
20840,0.011733236
20841,0.010649303
20842,0.019915065
20843,0.008468514
20844,0.0071223476
20845,0.02479791
20846,0.009329261
20847,0.024651546
20848,0.035352387
20849,0.024724683
20850,0.009889232
20851,0.058303412
20852,0.014567746
20853,0.0071223476
20854,0.022253968
20855,0.0077645117
20856,0.14627215
20857,0.0071223476
20858,0.04446565
20859,0.0071223476
20860,0.029621301
20861,0.007422802
20862,0.113847025
20863,0.010649303
20864,0.009676807
20865,0.28280494
20866,0.031350892
20867,0.05458637
20868,0.052820712
20869,0.018266736
20870,0.0071223476
20871,0.123632416
20872,0.0147924395
20873,0.086693645
20874,0.21606676
20875,0.011067602
20876,0.0071223476
20877,0.023623602
20878,0.033191077
20879,0.02343531
20880,0.023872776
20881,0.011247575
20882,0.007589356
20883,0.031785037
20884,0.019381039
20885,0.095787145
20886,0.05055091
20887,0.05593275
20888,0.007922235
20889,0.19746533
20890,0.0071223476
20891,0.0071223476
20892,0.025084088
20893,0.007268069
20894,0.016798863
20895,0.041453928
20896,0.04412497
20897,0.012424513
20898,0.039519
20899,0.034492377
20900,0.013431989
20901,0.18928814
20902,0.20574197
20903,0.018695576
20904,0.06707439
20905,0.01963433
20906,0.049503278
20907,0.05187312
20908,0.030111264
20909,0.032430008
20910,0.0327892
20911,0.039326742
20912,0.17981012
20913,0.012818466
20914,0.12308468
20915,0.07291607
20916,0.0735717
20917,0.0071223476
20918,0.09316539
20919,0.034051508
20920,0.18753439
20921,0.06433591
20922,0.33610976
20923,0.1258473
20924,0.15902722
20925,0.055936053
20926,0.023872776
20927,0.019901043
20928,0.013971003
20929,0.025078436
20930,0.0071223476
20931,0.115162246
20932,0.027915223
20933,0.61085284
20934,0.11182868
20935,0.11704563
20936,0.05962321
20937,0.013158834
20938,0.022253968
20939,0.061770853
20940,0.0084683765
20941,0.045180175
20942,0.053100128
20943,0.09464873
20944,0.25395015
20945,0.29742536
20946,0.041780714
20947,0.04258487
20948,0.090138376
20949,0.24068025
20950,0.06551856
20951,0.057492796
20952,0.039627608
20953,0.007589356
20954,0.35911417
20955,0.13358282
20956,0.06471143
20957,0.32279965
20958,0.0771579
20959,0.5513185
20960,0.04690973
20961,0.44676432
20962,0.076596
20963,0.056350823
20964,0.009460591
20965,0.11787105
20966,0.087034225
20967,0.15089048
20968,0.084318034
20969,0.07262022
20970,0.03874272
20971,0.33280516
20972,0.06326314
20973,0.070405625
20974,0.101540335
20975,0.060242973
20976,0.071592875
20977,0.070405625
20978,0.020389384
20979,0.1267385
20980,0.014401168
20981,0.07080448
20982,0.11896806
20983,0.1048862
20984,0.054884512
20985,0.021881063
20986,0.05164647
20987,0.025078436
20988,0.020146895
20989,0.2482693
20990,0.08835431
20991,0.04056192
20992,0.06612018
20993,0.2226635
20994,0.07830139
20995,0.08157736
20996,0.013158834
20997,0.045038
20998,0.015806224
20999,0.007589356
21000,0.063033745
21001,0.0071223476
21002,0.065463714
21003,0.12712705
21004,0.08024159
21005,0.10762018
21006,0.21197924
21007,0.014567746
21008,0.101540335
21009,0.010861789
21010,0.020919316
21011,0.036736056
21012,0.23472601
21013,0.0071223476
21014,0.027238807
21015,0.06852568
21016,0.009477521
21017,0.019168993
21018,0.0815748
21019,0.36816847
21020,0.06379
21021,0.030117735
21022,0.024530547
21023,0.007422802
21024,0.051879097
21025,0.138177
21026,0.012424513
21027,0.012424513
21028,0.16462334
21029,0.15119113
21030,0.09329939
21031,0.12170508
21032,0.031852074
21033,0.011733236
21034,0.053414676
21035,0.028373713
21036,0.017810684
21037,0.022458203
21038,0.11416531
21039,0.045332342
21040,0.1023588
21041,0.012242398
21042,0.019915065
21043,0.016989255
21044,0.008468514
21045,0.007922235
21046,0.020919316
21047,0.040890023
21048,0.05528611
21049,0.045180175
21050,0.22946894
21051,0.20676419
21052,0.047615286
21053,0.067580454
21054,0.020919316
21055,0.087521605
21056,0.06775136
21057,0.029943487
21058,0.041453928
21059,0.03203909
21060,0.2075002
21061,0.0532223
21062,0.024006262
21063,0.038903102
21064,0.007422802
21065,0.061402626
21066,0.05775158
21067,0.14677116
21068,0.13371988
21069,0.11366952
21070,0.032982122
21071,0.03469886
21072,0.028186573
21073,0.07627339
21074,0.06787684
21075,0.014401168
21076,0.089828394
21077,0.052939873
21078,0.3602093
21079,0.11819277
21080,0.020919316
21081,0.10011272
21082,0.037956502
21083,0.022800637
21084,0.0071223476
21085,0.015066282
21086,0.009460591
21087,0.012638732
21088,0.07219968
21089,0.016798863
21090,0.012638732
21091,0.063838765
21092,0.036263283
21093,0.06864201
21094,0.04690973
21095,0.08248135
21096,0.09374512
21097,0.2447163
21098,0.05187312
21099,0.008697048
21100,0.10032518
21101,0.010469167
21102,0.0336233
21103,0.019168993
21104,0.0089379735
21105,0.10032518
21106,0.089738004
21107,0.101688765
21108,0.024021912
21109,0.045986954
21110,0.023623602
21111,0.009477521
21112,0.0071223476
21113,0.0147924395
21114,0.018695576
21115,0.15471284
21116,0.009460591
21117,0.03595937
21118,0.09144273
21119,0.008468514
21120,0.04294215
21121,0.03429639
21122,0.06179899
21123,0.043580536
21124,0.10442759
21125,0.08648663
21126,0.18197818
21127,0.120686725
21128,0.18414602
21129,0.013158834
21130,0.094347395
21131,0.056828696
21132,0.009676807
21133,0.04434105
21134,0.07683662
21135,0.016989255
21136,0.054404374
21137,0.011461029
21138,0.05334608
21139,0.050493915
21140,0.009889232
21141,0.05334608
21142,0.033653386
21143,0.018493215
21144,0.12967665
21145,0.020919316
21146,0.0333415
21147,0.16866069
21148,0.057339888
21149,0.09634574
21150,0.36084947
21151,0.050160497
21152,0.10777837
21153,0.0719074
21154,0.06465675
21155,0.06551856
21156,0.09919362
21157,0.0691199
21158,0.0071223476
21159,0.2956432
21160,0.02455387
21161,0.11021477
21162,0.010429288
21163,0.08421753
21164,0.018493215
21165,0.015806224
21166,0.009329261
21167,0.037831616
21168,0.028373713
21169,0.3293794
21170,0.06609616
21171,0.03651337
21172,0.104640886
21173,0.53920686
21174,0.061169088
21175,0.008283394
21176,0.16152067
21177,0.04842642
21178,0.2600794
21179,0.2821662
21180,0.034849502
21181,0.029245926
21182,0.055107266
21183,0.15313391
21184,0.20540099
21185,0.02131658
21186,0.15136836
21187,0.07410084
21188,0.05034665
21189,0.020146895
21190,0.019168993
21191,0.03729047
21192,0.05334608
21193,0.012242398
21194,0.09745459
21195,0.08911945
21196,0.18928814
21197,0.20131214
21198,0.06002739
21199,0.1337919
21200,0.18547785
21201,0.2240828
21202,0.060252186
21203,0.01033226
21204,0.041704744
21205,0.010861789
21206,0.009676807
21207,0.028923653
21208,0.4457935
21209,0.022906069
21210,0.07273228
21211,0.19585034
21212,0.12866125
21213,0.013431989
21214,0.027290149
21215,0.025345946
21216,0.062167373
21217,0.18893084
21218,0.17927493
21219,0.010113833
21220,0.043580536
21221,0.041453928
21222,0.14324097
21223,0.10214594
21224,0.13940305
21225,0.15911378
21226,0.21014436
21227,0.10064185
21228,0.0076609217
21229,0.03860649
21230,0.058774352
21231,0.24213317
21232,0.73774016
21233,0.091046594
21234,0.0071223476
21235,0.24695913
21236,0.013158834
21237,0.07173645
21238,0.16468482
21239,0.03074229
21240,0.073219895
21241,0.0071223476
21242,0.044493094
21243,0.0071223476
21244,0.36154577
21245,0.018493215
21246,0.06780684
21247,0.19121478
21248,0.14074686
21249,0.18424876
21250,0.29498503
21251,0.3594769
21252,0.0071223476
21253,0.12024707
21254,0.12960246
21255,0.053228382
21256,0.8790432
21257,0.38452154
21258,0.36635965
21259,0.007422802
21260,0.034879625
21261,0.1917047
21262,0.022427535
21263,0.035670906
21264,0.03128002
21265,0.055753794
21266,0.013743616
21267,0.008283394
21268,0.019168993
21269,0.06503536
21270,0.040969517
21271,0.094347395
21272,0.105707146
21273,0.052867774
21274,0.13814488
21275,0.11619183
21276,0.0071223476
21277,0.11021477
21278,0.22693123
21279,0.01665038
21280,0.089738004
21281,0.9557693
21282,0.9465231
21283,0.7425811
21284,0.021881063
21285,0.016055644
21286,0.20790207
21287,0.36054218
21288,0.13328421
21289,0.0071223476
21290,0.117041074
21291,0.009329261
21292,0.042779014
21293,0.063698865
21294,0.041453928
21295,0.013158834
21296,0.3238927
21297,0.013743616
21298,0.014567746
21299,0.14458837
21300,0.08383209
21301,0.05034665
21302,0.056225903
21303,0.17927493
21304,0.07961776
21305,0.021881063
21306,0.10964887
21307,0.10927229
21308,0.067947276
21309,0.9557693
21310,0.7204453
21311,0.61167705
21312,0.012638732
21313,0.0707028
21314,0.024676895
21315,0.36154577
21316,0.019856984
21317,0.1359472
21318,0.030191375
21319,0.07143736
21320,0.020146895
21321,0.11833857
21322,0.10332953
21323,0.13007486
21324,0.12785514
21325,0.35878167
21326,0.38662857
21327,0.13784453
21328,0.13695735
21329,0.07770889
21330,0.034555845
21331,0.079472415
21332,0.067008
21333,0.04632268
21334,0.14929965
21335,0.09084798
21336,0.041704744
21337,0.117205165
21338,0.026452854
21339,0.7237283
21340,0.948318
21341,0.9557693
21342,0.18811356
21343,0.048558652
21344,0.07753051
21345,0.3221774
21346,0.015594277
21347,0.0071223476
21348,0.060391624
21349,0.041932385
21350,0.19963989
21351,0.9557693
21352,0.0681773
21353,0.07841323
21354,0.071004055
21355,0.16028854
21356,0.058044143
21357,0.155228
21358,0.15766186
21359,0.038968068
21360,0.08134445
21361,0.0908864
21362,0.09434395
21363,0.05528611
21364,0.021881063
21365,0.2690841
21366,0.2690841
21367,0.23659517
21368,0.1023588
21369,0.058959868
21370,0.05906306
21371,0.17576866
21372,0.0327892
21373,0.02708927
21374,0.026689762
21375,0.0256922
21376,0.054954447
21377,0.043961722
21378,0.21014436
21379,0.44543976
21380,0.24695913
21381,0.22693123
21382,0.09739402
21383,0.1490058
21384,0.13191234
21385,0.60503304
21386,0.03651337
21387,0.041302323
21388,0.013743616
21389,0.111307986
21390,0.19323002
21391,0.20806731
21392,0.35386953
21393,0.23472601
21394,0.15471284
21395,0.94931483
21396,0.22467832
21397,0.011067602
21398,0.14297605
21399,0.12757285
21400,0.0071223476
21401,0.05034665
21402,0.49272072
21403,0.039326742
21404,0.025084088
21405,0.028695814
21406,0.028695814
21407,0.093789585
21408,0.2567758
21409,0.24254878
21410,0.26812676
21411,0.1979531
21412,0.19304034
21413,0.1134845
21414,0.14173383
21415,0.024530547
21416,0.1732622
21417,0.047615286
21418,0.062167373
21419,0.36118245
21420,0.22407416
21421,0.01160829
21422,0.4461794
21423,0.2809642
21424,0.0071223476
21425,0.04056192
21426,0.106169544
21427,0.07604162
21428,0.010861789
21429,0.012424513
21430,0.01421923
21431,0.040318042
21432,0.040969517
21433,0.08079813
21434,0.120152086
21435,0.2578779
21436,0.61085284
21437,0.29606366
21438,0.24695913
21439,0.3602093
21440,0.120006055
21441,0.0071223476
21442,0.07785999
21443,0.03912265
21444,0.12801622
21445,0.17551197
21446,0.055936053
21447,0.008697048
21448,0.07929565
21449,0.12959282
21450,0.0071223476
21451,0.0694207
21452,0.119683824
21453,0.020732481
21454,0.01421923
21455,0.028695814
21456,0.0071223476
21457,0.0071223476
21458,0.025511198
21459,0.023453088
21460,0.066466026
21461,0.04842642
21462,0.114101306
21463,0.17713726
21464,0.08226036
21465,0.5370165
21466,0.4457935
21467,0.25979218
21468,0.13007486
21469,0.040318042
21470,0.031655964
21471,0.029913513
21472,0.12706275
21473,0.009329261
21474,0.009676807
21475,0.010861789
21476,0.9557693
21477,0.050506804
21478,0.016055644
21479,0.089738004
21480,0.06326314
21481,0.073632896
21482,0.07220899
21483,0.014567746
21484,0.007514238
21485,0.016989255
21486,0.0071223476
21487,0.01963433
21488,0.05235639
21489,0.105707146
21490,0.49272072
21491,0.21014436
21492,0.11807694
21493,0.9557693
21494,0.25154406
21495,0.31273088
21496,0.17551197
21497,0.09776378
21498,0.024006262
21499,0.026754502
21500,0.048456933
21501,0.01665038
21502,0.089029126
21503,0.35911417
21504,0.017235616
21505,0.19489375
21506,0.010861789
21507,0.064081475
21508,0.11034277
21509,0.12481156
21510,0.1516759
21511,0.007514238
21512,0.025084088
21513,0.011247575
21514,0.03429639
21515,0.1255064
21516,0.9557693
21517,0.15537915
21518,0.6055007
21519,0.1917275
21520,0.20083678
21521,0.20436627
21522,0.10203463
21523,0.041453928
21524,0.013743616
21525,0.027527144
21526,0.045877688
21527,0.17218679
21528,0.102485895
21529,0.039977588
21530,0.17551197
21531,0.020146895
21532,0.04690973
21533,0.010469167
21534,0.2578779
21535,0.007922235
21536,0.0071223476
21537,0.0089379735
21538,0.088794604
21539,0.14418648
21540,0.016055644
21541,0.0071223476
21542,0.07487976
21543,0.16268297
21544,0.07330656
21545,0.081068285
21546,0.022458203
21547,0.15949723
21548,0.12576473
21549,0.018493215
21550,0.08192572
21551,0.1012404
21552,0.031180702
21553,0.028373713
21554,0.06598148
21555,0.009460591
21556,0.016055644
21557,0.06256053
21558,0.013431989
21559,0.1149838
21560,0.029916111
21561,0.0401666
21562,0.0071223476
21563,0.032015007
21564,0.16997603
21565,0.25949523
21566,0.6043767
21567,0.1446723
21568,0.021112768
21569,0.034555845
21570,0.09583421
21571,0.011733236
21572,0.026923386
21573,0.013158834
21574,0.024006262
21575,0.07739142
21576,0.050697446
21577,0.36678857
21578,0.013158834
21579,0.0147924395
21580,0.025511198
21581,0.049503278
21582,0.11673814
21583,0.29742536
21584,0.13131656
21585,0.0071223476
21586,0.1469049
21587,0.03882573
21588,0.020389384
21589,0.07627339
21590,0.05596369
21591,0.03761638
21592,0.010861789
21593,0.018695576
21594,0.011247575
21595,0.24213317
21596,0.009460591
21597,0.0115744015
21598,0.10710147
21599,0.066466026
21600,0.037465338
21601,0.016055644
21602,0.008697048
21603,0.05671098
21604,0.22434142
21605,0.0327892
21606,0.0071223476
21607,0.034980204
21608,0.014984729
21609,0.019714015
21610,0.20135364
21611,0.071668126
21612,0.1408436
21613,0.11021477
21614,0.034002893
21615,0.048711315
21616,0.06875583
21617,0.022253968
21618,0.21628107
21619,0.091046594
21620,0.13017069
21621,0.016989255
21622,0.061020322
21623,0.079704925
21624,0.0077645117
21625,0.0071223476
21626,0.3218268
21627,0.72057724
21628,0.09550737
21629,0.05608411
21630,0.013971003
21631,0.0895083
21632,0.065134875
21633,0.010216748
21634,0.07686509
21635,0.106169544
21636,0.049368046
21637,0.8824818
21638,0.08157736
21639,0.015594277
21640,0.056498934
21641,0.05392802
21642,0.025511198
21643,0.07710671
21644,0.10524206
21645,0.38560638
21646,0.054404374
21647,0.12811187
21648,0.029067911
21649,0.0071223476
21650,0.07864552
21651,0.030799652
21652,0.007422802
21653,0.045332342
21654,0.031935256
21655,0.025084088
21656,0.045332342
21657,0.011733236
21658,0.10807721
21659,0.029916111
21660,0.06426571
21661,0.013971003
21662,0.0071223476
21663,0.11649365
21664,0.056043066
21665,0.024530547
21666,0.045038
21667,0.047866054
21668,0.9557693
21669,0.033191077
21670,0.119211234
21671,0.041704744
21672,0.043992106
21673,0.0336233
21674,0.0707028
21675,0.013158834
21676,0.020919316
21677,0.26031336
21678,0.0071223476
21679,0.007268069
21680,0.015806224
21681,0.0071223476
21682,0.020919316
21683,0.114160575
21684,0.009329261
21685,0.011067602
21686,0.12307639
21687,0.009676807
21688,0.022906069
21689,0.0401666
21690,0.24254878
21691,0.025511198
21692,0.019168993
21693,0.051583216
21694,0.015806224
21695,0.1560126
21696,0.041704744
21697,0.024801005
21698,0.01421923
21699,0.0077645117
21700,0.041453928
21701,0.17218679
21702,0.06490551
21703,0.08469597
21704,0.0694207
21705,0.017384991
21706,0.048711315
21707,0.0071223476
21708,0.05686179
21709,0.17713726
21710,0.15958473
21711,0.0071223476
21712,0.0091291545
21713,0.012424513
21714,0.023176095
21715,0.0071223476
21716,0.017810684
21717,0.023872776
21718,0.015806224
21719,0.0077645117
21720,0.021881063
21721,0.054119106
21722,0.0333415
21723,0.09033712
21724,0.012638732
21725,0.01033226
21726,0.09008899
21727,0.1866669
21728,0.009460591
21729,0.011733236
21730,0.09513107
21731,0.010469167
21732,0.03427585
21733,0.022150816
21734,0.009122779
21735,0.02966834
21736,0.008468514
21737,0.012638732
21738,0.028373713
21739,0.0071223476
21740,0.013743616
21741,0.008150596
21742,0.029283045
21743,0.03882573
21744,0.014567746
21745,0.0077645117
21746,0.015066282
21747,0.0077645117
21748,0.098981366
21749,0.025511198
21750,0.06296405
21751,0.008697048
21752,0.024256865
21753,0.015806224
21754,0.14458837
21755,0.013743616
21756,0.012424513
21757,0.010469167
21758,0.31305212
21759,0.059897624
21760,0.06062426
21761,0.060666244
21762,0.05349377
21763,0.021619093
21764,0.077660725
21765,0.010113833
21766,0.09123197
21767,0.016798863
21768,0.17696282
21769,0.016798863
21770,0.022253968
21771,0.03798671
21772,0.06157386
21773,0.0071223476
21774,0.0077645117
21775,0.0071223476
21776,0.011247575
21777,0.05884771
21778,0.0115744015
21779,0.01033226
21780,0.09539296
21781,0.08800389
21782,0.007922235
21783,0.17234017
21784,0.011247575
21785,0.033012185
21786,0.02728861
21787,0.009676807
21788,0.009460591
21789,0.0558596
21790,0.014567746
21791,0.019422231
21792,0.029363044
21793,0.028890735
21794,0.011247575
21795,0.018896038
21796,0.20795071
21797,0.20806731
21798,0.09919362
21799,0.008468514
21800,0.018896038
21801,0.041704744
21802,0.070322454
21803,0.07770889
21804,0.013410914
21805,0.039326742
21806,0.12754467
21807,0.043195475
21808,0.038031008
21809,0.024530547
21810,0.0071223476
21811,0.1681278
21812,0.041932385
21813,0.1926832
21814,0.15288514
21815,0.12150058
21816,0.021619093
21817,0.025278326
21818,0.2809682
21819,0.108615585
21820,0.3293794
21821,0.105493635
21822,0.22647364
21823,0.023872776
21824,0.010332594
21825,0.022427535
21826,0.018695576
21827,0.16478567
21828,0.0071223476
21829,0.64332044
21830,0.13518898
21831,0.09831662
21832,0.009619057
21833,0.03637662
21834,0.05482075
21835,0.122916006
21836,0.36108434
21837,0.25919956
21838,0.050193746
21839,0.13370873
21840,0.1516759
21841,0.099064186
21842,0.08293126
21843,0.043961722
21844,0.08270545
21845,0.10202502
21846,0.03203909
21847,0.32078964
21848,0.13358282
21849,0.20521495
21850,0.36084947
21851,0.16005519
21852,0.4811994
21853,0.080474265
21854,0.46496633
21855,0.05469231
21856,0.039910708
21857,0.022458203
21858,0.07127854
21859,0.1579032
21860,0.074461505
21861,0.024530547
21862,0.10556857
21863,0.08464589
21864,0.3594769
21865,0.039326742
21866,0.07627339
21867,0.08079813
21868,0.066231534
21869,0.007814808
21870,0.08561917
21871,0.079472415
21872,0.0071223476
21873,0.015335122
21874,0.15288514
21875,0.11287267
21876,0.17972818
21877,0.021881063
21878,0.021465275
21879,0.042475946
21880,0.017810684
21881,0.40212244
21882,0.030444063
21883,0.009460591
21884,0.108615585
21885,0.26031336
21886,0.2565416
21887,0.079238534
21888,0.026754502
21889,0.013158834
21890,0.016989255
21891,0.015806224
21892,0.007589356
21893,0.063033745
21894,0.0784226
21895,0.02133162
21896,0.0735717
21897,0.17576866
21898,0.24878757
21899,0.011421778
21900,0.017336143
21901,0.052579377
21902,0.009676807
21903,0.025084088
21904,0.0147924395
21905,0.031180702
21906,0.22693123
21907,0.015066282
21908,0.045996852
21909,0.012035733
21910,0.14362408
21911,0.015066282
21912,0.11288213
21913,0.42008096
21914,0.070322454
21915,0.08587202
21916,0.009889232
21917,0.023872776
21918,0.043195475
21919,0.062411577
21920,0.023872776
21921,0.15313391
21922,0.13346346
21923,0.06647008
21924,0.11673814
21925,0.065509304
21926,0.10045055
21927,0.033070844
21928,0.03595937
21929,0.022906069
21930,0.11285517
21931,0.08726836
21932,0.1023588
21933,0.020389384
21934,0.031613577
21935,0.0071223476
21936,0.018695576
21937,0.0118735535
21938,0.024256865
21939,0.034555845
21940,0.021619093
21941,0.038445916
21942,0.1835688
21943,0.22647364
21944,0.03074229
21945,0.041453928
21946,0.0071223476
21947,0.09153577
21948,0.030886805
21949,0.024676895
21950,0.043961722
21951,0.014567746
21952,0.22709484
21953,0.04925842
21954,0.021619093
21955,0.038031008
21956,0.0071223476
21957,0.0681773
21958,0.04928412
21959,0.105901614
21960,0.1267152
21961,0.13960911
21962,0.05392802
21963,0.048161812
21964,0.023872776
21965,0.052569237
21966,0.043195475
21967,0.009889232
21968,0.10921879
21969,0.06362804
21970,0.3670957
21971,0.10668049
21972,0.0071223476
21973,0.098981366
21974,0.054735865
21975,0.032982122
21976,0.018896038
21977,0.015806224
21978,0.035352387
21979,0.018896038
21980,0.0071223476
21981,0.08848261
21982,0.051916696
21983,0.07770889
21984,0.047181915
21985,0.12292996
21986,0.14281847
21987,0.2830428
21988,0.06179899
21989,0.021619093
21990,0.09209243
21991,0.014285732
21992,0.08848261
21993,0.07380294
21994,0.10840152
21995,0.061476156
21996,0.049368046
21997,0.015066282
21998,0.041932385
21999,0.01421923
22000,0.16005519
22001,0.06256053
22002,0.0071223476
22003,0.015594277
22004,0.030464998
22005,0.025084088
22006,0.08726836
22007,0.06780684
22008,0.11532152
22009,0.08741135
22010,0.1457803
22011,0.09047811
22012,0.20417097
22013,0.022906069
22014,0.06433591
22015,0.010861789
22016,0.06426571
22017,0.04258487
22018,0.036736056
22019,0.042248193
22020,0.025224866
22021,0.02548297
22022,0.012242398
22023,0.054735865
22024,0.052716818
22025,0.012638732
22026,0.029913513
22027,0.024006262
22028,0.02728861
22029,0.12729338
22030,0.031016055
22031,0.13608176
22032,0.06616604
22033,0.10136124
22034,0.38591936
22035,0.087034225
22036,0.10045204
22037,0.06313071
22038,0.075101934
22039,0.054735865
22040,0.085173234
22041,0.07350089
22042,0.019915065
22043,0.28286123
22044,0.07864552
22045,0.11470767
22046,0.055936053
22047,0.051255096
22048,0.023872776
22049,0.034585956
22050,0.010861789
22051,0.2956432
22052,0.040318042
22053,0.06616604
22054,0.08134445
22055,0.5388303
22056,0.051050685
22057,0.009676807
22058,0.14088072
22059,0.06875583
22060,0.20540099
22061,0.31626445
22062,0.048711315
22063,0.0071223476
22064,0.008697048
22065,0.06456517
22066,0.027837979
22067,0.1337919
22068,0.20779571
22069,0.008675737
22070,0.15592201
22071,0.019856984
22072,0.07511127
22073,0.010469167
22074,0.018037066
22075,0.029363044
22076,0.039326742
22077,0.06379
22078,0.012869265
22079,0.09483461
22080,0.12959282
22081,0.20569596
22082,0.121241055
22083,0.04632268
22084,0.13131656
22085,0.21592243
22086,0.20951083
22087,0.059072264
22088,0.01033226
22089,0.039326742
22090,0.009889232
22091,0.049503278
22092,0.48189652
22093,0.03935489
22094,0.055396363
22095,0.24254878
22096,0.1457803
22097,0.013431989
22098,0.05275779
22099,0.062789395
22100,0.22359544
22101,0.16216183
22102,0.010113833
22103,0.061641682
22104,0.041453928
22105,0.1064835
22106,0.13608176
22107,0.1337919
22108,0.17618199
22109,0.22579156
22110,0.09647848
22111,0.05671098
22112,0.06623637
22113,0.032982122
22114,0.2296671
22115,0.73774016
22116,0.091046594
22117,0.01963433
22118,0.32111287
22119,0.013158834
22120,0.08017033
22121,0.22405197
22122,0.047181915
22123,0.06797761
22124,0.019915065
22125,0.050273478
22126,0.0071223476
22127,0.36886856
22128,0.027326133
22129,0.06904981
22130,0.20083678
22131,0.090983644
22132,0.19323002
22133,0.271978
22134,0.33348715
22135,0.013971003
22136,0.1652662
22137,0.07197811
22138,0.114370145
22139,0.95252216
22140,0.32902467
22141,0.3453766
22142,0.007422802
22143,0.03798671
22144,0.108342186
22145,0.03897697
22146,0.022253968
22147,0.022150816
22148,0.057339888
22149,0.007268069
22150,0.0118735535
22151,0.008283394
22152,0.022906069
22153,0.043961722
22154,0.07747681
22155,0.0735717
22156,0.10032518
22157,0.09111224
22158,0.13585086
22159,0.102560624
22160,0.101697385
22161,0.16912346
22162,0.016319308
22163,0.05800432
22164,0.9557693
22165,0.9465231
22166,0.72899175
22167,0.007422802
22168,0.13131656
22169,0.31273088
22170,0.063399
22171,0.007268069
22172,0.089029126
22173,0.06616604
22174,0.043195475
22175,0.039326742
22176,0.0089379735
22177,0.33488822
22178,0.013743616
22179,0.010469167
22180,0.12793349
22181,0.15055935
22182,0.03761638
22183,0.045996852
22184,0.19539693
22185,0.06433591
22186,0.0071223476
22187,0.09483461
22188,0.08008069
22189,0.07913106
22190,0.9557693
22191,0.60484874
22192,0.71881056
22193,0.012638732
22194,0.032982122
22195,0.0089379735
22196,0.36154577
22197,0.023596585
22198,0.22434142
22199,0.040897287
22200,0.07487976
22201,0.019915065
22202,0.120152086
22203,0.13364409
22204,0.15901549
22205,0.14450885
22206,0.35846666
22207,0.41439593
22208,0.12889643
22209,0.098981366
22210,0.040318042
22211,0.034849502
22212,0.10411013
22213,0.07121189
22214,0.06587013
22215,0.021881063
22216,0.1469049
22217,0.127746
22218,0.062479425
22219,0.07971115
22220,0.7237283
22221,0.948318
22222,0.9557693
22223,0.22286823
22224,0.031200754
22225,0.14332427
22226,0.016055644
22227,0.27548108
22228,0.007922235
22229,0.019915065
22230,0.060391624
22231,0.036263283
22232,0.18996178
22233,0.9557693
22234,0.07706856
22235,0.08446239
22236,0.070123
22237,0.1486505
22238,0.06658481
22239,0.1450517
22240,0.15766186
22241,0.03262564
22242,0.087034225
22243,0.09560428
22244,0.0735717
22245,0.047364857
22246,0.04878724
22247,0.30359694
22248,0.3594769
22249,0.1473303
22250,0.07127854
22251,0.0071223476
22252,0.07747681
22253,0.033092782
22254,0.17148575
22255,0.010861789
22256,0.020543857
22257,0.009329261
22258,0.036779903
22259,0.053118356
22260,0.21044052
22261,0.41367263
22262,0.20135364
22263,0.15766186
22264,0.13794415
22265,0.18928814
22266,0.1625152
22267,0.60503304
22268,0.05712605
22269,0.045029476
22270,0.011733236
22271,0.06704335
22272,0.19746533
22273,0.20168485
22274,0.37718663
22275,0.24213317
22276,0.18479967
22277,0.94931483
22278,0.09330269
22279,0.007268069
22280,0.20181453
22281,0.1385166
22282,0.016989255
22283,0.07864552
22284,0.37718663
22285,0.047181915
22286,0.018695576
22287,0.026689762
22288,0.053895604
22289,0.14059816
22290,0.25919956
22291,0.241862
22292,0.2823141
22293,0.22693123
22294,0.13225517
22295,0.14353961
22296,0.19442686
22297,0.009460591
22298,0.009889232
22299,0.14218016
22300,0.06580265
22301,0.074712746
22302,0.38662857
22303,0.20442627
22304,0.044493094
22305,0.38591936
22306,0.25522277
22307,0.054257743
22308,0.05596369
22309,0.09209243
22310,0.043043617
22311,0.019422231
22312,0.012424513
22313,0.016798863
22314,0.05187312
22315,0.07009197
22316,0.090394825
22317,0.119211234
22318,0.27414235
22319,0.71881056
22320,0.33348715
22321,0.27445418
22322,0.38526744
22323,0.1118425
22324,0.07785999
22325,0.08989079
22326,0.117185816
22327,0.2266634
22328,0.058044143
22329,0.028373713
22330,0.055500742
22331,0.098981366
22332,0.022016626
22333,0.0735717
22334,0.0071223476
22335,0.01421923
22336,0.009889232
22337,0.018037066
22338,0.091046594
22339,0.012638732
22340,0.02479791
22341,0.022165423
22342,0.032982122
22343,0.06702378
22344,0.15116063
22345,0.22407416
22346,0.08191811
22347,0.5370165
22348,0.44543976
22349,0.22640336
22350,0.08257784
22351,0.025511198
22352,0.0333415
22353,0.07707426
22354,0.0118735535
22355,0.021619093
22356,0.9557693
22357,0.0512257
22358,0.016055644
22359,0.02846492
22360,0.07203799
22361,0.0882573
22362,0.028695814
22363,0.021465275
22364,0.039175443
22365,0.013158834
22366,0.014567746
22367,0.02728861
22368,0.067173384
22369,0.09506128
22370,0.5394969
22371,0.2723175
22372,0.12219827
22373,0.9557693
22374,0.25015894
22375,0.33420554
22376,0.16886823
22377,0.025084088
22378,0.04137988
22379,0.020389384
22380,0.0558761
22381,0.044418834
22382,0.033536993
22383,0.103290364
22384,0.36635965
22385,0.05400571
22386,0.22579156
22387,0.0071223476
22388,0.07913106
22389,0.1337919
22390,0.05809208
22391,0.17089145
22392,0.017194523
22393,0.0071223476
22394,0.041147973
22395,0.11765521
22396,0.9557693
22397,0.14514878
22398,0.4928378
22399,0.17322193
22400,0.2341948
22401,0.17283383
22402,0.102819815
22403,0.025224866
22404,0.013743616
22405,0.024256865
22406,0.027915223
22407,0.023872776
22408,0.12481156
22409,0.110679075
22410,0.016985908
22411,0.241862
22412,0.020146895
22413,0.04499906
22414,0.22647364
22415,0.007922235
22416,0.08776959
22417,0.15433449
22418,0.023872776
22419,0.10943301
22420,0.16280718
22421,0.05731931
22422,0.09188156
22423,0.01033226
22424,0.10064185
22425,0.06154221
22426,0.065877035
22427,0.08134445
22428,0.031180702
22429,0.0089379735
22430,0.07841323
22431,0.009460591
22432,0.10411013
22433,0.037627243
22434,0.016055644
22435,0.08835431
22436,0.027915223
22437,0.0431213
22438,0.03469886
22439,0.15283413
22440,0.30635503
22441,0.54147875
22442,0.1064835
22443,0.0071223476
22444,0.018037066
22445,0.026205717
22446,0.012616354
22447,0.041453928
22448,0.05343374
22449,0.010861789
22450,0.026923386
22451,0.013158834
22452,0.015066282
22453,0.013743616
22454,0.009889232
22455,0.08865965
22456,0.07613786
22457,0.4122468
22458,0.008468514
22459,0.0147924395
22460,0.012869265
22461,0.05187312
22462,0.11602552
22463,0.25285348
22464,0.11799995
22465,0.0071223476
22466,0.13660817
22467,0.0071223476
22468,0.016451012
22469,0.013971003
22470,0.044493094
22471,0.09163307
22472,0.05110772
22473,0.0071223476
22474,0.011247575
22475,0.22647364
22476,0.030865971
22477,0.0089379735
22478,0.009889232
22479,0.09413609
22480,0.0681773
22481,0.036779903
22482,0.010469167
22483,0.023872776
22484,0.032982122
22485,0.20920962
22486,0.034577623
22487,0.015594277
22488,0.05741314
22489,0.007313183
22490,0.07770889
22491,0.2825085
22492,0.041932385
22493,0.14229457
22494,0.07747681
22495,0.022253968
22496,0.026754502
22497,0.031732153
22498,0.025084088
22499,0.24878757
22500,0.015066282
22501,0.2056256
22502,0.022253968
22503,0.05034665
22504,0.084065534
22505,0.008076114
22506,0.33280516
22507,0.72057724
22508,0.10943301
22509,0.05962321
22510,0.007922235
22511,0.09369303
22512,0.02455387
22513,0.031350892
22514,0.08893783
22515,0.14506702
22516,0.09434395
22517,0.8611462
22518,0.059474666
22519,0.015594277
22520,0.05962321
22521,0.07360283
22522,0.013158834
22523,0.031613577
22524,0.08911945
22525,0.33584565
22526,0.034555845
22527,0.18928814
22528,0.020146895
22529,0.065463714
22530,0.09063237
22531,0.05275779
22532,0.0256922
22533,0.05018467
22534,0.041704744
22535,0.015594277
22536,0.019168993
22537,0.07706856
22538,0.011067602
22539,0.059527557
22540,0.021619093
22541,0.03761638
22542,0.013971003
22543,0.026205717
22544,0.09378478
22545,0.047565322
22546,0.038723744
22547,0.034585956
22548,0.013743616
22549,0.9557693
22550,0.02376619
22551,0.1337919
22552,0.060620017
22553,0.012424513
22554,0.03897697
22555,0.037805405
22556,0.013158834
22557,0.007422802
22558,0.22693123
22559,0.012638732
22560,0.015806224
22561,0.026452854
22562,0.10423743
22563,0.019915065
22564,0.011067602
22565,0.1258473
22566,0.012638732
22567,0.045544226
22568,0.0401666
22569,0.2578779
22570,0.023367975
22571,0.016989255
22572,0.016989255
22573,0.012638732
22574,0.08127313
22575,0.0071223476
22576,0.0071223476
22577,0.17283383
22578,0.059072264
22579,0.020919316
22580,0.0077645117
22581,0.056350823
22582,0.16216567
22583,0.046651877
22584,0.058044143
22585,0.105875514
22586,0.017194523
22587,0.0147924395
22588,0.040318042
22589,0.20417097
22590,0.13660817
22591,0.008697048
22592,0.013743616
22593,0.0203402
22594,0.012424513
22595,0.012424513
22596,0.013431989
22597,0.0115744015
22598,0.02728861
22599,0.015806224
22600,0.009460591
22601,0.013971003
22602,0.009889232
22603,0.020919316
22604,0.041704744
22605,0.059187952
22606,0.12132328
22607,0.061858922
22608,0.13363
22609,0.009460591
22610,0.010469167
22611,0.019168993
22612,0.013158834
22613,0.016989255
22614,0.0071223476
22615,0.02966834
22616,0.0071223476
22617,0.022906069
22618,0.007422802
22619,0.01421923
22620,0.009460591
22621,0.051108338
22622,0.018003544
22623,0.031180702
22624,0.012242398
22625,0.019292511
22626,0.014567746
22627,0.0077645117
22628,0.0071223476
22629,0.0077645117
22630,0.09780225
22631,0.034773666
22632,0.008697048
22633,0.0071223476
22634,0.011421778
22635,0.14066324
22636,0.010469167
22637,0.25872993
22638,0.037956502
22639,0.020460488
22640,0.0529719
22641,0.010469167
22642,0.06262839
22643,0.020146895
22644,0.089963935
22645,0.16748336
22646,0.007922235
22647,0.22336198
22648,0.0071223476
22649,0.025084088
22650,0.05884771
22651,0.0077645117
22652,0.011733236
22653,0.011247575
22654,0.063033745
22655,0.0071223476
22656,0.0071223476
22657,0.085173234
22658,0.09950823
22659,0.0071223476
22660,0.12704875
22661,0.018695576
22662,0.0256922
22663,0.015066282
22664,0.021619093
22665,0.016989255
22666,0.0077645117
22667,0.04928412
22668,0.018896038
22669,0.01421923
22670,0.026923386
22671,0.021112768
22672,0.011247575
22673,0.012638732
22674,0.015806224
22675,0.013158834
22676,0.18876942
22677,0.23641197
22678,0.021619093
22679,0.09401604
22680,0.007922235
22681,0.028076636
22682,0.041453928
22683,0.13275361
22684,0.035130884
22685,0.15893053
22686,0.026689762
22687,0.16930577
22688,0.0076609217
22689,0.105707146
22690,0.009460591
22691,0.1011337
22692,0.09031825
22693,0.041345254
22694,0.22291747
22695,0.30329815
22696,0.1149838
22697,0.21616377
22698,0.023872776
22699,0.07602178
22700,0.029275881
22701,0.017342618
22702,0.0147924395
22703,0.092821814
22704,0.028160166
22705,0.61167705
22706,0.15766186
22707,0.041553102
22708,0.09174326
22709,0.073581025
22710,0.022165423
22711,0.032440685
22712,0.016798863
22713,0.025910245
22714,0.043662295
22715,0.11791464
22716,0.36139992
22717,0.3675249
22718,0.016451012
22719,0.07143736
22720,0.20215705
22721,0.12618232
22722,0.007268069
22723,0.0694207
22724,0.071668126
22725,0.036912218
22726,0.02317973
22727,0.3218268
22728,0.035760175
22729,0.21586622
22730,0.33483344
22731,0.12732695
22732,0.41335335
22733,0.05034665
22734,0.53143966
22735,0.048374992
22736,0.030191375
22737,0.09801427
22738,0.17628382
22739,0.051236343
22740,0.010649303
22741,0.034405246
22742,0.011544172
22743,0.3293794
22744,0.025078436
22745,0.05528611
22746,0.13563827
22747,0.090394825
22748,0.103473365
22749,0.03713947
22750,0.024271188
22751,0.03199675
22752,0.08096782
22753,0.15683363
22754,0.02455387
22755,0.13363
22756,0.050659753
22757,0.058596123
22758,0.22693123
22759,0.10136124
22760,0.079472415
22761,0.33617258
22762,0.29256296
22763,0.010861789
22764,0.007268069
22765,0.10510286
22766,0.027238807
22767,0.013158834
22768,0.0071223476
22769,0.034980204
22770,0.09655748
22771,0.058958326
22772,0.14571339
22773,0.18586911
22774,0.0115744015
22775,0.01665038
22776,0.0071223476
22777,0.03729047
22778,0.009676807
22779,0.032430008
22780,0.019915065
22781,0.05005079
22782,0.27372772
22783,0.009329261
22784,0.029245926
22785,0.11152262
22786,0.046317227
22787,0.16563077
22788,0.48189652
22789,0.124541104
22790,0.042587113
22791,0.018493215
22792,0.03337158
22793,0.0333415
22794,0.07412481
22795,0.0071223476
22796,0.015594277
22797,0.13695735
22798,0.19323002
22799,0.042357083
22800,0.10464826
22801,0.06904053
22802,0.011733236
22803,0.0707068
22804,0.045877688
22805,0.034002893
22806,0.031613577
22807,0.0071223476
22808,0.13881262
22809,0.06503536
22810,0.09021749
22811,0.016055644
22812,0.03429639
22813,0.016055644
22814,0.009460591
22815,0.008468514
22816,0.027472558
22817,0.027915223
22818,0.02877387
22819,0.17972818
22820,0.20264289
22821,0.07480886
22822,0.0333415
22823,0.011067602
22824,0.05919202
22825,0.03874272
22826,0.013158834
22827,0.062420804
22828,0.021619093
22829,0.06444026
22830,0.22146821
22831,0.029916111
22832,0.03913893
22833,0.0532223
22834,0.0071223476
22835,0.09574332
22836,0.05110772
22837,0.13219935
22838,0.08663128
22839,0.109111965
22840,0.0707028
22841,0.02877387
22842,0.03913893
22843,0.041932385
22844,0.04842642
22845,0.111307986
22846,0.047615286
22847,0.4811994
22848,0.102342166
22849,0.020919316
22850,0.11165077
22851,0.009477521
22852,0.04499906
22853,0.018896038
22854,0.013158834
22855,0.08079813
22856,0.019168993
22857,0.011733236
22858,0.026923386
22859,0.10880857
22860,0.09919896
22861,0.05055091
22862,0.062121965
22863,0.11402008
22864,0.13814488
22865,0.27538022
22866,0.06179899
22867,0.016989255
22868,0.05866706
22869,0.01421923
22870,0.034849502
22871,0.05400571
22872,0.054735865
22873,0.12217418
22874,0.035871822
22875,0.066819295
22876,0.034577623
22877,0.05018467
22878,0.026689762
22879,0.14948964
22880,0.007589356
22881,0.040969517
22882,0.029916111
22883,0.0071223476
22884,0.05275779
22885,0.032430008
22886,0.07706856
22887,0.09574332
22888,0.087618545
22889,0.07197811
22890,0.1656544
22891,0.1258473
22892,0.1752628
22893,0.0071223476
22894,0.09801427
22895,0.0071223476
22896,0.052673124
22897,0.030316873
22898,0.058959868
22899,0.04142281
22900,0.021881063
22901,0.04499906
22902,0.007514238
22903,0.034849502
22904,0.03874272
22905,0.026689762
22906,0.07706856
22907,0.0147924395
22908,0.0071223476
22909,0.11842156
22910,0.021619093
22911,0.030466871
22912,0.12324507
22913,0.034849502
22914,0.15104051
22915,0.30329815
22916,0.09506128
22917,0.09780225
22918,0.06037711
22919,0.09419399
22920,0.073219895
22921,0.07747681
22922,0.064835265
22923,0.009889232
22924,0.33348715
22925,0.12876377
22926,0.07984693
22927,0.05187312
22928,0.040463906
22929,0.023872776
22930,0.012424513
22931,0.03705411
22932,0.007422802
22933,0.30261153
22934,0.047615286
22935,0.05331838
22936,0.09506128
22937,0.5388303
22938,0.08421753
22939,0.020389384
22940,0.14321257
22941,0.110697344
22942,0.20795071
22943,0.28286123
22944,0.02605961
22945,0.009460591
22946,0.025345946
22947,0.05334608
22948,0.11198746
22949,0.17713726
22950,0.032440685
22951,0.08911945
22952,0.04292522
22953,0.0654428
22954,0.0147924395
22955,0.031016055
22956,0.055936053
22957,0.009676807
22958,0.11402008
22959,0.120983765
22960,0.193994
22961,0.14289223
22962,0.016248172
22963,0.11311065
22964,0.17283383
22965,0.21800843
22966,0.08096782
22967,0.016349446
22968,0.05775158
22969,0.52783966
22970,0.021881063
22971,0.08853432
22972,0.2809682
22973,0.1490058
22974,0.013431989
22975,0.0115744015
22976,0.0071223476
22977,0.06347335
22978,0.06326314
22979,0.20238663
22980,0.1917047
22981,0.010113833
22982,0.07627339
22983,0.054404374
22984,0.1337919
22985,0.17648782
22986,0.13007486
22987,0.14829545
22988,0.207815
22989,0.07889675
22990,0.08469597
22991,0.086109824
22992,0.0076609217
22993,0.23596272
22994,0.8821682
22995,0.09205658
22996,0.016798863
22997,0.33348715
22998,0.013158834
22999,0.037956502
23000,0.19802989
23001,0.015594277
23002,0.0115744015
23003,0.05641374
23004,0.05775158
23005,0.0071223476
23006,0.051879097
23007,0.0071223476
23008,0.41439593
23009,0.030799652
23010,0.0648385
23011,0.2294521
23012,0.12801622
23013,0.20795071
23014,0.28288466
23015,0.3594769
23016,0.14128958
23017,0.097681805
23018,0.11424236
23019,0.8790432
23020,0.32839155
23021,0.33610976
23022,0.04199725
23023,0.16005293
23024,0.161011
23025,0.03203909
23026,0.012242398
23027,0.0783421
23028,0.008468514
23029,0.008283394
23030,0.03804199
23031,0.06362804
23032,0.09801427
23033,0.072988786
23034,0.06636493
23035,0.09277241
23036,0.19805065
23037,0.1252849
23038,0.025084088
23039,0.13560684
23040,0.19450791
23041,0.01665038
23042,0.031016055
23043,0.9557693
23044,0.73774016
23045,0.61167705
23046,0.007268069
23047,0.012424513
23048,0.110679075
23049,0.36822465
23050,0.07747681
23051,0.0071223476
23052,0.030171907
23053,0.030799652
23054,0.008283394
23055,0.06787684
23056,0.080474265
23057,0.05525128
23058,0.0089379735
23059,0.36090526
23060,0.0071223476
23061,0.0071223476
23062,0.12537666
23063,0.15055935
23064,0.019714015
23065,0.0507165
23066,0.19539693
23067,0.08018
23068,0.025084088
23069,0.08903489
23070,0.10045204
23071,0.097681805
23072,0.9557693
23073,0.6270809
23074,0.64332044
23075,0.009889232
23076,0.027837979
23077,0.02479791
23078,0.38662857
23079,0.037761863
23080,0.17322193
23081,0.05741314
23082,0.097681805
23083,0.010861789
23084,0.10202858
23085,0.12202788
23086,0.14762104
23087,0.2109536
23088,0.35878167
23089,0.41439593
23090,0.14716661
23091,0.09603604
23092,0.040890023
23093,0.03729047
23094,0.07197811
23095,0.061476156
23096,0.030865971
23097,0.10859448
23098,0.20824634
23099,0.07129646
23100,0.120152086
23101,0.050894603
23102,0.7237283
23103,0.948318
23104,0.9557693
23105,0.25049275
23106,0.051719997
23107,0.12835988
23108,0.36058986
23109,0.020732481
23110,0.02479791
23111,0.101901546
23112,0.022427535
23113,0.20969303
23114,0.9557693
23115,0.058044143
23116,0.088146985
23117,0.07380294
23118,0.16563077
23119,0.061641682
23120,0.115998425
23121,0.15902722
23122,0.03262564
23123,0.060561363
23124,0.08999183
23125,0.05400571
23126,0.06453973
23127,0.12315359
23128,0.24213317
23129,0.3365292
23130,0.12226935
23131,0.090547696
23132,0.0071223476
23133,0.0392475
23134,0.03701706
23135,0.13825749
23136,0.02479791
23137,0.024404729
23138,0.029363044
23139,0.01665038
23140,0.019168993
23141,0.032440685
23142,0.030466871
23143,0.1532817
23144,0.45364964
23145,0.18586911
23146,0.16912346
23147,0.105372354
23148,0.18479967
23149,0.13028975
23150,0.60503304
23151,0.05018467
23152,0.029763589
23153,0.030464998
23154,0.07596861
23155,0.16563077
23156,0.17696282
23157,0.37718663
23158,0.22693123
23159,0.11541609
23160,0.94931483
23161,0.086433865
23162,0.014567746
23163,0.105493635
23164,0.13183233
23165,0.0071223476
23166,0.058895078
23167,0.1917275
23168,0.05034665
23169,0.018896038
23170,0.016055644
23171,0.033070844
23172,0.11019801
23173,0.26232985
23174,0.22858135
23175,0.26232985
23176,0.21197924
23177,0.1027991
23178,0.09755241
23179,0.23182845
23180,0.025084088
23181,0.16930577
23182,0.08469597
23183,0.015609109
23184,0.368439
23185,0.18832082
23186,0.0076609217
23187,0.360534
23188,0.22074777
23189,0.0071223476
23190,0.064806014
23191,0.05343374
23192,0.09310338
23193,0.007514238
23194,0.0115744015
23195,0.0071223476
23196,0.022458203
23197,0.0333415
23198,0.09655748
23199,0.10555214
23200,0.11034277
23201,0.29606366
23202,0.73231995
23203,0.2578779
23204,0.2578779
23205,0.38526744
23206,0.1409915
23207,0.030187983
23208,0.033126954
23209,0.0874208
23210,0.115276925
23211,0.22971278
23212,0.06561996
23213,0.067580454
23214,0.06692481
23215,0.07873498
23216,0.0089379735
23217,0.017194523
23218,0.06919042
23219,0.011067602
23220,0.03203909
23221,0.007922235
23222,0.09205658
23223,0.0071223476
23224,0.01665038
23225,0.032165255
23226,0.038597103
23227,0.071837135
23228,0.16974072
23229,0.1610386
23230,0.056980554
23231,0.48150104
23232,0.44543976
23233,0.20469643
23234,0.067758426
23235,0.040890023
23236,0.055213004
23237,0.07707426
23238,0.01421923
23239,0.008468514
23240,0.9557693
23241,0.034980204
23242,0.0118735535
23243,0.094973564
23244,0.048930354
23245,0.09620282
23246,0.028695814
23247,0.039910708
23248,0.01665038
23249,0.007514238
23250,0.011733236
23251,0.0077645117
23252,0.03516102
23253,0.06488646
23254,0.105707146
23255,0.55306375
23256,0.21315268
23257,0.14975193
23258,0.9557693
23259,0.29287928
23260,0.359894
23261,0.15740913
23262,0.0071223476
23263,0.022856064
23264,0.021619093
23265,0.089029126
23266,0.032440685
23267,0.026923386
23268,0.041932385
23269,0.35911417
23270,0.08446239
23271,0.22407416
23272,0.026689762
23273,0.10880857
23274,0.13007486
23275,0.1218344
23276,0.16649893
23277,0.0126362825
23278,0.0071223476
23279,0.025084088
23280,0.009329261
23281,0.02728861
23282,0.12801622
23283,0.9557693
23284,0.20404552
23285,0.4928378
23286,0.1979531
23287,0.2597711
23288,0.1469049
23289,0.15263344
23290,0.017533114
23291,0.013743616
23292,0.017810684
23293,0.013158834
23294,0.023872776
23295,0.076362655
23296,0.098981366
23297,0.06852568
23298,0.15709694
23299,0.008697048
23300,0.05055091
23301,0.010469167
23302,0.24254878
23303,0.008076114
23304,0.090397514
23305,0.17092489
23306,0.04332302
23307,0.07009197
23308,0.16563077
23309,0.06826356
23310,0.06547794
23311,0.02479791
23312,0.10332953
23313,0.07143736
23314,0.013158834
23315,0.10011272
23316,0.06278003
23317,0.018896038
23318,0.0071223476
23319,0.113699555
23320,0.009460591
23321,0.009122779
23322,0.015806224
23323,0.030283151
23324,0.043930393
23325,0.08257784
23326,0.043739703
23327,0.036112435
23328,0.008076114
23329,0.059400983
23330,0.18144599
23331,0.2806508
23332,0.5524287
23333,0.12273633
23334,0.04725375
23335,0.016798863
23336,0.06419595
23337,0.086433865
23338,0.011733236
23339,0.026923386
23340,0.0071223476
23341,0.010649303
23342,0.017416835
23343,0.009889232
23344,0.007922235
23345,0.073010586
23346,0.079943515
23347,0.3591618
23348,0.0071223476
23349,0.009676807
23350,0.019168993
23351,0.056350823
23352,0.11021477
23353,0.30496663
23354,0.13131656
23355,0.13316564
23356,0.02609132
23357,0.013971003
23358,0.12002234
23359,0.10442759
23360,0.061402626
23361,0.011733236
23362,0.018695576
23363,0.016989255
23364,0.22456957
23365,0.030865971
23366,0.019168993
23367,0.010113833
23368,0.007268069
23369,0.1089364
23370,0.04842642
23371,0.0532223
23372,0.013431989
23373,0.03203909
23374,0.015110308
23375,0.22741404
23376,0.026923386
23377,0.009889232
23378,0.07262022
23379,0.034773666
23380,0.03761638
23381,0.1979531
23382,0.038182136
23383,0.115162246
23384,0.059765004
23385,0.025084088
23386,0.04199725
23387,0.009007812
23388,0.024171002
23389,0.047455896
23390,0.21014436
23391,0.16478567
23392,0.020146895
23393,0.05187312
23394,0.06503536
23395,0.0077645117
23396,0.009329261
23397,0.3594769
23398,0.7088251
23399,0.07841323
23400,0.057899885
23401,0.101901546
23402,0.106493145
23403,0.03897697
23404,0.12324507
23405,0.14337018
23406,0.086109824
23407,0.8845254
23408,0.032982122
23409,0.01033226
23410,0.050331917
23411,0.026754502
23412,0.04199725
23413,0.017810684
23414,0.11464
23415,0.3602093
23416,0.080474265
23417,0.16563077
23418,0.0115744015
23419,0.03947246
23420,0.089738004
23421,0.033536527
23422,0.027915223
23423,0.03729047
23424,0.034555845
23425,0.0071223476
23426,0.019168993
23427,0.05034665
23428,0.023872776
23429,0.12599532
23430,0.007268069
23431,0.037956502
23432,0.013971003
23433,0.031613577
23434,0.07613786
23435,0.053332333
23436,0.007589356
23437,0.007268069
23438,0.9557693
23439,0.017194523
23440,0.1027991
23441,0.048711315
23442,0.007922235
23443,0.066654734
23444,0.039175443
23445,0.013158834
23446,0.008468514
23447,0.2822051
23448,0.0071223476
23449,0.015806224
23450,0.027915223
23451,0.11416531
23452,0.0071223476
23453,0.117205165
23454,0.031613577
23455,0.009460591
23456,0.037805405
23457,0.21299893
23458,0.016989255
23459,0.022906069
23460,0.065588415
23461,0.016055644
23462,0.16930577
23463,0.05334608
23464,0.0071223476
23465,0.0077645117
23466,0.080474265
23467,0.16498768
23468,0.09506128
23469,0.035130884
23470,0.07587937
23471,0.013826333
23472,0.055753794
23473,0.0147924395
23474,0.03729047
23475,0.18876942
23476,0.16976099
23477,0.008697048
23478,0.029283045
23479,0.013431989
23480,0.0071223476
23481,0.013431989
23482,0.035095565
23483,0.01665038
23484,0.0071223476
23485,0.009676807
23486,0.0115744015
23487,0.02535469
23488,0.016989255
23489,0.07627339
23490,0.048711315
23491,0.120152086
23492,0.01033226
23493,0.060815156
23494,0.20186292
23495,0.011733236
23496,0.010469167
23497,0.03932529
23498,0.019168993
23499,0.013158834
23500,0.027194472
23501,0.012638732
23502,0.018695576
23503,0.012242398
23504,0.01421923
23505,0.009460591
23506,0.008283394
23507,0.077717744
23508,0.007955469
23509,0.027527144
23510,0.009676807
23511,0.012638732
23512,0.0077645117
23513,0.15313391
23514,0.012424513
23515,0.06860894
23516,0.008697048
23517,0.009676807
23518,0.026689762
23519,0.101901546
23520,0.0071223476
23521,0.010469167
23522,0.3238927
23523,0.05018467
23524,0.014943641
23525,0.061789762
23526,0.012638732
23527,0.010649303
23528,0.06488646
23529,0.022253968
23530,0.11311065
23531,0.101688765
23532,0.18078008
23533,0.015594277
23534,0.022253968
23535,0.025084088
23536,0.024021912
23537,0.0077645117
23538,0.008468514
23539,0.011247575
23540,0.040920317
23541,0.0071223476
23542,0.0071223476
23543,0.085173234
23544,0.037956502
23545,0.17576866
23546,0.013431989
23547,0.0077645117
23548,0.0071223476
23549,0.010861789
23550,0.01421923
23551,0.06296405
23552,0.016989255
23553,0.016798863
23554,0.021619093
23555,0.039959032
23556,0.011247575
23557,0.012638732
23558,0.028494857
23559,0.050732538
23560,0.19323002
23561,0.18859327
23562,0.0071223476
23563,0.087034225
23564,0.019168993
23565,0.05860118
23566,0.11402754
23567,0.041704744
23568,0.03761638
23569,0.03038658
23570,0.03706179
23571,0.019037876
23572,0.14249825
23573,0.043580536
23574,0.05719929
23575,0.026689762
23576,0.18547785
23577,0.022165423
23578,0.048271324
23579,0.1293893
23580,0.16276169
23581,0.06326314
23582,0.14281282
23583,0.063838765
23584,0.3594769
23585,0.117205165
23586,0.19746533
23587,0.05110772
23588,0.07355191
23589,0.022427535
23590,0.018493215
23591,0.082679026
23592,0.023367975
23593,0.8762977
23594,0.2056256
23595,0.037956502
23596,0.014795896
23597,0.08333161
23598,0.02522216
23599,0.026923386
23600,0.022427535
23601,0.015461268
23602,0.11637695
23603,0.15458654
23604,0.45462587
23605,0.38526744
23606,0.016773716
23607,0.27653208
23608,0.09023605
23609,0.020389384
23610,0.05187312
23611,0.032165255
23612,0.06919042
23613,0.058706712
23614,0.03203909
23615,0.33280516
23616,0.16563077
23617,0.20186292
23618,0.5997324
23619,0.10143805
23620,0.4811994
23621,0.016989255
23622,0.03729047
23623,0.5387143
23624,0.053436495
23625,0.06890961
23626,0.018896038
23627,0.09655748
23628,0.119683824
23629,0.093789585
23630,0.084318034
23631,0.029363044
23632,0.08135384
23633,0.31951174
23634,0.06326314
23635,0.04211441
23636,0.05775158
23637,0.097860344
23638,0.099653296
23639,0.02548297
23640,0.029096102
23641,0.03842166
23642,0.09965284
23643,0.048973374
23644,0.086343765
23645,0.20825934
23646,0.055382166
23647,0.11483699
23648,0.021881063
23649,0.041841198
23650,0.045332342
23651,0.013971003
23652,0.3602093
23653,0.16216567
23654,0.04210611
23655,0.2690841
23656,0.38597623
23657,0.010861789
23658,0.007268069
23659,0.05233132
23660,0.0076609217
23661,0.013158834
23662,0.009329261
23663,0.06256053
23664,0.11673814
23665,0.25054312
23666,0.21628107
23667,0.01665038
23668,0.049796924
23669,0.022165423
23670,0.045877688
23671,0.030464998
23672,0.2898532
23673,0.0071223476
23674,0.02127834
23675,0.035779107
23676,0.06875583
23677,0.110520475
23678,0.36084947
23679,0.092291795
23680,0.05039225
23681,0.037831616
23682,0.084065534
23683,0.08222925
23684,0.01033226
23685,0.008697048
23686,0.03935699
23687,0.016989255
23688,0.094897896
23689,0.15119113
23690,0.058706712
23691,0.10987861
23692,0.09128972
23693,0.011733236
23694,0.04625411
23695,0.041962713
23696,0.017810684
23697,0.007589356
23698,0.0071223476
23699,0.10927229
23700,0.03651337
23701,0.104640886
23702,0.038157698
23703,0.031180702
23704,0.02479791
23705,0.012424513
23706,0.0077645117
23707,0.023872776
23708,0.025632272
23709,0.016055644
23710,0.021881063
23711,0.019565575
23712,0.15885
23713,0.19392675
23714,0.049872834
23715,0.008822591
23716,0.0313837
23717,0.10749133
23718,0.02577607
23719,0.092291795
23720,0.013158834
23721,0.036318656
23722,0.23952146
23723,0.018695576
23724,0.01665038
23725,0.050894603
23726,0.007422802
23727,0.07706856
23728,0.07898672
23729,0.14029214
23730,0.10889433
23731,0.08025959
23732,0.052208863
23733,0.06831235
23734,0.033880588
23735,0.082229264
23736,0.03897697
23737,0.076362655
23738,0.032590996
23739,0.38526744
23740,0.10749133
23741,0.07933424
23742,0.029245926
23743,0.020919316
23744,0.0071223476
23745,0.012638732
23746,0.05851865
23747,0.017810684
23748,0.02479791
23749,0.013158834
23750,0.018695576
23751,0.058959868
23752,0.08017033
23753,0.058044143
23754,0.09919896
23755,0.10602536
23756,0.113326125
23757,0.29050016
23758,0.054735865
23759,0.03411933
23760,0.048271324
23761,0.01421923
23762,0.030466871
23763,0.023872776
23764,0.0089379735
23765,0.045147188
23766,0.028923653
23767,0.1149838
23768,0.0407385
23769,0.08776959
23770,0.018896038
23771,0.036263283
23772,0.03976201
23773,0.0071223476
23774,0.13433129
23775,0.019168993
23776,0.045147188
23777,0.018695576
23778,0.0147924395
23779,0.04686308
23780,0.031613577
23781,0.0640679
23782,0.0983775
23783,0.09518144
23784,0.06636493
23785,0.20238663
23786,0.14386792
23787,0.17218679
23788,0.0071223476
23789,0.11152262
23790,0.0118735535
23791,0.07136669
23792,0.04262722
23793,0.064806014
23794,0.048161812
23795,0.015594277
23796,0.036872845
23797,0.04350634
23798,0.013158834
23799,0.058124047
23800,0.081729
23801,0.026689762
23802,0.0681773
23803,0.0256922
23804,0.012242398
23805,0.0071223476
23806,0.008468514
23807,0.08399943
23808,0.015594277
23809,0.022800637
23810,0.16216567
23811,0.076765604
23812,0.11382796
23813,0.30329815
23814,0.08134445
23815,0.10476825
23816,0.042779014
23817,0.07078203
23818,0.052208863
23819,0.08237161
23820,0.076765604
23821,0.0071223476
23822,0.019915065
23823,0.2109536
23824,0.0983775
23825,0.048271324
23826,0.027837979
23827,0.031495493
23828,0.018493215
23829,0.01665038
23830,0.018695576
23831,0.029916111
23832,0.022906069
23833,0.35386953
23834,0.06329311
23835,0.038597103
23836,0.124341354
23837,0.60243964
23838,0.04794812
23839,0.013743616
23840,0.14321257
23841,0.05187312
23842,0.19323002
23843,0.2821662
23844,0.040318042
23845,0.020146895
23846,0.038597103
23847,0.025078436
23848,0.14114024
23849,0.12811187
23850,0.014962537
23851,0.13772443
23852,0.04748983
23853,0.058295593
23854,0.009460591
23855,0.017810684
23856,0.027238807
23857,0.06329311
23858,0.014567746
23859,0.08999183
23860,0.13608176
23861,0.1752628
23862,0.105707146
23863,0.03700973
23864,0.09780225
23865,0.1601646
23866,0.24913505
23867,0.089029126
23868,0.010469167
23869,0.030466871
23870,0.03270255
23871,0.009889232
23872,0.043580536
23873,0.45364964
23874,0.03570942
23875,0.06168477
23876,0.2578779
23877,0.12490694
23878,0.040860765
23879,0.058596123
23880,0.05187312
23881,0.16353826
23882,0.20186219
23883,0.010113833
23884,0.07627339
23885,0.05775158
23886,0.14845942
23887,0.16567463
23888,0.105493635
23889,0.15911378
23890,0.20404552
23891,0.09833027
23892,0.0071223476
23893,0.059993252
23894,0.13833657
23895,0.019714015
23896,0.16441979
23897,0.9557693
23898,0.016989255
23899,0.346065
23900,0.008697048
23901,0.0596951
23902,0.2392182
23903,0.010861789
23904,0.030466871
23905,0.05187312
23906,0.013158834
23907,0.040318042
23908,0.0071223476
23909,0.4540377
23910,0.030799652
23911,0.092291795
23912,0.2419026
23913,0.1149838
23914,0.18878755
23915,0.30758476
23916,0.4122468
23917,0.2267035
23918,0.10731528
23919,0.12960246
23920,0.8790432
23921,0.2910767
23922,0.35846666
23923,0.007422802
23924,0.023872776
23925,0.11946763
23926,0.05187312
23927,0.012638732
23928,0.009329261
23929,0.0333415
23930,0.008468514
23931,0.008283394
23932,0.052421875
23933,0.06456517
23934,0.07841323
23935,0.10411013
23936,0.072988786
23937,0.07487976
23938,0.1826087
23939,0.15949966
23940,0.011247575
23941,0.09696276
23942,0.30396503
23943,0.01665038
23944,0.042398345
23945,0.9557693
23946,0.8821682
23947,0.64332044
23948,0.0071223476
23949,0.11311065
23950,0.36054218
23951,0.056849957
23952,0.0071223476
23953,0.059897624
23954,0.008283394
23955,0.052208863
23956,0.027238807
23957,0.03074229
23958,0.0089379735
23959,0.33488822
23960,0.0071223476
23961,0.01963433
23962,0.10032518
23963,0.122606896
23964,0.036263283
23965,0.05889001
23966,0.17927493
23967,0.09227405
23968,0.026689762
23969,0.072969005
23970,0.12801622
23971,0.0735717
23972,0.9557693
23973,0.73439205
23974,0.61167705
23975,0.007922235
23976,0.016349446
23977,0.019168993
23978,0.34775376
23979,0.045923736
23980,0.20920962
23981,0.016989255
23982,0.049368046
23983,0.01963433
23984,0.1337919
23985,0.18043846
23986,0.116522506
23987,0.3982438
23988,0.3453766
23989,0.49427637
23990,0.14281847
23991,0.13842006
23992,0.0654428
23993,0.05712605
23994,0.106697194
23995,0.0968945
23996,0.0532223
23997,0.11464
23998,0.16930577
23999,0.08336282
24000,0.09518144
24001,0.024006262
24002,0.8821682
24003,0.948318
24004,0.9557693
24005,0.21581726
24006,0.048273798
24007,0.09426548
24008,0.27548108
24009,0.016989255
24010,0.009889232
24011,0.012638732
24012,0.0532223
24013,0.09021749
24014,0.04727837
24015,0.1639735
24016,0.9557693
24017,0.017342618
24018,0.05866706
24019,0.09457966
24020,0.12024707
24021,0.08726836
24022,0.18726595
24023,0.17576866
24024,0.010840808
24025,0.054588024
24026,0.08928277
24027,0.07487976
24028,0.022165423
24029,0.03203909
24030,0.24213317
24031,0.2578779
24032,0.21145779
24033,0.11673814
24034,0.06154221
24035,0.010113833
24036,0.10555214
24037,0.14058398
24038,0.026452854
24039,0.050581496
24040,0.0313837
24041,0.0071223476
24042,0.020543857
24043,0.041704744
24044,0.17496373
24045,0.41367263
24046,0.15161979
24047,0.14167662
24048,0.07487976
24049,0.14307295
24050,0.1625152
24051,0.7198559
24052,0.02846492
24053,0.030191375
24054,0.058596123
24055,0.020146895
24056,0.17666216
24057,0.24378279
24058,0.22975299
24059,0.38597623
24060,0.24213317
24061,0.19775836
24062,0.94931483
24063,0.1434375
24064,0.013431989
24065,0.14386792
24066,0.1466001
24067,0.025084088
24068,0.031016055
24069,0.19815466
24070,0.05018467
24071,0.017810684
24072,0.03935699
24073,0.02728861
24074,0.12117711
24075,0.30528596
24076,0.26911753
24077,0.30496663
24078,0.22693123
24079,0.115351744
24080,0.08166707
24081,0.17499529
24082,0.0071223476
24083,0.18876942
24084,0.027837979
24085,0.04690973
24086,0.33483344
24087,0.18832082
24088,0.032982122
24089,0.41439593
24090,0.22693123
24091,0.0071223476
24092,0.067947276
24093,0.08217199
24094,0.085173234
24095,0.010861789
24096,0.042248193
24097,0.026754502
24098,0.09144273
24099,0.058811415
24100,0.15537483
24101,0.31167397
24102,0.6428819
24103,0.3221503
24104,0.2213802
24105,0.38526744
24106,0.10064185
24107,0.061169088
24108,0.045478903
24109,0.14297605
24110,0.18928814
24111,0.038597103
24112,0.037646584
24113,0.09523939
24114,0.11686688
24115,0.016055644
24116,0.0071223476
24117,0.025196683
24118,0.03427058
24119,0.042475946
24120,0.019168993
24121,0.04033368
24122,0.018493215
24123,0.012638732
24124,0.028373713
24125,0.05334608
24126,0.037956502
24127,0.055382166
24128,0.15116063
24129,0.13309908
24130,0.07882069
24131,0.52783966
24132,0.49031565
24133,0.28161457
24134,0.1346766
24135,0.064835265
24136,0.0908864
24137,0.01421923
24138,0.013158834
24139,0.9557693
24140,0.048273798
24141,0.018493215
24142,0.10798532
24143,0.022800637
24144,0.040207095
24145,0.02479791
24146,0.065989666
24147,0.010469167
24148,0.024021912
24149,0.0071223476
24150,0.02452725
24151,0.0071223476
24152,0.039868943
24153,0.08421753
24154,0.088146985
24155,0.5394969
24156,0.2035387
24157,0.141637
24158,0.9557693
24159,0.34151796
24160,0.3602093
24161,0.15433449
24162,0.0327892
24163,0.0071223476
24164,0.025078436
24165,0.010862359
24166,0.029943487
24167,0.033070844
24168,0.084065534
24169,0.35911417
24170,0.08312953
24171,0.25443557
24172,0.038157698
24173,0.058706712
24174,0.13212109
24175,0.105493635
24176,0.15567698
24177,0.007514238
24178,0.047645777
24179,0.10710147
24180,0.9557693
24181,0.20758997
24182,0.4928378
24183,0.17322193
24184,0.303404
24185,0.13506122
24186,0.110679075
24187,0.016349446
24188,0.008283394
24189,0.023872776
24190,0.11464
24191,0.10011272
24192,0.055396363
24193,0.17188206
24194,0.020146895
24195,0.052673124
24196,0.013743616
24197,0.18858029
24198,0.019168993
24199,0.016055644
24200,0.10731528
24201,0.16886823
24202,0.018896038
24203,0.086109824
24204,0.10700192
24205,0.029123008
24206,0.103473365
24207,0.008468514
24208,0.084948614
24209,0.08983829
24210,0.02479791
24211,0.10136124
24212,0.097681805
24213,0.043298095
24214,0.0089379735
24215,0.16167983
24216,0.009460591
24217,0.047998853
24218,0.009460591
24219,0.013431989
24220,0.101688765
24221,0.03706179
24222,0.03713947
24223,0.04361091
24224,0.18144599
24225,0.32862788
24226,0.53961766
24227,0.111307986
24228,0.013158834
24229,0.011733236
24230,0.021881063
24231,0.034773666
24232,0.07864552
24233,0.16280718
24234,0.0071223476
24235,0.018695576
24236,0.012869265
24237,0.009889232
24238,0.017810684
24239,0.0071223476
24240,0.028953599
24241,0.008076114
24242,0.0656107
24243,0.05534041
24244,0.29606366
24245,0.02317973
24246,0.013158834
24247,0.013158834
24248,0.037956502
24249,0.09401604
24250,0.30496663
24251,0.10442759
24252,0.013158834
24253,0.0115744015
24254,0.14229457
24255,0.013158834
24256,0.015989471
24257,0.013971003
24258,0.044493094
24259,0.12985797
24260,0.037956502
24261,0.018695576
24262,0.0071223476
24263,0.22693123
24264,0.030865971
24265,0.011067602
24266,0.0089379735
24267,0.14074686
24268,0.036263283
24269,0.041630678
24270,0.0147924395
24271,0.028695814
24272,0.034555845
24273,0.15027048
24274,0.024006262
24275,0.04947757
24276,0.02031194
24277,0.031809058
24278,0.052208863
24279,0.21628107
24280,0.056350823
24281,0.18197818
24282,0.056043066
24283,0.028373713
24284,0.010872553
24285,0.010000417
24286,0.019915065
24287,0.22074777
24288,0.13388804
24289,0.019915065
24290,0.052673124
24291,0.048711315
24292,0.009329261
24293,0.34570587
24294,0.60037947
24295,0.088794604
24296,0.060046233
24297,0.0071223476
24298,0.11485527
24299,0.06456517
24300,0.032590996
24301,0.1258473
24302,0.08562706
24303,0.08134445
24304,0.8824818
24305,0.015806224
24306,0.0976304
24307,0.0147924395
24308,0.1210294
24309,0.061020322
24310,0.03352102
24311,0.024256865
24312,0.11946763
24313,0.31559128
24314,0.07627339
24315,0.14597534
24316,0.023872776
24317,0.029390233
24318,0.089029126
24319,0.018493215
24320,0.02728861
24321,0.040890023
24322,0.037956502
24323,0.01963433
24324,0.015806224
24325,0.055936053
24326,0.031046066
24327,0.084155455
24328,0.02114934
24329,0.022165423
24330,0.024530547
24331,0.09515314
24332,0.08199622
24333,0.029088048
24334,0.013743616
24335,0.9557693
24336,0.011255135
24337,0.13169715
24338,0.06104343
24339,0.034577623
24340,0.056225903
24341,0.04262722
24342,0.0071223476
24343,0.25054312
24344,0.023872776
24345,0.015806224
24346,0.034577623
24347,0.16079248
24348,0.007268069
24349,0.011067602
24350,0.07439094
24351,0.02479791
24352,0.009722009
24353,0.2578779
24354,0.038919576
24355,0.016989255
24356,0.0071223476
24357,0.019381039
24358,0.010113833
24359,0.05524733
24360,0.022458203
24361,0.1652662
24362,0.073219895
24363,0.0077645117
24364,0.06890961
24365,0.14845942
24366,0.105707146
24367,0.09574332
24368,0.060675457
24369,0.034849502
24370,0.0147924395
24371,0.029913513
24372,0.15980014
24373,0.20190136
24374,0.008697048
24375,0.044311706
24376,0.013158834
24377,0.012424513
24378,0.013431989
24379,0.0071223476
24380,0.008283394
24381,0.015806224
24382,0.009676807
24383,0.0147924395
24384,0.022906069
24385,0.0071223476
24386,0.008468514
24387,0.052243512
24388,0.034849502
24389,0.13212109
24390,0.0071223476
24391,0.037469607
24392,0.009122779
24393,0.22456957
24394,0.008697048
24395,0.052421875
24396,0.0071223476
24397,0.02114934
24398,0.04788937
24399,0.013158834
24400,0.0071223476
24401,0.030175522
24402,0.01421923
24403,0.009460591
24404,0.008283394
24405,0.096403755
24406,0.059400983
24407,0.027915223
24408,0.0071223476
24409,0.033472836
24410,0.028953599
24411,0.025613215
24412,0.03128002
24413,0.013158834
24414,0.1596484
24415,0.022458203
24416,0.036155667
24417,0.008697048
24418,0.009676807
24419,0.016798863
24420,0.011733236
24421,0.0071223476
24422,0.05866706
24423,0.0071223476
24424,0.012424513
24425,0.010469167
24426,0.009676807
24427,0.34747934
24428,0.055936053
24429,0.07220899
24430,0.12108387
24431,0.0071223476
24432,0.04292522
24433,0.025084088
24434,0.14337018
24435,0.12801622
24436,0.18859327
24437,0.0115744015
24438,0.027915223
24439,0.048973374
24440,0.025196683
24441,0.016989255
24442,0.02114934
24443,0.008697048
24444,0.04632268
24445,0.0071223476
24446,0.007422802
24447,0.087746754
24448,0.086343765
24449,0.030464998
24450,0.19746533
24451,0.013431989
24452,0.02728861
24453,0.014567746
24454,0.019168993
24455,0.030466871
24456,0.010649303
24457,0.030799652
24458,0.010660635
24459,0.011247575
24460,0.022458203
24461,0.1917275
24462,0.16505629
24463,0.018695576
24464,0.105707146
24465,0.05005079
24466,0.06426969
24467,0.06695485
24468,0.041704744
24469,0.029913513
24470,0.029913513
24471,0.009329261
24472,0.25118303
24473,0.089738004
24474,0.029108964
24475,0.090138376
24476,0.055403616
24477,0.007313183
24478,0.01421923
24479,0.128109
24480,0.010109682
24481,0.22998129
24482,0.031666435
24483,0.17593938
24484,0.024530547
24485,0.023872776
24486,0.15723777
24487,0.026784385
24488,0.04690973
24489,0.0115744015
24490,0.09949629
24491,0.0118735535
24492,0.61124706
24493,0.16700102
24494,0.041553102
24495,0.16231772
24496,0.06931652
24497,0.039326742
24498,0.0071223476
24499,0.013971003
24500,0.018889533
24501,0.14339054
24502,0.20142594
24503,0.31387997
24504,0.3602093
24505,0.041780714
24506,0.11673814
24507,0.21157326
24508,0.16477573
24509,0.009329261
24510,0.01421923
24511,0.089029126
24512,0.04577711
24513,0.10411013
24514,0.14289223
24515,0.096585974
24516,0.3218268
24517,0.108342186
24518,0.2302777
24519,0.36816847
24520,0.15377043
24521,0.009329261
24522,0.34679016
24523,0.02728861
24524,0.018581482
24525,0.53143966
24526,0.11991292
24527,0.027837979
24528,0.0147924395
24529,0.11470767
24530,0.08776959
24531,0.03260607
24532,0.07551069
24533,0.030464998
24534,0.034405246
24535,0.094733134
24536,0.25054312
24537,0.031016055
24538,0.056901917
24539,0.061020322
24540,0.138177
24541,0.10249195
24542,0.029488489
24543,0.008675737
24544,0.03842166
24545,0.09329939
24546,0.024676895
24547,0.0076609217
24548,0.16691425
24549,0.040318042
24550,0.18858029
24551,0.015066282
24552,0.032165255
24553,0.0147924395
24554,0.033880588
24555,0.022458203
24556,0.016055644
24557,0.3602093
24558,0.10840152
24559,0.10880857
24560,0.1299135
24561,0.31915966
24562,0.051407192
24563,0.032982122
24564,0.008314436
24565,0.0985315
24566,0.057265084
24567,0.17972818
24568,0.20135364
24569,0.01665038
24570,0.009870425
24571,0.041932385
24572,0.009676807
24573,0.018896038
24574,0.26939467
24575,0.054477848
24576,0.011788357
24577,0.0071223476
24578,0.034737267
24579,0.0076609217
24580,0.024256865
24581,0.13115501
24582,0.36816847
24583,0.14362408
24584,0.072921745
24585,0.0071223476
24586,0.040860765
24587,0.075505
24588,0.08222925
24589,0.010113833
24590,0.02728861
24591,0.0071223476
24592,0.10466554
24593,0.1652662
24594,0.08776959
24595,0.08538538
24596,0.10017094
24597,0.011733236
24598,0.051747434
24599,0.050894603
24600,0.010113833
24601,0.029363044
24602,0.11833857
24603,0.059294242
24604,0.083031505
24605,0.021619093
24606,0.016055644
24607,0.020146895
24608,0.019168993
24609,0.011247575
24610,0.019168993
24611,0.04690973
24612,0.045038
24613,0.03516102
24614,0.030865971
24615,0.21171466
24616,0.2254588
24617,0.024804613
24618,0.045854997
24619,0.031180702
24620,0.06757801
24621,0.08815643
24622,0.07291607
24623,0.014567746
24624,0.013158834
24625,0.07143898
24626,0.23182845
24627,0.030191375
24628,0.014567746
24629,0.05593275
24630,0.007422802
24631,0.055936053
24632,0.062420804
24633,0.11968487
24634,0.09386442
24635,0.103361316
24636,0.07350089
24637,0.041858304
24638,0.029943487
24639,0.06695485
24640,0.036930844
24641,0.09986236
24642,0.082229264
24643,0.41335335
24644,0.055629272
24645,0.016989255
24646,0.12481156
24647,0.013180258
24648,0.029913513
24649,0.016055644
24650,0.009460591
24651,0.012638732
24652,0.042438712
24653,0.04925842
24654,0.030187983
24655,0.029782873
24656,0.016055644
24657,0.022458203
24658,0.06433591
24659,0.102980025
24660,0.059474666
24661,0.066064596
24662,0.08072592
24663,0.13164417
24664,0.2997753
24665,0.070322454
24666,0.026689762
24667,0.08848261
24668,0.022253968
24669,0.050368138
24670,0.031180702
24671,0.02989046
24672,0.041453928
24673,0.13754335
24674,0.032440685
24675,0.122606896
24676,0.0327892
24677,0.031732153
24678,0.029657777
24679,0.008076114
24680,0.13061251
24681,0.011067602
24682,0.0940243
24683,0.009676807
24684,0.013431989
24685,0.017810684
24686,0.0327892
24687,0.05034665
24688,0.103290364
24689,0.08005268
24690,0.09655748
24691,0.18309969
24692,0.13843098
24693,0.193994
24694,0.0071223476
24695,0.07841323
24696,0.0071223476
24697,0.083760604
24698,0.04380975
24699,0.05201744
24700,0.011733236
24701,0.019422231
24702,0.07380294
24703,0.04632162
24704,0.03188894
24705,0.055382166
24706,0.06312498
24707,0.012242398
24708,0.11287267
24709,0.03203909
24710,0.014567746
24711,0.12729338
24712,0.014567746
24713,0.030466871
24714,0.1527364
24715,0.06382577
24716,0.098981366
24717,0.31559128
24718,0.08383209
24719,0.08962785
24720,0.043961722
24721,0.07968704
24722,0.058295593
24723,0.06193864
24724,0.0691199
24725,0.0071223476
24726,0.010113833
24727,0.038723744
24728,0.2809642
24729,0.052208863
24730,0.08609684
24731,0.03651337
24732,0.037435904
24733,0.018493215
24734,0.023872776
24735,0.030737018
24736,0.023617089
24737,0.3365292
24738,0.075505
24739,0.019240344
24740,0.061288435
24741,0.60243964
24742,0.06775136
24743,0.028494857
24744,0.1185198
24745,0.055382166
24746,0.21575779
24747,0.29139262
24748,0.066756025
24749,0.07291607
24750,0.014761606
24751,0.11198746
24752,0.1273053
24753,0.019565575
24754,0.14227761
24755,0.03348639
24756,0.009460591
24757,0.08800389
24758,0.022458203
24759,0.04928412
24760,0.0983775
24761,0.01438578
24762,0.10101245
24763,0.10389694
24764,0.17271717
24765,0.09919362
24766,0.024724683
24767,0.081677884
24768,0.15691465
24769,0.19715054
24770,0.0983775
24771,0.023034759
24772,0.07203799
24773,0.039868943
24774,0.0071223476
24775,0.07291607
24776,0.5370165
24777,0.013158834
24778,0.10025594
24779,0.29606366
24780,0.11999214
24781,0.05528611
24782,0.010861789
24783,0.03897697
24784,0.06503536
24785,0.185791
24786,0.20404552
24787,0.010113833
24788,0.082229264
24789,0.06531435
24790,0.13572735
24791,0.14948419
24792,0.08504533
24793,0.19746533
24794,0.20969303
24795,0.10893463
24796,0.054701477
24797,0.106697194
24798,0.039910708
24799,0.18586911
24800,0.9557693
24801,0.091046594
24802,0.04142281
24803,0.30359694
24804,0.05593275
24805,0.041453928
24806,0.20186292
24807,0.0071223476
24808,0.05889001
24809,0.06838516
24810,0.012242398
24811,0.071668126
24812,0.0071223476
24813,0.4461794
24814,0.018577999
24815,0.07130961
24816,0.22975299
24817,0.10136124
24818,0.19121478
24819,0.26189917
24820,0.40212244
24821,0.015290744
24822,0.15112431
24823,0.09369303
24824,0.08446239
24825,0.8790432
24826,0.29256296
24827,0.3365292
24828,0.007422802
24829,0.020146895
24830,0.14373289
24831,0.07770889
24832,0.022906069
24833,0.01963433
24834,0.0071223476
24835,0.03651337
24836,0.007589356
24837,0.008283394
24838,0.029088048
24839,0.06875583
24840,0.057265084
24841,0.08270545
24842,0.06154221
24843,0.10411013
24844,0.16152067
24845,0.13882357
24846,0.008468514
24847,0.1063621
24848,0.22693123
24849,0.0071223476
24850,0.04577711
24851,0.9557693
24852,0.9557693
24853,0.61167705
24854,0.021881063
24855,0.016055644
24856,0.10927229
24857,0.36054218
24858,0.08848261
24859,0.03761638
24860,0.055753794
24861,0.05187312
24862,0.03761638
24863,0.0089379735
24864,0.34747934
24865,0.013743616
24866,0.038157698
24867,0.063399
24868,0.0752734
24869,0.03074229
24870,0.06473578
24871,0.17410737
24872,0.12724282
24873,0.009889232
24874,0.07745695
24875,0.09518144
24876,0.06919042
24877,0.9557693
24878,0.7204453
24879,0.61167705
24880,0.0076609217
24881,0.024676895
24882,0.0089379735
24883,0.368439
24884,0.050331917
24885,0.21628107
24886,0.020389384
24887,0.09506128
24888,0.009889232
24889,0.17247365
24890,0.1118425
24891,0.09570193
24892,0.49289107
24893,0.33280516
24894,0.48189652
24895,0.16673829
24896,0.11034277
24897,0.05686179
24898,0.039326742
24899,0.09886079
24900,0.092908606
24901,0.041962713
24902,0.023367975
24903,0.15377043
24904,0.18928814
24905,0.07291607
24906,0.11517385
24907,0.019168993
24908,0.9465231
24909,0.948318
24910,0.9557693
24911,0.14762104
24912,0.041302323
24913,0.14797069
24914,0.34747934
24915,0.0071223476
24916,0.0071223476
24917,0.010469167
24918,0.01033226
24919,0.060754113
24920,0.04908297
24921,0.05341073
24922,0.18996178
24923,0.9557693
24924,0.04577711
24925,0.0510044
24926,0.06062426
24927,0.13636962
24928,0.056350823
24929,0.16673829
24930,0.16462334
24931,0.024200296
24932,0.072988786
24933,0.054238316
24934,0.08446239
24935,0.056901917
24936,0.026205717
24937,0.23472601
24938,0.21197924
24939,0.18928814
24940,0.10032518
24941,0.022906069
24942,0.029108964
24943,0.103955336
24944,0.20135364
24945,0.024676895
24946,0.06353051
24947,0.034577623
24948,0.0147924395
24949,0.02877387
24950,0.042398345
24951,0.15811191
24952,0.4097884
24953,0.19091603
24954,0.12943152
24955,0.0929766
24956,0.16930577
24957,0.1652662
24958,0.602314
24959,0.07380294
24960,0.037805405
24961,0.023367975
24962,0.16926074
24963,0.22921006
24964,0.2098098
24965,0.38597623
24966,0.29498503
24967,0.185791
24968,0.94931483
24969,0.1480844
24970,0.020389384
24971,0.1346766
24972,0.18197818
24973,0.029943487
24974,0.017533114
24975,0.22693123
24976,0.06503536
24977,0.037401725
24978,0.04450635
24979,0.0460273
24980,0.09976433
24981,0.2482693
24982,0.26911753
24983,0.32321566
24984,0.20468928
24985,0.1064835
24986,0.10136124
24987,0.19442686
24988,0.031180702
24989,0.20569596
24990,0.048711315
24991,0.049503278
24992,0.26779577
24993,0.22407416
24994,0.038182136
24995,0.36084947
24996,0.21197924
24997,0.0071223476
24998,0.06919042
24999,0.109896995
25000,0.028870061
25001,0.010861789
25002,0.011733236
25003,0.008697048
25004,0.049831524
25005,0.061573
25006,0.06623637
25007,0.06904053
25008,0.10214594
25009,0.30359694
25010,0.71881056
25011,0.29606366
25012,0.20549756
25013,0.38526744
25014,0.084318034
25015,0.06775136
25016,0.055530135
25017,0.13842006
25018,0.20186292
25019,0.032590996
25020,0.040453218
25021,0.0071223476
25022,0.13312532
25023,0.021880629
25024,0.016055644
25025,0.055067386
25026,0.056597315
25027,0.01421923
25028,0.0071223476
25029,0.0071223476
25030,0.019168993
25031,0.013743616
25032,0.031180702
25033,0.041704744
25034,0.035130884
25035,0.05034665
25036,0.19539693
25037,0.14757355
25038,0.07545543
25039,0.49031565
25040,0.44543976
25041,0.29803598
25042,0.12219827
25043,0.020692438
25044,0.015806224
25045,0.06147219
25046,0.14491776
25047,0.01421923
25048,0.009676807
25049,0.9557693
25050,0.08127313
25051,0.018493215
25052,0.0641251
25053,0.080474265
25054,0.12944557
25055,0.033070844
25056,0.027238807
25057,0.0071223476
25058,0.017384991
25059,0.024801005
25060,0.009460591
25061,0.042248193
25062,0.07050223
25063,0.09021749
25064,0.5394969
25065,0.21783252
25066,0.14891261
25067,0.9557693
25068,0.30635503
25069,0.34679016
25070,0.19763717
25071,0.0071223476
25072,0.0143655585
25073,0.022427535
25074,0.03882573
25075,0.028373713
25076,0.06062426
25077,0.4122468
25078,0.07913106
25079,0.22579156
25080,0.03270255
25081,0.0958311
25082,0.06884447
25083,0.10389694
25084,0.22975299
25085,0.007514238
25086,0.0071223476
25087,0.04521815
25088,0.1134845
25089,0.9557693
25090,0.15762445
25091,0.6055007
25092,0.24254878
25093,0.32880747
25094,0.1560126
25095,0.14929965
25096,0.034849502
25097,0.025511198
25098,0.0089379735
25099,0.010469167
25100,0.018896038
25101,0.023872776
25102,0.16216567
25103,0.10423743
25104,0.108615585
25105,0.26801062
25106,0.011421778
25107,0.06297595
25108,0.0071223476
25109,0.2578779
25110,0.0071223476
25111,0.013158834
25112,0.0752734
25113,0.20109136
25114,0.040860765
25115,0.0071223476
25116,0.113699555
25117,0.13179311
25118,0.042849608
25119,0.084661536
25120,0.024676895
25121,0.09537643
25122,0.11152262
25123,0.02479791
25124,0.12132328
25125,0.064081475
25126,0.04796649
25127,0.0374718
25128,0.0089379735
25129,0.13794415
25130,0.009460591
25131,0.09842894
25132,0.032430008
25133,0.023367975
25134,0.15104051
25135,0.01963433
25136,0.015461268
25137,0.0077645117
25138,0.050732538
25139,0.15507448
25140,0.28953764
25141,0.6055007
25142,0.12273633
25143,0.013158834
25144,0.009329261
25145,0.0071223476
25146,0.021881063
25147,0.04843366
25148,0.013158834
25149,0.042398345
25150,0.12326596
25151,0.0071223476
25152,0.008468514
25153,0.013158834
25154,0.016989255
25155,0.0089379735
25156,0.015806224
25157,0.10220426
25158,0.07325816
25159,0.3594769
25160,0.013158834
25161,0.0071223476
25162,0.020919316
25163,0.05110772
25164,0.11485527
25165,0.30496663
25166,0.13131656
25167,0.009460591
25168,0.1527438
25169,0.026089475
25170,0.030865971
25171,0.041453928
25172,0.15941517
25173,0.04928412
25174,0.012638732
25175,0.018695576
25176,0.011247575
25177,0.20468928
25178,0.030865971
25179,0.016055644
25180,0.0071223476
25181,0.12307639
25182,0.092291795
25183,0.06002739
25184,0.021619093
25185,0.020146895
25186,0.016599
25187,0.21563199
25188,0.03429639
25189,0.01421923
25190,0.014613888
25191,0.03955183
25192,0.039910708
25193,0.20521495
25194,0.039910708
25195,0.1613295
25196,0.08848261
25197,0.036543537
25198,0.062789395
25199,0.051546417
25200,0.019168993
25201,0.24213317
25202,0.015066282
25203,0.12490694
25204,0.021881063
25205,0.036930844
25206,0.07380294
25207,0.009329261
25208,0.34530884
25209,0.53685176
25210,0.08024159
25211,0.044108093
25212,0.122606896
25213,0.05550991
25214,0.042398345
25215,0.09933063
25216,0.106169544
25217,0.072685026
25218,0.8611462
25219,0.015806224
25220,0.071837135
25221,0.0071223476
25222,0.08484805
25223,0.0333415
25224,0.013158834
25225,0.022906069
25226,0.1134845
25227,0.3602093
25228,0.06995125
25229,0.14597534
25230,0.0071223476
25231,0.10504112
25232,0.0077645117
25233,0.089738004
25234,0.028695814
25235,0.0147924395
25236,0.032590996
25237,0.054735865
25238,0.023872776
25239,0.012242398
25240,0.080474265
25241,0.03312969
25242,0.12359976
25243,0.02728861
25244,0.012965923
25245,0.024256865
25246,0.0071223476
25247,0.09895297
25248,0.07180714
25249,0.020389384
25250,0.028373713
25251,0.9557693
25252,0.016201496
25253,0.12307639
25254,0.062167373
25255,0.0071223476
25256,0.041704744
25257,0.033472836
25258,0.013158834
25259,0.008697048
25260,0.24213317
25261,0.040453218
25262,0.007268069
25263,0.03595937
25264,0.16866069
25265,0.0071223476
25266,0.011067602
25267,0.057580527
25268,0.030191375
25269,0.020919316
25270,0.06426571
25271,0.22741404
25272,0.024676895
25273,0.016989255
25274,0.0071223476
25275,0.009329261
25276,0.0071223476
25277,0.0783421
25278,0.007922235
25279,0.024256865
25280,0.2272315
25281,0.04690973
25282,0.0071223476
25283,0.013158834
25284,0.062015533
25285,0.16216567
25286,0.119683824
25287,0.071668126
25288,0.0681773
25289,0.047455896
25290,0.031350892
25291,0.018896038
25292,0.060997736
25293,0.18806891
25294,0.16355842
25295,0.008697048
25296,0.046542536
25297,0.031004455
25298,0.009460591
25299,0.0071223476
25300,0.011247575
25301,0.008697048
25302,0.020490188
25303,0.015806224
25304,0.009460591
25305,0.0147924395
25306,0.0071223476
25307,0.009889232
25308,0.008076114
25309,0.008461238
25310,0.03897697
25311,0.09780225
25312,0.0071223476
25313,0.01033226
25314,0.111307986
25315,0.21315268
25316,0.045544226
25317,0.0071223476
25318,0.013971003
25319,0.023367975
25320,0.008468514
25321,0.0071223476
25322,0.013158834
25323,0.013743616
25324,0.009460591
25325,0.14849524
25326,0.04878724
25327,0.049901303
25328,0.012424513
25329,0.011461029
25330,0.008283394
25331,0.007922235
25332,0.012424513
25333,0.009460591
25334,0.18840434
25335,0.015806224
25336,0.05678024
25337,0.008697048
25338,0.009460591
25339,0.056901917
25340,0.011247575
25341,0.015806224
25342,0.040969517
25343,0.009676807
25344,0.34747934
25345,0.06599472
25346,0.054735865
25347,0.11175004
25348,0.07279374
25349,0.009329261
25350,0.011067602
25351,0.0071223476
25352,0.10563806
25353,0.016989255
25354,0.10389694
25355,0.20197892
25356,0.01421923
25357,0.06397033
25358,0.007514238
25359,0.05528611
25360,0.016055644
25361,0.0071223476
25362,0.037805405
25363,0.0089379735
25364,0.0071223476
25365,0.008697048
25366,0.08454253
25367,0.04824038
25368,0.024676895
25369,0.20540099
25370,0.02728861
25371,0.023094263
25372,0.0071223476
25373,0.008697048
25374,0.034629174
25375,0.045996852
25376,0.018896038
25377,0.013743616
25378,0.024530547
25379,0.036155667
25380,0.011247575
25381,0.0071223476
25382,0.0071223476
25383,0.20135364
25384,0.23008125
25385,0.021881063
25386,0.122606896
25387,0.019168993
25388,0.13506766
25389,0.012605361
25390,0.050683897
25391,0.012064141
25392,0.0322268
25393,0.0327892
25394,0.065349266
25395,0.014318932
25396,0.04281465
25397,0.035887502
25398,0.026261427
25399,0.16776249
25400,0.08013258
25401,0.068557814
25402,0.040168412
25403,0.15959942
25404,0.06532178
25405,0.091046594
25406,0.045302495
25407,0.18347874
25408,0.063421935
25409,0.25740877
25410,0.106594756
25411,0.22647364
25412,0.055459023
25413,0.024274692
25414,0.023343308
25415,0.035259392
25416,0.0118735535
25417,0.20122468
25418,0.53272605
25419,0.20540099
25420,0.04057316
25421,0.1083932
25422,0.04700806
25423,0.014610436
25424,0.05917437
25425,0.04057316
25426,0.033880588
25427,0.03522061
25428,0.09293067
25429,0.2050402
25430,0.47448382
25431,0.3670957
25432,0.04080056
25433,0.07044275
25434,0.19153194
25435,0.14094757
25436,0.009144417
25437,0.09063237
25438,0.07104282
25439,0.105510294
25440,0.04814189
25441,0.017811406
25442,0.2302777
25443,0.04666069
25444,0.16478567
25445,0.38591936
25446,0.13190833
25447,0.021650873
25448,0.359894
25449,0.06581435
25450,0.5387143
25451,0.08464143
25452,0.06328209
25453,0.026494961
25454,0.018791003
25455,0.023063065
25456,0.101581365
25457,0.083382405
25458,0.033939168
25459,0.048810977
25460,0.25629032
25461,0.0378222
25462,0.058582556
25463,0.053496707
25464,0.094672404
25465,0.09495211
25466,0.03522061
25467,0.038006764
25468,0.033536993
25469,0.054155327
25470,0.15481162
25471,0.20676708
25472,0.05375676
25473,0.013971003
25474,0.015751973
25475,0.359894
25476,0.15990096
25477,0.03342556
25478,0.24188666
25479,0.42898655
25480,0.1255378
25481,0.09220096
25482,0.017811406
25483,0.023343308
25484,0.03262847
25485,0.06158181
25486,0.1436009
25487,0.17343718
25488,0.3674303
25489,0.016319308
25490,0.029642006
25491,0.04281465
25492,0.021045646
25493,0.0071223476
25494,0.049211025
25495,0.22624514
25496,0.0071223476
25497,0.032387763
25498,0.011247575
25499,0.06389162
25500,0.016295167
25501,0.024274692
25502,0.1629955
25503,0.40212244
25504,0.13683213
25505,0.1150726
25506,0.01760922
25507,0.019168993
25508,0.054053254
25509,0.0851369
25510,0.026024617
25511,0.1464145
25512,0.10103579
25513,0.07096626
25514,0.08785076
25515,0.067795776
25516,0.045534607
25517,0.05067516
25518,0.022253968
25519,0.0327892
25520,0.0071223476
25521,0.13677798
25522,0.06412077
25523,0.057131693
25524,0.012064141
25525,0.023094263
25526,0.020389384
25527,0.032733865
25528,0.0071223476
25529,0.031180702
25530,0.05375676
25531,0.025390096
25532,0.017053679
25533,0.19763717
25534,0.26687565
25535,0.012414672
25536,0.03075745
25537,0.06557498
25538,0.13994642
25539,0.020389384
25540,0.08013258
25541,0.01438578
25542,0.0071223476
25543,0.22359544
25544,0.016658073
25545,0.007268069
25546,0.02492922
25547,0.007422802
25548,0.05953292
25549,0.0604163
25550,0.12202117
25551,0.11346139
25552,0.15949045
25553,0.049779058
25554,0.016863273
25555,0.019168993
25556,0.075900644
25557,0.042398345
25558,0.13296011
25559,0.07654027
25560,0.40912527
25561,0.059652742
25562,0.13406035
25563,0.06749756
25564,0.02939308
25565,0.018439706
25566,0.046201818
25567,0.016467743
25568,0.025903456
25569,0.068557814
25570,0.09032559
25571,0.06419879
25572,0.08213231
25573,0.07067897
25574,0.109261334
25575,0.34774792
25576,0.05271027
25577,0.030478481
25578,0.085694395
25579,0.01438578
25580,0.014928244
25581,0.069587775
25582,0.05818135
25583,0.12757738
25584,0.051966686
25585,0.13591103
25586,0.05346429
25587,0.039910708
25588,0.042532418
25589,0.16181853
25590,0.010887391
25591,0.01993469
25592,0.105510294
25593,0.009144417
25594,0.010681613
25595,0.024274692
25596,0.024001082
25597,0.043195553
25598,0.09324447
25599,0.09280143
25600,0.09405677
25601,0.15453576
25602,0.115750276
25603,0.22411413
25604,0.0071223476
25605,0.097634904
25606,0.054155327
25607,0.051890433
25608,0.035030976
25609,0.054526526
25610,0.030333742
25611,0.055459023
25612,0.050274555
25613,0.026261427
25614,0.074801974
25615,0.01970291
25616,0.13414453
25617,0.013743616
25618,0.032778807
25619,0.18723094
25620,0.06049447
25621,0.14304009
25622,0.3470265
25623,0.10992673
25624,0.12845726
25625,0.06012668
25626,0.03654178
25627,0.05686179
25628,0.07836064
25629,0.05763233
25630,0.056901917
25631,0.2956432
25632,0.06334593
25633,0.085694395
25634,0.08306628
25635,0.06881269
25636,0.023343308
25637,0.019168993
25638,0.027890045
25639,0.33610976
25640,0.060043022
25641,0.029913513
25642,0.07293754
25643,0.60243964
25644,0.065182075
25645,0.014610436
25646,0.10285877
25647,0.062729865
25648,0.19738328
25649,0.30246565
25650,0.07190334
25651,0.025390096
25652,0.032387763
25653,0.12757738
25654,0.17043224
25655,0.039343894
25656,0.115965195
25657,0.013552999
25658,0.04625549
25659,0.015066282
25660,0.012246222
25661,0.0820945
25662,0.117857896
25663,0.007422802
25664,0.0934991
25665,0.13406035
25666,0.22703093
25667,0.07906749
25668,0.019362113
25669,0.10325531
25670,0.14378175
25671,0.16050428
25672,0.045443684
25673,0.031732153
25674,0.016319308
25675,0.06158223
25676,0.5370165
25677,0.029657777
25678,0.11146731
25679,0.26068282
25680,0.1560126
25681,0.017811406
25682,0.013971003
25683,0.03856186
25684,0.071196936
25685,0.15077832
25686,0.1463068
25687,0.010113833
25688,0.066255115
25689,0.053496707
25690,0.12516494
25691,0.10138528
25692,0.08341511
25693,0.19153194
25694,0.19913498
25695,0.08527267
25696,0.07104282
25697,0.05653482
25698,0.07717281
25699,0.24188666
25700,0.9557693
25701,0.04620887
25702,0.384087
25703,0.04095209
25704,0.17475896
25705,0.04748593
25706,0.06944712
25707,0.012869265
25708,0.05990051
25709,0.0077645117
25710,0.47780463
25711,0.017382937
25712,0.06996904
25713,0.20468761
25714,0.11866933
25715,0.19738328
25716,0.2128428
25717,0.36635965
25718,0.020389384
25719,0.17774817
25720,0.10159799
25721,0.11854038
25722,0.95252216
25723,0.4083665
25724,0.47164807
25725,0.007422802
25726,0.018712543
25727,0.11832441
25728,0.023641383
25729,0.022906069
25730,0.036578808
25731,0.0118735535
25732,0.01438578
25733,0.04281465
25734,0.007268069
25735,0.008468514
25736,0.008283394
25737,0.06121716
25738,0.066625044
25739,0.10159799
25740,0.07648122
25741,0.114751786
25742,0.0722547
25743,0.15747298
25744,0.06891789
25745,0.045603134
25746,0.090397514
25747,0.2569332
25748,0.011421778
25749,0.07067331
25750,0.9557693
25751,0.9557693
25752,0.68571365
25753,0.016319308
25754,0.0071223476
25755,0.14899099
25756,0.38554123
25757,0.07724386
25758,0.0071223476
25759,0.075900644
25760,0.030541094
25761,0.008283394
25762,0.015751973
25763,0.0336233
25764,0.041825537
25765,0.044613473
25766,0.008468514
25767,0.36058986
25768,0.013743616
25769,0.020389384
25770,0.05134186
25771,0.07439914
25772,0.032387763
25773,0.035371333
25774,0.22366686
25775,0.14284155
25776,0.096329205
25777,0.07101815
25778,0.092681535
25779,0.9557693
25780,0.8790432
25781,0.72899175
25782,0.012638732
25783,0.019714015
25784,0.024676895
25785,0.016989255
25786,0.44000545
25787,0.046674244
25788,0.22074777
25789,0.026261427
25790,0.12057324
25791,0.13493551
25792,0.09245536
25793,0.14037666
25794,0.43457147
25795,0.35846666
25796,0.38662857
25797,0.13257624
25798,0.076629564
25799,0.03891148
25800,0.036038317
25801,0.10862076
25802,0.06787904
25803,0.02492922
25804,0.12920055
25805,0.12113693
25806,0.10664215
25807,0.112063736
25808,0.017811406
25809,0.9465231
25810,0.948318
25811,0.9557693
25812,0.15738864
25813,0.02097329
25814,0.121040285
25815,0.016658073
25816,0.3677953
25817,0.0089379735
25818,0.011580592
25819,0.013431989
25820,0.027676594
25821,0.06096048
25822,0.045057938
25823,0.20969303
25824,0.9557693
25825,0.034664482
25826,0.07044275
25827,0.052037712
25828,0.14962523
25829,0.054155327
25830,0.17931183
25831,0.18106817
25832,0.0713044
25833,0.09875658
25834,0.11620383
25835,0.090397514
25836,0.032778807
25837,0.021650873
25838,0.22647364
25839,0.22624514
25840,0.18651818
25841,0.096888304
25842,0.022906069
25843,0.07989999
25844,0.04942442
25845,0.15902722
25846,0.022458203
25847,0.039759323
25848,0.028211994
25849,0.013743616
25850,0.033191077
25851,0.07876039
25852,0.16264877
25853,0.4738876
25854,0.22074777
25855,0.19746533
25856,0.091046594
25857,0.12388516
25858,0.093596585
25859,0.5394969
25860,0.0340897
25861,0.008314436
25862,0.028842887
25863,0.16252612
25864,0.25118303
25865,0.21245047
25866,0.38554123
25867,0.2652896
25868,0.20584576
25869,0.94931483
25870,0.07945302
25871,0.021045646
25872,0.12438452
25873,0.1950875
25874,0.016989255
25875,0.07463056
25876,0.2296671
25877,0.0071223476
25878,0.055459023
25879,0.012064141
25880,0.028211994
25881,0.056009643
25882,0.07382683
25883,0.24772483
25884,0.23414116
25885,0.3221774
25886,0.23441064
25887,0.119369134
25888,0.12570459
25889,0.15717207
25890,0.012638732
25891,0.018439706
25892,0.09939202
25893,0.064673156
25894,0.028226169
25895,0.3133487
25896,0.1610386
25897,0.01815341
25898,0.36773914
25899,0.31587613
25900,0.0071223476
25901,0.069587775
25902,0.13493551
25903,0.06639535
25904,0.0071223476
25905,0.011580592
25906,0.01993469
25907,0.0820945
25908,0.08027464
25909,0.048245545
25910,0.07568528
25911,0.32111287
25912,0.61167705
25913,0.24695913
25914,0.22081241
25915,0.34639287
25916,0.107127
25917,0.018239334
25918,0.03210679
25919,0.078744136
25920,0.15068386
25921,0.19763717
25922,0.017927006
25923,0.013971003
25924,0.080783606
25925,0.088435516
25926,0.015751973
25927,0.0071223476
25928,0.0648734
25929,0.08856382
25930,0.034694593
25931,0.031180702
25932,0.01760922
25933,0.019168993
25934,0.015290744
25935,0.0322268
25936,0.075900644
25937,0.054526526
25938,0.048663948
25939,0.16353826
25940,0.11428289
25941,0.04961451
25942,0.47349432
25943,0.43962124
25944,0.22571757
25945,0.14988758
25946,0.051492542
25947,0.0071223476
25948,0.040474083
25949,0.12089572
25950,0.01421923
25951,0.029117815
25952,0.9557693
25953,0.056302823
25954,0.015751973
25955,0.117709905
25956,0.0378222
25957,0.13203795
25958,0.0648734
25959,0.057706714
25960,0.007268069
25961,0.024963036
25962,0.06649427
25963,0.10419293
25964,0.48249593
25965,0.20946765
25966,0.13494526
25967,0.9557693
25968,0.29703286
25969,0.33420554
25970,0.1574568
25971,0.017811406
25972,0.054705273
25973,0.0071223476
25974,0.045443684
25975,0.052586555
25976,0.01421923
25977,0.048663948
25978,0.47964472
25979,0.058069058
25980,0.2128428
25981,0.023094263
25982,0.08950334
25983,0.0782226
25984,0.13406035
25985,0.19694303
25986,0.048511297
25987,0.01993469
25988,0.0071223476
25989,0.031835962
25990,0.12160343
25991,0.9557693
25992,0.115380384
25993,0.6055007
25994,0.25153852
25995,0.24135233
25996,0.16503187
25997,0.15740913
25998,0.008468514
25999,0.010113833
26000,0.06121716
26001,0.12350783
26002,0.09280143
26003,0.049320646
26004,0.3358181
26005,0.027676594
26006,0.028226169
26007,0.010250709
26008,0.2571745
26009,0.0071223476
26010,0.1170098
26011,0.18322039
26012,0.026024617
26013,0.0071223476
26014,0.12851395
26015,0.14695992
26016,0.09756481
26017,0.11039092
26018,0.08099338
26019,0.06096048
26020,0.01314234
26021,0.1100547
26022,0.12057324
26023,0.024530547
26024,0.0089379735
26025,0.1436009
26026,0.009460591
26027,0.0071223476
26028,0.114751786
26029,0.009460591
26030,0.024963036
26031,0.09188156
26032,0.037541315
26033,0.032987725
26034,0.0077645117
26035,0.062136073
26036,0.15959942
26037,0.2745181
26038,0.5930604
26039,0.09436538
26040,0.01760922
26041,0.01314234
26042,0.010250709
26043,0.05887644
26044,0.0071223476
26045,0.043726537
26046,0.16490743
26047,0.0071223476
26048,0.023094263
26049,0.012869265
26050,0.0071223476
26051,0.012638732
26052,0.015502627
26053,0.07622315
26054,0.06311135
26055,0.33208525
26056,0.007922235
26057,0.0071223476
26058,0.026494961
26059,0.059647318
26060,0.13161017
26061,0.31273088
26062,0.14368476
26063,0.012869265
26064,0.0071223476
26065,0.15116063
26066,0.022023698
26067,0.04032262
26068,0.037596643
26069,0.15453136
26070,0.028439732
26071,0.011580592
26072,0.017811406
26073,0.011247575
26074,0.26018667
26075,0.030607402
26076,0.019168993
26077,0.015066282
26078,0.024963036
26079,0.10291512
26080,0.08306628
26081,0.039343894
26082,0.009460591
26083,0.024530547
26084,0.04748593
26085,0.3331313
26086,0.029657777
26087,0.027676594
26088,0.029763589
26089,0.044232134
26090,0.20727523
26091,0.055459023
26092,0.17546923
26093,0.067945495
26094,0.0398437
26095,0.016467743
26096,0.031962104
26097,0.045443684
26098,0.012638732
26099,0.26018667
26100,0.091046594
26101,0.015066282
26102,0.22074777
26103,0.022906069
26104,0.040474083
26105,0.051122412
26106,0.009144417
26107,0.33610976
26108,0.44602445
26109,0.057012334
26110,0.067783475
26111,0.0071223476
26112,0.12506726
26113,0.02402405
26114,0.011962653
26115,0.102052316
26116,0.17353801
26117,0.07989999
26118,0.948318
26119,0.08808507
26120,0.015290744
26121,0.05397177
26122,0.07654027
26123,0.00967297
26124,0.016989255
26125,0.11258387
26126,0.37718663
26127,0.087377265
26128,0.13073584
26129,0.01993469
26130,0.0071223476
26131,0.11212844
26132,0.010113833
26133,0.09063237
26134,0.026261427
26135,0.0071223476
26136,0.010250709
26137,0.013410914
26138,0.05740534
26139,0.023343308
26140,0.06365097
26141,0.13332202
26142,0.0071223476
26143,0.05025395
26144,0.013971003
26145,0.0322268
26146,0.07466663
26147,0.13407004
26148,0.020389384
26149,0.0071223476
26150,0.9557693
26151,0.027440917
26152,0.16235389
26153,0.02939308
26154,0.029363044
26155,0.023453088
26156,0.047333445
26157,0.008283394
26158,0.034162533
26159,0.22074777
26160,0.026024617
26161,0.011247575
26162,0.009460591
26163,0.007268069
26164,0.0071223476
26165,0.018439706
26166,0.02347673
26167,0.12757738
26168,0.01970291
26169,0.010887391
26170,0.09384552
26171,0.0071223476
26172,0.007922235
26173,0.019565575
26174,0.31167397
26175,0.012246222
26176,0.009144417
26177,0.03337158
26178,0.07037214
26179,0.007922235
26180,0.01970291
26181,0.20727523
26182,0.06412077
26183,0.012869265
26184,0.011580592
26185,0.049779058
26186,0.16235389
26187,0.0722547
26188,0.06457354
26189,0.0820945
26190,0.040453218
26191,0.015609109
26192,0.013971003
26193,0.062361304
26194,0.21561183
26195,0.16134962
26196,0.007922235
26197,0.04740742
26198,0.025541004
26199,0.0071223476
26200,0.0071223476
26201,0.011247575
26202,0.008283394
26203,0.009460591
26204,0.009460591
26205,0.01438578
26206,0.009889232
26207,0.01760922
26208,0.04072466
26209,0.03949521
26210,0.1668835
26211,0.058384728
26212,0.0089379735
26213,0.2565978
26214,0.020576159
26215,0.012064141
26216,0.030541094
26217,0.007589356
26218,0.010887391
26219,0.008468514
26220,0.01421923
26221,0.016989255
26222,0.012869265
26223,0.013743616
26224,0.03292635
26225,0.009275723
26226,0.008283394
26227,0.076244354
26228,0.051890433
26229,0.056045793
26230,0.0071223476
26231,0.039343894
26232,0.01438578
26233,0.0077645117
26234,0.01993469
26235,0.0077645117
26236,0.15453136
26237,0.012064141
26238,0.052000113
26239,0.0071223476
26240,0.009460591
26241,0.0071223476
26242,0.011247575
26243,0.019422231
26244,0.08889353
26245,0.013743616
26246,0.0071223476
26247,0.013971003
26248,0.29018196
26249,0.0654545
26250,0.09324447
26251,0.074399866
26252,0.0071223476
26253,0.0763178
26254,0.021307472
26255,0.12142845
26256,0.029943487
26257,0.12898588
26258,0.13296011
26259,0.016467743
26260,0.011580592
26261,0.025075618
26262,0.023094263
26263,0.0077645117
26264,0.0071223476
26265,0.0071223476
26266,0.016989255
26267,0.040504366
26268,0.0071223476
26269,0.105510294
26270,0.06749756
26271,0.027041273
26272,0.1670362
26273,0.0071223476
26274,0.01438578
26275,0.0071223476
26276,0.016658073
26277,0.017811406
26278,0.04686128
26279,0.018439706
26280,0.044776898
26281,0.054705273
26282,0.011247575
26283,0.0071223476
26284,0.039453473
26285,0.024001082
26286,0.21297236
26287,0.20761676
26288,0.009144417
26289,0.07989999
26290,0.01314234
26291,0.029929586
26292,0.10075607
26293,0.029088048
26294,0.041132316
26295,0.032430008
26296,0.0441077
26297,0.011009531
26298,0.091965765
26299,0.007422802
26300,0.050126918
26301,0.022906069
26302,0.24378279
26303,0.039910708
26304,0.041533463
26305,0.098656625
26306,0.04574498
26307,0.019915065
26308,0.007313183
26309,0.029363044
26310,0.1257772
26311,0.07164827
26312,0.24314666
26313,0.019338643
26314,0.18430735
26315,0.055936053
26316,0.024530547
26317,0.025672663
26318,0.007589356
26319,0.030208403
26320,0.0147924395
26321,0.13898155
26322,0.027676594
26323,0.71881056
26324,0.18323287
26325,0.035371333
26326,0.04098076
26327,0.14208677
26328,0.06572215
26329,0.019168993
26330,0.022458203
26331,0.089738004
26332,0.03199214
26333,0.05627612
26334,0.22693123
26335,0.44676432
26336,0.3602093
26337,0.06256053
26338,0.11414305
26339,0.12116316
26340,0.09950823
26341,0.08013258
26342,0.068175904
26343,0.043467686
26344,0.2578779
26345,0.09333515
26346,0.21562491
26347,0.36773914
26348,0.11918666
26349,0.021881063
26350,0.40984625
26351,0.010861789
26352,0.08293126
26353,0.68598986
26354,0.06634549
26355,0.091281585
26356,0.023617089
26357,0.13075104
26358,0.04056192
26359,0.10101245
26360,0.10614875
26361,0.029363044
26362,0.013263393
26363,0.030628227
26364,0.23472601
26365,0.07187909
26366,0.03998816
26367,0.13622358
26368,0.11610608
26369,0.13793561
26370,0.038006764
26371,0.0071223476
26372,0.0356212
26373,0.07459238
26374,0.07297088
26375,0.035067677
26376,0.052518304
26377,0.019168993
26378,0.0071223476
26379,0.0071223476
26380,0.013971003
26381,0.3602093
26382,0.07873498
26383,0.008291945
26384,0.20669578
26385,0.30329815
26386,0.16740386
26387,0.036930844
26388,0.035911474
26389,0.020576159
26390,0.0446524
26391,0.008156651
26392,0.010570956
26393,0.06256053
26394,0.10923993
26395,0.21628107
26396,0.34679016
26397,0.016319308
26398,0.032500472
26399,0.022800637
26400,0.009460591
26401,0.06219556
26402,0.033536993
26403,0.16912346
26404,0.029088048
26405,0.025224866
26406,0.06436584
26407,0.025224866
26408,0.007589356
26409,0.04036309
26410,0.4097884
26411,0.09639761
26412,0.10668049
26413,0.012424513
26414,0.07770889
26415,0.090394825
26416,0.007589356
26417,0.01421923
26418,0.090138376
26419,0.11971104
26420,0.08950334
26421,0.07284007
26422,0.10784145
26423,0.011580592
26424,0.04357652
26425,0.037901156
26426,0.023343308
26427,0.009460591
26428,0.10716002
26429,0.056350823
26430,0.07948837
26431,0.011067602
26432,0.022906069
26433,0.012242398
26434,0.042475946
26435,0.008283394
26436,0.018037066
26437,0.05060237
26438,0.008283394
26439,0.021388963
26440,0.033191077
26441,0.22216016
26442,0.26719937
26443,0.026573313
26444,0.022800637
26445,0.05741314
26446,0.08999183
26447,0.10732936
26448,0.015806224
26449,0.019440914
26450,0.0071223476
26451,0.027676594
26452,0.22146821
26453,0.030464998
26454,0.026024617
26455,0.007422802
26456,0.055382166
26457,0.056350823
26458,0.13083507
26459,0.09684637
26460,0.14889246
26461,0.055936053
26462,0.027075643
26463,0.022253968
26464,0.08013258
26465,0.012965923
26466,0.0071223476
26467,0.1243021
26468,0.025224866
26469,0.4811994
26470,0.12207851
26471,0.030464998
26472,0.14680983
26473,0.089738004
26474,0.05712605
26475,0.009460591
26476,0.01760922
26477,0.012638732
26478,0.03041399
26479,0.019168993
26480,0.0077645117
26481,0.032417808
26482,0.10616545
26483,0.09032559
26484,0.094256505
26485,0.06739857
26486,0.10701569
26487,0.11803307
26488,0.32161263
26489,0.06042496
26490,0.042248193
26491,0.05473609
26492,0.027837979
26493,0.043467686
26494,0.06626491
26495,0.11833857
26496,0.063355766
26497,0.13036126
26498,0.06020014
26499,0.048525225
26500,0.011421778
26501,0.018239334
26502,0.1917047
26503,0.009460591
26504,0.0071223476
26505,0.03199675
26506,0.020146895
26507,0.010861789
26508,0.0071223476
26509,0.011580592
26510,0.029657777
26511,0.07770889
26512,0.07274495
26513,0.07971115
26514,0.07326777
26515,0.18082343
26516,0.12688224
26517,0.17774817
26518,0.01421923
26519,0.09506955
26520,0.035130884
26521,0.027075643
26522,0.079304285
26523,0.029657777
26524,0.035470445
26525,0.008468514
26526,0.026573313
26527,0.049431235
26528,0.026442567
26529,0.027837979
26530,0.013743616
26531,0.07501269
26532,0.051890433
26533,0.16711824
26534,0.059400395
26535,0.1474016
26536,0.36084947
26537,0.11257577
26538,0.13083398
26539,0.04996537
26540,0.05004504
26541,0.038182136
26542,0.058069058
26543,0.06739857
26544,0.010469167
26545,0.039868943
26546,0.3591618
26547,0.07258595
26548,0.06256053
26549,0.048525225
26550,0.06478696
26551,0.018037066
26552,0.023617089
26553,0.019168993
26554,0.01421923
26555,0.03637662
26556,0.37718663
26557,0.070827365
26558,0.023004983
26559,0.07913106
26560,0.5907124
26561,0.07765913
26562,0.022458203
26563,0.10525884
26564,0.046589173
26565,0.22640336
26566,0.30396503
26567,0.04928412
26568,0.012424513
26569,0.036930844
26570,0.0676989
26571,0.09628939
26572,0.20186292
26573,0.050513126
26574,0.091822416
26575,0.061169088
26576,0.07510633
26577,0.012424513
26578,0.015806224
26579,0.054299142
26580,0.079363495
26581,0.0071223476
26582,0.12449602
26583,0.121884994
26584,0.2267035
26585,0.0864258
26586,0.024200296
26587,0.11101107
26588,0.1652662
26589,0.24890229
26590,0.018581482
26591,0.07349895
26592,0.08047946
26593,0.1023091
26594,0.6039839
26595,0.13731872
26596,0.26586932
26597,0.14695992
26598,0.013431989
26599,0.03779777
26600,0.013971003
26601,0.052791256
26602,0.09639761
26603,0.20404552
26604,0.14460808
26605,0.010113833
26606,0.07864552
26607,0.08108352
26608,0.1172865
26609,0.12195601
26610,0.13492598
26611,0.20727523
26612,0.22489516
26613,0.10483916
26614,0.08108352
26615,0.07417712
26616,0.07228423
26617,0.21562491
26618,0.9557693
26619,0.024256865
26620,0.29606366
26621,0.057195343
26622,0.23897228
26623,0.045443684
26624,0.074712746
26625,0.0071223476
26626,0.0336233
26627,0.0071223476
26628,0.4461794
26629,0.038006764
26630,0.070827365
26631,0.24855576
26632,0.111577675
26633,0.17498508
26634,0.26189917
26635,0.3456679
26636,0.0071223476
26637,0.20757067
26638,0.10923993
26639,0.07422444
26640,0.95252216
26641,0.38452154
26642,0.4083665
26643,0.007922235
26644,0.14301436
26645,0.028439732
26646,0.025511198
26647,0.007422802
26648,0.050513126
26649,0.0071223476
26650,0.032387763
26651,0.007268069
26652,0.009460591
26653,0.008283394
26654,0.050513126
26655,0.053613007
26656,0.0541537
26657,0.09301248
26658,0.09176175
26659,0.08683158
26660,0.12383602
26661,0.13620327
26662,0.049831524
26663,0.050784934
26664,0.28130612
26665,0.0071223476
26666,0.0340897
26667,0.9557693
26668,0.9557693
26669,0.72899175
26670,0.007268069
26671,0.021881063
26672,0.016055644
26673,0.07408914
26674,0.36022678
26675,0.11257577
26676,0.06889601
26677,0.018896038
26678,0.055276837
26679,0.055936053
26680,0.03856186
26681,0.035670906
26682,0.3677953
26683,0.016055644
26684,0.022253968
26685,0.09111224
26686,0.05781611
26687,0.035130884
26688,0.04686128
26689,0.22366686
26690,0.10449408
26691,0.05741314
26692,0.09827197
26693,0.1287852
26694,0.0937255
26695,0.9557693
26696,0.7348548
26697,0.64332044
26698,0.016862808
26699,0.024676895
26700,0.36123016
26701,0.08650589
26702,0.19323002
26703,0.024256865
26704,0.09142511
26705,0.010469167
26706,0.15537483
26707,0.10648378
26708,0.15698966
26709,0.31951174
26710,0.32078964
26711,0.36086693
26712,0.1089892
26713,0.08328004
26714,0.061020322
26715,0.034383222
26716,0.08538538
26717,0.023004983
26718,0.031581964
26719,0.10156754
26720,0.11414305
26721,0.06511345
26722,0.058384728
26723,0.0118735535
26724,0.9557693
26725,0.948318
26726,0.9557693
26727,0.10725391
26728,0.056557156
26729,0.087079376
26730,0.030175522
26731,0.26719937
26732,0.0071223476
26733,0.0089379735
26734,0.016467743
26735,0.016989255
26736,0.018695576
26737,0.05983784
26738,0.04499906
26739,0.15717207
26740,0.9557693
26741,0.02605961
26742,0.115877755
26743,0.03891148
26744,0.16776249
26745,0.074712746
26746,0.13698705
26747,0.18775773
26748,0.072728
26749,0.09338825
26750,0.13283846
26751,0.106697194
26752,0.04798981
26753,0.021881063
26754,0.24254878
26755,0.22624514
26756,0.21575779
26757,0.043848827
26758,0.022906069
26759,0.024939453
26760,0.010113833
26761,0.10436646
26762,0.20468928
26763,0.020389384
26764,0.04032262
26765,0.020389384
26766,0.012424513
26767,0.0118735535
26768,0.042845007
26769,0.06566913
26770,0.17410737
26771,0.41367263
26772,0.15458654
26773,0.19270957
26774,0.07326777
26775,0.17593938
26776,0.09675074
26777,0.52845764
26778,0.036930844
26779,0.052430805
26780,0.029088048
26781,0.13810423
26782,0.20824634
26783,0.20168485
26784,0.38597623
26785,0.20758997
26786,0.20856883
26787,0.94931483
26788,0.11336784
26789,0.011067602
26790,0.19209641
26791,0.22708161
26792,0.0071223476
26793,0.2296671
26794,0.062420804
26795,0.011421778
26796,0.0427478
26797,0.031180702
26798,0.06054488
26799,0.2565416
26800,0.27666852
26801,0.31273088
26802,0.22624514
26803,0.13354482
26804,0.1354856
26805,0.19390588
26806,0.012638732
26807,0.024006262
26808,0.1456991
26809,0.05490538
26810,0.039910708
26811,0.38662857
26812,0.18334626
26813,0.031016055
26814,0.48189652
26815,0.21563199
26816,0.02133162
26817,0.13336731
26818,0.07747681
26819,0.027322985
26820,0.010681613
26821,0.019168993
26822,0.032387763
26823,0.07326777
26824,0.07149804
26825,0.104308024
26826,0.26068282
26827,0.71881056
26828,0.2578779
26829,0.19726077
26830,0.359894
26831,0.09867028
26832,0.06982095
26833,0.07879675
26834,0.14980373
26835,0.20727523
26836,0.050903343
26837,0.022906069
26838,0.06749067
26839,0.073416755
26840,0.045989085
26841,0.0071223476
26842,0.0676989
26843,0.034737267
26844,0.01421923
26845,0.0071223476
26846,0.01760922
26847,0.026089475
26848,0.024256865
26849,0.06672471
26850,0.029638374
26851,0.07312772
26852,0.16468455
26853,0.15377043
26854,0.08852423
26855,0.5370165
26856,0.5370165
26857,0.22022256
26858,0.1231005
26859,0.064295635
26860,0.10668049
26861,0.0071223476
26862,0.9557693
26863,0.017384991
26864,0.016055644
26865,0.054259367
26866,0.09639761
26867,0.11086623
26868,0.013431989
26869,0.083561026
26870,0.022856064
26871,0.041016884
26872,0.027676594
26873,0.060745616
26874,0.11179236
26875,0.48428795
26876,0.20758997
26877,0.11458031
26878,0.9557693
26879,0.22693123
26880,0.34639287
26881,0.15544286
26882,0.032430008
26883,0.033472836
26884,0.0076609217
26885,0.016201496
26886,0.0089379735
26887,0.031180702
26888,0.079363495
26889,0.4122468
26890,0.06151484
26891,0.25443557
26892,0.016989255
26893,0.0958311
26894,0.14680983
26895,0.1084067
26896,0.22943886
26897,0.069266856
26898,0.0071223476
26899,0.010681613
26900,0.10496247
26901,0.9557693
26902,0.1485938
26903,0.72236574
26904,0.22741404
26905,0.22640336
26906,0.13735265
26907,0.17113969
26908,0.049097933
26909,0.016798863
26910,0.010469167
26911,0.023617089
26912,0.007922235
26913,0.11052547
26914,0.13298614
26915,0.04056192
26916,0.24378279
26917,0.012424513
26918,0.08108352
26919,0.22417255
26920,0.015066282
26921,0.091046594
26922,0.11257577
26923,0.15330477
26924,0.03337158
26925,0.091965765
26926,0.14695992
26927,0.12017085
26928,0.1261727
26929,0.011421778
26930,0.08587202
26931,0.090547696
26932,0.018037066
26933,0.12378986
26934,0.110546626
26935,0.013158834
26936,0.017382937
26937,0.012869265
26938,0.13251251
26939,0.009460591
26940,0.0089379735
26941,0.13290305
26942,0.032430008
26943,0.02728861
26944,0.09700038
26945,0.04373978
26946,0.027322985
26947,0.039759323
26948,0.20186292
26949,0.29703286
26950,0.6043767
26951,0.14297605
26952,0.012869265
26953,0.01760922
26954,0.023094263
26955,0.024256865
26956,0.04781399
26957,0.024164485
26958,0.12899981
26959,0.007589356
26960,0.026923386
26961,0.012869265
26962,0.034577623
26963,0.020146895
26964,0.007589356
26965,0.010113833
26966,0.07968704
26967,0.07028409
26968,0.3591618
26969,0.013158834
26970,0.027021367
26971,0.01970291
26972,0.06589512
26973,0.11940282
26974,0.3677953
26975,0.13298614
26976,0.012869265
26977,0.18893084
26978,0.014780501
26979,0.013971003
26980,0.07770889
26981,0.14198995
26982,0.07770889
26983,0.010681613
26984,0.018239334
26985,0.011247575
26986,0.20795071
26987,0.029275881
26988,0.019168993
26989,0.104308024
26990,0.06042496
26991,0.04105829
26992,0.020576159
26993,0.019168993
26994,0.030483749
26995,0.27414235
26996,0.008697048
26997,0.019168993
26998,0.011074889
26999,0.03955183
27000,0.0356212
27001,0.30396503
27002,0.05686179
27003,0.1364577
27004,0.06436584
27005,0.0071223476
27006,0.0071223476
27007,0.071196936
27008,0.05188205
27009,0.022253968
27010,0.21014436
27011,0.091046594
27012,0.015066282
27013,0.22624514
27014,0.01438578
27015,0.039910708
27016,0.07258595
27017,0.009144417
27018,0.2690841
27019,0.48173773
27020,0.1012404
27021,0.06572215
27022,0.0071223476
27023,0.102031074
27024,0.0676989
27025,0.045443684
27026,0.0431453
27027,0.17472145
27028,0.062671095
27029,0.94931483
27030,0.10121285
27031,0.015290744
27032,0.055530135
27033,0.058921356
27034,0.026024617
27035,0.024006262
27036,0.08644369
27037,0.35350826
27038,0.0356212
27039,0.14757355
27040,0.021388963
27041,0.16063043
27042,0.018896038
27043,0.04281465
27044,0.03383036
27045,0.021881063
27046,0.022427535
27047,0.039910708
27048,0.01421923
27049,0.091281585
27050,0.15427077
27051,0.029657777
27052,0.048525225
27053,0.018695576
27054,0.07427321
27055,0.07326777
27056,0.017382937
27057,0.020389384
27058,0.9557693
27059,0.038410675
27060,0.17443402
27061,0.047181915
27062,0.027890045
27063,0.0333415
27064,0.039759323
27065,0.015502627
27066,0.007422802
27067,0.22847122
27068,0.02667614
27069,0.0071223476
27070,0.011067602
27071,0.009329261
27072,0.07664627
27073,0.01970291
27074,0.10812452
27075,0.04783725
27076,0.022906069
27077,0.05678024
27078,0.33348715
27079,0.01760922
27080,0.019422231
27081,0.009144417
27082,0.012638732
27083,0.065488845
27084,0.032430008
27085,0.17508231
27086,0.046589173
27087,0.013158834
27088,0.013431989
27089,0.012638732
27090,0.061641682
27091,0.13932024
27092,0.13290305
27093,0.023453088
27094,0.07510633
27095,0.029488489
27096,0.028439732
27097,0.065419
27098,0.24888904
27099,0.15786639
27100,0.053118356
27101,0.028762583
27102,0.012424513
27103,0.0071223476
27104,0.0071223476
27105,0.020146895
27106,0.008468514
27107,0.015502627
27108,0.009460591
27109,0.0147924395
27110,0.0089379735
27111,0.020576159
27112,0.046589173
27113,0.036930844
27114,0.09188156
27115,0.010113833
27116,0.117837414
27117,0.0089379735
27118,0.30396503
27119,0.015066282
27120,0.011580592
27121,0.019168993
27122,0.013743616
27123,0.0118735535
27124,0.011067602
27125,0.026442567
27126,0.012869265
27127,0.013971003
27128,0.009460591
27129,0.0071223476
27130,0.13274424
27131,0.032984894
27132,0.034577623
27133,0.011421778
27134,0.06305666
27135,0.01438578
27136,0.022906069
27137,0.0071223476
27138,0.16193193
27139,0.015806224
27140,0.044638433
27141,0.007922235
27142,0.0071223476
27143,0.049072232
27144,0.010469167
27145,0.101573944
27146,0.020146895
27147,0.091046594
27148,0.010250709
27149,0.0071223476
27150,0.32907125
27151,0.043195553
27152,0.054259367
27153,0.07306651
27154,0.012638732
27155,0.0071223476
27156,0.010469167
27157,0.068261914
27158,0.0118735535
27159,0.009329261
27160,0.12656108
27161,0.023343308
27162,0.114048585
27163,0.007922235
27164,0.20197892
27165,0.008697048
27166,0.01760922
27167,0.04620887
27168,0.029488489
27169,0.0071223476
27170,0.0077645117
27171,0.0071223476
27172,0.015806224
27173,0.04740742
27174,0.009889232
27175,0.008697048
27176,0.13484275
27177,0.021121932
27178,0.19270957
27179,0.029929586
27180,0.023094263
27181,0.0071223476
27182,0.0071223476
27183,0.007268069
27184,0.015806224
27185,0.04357652
27186,0.022253968
27187,0.011247575
27188,0.0071223476
27189,0.015806224
27190,0.04142466
27191,0.24378279
27192,0.20417097
27193,0.009329261
27194,0.09176175
27195,0.019168993
27196,0.019422231
27197,0.05272693
27198,0.1151969
27199,0.08173513
27200,0.051341955
27201,0.067809
27202,0.039326742
27203,0.025720367
27204,0.023004983
27205,0.011733236
27206,0.011067602
27207,0.113889486
27208,0.041932385
27209,0.030283151
27210,0.016055644
27211,0.18479967
27212,0.1727508
27213,0.010305235
27214,0.27414235
27215,0.030853538
27216,0.20061432
27217,0.11086799
27218,0.10830186
27219,0.024530547
27220,0.16733116
27221,0.0071223476
27222,0.02629547
27223,0.2075002
27224,0.024963036
27225,0.8874116
27226,0.11288213
27227,0.041553102
27228,0.13690822
27229,0.009460591
27230,0.05712605
27231,0.009089551
27232,0.034922853
27233,0.03522061
27234,0.03260607
27235,0.20795071
27236,0.4909185
27237,0.40912527
27238,0.07059677
27239,0.025791785
27240,0.2075002
27241,0.012242398
27242,0.10121285
27243,0.08561917
27244,0.09209243
27245,0.05480937
27246,0.2809682
27247,0.12658332
27248,0.128624
27249,0.48189652
27250,0.10753072
27251,0.3670957
27252,0.070827365
27253,0.84488213
27254,0.10654205
27255,0.04088164
27256,0.027676594
27257,0.07747681
27258,0.12831333
27259,0.061099034
27260,0.102014445
27261,0.029363044
27262,0.08650589
27263,0.19267361
27264,0.023004983
27265,0.06566913
27266,0.08561917
27267,0.17009781
27268,0.13531734
27269,0.0143655585
27270,0.038006764
27271,0.029932978
27272,0.09907613
27273,0.17892614
27274,0.055382166
27275,0.25054312
27276,0.051319834
27277,0.0610486
27278,0.03798671
27279,0.039868943
27280,0.013971003
27281,0.38560638
27282,0.043611802
27283,0.06613491
27284,0.221647
27285,0.22434142
27286,0.007268069
27287,0.14337018
27288,0.05686179
27289,0.018239334
27290,0.020919316
27291,0.056901917
27292,0.031495493
27293,0.033628996
27294,0.045653462
27295,0.18200363
27296,0.48961464
27297,0.010250709
27298,0.01715368
27299,0.051341955
27300,0.009676807
27301,0.028695814
27302,0.0071223476
27303,0.029932978
27304,0.2898532
27305,0.024006262
27306,0.04281465
27307,0.06436584
27308,0.037256643
27309,0.045989085
27310,0.097514376
27311,0.43962124
27312,0.0673286
27313,0.08999183
27314,0.028128719
27315,0.0071223476
27316,0.08293126
27317,0.09193933
27318,0.010113833
27319,0.031180702
27320,0.14980373
27321,0.1354474
27322,0.08950334
27323,0.0641114
27324,0.112803414
27325,0.047066543
27326,0.025511198
27327,0.028695814
27328,0.0071223476
27329,0.114048585
27330,0.08635357
27331,0.13122502
27332,0.033880588
27333,0.018896038
27334,0.018037066
27335,0.04335868
27336,0.016989255
27337,0.008697048
27338,0.034383222
27339,0.0071223476
27340,0.039759323
27341,0.3022027
27342,0.2769473
27343,0.061868582
27344,0.07289912
27345,0.032430008
27346,0.09779433
27347,0.007802202
27348,0.015806224
27349,0.036930844
27350,0.0071223476
27351,0.027676594
27352,0.19323002
27353,0.016989255
27354,0.024256865
27355,0.007422802
27356,0.054259367
27357,0.05740534
27358,0.08523481
27359,0.13504364
27360,0.08252193
27361,0.065488845
27362,0.03710565
27363,0.018896038
27364,0.059698474
27365,0.041704744
27366,0.013158834
27367,0.17576513
27368,0.056880604
27369,0.38526744
27370,0.13912922
27371,0.04412094
27372,0.014567746
27373,0.14680983
27374,0.09063237
27375,0.044493094
27376,0.018896038
27377,0.009460591
27378,0.020744005
27379,0.029657777
27380,0.019422231
27381,0.033969816
27382,0.07747681
27383,0.06739857
27384,0.072545044
27385,0.05188205
27386,0.0882573
27387,0.13171639
27388,0.24749185
27389,0.058668256
27390,0.035389375
27391,0.04423003
27392,0.007589356
27393,0.030208403
27394,0.0089379735
27395,0.07487482
27396,0.06840598
27397,0.08208354
27398,0.045768276
27399,0.090397514
27400,0.03595937
27401,0.06006611
27402,0.013743616
27403,0.010861789
27404,0.018239334
27405,0.19323002
27406,0.010113833
27407,0.030799652
27408,0.065559134
27409,0.010861789
27410,0.010681613
27411,0.012064141
27412,0.026923386
27413,0.070827365
27414,0.06803543
27415,0.095951356
27416,0.066495
27417,0.19539693
27418,0.078884825
27419,0.20898518
27420,0.0071223476
27421,0.11940282
27422,0.032387763
27423,0.03522061
27424,0.07841323
27425,0.0071223476
27426,0.0336233
27427,0.04032262
27428,0.012064141
27429,0.05224231
27430,0.051050685
27431,0.015806224
27432,0.04928412
27433,0.019422231
27434,0.018037066
27435,0.11842156
27436,0.029638374
27437,0.16462334
27438,0.039910708
27439,0.1287852
27440,0.36773914
27441,0.106697194
27442,0.11762491
27443,0.051341955
27444,0.065985456
27445,0.029245926
27446,0.09111224
27447,0.041132316
27448,0.3293794
27449,0.09639761
27450,0.047837682
27451,0.045443684
27452,0.039057143
27453,0.023617089
27454,0.049831524
27455,0.0071223476
27456,0.030464998
27457,0.3293794
27458,0.054259367
27459,0.031732153
27460,0.099992014
27461,0.7110249
27462,0.062154945
27463,0.024256865
27464,0.07336178
27465,0.089029126
27466,0.16162987
27467,0.25766996
27468,0.07864552
27469,0.011733236
27470,0.027472558
27471,0.089029126
27472,0.10498322
27473,0.17593938
27474,0.09159068
27475,0.19323002
27476,0.0784226
27477,0.013431989
27478,0.10779765
27479,0.011247575
27480,0.069266856
27481,0.055936053
27482,0.009460591
27483,0.1260259
27484,0.11236094
27485,0.193994
27486,0.099892765
27487,0.014984729
27488,0.11987095
27489,0.15119113
27490,0.18830004
27491,0.0336233
27492,0.010113833
27493,0.09063237
27494,0.059473798
27495,0.09063237
27496,0.5997324
27497,0.030799652
27498,0.04056192
27499,0.26586932
27500,0.11288213
27501,0.05480937
27502,0.08173513
27503,0.16468455
27504,0.1502521
27505,0.053242132
27506,0.061641682
27507,0.12464264
27508,0.08937988
27509,0.10496247
27510,0.1525718
27511,0.20758997
27512,0.1002093
27513,0.0071223476
27514,0.017382937
27515,0.01701132
27516,0.069036596
27517,0.055753794
27518,0.22946894
27519,0.9557693
27520,0.022906069
27521,0.25740877
27522,0.0071223476
27523,0.0340897
27524,0.21014436
27525,0.07157758
27526,0.06995125
27527,0.0071223476
27528,0.036930844
27529,0.4461794
27530,0.035607312
27531,0.060200997
27532,0.22640336
27533,0.09700038
27534,0.21575779
27535,0.27097994
27536,0.32146546
27537,0.02728861
27538,0.20417097
27539,0.12085454
27540,0.14162277
27541,0.95252216
27542,0.35879907
27543,0.35879907
27544,0.009460591
27545,0.217883
27546,0.04824038
27547,0.010113833
27548,0.015290744
27549,0.039910708
27550,0.007268069
27551,0.0071223476
27552,0.056901917
27553,0.04357652
27554,0.06759768
27555,0.08221109
27556,0.113582864
27557,0.11257577
27558,0.12866125
27559,0.087799005
27560,0.029657777
27561,0.06792054
27562,0.26828745
27563,0.024804613
27564,0.9557693
27565,0.9557693
27566,0.7425811
27567,0.007268069
27568,0.021881063
27569,0.038723744
27570,0.14053123
27571,0.41373056
27572,0.081877396
27573,0.06548852
27574,0.030799652
27575,0.03856186
27576,0.05686179
27577,0.027225174
27578,0.008468514
27579,0.3677953
27580,0.0071223476
27581,0.029363044
27582,0.06759768
27583,0.08950334
27584,0.054404803
27585,0.038182136
27586,0.18468045
27587,0.07022591
27588,0.05145159
27589,0.13333134
27590,0.09033712
27591,0.049181838
27592,0.9557693
27593,0.7208663
27594,0.71881056
27595,0.012638732
27596,0.014761606
27597,0.018896038
27598,0.0089379735
27599,0.38662857
27600,0.11291209
27601,0.22434142
27602,0.031180702
27603,0.13036126
27604,0.034922853
27605,0.15537483
27606,0.067437395
27607,0.13976273
27608,0.27087396
27609,0.3449797
27610,0.2751482
27611,0.09118794
27612,0.13336731
27613,0.079363495
27614,0.039326742
27615,0.09802162
27616,0.04607476
27617,0.019292511
27618,0.010861789
27619,0.15802751
27620,0.17988363
27621,0.07864552
27622,0.114048585
27623,0.9557693
27624,0.948318
27625,0.9557693
27626,0.13083398
27627,0.039175443
27628,0.14502105
27629,0.0071223476
27630,0.33453205
27631,0.022906069
27632,0.0089379735
27633,0.0071223476
27634,0.033880588
27635,0.022906069
27636,0.032378245
27637,0.05678024
27638,0.15918903
27639,0.9557693
27640,0.017533114
27641,0.0510044
27642,0.041932385
27643,0.11996592
27644,0.06635475
27645,0.13083507
27646,0.16478567
27647,0.036573
27648,0.08085072
27649,0.13912922
27650,0.07606784
27651,0.049467433
27652,0.04772822
27653,0.2420068
27654,0.2910767
27655,0.18806891
27656,0.06852568
27657,0.018239334
27658,0.06256053
27659,0.010113833
27660,0.1173863
27661,0.18077919
27662,0.030464998
27663,0.07710671
27664,0.028076489
27665,0.0487084
27666,0.12317292
27667,0.38591936
27668,0.14535643
27669,0.16054124
27670,0.090397514
27671,0.1560126
27672,0.11052547
27673,0.52845764
27674,0.053613007
27675,0.03469886
27676,0.031835962
27677,0.16729118
27678,0.14476936
27679,0.12473799
27680,0.38597623
27681,0.22693123
27682,0.18430735
27683,0.94931483
27684,0.07873498
27685,0.014567746
27686,0.13336731
27687,0.20186219
27688,0.014567746
27689,0.010429288
27690,0.20938654
27691,0.026573313
27692,0.016055644
27693,0.052430805
27694,0.019168993
27695,0.08293698
27696,0.22870368
27697,0.21064427
27698,0.24213317
27699,0.19789869
27700,0.12153649
27701,0.11236094
27702,0.2035387
27703,0.028695814
27704,0.17079839
27705,0.07770889
27706,0.026573313
27707,0.54110134
27708,0.22939868
27709,0.027472558
27710,0.4461794
27711,0.31167397
27712,0.0071223476
27713,0.07059677
27714,0.15738864
27715,0.11257577
27716,0.028076489
27717,0.010681613
27718,0.009460591
27719,0.008697048
27720,0.016319308
27721,0.023641383
27722,0.08683158
27723,0.045951717
27724,0.09814211
27725,0.27414235
27726,0.71881056
27727,0.2610049
27728,0.20549756
27729,0.41373056
27730,0.112895966
27731,0.06478696
27732,0.06179054
27733,0.18815826
27734,0.22267477
27735,0.055936053
27736,0.023094263
27737,0.08627349
27738,0.094858095
27739,0.019915065
27740,0.033939168
27741,0.059211552
27742,0.015290744
27743,0.01421923
27744,0.028128719
27745,0.01760922
27746,0.0077645117
27747,0.027676594
27748,0.041932385
27749,0.045443684
27750,0.05686179
27751,0.13750942
27752,0.09072282
27753,0.09194331
27754,0.5997324
27755,0.48150104
27756,0.19738328
27757,0.104104005
27758,0.026442567
27759,0.035130884
27760,0.112895966
27761,0.03910367
27762,0.026024617
27763,0.9557693
27764,0.041553102
27765,0.016055644
27766,0.054259367
27767,0.0975387
27768,0.14322113
27769,0.008283394
27770,0.06079286
27771,0.024676895
27772,0.057999253
27773,0.0071223476
27774,0.024006262
27775,0.06669543
27776,0.07164827
27777,0.49272072
27778,0.23235844
27779,0.1342517
27780,0.9557693
27781,0.2543348
27782,0.34639287
27783,0.12615322
27784,0.012242398
27785,0.045794163
27786,0.009889232
27787,0.020935062
27788,0.04783725
27789,0.015806224
27790,0.033536993
27791,0.07274495
27792,0.38452154
27793,0.07326777
27794,0.21014436
27795,0.010113833
27796,0.11257577
27797,0.081677884
27798,0.13336731
27799,0.17988363
27800,0.10121285
27801,0.0071223476
27802,0.044440523
27803,0.1287852
27804,0.9557693
27805,0.17024912
27806,0.72236574
27807,0.19789869
27808,0.2341948
27809,0.12473799
27810,0.19175893
27811,0.058296945
27812,0.013743616
27813,0.0071223476
27814,0.038212355
27815,0.010250709
27816,0.06691471
27817,0.13492598
27818,0.07841323
27819,0.29145533
27820,0.016319308
27821,0.03856186
27822,0.26586932
27823,0.017382937
27824,0.10312207
27825,0.1429914
27826,0.04335868
27827,0.0071223476
27828,0.10923993
27829,0.16776249
27830,0.10117838
27831,0.131018
27832,0.0071223476
27833,0.09614647
27834,0.050874103
27835,0.022253968
27836,0.16462334
27837,0.06852568
27838,0.0071223476
27839,0.017382937
27840,0.007268069
27841,0.13289352
27842,0.009460591
27843,0.14971943
27844,0.0071223476
27845,0.06791621
27846,0.023343308
27847,0.018433208
27848,0.0071223476
27849,0.056901917
27850,0.15507448
27851,0.31575555
27852,0.6043767
27853,0.1287852
27854,0.021881063
27855,0.03262564
27856,0.054259367
27857,0.1681278
27858,0.011733236
27859,0.026923386
27860,0.008468514
27861,0.030799652
27862,0.016989255
27863,0.007922235
27864,0.01421923
27865,0.06644697
27866,0.05453211
27867,0.3331313
27868,0.0071223476
27869,0.0071223476
27870,0.020389384
27871,0.041932385
27872,0.103128135
27873,0.33420554
27874,0.121884994
27875,0.01438578
27876,0.02252382
27877,0.21818104
27878,0.012818466
27879,0.022458203
27880,0.095349155
27881,0.14980373
27882,0.039910708
27883,0.0071223476
27884,0.018239334
27885,0.011247575
27886,0.20540099
27887,0.02629547
27888,0.023617089
27889,0.10136124
27890,0.08013258
27891,0.028528785
27892,0.007422802
27893,0.0071223476
27894,0.0340897
27895,0.29606366
27896,0.03203909
27897,0.04142466
27898,0.050894603
27899,0.033266596
27900,0.037956502
27901,0.19323002
27902,0.08108352
27903,0.11637077
27904,0.0510044
27905,0.019422231
27906,0.012638732
27907,0.05334169
27908,0.07629962
27909,0.011067602
27910,0.27131918
27911,0.091046594
27912,0.015066282
27913,0.22647364
27914,0.0147924395
27915,0.04780676
27916,0.074712746
27917,0.009329261
27918,0.24878757
27919,0.490156
27920,0.069036596
27921,0.057553597
27922,0.013971003
27923,0.12057324
27924,0.0076609217
27925,0.070322454
27926,0.08156973
27927,0.17557824
27928,0.06624004
27929,0.94931483
27930,0.013971003
27931,0.124866165
27932,0.09769257
27933,0.054259367
27934,0.03616147
27935,0.025511198
27936,0.060154054
27937,0.26763877
27938,0.07274495
27939,0.17551197
27940,0.013971003
27941,0.009329261
27942,0.06775136
27943,0.012869265
27944,0.008468514
27945,0.05034665
27946,0.052430805
27947,0.022253968
27948,0.039910708
27949,0.045443684
27950,0.020576159
27951,0.019168993
27952,0.09220096
27953,0.18430735
27954,0.007922235
27955,0.016599
27956,0.013971003
27957,0.008283394
27958,0.068213604
27959,0.10943301
27960,0.040325306
27961,0.9557693
27962,0.055782348
27963,0.16216567
27964,0.06315414
27965,0.07022903
27966,0.023004983
27967,0.01568582
27968,0.027867893
27969,0.009329261
27970,0.20938654
27971,0.04335868
27972,0.007268069
27973,0.012064141
27974,0.022253968
27975,0.19709757
27976,0.027676594
27977,0.0071223476
27978,0.10629297
27979,0.041375484
27980,0.026442567
27981,0.033939168
27982,0.38452154
27983,0.024676895
27984,0.016989255
27985,0.0071223476
27986,0.011580592
27987,0.046589173
27988,0.011067602
27989,0.17598435
27990,0.0641251
27991,0.013158834
27992,0.01421923
27993,0.0071223476
27994,0.053242132
27995,0.21323387
27996,0.0958311
27997,0.089738004
27998,0.070322454
27999,0.06723098
28000,0.024164485
28001,0.04373978
28002,0.054259367
28003,0.20186292
28004,0.2319614
28005,0.019362113
28006,0.013971003
28007,0.012424513
28008,0.007422802
28009,0.024676895
28010,0.026594898
28011,0.0147924395
28012,0.013971003
28013,0.020576159
28014,0.014928244
28015,0.031732153
28016,0.09188156
28017,0.010113833
28018,0.12672801
28019,0.0089379735
28020,0.29460293
28021,0.009460591
28022,0.0071223476
28023,0.024963036
28024,0.015806224
28025,0.0071223476
28026,0.026603188
28027,0.017382937
28028,0.012869265
28029,0.0071223476
28030,0.01421923
28031,0.009460591
28032,0.008283394
28033,0.112803414
28034,0.037286833
28035,0.031835962
28036,0.053118356
28037,0.023750545
28038,0.011247575
28039,0.0071223476
28040,0.14198995
28041,0.04835339
28042,0.028890735
28043,0.007422802
28044,0.009460591
28045,0.026442567
28046,0.011247575
28047,0.07448131
28048,0.0071223476
28049,0.091046594
28050,0.018896038
28051,0.018695576
28052,0.31305212
28053,0.044493094
28054,0.105875514
28055,0.037434738
28056,0.06478696
28057,0.018896038
28058,0.0071223476
28059,0.12917446
28060,0.019168993
28061,0.095951356
28062,0.22366686
28063,0.022253968
28064,0.045038
28065,0.029488489
28066,0.011247575
28067,0.010681613
28068,0.0071223476
28069,0.042845007
28070,0.015290744
28071,0.0071223476
28072,0.1221425
28073,0.054259367
28074,0.010469167
28075,0.22693123
28076,0.038723744
28077,0.016989255
28078,0.02728861
28079,0.013431989
28080,0.013971003
28081,0.05641374
28082,0.0071223476
28083,0.0071223476
28084,0.033809826
28085,0.013061188
28086,0.011247575
28087,0.04713517
28088,0.30396503
28089,0.20168485
28090,0.009329261
28091,0.039868943
28092,0.08085072
28093,0.016319308
28094,0.037627243
28095,0.008461238
28096,0.023094263
28097,0.028439732
28098,0.071196936
28099,0.012064141
28100,0.09324447
28101,0.018239334
28102,0.03891148
28103,0.037906196
28104,0.07190334
28105,0.0071223476
28106,0.024530547
28107,0.026261427
28108,0.14921314
28109,0.019714015
28110,0.1299426
28111,0.15617442
28112,0.105984546
28113,0.01970291
28114,0.023343308
28115,0.037238568
28116,0.21350165
28117,0.12175567
28118,0.22693123
28119,0.15738864
28120,0.11620887
28121,0.017201753
28122,0.11521997
28123,0.016599
28124,0.033880588
28125,0.0077645117
28126,0.14695378
28127,0.027890045
28128,0.61124706
28129,0.14535643
28130,0.015335122
28131,0.04098076
28132,0.034556534
28133,0.018069725
28134,0.012869265
28135,0.026261427
28136,0.069266856
28137,0.03283175
28138,0.0071223476
28139,0.013971003
28140,0.11551685
28141,0.11791464
28142,0.41459048
28143,0.4811994
28144,0.007514238
28145,0.07044275
28146,0.024530547
28147,0.08466471
28148,0.18323287
28149,0.10337311
28150,0.08635357
28151,0.090547696
28152,0.08332769
28153,0.031835962
28154,0.32078964
28155,0.19270957
28156,0.16681483
28157,0.38591936
28158,0.020627644
28159,0.021650873
28160,0.41373056
28161,0.024676895
28162,0.08074166
28163,0.7198559
28164,0.14114606
28165,0.055936053
28166,0.040504366
28167,0.07096626
28168,0.07841323
28169,0.0723352
28170,0.09912928
28171,0.03411147
28172,0.025361875
28173,0.12264344
28174,0.16129212
28175,0.016045688
28176,0.04863826
28177,0.054155327
28178,0.1365691
28179,0.16467406
28180,0.025361875
28181,0.043043695
28182,0.0071223476
28183,0.008291945
28184,0.023750545
28185,0.05740534
28186,0.15481162
28187,0.009869017
28188,0.22624514
28189,0.021650873
28190,0.0071223476
28191,0.031962104
28192,0.011421778
28193,0.023750545
28194,0.015290744
28195,0.41373056
28196,0.12658332
28197,0.08611964
28198,0.20938654
28199,0.37718663
28200,0.11915634
28201,0.074408494
28202,0.015502627
28203,0.067809
28204,0.011421778
28205,0.027369197
28206,0.06256053
28207,0.09762662
28208,0.24314666
28209,0.359894
28210,0.033600107
28211,0.055679545
28212,0.009460591
28213,0.052791256
28214,0.020576159
28215,0.011247575
28216,0.34112218
28217,0.0071223476
28218,0.07037214
28219,0.011247575
28220,0.04814189
28221,0.10972207
28222,0.024256865
28223,0.17868292
28224,0.360534
28225,0.054259367
28226,0.16594452
28227,0.03910367
28228,0.016319308
28229,0.09714388
28230,0.08421411
28231,0.025390096
28232,0.17443402
28233,0.2075002
28234,0.1594161
28235,0.07209861
28236,0.08173511
28237,0.011421778
28238,0.023094263
28239,0.010681613
28240,0.12774675
28241,0.05686179
28242,0.08499868
28243,0.020389384
28244,0.04373978
28245,0.026261427
28246,0.023094263
28247,0.01438578
28248,0.027676594
28249,0.039910708
28250,0.035401464
28251,0.008675737
28252,0.34223711
28253,0.29001814
28254,0.09032559
28255,0.057956994
28256,0.030206531
28257,0.08660661
28258,0.059795894
28259,0.0071223476
28260,0.02900073
28261,0.01438578
28262,0.015066282
28263,0.020146895
28264,0.21531442
28265,0.009460591
28266,0.012638732
28267,0.017778827
28268,0.007422802
28269,0.05740534
28270,0.066625044
28271,0.11041957
28272,0.12583067
28273,0.13887623
28274,0.04281465
28275,0.030607402
28276,0.011247575
28277,0.06827717
28278,0.028226169
28279,0.19253285
28280,0.089738004
28281,0.52712095
28282,0.07865122
28283,0.028450744
28284,0.012869265
28285,0.10136124
28286,0.1209228
28287,0.037596643
28288,0.018896038
28289,0.009460591
28290,0.012638732
28291,0.041638255
28292,0.015502627
28293,0.0071223476
28294,0.09405677
28295,0.045663357
28296,0.069797315
28297,0.05382402
28298,0.11086623
28299,0.12281863
28300,0.34774792
28301,0.03891148
28302,0.01970291
28303,0.08221109
28304,0.027590506
28305,0.10862076
28306,0.06626491
28307,0.12774675
28308,0.022856064
28309,0.06711224
28310,0.031410538
28311,0.054630604
28312,0.022253968
28313,0.014610436
28314,0.018239334
28315,0.15292819
28316,0.0071223476
28317,0.0089379735
28318,0.104521304
28319,0.035067677
28320,0.024256865
28321,0.038939618
28322,0.070827365
28323,0.06297162
28324,0.09384552
28325,0.0629252
28326,0.15198945
28327,0.12466678
28328,0.20845784
28329,0.012246222
28330,0.09583938
28331,0.038182136
28332,0.015187318
28333,0.09209243
28334,0.029657777
28335,0.01970291
28336,0.095025755
28337,0.100907214
28338,0.056722797
28339,0.067401834
28340,0.016319308
28341,0.042398345
28342,0.007922235
28343,0.108784355
28344,0.01438578
28345,0.025224866
28346,0.1446723
28347,0.04809148
28348,0.15118061
28349,0.360534
28350,0.113582864
28351,0.13492598
28352,0.04809148
28353,0.09780516
28354,0.07067331
28355,0.057776492
28356,0.07052615
28357,0.022226974
28358,0.022253968
28359,0.33348715
28360,0.091281585
28361,0.04814189
28362,0.0356212
28363,0.045145575
28364,0.01760922
28365,0.011067602
28366,0.024963036
28367,0.023094263
28368,0.025390096
28369,0.3677953
28370,0.032387763
28371,0.0441077
28372,0.08611964
28373,0.53920686
28374,0.051824972
28375,0.019168993
28376,0.12307768
28377,0.091281585
28378,0.1343823
28379,0.2769473
28380,0.073327735
28381,0.08183197
28382,0.017533114
28383,0.1185717
28384,0.13298614
28385,0.18808934
28386,0.06219556
28387,0.13423249
28388,0.08989079
28389,0.075900644
28390,0.012424513
28391,0.012638732
28392,0.0071223476
28393,0.0340897
28394,0.08173513
28395,0.0147924395
28396,0.07865122
28397,0.1084067
28398,0.21346343
28399,0.10616545
28400,0.00965187
28401,0.084156744
28402,0.16054124
28403,0.1559517
28404,0.014928244
28405,0.06534807
28406,0.04373978
28407,0.056350823
28408,0.52783966
28409,0.01760922
28410,0.06968223
28411,0.2732106
28412,0.18781735
28413,0.009889232
28414,0.04944964
28415,0.0336233
28416,0.16988316
28417,0.16013049
28418,0.010113833
28419,0.075900644
28420,0.05715409
28421,0.11033218
28422,0.10778283
28423,0.101818286
28424,0.10892602
28425,0.25443557
28426,0.10893983
28427,0.01421923
28428,0.04780676
28429,0.10419293
28430,0.07480391
28431,0.29534283
28432,0.8821682
28433,0.024676895
28434,0.31167397
28435,0.01421923
28436,0.076636545
28437,0.22405197
28438,0.012869265
28439,0.06596499
28440,0.058030583
28441,0.0147924395
28442,0.030483749
28443,0.0071223476
28444,0.41050982
28445,0.02728861
28446,0.061218012
28447,0.22640336
28448,0.050319187
28449,0.18695624
28450,0.25412863
28451,0.33348715
28452,0.22411413
28453,0.123320095
28454,0.1031355
28455,0.95252216
28456,0.36635965
28457,0.4083665
28458,0.007422802
28459,0.012064141
28460,0.2243515
28461,0.083561026
28462,0.018239334
28463,0.038137946
28464,0.016989255
28465,0.041359834
28466,0.007268069
28467,0.008468514
28468,0.00967297
28469,0.031835962
28470,0.061188992
28471,0.07487482
28472,0.07950545
28473,0.09111224
28474,0.113582864
28475,0.2237275
28476,0.12862676
28477,0.04863826
28478,0.10418686
28479,0.27728814
28480,0.007922235
28481,0.023453088
28482,0.9557693
28483,0.9465231
28484,0.8874116
28485,0.007268069
28486,0.012424513
28487,0.048032396
28488,0.14899099
28489,0.43932807
28490,0.12095965
28491,0.016055644
28492,0.06297162
28493,0.030799652
28494,0.008283394
28495,0.007922235
28496,0.03949521
28497,0.049097933
28498,0.0336233
28499,0.0089379735
28500,0.34708175
28501,0.0071223476
28502,0.026261427
28503,0.063421935
28504,0.076707564
28505,0.035371333
28506,0.05339131
28507,0.20584576
28508,0.063421935
28509,0.013431989
28510,0.0748693
28511,0.09123197
28512,0.09762662
28513,0.9557693
28514,0.7348548
28515,0.72899175
28516,0.012638732
28517,0.025224866
28518,0.018239334
28519,0.44000545
28520,0.10987767
28521,0.27728814
28522,0.031410538
28523,0.102031074
28524,0.024530547
28525,0.16438912
28526,0.10155733
28527,0.12566264
28528,0.21562491
28529,0.35846666
28530,0.3470265
28531,0.09365417
28532,0.12514979
28533,0.105344154
28534,0.05382402
28535,0.115877755
28536,0.07393899
28537,0.04964523
28538,0.102664135
28539,0.20215705
28540,0.0824368
28541,0.084156744
28542,0.016989255
28543,0.9557693
28544,0.948318
28545,0.9557693
28546,0.1261727
28547,0.043955702
28548,0.0748693
28549,0.012064141
28550,0.3677953
28551,0.022906069
28552,0.0071223476
28553,0.023750545
28554,0.031380907
28555,0.023343308
28556,0.02848163
28557,0.05308354
28558,0.20946765
28559,0.9557693
28560,0.040474083
28561,0.048462916
28562,0.08448325
28563,0.15802751
28564,0.041932385
28565,0.16650364
28566,0.14921314
28567,0.016248172
28568,0.12955308
28569,0.0908864
28570,0.08424971
28571,0.032982122
28572,0.2296671
28573,0.30359694
28574,0.13440223
28575,0.0660353
28576,0.0071223476
28577,0.052000325
28578,0.010113833
28579,0.07473055
28580,0.17598435
28581,0.05346429
28582,0.06700078
28583,0.04232423
28584,0.054705273
28585,0.1346557
28586,0.41367263
28587,0.17598435
28588,0.16301557
28589,0.07913106
28590,0.16503187
28591,0.16054124
28592,0.52845764
28593,0.041932385
28594,0.05067516
28595,0.04375692
28596,0.0327892
28597,0.19198138
28598,0.100195624
28599,0.22601752
28600,0.42898655
28601,0.24188666
28602,0.14738174
28603,0.94931483
28604,0.10156754
28605,0.0071223476
28606,0.12774675
28607,0.1950875
28608,0.012869265
28609,0.04072466
28610,0.24188666
28611,0.027225174
28612,0.015806224
28613,0.05437379
28614,0.02667614
28615,0.08244252
28616,0.21130826
28617,0.24161555
28618,0.22434142
28619,0.22074777
28620,0.13737234
28621,0.090983644
28622,0.1979013
28623,0.036068473
28624,0.17988363
28625,0.075900644
28626,0.01815341
28627,0.61160314
28628,0.22939868
28629,0.09220096
28630,0.44000545
28631,0.32146546
28632,0.0071223476
28633,0.053153016
28634,0.114048585
28635,0.07096626
28636,0.027075643
28637,0.010681613
28638,0.021388963
28639,0.007922235
28640,0.040474083
28641,0.045267634
28642,0.0412304
28643,0.09562778
28644,0.30359694
28645,0.61085284
28646,0.31135306
28647,0.20549756
28648,0.359894
28649,0.09827505
28650,0.06982095
28651,0.0818868
28652,0.1446723
28653,0.2488205
28654,0.06606622
28655,0.013971003
28656,0.0830892
28657,0.14198995
28658,0.016055644
28659,0.09948489
28660,0.021650873
28661,0.01421923
28662,0.04413809
28663,0.01760922
28664,0.0071223476
28665,0.015066282
28666,0.03856186
28667,0.042398345
28668,0.06547319
28669,0.14416082
28670,0.071285784
28671,0.07586807
28672,0.58844876
28673,0.43926904
28674,0.15238912
28675,0.12466678
28676,0.08325624
28677,0.11390335
28678,0.05145159
28679,0.009460591
28680,0.05346429
28681,0.9557693
28682,0.0374456
28683,0.011067602
28684,0.045663357
28685,0.062789395
28686,0.14715925
28687,0.033070844
28688,0.075900644
28689,0.0071223476
28690,0.026423872
28691,0.019422231
28692,0.07253757
28693,0.041125648
28694,0.53030527
28695,0.23235844
28696,0.1477047
28697,0.9557693
28698,0.2745181
28699,0.3677953
28700,0.12388516
28701,0.04740742
28702,0.030799652
28703,0.06365097
28704,0.026660772
28705,0.015066282
28706,0.062006038
28707,0.35879907
28708,0.05448395
28709,0.19437261
28710,0.0071223476
28711,0.07044275
28712,0.11101107
28713,0.11881746
28714,0.21094055
28715,0.04032262
28716,0.009889232
28717,0.023094263
28718,0.1084067
28719,0.9557693
28720,0.19024692
28721,0.6055007
28722,0.25153852
28723,0.22571757
28724,0.16054124
28725,0.1645314
28726,0.019422231
28727,0.010469167
28728,0.024963036
28729,0.007422802
28730,0.11488029
28731,0.08797508
28732,0.07989999
28733,0.30541763
28734,0.022458203
28735,0.04686128
28736,0.31202406
28737,0.012869265
28738,0.012869265
28739,0.0089379735
28740,0.07566896
28741,0.16886823
28742,0.02667614
28743,0.0071223476
28744,0.101697385
28745,0.14535643
28746,0.09170026
28747,0.09418291
28748,0.11134956
28749,0.10616545
28750,0.020576159
28751,0.15313391
28752,0.08611964
28753,0.031180702
28754,0.017382937
28755,0.0071223476
28756,0.07566896
28757,0.16418722
28758,0.008468514
28759,0.06671351
28760,0.033536993
28761,0.038031008
28762,0.025789095
28763,0.19202726
28764,0.2543348
28765,0.54147875
28766,0.13250287
28767,0.0118735535
28768,0.021650873
28769,0.028645623
28770,0.0071223476
28771,0.087377265
28772,0.14744286
28773,0.011580592
28774,0.0077645117
28775,0.013431989
28776,0.0322268
28777,0.01438578
28778,0.009889232
28779,0.024963036
28780,0.07315932
28781,0.09120377
28782,0.3456679
28783,0.012869265
28784,0.04863826
28785,0.032778807
28786,0.110546626
28787,0.36022678
28788,0.1084067
28789,0.012869265
28790,0.18893084
28791,0.012869265
28792,0.038760245
28793,0.013971003
28794,0.098668575
28795,0.14324097
28796,0.09063237
28797,0.011733236
28798,0.018239334
28799,0.0071223476
28800,0.27065304
28801,0.033939168
28802,0.0071223476
28803,0.02667614
28804,0.10874858
28805,0.070827365
28806,0.023304105
28807,0.0147924395
28808,0.0071223476
28809,0.053242132
28810,0.3591618
28811,0.029363044
28812,0.018896038
28813,0.029488489
28814,0.021582501
28815,0.061188992
28816,0.2296671
28817,0.08013258
28818,0.2075002
28819,0.09795907
28820,0.04713517
28821,0.012638732
28822,0.0441077
28823,0.045663357
28824,0.05145159
28825,0.1662004
28826,0.091046594
28827,0.015066282
28828,0.18077919
28829,0.0071223476
28830,0.0336233
28831,0.071196936
28832,0.007922235
28833,0.31135306
28834,0.527676
28835,0.07487482
28836,0.067401834
28837,0.016319308
28838,0.097212255
28839,0.06365097
28840,0.061188992
28841,0.11101107
28842,0.12104186
28843,0.06578045
28844,0.94931483
28845,0.12871443
28846,0.0071223476
28847,0.039057143
28848,0.025511155
28849,0.011580592
28850,0.023094263
28851,0.058636278
28852,0.359894
28853,0.06584838
28854,0.20841835
28855,0.022906069
28856,0.011421778
28857,0.0846353
28858,0.0071223476
28859,0.0071223476
28860,0.0824368
28861,0.021045646
28862,0.045544226
28863,0.091046594
28864,0.0441077
28865,0.054259367
28866,0.007922235
28867,0.012424513
28868,0.074408494
28869,0.007589356
28870,0.13370328
28871,0.0071223476
28872,0.032387763
28873,0.0071223476
28874,0.06065062
28875,0.09690761
28876,0.010250709
28877,0.012869265
28878,0.9557693
28879,0.06319114
28880,0.104320236
28881,0.0340897
28882,0.028450744
28883,0.029913513
28884,0.025075618
28885,0.012869265
28886,0.011067602
28887,0.19450791
28888,0.038137946
28889,0.015502627
28890,0.05800432
28891,0.09280143
28892,0.016319308
28893,0.011067602
28894,0.13002546
28895,0.026261427
28896,0.011067602
28897,0.06986745
28898,0.2886642
28899,0.01760922
28900,0.0071223476
28901,0.009144417
28902,0.019168993
28903,0.04780676
28904,0.007922235
28905,0.15902722
28906,0.08635357
28907,0.0071223476
28908,0.012869265
28909,0.07693948
28910,0.12102245
28911,0.08050892
28912,0.054259367
28913,0.04996537
28914,0.06700078
28915,0.03891148
28916,0.069266856
28917,0.20727523
28918,0.21059553
28919,0.007922235
28920,0.013061188
28921,0.029537542
28922,0.012424513
28923,0.011247575
28924,0.05437379
28925,0.012638732
28926,0.011421778
28927,0.027890045
28928,0.025938442
28929,0.04686128
28930,0.14680983
28931,0.0071223476
28932,0.13058268
28933,0.29173732
28934,0.010250709
28935,0.016989255
28936,0.011067602
28937,0.025390096
28938,0.008468514
28939,0.023094263
28940,0.037627243
28941,0.013743616
28942,0.013743616
28943,0.009460591
28944,0.13614348
28945,0.0089379735
28946,0.02955809
28947,0.01970291
28948,0.013971003
28949,0.038760245
28950,0.015290744
28951,0.007268069
28952,0.020576159
28953,0.0071223476
28954,0.097747065
28955,0.035651337
28956,0.036898684
28957,0.015290744
28958,0.015502627
28959,0.073096596
28960,0.013743616
28961,0.091046594
28962,0.009460591
28963,0.3677953
28964,0.06238001
28965,0.1023091
28966,0.06277618
28967,0.0071223476
28968,0.0071223476
28969,0.032532506
28970,0.016055644
28971,0.011067602
28972,0.09346959
28973,0.1732509
28974,0.14513446
28975,0.010113833
28976,0.03779777
28977,0.046801306
28978,0.04025933
28979,0.023094263
28980,0.023343308
28981,0.015806224
28982,0.023492372
28983,0.016989255
28984,0.09795907
28985,0.091281585
28986,0.038630303
28987,0.22976981
28988,0.029634768
28989,0.0071223476
28990,0.0071223476
28991,0.024256865
28992,0.05473629
28993,0.018632688
28994,0.011247575
28995,0.015806224
28996,0.03383036
28997,0.30396503
28998,0.193994
28999,0.052226175
29000,0.0937255
29001,0.018239334
29002,0.023094263
29003,0.0336233
29004,0.041132316
29005,0.060596917
29006,0.029852882
29007,0.0322268
29008,0.034664482
29009,0.009889232
29010,0.02024822
29011,0.07887308
29012,0.014285732
29013,0.009330572
29014,0.012638732
29015,0.18077919
29016,0.0076609217
29017,0.074570514
29018,0.20122468
29019,0.17238401
29020,0.018432278
29021,0.17825511
29022,0.16418722
29023,0.2571745
29024,0.09280143
29025,0.12201178
29026,0.055936053
29027,0.1969415
29028,0.013971003
29029,0.007589356
29030,0.009684074
29031,0.019168993
29032,0.061145872
29033,0.027676594
29034,0.54360616
29035,0.13308808
29036,0.041132316
29037,0.05607984
29038,0.21350165
29039,0.033126954
29040,0.012869265
29041,0.05503307
29042,0.020786442
29043,0.052232485
29044,0.16478567
29045,0.36108434
29046,0.3602093
29047,0.04120824
29048,0.024530547
29049,0.15377043
29050,0.24219058
29051,0.016319308
29052,0.068916835
29053,0.055849
29054,0.09405677
29055,0.031402934
29056,0.33280516
29057,0.15083514
29058,0.22434142
29059,0.360534
29060,0.16503187
29061,0.021650873
29062,0.38526744
29063,0.08013258
29064,0.68598986
29065,0.099738576
29066,0.10121285
29067,0.023094263
29068,0.06868665
29069,0.041784298
29070,0.060940925
29071,0.16246282
29072,0.008697048
29073,0.0804417
29074,0.06916268
29075,0.15766186
29076,0.025078436
29077,0.045989085
29078,0.042398345
29079,0.10784145
29080,0.11747695
29081,0.016863273
29082,0.028450744
29083,0.025511155
29084,0.21562491
29085,0.06250233
29086,0.35457048
29087,0.05111542
29088,0.05375676
29089,0.0071223476
29090,0.009460591
29091,0.013971003
29092,0.33420554
29093,0.19709757
29094,0.0497549
29095,0.33420554
29096,0.33420554
29097,0.095283754
29098,0.042398345
29099,0.012869265
29100,0.018239334
29101,0.007589356
29102,0.06831957
29103,0.025108272
29104,0.10047775
29105,0.06256053
29106,0.07913106
29107,0.20442277
29108,0.32839155
29109,0.01715368
29110,0.058296945
29111,0.026261427
29112,0.016319308
29113,0.2898532
29114,0.0071223476
29115,0.050497096
29116,0.016985908
29117,0.040474083
29118,0.17508231
29119,0.36773914
29120,0.008283394
29121,0.05382402
29122,0.13235523
29123,0.01438578
29124,0.024963036
29125,0.045663357
29126,0.06925757
29127,0.0071223476
29128,0.09084798
29129,0.17868292
29130,0.081502184
29131,0.057012334
29132,0.074559145
29133,0.032430008
29134,0.046801306
29135,0.019168993
29136,0.15020025
29137,0.04281465
29138,0.10114103
29139,0.011421778
29140,0.02728861
29141,0.028450744
29142,0.034922853
29143,0.011067602
29144,0.040453218
29145,0.0441077
29146,0.029363044
29147,0.030607402
29148,0.53837836
29149,0.2296671
29150,0.027837979
29151,0.06710231
29152,0.007922235
29153,0.08763053
29154,0.074884154
29155,0.0147924395
29156,0.058030583
29157,0.01438578
29158,0.0071223476
29159,0.20540099
29160,0.01970291
29161,0.015066282
29162,0.045989085
29163,0.007422802
29164,0.08013258
29165,0.08448325
29166,0.13207759
29167,0.12307768
29168,0.15438467
29169,0.06335179
29170,0.02204842
29171,0.016055644
29172,0.056722797
29173,0.027225174
29174,0.19789869
29175,0.066625044
29176,0.43932807
29177,0.10417627
29178,0.012638732
29179,0.09384552
29180,0.095025755
29181,0.087377265
29182,0.018896038
29183,0.009460591
29184,0.02479577
29185,0.035091113
29186,0.012424513
29187,0.013431989
29188,0.023750545
29189,0.09795907
29190,0.040474083
29191,0.091281585
29192,0.0578837
29193,0.0908864
29194,0.12804842
29195,0.29817834
29196,0.041359834
29197,0.020389384
29198,0.08291306
29199,0.054705273
29200,0.022458203
29201,0.08683158
29202,0.10032347
29203,0.14899099
29204,0.024148904
29205,0.07096626
29206,0.0071223476
29207,0.054630604
29208,0.024676895
29209,0.018239334
29210,0.11414305
29211,0.011067602
29212,0.0071223476
29213,0.13880146
29214,0.04964523
29215,0.010681613
29216,0.0071223476
29217,0.040754955
29218,0.06365097
29219,0.09639761
29220,0.07025723
29221,0.071672514
29222,0.14684828
29223,0.16426475
29224,0.19738328
29225,0.012246222
29226,0.084037796
29227,0.06596499
29228,0.024655432
29229,0.09583938
29230,0.029657777
29231,0.038723744
29232,0.07834614
29233,0.09220096
29234,0.0846353
29235,0.0077645117
29236,0.040474083
29237,0.0071223476
29238,0.07007506
29239,0.11195641
29240,0.036930844
29241,0.1485949
29242,0.044613473
29243,0.090983644
29244,0.41367263
29245,0.13880146
29246,0.109084405
29247,0.044613473
29248,0.07726229
29249,0.07693948
29250,0.09795907
29251,0.020935062
29252,0.0071223476
29253,0.008468514
29254,0.3591618
29255,0.07510633
29256,0.037580196
29257,0.0333415
29258,0.067273155
29259,0.01760922
29260,0.041016884
29261,0.0147924395
29262,0.039629254
29263,0.3293794
29264,0.071196936
29265,0.05060237
29266,0.07566896
29267,0.60243964
29268,0.06659393
29269,0.029030677
29270,0.10201722
29271,0.06315414
29272,0.1386827
29273,0.32907125
29274,0.075900644
29275,0.04294215
29276,0.069266856
29277,0.14006554
29278,0.16438912
29279,0.15377043
29280,0.069570504
29281,0.124455124
29282,0.059795894
29283,0.060043022
29284,0.012424513
29285,0.0118735535
29286,0.009460591
29287,0.05712605
29288,0.07693948
29289,0.01438578
29290,0.10101245
29291,0.115662284
29292,0.22411413
29293,0.065118656
29294,0.007313183
29295,0.10325531
29296,0.16776249
29297,0.19123213
29298,0.041359834
29299,0.037596643
29300,0.0071223476
29301,0.09714388
29302,0.52783966
29303,0.037627243
29304,0.090785764
29305,0.2809682
29306,0.1578463
29307,0.023671176
29308,0.04677201
29309,0.030483749
29310,0.16988316
29311,0.14104995
29312,0.010113833
29313,0.073327735
29314,0.069797315
29315,0.093596585
29316,0.101818286
29317,0.11052547
29318,0.1306725
29319,0.21783252
29320,0.074658744
29321,0.012869265
29322,0.08635357
29323,0.103128135
29324,0.039910708
29325,0.29534283
29326,0.9557693
29327,0.026024617
29328,0.32111287
29329,0.012869265
29330,0.07302582
29331,0.23897228
29332,0.012869265
29333,0.038182136
29334,0.07654027
29335,0.007589356
29336,0.062365282
29337,0.0071223476
29338,0.4461794
29339,0.02667614
29340,0.051341955
29341,0.20946765
29342,0.090983644
29343,0.22640336
29344,0.23976251
29345,0.26068282
29346,0.17089145
29347,0.10114103
29348,0.123320095
29349,0.95252216
29350,0.35879907
29351,0.38452154
29352,0.035651337
29353,0.16841142
29354,0.05715409
29355,0.022906069
29356,0.04294215
29357,0.016467743
29358,0.035130884
29359,0.007268069
29360,0.008283394
29361,0.056486927
29362,0.06079286
29363,0.07487482
29364,0.053153016
29365,0.09948489
29366,0.12370746
29367,0.239106
29368,0.10798107
29369,0.041675467
29370,0.13880146
29371,0.27728814
29372,0.019422231
29373,0.045663357
29374,0.9557693
29375,0.9557693
29376,0.71881056
29377,0.007268069
29378,0.013431989
29379,0.0071223476
29380,0.058636278
29381,0.38554123
29382,0.084037796
29383,0.0071223476
29384,0.06344544
29385,0.050127316
29386,0.06278542
29387,0.022800637
29388,0.0089379735
29389,0.36058986
29390,0.013743616
29391,0.017382937
29392,0.069036596
29393,0.07096626
29394,0.036038317
29395,0.051817555
29396,0.16714756
29397,0.053153016
29398,0.050513126
29399,0.064577155
29400,0.13298614
29401,0.12553288
29402,0.9557693
29403,0.7348548
29404,0.72899175
29405,0.012638732
29406,0.03075745
29407,0.01438578
29408,0.019438032
29409,0.38662857
29410,0.06265131
29411,0.22647364
29412,0.022253968
29413,0.099892765
29414,0.0071223476
29415,0.19741711
29416,0.0908864
29417,0.1009284
29418,0.20540099
29419,0.3449797
29420,0.368439
29421,0.14556552
29422,0.09814211
29423,0.079363495
29424,0.050127316
29425,0.110546626
29426,0.063355766
29427,0.04713517
29428,0.007922235
29429,0.12103768
29430,0.20757067
29431,0.079363495
29432,0.09188156
29433,0.011067602
29434,0.9557693
29435,0.948318
29436,0.9557693
29437,0.1363861
29438,0.020331573
29439,0.0335159
29440,0.41373056
29441,0.022906069
29442,0.0089379735
29443,0.019168993
29444,0.05346429
29445,0.081877396
29446,0.035371333
29447,0.20946765
29448,0.9557693
29449,0.037256643
29450,0.050784934
29451,0.06584838
29452,0.11996592
29453,0.06840598
29454,0.10381919
29455,0.14443633
29456,0.028645623
29457,0.13630275
29458,0.12089572
29459,0.14190622
29460,0.019714015
29461,0.2886642
29462,0.29606366
29463,0.11993547
29464,0.06639535
29465,0.007922235
29466,0.062136505
29467,0.010113833
29468,0.060415756
29469,0.20540099
29470,0.056901917
29471,0.053791597
29472,0.0071223476
29473,0.01421923
29474,0.027688354
29475,0.05437379
29476,0.12592614
29477,0.43926904
29478,0.17825511
29479,0.17343718
29480,0.08714311
29481,0.13012129
29482,0.09675074
29483,0.48249593
29484,0.031732153
29485,0.051890433
29486,0.03935489
29487,0.11847248
29488,0.1560126
29489,0.20168485
29490,0.43932807
29491,0.2652896
29492,0.14744286
29493,0.94931483
29494,0.11236094
29495,0.0071223476
29496,0.15313391
29497,0.1950875
29498,0.008468514
29499,0.0076609217
29500,0.3475714
29501,0.04748593
29502,0.016319308
29503,0.045989085
29504,0.024256865
29505,0.10956271
29506,0.2565416
29507,0.2676722
29508,0.30496663
29509,0.18746713
29510,0.12243818
29511,0.14697978
29512,0.2070817
29513,0.04964523
29514,0.14301436
29515,0.06297162
29516,0.039910708
29517,0.38662857
29518,0.19763717
29519,0.1023091
29520,0.49031565
29521,0.30391595
29522,0.065118656
29523,0.20786308
29524,0.103128135
29525,0.00886093
29526,0.010681613
29527,0.008697048
29528,0.007268069
29529,0.031962104
29530,0.04814189
29531,0.06888673
29532,0.07598988
29533,0.32111287
29534,0.61085284
29535,0.2732106
29536,0.20138058
29537,0.31273088
29538,0.10831565
29539,0.04580997
29540,0.036183577
29541,0.18737398
29542,0.22939868
29543,0.05382402
29544,0.03891003
29545,0.05711687
29546,0.12378986
29547,0.029943487
29548,0.03710565
29549,0.12057324
29550,0.050513126
29551,0.042532418
29552,0.03481794
29553,0.04281465
29554,0.044613473
29555,0.049097933
29556,0.14416082
29557,0.12961131
29558,0.10559359
29559,0.48189652
29560,0.4457935
29561,0.17774817
29562,0.16711824
29563,0.023890562
29564,0.04996537
29565,0.11901043
29566,0.012869265
29567,0.009460591
29568,0.01970291
29569,0.9557693
29570,0.021442961
29571,0.052226175
29572,0.059698474
29573,0.10717412
29574,0.10879786
29575,0.03383036
29576,0.06626491
29577,0.016319308
29578,0.05166444
29579,0.008697048
29580,0.013743616
29581,0.050112583
29582,0.06639535
29583,0.60503304
29584,0.20946765
29585,0.17846292
29586,0.9557693
29587,0.25949523
29588,0.3674303
29589,0.22311921
29590,0.035484567
29591,0.06831957
29592,0.02728861
29593,0.074408494
29594,0.04403346
29595,0.042845007
29596,0.06854612
29597,0.35846666
29598,0.12370746
29599,0.26223603
29600,0.021045646
29601,0.09550756
29602,0.1363861
29603,0.093596585
29604,0.18808934
29605,0.020786442
29606,0.024963036
29607,0.021650873
29608,0.116941996
29609,0.9557693
29610,0.20758997
29611,0.6055007
29612,0.24695913
29613,0.26719937
29614,0.14390628
29615,0.1333119
29616,0.11974125
29617,0.019422231
29618,0.019422231
29619,0.010469167
29620,0.016055644
29621,0.16438912
29622,0.12378986
29623,0.1742304
29624,0.26710954
29625,0.011247575
29626,0.035371333
29627,0.010250709
29628,0.32146546
29629,0.06020014
29630,0.057012334
29631,0.173181
29632,0.022458203
29633,0.0071223476
29634,0.12057324
29635,0.15766186
29636,0.054280225
29637,0.1260036
29638,0.082688905
29639,0.08060785
29640,0.038592085
29641,0.13298614
29642,0.12727532
29643,0.009460591
29644,0.10279412
29645,0.009460591
29646,0.074005805
29647,0.02667614
29648,0.0077645117
29649,0.11747695
29650,0.027890045
29651,0.015461268
29652,0.027075643
29653,0.15507448
29654,0.24188666
29655,0.6055007
29656,0.099272594
29657,0.0118735535
29658,0.021650873
29659,0.007313183
29660,0.070827365
29661,0.13320157
29662,0.011580592
29663,0.022253968
29664,0.030745855
29665,0.013158834
29666,0.016989255
29667,0.0071223476
29668,0.021045646
29669,0.067217775
29670,0.103951186
29671,0.32111287
29672,0.03188894
29673,0.03441333
29674,0.052037712
29675,0.087855704
29676,0.33420554
29677,0.1260036
29678,0.0071223476
29679,0.1486424
29680,0.012869265
29681,0.06305666
29682,0.013971003
29683,0.05167752
29684,0.19450791
29685,0.08173513
29686,0.011733236
29687,0.03176218
29688,0.012638732
29689,0.23596272
29690,0.007922235
29691,0.014610436
29692,0.12378986
29693,0.04996537
29694,0.034980204
29695,0.034629174
29696,0.016658073
29697,0.051341955
29698,0.3591618
29699,0.031835962
29700,0.013743616
29701,0.035911474
29702,0.04964523
29703,0.012830611
29704,0.0340897
29705,0.16301557
29706,0.023890562
29707,0.18323287
29708,0.043467686
29709,0.026261427
29710,0.0071223476
29711,0.08074166
29712,0.056233592
29713,0.05145159
29714,0.21783252
29715,0.091046594
29716,0.112098485
29717,0.0071223476
29718,0.042398345
29719,0.10717412
29720,0.0071223476
29721,0.22624514
29722,0.3682924
29723,0.07566896
29724,0.042960864
29725,0.010113833
29726,0.067367405
29727,0.05167752
29728,0.069266856
29729,0.13720384
29730,0.12813565
29731,0.107661285
29732,0.94931483
29733,0.058030583
29734,0.015290744
29735,0.067401834
29736,0.045663357
29737,0.0071223476
29738,0.052901786
29739,0.38560638
29740,0.08173513
29741,0.17799789
29742,0.026024617
29743,0.016989255
29744,0.0914346
29745,0.013743616
29746,0.06250233
29747,0.025390096
29748,0.031180702
29749,0.05167752
29750,0.07693948
29751,0.020576159
29752,0.083561026
29753,0.11866448
29754,0.015066282
29755,0.0333415
29756,0.028450744
29757,0.086593635
29758,0.108285084
29759,0.031180702
29760,0.069266856
29761,0.9557693
29762,0.032237478
29763,0.06671351
29764,0.0441077
29765,0.03383036
29766,0.029913513
29767,0.027688354
29768,0.012638732
29769,0.018896038
29770,0.20086074
29771,0.04427104
29772,0.007268069
29773,0.0071223476
29774,0.0071223476
29775,0.008283394
29776,0.015502627
29777,0.074408494
29778,0.08143172
29779,0.05437379
29780,0.011067602
29781,0.08797508
29782,0.023750545
29783,0.0071223476
29784,0.08143086
29785,0.36635965
29786,0.0071223476
29787,0.0118735535
29788,0.0071223476
29789,0.032387763
29790,0.007922235
29791,0.013743616
29792,0.16776249
29793,0.055936053
29794,0.013158834
29795,0.012869265
29796,0.070827365
29797,0.21046142
29798,0.092681535
29799,0.020935062
29800,0.04499906
29801,0.023304105
29802,0.079363495
29803,0.010469167
29804,0.06827717
29805,0.23418151
29806,0.15189178
29807,0.007922235
29808,0.01161343
29809,0.018896038
29810,0.012424513
29811,0.0071223476
29812,0.008697048
29813,0.035911474
29814,0.008283394
29815,0.011580592
29816,0.030799652
29817,0.034383222
29818,0.09220096
29819,0.076887004
29820,0.0071223476
29821,0.16729118
29822,0.0089379735
29823,0.2769473
29824,0.009460591
29825,0.0089379735
29826,0.0077645117
29827,0.010113833
29828,0.0147924395
29829,0.019168993
29830,0.025511198
29831,0.016467743
29832,0.0071223476
29833,0.009460591
29834,0.008283394
29835,0.0851369
29836,0.0071223476
29837,0.041675467
29838,0.024676895
29839,0.023094263
29840,0.016714783
29841,0.03910367
29842,0.015502627
29843,0.0077645117
29844,0.114048585
29845,0.039453473
29846,0.0203402
29847,0.0071223476
29848,0.009460591
29849,0.03637662
29850,0.029943487
29851,0.103128135
29852,0.013743616
29853,0.091046594
29854,0.44934064
29855,0.039910708
29856,0.068916835
29857,0.051445827
29858,0.080691755
29859,0.033653386
29860,0.012869265
29861,0.13041516
29862,0.14680983
29863,0.12772723
29864,0.0071223476
29865,0.016467743
29866,0.03894172
29867,0.011067602
29868,0.0071223476
29869,0.04515844
29870,0.008283394
29871,0.081877396
29872,0.120641485
29873,0.31626445
29874,0.0071223476
29875,0.028450744
29876,0.0071223476
29877,0.0071223476
29878,0.05641374
29879,0.03910367
29880,0.028842887
29881,0.015806224
29882,0.028084813
29883,0.007422802
29884,0.012638732
29885,0.025390096
29886,0.2296671
29887,0.20070785
29888,0.014610436
29889,0.063421935
29890,0.0071223476
29891,0.0071223476
29892,0.0336233
29893,0.017201753
29894,0.0076609217
29895,0.0076609217
29896,0.029852882
29897,0.0322268
29898,0.020935062
29899,0.03891148
29900,0.095837876
29901,0.007514238
29902,0.18759565
29903,0.009236465
29904,0.026580911
29905,0.2569332
29906,0.17704187
29907,0.046500012
29908,0.22074777
29909,0.023645611
29910,0.22647364
29911,0.049311567
29912,0.18077919
29913,0.055459023
29914,0.024530547
29915,0.1969415
29916,0.012869265
29917,0.028439732
29918,0.034162533
29919,0.18077919
29920,0.027676594
29921,0.71881056
29922,0.14834173
29923,0.029763589
29924,0.22996803
29925,0.015502627
29926,0.035371333
29927,0.065528326
29928,0.11802995
29929,0.17847125
29930,0.53030527
29931,0.5362935
29932,0.04120824
29933,0.038246408
29934,0.11531254
29935,0.23715834
29936,0.008283394
29937,0.01421923
29938,0.043195553
29939,0.05660003
29940,0.10862076
29941,0.082833044
29942,0.031835962
29943,0.36635965
29944,0.17044796
29945,0.17918162
29946,0.43962124
29947,0.16054124
29948,0.4811994
29949,0.07864552
29950,0.48583305
29951,0.15501253
29952,0.1023091
29953,0.020146895
29954,0.05894629
29955,0.021761384
29956,0.15723777
29957,0.18707617
29958,0.029363044
29959,0.020786442
29960,0.04823843
29961,0.18347874
29962,0.0340897
29963,0.060043022
29964,0.07189403
29965,0.14899099
29966,0.031581964
29967,0.007922235
29968,0.02347673
29969,0.2296671
29970,0.04281465
29971,0.13234115
29972,0.05111542
29973,0.04072466
29974,0.0071223476
29975,0.359894
29976,0.080222175
29977,0.009460591
29978,0.05611997
29979,0.36654013
29980,0.3357532
29981,0.15229212
29982,0.054155327
29983,0.012869265
29984,0.0071223476
29985,0.05067516
29986,0.011421778
29987,0.091046594
29988,0.045590263
29989,0.0563725
29990,0.053574357
29991,0.27663484
29992,0.275181
29993,0.016319308
29994,0.01715368
29995,0.031962104
29996,0.018439706
29997,0.33610976
29998,0.04373978
29999,0.079059884
30000,0.011247575
30001,0.09795907
30002,0.015335122
30003,0.010113833
30004,0.11715888
30005,0.4097884
30006,0.21043772
30007,0.01760922
30008,0.0071223476
30009,0.0078067207
30010,0.07048926
30011,0.020658746
30012,0.023343308
30013,0.1485949
30014,0.16054124
30015,0.09728818
30016,0.065339886
30017,0.11302643
30018,0.0071223476
30019,0.011580592
30020,0.039910708
30021,0.04427104
30022,0.05067516
30023,0.04547411
30024,0.12104186
30025,0.06759731
30026,0.07044275
30027,0.022253968
30028,0.016055644
30029,0.040453218
30030,0.024676895
30031,0.008283394
30032,0.008283394
30033,0.054998085
30034,0.014610436
30035,0.028076489
30036,0.6002357
30037,0.31305212
30038,0.0076609217
30039,0.05741314
30040,0.080138296
30041,0.114080295
30042,0.032270398
30043,0.052914992
30044,0.01438578
30045,0.012869265
30046,0.029932978
30047,0.22336745
30048,0.015290744
30049,0.021045646
30050,0.037671123
30051,0.112756066
30052,0.052037712
30053,0.15279374
30054,0.13879848
30055,0.16200735
30056,0.09097463
30057,0.00886093
30058,0.0071223476
30059,0.05752635
30060,0.061511766
30061,0.17598435
30062,0.1023091
30063,0.38526744
30064,0.055048242
30065,0.020576159
30066,0.07432624
30067,0.112756066
30068,0.034664482
30069,0.018439706
30070,0.013971003
30071,0.034125585
30072,0.022023698
30073,0.025903456
30074,0.026024617
30075,0.087855704
30076,0.05463221
30077,0.11077353
30078,0.06596499
30079,0.07679101
30080,0.18472768
30081,0.27571753
30082,0.049097933
30083,0.007268069
30084,0.05894629
30085,0.010250709
30086,0.040474083
30087,0.016658073
30088,0.12506726
30089,0.05167752
30090,0.111920536
30091,0.069521226
30092,0.055565983
30093,0.0071223476
30094,0.030208403
30095,0.020389384
30096,0.014610436
30097,0.15292819
30098,0.012869265
30099,0.11513619
30100,0.028211994
30101,0.022830408
30102,0.016658073
30103,0.039629254
30104,0.054259367
30105,0.10664215
30106,0.08156973
30107,0.096888304
30108,0.20758997
30109,0.12466678
30110,0.16649893
30111,0.007268069
30112,0.050784934
30113,0.037596643
30114,0.039343894
30115,0.05382628
30116,0.012869265
30117,0.05792992
30118,0.033191077
30119,0.057233933
30120,0.08258855
30121,0.04335868
30122,0.049097933
30123,0.019422231
30124,0.08834578
30125,0.013971003
30126,0.062136073
30127,0.16978651
30128,0.04625549
30129,0.13067554
30130,0.43926904
30131,0.09176175
30132,0.07846803
30133,0.04625549
30134,0.058797844
30135,0.061037295
30136,0.087855704
30137,0.049779058
30138,0.010113833
30139,0.041016884
30140,0.2296671
30141,0.07654027
30142,0.05473609
30143,0.01815341
30144,0.04823843
30145,0.01760922
30146,0.01970291
30147,0.0089379735
30148,0.040504366
30149,0.35344464
30150,0.07316864
30151,0.055748735
30152,0.057523612
30153,0.60243964
30154,0.05148936
30155,0.028256096
30156,0.14596054
30157,0.04281465
30158,0.22571757
30159,0.32907125
30160,0.08074166
30161,0.04748593
30162,0.10121285
30163,0.08133582
30164,0.15292819
30165,0.03181188
30166,0.15295556
30167,0.09078529
30168,0.016045688
30169,0.0071223476
30170,0.012424513
30171,0.011067602
30172,0.03199214
30173,0.074801974
30174,0.10468949
30175,0.0071223476
30176,0.070946515
30177,0.123449594
30178,0.22601752
30179,0.076042145
30180,0.014802689
30181,0.12378986
30182,0.20540099
30183,0.24013913
30184,0.07067331
30185,0.049097933
30186,0.021045646
30187,0.079363495
30188,0.5370165
30189,0.040803242
30190,0.06711224
30191,0.36635965
30192,0.19840573
30193,0.0071223476
30194,0.010113833
30195,0.0071223476
30196,0.03856186
30197,0.052914992
30198,0.2178194
30199,0.21044052
30200,0.010113833
30201,0.06759731
30202,0.09220096
30203,0.12160343
30204,0.14111048
30205,0.11371125
30206,0.18759565
30207,0.23235844
30208,0.08527267
30209,0.010250709
30210,0.120641485
30211,0.07989999
30212,0.045663357
30213,0.25766996
30214,0.9557693
30215,0.012064141
30216,0.33244082
30217,0.012869265
30218,0.06861616
30219,0.21783252
30220,0.0071223476
30221,0.056828696
30222,0.07099732
30223,0.0071223476
30224,0.07016847
30225,0.0071223476
30226,0.4461794
30227,0.028842887
30228,0.05715409
30229,0.20946765
30230,0.112927034
30231,0.23387955
30232,0.23235844
30233,0.3591618
30234,0.13692674
30235,0.081160195
30236,0.08332769
30237,0.95252216
30238,0.29606366
30239,0.38452154
30240,0.019168993
30241,0.15292819
30242,0.10032347
30243,0.009889232
30244,0.04809148
30245,0.007268069
30246,0.008468514
30247,0.008283394
30248,0.038006764
30249,0.087377265
30250,0.07950545
30251,0.057265084
30252,0.09111224
30253,0.14458837
30254,0.16793987
30255,0.121916644
30256,0.0071223476
30257,0.10080761
30258,0.20946765
30259,0.021591673
30260,0.9557693
30261,0.8821682
30262,0.72899175
30263,0.007268069
30264,0.021307472
30265,0.012424513
30266,0.14899099
30267,0.40984625
30268,0.09948489
30269,0.013971003
30270,0.054155327
30271,0.011247575
30272,0.041359834
30273,0.055459023
30274,0.0378222
30275,0.025339246
30276,0.32285392
30277,0.013743616
30278,0.04863826
30279,0.07913106
30280,0.081160195
30281,0.051273394
30282,0.050148718
30283,0.22740917
30284,0.06389162
30285,0.014610436
30286,0.10411027
30287,0.11225732
30288,0.118688494
30289,0.9557693
30290,0.60484874
30291,0.72899175
30292,0.062066443
30293,0.024001082
30294,0.0089379735
30295,0.36154577
30296,0.04823843
30297,0.24345088
30298,0.051890433
30299,0.1485107
30300,0.0071223476
30301,0.15108067
30302,0.0796149
30303,0.11453654
30304,0.20186292
30305,0.3449797
30306,0.41050982
30307,0.10615931
30308,0.081089735
30309,0.043195553
30310,0.037596643
30311,0.057012334
30312,0.0588804
30313,0.030333742
30314,0.19270957
30315,0.19669521
30316,0.07030198
30317,0.12757738
30318,0.020576159
30319,0.9465231
30320,0.948318
30321,0.9557693
30322,0.09331345
30323,0.07067331
30324,0.10979457
30325,0.012064141
30326,0.3677953
30327,0.012638732
30328,0.0071223476
30329,0.016989255
30330,0.027890045
30331,0.08291306
30332,0.057999253
30333,0.20758997
30334,0.9557693
30335,0.0340897
30336,0.07913106
30337,0.052037712
30338,0.129523
30339,0.06375171
30340,0.11950629
30341,0.16478567
30342,0.02645589
30343,0.074570514
30344,0.11024616
30345,0.14102682
30346,0.050479367
30347,0.04003751
30348,0.24878757
30349,0.32078964
30350,0.15032424
30351,0.08060785
30352,0.022906069
30353,0.12057324
30354,0.010113833
30355,0.07046448
30356,0.20727523
30357,0.04835339
30358,0.070598386
30359,0.030206531
30360,0.016451012
30361,0.04281465
30362,0.09736584
30363,0.4457935
30364,0.15617442
30365,0.15328479
30366,0.13202944
30367,0.12206455
30368,0.11679412
30369,0.5394969
30370,0.04809148
30371,0.01993469
30372,0.016451012
30373,0.04375692
30374,0.13306129
30375,0.10103579
30376,0.2081622
30377,0.4811994
30378,0.31587613
30379,0.14142841
30380,0.94931483
30381,0.10067786
30382,0.0118735535
30383,0.08483254
30384,0.2553606
30385,0.007422802
30386,0.028439732
30387,0.44058794
30388,0.043195553
30389,0.02728861
30390,0.048032396
30391,0.016055644
30392,0.10674359
30393,0.22488908
30394,0.2262059
30395,0.24772483
30396,0.22074777
30397,0.12400355
30398,0.13306129
30399,0.1986664
30400,0.008697048
30401,0.12231997
30402,0.019967388
30403,0.0336233
30404,0.44000545
30405,0.19424713
30406,0.075900644
30407,0.52783966
30408,0.2565978
30409,0.0071223476
30410,0.10114103
30411,0.16438912
30412,0.034737267
30413,0.03522061
30414,0.009144417
30415,0.008697048
30416,0.023094263
30417,0.026810242
30418,0.06056443
30419,0.06081175
30420,0.101818286
30421,0.29606366
30422,0.71881056
30423,0.26068282
30424,0.17751238
30425,0.359894
30426,0.12539107
30427,0.12079861
30428,0.08989079
30429,0.15068386
30430,0.25477043
30431,0.075900644
30432,0.020146895
30433,0.09128972
30434,0.10529683
30435,0.019168993
30436,0.051301908
30437,0.103128135
30438,0.026261427
30439,0.031410538
30440,0.01760922
30441,0.019168993
30442,0.021650873
30443,0.049779058
30444,0.028226169
30445,0.03856186
30446,0.13113204
30447,0.12786274
30448,0.1110985
30449,0.4457935
30450,0.38591936
30451,0.26779577
30452,0.16080604
30453,0.031732153
30454,0.011421778
30455,0.050127316
30456,0.10417627
30457,0.0071223476
30458,0.029363044
30459,0.9557693
30460,0.007514238
30461,0.009460591
30462,0.10717412
30463,0.051341955
30464,0.11072921
30465,0.05741314
30466,0.0378222
30467,0.0071223476
30468,0.032237478
30469,0.024963036
30470,0.054303125
30471,0.0629252
30472,0.47448382
30473,0.20969303
30474,0.16699357
30475,0.9557693
30476,0.2667995
30477,0.36054218
30478,0.20761676
30479,0.0327892
30480,0.04375692
30481,0.02728861
30482,0.074408494
30483,0.046619635
30484,0.026261427
30485,0.032982122
30486,0.36635965
30487,0.17696996
30488,0.28288466
30489,0.038137946
30490,0.060706846
30491,0.21059553
30492,0.12160343
30493,0.18323287
30494,0.017384991
30495,0.0071223476
30496,0.010113833
30497,0.11453654
30498,0.9557693
30499,0.18082343
30500,0.72236574
30501,0.25748217
30502,0.29774284
30503,0.18759565
30504,0.18081033
30505,0.16119903
30506,0.0071223476
30507,0.012869265
30508,0.010250709
30509,0.024963036
30510,0.01438578
30511,0.13888498
30512,0.14407915
30513,0.2943871
30514,0.30218133
30515,0.041903105
30516,0.077875435
30517,0.24909317
30518,0.040192485
30519,0.04814189
30520,0.1666765
30521,0.0369045
30522,0.096218064
30523,0.17343718
30524,0.07128343
30525,0.14238375
30526,0.13026778
30527,0.06726768
30528,0.03411147
30529,0.12898588
30530,0.11159886
30531,0.024530547
30532,0.018239334
30533,0.0677918
30534,0.071672514
30535,0.029088048
30536,0.0071223476
30537,0.07489111
30538,0.022458203
30539,0.026894392
30540,0.023874983
30541,0.1486923
30542,0.28953764
30543,0.6055007
30544,0.11453654
30545,0.025541004
30546,0.007922235
30547,0.027871327
30548,0.060043022
30549,0.16776249
30550,0.012246222
30551,0.012869265
30552,0.07529949
30553,0.016989255
30554,0.009889232
30555,0.012638732
30556,0.08106561
30557,0.065723956
30558,0.36635965
30559,0.023094263
30560,0.0071223476
30561,0.041903105
30562,0.07316864
30563,0.07913106
30564,0.38597623
30565,0.098877154
30566,0.0071223476
30567,0.13526604
30568,0.062136073
30569,0.01970291
30570,0.063723445
30571,0.11138422
30572,0.034664482
30573,0.05067516
30574,0.011247575
30575,0.24188666
30576,0.007660015
30577,0.0089379735
30578,0.013431989
30579,0.013971003
30580,0.115217976
30581,0.07016847
30582,0.031581964
30583,0.019168993
30584,0.020389384
30585,0.052914992
30586,0.28986633
30587,0.040822897
30588,0.03199214
30589,0.0713044
30590,0.019362113
30591,0.07016847
30592,0.15617442
30593,0.037596643
30594,0.20186219
30595,0.018170316
30596,0.013971003
30597,0.012638732
30598,0.071196936
30599,0.05792992
30600,0.030541094
30601,0.24718642
30602,0.091046594
30603,0.21297236
30604,0.020389384
30605,0.05490538
30606,0.08173513
30607,0.007268069
30608,0.23472601
30609,0.38647997
30610,0.08050892
30611,0.064822435
30612,0.103128135
30613,0.098668575
30614,0.09324447
30615,0.17472145
30616,0.085414164
30617,0.04874782
30618,0.94931483
30619,0.015502627
30620,0.06511345
30621,0.0071223476
30622,0.05730231
30623,0.07316864
30624,0.016989255
30625,0.015502627
30626,0.080222175
30627,0.44549906
30628,0.083561026
30629,0.173181
30630,0.029657777
30631,0.10047775
30632,0.0071223476
30633,0.036363833
30634,0.038592085
30635,0.056009643
30636,0.0340897
30637,0.043726537
30638,0.024530547
30639,0.01438578
30640,0.07423714
30641,0.0118735535
30642,0.14272581
30643,0.016599
30644,0.06602906
30645,0.044456415
30646,0.114751786
30647,0.007922235
30648,0.008697048
30649,0.027041273
30650,0.9557693
30651,0.05949306
30652,0.11900816
30653,0.023004983
30654,0.027676594
30655,0.057999253
30656,0.019565575
30657,0.01314234
30658,0.009460591
30659,0.17598435
30660,0.024963036
30661,0.007268069
30662,0.0071223476
30663,0.012869265
30664,0.0089379735
30665,0.015502627
30666,0.029932978
30667,0.11915634
30668,0.09208349
30669,0.029657777
30670,0.028290018
30671,0.2732106
30672,0.010250709
30673,0.025903456
30674,0.009144417
30675,0.0147924395
30676,0.012638732
30677,0.07089563
30678,0.0071223476
30679,0.028450744
30680,0.18077919
30681,0.07016847
30682,0.016319308
30683,0.025968308
30684,0.0077645117
30685,0.08448325
30686,0.19122376
30687,0.09795907
30688,0.03856186
30689,0.052037712
30690,0.016863273
30691,0.075900644
30692,0.0147924395
30693,0.049097933
30694,0.1802712
30695,0.20503077
30696,0.011580592
30697,0.026603188
30698,0.012424513
30699,0.01993469
30700,0.008468514
30701,0.007922235
30702,0.01438578
30703,0.009889232
30704,0.05067516
30705,0.053687703
30706,0.06315414
30707,0.0830319
30708,0.14916123
30709,0.0089379735
30710,0.23472601
30711,0.009460591
30712,0.024676895
30713,0.010250709
30714,0.007922235
30715,0.011421778
30716,0.015290744
30717,0.015290744
30718,0.011421778
30719,0.0071223476
30720,0.023094263
30721,0.007422802
30722,0.016658073
30723,0.11182631
30724,0.021045646
30725,0.025254706
30726,0.026660772
30727,0.012638732
30728,0.0071223476
30729,0.015066282
30730,0.0077645117
30731,0.116349354
30732,0.015290744
30733,0.014802689
30734,0.0071223476
30735,0.049211025
30736,0.026947157
30737,0.058320522
30738,0.013743616
30739,0.091046594
30740,0.36058986
30741,0.030208403
30742,0.04625549
30743,0.08803265
30744,0.04580997
30745,0.034694593
30746,0.009460591
30747,0.12639189
30748,0.0071223476
30749,0.11747695
30750,0.15544286
30751,0.015066282
30752,0.026024617
30753,0.035547562
30754,0.016989255
30755,0.015066282
30756,0.010887391
30757,0.025789095
30758,0.01421923
30759,0.07630845
30760,0.06042496
30761,0.0372675
30762,0.007922235
30763,0.20795071
30764,0.01760922
30765,0.018439706
30766,0.00967297
30767,0.0071223476
30768,0.026532343
30769,0.034664482
30770,0.059308287
30771,0.032430008
30772,0.02748327
30773,0.007922235
30774,0.013431989
30775,0.2128428
30776,0.17774817
30777,0.009144417
30778,0.017811406
30779,0.076707564
30780,0.018439706
30781,0.007589356
30782,0.05960633
30783,0.03313812
30784,0.02860405
30785,0.040058363
30786,0.11015352
30787,0.012064141
30788,0.02960754
30789,0.043726537
30790,0.01438578
30791,0.038551286
30792,0.091965765
30793,0.051966686
30794,0.3273623
30795,0.036363833
30796,0.0891213
30797,0.2738977
30798,0.23190482
30799,0.020177132
30800,0.22624514
30801,0.15969983
30802,0.2571745
30803,0.035293486
30804,0.29496068
30805,0.026452081
30806,0.023343308
30807,0.27255246
30808,0.007589356
30809,0.013410914
30810,0.018011695
30811,0.19369575
30812,0.02941248
30813,0.8874116
30814,0.22434142
30815,0.007514238
30816,0.22624514
30817,0.021045646
30818,0.025903456
30819,0.052006446
30820,0.051818036
30821,0.0071223476
30822,0.03423265
30823,0.09325025
30824,0.4836632
30825,0.7198559
30826,0.71792316
30827,0.02097329
30828,0.18031096
30829,0.12132228
30830,0.35457048
30831,0.07378746
30832,0.07747588
30833,0.043275226
30834,0.08733643
30835,0.031835962
30836,0.30359694
30837,0.13728586
30838,0.2565978
30839,0.68563616
30840,0.122821316
30841,0.014884228
30842,0.61084497
30843,0.07623551
30844,0.4277892
30845,0.10063903
30846,0.055354856
30847,0.013971003
30848,0.1074318
30849,0.088743575
30850,0.110961616
30851,0.13632701
30852,0.016467743
30853,0.033939168
30854,0.13209344
30855,0.16912346
30856,0.056129355
30857,0.11992638
30858,0.10403813
30859,0.20535243
30860,0.0071223476
30861,0.02347673
30862,0.058030583
30863,0.2075002
30864,0.16088915
30865,0.28962785
30866,0.015502627
30867,0.05999806
30868,0.011720886
30869,0.015290744
30870,0.013971003
30871,0.29001814
30872,0.044941545
30873,0.092681535
30874,0.5311794
30875,0.25629032
30876,0.010463113
30877,0.16512898
30878,0.10293949
30879,0.011247575
30880,0.011421778
30881,0.017005378
30882,0.10647943
30883,0.057045862
30884,0.28613618
30885,0.24772483
30886,0.007589356
30887,0.044232134
30888,0.024274692
30889,0.30541763
30890,0.069091484
30891,0.06828583
30892,0.01106733
30893,0.13543604
30894,0.0340897
30895,0.07482362
30896,0.2347127
30897,0.52783966
30898,0.17301808
30899,0.021307472
30900,0.019422231
30901,0.03313812
30902,0.045434006
30903,0.04107356
30904,0.0071223476
30905,0.18080457
30906,0.14914136
30907,0.1594161
30908,0.07724386
30909,0.11764035
30910,0.011580592
30911,0.05288272
30912,0.037920807
30913,0.032585923
30914,0.050610706
30915,0.15738864
30916,0.03170326
30917,0.08945722
30918,0.0071223476
30919,0.011580592
30920,0.032858502
30921,0.022227885
30922,0.0071223476
30923,0.021307472
30924,0.061876096
30925,0.051304847
30926,0.5391768
30927,0.20520614
30928,0.036928907
30929,0.057956994
30930,0.09531526
30931,0.08089318
30932,0.034922853
30933,0.04652751
30934,0.031410538
30935,0.16791962
30936,0.032499295
30937,0.029932978
30938,0.030607402
30939,0.114269026
30940,0.07623551
30941,0.096602306
30942,0.13253519
30943,0.11990911
30944,0.047151964
30945,0.0309421
30946,0.014610436
30947,0.067056276
30948,0.05619858
30949,0.24252215
30950,0.050497457
30951,0.3221774
30952,0.07819879
30953,0.02887891
30954,0.11307037
30955,0.018556098
30956,0.026688987
30957,0.014884228
30958,0.009275723
30959,0.094672404
30960,0.026987571
30961,0.019168993
30962,0.015502627
30963,0.026140241
30964,0.06464408
30965,0.047770575
30966,0.056676503
30967,0.08179012
30968,0.09907279
30969,0.17167515
30970,0.30752018
30971,0.07174912
30972,0.0071223476
30973,0.10033673
30974,0.02347673
30975,0.044232134
30976,0.007922235
30977,0.07796091
30978,0.07542452
30979,0.068164304
30980,0.065053575
30981,0.14029303
30982,0.025903456
30983,0.041417606
30984,0.016658073
30985,0.0071223476
30986,0.016658073
30987,0.20215705
30988,0.10118948
30989,0.0071223476
30990,0.0071223476
30991,0.047073476
30992,0.07104282
30993,0.06152366
30994,0.094614476
30995,0.075192936
30996,0.23181517
30997,0.15197888
30998,0.16862048
30999,0.007422802
31000,0.07009234
31001,0.0071223476
31002,0.047770575
31003,0.023920361
31004,0.026539536
31005,0.031402934
31006,0.029932978
31007,0.036038317
31008,0.045602065
31009,0.012064141
31010,0.07248566
31011,0.068582155
31012,0.020363864
31013,0.057777695
31014,0.019422231
31015,0.03383036
31016,0.08495358
31017,0.01760922
31018,0.046438266
31019,0.14280398
31020,0.041417606
31021,0.14728205
31022,0.52783966
31023,0.05653482
31024,0.079954855
31025,0.045869436
31026,0.08587098
31027,0.067056276
31028,0.08856382
31029,0.03147336
31030,0.30246565
31031,0.074471265
31032,0.07009234
31033,0.034664482
31034,0.06918797
31035,0.012869265
31036,0.023343308
31037,0.019168993
31038,0.0071223476
31039,0.04582284
31040,0.42898655
31041,0.07174912
31042,0.05159792
31043,0.075192936
31044,0.59113693
31045,0.057553597
31046,0.0071223476
31047,0.105516694
31048,0.053291865
31049,0.22571757
31050,0.32907125
31051,0.053623006
31052,0.0077645117
31053,0.07174912
31054,0.09827334
31055,0.16235389
31056,0.14982717
31057,0.017053679
31058,0.10357511
31059,0.04848985
31060,0.009275723
31061,0.07049269
31062,0.012246222
31063,0.019422231
31064,0.026494961
31065,0.088978074
31066,0.054801278
31067,0.010463113
31068,0.0934991
31069,0.1399496
31070,0.19287576
31071,0.05571419
31072,0.013935707
31073,0.10985739
31074,0.16752763
31075,0.19123213
31076,0.074471265
31077,0.07717086
31078,0.016658073
31079,0.08272378
31080,0.44000545
31081,0.0071223476
31082,0.10806606
31083,0.33175936
31084,0.15422681
31085,0.010463113
31086,0.013971003
31087,0.034664482
31088,0.07936144
31089,0.20161407
31090,0.2131396
31091,0.0098975245
31092,0.074471265
31093,0.101875894
31094,0.14036858
31095,0.08997725
31096,0.10207285
31097,0.14021383
31098,0.21752143
31099,0.087737784
31100,0.012869265
31101,0.054064855
31102,0.11509694
31103,0.036363833
31104,0.20727523
31105,0.9557693
31106,0.029117815
31107,0.26554596
31108,0.012869265
31109,0.05999806
31110,0.19458449
31111,0.012869265
31112,0.044232134
31113,0.047151964
31114,0.021307472
31115,0.07747588
31116,0.52324593
31117,0.044776898
31118,0.05271027
31119,0.2650828
31120,0.1279604
31121,0.25605714
31122,0.27097994
31123,0.3591618
31124,0.20468761
31125,0.10647943
31126,0.076003745
31127,0.95252216
31128,0.35879907
31129,0.43781734
31130,0.041960906
31131,0.10372847
31132,0.10856974
31133,0.019168993
31134,0.019422231
31135,0.01438578
31136,0.05635126
31137,0.007268069
31138,0.008468514
31139,0.0071223476
31140,0.032585923
31141,0.043726537
31142,0.09043592
31143,0.09405677
31144,0.10647943
31145,0.12342544
31146,0.1364577
31147,0.13136438
31148,0.011720886
31149,0.100003555
31150,0.20758997
31151,0.01601556
31152,0.043726537
31153,0.9557693
31154,0.9557693
31155,0.72899175
31156,0.007268069
31157,0.01438578
31158,0.10465471
31159,0.3677953
31160,0.094825886
31161,0.04834286
31162,0.058254667
31163,0.0071223476
31164,0.04834286
31165,0.05715409
31166,0.032778807
31167,0.0333176
31168,0.34708175
31169,0.013743616
31170,0.030206531
31171,0.10118948
31172,0.09730256
31173,0.02996298
31174,0.049876206
31175,0.21814446
31176,0.1074318
31177,0.025903456
31178,0.12706567
31179,0.15990096
31180,0.15283543
31181,0.9557693
31182,0.72132564
31183,0.72899175
31184,0.028976256
31185,0.08593397
31186,0.023094263
31187,0.014610436
31188,0.44000545
31189,0.08913076
31190,0.25118303
31191,0.06263242
31192,0.1963945
31193,0.010113833
31194,0.15990096
31195,0.12108104
31196,0.12088771
31197,0.16970429
31198,0.38452154
31199,0.44000545
31200,0.09651721
31201,0.069777906
31202,0.038551286
31203,0.030208403
31204,0.098432176
31205,0.071451664
31206,0.022625657
31207,0.015502627
31208,0.17663734
31209,0.21126378
31210,0.050497457
31211,0.15108067
31212,0.037852407
31213,0.8821682
31214,0.948318
31215,0.9557693
31216,0.15738864
31217,0.042470537
31218,0.12706567
31219,0.4771095
31220,0.017382937
31221,0.00967297
31222,0.009460591
31223,0.01970291
31224,0.021307472
31225,0.08446504
31226,0.013410914
31227,0.20758997
31228,0.9557693
31229,0.028439732
31230,0.092681535
31231,0.05715409
31232,0.09435803
31233,0.043726537
31234,0.11725075
31235,0.22687264
31236,0.028084813
31237,0.11588269
31238,0.12781335
31239,0.11396682
31240,0.029154114
31241,0.013453878
31242,0.2732106
31243,0.31135306
31244,0.16428456
31245,0.09661976
31246,0.0089379735
31247,0.11396682
31248,0.012064141
31249,0.10923792
31250,0.17997737
31251,0.026860032
31252,0.04126601
31253,0.0071223476
31254,0.011421778
31255,0.011580592
31256,0.016714783
31257,0.051670775
31258,0.14254446
31259,0.4097884
31260,0.18347874
31261,0.14047335
31262,0.10484699
31263,0.12681794
31264,0.08407799
31265,0.60503304
31266,0.06570908
31267,0.02097329
31268,0.018011695
31269,0.121440396
31270,0.11540399
31271,0.20116071
31272,0.3674303
31273,0.32907125
31274,0.10798888
31275,0.94931483
31276,0.1292721
31277,0.009275723
31278,0.09022537
31279,0.22366686
31280,0.010887391
31281,0.06267124
31282,0.47626618
31283,0.053291865
31284,0.009460591
31285,0.053259462
31286,0.023343308
31287,0.04407918
31288,0.24701107
31289,0.18322039
31290,0.2584954
31291,0.17847125
31292,0.09615849
31293,0.10058079
31294,0.24560976
31295,0.024000742
31296,0.18651818
31297,0.07747588
31298,0.027797198
31299,0.4858348
31300,0.21752143
31301,0.07936144
31302,0.5926703
31303,0.28897953
31304,0.08671745
31305,0.13773596
31306,0.10033673
31307,0.045717195
31308,0.010463113
31309,0.0071223476
31310,0.008697048
31311,0.014610436
31312,0.036038317
31313,0.06682649
31314,0.071950145
31315,0.09566224
31316,0.2886642
31317,0.71881056
31318,0.31167397
31319,0.1950875
31320,0.359894
31321,0.10407664
31322,0.07424922
31323,0.06605341
31324,0.14206906
31325,0.20946765
31326,0.040058363
31327,0.012246222
31328,0.04299742
31329,0.14206906
31330,0.01438578
31331,0.03262847
31332,0.08945722
31333,0.020177132
31334,0.051045492
31335,0.007922235
31336,0.01760922
31337,0.018712543
31338,0.022023698
31339,0.08272378
31340,0.03949521
31341,0.04834286
31342,0.11456379
31343,0.12305409
31344,0.06823139
31345,0.47349432
31346,0.43926904
31347,0.22582886
31348,0.15197888
31349,0.05825071
31350,0.022227885
31351,0.03949521
31352,0.15093061
31353,0.007922235
31354,0.9557693
31355,0.029518263
31356,0.017382937
31357,0.09324447
31358,0.055575367
31359,0.08281746
31360,0.025224866
31361,0.039343894
31362,0.018712543
31363,0.058904372
31364,0.057591047
31365,0.53030527
31366,0.23976251
31367,0.12969717
31368,0.9557693
31369,0.2543348
31370,0.36022678
31371,0.12879679
31372,0.047073476
31373,0.014610436
31374,0.047151964
31375,0.071886405
31376,0.015502627
31377,0.04950665
31378,0.3660429
31379,0.14445941
31380,0.1984307
31381,0.014610436
31382,0.081160195
31383,0.13551933
31384,0.10917922
31385,0.18610194
31386,0.05701506
31387,0.00967297
31388,0.009144417
31389,0.020177132
31390,0.09830271
31391,0.9557693
31392,0.20404552
31393,0.6055007
31394,0.23377
31395,0.2584954
31396,0.15395418
31397,0.12961131
31398,0.20563498
31399,0.019422231
31400,0.012869265
31401,0.013971003
31402,0.036083344
31403,0.026860032
31404,0.15990096
31405,0.14799972
31406,0.1485107
31407,0.23504594
31408,0.009275723
31409,0.10856974
31410,0.23719561
31411,0.021045646
31412,0.057338215
31413,0.16276169
31414,0.010887391
31415,0.0071223476
31416,0.101951934
31417,0.14535643
31418,0.03994522
31419,0.14899099
31420,0.07742175
31421,0.102694616
31422,0.03383036
31423,0.15108067
31424,0.10647943
31425,0.016467743
31426,0.12303817
31427,0.0089379735
31428,0.1197099
31429,0.04344406
31430,0.012246222
31431,0.098552704
31432,0.015290744
31433,0.039343894
31434,0.024125556
31435,0.15301774
31436,0.27358606
31437,0.67925346
31438,0.17288399
31439,0.01760922
31440,0.0071223476
31441,0.05564455
31442,0.06450409
31443,0.15171607
31444,0.011580592
31445,0.015751973
31446,0.012869265
31447,0.033536993
31448,0.022906069
31449,0.0071223476
31450,0.0071223476
31451,0.089634426
31452,0.07528909
31453,0.36635965
31454,0.01760922
31455,0.014610436
31456,0.023727203
31457,0.07174912
31458,0.05395146
31459,0.36058986
31460,0.18051566
31461,0.0071223476
31462,0.1735314
31463,0.0821188
31464,0.013971003
31465,0.05638433
31466,0.15654373
31467,0.058807038
31468,0.015502627
31469,0.011247575
31470,0.21019277
31471,0.04861215
31472,0.007922235
31473,0.01314234
31474,0.023727203
31475,0.14037666
31476,0.040058363
31477,0.040650666
31478,0.021045646
31479,0.01760922
31480,0.041417606
31481,0.24853973
31482,0.016467743
31483,0.007922235
31484,0.028612094
31485,0.029073868
31486,0.04652751
31487,0.26423898
31488,0.051122412
31489,0.17043224
31490,0.059672277
31491,0.02887891
31492,0.0071223476
31493,0.111158416
31494,0.07819309
31495,0.024000742
31496,0.2296671
31497,0.014884228
31498,0.22654521
31499,0.015751973
31500,0.058030583
31501,0.06267124
31502,0.25629032
31503,0.4398512
31504,0.07210045
31505,0.0714777
31506,0.11396682
31507,0.07174912
31508,0.074471265
31509,0.1601848
31510,0.1007969
31511,0.075192936
31512,0.94931483
31513,0.015502627
31514,0.09220096
31515,0.03163011
31516,0.053439543
31517,0.08272378
31518,0.007268069
31519,0.022458203
31520,0.0704116
31521,0.34639287
31522,0.049344797
31523,0.19312868
31524,0.041267596
31525,0.05218522
31526,0.012460404
31527,0.036363833
31528,0.025903456
31529,0.03705109
31530,0.04095209
31531,0.050497457
31532,0.023343308
31533,0.07819309
31534,0.008129483
31535,0.095896445
31536,0.010887391
31537,0.045869436
31538,0.011421778
31539,0.04888978
31540,0.098848745
31541,0.10236073
31542,0.0071223476
31543,0.018712543
31544,0.9557693
31545,0.035003882
31546,0.13324954
31547,0.07936144
31548,0.024421003
31549,0.019967388
31550,0.03475417
31551,0.0071223476
31552,0.2565416
31553,0.012869265
31554,0.007268069
31555,0.0071223476
31556,0.008283394
31557,0.0071223476
31558,0.05990051
31559,0.11556329
31560,0.024963036
31561,0.07257462
31562,0.022906069
31563,0.022906069
31564,0.046103183
31565,0.2732106
31566,0.01421923
31567,0.011421778
31568,0.031122208
31569,0.071447656
31570,0.1713954
31571,0.047151964
31572,0.038743414
31573,0.007922235
31574,0.11992638
31575,0.18465683
31576,0.11509694
31577,0.08694658
31578,0.03075745
31579,0.04625549
31580,0.011720886
31581,0.03075745
31582,0.18610194
31583,0.17499484
31584,0.007922235
31585,0.017802047
31586,0.0071223476
31587,0.012246222
31588,0.010113833
31589,0.010887391
31590,0.0071223476
31591,0.04003751
31592,0.04625549
31593,0.07747588
31594,0.120178156
31595,0.08939166
31596,0.012460404
31597,0.21032338
31598,0.0089379735
31599,0.29052633
31600,0.023094263
31601,0.010887391
31602,0.008697048
31603,0.015290744
31604,0.0071223476
31605,0.0077645117
31606,0.06747892
31607,0.0071223476
31608,0.07101316
31609,0.04040704
31610,0.060296305
31611,0.01314234
31612,0.053841356
31613,0.00967297
31614,0.024545083
31615,0.10530903
31616,0.010887391
31617,0.016660348
31618,0.0071223476
31619,0.051045492
31620,0.11198403
31621,0.007422802
31622,0.009460591
31623,0.38597623
31624,0.051122412
31625,0.06189746
31626,0.09861084
31627,0.044822898
31628,0.023094263
31629,0.010250709
31630,0.15682675
31631,0.018011695
31632,0.14319806
31633,0.009144417
31634,0.13780294
31635,0.026140241
31636,0.0071223476
31637,0.030607402
31638,0.022227885
31639,0.007422802
31640,0.010463113
31641,0.007514238
31642,0.00967297
31643,0.0071223476
31644,0.0071223476
31645,0.019691339
31646,0.08856382
31647,0.09324447
31648,0.016467743
31649,0.1670362
31650,0.018011695
31651,0.011421778
31652,0.035444718
31653,0.055278447
31654,0.0071223476
31655,0.029932978
31656,0.026334679
31657,0.25118303
31658,0.15328768
31659,0.009144417
31660,0.12147414
31661,0.019168993
31662,0.036374684
31663,0.019422231
31664,0.11263711
31665,0.01815341
31666,0.05460129
31667,0.05271027
31668,0.012064141
31669,0.012438029
31670,0.0322268
31671,0.05236676
31672,0.08694658
31673,0.045932107
31674,0.031553075
31675,0.361744
31676,0.1358175
31677,0.12748888
31678,0.17718142
31679,0.17214821
31680,0.01970291
31681,0.0631406
31682,0.15766186
31683,0.11509694
31684,0.29615438
31685,0.023416508
31686,0.07336231
31687,0.0076609217
31688,0.013743616
31689,0.14374095
31690,0.014610436
31691,0.22434142
31692,0.71881056
31693,0.14428481
31694,0.012605361
31695,0.036212973
31696,0.26018667
31697,0.10013027
31698,0.024000742
31699,0.06948745
31700,0.032987725
31701,0.10817122
31702,0.32907125
31703,0.44058794
31704,0.4731943
31705,0.007660015
31706,0.08249062
31707,0.096175596
31708,0.24219058
31709,0.03949521
31710,0.043726537
31711,0.08044527
31712,0.099678785
31713,0.28003144
31714,0.22298798
31715,0.2296671
31716,0.52783966
31717,0.22985397
31718,0.0071223476
31719,0.5184938
31720,0.022906069
31721,0.064979784
31722,0.35350826
31723,0.09285926
31724,0.04467643
31725,0.023343308
31726,0.06244241
31727,0.023727203
31728,0.106767334
31729,0.24383248
31730,0.13537128
31731,0.02887891
31732,0.069794945
31733,0.08379723
31734,0.39883202
31735,0.088978074
31736,0.007422802
31737,0.012452584
31738,0.106609575
31739,0.10360425
31740,0.19571304
31741,0.025361875
31742,0.033939168
31743,0.07717086
31744,0.02347673
31745,0.2292085
31746,0.1410232
31747,0.3144606
31748,0.021307472
31749,0.043674003
31750,0.051580086
31751,0.01106733
31752,0.013971003
31753,0.52712095
31754,0.1267224
31755,0.06068879
31756,0.33315864
31757,0.43537349
31758,0.010463113
31759,0.08457549
31760,0.095805556
31761,0.007922235
31762,0.027642561
31763,0.04080056
31764,0.033564754
31765,0.07503356
31766,0.081861466
31767,0.31135306
31768,0.4811994
31769,0.016658073
31770,0.030483749
31771,0.009460591
31772,0.042652655
31773,0.03746986
31774,0.053259462
31775,0.28248924
31776,0.04003751
31777,0.023890562
31778,0.01106733
31779,0.09301248
31780,0.041833524
31781,0.13897455
31782,0.68563616
31783,0.17301808
31784,0.0071223476
31785,0.040058363
31786,0.101734705
31787,0.06385368
31788,0.021045646
31789,0.17598818
31790,0.15902722
31791,0.09574545
31792,0.06759042
31793,0.078516275
31794,0.011580592
31795,0.035154574
31796,0.026140241
31797,0.026860032
31798,0.012869265
31799,0.15990096
31800,0.06658085
31801,0.08671745
31802,0.012064141
31803,0.023094263
31804,0.0071223476
31805,0.01760922
31806,0.015290744
31807,0.033449937
31808,0.052298516
31809,0.022256287
31810,0.007268069
31811,0.030607402
31812,0.5391768
31813,0.29001814
31814,0.041833524
31815,0.038201794
31816,0.0071223476
31817,0.109712705
31818,0.08012151
31819,0.044776898
31820,0.04489594
31821,0.022227885
31822,0.03614944
31823,0.13404192
31824,0.030206531
31825,0.017051626
31826,0.044776898
31827,0.10293949
31828,0.09794908
31829,0.08439628
31830,0.13983825
31831,0.13823125
31832,0.047151964
31833,0.036552623
31834,0.023343308
31835,0.039134815
31836,0.034904815
31837,0.24554127
31838,0.07819309
31839,0.33315864
31840,0.09245536
31841,0.039093092
31842,0.07751779
31843,0.008853789
31844,0.0104375845
31845,0.018011695
31846,0.010250709
31847,0.07410933
31848,0.024000742
31849,0.045221426
31850,0.10518162
31851,0.039134815
31852,0.04950665
31853,0.038551286
31854,0.08599643
31855,0.17920041
31856,0.24402025
31857,0.105657905
31858,0.01760922
31859,0.071518324
31860,0.01421923
31861,0.057956994
31862,0.05894629
31863,0.07526511
31864,0.096408
31865,0.031323206
31866,0.1505995
31867,0.030922053
31868,0.058351204
31869,0.02347673
31870,0.017811406
31871,0.22985397
31872,0.010668842
31873,0.021680169
31874,0.076537326
31875,0.007268069
31876,0.010463113
31877,0.0071223476
31878,0.017051626
31879,0.013453878
31880,0.09951977
31881,0.034664482
31882,0.13048223
31883,0.08519868
31884,0.20946765
31885,0.14414309
31886,0.18318656
31887,0.012246222
31888,0.09587385
31889,0.011720886
31890,0.03670354
31891,0.055905428
31892,0.04014617
31893,0.0071223476
31894,0.058351204
31895,0.04254818
31896,0.011911443
31897,0.047151964
31898,0.049653795
31899,0.023343308
31900,0.008303432
31901,0.007922235
31902,0.019422231
31903,0.010250709
31904,0.01438578
31905,0.12116197
31906,0.0071223476
31907,0.045078482
31908,0.20096977
31909,0.04072466
31910,0.1248674
31911,0.4353146
31912,0.08588634
31913,0.12279088
31914,0.04489594
31915,0.08106561
31916,0.06230269
31917,0.102285706
31918,0.05805351
31919,0.024421003
31920,0.33610976
31921,0.09324447
31922,0.047807712
31923,0.07747588
31924,0.04437854
31925,0.028211994
31926,0.018712543
31927,0.02347673
31928,0.04798295
31929,0.47192517
31930,0.05740534
31931,0.057521284
31932,0.088743575
31933,0.6780778
31934,0.08089318
31935,0.009275723
31936,0.076695785
31937,0.043726537
31938,0.12470678
31939,0.30124456
31940,0.050497457
31941,0.024963036
31942,0.043726537
31943,0.11658208
31944,0.10756556
31945,0.17019685
31946,0.020331573
31947,0.12013875
31948,0.064348
31949,0.010887391
31950,0.05271027
31951,0.014884228
31952,0.03724438
31953,0.009275723
31954,0.09951977
31955,0.06140145
31956,0.01438578
31957,0.05892678
31958,0.15068386
31959,0.21245047
31960,0.11779704
31961,0.021239122
31962,0.115369126
31963,0.19396827
31964,0.20520614
31965,0.053291865
31966,0.034664482
31967,0.021045646
31968,0.07174912
31969,0.4097884
31970,0.05532062
31971,0.16250934
31972,0.3449797
31973,0.17044796
31974,0.012869265
31975,0.0071223476
31976,0.013971003
31977,0.024548344
31978,0.06444844
31979,0.22488196
31980,0.20352033
31981,0.08574354
31982,0.114269026
31983,0.110467754
31984,0.15560816
31985,0.1248674
31986,0.1957612
31987,0.21752143
31988,0.09908109
31989,0.053482823
31990,0.09554202
31991,0.050062895
31992,0.23178533
31993,0.9557693
31994,0.08939166
31995,0.007422802
31996,0.3456679
31997,0.0071223476
31998,0.056613456
31999,0.23151381
32000,0.015290744
32001,0.013453878
32002,0.034383222
32003,0.06419879
32004,0.008697048
32005,0.057526343
32006,0.0071223476
32007,0.4858348
32008,0.04888978
32009,0.06152366
32010,0.26223603
32011,0.13048223
32012,0.21019277
32013,0.23976251
32014,0.3591618
32015,0.1735314
32016,0.071518324
32017,0.078728996
32018,0.8790432
32019,0.3591618
32020,0.384087
32021,0.007422802
32022,0.022227885
32023,0.104711615
32024,0.016467743
32025,0.0950602
32026,0.016658073
32027,0.0077645117
32028,0.03170326
32029,0.007922235
32030,0.031151827
32031,0.05854846
32032,0.09043592
32033,0.09405677
32034,0.069257155
32035,0.1074318
32036,0.17251526
32037,0.13136438
32038,0.08249062
32039,0.2569332
32040,0.01601556
32041,0.026688987
32042,0.9557693
32043,0.8821682
32044,0.72899175
32045,0.007268069
32046,0.01421923
32047,0.19621013
32048,0.3677953
32049,0.045550276
32050,0.024548344
32051,0.026494961
32052,0.01542696
32053,0.03147336
32054,0.06457785
32055,0.01314234
32056,0.34602478
32057,0.007422802
32058,0.020363864
32059,0.044380147
32060,0.07973752
32061,0.047151964
32062,0.033419862
32063,0.21301086
32064,0.11509694
32065,0.021045646
32066,0.17863996
32067,0.173171
32068,0.1485107
32069,0.9557693
32070,0.7204453
32071,0.72899175
32072,0.07039105
32073,0.024000742
32074,0.0071223476
32075,0.43604898
32076,0.10581293
32077,0.19789869
32078,0.059308287
32079,0.13986602
32080,0.008697048
32081,0.14899099
32082,0.08649251
32083,0.106888786
32084,0.15624307
32085,0.3449797
32086,0.4738876
32087,0.14045548
32088,0.09022537
32089,0.045869436
32090,0.03949521
32091,0.08050892
32092,0.036038317
32093,0.016147222
32094,0.1587742
32095,0.2016327
32096,0.043726537
32097,0.13995922
32098,0.0071223476
32099,0.8821682
32100,0.948318
32101,0.9557693
32102,0.15068386
32103,0.04761805
32104,0.15774126
32105,0.4771095
32106,0.018712543
32107,0.01314234
32108,0.016658073
32109,0.008468514
32110,0.06346706
32111,0.034904815
32112,0.17781754
32113,0.9557693
32114,0.055873603
32115,0.07583214
32116,0.04095209
32117,0.11914273
32118,0.050497457
32119,0.10253606
32120,0.30124456
32121,0.024615118
32122,0.10873636
32123,0.1320594
32124,0.16435698
32125,0.042622313
32126,0.031835962
32127,0.33175936
32128,0.3583982
32129,0.12829804
32130,0.10647943
32131,0.022906069
32132,0.07355622
32133,0.0098975245
32134,0.077493735
32135,0.16478567
32136,0.03333357
32137,0.016863273
32138,0.011720886
32139,0.009275723
32140,0.021045646
32141,0.047698252
32142,0.03949521
32143,0.10967098
32144,0.4353146
32145,0.1713954
32146,0.12779935
32147,0.09556959
32148,0.14814994
32149,0.08632961
32150,0.5394969
32151,0.057818834
32152,0.009460591
32153,0.00886093
32154,0.027247855
32155,0.119260624
32156,0.17626935
32157,0.20551734
32158,0.40984625
32159,0.26189917
32160,0.105737574
32161,0.94931483
32162,0.13731763
32163,0.007268069
32164,0.08768478
32165,0.11540399
32166,0.013971003
32167,0.062174875
32168,0.48428795
32169,0.035571497
32170,0.032867517
32171,0.027642561
32172,0.030206531
32173,0.06994361
32174,0.28137636
32175,0.2571745
32176,0.2584954
32177,0.259597
32178,0.12727796
32179,0.1135579
32180,0.22458228
32181,0.024000742
32182,0.13102007
32183,0.038551286
32184,0.051828165
32185,0.48189652
32186,0.22597745
32187,0.06807571
32188,0.41050982
32189,0.30246565
32190,0.1485107
32191,0.14034273
32192,0.16215234
32193,0.03475417
32194,0.010463113
32195,0.015751973
32196,0.03949521
32197,0.057298623
32198,0.06054009
32199,0.09280143
32200,0.27288538
32201,0.68571365
32202,0.24129628
32203,0.21003687
32204,0.3594928
32205,0.09908109
32206,0.07621473
32207,0.067071885
32208,0.18094684
32209,0.20946765
32210,0.06807571
32211,0.023094263
32212,0.059523724
32213,0.13734378
32214,0.015751973
32215,0.019818913
32216,0.06784571
32217,0.010668842
32218,0.01760922
32219,0.01421923
32220,0.034351673
32221,0.067056276
32222,0.033419862
32223,0.05145791
32224,0.17840546
32225,0.12491932
32226,0.07060362
32227,0.47349432
32228,0.51920843
32229,0.24318533
32230,0.14083914
32231,0.007422802
32232,0.045869436
32233,0.030206531
32234,0.01542696
32235,0.11890196
32236,0.01421923
32237,0.016658073
32238,0.9557693
32239,0.06989276
32240,0.007922235
32241,0.084721394
32242,0.065349266
32243,0.1531672
32244,0.0379962
32245,0.05476204
32246,0.007268069
32247,0.007981426
32248,0.041267596
32249,0.058904372
32250,0.11097838
32251,0.5216601
32252,0.25443557
32253,0.15197888
32254,0.9557693
32255,0.25917348
32256,0.33315864
32257,0.12132228
32258,0.04888978
32259,0.0754626
32260,0.050610706
32261,0.038201794
32262,0.035420753
32263,0.053841356
32264,0.043726537
32265,0.26554596
32266,0.14445941
32267,0.20946765
32268,0.028211994
32269,0.08600559
32270,0.1248674
32271,0.2072266
32272,0.20540099
32273,0.060296305
32274,0.024963036
32275,0.0071223476
32276,0.11870901
32277,0.9557693
32278,0.17840546
32279,0.72236574
32280,0.22360346
32281,0.2742228
32282,0.19153194
32283,0.17346808
32284,0.084721394
32285,0.0071223476
32286,0.010250709
32287,0.018712543
32288,0.023343308
32289,0.16484392
32290,0.11423873
32291,0.14751984
32292,0.2412984
32293,0.026140241
32294,0.08694658
32295,0.27288538
32296,0.038939618
32297,0.08939166
32298,0.012869265
32299,0.010463113
32300,0.07355622
32301,0.15881571
32302,0.00967297
32303,0.0769389
32304,0.12001821
32305,0.04417838
32306,0.11361679
32307,0.09585731
32308,0.059672277
32309,0.041960906
32310,0.14899099
32311,0.08448781
32312,0.052006446
32313,0.008697048
32314,0.06996333
32315,0.011580592
32316,0.09449438
32317,0.055023763
32318,0.015108648
32319,0.1279604
32320,0.027247855
32321,0.044926357
32322,0.0071223476
32323,0.023741515
32324,0.15708776
32325,0.28217545
32326,0.68920016
32327,0.20503077
32328,0.03611175
32329,0.021307472
32330,0.060618818
32331,0.012869265
32332,0.07819309
32333,0.093392715
32334,0.02648196
32335,0.12216743
32336,0.012869265
32337,0.04427104
32338,0.016658073
32339,0.01421923
32340,0.058172155
32341,0.055078056
32342,0.3591618
32343,0.0071223476
32344,0.014610436
32345,0.013453878
32346,0.066686206
32347,0.068356305
32348,0.43932807
32349,0.16235389
32350,0.0071223476
32351,0.22366686
32352,0.046220064
32353,0.058030583
32354,0.20503077
32355,0.057451967
32356,0.011580592
32357,0.016658073
32358,0.011247575
32359,0.20122468
32360,0.10931214
32361,0.0071223476
32362,0.01314234
32363,0.023343308
32364,0.109521344
32365,0.027409164
32366,0.056935433
32367,0.020177132
32368,0.023727203
32369,0.027978607
32370,0.21795815
32371,0.021680169
32372,0.007922235
32373,0.010856303
32374,0.023670664
32375,0.04652751
32376,0.24187328
32377,0.08962631
32378,0.17298868
32379,0.11097838
32380,0.011720886
32381,0.012460404
32382,0.027797198
32383,0.07819309
32384,0.018011695
32385,0.20946765
32386,0.08939166
32387,0.1374402
32388,0.009275723
32389,0.0820945
32390,0.04489594
32391,0.0098975245
32392,0.24156944
32393,0.4358952
32394,0.11509694
32395,0.08370192
32396,0.092681535
32397,0.023453088
32398,0.0820945
32399,0.15331754
32400,0.1007969
32401,0.058067515
32402,0.94931483
32403,0.015502627
32404,0.081393056
32405,0.013971003
32406,0.1200834
32407,0.04950665
32408,0.0071223476
32409,0.1629955
32410,0.3670957
32411,0.035154574
32412,0.14403501
32413,0.04003751
32414,0.04156362
32415,0.016467743
32416,0.06199252
32417,0.034351673
32418,0.0071223476
32419,0.051484164
32420,0.057526343
32421,0.06091328
32422,0.0071223476
32423,0.0071223476
32424,0.053291865
32425,0.15221548
32426,0.0071223476
32427,0.04998142
32428,0.009144417
32429,0.03383036
32430,0.06516841
32431,0.11377295
32432,0.0098975245
32433,0.011580592
32434,0.051465172
32435,0.9557693
32436,0.0243992
32437,0.1267224
32438,0.07717086
32439,0.04375692
32440,0.03170326
32441,0.05887644
32442,0.012869265
32443,0.015108648
32444,0.22488908
32445,0.0071223476
32446,0.022906069
32447,0.18916017
32448,0.01601556
32449,0.14493802
32450,0.0071223476
32451,0.0071223476
32452,0.038050663
32453,0.22360346
32454,0.024421003
32455,0.01970291
32456,0.06032445
32457,0.032387763
32458,0.007922235
32459,0.030206531
32460,0.17654656
32461,0.027797198
32462,0.012869265
32463,0.12513274
32464,0.10431422
32465,0.124784924
32466,0.081393056
32467,0.05093589
32468,0.030333742
32469,0.045869436
32470,0.0071223476
32471,0.020909527
32472,0.1625152
32473,0.17998755
32474,0.048317187
32475,0.0071223476
32476,0.0071223476
32477,0.03746986
32478,0.00967297
32479,0.017051626
32480,0.05990051
32481,0.07717086
32482,0.054518007
32483,0.0071223476
32484,0.12542206
32485,0.0089379735
32486,0.20520614
32487,0.009275723
32488,0.038743414
32489,0.0071223476
32490,0.022675652
32491,0.010887391
32492,0.008697048
32493,0.01106733
32494,0.008468514
32495,0.0071223476
32496,0.049892228
32497,0.009275723
32498,0.051670775
32499,0.043674003
32500,0.01314234
32501,0.029813046
32502,0.007922235
32503,0.0077645117
32504,0.1267224
32505,0.0071223476
32506,0.008113221
32507,0.024421003
32508,0.017051626
32509,0.07355622
32510,0.013453878
32511,0.08939166
32512,0.009460591
32513,0.40212244
32514,0.09401302
32515,0.09951977
32516,0.06497053
32517,0.012460404
32518,0.056532443
32519,0.02347673
32520,0.0071223476
32521,0.14799972
32522,0.010463113
32523,0.14493802
32524,0.17609508
32525,0.03441333
32526,0.008129483
32527,0.009537093
32528,0.036394
32529,0.0071223476
32530,0.013453878
32531,0.009275723
32532,0.00967297
32533,0.0071223476
32534,0.009275723
32535,0.031323206
32536,0.0098975245
32537,0.011580592
32538,0.0071223476
32539,0.11097838
32540,0.05271027
32541,0.0071223476
32542,0.22297399
32543,0.024000742
32544,0.0071223476
32545,0.035444718
32546,0.043726537
32547,0.0071223476
32548,0.014884228
32549,0.06646006
32550,0.008697048
32551,0.010463113
32552,0.017051626
32553,0.28647944
32554,0.21245047
32555,0.13726036
32556,0.015290744
32557,0.007922235
32558,0.008468514
32559,0.036374684
32560,0.018965667
32561,0.04274455
32562,0.034351673
32563,0.022863802
32564,0.040308844
32565,0.050501153
32566,0.06062278
32567,0.031967893
32568,0.04274455
32569,0.021680169
32570,0.1307057
32571,0.09693364
32572,0.033735666
32573,0.007589356
32574,0.35457048
32575,0.048689038
32576,0.14663611
32577,0.0071223476
32578,0.1413268
32579,0.15548003
32580,0.018011695
32581,0.033063225
32582,0.13505755
32583,0.15763487
32584,0.2571745
32585,0.07045003
32586,0.11519763
32587,0.19962755
32588,0.08132073
32589,0.71881056
32590,0.1654869
32591,0.08022045
32592,0.06091724
32593,0.28501445
32594,0.11513526
32595,0.026140241
32596,0.04743651
32597,0.016658073
32598,0.037157163
32599,0.11392016
32600,0.37675443
32601,0.7198559
32602,0.5184938
32603,0.01500524
32604,0.11315125
32605,0.10325647
32606,0.29534283
32607,0.11345323
32608,0.035896875
32609,0.094825886
32610,0.13899663
32611,0.0071223476
32612,0.33175936
32613,0.17960835
32614,0.28501445
32615,0.51920843
32616,0.09515102
32617,0.021307472
32618,0.5184938
32619,0.0854002
32620,0.35308346
32621,0.12938385
32622,0.049185306
32623,0.009144417
32624,0.14589868
32625,0.08516647
32626,0.16423208
32627,0.1446605
32628,0.061184026
32629,0.016147222
32630,0.06372678
32631,0.23395027
32632,0.09054428
32633,0.02801067
32634,0.0728886
32635,0.09929644
32636,0.15933786
32637,0.021492358
32638,0.08334048
32639,0.007589356
32640,0.020177132
32641,0.076154105
32642,0.24156944
32643,0.07521964
32644,0.23504594
32645,0.03362688
32646,0.052472133
32647,0.01421923
32648,0.010848746
32649,0.29656738
32650,0.13349333
32651,0.10156385
32652,0.2742228
32653,0.5311794
32654,0.09820776
32655,0.0775562
32656,0.01106733
32657,0.015320492
32658,0.057374675
32659,0.10156385
32660,0.07013076
32661,0.25604102
32662,0.38554123
32663,0.01438578
32664,0.06658085
32665,0.034601297
32666,0.018284414
32667,0.05072737
32668,0.27176097
32669,0.013681198
32670,0.04800862
32671,0.010848746
32672,0.01106733
32673,0.017344048
32674,0.041833524
32675,0.083039805
32676,0.35344464
32677,0.5926703
32678,0.17909235
32679,0.018537434
32680,0.0728886
32681,0.089142255
32682,0.061652735
32683,0.16750701
32684,0.20065145
32685,0.08916863
32686,0.09839769
32687,0.06620168
32688,0.02887891
32689,0.02564726
32690,0.012869265
32691,0.12962504
32692,0.04274455
32693,0.098994516
32694,0.01438578
32695,0.018537434
32696,0.040240176
32697,0.018011695
32698,0.013453878
32699,0.020177132
32700,0.05999806
32701,0.024433002
32702,0.026773129
32703,0.52324593
32704,0.2978337
32705,0.027287843
32706,0.016295167
32707,0.1335158
32708,0.054416444
32709,0.02414701
32710,0.024274657
32711,0.01438578
32712,0.010463113
32713,0.16791962
32714,0.026738772
32715,0.0098975245
32716,0.047311675
32717,0.07036125
32718,0.05482193
32719,0.106129475
32720,0.12972519
32721,0.11054763
32722,0.03170326
32723,0.021704886
32724,0.026373742
32725,0.048689038
32726,0.04274455
32727,0.22320859
32728,0.0775562
32729,0.43932807
32730,0.114601225
32731,0.0071223476
32732,0.11689745
32733,0.039697774
32734,0.06766877
32735,0.01438578
32736,0.009275723
32737,0.055586867
32738,0.031151827
32739,0.03677702
32740,0.07340177
32741,0.055468503
32742,0.07926412
32743,0.042214066
32744,0.11111114
32745,0.16575286
32746,0.23266797
32747,0.06999196
32748,0.026140241
32749,0.08814987
32750,0.009275723
32751,0.044973765
32752,0.026738772
32753,0.0089379735
32754,0.082866184
32755,0.045487635
32756,0.13117857
32757,0.02957398
32758,0.10400324
32759,0.061652735
32760,0.07521964
32761,0.027126549
32762,0.01314234
32763,0.17626935
32764,0.116192155
32765,0.034601297
32766,0.0071223476
32767,0.021095024
32768,0.014610436
32769,0.08132196
32770,0.06999196
32771,0.141651
32772,0.099450566
32773,0.15456626
32774,0.13588631
32775,0.1754784
32776,0.012093497
32777,0.09239728
32778,0.050501153
32779,0.07805319
32780,0.106044576
32781,0.10213386
32782,0.030696498
32783,0.011911443
32784,0.041833524
32785,0.058425993
32786,0.055372227
32787,0.0076609217
32788,0.007922235
32789,0.14374366
32790,0.007422802
32791,0.06032445
32792,0.2072266
32793,0.053623006
32794,0.11655926
32795,0.4097884
32796,0.0883173
32797,0.074316114
32798,0.069690995
32799,0.08710511
32800,0.03170326
32801,0.098994516
32802,0.029154114
32803,0.0089379735
32804,0.014884228
32805,0.24156944
32806,0.10996673
32807,0.040960312
32808,0.056280084
32809,0.05496983
32810,0.05174476
32811,0.0071223476
32812,0.020833258
32813,0.047596265
32814,0.44315326
32815,0.043658316
32816,0.04274455
32817,0.07660753
32818,0.71222365
32819,0.040454704
32820,0.00967297
32821,0.0685784
32822,0.054268625
32823,0.10424434
32824,0.33610976
32825,0.053071916
32826,0.011911443
32827,0.07521964
32828,0.17148301
32829,0.09600019
32830,0.16841142
32831,0.03236945
32832,0.15095894
32833,0.09173926
32834,0.009275723
32835,0.05657223
32836,0.017277833
32837,0.1285906
32838,0.044102367
32839,0.0077645117
32840,0.1129366
32841,0.117382064
32842,0.22078414
32843,0.09587385
32844,0.021873763
32845,0.081916444
32846,0.14652795
32847,0.14994675
32848,0.04274455
32849,0.01314234
32850,0.053442735
32851,0.0077645117
32852,0.1298662
32853,0.51920843
32854,0.012690897
32855,0.15466624
32856,0.3583982
32857,0.15053542
32858,0.03201147
32859,0.016658073
32860,0.0071223476
32861,0.036236424
32862,0.052490447
32863,0.20976363
32864,0.18175052
32865,0.045487635
32866,0.06013527
32867,0.11593602
32868,0.12643962
32869,0.106888786
32870,0.12556005
32871,0.22458228
32872,0.09271166
32873,0.030272666
32874,0.09554202
32875,0.079916604
32876,0.25175282
32877,0.8911089
32878,0.055372227
32879,0.32111287
32880,0.012869265
32881,0.037308168
32882,0.24529159
32883,0.017479952
32884,0.037308168
32885,0.08940322
32886,0.0071223476
32887,0.039697774
32888,0.4714958
32889,0.024000742
32890,0.0667884
32891,0.2173652
32892,0.08883678
32893,0.20015253
32894,0.2314572
32895,0.30405945
32896,0.0071223476
32897,0.20418593
32898,0.053149536
32899,0.14960682
32900,0.8879689
32901,0.4083665
32902,0.47164807
32903,0.03157715
32904,0.16181853
32905,0.04575946
32906,0.018284414
32907,0.011911443
32908,0.011720886
32909,0.0071223476
32910,0.04489594
32911,0.008129483
32912,0.03768546
32913,0.06436796
32914,0.06592563
32915,0.042485945
32916,0.10394036
32917,0.10295277
32918,0.17751193
32919,0.11212314
32920,0.030541094
32921,0.07265756
32922,0.21742691
32923,0.024000742
32924,0.061777305
32925,0.9557693
32926,0.8821682
32927,0.61167705
32928,0.007268069
32929,0.01421923
32930,0.14920188
32931,0.3594928
32932,0.099450566
32933,0.056823336
32934,0.039697774
32935,0.035571497
32936,0.039134815
32937,0.0098975245
32938,0.36018842
32939,0.013453878
32940,0.03056756
32941,0.07340177
32942,0.06976156
32943,0.029999092
32944,0.054465342
32945,0.20976363
32946,0.10710256
32947,0.0077645117
32948,0.11313446
32949,0.10887029
32950,0.09206651
32951,0.9557693
32952,0.8643894
32953,0.72899175
32954,0.009488066
32955,0.0071223476
32956,0.052861053
32957,0.02347673
32958,0.44000545
32959,0.07654347
32960,0.16700102
32961,0.024433002
32962,0.1252502
32963,0.012690897
32964,0.15905422
32965,0.063898176
32966,0.13781022
32967,0.17603278
32968,0.35846666
32969,0.53190005
32970,0.081657715
32971,0.10025585
32972,0.06274364
32973,0.05083645
32974,0.06976156
32975,0.042214066
32976,0.020574104
32977,0.09167676
32978,0.15395418
32979,0.041833524
32980,0.18289027
32981,0.022863802
32982,0.9557693
32983,0.948318
32984,0.9557693
32985,0.06050079
32986,0.038089253
32987,0.10616793
32988,0.43932807
32989,0.030922053
32990,0.012460404
32991,0.01601556
32992,0.021884289
32993,0.0650544
32994,0.036236424
32995,0.20946765
32996,0.9557693
32997,0.024694694
32998,0.09587385
32999,0.054268625
33000,0.085482895
33001,0.054268625
33002,0.08993447
33003,0.22163558
33004,0.13109562
33005,0.08873973
33006,0.14117377
33007,0.058104318
33008,0.030541094
33009,0.29615438
33010,0.28003144
33011,0.1804877
33012,0.116192155
33013,0.022331905
33014,0.09449438
33015,0.08710511
33016,0.16250598
33017,0.017277833
33018,0.022729717
33019,0.012869265
33020,0.023727203
33021,0.02957398
33022,0.029154114
33023,0.12613744
33024,0.43963405
33025,0.15290922
33026,0.12943731
33027,0.071620286
33028,0.109762445
33029,0.11057698
33030,0.53030527
33031,0.06904536
33032,0.02414701
33033,0.029279267
33034,0.028356396
33035,0.12699506
33036,0.17603278
33037,0.12424493
33038,0.3594928
33039,0.22624514
33040,0.12625636
33041,0.94931483
33042,0.16402823
33043,0.12855726
33044,0.1835897
33045,0.011241503
33046,0.033886172
33047,0.36068282
33048,0.041417263
33049,0.021680169
33050,0.014884228
33051,0.03333357
33052,0.09184046
33053,0.24260052
33054,0.2571745
33055,0.26359236
33056,0.259597
33057,0.11057698
33058,0.12699506
33059,0.2065552
33060,0.024000742
33061,0.1654869
33062,0.10213386
33063,0.023659922
33064,0.4858348
33065,0.1610386
33066,0.03147336
33067,0.51920843
33068,0.29647157
33069,0.20432307
33070,0.14420173
33071,0.106044576
33072,0.010463113
33073,0.009275723
33074,0.0071223476
33075,0.021379171
33076,0.05321444
33077,0.077879205
33078,0.05780219
33079,0.2571745
33080,0.68571365
33081,0.24129628
33082,0.14425197
33083,0.3594928
33084,0.109776236
33085,0.07880712
33086,0.060283907
33087,0.13500063
33088,0.20706327
33089,0.09693364
33090,0.022863802
33091,0.0758677
33092,0.10273981
33093,0.015751973
33094,0.038089253
33095,0.04866491
33096,0.020177132
33097,0.0071223476
33098,0.07865588
33099,0.045487635
33100,0.05827761
33101,0.14816122
33102,0.11556947
33103,0.05387381
33104,0.51920843
33105,0.46759552
33106,0.22571757
33107,0.139969
33108,0.04489594
33109,0.007268069
33110,0.038240384
33111,0.123854235
33112,0.045441054
33113,0.9557693
33114,0.08101779
33115,0.013453878
33116,0.06948745
33117,0.056385588
33118,0.17909235
33119,0.028356396
33120,0.01951058
33121,0.01601556
33122,0.033735666
33123,0.012690897
33124,0.018284414
33125,0.018284414
33126,0.05538422
33127,0.07748386
33128,0.5937121
33129,0.23114267
33130,0.15128885
33131,0.9557693
33132,0.28962785
33133,0.28907478
33134,0.15539584
33135,0.039980028
33136,0.034310248
33137,0.037376523
33138,0.05476204
33139,0.03036188
33140,0.046305023
33141,0.024980843
33142,0.3583982
33143,0.10156385
33144,0.2314572
33145,0.025134027
33146,0.14960682
33147,0.13865829
33148,0.28155237
33149,0.16862048
33150,0.07363297
33151,0.023112794
33152,0.012690897
33153,0.085561596
33154,0.9557693
33155,0.18175052
33156,0.72236574
33157,0.23662046
33158,0.23387955
33159,0.19346058
33160,0.20555963
33161,0.049741384
33162,0.015320492
33163,0.024433002
33164,0.023343308
33165,0.14125744
33166,0.096408
33167,0.1252502
33168,0.28473395
33169,0.018284414
33170,0.086450286
33171,0.24156944
33172,0.046305023
33173,0.012690897
33174,0.06176364
33175,0.17289802
33176,0.026373742
33177,0.08694486
33178,0.12653513
33179,0.06775499
33180,0.11474654
33181,0.10465544
33182,0.037957754
33183,0.01106733
33184,0.12767732
33185,0.1307057
33186,0.036374684
33187,0.017051626
33188,0.09135115
33189,0.009275723
33190,0.07842361
33191,0.029448576
33192,0.011720886
33193,0.08399432
33194,0.025903456
33195,0.052180022
33196,0.0119742155
33197,0.1844469
33198,0.30475
33199,0.5930604
33200,0.2072266
33201,0.017277833
33202,0.016658073
33203,0.012690897
33204,0.044535346
33205,0.06904536
33206,0.083735175
33207,0.015320492
33208,0.029173508
33209,0.06844802
33210,0.0071223476
33211,0.01993469
33212,0.007922235
33213,0.043500725
33214,0.03658251
33215,0.35876077
33216,0.009275723
33217,0.010463113
33218,0.010668842
33219,0.04053618
33220,0.071620286
33221,0.36018842
33222,0.17895755
33223,0.012690897
33224,0.011241503
33225,0.16402823
33226,0.012690897
33227,0.054172676
33228,0.013681198
33229,0.053071916
33230,0.13349333
33231,0.036236424
33232,0.017479952
33233,0.01106733
33234,0.28501445
33235,0.13802491
33236,0.014610436
33237,0.018011695
33238,0.09878231
33239,0.037308168
33240,0.017875882
33241,0.02347673
33242,0.03224031
33243,0.021379171
33244,0.25027695
33245,0.035601646
33246,0.0071223476
33247,0.026046364
33248,0.063773245
33249,0.055193365
33250,0.22266161
33251,0.12269671
33252,0.23208737
33253,0.13899663
33254,0.0089379735
33255,0.01314234
33256,0.03170326
33257,0.11345323
33258,0.020833258
33259,0.27131918
33260,0.08825181
33261,0.109762445
33262,0.024000742
33263,0.032878976
33264,0.051206484
33265,0.2571745
33266,0.4737297
33267,0.09482439
33268,0.08784612
33269,0.013681198
33270,0.08692832
33271,0.04575946
33272,0.0854002
33273,0.141651
33274,0.08975051
33275,0.08341194
33276,0.94931483
33277,0.015320492
33278,0.08940322
33279,0.14481367
33280,0.07089759
33281,0.025903456
33282,0.12591083
33283,0.3594928
33284,0.06621095
33285,0.17821397
33286,0.037849322
33287,0.0089379735
33288,0.061247934
33289,0.009275723
33290,0.058755927
33291,0.03029559
33292,0.03677702
33293,0.045487635
33294,0.06904536
33295,0.020833258
33296,0.026922615
33297,0.07764557
33298,0.022863802
33299,0.10182385
33300,0.037849322
33301,0.0071223476
33302,0.0798083
33303,0.051159002
33304,0.020177132
33305,0.020833258
33306,0.060296305
33307,0.9557693
33308,0.021704886
33309,0.17088489
33310,0.05771444
33311,0.03768546
33312,0.04922012
33313,0.03475417
33314,0.0071223476
33315,0.015108648
33316,0.2613017
33317,0.020363864
33318,0.007268069
33319,0.008129483
33320,0.042692065
33321,0.24167033
33322,0.01993469
33323,0.10446494
33324,0.027783029
33325,0.022331905
33326,0.0071223476
33327,0.32146546
33328,0.02414701
33329,0.01635422
33330,0.0071223476
33331,0.018284414
33332,0.05184071
33333,0.007922235
33334,0.009275723
33335,0.1197876
33336,0.050179508
33337,0.0071223476
33338,0.10996673
33339,0.14880574
33340,0.12759462
33341,0.049185306
33342,0.032878976
33343,0.03197856
33344,0.07116718
33345,0.016658073
33346,0.056927644
33347,0.12751628
33348,0.13349333
33349,0.007922235
33350,0.008697048
33351,0.05303952
33352,0.02347673
33353,0.010034371
33354,0.0098975245
33355,0.09401302
33356,0.06389254
33357,0.09957733
33358,0.18425862
33359,0.28187802
33360,0.009275723
33361,0.0071223476
33362,0.027964437
33363,0.008129483
33364,0.014610436
33365,0.012869265
33366,0.009275723
33367,0.009275723
33368,0.14129303
33369,0.04107902
33370,0.02887891
33371,0.01314234
33372,0.012093497
33373,0.040384706
33374,0.013453878
33375,0.012869265
33376,0.0077645117
33377,0.16484392
33378,0.032858502
33379,0.022525622
33380,0.032867517
33381,0.0077645117
33382,0.11079146
33383,0.013453878
33384,0.08825181
33385,0.009275723
33386,0.40940386
33387,0.15186422
33388,0.053623006
33389,0.10547944
33390,0.012460404
33391,0.08379723
33392,0.016658073
33393,0.010668842
33394,0.18320602
33395,0.013453878
33396,0.1061721
33397,0.17585854
33398,0.02887891
33399,0.043288544
33400,0.038782027
33401,0.023112794
33402,0.009275723
33403,0.010034371
33404,0.04798295
33405,0.02290839
33406,0.0098975245
33407,0.008314576
33408,0.11079146
33409,0.058328707
33410,0.24187328
33411,0.007922235
33412,0.0071223476
33413,0.026738772
33414,0.008314576
33415,0.036928907
33416,0.01421923
33417,0.029448576
33418,0.02055721
33419,0.012460404
33420,0.038270608
33421,0.28501445
33422,0.22601752
33423,0.017479952
33424,0.19412883
33425,0.01314234
33426,0.015108648
33427,0.03611175
33428,0.0071223476
33429,0.012869265
33430,0.041833524
33431,0.027797198
33432,0.01438578
33433,0.022077922
33434,0.031967893
33435,0.043375853
33436,0.034664482
33437,0.17846473
33438,0.03313812
33439,0.07138137
33440,0.29028773
33441,0.055801325
33442,0.12217292
33443,0.03333357
33444,0.32907125
33445,0.22627747
33446,0.007313183
33447,0.28613618
33448,0.15283543
33449,0.3591618
33450,0.27065304
33451,0.09817854
33452,0.08988011
33453,0.024000742
33454,0.32867914
33455,0.8874116
33456,0.19677678
33457,0.07323992
33458,0.16368659
33459,0.37718663
33460,0.12652692
33461,0.0071223476
33462,0.030541094
33463,0.07323992
33464,0.01438578
33465,0.018284414
33466,0.114813164
33467,0.26390162
33468,0.6867386
33469,0.68484306
33470,0.045989078
33471,0.054282814
33472,0.1171866
33473,0.27065304
33474,0.07699906
33475,0.008461238
33476,0.16464192
33477,0.07023075
33478,0.03157715
33479,0.4083665
33480,0.16614527
33481,0.27288538
33482,0.87120724
33483,0.18318656
33484,0.52712095
33485,0.11232478
33486,0.2946804
33487,0.119708404
33488,0.034904815
33489,0.021884289
33490,0.17943662
33491,0.008129483
33492,0.052476704
33493,0.09426783
33494,0.24383248
33495,0.017277833
33496,0.06359726
33497,0.13488683
33498,0.20948397
33499,0.08783865
33500,0.02801067
33501,0.018828966
33502,0.061399847
33503,0.11025101
33504,0.05114508
33505,0.03675374
33506,0.02347673
33507,0.01212155
33508,0.27065304
33509,0.16634701
33510,0.25985035
33511,0.021307472
33512,0.06999196
33513,0.0156515
33514,0.5824163
33515,0.21014404
33516,0.11044457
33517,0.40984625
33518,0.68484306
33519,0.007268069
33520,0.08667554
33521,0.06658085
33522,0.010250709
33523,0.059308287
33524,0.015320492
33525,0.026302662
33526,0.041979596
33527,0.16761614
33528,0.080388315
33529,0.25604102
33530,0.5919211
33531,0.01715368
33532,0.05742198
33533,0.0077645117
33534,0.008697048
33535,0.02860405
33536,0.32907125
33537,0.016045688
33538,0.17244476
33539,0.039676927
33540,0.3076971
33541,0.5926703
33542,0.19598594
33543,0.017277833
33544,0.007922235
33545,0.05144084
33546,0.09120158
33547,0.02347673
33548,0.2072266
33549,0.20065145
33550,0.11144974
33551,0.12596874
33552,0.09646602
33553,0.040308844
33554,0.016658073
33555,0.024000742
33556,0.031151827
33557,0.096746184
33558,0.07699906
33559,0.08076314
33560,0.011911443
33561,0.0071223476
33562,0.021680169
33563,0.0098975245
33564,0.009275723
33565,0.034209736
33566,0.05887644
33567,0.01421923
33568,0.022077728
33569,0.4858348
33570,0.28907478
33571,0.049659926
33572,0.03075745
33573,0.030922053
33574,0.11347161
33575,0.08287559
33576,0.032778807
33577,0.01438578
33578,0.018011695
33579,0.0071223476
33580,0.1656544
33581,0.041544598
33582,0.0351847
33583,0.023874983
33584,0.007422802
33585,0.06294248
33586,0.05083645
33587,0.112246335
33588,0.12619106
33589,0.13000879
33590,0.03170326
33591,0.035420753
33592,0.0071223476
33593,0.06570908
33594,0.013684135
33595,0.15902722
33596,0.027287843
33597,0.3848327
33598,0.063643835
33599,0.020363864
33600,0.11361679
33601,0.03170326
33602,0.06715851
33603,0.018011695
33604,0.009275723
33605,0.012460404
33606,0.10825136
33607,0.025082847
33608,0.028875574
33609,0.09661976
33610,0.018828966
33611,0.08062103
33612,0.07167882
33613,0.10506523
33614,0.17549483
33615,0.30752018
33616,0.060549308
33617,0.020833258
33618,0.09043592
33619,0.0071223476
33620,0.041833524
33621,0.0071223476
33622,0.100468345
33623,0.07956975
33624,0.06823328
33625,0.060002033
33626,0.12915282
33627,0.071269125
33628,0.05104919
33629,0.014610436
33630,0.026140241
33631,0.16815147
33632,0.02860405
33633,0.10334968
33634,0.07303307
33635,0.010463113
33636,0.027247855
33637,0.035018
33638,0.10107106
33639,0.052490447
33640,0.10273981
33641,0.09206651
33642,0.10967098
33643,0.14380729
33644,0.19224398
33645,0.012093497
33646,0.08622127
33647,0.009275723
33648,0.050062895
33649,0.059703864
33650,0.07300881
33651,0.06329809
33652,0.039134815
33653,0.057776574
33654,0.027287843
33655,0.06898635
33656,0.06389254
33657,0.020363864
33658,0.031967893
33659,0.10063073
33660,0.011911443
33661,0.055577464
33662,0.18408315
33663,0.029723877
33664,0.10626577
33665,0.4097884
33666,0.08588634
33667,0.094614476
33668,0.05803101
33669,0.094672404
33670,0.07363297
33671,0.07765574
33672,0.023641383
33673,0.00967297
33674,0.010668842
33675,0.03316819
33676,0.23441064
33677,0.06352358
33678,0.059672277
33679,0.06948745
33680,0.013143863
33681,0.0071223476
33682,0.018284414
33683,0.0077645117
33684,0.054172676
33685,0.43537349
33686,0.040058363
33687,0.049498055
33688,0.07210045
33689,0.71222365
33690,0.07134997
33691,0.007589356
33692,0.08789583
33693,0.057347618
33694,0.14952698
33695,0.32907125
33696,0.025938442
33697,0.044232134
33698,0.17148301
33699,0.09600019
33700,0.20757067
33701,0.016147222
33702,0.16674626
33703,0.06615555
33704,0.030511891
33705,0.009144417
33706,0.105657905
33707,0.041417606
33708,0.0071223476
33709,0.10432096
33710,0.060384266
33711,0.22601752
33712,0.05097171
33713,0.029073868
33714,0.097875245
33715,0.12424493
33716,0.18938093
33717,0.039134815
33718,0.06715851
33719,0.007268069
33720,0.09965128
33721,0.52783966
33722,0.009275723
33723,0.12640914
33724,0.3591618
33725,0.1322974
33726,0.023343308
33727,0.013971003
33728,0.0071223476
33729,0.024548344
33730,0.039134815
33731,0.20283185
33732,0.14169163
33733,0.035571497
33734,0.075904354
33735,0.15290922
33736,0.15478191
33737,0.10273981
33738,0.1197876
33739,0.22597745
33740,0.076154955
33741,0.024694694
33742,0.10840674
33743,0.08179012
33744,0.30124456
33745,0.8821682
33746,0.030922053
33747,0.29615438
33748,0.012246222
33749,0.033419862
33750,0.20727523
33751,0.015108648
33752,0.016658073
33753,0.054745555
33754,0.029429121
33755,0.0071223476
33756,0.03147336
33757,0.38619334
33758,0.015502627
33759,0.041833524
33760,0.23175861
33761,0.10273981
33762,0.20727523
33763,0.27097994
33764,0.29647157
33765,0.021884289
33766,0.17626935
33767,0.034067016
33768,0.114280544
33769,0.95252216
33770,0.384087
33771,0.37718663
33772,0.0381987
33773,0.11644946
33774,0.056676503
33775,0.016163947
33776,0.039676927
33777,0.03201147
33778,0.03313812
33779,0.008468514
33780,0.0071223476
33781,0.02860405
33782,0.06948745
33783,0.042485945
33784,0.05518108
33785,0.10647943
33786,0.0717495
33787,0.14380729
33788,0.11191456
33789,0.06265756
33790,0.26423898
33791,0.01601556
33792,0.052188404
33793,0.9557693
33794,0.8821682
33795,0.8874116
33796,0.024000742
33797,0.13995922
33798,0.36288974
33799,0.10188917
33800,0.06621095
33801,0.009144417
33802,0.034664482
33803,0.02801067
33804,0.027797198
33805,0.007268069
33806,0.32285392
33807,0.0071223476
33808,0.025390096
33809,0.06547959
33810,0.08550973
33811,0.04743651
33812,0.054465342
33813,0.2078855
33814,0.11490287
33815,0.007589356
33816,0.05007401
33817,0.097875245
33818,0.059672277
33819,0.9557693
33820,0.72132564
33821,0.72899175
33822,0.053768348
33823,0.02414701
33824,0.47780463
33825,0.07934665
33826,0.15290922
33827,0.0071223476
33828,0.0937255
33829,0.018965667
33830,0.11191456
33831,0.084630944
33832,0.10058079
33833,0.24468133
33834,0.3580659
33835,0.4738876
33836,0.11994752
33837,0.08609323
33838,0.0745808
33839,0.026922615
33840,0.081861466
33841,0.045964506
33842,0.015897783
33843,0.023727203
33844,0.07905084
33845,0.12849702
33846,0.053623006
33847,0.2072266
33848,0.01314234
33849,0.9557693
33850,0.948318
33851,0.9557693
33852,0.08755691
33853,0.015897783
33854,0.120288745
33855,0.48513588
33856,0.012460404
33857,0.015502627
33858,0.007268069
33859,0.07023075
33860,0.052658927
33861,0.20706327
33862,0.9557693
33863,0.03670354
33864,0.1166249
33865,0.0667884
33866,0.12468441
33867,0.04743651
33868,0.0930386
33869,0.1713954
33870,0.018477367
33871,0.040960312
33872,0.08988011
33873,0.0931845
33874,0.047619503
33875,0.045441054
33876,0.28003144
33877,0.28772178
33878,0.16862048
33879,0.088646926
33880,0.022675652
33881,0.06547959
33882,0.059919383
33883,0.16815147
33884,0.06754786
33885,0.054172676
33886,0.027461212
33887,0.0071223476
33888,0.029279267
33889,0.02525506
33890,0.13901971
33891,0.4097884
33892,0.15502746
33893,0.13897455
33894,0.08341194
33895,0.098050945
33896,0.10412439
33897,0.53030527
33898,0.04053618
33899,0.011580592
33900,0.007514238
33901,0.03885358
33902,0.10819272
33903,0.1844469
33904,0.20739174
33905,0.38554123
33906,0.24853973
33907,0.08172171
33908,0.94931483
33909,0.123809226
33910,0.01438578
33911,0.14509457
33912,0.22639543
33913,0.023094263
33914,0.034179635
33915,0.20520614
33916,0.021379171
33917,0.007922235
33918,0.02347673
33919,0.023094263
33920,0.08022616
33921,0.24701107
33922,0.25027695
33923,0.25604102
33924,0.25709298
33925,0.106888786
33926,0.1095726
33927,0.15592875
33928,0.0071223476
33929,0.0071223476
33930,0.16815147
33931,0.051818036
33932,0.040308844
33933,0.53190005
33934,0.15095894
33935,0.009684074
33936,0.43604898
33937,0.29716408
33938,0.15969983
33939,0.083319046
33940,0.11144974
33941,0.03236945
33942,0.011580592
33943,0.007922235
33944,0.016045688
33945,0.06006799
33946,0.05704607
33947,0.056998428
33948,0.26021266
33949,0.59949076
33950,0.2571745
33951,0.19396827
33952,0.38517156
33953,0.08297597
33954,0.06214142
33955,0.07435873
33956,0.13366356
33957,0.2560741
33958,0.06948745
33959,0.022863802
33960,0.07088404
33961,0.11157789
33962,0.034513865
33963,0.03735275
33964,0.037102748
33965,0.009275723
33966,0.0071223476
33967,0.012460404
33968,0.034351673
33969,0.04489594
33970,0.035571497
33971,0.06600609
33972,0.16510749
33973,0.125685
33974,0.062805794
33975,0.43926904
33976,0.4353146
33977,0.22291656
33978,0.14125744
33979,0.026922615
33980,0.01993469
33981,0.017595517
33982,0.1335158
33983,0.012093497
33984,0.9557693
33985,0.04408012
33986,0.015751973
33987,0.07956975
33988,0.07056314
33989,0.124492094
33990,0.059703864
33991,0.023641383
33992,0.01601556
33993,0.031323206
33994,0.0071223476
33995,0.020833258
33996,0.051965505
33997,0.080388315
33998,0.5937121
33999,0.19742848
34000,0.1135965
34001,0.9557693
34002,0.2812378
34003,0.3594928
34004,0.10077135
34005,0.02414701
34006,0.039984412
34007,0.021884289
34008,0.0745808
34009,0.01571558
34010,0.049732655
34011,0.11579585
34012,0.33175936
34013,0.08249062
34014,0.20352033
34015,0.031849463
34016,0.12217292
34017,0.10487466
34018,0.2072266
34019,0.16649893
34020,0.061777305
34021,0.011421778
34022,0.025390096
34023,0.101676404
34024,0.9557693
34025,0.19684584
34026,0.72236574
34027,0.20138058
34028,0.22571757
34029,0.1171866
34030,0.20555963
34031,0.050871063
34032,0.012460404
34033,0.025903456
34034,0.010250709
34035,0.03916506
34036,0.0071223476
34037,0.10819272
34038,0.12962504
34039,0.13358046
34040,0.26396298
34041,0.01314234
34042,0.05576941
34043,0.20520614
34044,0.02887891
34045,0.012690897
34046,0.010463113
34047,0.045330625
34048,0.15265752
34049,0.012246222
34050,0.0771241
34051,0.12708989
34052,0.0714848
34053,0.12643962
34054,0.02414701
34055,0.1181141
34056,0.037578255
34057,0.02887891
34058,0.13203694
34059,0.12720591
34060,0.02887891
34061,0.007922235
34062,0.11947934
34063,0.0071223476
34064,0.051929668
34065,0.017051626
34066,0.10273981
34067,0.011720886
34068,0.06511361
34069,0.039984412
34070,0.16499634
34071,0.22624514
34072,0.6055007
34073,0.21014404
34074,0.012869265
34075,0.009275723
34076,0.02414701
34077,0.021307472
34078,0.03278158
34079,0.031092199
34080,0.14058846
34081,0.007922235
34082,0.026373742
34083,0.012869265
34084,0.06254656
34085,0.035694603
34086,0.0071223476
34087,0.01106733
34088,0.08503196
34089,0.04176542
34090,0.384087
34091,0.012869265
34092,0.026174277
34093,0.018011695
34094,0.041833524
34095,0.080388315
34096,0.3598255
34097,0.16235389
34098,0.1835897
34099,0.012690897
34100,0.0143655585
34101,0.013971003
34102,0.04467643
34103,0.17562042
34104,0.08062103
34105,0.010463113
34106,0.011580592
34107,0.017811406
34108,0.01106733
34109,0.33580005
34110,0.069794945
34111,0.0071223476
34112,0.022863802
34113,0.08399432
34114,0.027287843
34115,0.007514238
34116,0.0071223476
34117,0.020363864
34118,0.03075745
34119,0.17654656
34120,0.027247855
34121,0.02414701
34122,0.04603306
34123,0.057123434
34124,0.051271338
34125,0.22624514
34126,0.09401302
34127,0.23895894
34128,0.084855504
34129,0.0071223476
34130,0.007922235
34131,0.061777305
34132,0.14567009
34133,0.015751973
34134,0.21239047
34135,0.15969402
34136,0.011421778
34137,0.059771568
34138,0.017821847
34139,0.01421923
34140,0.28772178
34141,0.4737297
34142,0.12915282
34143,0.12300281
34144,0.0071223476
34145,0.098994516
34146,0.02801067
34147,0.07323992
34148,0.1324273
34149,0.06716724
34150,0.08621632
34151,0.94931483
34152,0.015502627
34153,0.037308168
34154,0.015108648
34155,0.04156362
34156,0.06736693
34157,0.015108648
34158,0.18531074
34159,0.43537349
34160,0.07198034
34161,0.173181
34162,0.029173508
34163,0.13088208
34164,0.029173508
34165,0.054268625
34166,0.026373742
34167,0.012246222
34168,0.039134815
34169,0.050062895
34170,0.01970291
34171,0.057123434
34172,0.00981545
34173,0.020363864
34174,0.13244224
34175,0.029173508
34176,0.092936955
34177,0.02648196
34178,0.011720886
34179,0.08296304
34180,0.050720472
34181,0.05917437
34182,0.9557693
34183,0.035420753
34184,0.16750701
34185,0.017201753
34186,0.017277833
34187,0.02525506
34188,0.026302662
34189,0.0071223476
34190,0.29751623
34191,0.0071223476
34192,0.008129483
34193,0.041657023
34194,0.22111
34195,0.06254656
34196,0.08244302
34197,0.041931994
34198,0.022675652
34199,0.057521284
34200,0.27315757
34201,0.016163947
34202,0.016658073
34203,0.0077645117
34204,0.012460404
34205,0.026452081
34206,0.007922235
34207,0.012246222
34208,0.16129212
34209,0.023890562
34210,0.015320492
34211,0.07896134
34212,0.14380729
34213,0.15283543
34214,0.0667884
34215,0.05953292
34216,0.017053679
34217,0.06570908
34218,0.013681198
34219,0.09401302
34220,0.16005275
34221,0.17932637
34222,0.012246222
34223,0.02414701
34224,0.008468514
34225,0.011421778
34226,0.016658073
34227,0.014884228
34228,0.018712543
34229,0.01601556
34230,0.07521964
34231,0.031092199
34232,0.14420173
34233,0.018011695
34234,0.15125124
34235,0.28187802
34236,0.0071223476
34237,0.0089379735
34238,0.008697048
34239,0.028544098
34240,0.008468514
34241,0.007589356
34242,0.018284414
34243,0.013453878
34244,0.01421923
34245,0.009275723
34246,0.08429844
34247,0.03278158
34248,0.05771444
34249,0.01314234
34250,0.042062353
34251,0.057227764
34252,0.0071223476
34253,0.0077645117
34254,0.17590812
34255,0.011241503
34256,0.030736368
34257,0.027964437
34258,0.08109649
34259,0.022675652
34260,0.010034371
34261,0.009460591
34262,0.3677953
34263,0.06638209
34264,0.040308844
34265,0.13342156
34266,0.012460404
34267,0.07262393
34268,0.023094263
34269,0.010668842
34270,0.12033374
34271,0.016658073
34272,0.15331754
34273,0.17298868
34274,0.021307472
34275,0.00967297
34276,0.060688347
34277,0.016467743
34278,0.0071223476
34279,0.009275723
34280,0.02836444
34281,0.0098975245
34282,0.13596246
34283,0.037657358
34284,0.007922235
34285,0.28501445
34286,0.017051626
34287,0.009144417
34288,0.008468514
34289,0.0071223476
34290,0.04489594
34291,0.0071223476
34292,0.032858502
34293,0.0071223476
34294,0.028798955
34295,0.01106733
34296,0.012460404
34297,0.007422802
34298,0.32867914
34299,0.20116071
34300,0.029150514
34301,0.15484485
34302,0.015108648
34303,0.01993469
34304,0.018553223
34305,0.036374684
34306,0.04467643
34307,0.024694694
34308,0.012652252
34309,0.0322268
34310,0.1166249
34311,0.016045688
34312,0.2667859
34313,0.04053618
34314,0.055687755
34315,0.0745808
34316,0.13588355
34317,0.24742176
34318,0.03454767
34319,0.18661247
34320,0.09661976
34321,0.35876077
34322,0.088436715
34323,0.1957612
34324,0.09324447
34325,0.008697048
34326,0.13033487
34327,0.20283185
34328,0.8762977
34329,0.32867914
34330,0.09401302
34331,0.047284033
34332,0.37718663
34333,0.097087435
34334,0.0071223476
34335,0.041960906
34336,0.007514238
34337,0.0098975245
34338,0.023343308
34339,0.079317376
34340,0.32867914
34341,0.53030527
34342,0.58770156
34343,0.0110621145
34344,0.02201878
34345,0.11914273
34346,0.22624514
34347,0.08062103
34348,0.043153003
34349,0.17943662
34350,0.16435698
34351,0.01421923
34352,0.31135306
34353,0.20664562
34354,0.23395027
34355,0.51920843
34356,0.12817487
34357,0.03441333
34358,0.5824163
34359,0.10392705
34360,0.3015367
34361,0.07655284
34362,0.09997604
34363,0.0071223476
34364,0.2094128
34365,0.081861466
34366,0.16469206
34367,0.048038945
34368,0.02887891
34369,0.07560575
34370,0.09934926
34371,0.29650068
34372,0.058070242
34373,0.020722691
34374,0.05653502
34375,0.115369126
34376,0.044743832
34377,0.01438578
34378,0.0071223476
34379,0.018355703
34380,0.23661019
34381,0.12831447
34382,0.27065304
34383,0.0071223476
34384,0.023094263
34385,0.033886172
34386,0.024707073
34387,0.015751973
34388,0.4731943
34389,0.18379346
34390,0.08414486
34391,0.43537349
34392,0.5311794
34393,0.09633215
34394,0.06091328
34395,0.017811406
34396,0.03746986
34397,0.025789095
34398,0.010463113
34399,0.13088208
34400,0.04652439
34401,0.05821486
34402,0.29496068
34403,0.4811994
34404,0.01601556
34405,0.01715368
34406,0.03075745
34407,0.048555356
34408,0.03316819
34409,0.30124456
34410,0.01993469
34411,0.026922615
34412,0.15311755
34413,0.018011695
34414,0.3541708
34415,0.51920843
34416,0.18479227
34417,0.017277833
34418,0.018965667
34419,0.061281342
34420,0.0939034
34421,0.21014404
34422,0.1844469
34423,0.10261881
34424,0.14372343
34425,0.09572022
34426,0.0071223476
34427,0.020833258
34428,0.08407741
34429,0.01421923
34430,0.020177132
34431,0.029173508
34432,0.112449065
34433,0.0820945
34434,0.0883173
34435,0.0071223476
34436,0.027247855
34437,0.015751973
34438,0.008129483
34439,0.015108648
34440,0.030206531
34441,0.047910348
34442,0.03316819
34443,0.058601804
34444,0.41050982
34445,0.33384082
34446,0.05999806
34447,0.04957077
34448,0.013971003
34449,0.1551772
34450,0.07911262
34451,0.059128754
34452,0.016163947
34453,0.034719154
34454,0.034601297
34455,0.13187529
34456,0.04369721
34457,0.02764758
34458,0.007422802
34459,0.037308168
34460,0.05755259
34461,0.091995284
34462,0.14234556
34463,0.12198137
34464,0.034383222
34465,0.060688347
34466,0.0077645117
34467,0.04489594
34468,0.038551286
34469,0.18661247
34470,0.058070242
34471,0.4731943
34472,0.10077674
34473,0.015751973
34474,0.15990096
34475,0.051818036
34476,0.053623006
34477,0.027461212
34478,0.009275723
34479,0.012460404
34480,0.09224414
34481,0.009144417
34482,0.03411147
34483,0.0071223476
34484,0.00967297
34485,0.104747295
34486,0.06600609
34487,0.05502707
34488,0.101110145
34489,0.15995866
34490,0.29817834
34491,0.07046127
34492,0.030787451
34493,0.06986152
34494,0.023727203
34495,0.029154114
34496,0.007922235
34497,0.0071223476
34498,0.14445941
34499,0.07056314
34500,0.10626577
34501,0.05211573
34502,0.1097869
34503,0.02414701
34504,0.039134815
34505,0.029961104
34506,0.0071223476
34507,0.19045088
34508,0.009275723
34509,0.10079334
34510,0.03916506
34511,0.0071223476
34512,0.020177132
34513,0.020833258
34514,0.07956975
34515,0.037308168
34516,0.08634046
34517,0.08519868
34518,0.15757735
34519,0.15421751
34520,0.1804877
34521,0.007422802
34522,0.1198654
34523,0.012869265
34524,0.057154525
34525,0.05303952
34526,0.10433762
34527,0.04614136
34528,0.09662919
34529,0.061777305
34530,0.09833252
34531,0.07233137
34532,0.03614944
34533,0.01438578
34534,0.06276975
34535,0.007422802
34536,0.054172676
34537,0.21526548
34538,0.067844234
34539,0.096408
34540,0.43962124
34541,0.065119855
34542,0.07161415
34543,0.023222549
34544,0.07989335
34545,0.04489594
34546,0.0717495
34547,0.040308844
34548,0.029050726
34549,0.23441064
34550,0.06948745
34551,0.071167566
34552,0.04834286
34553,0.07715006
34554,0.030541094
34555,0.007422802
34556,0.008129483
34557,0.056831133
34558,0.4771095
34559,0.051271338
34560,0.054465342
34561,0.052476704
34562,0.6780778
34563,0.03684889
34564,0.0071223476
34565,0.09114385
34566,0.04743651
34567,0.16205172
34568,0.3273623
34569,0.04489594
34570,0.0098975245
34571,0.050062895
34572,0.08783865
34573,0.10887029
34574,0.20569596
34575,0.03677796
34576,0.13886994
34577,0.08287559
34578,0.054268625
34579,0.0950602
34580,0.047151964
34581,0.01601556
34582,0.08873973
34583,0.07708839
34584,0.21720095
34585,0.054203477
34586,0.015076534
34587,0.08016328
34588,0.1361421
34589,0.17343718
34590,0.047151964
34591,0.05504233
34592,0.050610706
34593,0.00967297
34594,0.1197781
34595,0.51920843
34596,0.030541094
34597,0.097679585
34598,0.4083665
34599,0.16614527
34600,0.01314234
34601,0.0098975245
34602,0.0071223476
34603,0.039134815
34604,0.052490447
34605,0.21268716
34606,0.15281218
34607,0.04053618
34608,0.075904354
34609,0.15537083
34610,0.04735918
34611,0.07135798
34612,0.15051956
34613,0.22597745
34614,0.07921265
34615,0.027797198
34616,0.16215234
34617,0.08334048
34618,0.23441064
34619,0.8821682
34620,0.030922053
34621,0.28003144
34622,0.023343308
34623,0.03170326
34624,0.20664562
34625,0.015108648
34626,0.0071223476
34627,0.057772618
34628,0.030238252
34629,0.03163011
34630,0.0631406
34631,0.368439
34632,0.010463113
34633,0.06377411
34634,0.26369506
34635,0.09384552
34636,0.19224398
34637,0.23976251
34638,0.2571745
34639,0.22601752
34640,0.10001186
34641,0.106767334
34642,0.95252216
34643,0.47164807
34644,0.29615438
34645,0.031151827
34646,0.1378784
34647,0.033886172
34648,0.041960906
34649,0.04003751
34650,0.03147336
34651,0.008468514
34652,0.0071223476
34653,0.016467743
34654,0.057055254
34655,0.094825886
34656,0.06469479
34657,0.100468345
34658,0.06469479
34659,0.119028464
34660,0.10842982
34661,0.024707073
34662,0.08939166
34663,0.2476066
34664,0.01106733
34665,0.08437838
34666,0.9557693
34667,0.8821682
34668,0.72899175
34669,0.2072266
34670,0.43932807
34671,0.15311755
34672,0.013453878
34673,0.044232134
34674,0.009144417
34675,0.011003476
34676,0.029429121
34677,0.034179635
34678,0.0071223476
34679,0.3674782
34680,0.010668842
34681,0.035694603
34682,0.051159002
34683,0.08414486
34684,0.009236465
34685,0.047151964
34686,0.20237783
34687,0.08655026
34688,0.033916265
34689,0.11660805
34690,0.09384552
34691,0.10188917
34692,0.9557693
34693,0.8790432
34694,0.60030925
34695,0.00967297
34696,0.012246222
34697,0.036928907
34698,0.0071223476
34699,0.0089379735
34700,0.47780463
34701,0.06955698
34702,0.21742691
34703,0.039752815
34704,0.1505995
34705,0.097875245
34706,0.09585731
34707,0.12643962
34708,0.3982438
34709,0.32078964
34710,0.4738876
34711,0.088436715
34712,0.11157789
34713,0.07233137
34714,0.050501153
34715,0.055687755
34716,0.039134815
34717,0.023073599
34718,0.031849463
34719,0.10496821
34720,0.12273742
34721,0.047151964
34722,0.20991857
34723,0.01438578
34724,0.9557693
34725,0.948318
34726,0.9557693
34727,0.06967485
34728,0.033735666
34729,0.12298427
34730,0.011911443
34731,0.43932807
34732,0.0071223476
34733,0.0071223476
34734,0.007922235
34735,0.030541094
34736,0.07103843
34737,0.034179635
34738,0.16932313
34739,0.9557693
34740,0.05576941
34741,0.06547959
34742,0.03670354
34743,0.12273742
34744,0.035571497
34745,0.139969
34746,0.10123464
34747,0.031402934
34748,0.10293613
34749,0.074349396
34750,0.0821188
34751,0.021307472
34752,0.33175936
34753,0.2571745
34754,0.12448226
34755,0.05453491
34756,0.022675652
34757,0.08249062
34758,0.059919383
34759,0.18938093
34760,0.057479035
34761,0.04718244
34762,0.027247855
34763,0.0071223476
34764,0.029279267
34765,0.010790958
34766,0.13418889
34767,0.38548443
34768,0.14834173
34769,0.15685724
34770,0.06667365
34771,0.14440347
34772,0.12817487
34773,0.51982296
34774,0.033886172
34775,0.027247855
34776,0.04641506
34777,0.021680169
34778,0.1266538
34779,0.15719695
34780,0.26369506
34781,0.40984625
34782,0.22154357
34783,0.08684944
34784,0.94931483
34785,0.15189332
34786,0.01438578
34787,0.13693225
34788,0.20757067
34789,0.039676927
34790,0.06492413
34791,0.25852
34792,0.035896875
34793,0.01421923
34794,0.0071223476
34795,0.03383036
34796,0.07591005
34797,0.22813247
34798,0.23319642
34799,0.23441064
34800,0.16700102
34801,0.101676404
34802,0.14437129
34803,0.18444048
34804,0.0071223476
34805,0.19045088
34806,0.105657905
34807,0.07956975
34808,0.38619334
34809,0.21752143
34810,0.04489594
34811,0.41050982
34812,0.3660429
34813,0.0071223476
34814,0.14117377
34815,0.11191456
34816,0.13677524
34817,0.028612094
34818,0.010463113
34819,0.0071223476
34820,0.013681198
34821,0.0071223476
34822,0.05539858
34823,0.07910325
34824,0.050824374
34825,0.06505342
34826,0.27288538
34827,0.68571365
34828,0.31167397
34829,0.19840573
34830,0.33864665
34831,0.09133812
34832,0.007922235
34833,0.04563422
34834,0.050210122
34835,0.12351824
34836,0.23715834
34837,0.06658085
34838,0.00967297
34839,0.062293462
34840,0.08997725
34841,0.036552623
34842,0.0275657
34843,0.046492077
34844,0.026373742
34845,0.03170326
34846,0.06091724
34847,0.08364529
34848,0.17840546
34849,0.121982105
34850,0.061681215
34851,0.47349432
34852,0.4738876
34853,0.20070785
34854,0.13604577
34855,0.06540932
34856,0.039676927
34857,0.011608018
34858,0.15974976
34859,0.01601556
34860,0.9557693
34861,0.08614468
34862,0.021680169
34863,0.0884862
34864,0.09054428
34865,0.090413325
34866,0.06432908
34867,0.04614136
34868,0.01601556
34869,0.06284156
34870,0.026140241
34871,0.06663078
34872,0.037578255
34873,0.53030527
34874,0.18649964
34875,0.16080604
34876,0.9557693
34877,0.25363338
34878,0.3594928
34879,0.12273742
34880,0.01106733
34881,0.007514238
34882,0.009275723
34883,0.061281342
34884,0.049732655
34885,0.0322268
34886,0.050062895
34887,0.43386692
34888,0.07023075
34889,0.2412984
34890,0.053621296
34891,0.10647943
34892,0.102341905
34893,0.22660479
34894,0.17796424
34895,0.010856303
34896,0.0071223476
34897,0.02860405
34898,0.09728694
34899,0.9557693
34900,0.20283185
34901,0.72236574
34902,0.25748217
34903,0.23449212
34904,0.12273742
34905,0.2072266
34906,0.0071223476
34907,0.020363864
34908,0.015502627
34909,0.008697048
34910,0.023343308
34911,0.13956627
34912,0.11191456
34913,0.104747295
34914,0.27287966
34915,0.011580592
34916,0.017201753
34917,0.26507398
34918,0.0089379735
34919,0.0089379735
34920,0.05492883
34921,0.17113969
34922,0.012690897
34923,0.08249062
34924,0.08894669
34925,0.09548032
34926,0.1553278
34927,0.032867517
34928,0.12629277
34929,0.0717495
34930,0.025390096
34931,0.114148304
34932,0.09628771
34933,0.035018
34934,0.0071223476
34935,0.12439718
34936,0.009275723
34937,0.11858006
34938,0.057479035
34939,0.034601297
34940,0.07930885
34941,0.01314234
34942,0.016147222
34943,0.008156651
34944,0.15078144
34945,0.2292085
34946,0.8655162
34947,0.19008529
34948,0.0071223476
34949,0.017277833
34950,0.016658073
34951,0.01970291
34952,0.03969944
34953,0.04489594
34954,0.15072246
34955,0.011580592
34956,0.026373742
34957,0.0071223476
34958,0.04033912
34959,0.03724438
34960,0.0071223476
34961,0.021884289
34962,0.007922235
34963,0.086397946
34964,0.040656287
34965,0.32111287
34966,0.012869265
34967,0.014610436
34968,0.01970291
34969,0.049185306
34970,0.094825886
34971,0.3674782
34972,0.18379346
34973,0.22366686
34974,0.026773129
34975,0.06199252
34976,0.1416414
34977,0.032778807
34978,0.010463113
34979,0.017811406
34980,0.35344464
34981,0.05090631
34982,0.014884228
34983,0.01314234
34984,0.024421003
34985,0.11709187
34986,0.02525506
34987,0.024125556
34988,0.0071223476
34989,0.0089379735
34990,0.06091724
34991,0.18298234
34992,0.016467743
34993,0.0071223476
34994,0.053841356
34995,0.055577464
34996,0.03134722
34997,0.059703004
34998,0.1713954
34999,0.07896134
35000,0.18658978
35001,0.05668316
35002,0.010463113
35003,0.015108648
35004,0.036928907
35005,0.077887855
35006,0.008697048
35007,0.2314572
35008,0.014884228
35009,0.17598435
35010,0.0071223476
35011,0.028192118
35012,0.023890562
35013,0.25604102
35014,0.41035873
35015,0.09594968
35016,0.11248073
35017,0.0098975245
35018,0.16934843
35019,0.025938442
35020,0.053262837
35021,0.09820776
35022,0.1324273
35023,0.1415577
35024,0.94931483
35025,0.015502627
35026,0.075904354
35027,0.053770732
35028,0.058755927
35029,0.023343308
35030,0.22985397
35031,0.52712095
35032,0.081393056
35033,0.1551186
35034,0.015108648
35035,0.123719886
35036,0.020177132
35037,0.07378746
35038,0.008468514
35039,0.008129483
35040,0.032778807
35041,0.054473653
35042,0.00967297
35043,0.02887891
35044,0.06658085
35045,0.022675652
35046,0.17997737
35047,0.069790944
35048,0.0071223476
35049,0.017811406
35050,0.100227416
35051,0.10441279
35052,0.08783865
35053,0.9557693
35054,0.04991004
35055,0.16080604
35056,0.029723877
35057,0.024000742
35058,0.024274657
35059,0.01285437
35060,0.0071223476
35061,0.010668842
35062,0.36022678
35063,0.0071223476
35064,0.008129483
35065,0.0071223476
35066,0.015502627
35067,0.03333357
35068,0.16484392
35069,0.057227764
35070,0.14711563
35071,0.03157715
35072,0.022675652
35073,0.046999525
35074,0.35876077
35075,0.012246222
35076,0.011421778
35077,0.0071223476
35078,0.0071223476
35079,0.026922615
35080,0.007922235
35081,0.007268069
35082,0.18531074
35083,0.03170326
35084,0.040851567
35085,0.10392705
35086,0.1171866
35087,0.13212395
35088,0.10392705
35089,0.06948745
35090,0.019818913
35091,0.09693364
35092,0.03201147
35093,0.12148823
35094,0.1439043
35095,0.13203694
35096,0.023670664
35097,0.0071223476
35098,0.01106733
35099,0.021045646
35100,0.009275723
35101,0.009275723
35102,0.030583635
35103,0.012460404
35104,0.00967297
35105,0.018284414
35106,0.08574354
35107,0.035896875
35108,0.14420173
35109,0.0098975245
35110,0.22645622
35111,0.0089379735
35112,0.29358712
35113,0.011580592
35114,0.018712543
35115,0.022863802
35116,0.010668842
35117,0.012246222
35118,0.008468514
35119,0.017051626
35120,0.017051626
35121,0.012869265
35122,0.0071223476
35123,0.10497333
35124,0.027837288
35125,0.04549486
35126,0.01314234
35127,0.012093497
35128,0.035420753
35129,0.0077645117
35130,0.008697048
35131,0.16484392
35132,0.015108648
35133,0.027655903
35134,0.0071223476
35135,0.01421923
35136,0.06791467
35137,0.08825181
35138,0.0071223476
35139,0.010250709
35140,0.009460591
35141,0.37718663
35142,0.07233137
35143,0.04743651
35144,0.14210464
35145,0.058904372
35146,0.031849463
35147,0.10520931
35148,0.012460404
35149,0.13470748
35150,0.13008112
35151,0.0071223476
35152,0.017811406
35153,0.07896653
35154,0.05481863
35155,0.017447386
35156,0.00967297
35157,0.1415577
35158,0.0676342
35159,0.29496068
35160,0.007589356
35161,0.026738772
35162,0.012460404
35163,0.039134815
35164,0.011911443
35165,0.008129483
35166,0.021884289
35167,0.08148987
35168,0.014884228
35169,0.04060095
35170,0.31587613
35171,0.22601752
35172,0.05303952
35173,0.17912188
35174,0.014610436
35175,0.008468514
35176,0.036374684
35177,0.10107106
35178,0.095805556
35179,0.03333357
35180,0.029173508
35181,0.031967893
35182,0.03313812
35183,0.095805556
35184,0.12652692
35185,0.027964437
35186,0.021307472
35187,0.32573152
35188,0.022729717
35189,0.14555037
35190,0.04053618
35191,0.19355993
35192,0.15660468
35193,0.08825181
35194,0.01421923
35195,0.01421923
35196,0.19348374
35197,0.103672415
35198,0.3660429
35199,0.08623537
35200,0.23948984
35201,0.1619894
35202,0.17264809
35203,0.014610436
35204,0.012460404
35205,0.24187328
35206,0.018284414
35207,0.7110249
35208,0.28501445
35209,0.029154114
35210,0.33610976
35211,0.058904372
35212,0.016163947
35213,0.057479035
35214,0.010463113
35215,0.018965667
35216,0.0071223476
35217,0.080032766
35218,0.34665826
35219,0.53030527
35220,0.4731943
35221,0.04053618
35222,0.045042444
35223,0.024000742
35224,0.12049458
35225,0.20727523
35226,0.0089379735
35227,0.01421923
35228,0.051927906
35229,0.055211686
35230,0.10773908
35231,0.222918
35232,0.007313183
35233,0.34392434
35234,0.16402823
35235,0.21742691
35236,0.6039839
35237,0.11123513
35238,0.40984625
35239,0.016658073
35240,0.0820945
35241,0.318423
35242,0.04492884
35243,0.09693364
35244,0.0071223476
35245,0.17244476
35246,0.04286673
35247,0.08249062
35248,0.16220236
35249,0.031151827
35250,0.033886172
35251,0.11779241
35252,0.24853973
35253,0.039134815
35254,0.06277189
35255,0.06199252
35256,0.07855513
35257,0.007922235
35258,0.012460404
35259,0.08062103
35260,0.12263054
35261,0.04800862
35262,0.15848921
35263,0.022296008
35264,0.04565368
35265,0.06540932
35266,0.02347673
35267,0.015108648
35268,0.037849322
35269,0.3670957
35270,0.12629277
35271,0.11315125
35272,0.40984625
35273,0.4731943
35274,0.10537835
35275,0.11685337
35276,0.044776898
35277,0.049732655
35278,0.07623773
35279,0.110780254
35280,0.017738188
35281,0.22236247
35282,0.38554123
35283,0.0126531795
35284,0.049023498
35285,0.0353432
35286,0.04107902
35287,0.314363
35288,0.0071223476
35289,0.039980028
35290,0.13899663
35291,0.25948167
35292,0.51920843
35293,0.18887423
35294,0.032158844
35295,0.018965667
35296,0.05083351
35297,0.11232478
35298,0.0098975245
35299,0.03333357
35300,0.011580592
35301,0.15484485
35302,0.18923946
35303,0.10013513
35304,0.1279604
35305,0.07865588
35306,0.04808248
35307,0.025390096
35308,0.041766737
35309,0.030922053
35310,0.13725068
35311,0.04053618
35312,0.05496983
35313,0.011911443
35314,0.009275723
35315,0.043288544
35316,0.016658073
35317,0.01106733
35318,0.025390096
35319,0.047757804
35320,0.024707073
35321,0.10758379
35322,0.44000545
35323,0.34708175
35324,0.06098282
35325,0.026140241
35326,0.02347673
35327,0.15375136
35328,0.07356555
35329,0.015502627
35330,0.07699906
35331,0.0089379735
35332,0.06888988
35333,0.17497447
35334,0.02414701
35335,0.011580592
35336,0.027247855
35337,0.048624527
35338,0.044524357
35339,0.14116417
35340,0.12377413
35341,0.1416357
35342,0.039338976
35343,0.023343308
35344,0.015502627
35345,0.03197856
35346,0.027964437
35347,0.00967297
35348,0.18661247
35349,0.061777305
35350,0.3848327
35351,0.102288395
35352,0.018284414
35353,0.11248073
35354,0.0353432
35355,0.071269125
35356,0.021307472
35357,0.009275723
35358,0.09693364
35359,0.03746986
35360,0.015751973
35361,0.067140795
35362,0.027461212
35363,0.06736693
35364,0.04614136
35365,0.07598685
35366,0.14427117
35367,0.2600971
35368,0.04743651
35369,0.011720886
35370,0.08660261
35371,0.023343308
35372,0.054172676
35373,0.11947934
35374,0.13262542
35375,0.11360935
35376,0.008129483
35377,0.103672415
35378,0.009275723
35379,0.007922235
35380,0.01421923
35381,0.014884228
35382,0.20789301
35383,0.010668842
35384,0.02860405
35385,0.07473147
35386,0.06254656
35387,0.023094263
35388,0.007922235
35389,0.05937869
35390,0.0466132
35391,0.10537835
35392,0.070972845
35393,0.1552333
35394,0.14469983
35395,0.19224398
35396,0.012093497
35397,0.09521374
35398,0.03411147
35399,0.058104318
35400,0.08660261
35401,0.035682574
35402,0.00967297
35403,0.12509573
35404,0.02887891
35405,0.110780254
35406,0.007422802
35407,0.068144694
35408,0.007922235
35409,0.0071223476
35410,0.021045646
35411,0.08783865
35412,0.015751973
35413,0.02836444
35414,0.20450519
35415,0.03675374
35416,0.09403101
35417,0.43962124
35418,0.05817892
35419,0.0702623
35420,0.053071916
35421,0.11232478
35422,0.054115158
35423,0.07527168
35424,0.0466132
35425,0.18938093
35426,0.11232478
35427,0.052484777
35428,0.032128803
35429,0.058338415
35430,0.017277833
35431,0.036959086
35432,0.01993469
35433,0.01970291
35434,0.03236945
35435,0.42898655
35436,0.04467643
35437,0.04492884
35438,0.06214142
35439,0.68571365
35440,0.110780254
35441,0.008129483
35442,0.09031892
35443,0.045989078
35444,0.18610194
35445,0.314363
35446,0.055441484
35447,0.060296305
35448,0.1285906
35449,0.063367635
35450,0.14435476
35451,0.027964437
35452,0.16597441
35453,0.030350972
35454,0.0676188
35455,0.0071223476
35456,0.00967297
35457,0.08272378
35458,0.026302662
35459,0.018011695
35460,0.07582736
35461,0.06609624
35462,0.2089636
35463,0.033564754
35464,0.017051626
35465,0.07764212
35466,0.115607545
35467,0.1713954
35468,0.061281342
35469,0.061281342
35470,0.05236676
35471,0.052337233
35472,0.58844876
35473,0.0071223476
35474,0.10905489
35475,0.35702375
35476,0.15548232
35477,0.01314234
35478,0.016658073
35479,0.013971003
35480,0.031967893
35481,0.04492884
35482,0.25373465
35483,0.14393209
35484,0.048870794
35485,0.07363297
35486,0.08160285
35487,0.12531887
35488,0.10541981
35489,0.16124317
35490,0.20946765
35491,0.08589576
35492,0.0071223476
35493,0.03150338
35494,0.057818834
35495,0.13358046
35496,0.09127917
35497,0.29496068
35498,0.8762977
35499,0.040566463
35500,0.27288538
35501,0.0071223476
35502,0.024707073
35503,0.20664562
35504,0.04433746
35505,0.031553075
35506,0.01421923
35507,0.07363297
35508,0.0071223476
35509,0.41050982
35510,0.018284414
35511,0.059771568
35512,0.24830797
35513,0.12217292
35514,0.24103528
35515,0.2292085
35516,0.2571745
35517,0.021884289
35518,0.21026337
35519,0.17912188
35520,0.090560295
35521,0.95252216
35522,0.43386692
35523,0.33175936
35524,0.011911443
35525,0.11546371
35526,0.08364529
35527,0.06986314
35528,0.027461212
35529,0.011720886
35530,0.010034371
35531,0.04744848
35532,0.008468514
35533,0.007589356
35534,0.011460758
35535,0.047151964
35536,0.08799117
35537,0.07972111
35538,0.07262393
35539,0.06214142
35540,0.1426146
35541,0.102288395
35542,0.0071223476
35543,0.12847266
35544,0.26423898
35545,0.0071223476
35546,0.076839425
35547,0.95252216
35548,0.95252216
35549,0.72236574
35550,0.007268069
35551,0.034694593
35552,0.035694603
35553,0.1295422
35554,0.40984625
35555,0.0883173
35556,0.018284414
35557,0.036928907
35558,0.020760914
35559,0.033822738
35560,0.048334014
35561,0.0071223476
35562,0.31305212
35563,0.009275723
35564,0.015108648
35565,0.06470749
35566,0.055589467
35567,0.032867517
35568,0.020363864
35569,0.21486716
35570,0.080772534
35571,0.01993469
35572,0.2072266
35573,0.12847266
35574,0.08660261
35575,0.95252216
35576,0.95252216
35577,0.6043767
35578,0.012460404
35579,0.06685833
35580,0.02414701
35581,0.0071223476
35582,0.44000545
35583,0.039129224
35584,0.22344294
35585,0.06032445
35586,0.14203508
35587,0.009275723
35588,0.04815556
35589,0.06848231
35590,0.11322312
35591,0.43457147
35592,0.28772178
35593,0.52324593
35594,0.0762931
35595,0.09714643
35596,0.050709452
35597,0.058174647
35598,0.04437854
35599,0.045220364
35600,0.011911443
35601,0.009275723
35602,0.10604235
35603,0.20757067
35604,0.060476307
35605,0.15484485
35606,0.011720886
35607,0.95252216
35608,0.948318
35609,0.95252216
35610,0.059353653
35611,0.06091724
35612,0.08621632
35613,0.3674782
35614,0.022675652
35615,0.009275723
35616,0.0071223476
35617,0.008697048
35618,0.014610436
35619,0.03629471
35620,0.044118065
35621,0.15712498
35622,0.95194566
35623,0.036374684
35624,0.057700865
35625,0.06663311
35626,0.07855513
35627,0.034601297
35628,0.12596874
35629,0.08262684
35630,0.043078832
35631,0.083359234
35632,0.10433762
35633,0.11176961
35634,0.03411147
35635,0.0071223476
35636,0.35344464
35637,0.28772178
35638,0.21026337
35639,0.052484777
35640,0.06911654
35641,0.17960835
35642,0.012460404
35643,0.027247855
35644,0.009275723
35645,0.008697048
35646,0.05138467
35647,0.036374684
35648,0.15443224
35649,0.3674221
35650,0.11618879
35651,0.122603565
35652,0.11643056
35653,0.113835186
35654,0.1087241
35655,0.51982296
35656,0.029849159
35657,0.083772466
35658,0.030541094
35659,0.041863844
35660,0.15025803
35661,0.20741323
35662,0.26369506
35663,0.43932807
35664,0.22458228
35665,0.057075832
35666,0.94931483
35667,0.15833385
35668,0.01438578
35669,0.10614438
35670,0.20757067
35671,0.030029073
35672,0.034351673
35673,0.27533814
35674,0.014884228
35675,0.014610436
35676,0.029173508
35677,0.023343308
35678,0.09477568
35679,0.2565416
35680,0.22684342
35681,0.2584954
35682,0.18691489
35683,0.11880503
35684,0.12970957
35685,0.2546947
35686,0.024707073
35687,0.1957612
35688,0.08574354
35689,0.05616762
35690,0.53190005
35691,0.25632346
35692,0.027247855
35693,0.41050982
35694,0.3591618
35695,0.0071223476
35696,0.09069719
35697,0.07855513
35698,0.062892646
35699,0.043100495
35700,0.008697048
35701,0.015108648
35702,0.027461212
35703,0.06470749
35704,0.06455823
35705,0.07582736
35706,0.2571745
35707,0.5903232
35708,0.27288538
35709,0.1592336
35710,0.3594928
35711,0.07223124
35712,0.06557843
35713,0.034031127
35714,0.09030944
35715,0.27065304
35716,0.06014474
35717,0.021680169
35718,0.06999196
35719,0.08341194
35720,0.0077645117
35721,0.05616762
35722,0.01925183
35723,0.02414701
35724,0.009275723
35725,0.021884289
35726,0.012460404
35727,0.026738772
35728,0.03675374
35729,0.041657023
35730,0.032867517
35731,0.1412455
35732,0.13696791
35733,0.100468345
35734,0.58844876
35735,0.4097884
35736,0.1804877
35737,0.1531672
35738,0.03036188
35739,0.025134027
35740,0.035746075
35741,0.1713346
35742,0.016163947
35743,0.029004298
35744,0.95252216
35745,0.077584654
35746,0.016163947
35747,0.04533545
35748,0.12356235
35749,0.13544458
35750,0.05104919
35751,0.06389254
35752,0.01601556
35753,0.041681867
35754,0.02347673
35755,0.06557843
35756,0.05576372
35757,0.5937121
35758,0.20946765
35759,0.18276392
35760,0.95194566
35761,0.26647592
35762,0.36022678
35763,0.17980254
35764,0.023727203
35765,0.013453878
35766,0.017277833
35767,0.103517696
35768,0.07896653
35769,0.06939411
35770,0.039134815
35771,0.33175936
35772,0.08660261
35773,0.31284413
35774,0.034694593
35775,0.09773212
35776,0.114280544
35777,0.1594161
35778,0.20468761
35779,0.034904815
35780,0.0071223476
35781,0.01106733
35782,0.010668842
35783,0.023094263
35784,0.0959027
35785,0.95194566
35786,0.17840546
35787,0.68920016
35788,0.25027695
35789,0.23449212
35790,0.11750884
35791,0.22866163
35792,0.0353432
35793,0.016658073
35794,0.012690897
35795,0.041544598
35796,0.023343308
35797,0.08746319
35798,0.049170583
35799,0.07650318
35800,0.27287966
35801,0.014610436
35802,0.07363297
35803,0.384087
35804,0.021230487
35805,0.007422802
35806,0.053770732
35807,0.17113969
35808,0.020363864
35809,0.08414486
35810,0.11091914
35811,0.086450286
35812,0.16512898
35813,0.02414701
35814,0.098994516
35815,0.10408184
35816,0.0322268
35817,0.11164734
35818,0.0071223476
35819,0.15484485
35820,0.018004268
35821,0.01421923
35822,0.13156371
35823,0.009275723
35824,0.028040593
35825,0.14555037
35826,0.0421828
35827,0.08262684
35828,0.039728034
35829,0.04044511
35830,0.00967297
35831,0.13838412
35832,0.26359236
35833,0.72236574
35834,0.1943094
35835,0.024578165
35836,0.012869265
35837,0.017277833
35838,0.015502627
35839,0.023727203
35840,0.03675374
35841,0.050062895
35842,0.12753294
35843,0.012869265
35844,0.018965667
35845,0.051819775
35846,0.03395899
35847,0.0071223476
35848,0.076839425
35849,0.053770732
35850,0.32111287
35851,0.011241503
35852,0.015108648
35853,0.0591513
35854,0.080397695
35855,0.38554123
35856,0.2072266
35857,0.049732655
35858,0.034425534
35859,0.21548283
35860,0.054172676
35861,0.050501153
35862,0.13693225
35863,0.08783865
35864,0.011580592
35865,0.017811406
35866,0.01106733
35867,0.33244082
35868,0.012246222
35869,0.01314234
35870,0.027247855
35871,0.08030569
35872,0.01314234
35873,0.012869265
35874,0.015108648
35875,0.023343308
35876,0.032987725
35877,0.15902722
35878,0.01285437
35879,0.037849322
35880,0.083772466
35881,0.017811406
35882,0.09817854
35883,0.13441867
35884,0.03411147
35885,0.20237783
35886,0.057700865
35887,0.020833258
35888,0.011720886
35889,0.04812853
35890,0.0950602
35891,0.029687613
35892,0.24156944
35893,0.32867914
35894,0.009275723
35895,0.056987345
35896,0.035018
35897,0.0071223476
35898,0.22624514
35899,0.41035873
35900,0.07676713
35901,0.11361679
35902,0.114280544
35903,0.05504233
35904,0.09693364
35905,0.1505995
35906,0.06557843
35907,0.10660699
35908,0.94931483
35909,0.0884862
35910,0.062892646
35911,0.048870794
35912,0.028875574
35913,0.20706587
35914,0.40984625
35915,0.050348233
35916,0.173181
35917,0.020177132
35918,0.17992987
35919,0.007422802
35920,0.061837934
35921,0.016658073
35922,0.016658073
35923,0.068144694
35924,0.06690056
35925,0.026539536
35926,0.13262542
35927,0.0071223476
35928,0.028936272
35929,0.20520614
35930,0.035003882
35931,0.04489594
35932,0.008697048
35933,0.025903456
35934,0.12300281
35935,0.16076785
35936,0.95252216
35937,0.06999196
35938,0.12351824
35939,0.07521964
35940,0.033269428
35941,0.03675374
35942,0.018011695
35943,0.007422802
35944,0.36022678
35945,0.0071223476
35946,0.007268069
35947,0.008129483
35948,0.029184068
35949,0.011911443
35950,0.076839425
35951,0.12264223
35952,0.055577464
35953,0.108071126
35954,0.043375853
35955,0.022675652
35956,0.0071223476
35957,0.04958857
35958,0.28803685
35959,0.027964437
35960,0.0071223476
35961,0.010668842
35962,0.03224149
35963,0.020177132
35964,0.02347673
35965,0.20065145
35966,0.05754932
35967,0.012869265
35968,0.01421923
35969,0.0950602
35970,0.13203694
35971,0.1610519
35972,0.07956975
35973,0.035420753
35974,0.008314576
35975,0.08364529
35976,0.022675652
35977,0.09158622
35978,0.1654869
35979,0.18311203
35980,0.007922235
35981,0.01314234
35982,0.012460404
35983,0.01106733
35984,0.017051626
35985,0.010668842
35986,0.015320492
35987,0.009275723
35988,0.020833258
35989,0.012869265
35990,0.056831133
35991,0.020909527
35992,0.068144694
35993,0.117906265
35994,0.23060219
35995,0.0089379735
35996,0.32867914
35997,0.022863802
35998,0.010668842
35999,0.016658073
36000,0.03143787
36001,0.012460404
36002,0.007922235
36003,0.0071223476
36004,0.008129483
36005,0.05520511
36006,0.022675652
36007,0.10628057
36008,0.03362688
36009,0.014610436
36010,0.0077645117
36011,0.024977576
36012,0.14117377
36013,0.017277833
36014,0.07016016
36015,0.009275723
36016,0.029687613
36017,0.035444718
36018,0.098994516
36019,0.012246222
36020,0.35344464
36021,0.09965128
36022,0.10628057
36023,0.0884862
36024,0.012460404
36025,0.07081695
36026,0.039676927
36027,0.08589576
36028,0.023343308
36029,0.1241496
36030,0.13650447
36031,0.016163947
36032,0.013971003
36033,0.06598489
36034,0.053841356
36035,0.026738772
36036,0.023920361
36037,0.13405453
36038,0.0745808
36039,0.27065304
36040,0.021680169
36041,0.026738772
36042,0.0071223476
36043,0.011421778
36044,0.039980028
36045,0.011241503
36046,0.03036188
36047,0.01106733
36048,0.023727203
36049,0.30124456
36050,0.24167033
36051,0.03611175
36052,0.11947934
36053,0.018284414
36054,0.0556485
36055,0.054790787
36056,0.03410327
36057,0.04057316
36058,0.06482477
36059,0.024000742
36060,0.114269026
36061,0.020480122
36062,0.038939618
36063,0.040870577
36064,0.050187636
36065,0.29769653
36066,0.04080056
36067,0.0592998
36068,0.06868626
36069,0.18661247
36070,0.12689066
36071,0.011247575
36072,0.0089379735
36073,0.029117815
36074,0.17847125
36075,0.07003621
36076,0.36635965
36077,0.08737312
36078,0.11127386
36079,0.112211555
36080,0.24309659
36081,0.007922235
36082,0.11635685
36083,0.8751638
36084,0.2569332
36085,0.05990051
36086,0.036363833
36087,0.32867914
36088,0.034234684
36089,0.01993469
36090,0.0821188
36091,0.026860032
36092,0.016658073
36093,0.0758123
36094,0.22624514
36095,0.5937121
36096,0.5184938
36097,0.07819309
36098,0.12680972
36099,0.13032669
36100,0.14137119
36101,0.023343308
36102,0.06858642
36103,0.045968156
36104,0.0863918
36105,0.10679786
36106,0.35879907
36107,0.108344756
36108,0.091184966
36109,0.5370165
36110,0.11076386
36111,0.021307472
36112,0.359894
36113,0.016658073
36114,0.083988085
36115,0.2680896
36116,0.035809916
36117,0.10293949
36118,0.041863844
36119,0.11377295
36120,0.11198403
36121,0.10163862
36122,0.16469206
36123,0.02887891
36124,0.045947332
36125,0.15969983
36126,0.2858215
36127,0.06369611
36128,0.01993469
36129,0.059771568
36130,0.08074166
36131,0.11131421
36132,0.051444843
36133,0.081861466
36134,0.03313812
36135,0.28248274
36136,0.063723445
36137,0.12334739
36138,0.094672404
36139,0.07865784
36140,0.015290744
36141,0.40947005
36142,0.13559328
36143,0.10033673
36144,0.29751623
36145,0.38554123
36146,0.0959592
36147,0.07511887
36148,0.017811406
36149,0.039093092
36150,0.07563415
36151,0.084873475
36152,0.046674244
36153,0.029573455
36154,0.31587613
36155,0.43932807
36156,0.028459445
36157,0.09324447
36158,0.009460591
36159,0.011421778
36160,0.04375692
36161,0.32907125
36162,0.01993469
36163,0.0071223476
36164,0.011247575
36165,0.061946135
36166,0.016658073
36167,0.28283158
36168,0.52783966
36169,0.1267224
36170,0.01970291
36171,0.035444718
36172,0.08694658
36173,0.13089341
36174,0.01601556
36175,0.0322268
36176,0.0071223476
36177,0.1505995
36178,0.20727523
36179,0.13986602
36180,0.14799972
36181,0.058030583
36182,0.065053575
36183,0.023343308
36184,0.034351673
36185,0.025390096
36186,0.13591091
36187,0.05953292
36188,0.09842733
36189,0.012064141
36190,0.016658073
36191,0.022906069
36192,0.011580592
36193,0.014610436
36194,0.022227885
36195,0.03475417
36196,0.018712543
36197,0.07233137
36198,0.47780463
36199,0.36058986
36200,0.031151827
36201,0.04628594
36202,0.01421923
36203,0.16076785
36204,0.110309176
36205,0.015502627
36206,0.12220435
36207,0.012869265
36208,0.059308287
36209,0.2539835
36210,0.008129483
36211,0.030541094
36212,0.0071223476
36213,0.017811406
36214,0.056230552
36215,0.16435698
36216,0.11765722
36217,0.12467944
36218,0.05835513
36219,0.041447923
36220,0.009460591
36221,0.026539536
36222,0.034601297
36223,0.22687264
36224,0.095805556
36225,0.359894
36226,0.08860223
36227,0.08170619
36228,0.030541094
36229,0.04003751
36230,0.05271027
36231,0.04641506
36232,0.013971003
36233,0.06758211
36234,0.029117815
36235,0.069822624
36236,0.07074156
36237,0.071323544
36238,0.09107609
36239,0.28313255
36240,0.033419862
36241,0.0089379735
36242,0.051605333
36243,0.0071223476
36244,0.017811406
36245,0.07796091
36246,0.046999525
36247,0.07834701
36248,0.031835962
36249,0.11673863
36250,0.02347673
36251,0.014610436
36252,0.0071223476
36253,0.22330044
36254,0.012638732
36255,0.026140241
36256,0.08414007
36257,0.045221426
36258,0.016658073
36259,0.01438578
36260,0.05802731
36261,0.07542452
36262,0.06387259
36263,0.08709897
36264,0.21012585
36265,0.14296025
36266,0.16079248
36267,0.012246222
36268,0.08134313
36269,0.04127668
36270,0.069724776
36271,0.09967393
36272,0.012869265
36273,0.013971003
36274,0.067056276
36275,0.12216743
36276,0.007922235
36277,0.06568552
36278,0.03949521
36279,0.08364529
36280,0.016658073
36281,0.04426253
36282,0.19657543
36283,0.043674003
36284,0.11041127
36285,0.48189652
36286,0.06868383
36287,0.08370192
36288,0.044232134
36289,0.055354856
36290,0.043574605
36291,0.075602636
36292,0.071447656
36293,0.010250709
36294,0.044776898
36295,0.20520614
36296,0.101875894
36297,0.057399645
36298,0.0076609217
36299,0.034256462
36300,0.013971003
36301,0.0071223476
36302,0.0071223476
36303,0.038050663
36304,0.40984625
36305,0.036928907
36306,0.054133933
36307,0.04758337
36308,0.71881056
36309,0.098103024
36310,0.0071223476
36311,0.08521862
36312,0.04919204
36313,0.18296959
36314,0.3273623
36315,0.053291865
36316,0.034119796
36317,0.106609575
36318,0.08272378
36319,0.056021642
36320,0.16250934
36321,0.011720886
36322,0.11522695
36323,0.06377914
36324,0.05520123
36325,0.0071223476
36326,0.021045646
36327,0.0270439
36328,0.036552623
36329,0.0333176
36330,0.06605341
36331,0.07290666
36332,0.22601752
36333,0.061672494
36334,0.012064141
36335,0.08170619
36336,0.1256773
36337,0.17270258
36338,0.051304847
36339,0.057159584
36340,0.053259462
36341,0.04919204
36342,0.4738876
36343,0.0071223476
36344,0.08481137
36345,0.35344464
36346,0.18067357
36347,0.01314234
36348,0.016658073
36349,0.009144417
36350,0.0379962
36351,0.012869265
36352,0.21509992
36353,0.11577432
36354,0.057251412
36355,0.07339436
36356,0.12041914
36357,0.11699796
36358,0.076986335
36359,0.20540099
36360,0.20946765
36361,0.05992016
36362,0.0489457
36363,0.1485107
36364,0.065049596
36365,0.32867914
36366,0.8762977
36367,0.063101776
36368,0.26554596
36369,0.012869265
36370,0.034351673
36371,0.21531442
36372,0.043674003
36373,0.046375167
36374,0.01314234
36375,0.065349266
36376,0.0071223476
36377,0.41050982
36378,0.036374684
36379,0.08694658
36380,0.24165612
36381,0.100134924
36382,0.20540099
36383,0.22154357
36384,0.17568249
36385,0.022227885
36386,0.19626188
36387,0.10079334
36388,0.092217
36389,0.95252216
36390,0.3449797
36391,0.3449797
36392,0.011247575
36393,0.13916941
36394,0.083988085
36395,0.021045646
36396,0.023094263
36397,0.011720886
36398,0.011421778
36399,0.024421003
36400,0.01314234
36401,0.01568582
36402,0.032778807
36403,0.06419307
36404,0.056378648
36405,0.07794729
36406,0.06931689
36407,0.09403101
36408,0.07238553
36409,0.01438578
36410,0.0829693
36411,0.28647944
36412,0.057818834
36413,0.95252216
36414,0.95252216
36415,0.6055007
36416,0.007268069
36417,0.029932978
36418,0.08600559
36419,0.40984625
36420,0.12342544
36421,0.008468514
36422,0.05382791
36423,0.0071223476
36424,0.013971003
36425,0.038400106
36426,0.023921184
36427,0.043168683
36428,0.34708175
36429,0.013743616
36430,0.01993469
36431,0.056532443
36432,0.047298778
36433,0.025390096
36434,0.026860032
36435,0.20976363
36436,0.061176583
36437,0.14542545
36438,0.110309176
36439,0.08977908
36440,0.95252216
36441,0.95252216
36442,0.5304253
36443,0.0098975245
36444,0.05960237
36445,0.024421003
36446,0.0071223476
36447,0.34735614
36448,0.021848135
36449,0.19789869
36450,0.084115304
36451,0.15738864
36452,0.007268069
36453,0.108725175
36454,0.07972592
36455,0.0959027
36456,0.3982438
36457,0.33175936
36458,0.53190005
36459,0.10685411
36460,0.0879546
36461,0.031151827
36462,0.05700569
36463,0.054949164
36464,0.043168683
36465,0.027890045
36466,0.11402908
36467,0.1629955
36468,0.08694658
36469,0.10939343
36470,0.016467743
36471,0.95252216
36472,0.948318
36473,0.95252216
36474,0.019845877
36475,0.07623551
36476,0.10412325
36477,0.40984625
36478,0.028211994
36479,0.016467743
36480,0.02347673
36481,0.026284108
36482,0.05467041
36483,0.20946765
36484,0.95194566
36485,0.032867517
36486,0.06968593
36487,0.034351673
36488,0.068582155
36489,0.020363864
36490,0.09482439
36491,0.0959592
36492,0.030333742
36493,0.09967393
36494,0.1505995
36495,0.07844422
36496,0.043168683
36497,0.43781734
36498,0.3660429
36499,0.12603392
36500,0.049653795
36501,0.0645525
36502,0.026688987
36503,0.20727523
36504,0.018011695
36505,0.043168683
36506,0.04747709
36507,0.01421923
36508,0.026494961
36509,0.03764689
36510,0.1280788
36511,0.4097884
36512,0.12490384
36513,0.14719939
36514,0.101951934
36515,0.12332039
36516,0.13525057
36517,0.5394969
36518,0.049353868
36519,0.035018
36520,0.025390096
36521,0.08407799
36522,0.14866354
36523,0.23190482
36524,0.32839155
36525,0.2292085
36526,0.08860223
36527,0.94931483
36528,0.14269398
36529,0.01438578
36530,0.04070967
36531,0.18531074
36532,0.010887391
36533,0.030922053
36534,0.41108036
36535,0.029932978
36536,0.008468514
36537,0.01438578
36538,0.021045646
36539,0.10123967
36540,0.2584954
36541,0.22597745
36542,0.23506631
36543,0.23207532
36544,0.09117447
36545,0.091046594
36546,0.20187174
36547,0.024000742
36548,0.20757067
36549,0.044232134
36550,0.07623551
36551,0.44000545
36552,0.28619865
36553,0.06369611
36554,0.43604898
36555,0.33244082
36556,0.0071223476
36557,0.08709897
36558,0.11131421
36559,0.0592998
36560,0.038939618
36561,0.008129483
36562,0.023094263
36563,0.03950247
36564,0.064348
36565,0.049344797
36566,0.12236168
36567,0.28003144
36568,0.67605186
36569,0.26554596
36570,0.16532165
36571,0.33315864
36572,0.10451591
36573,0.022906069
36574,0.047298778
36575,0.081544675
36576,0.111925215
36577,0.2443492
36578,0.06958739
36579,0.052006446
36580,0.050969403
36581,0.10163862
36582,0.025390096
36583,0.056910753
36584,0.08059983
36585,0.014610436
36586,0.01760922
36587,0.012460404
36588,0.026860032
36589,0.022227885
36590,0.04993598
36591,0.041684553
36592,0.15077832
36593,0.15005411
36594,0.09727278
36595,0.51920843
36596,0.43962124
36597,0.22571757
36598,0.195735
36599,0.04819026
36600,0.01993469
36601,0.023304105
36602,0.10451591
36603,0.015751973
36604,0.03181188
36605,0.95252216
36606,0.05887644
36607,0.01106733
36608,0.04408012
36609,0.07717086
36610,0.118219614
36611,0.04582284
36612,0.027890045
36613,0.0071223476
36614,0.057521284
36615,0.020363864
36616,0.012869265
36617,0.016467743
36618,0.082246214
36619,0.03277325
36620,0.5216601
36621,0.2128428
36622,0.16326089
36623,0.95194566
36624,0.23441064
36625,0.3287166
36626,0.18185362
36627,0.027247855
36628,0.015751973
36629,0.01760922
36630,0.074471265
36631,0.07687383
36632,0.030922053
36633,0.05271027
36634,0.384087
36635,0.1361835
36636,0.23178533
36637,0.01314234
36638,0.11129811
36639,0.13986602
36640,0.16906235
36641,0.15521286
36642,0.058296945
36643,0.024963036
36644,0.0071223476
36645,0.022458203
36646,0.09691718
36647,0.95194566
36648,0.14990662
36649,0.68920016
36650,0.25748217
36651,0.25230706
36652,0.11750884
36653,0.20672198
36654,0.032867517
36655,0.04060095
36656,0.007268069
36657,0.023343308
36658,0.110309176
36659,0.058904372
36660,0.03833845
36661,0.22407416
36662,0.02860405
36663,0.0950602
36664,0.36635965
36665,0.056935433
36666,0.012869265
36667,0.010463113
36668,0.110309176
36669,0.18635342
36670,0.0077645117
36671,0.11377295
36672,0.11634163
36673,0.046103183
36674,0.1424629
36675,0.032585923
36676,0.08638237
36677,0.101621725
36678,0.026494961
36679,0.1560603
36680,0.1206101
36681,0.018905574
36682,0.10484699
36683,0.009275723
36684,0.03201147
36685,0.14951
36686,0.025903456
36687,0.081077494
36688,0.031835962
36689,0.044706833
36690,0.024274692
36691,0.1086617
36692,0.23441064
36693,0.67925346
36694,0.20503077
36695,0.0077645117
36696,0.012869265
36697,0.01421923
36698,0.016658073
36699,0.0071223476
36700,0.057999253
36701,0.021853635
36702,0.12905522
36703,0.011580592
36704,0.010113833
36705,0.013743616
36706,0.032867517
36707,0.028483422
36708,0.010250709
36709,0.013743616
36710,0.07526511
36711,0.056532443
36712,0.3591618
36713,0.012869265
36714,0.014610436
36715,0.016658073
36716,0.032387763
36717,0.06312065
36718,0.3674782
36719,0.22917548
36720,0.011720886
36721,0.025541004
36722,0.22366686
36723,0.044706833
36724,0.055354856
36725,0.2072266
36726,0.017811406
36727,0.2571745
36728,0.029184068
36729,0.01314234
36730,0.026494961
36731,0.0879546
36732,0.01601556
36733,0.032867517
36734,0.015290744
36735,0.01314234
36736,0.040157404
36737,0.11128429
36738,0.024819633
36739,0.06898975
36740,0.021680169
36741,0.031151827
36742,0.06181045
36743,0.21297236
36744,0.0077645117
36745,0.22336745
36746,0.054949164
36747,0.012460404
36748,0.062174875
36749,0.08962631
36750,0.08939166
36751,0.31587613
36752,0.33610976
36753,0.0071223476
36754,0.030922053
36755,0.0379962
36756,0.27288538
36757,0.4737297
36758,0.0731632
36759,0.1381187
36760,0.013971003
36761,0.10033673
36762,0.09220096
36763,0.067056276
36764,0.08413065
36765,0.08823762
36766,0.11556329
36767,0.94931483
36768,0.012460404
36769,0.069216445
36770,0.043341815
36771,0.061369125
36772,0.068089135
36773,0.20706587
36774,0.3848327
36775,0.039343894
36776,0.22407416
36777,0.023094263
36778,0.20535243
36779,0.020177132
36780,0.05464773
36781,0.012246222
36782,0.022227885
36783,0.023741515
36784,0.07101316
36785,0.028290018
36786,0.018712543
36787,0.12541518
36788,0.027700387
36789,0.19153194
36790,0.04072466
36791,0.013971003
36792,0.025903456
36793,0.10676473
36794,0.10451591
36795,0.046801306
36796,0.04060095
36797,0.046592277
36798,0.95252216
36799,0.09951977
36800,0.173171
36801,0.051122412
36802,0.06427839
36803,0.03383036
36804,0.011580592
36805,0.015502627
36806,0.34639287
36807,0.0071223476
36808,0.007268069
36809,0.0071223476
36810,0.008283394
36811,0.033536993
36812,0.22634478
36813,0.16435698
36814,0.04888978
36815,0.05034453
36816,0.27281782
36817,0.0071223476
36818,0.044776898
36819,0.030478481
36820,0.012246222
36821,0.0071223476
36822,0.16700102
36823,0.043674003
36824,0.0071223476
36825,0.027827112
36826,0.09951977
36827,0.19087456
36828,0.14090398
36829,0.055354856
36830,0.06267124
36831,0.025390096
36832,0.046103183
36833,0.06958739
36834,0.14998074
36835,0.16793987
36836,0.007922235
36837,0.018712543
36838,0.013971003
36839,0.012246222
36840,0.012460404
36841,0.012246222
36842,0.01438578
36843,0.06158136
36844,0.056910753
36845,0.05854846
36846,0.07346143
36847,0.04003751
36848,0.13539563
36849,0.0089379735
36850,0.32907125
36851,0.01438578
36852,0.0071223476
36853,0.017811406
36854,0.008468514
36855,0.0071223476
36856,0.019422231
36857,0.013453878
36858,0.008129483
36859,0.050895926
36860,0.031835962
36861,0.12778263
36862,0.012869265
36863,0.07279459
36864,0.023094263
36865,0.16929752
36866,0.023343308
36867,0.046592277
36868,0.009460591
36869,0.062077466
36870,0.011247575
36871,0.038743414
36872,0.15718794
36873,0.40212244
36874,0.09324447
36875,0.03677796
36876,0.050497457
36877,0.042616695
36878,0.03316819
36879,0.11903542
36880,0.026174277
36881,0.16955125
36882,0.176463
36883,0.035694603
36884,0.027429162
36885,0.020177132
36886,0.0071223476
36887,0.014610436
36888,0.0071223476
36889,0.012869265
36890,0.023094263
36891,0.0098975245
36892,0.18526302
36893,0.105657905
36894,0.0071223476
36895,0.29534283
36896,0.01970291
36897,0.014884228
36898,0.0071223476
36899,0.011421778
36900,0.06457387
36901,0.022906069
36902,0.029117815
36903,0.077590644
36904,0.0098975245
36905,0.25118303
36906,0.2545845
36907,0.051045492
36908,0.16854693
36909,0.016319308
36910,0.0372675
36911,0.012869265
36912,0.038006764
36913,0.04761805
36914,0.07654027
36915,0.043574605
36916,0.030208403
36917,0.007922235
36918,0.09117447
36919,0.0071223476
36920,0.01970291
36921,0.34112218
36922,0.07654027
36923,0.0098256385
36924,0.04072466
36925,0.2347127
36926,0.18322039
36927,0.023343308
36928,0.045104466
36929,0.01421923
36930,0.2571745
36931,0.0098256385
36932,0.33175936
36933,0.011389359
36934,0.097774334
36935,0.14013319
36936,0.11488029
36937,0.010113833
36938,0.0071223476
36939,0.09841623
36940,0.007922235
36941,0.8751638
36942,0.18347874
36943,0.040474083
36944,0.32907125
36945,0.026595999
36946,0.010113833
36947,0.054046303
36948,0.0071223476
36949,0.14683026
36950,0.21297236
36951,0.7198559
36952,0.71792316
36953,0.04095209
36954,0.070556186
36955,0.05998843
36956,0.05489489
36957,0.022458203
36958,0.06649427
36959,0.15438086
36960,0.032031484
36961,0.38452154
36962,0.19694303
36963,0.23441064
36964,0.5370165
36965,0.15516867
36966,0.38560638
36967,0.14175746
36968,0.1951032
36969,0.03764689
36970,0.07407791
36971,0.056424443
36972,0.12663977
36973,0.024001082
36974,0.161868
36975,0.19116305
36976,0.096329205
36977,0.029117815
36978,0.058003213
36979,0.20131214
36980,0.22647364
36981,0.049940974
36982,0.027890045
36983,0.041359834
36984,0.07216003
36985,0.015751973
36986,0.02347673
36987,0.055459023
36988,0.20795071
36989,0.081393056
36990,0.21795815
36991,0.079243004
36992,0.013971003
36993,0.0071223476
36994,0.012638732
36995,0.40984625
36996,0.13674533
36997,0.009460591
36998,0.12467944
36999,0.359894
37000,0.3674303
37001,0.007268069
37002,0.10925816
37003,0.12490955
37004,0.019168993
37005,0.04335868
37006,0.01993469
37007,0.0476328
37008,0.0941664
37009,0.0829693
37010,0.35344464
37011,0.4811994
37012,0.01438578
37013,0.06582414
37014,0.028211994
37015,0.051232032
37016,0.33610976
37017,0.037042063
37018,0.007922235
37019,0.04014617
37020,0.32907125
37021,0.52783966
37022,0.104320236
37023,0.010250709
37024,0.018712543
37025,0.05660003
37026,0.087377265
37027,0.033536993
37028,0.0071223476
37029,0.15690483
37030,0.20757067
37031,0.081861466
37032,0.09123197
37033,0.100780085
37034,0.011580592
37035,0.0309421
37036,0.023343308
37037,0.025903456
37038,0.039917964
37039,0.14988758
37040,0.06082096
37041,0.064348
37042,0.007589356
37043,0.029932978
37044,0.015290744
37045,0.0071223476
37046,0.0118735535
37047,0.038410675
37048,0.03724438
37049,0.030208403
37050,0.4858348
37051,0.40984625
37052,0.025390096
37053,0.057705607
37054,0.0322268
37055,0.14742318
37056,0.07669121
37057,0.033880588
37058,0.10726538
37059,0.0071223476
37060,0.015502627
37061,0.0071223476
37062,0.00967297
37063,0.21561183
37064,0.011720886
37065,0.031410538
37066,0.010681613
37067,0.0327892
37068,0.06467496
37069,0.108863816
37070,0.13406156
37071,0.12710603
37072,0.050759673
37073,0.030206531
37074,0.015290744
37075,0.035470445
37076,0.044499367
37077,0.26562732
37078,0.0648734
37079,0.3670957
37080,0.13656574
37081,0.13053867
37082,0.043674003
37083,0.06868626
37084,0.0071223476
37085,0.009275723
37086,0.04281465
37087,0.009144417
37088,0.015502627
37089,0.029929586
37090,0.093397744
37091,0.039917964
37092,0.04072466
37093,0.028439732
37094,0.057553597
37095,0.115750276
37096,0.30912855
37097,0.043726537
37098,0.011720886
37099,0.04791748
37100,0.031410538
37101,0.13764295
37102,0.043574605
37103,0.10575816
37104,0.015502627
37105,0.13053867
37106,0.033070844
37107,0.030541094
37108,0.0118735535
37109,0.17043224
37110,0.08258855
37111,0.035809916
37112,0.020576159
37113,0.012638732
37114,0.07190334
37115,0.04919204
37116,0.100552596
37117,0.049926244
37118,0.1592336
37119,0.15319127
37120,0.14542545
37121,0.0071223476
37122,0.067783475
37123,0.008129483
37124,0.034351673
37125,0.03764689
37126,0.081544675
37127,0.010250709
37128,0.053343344
37129,0.081794165
37130,0.07654027
37131,0.019505033
37132,0.011580592
37133,0.07248566
37134,0.007922235
37135,0.09827334
37136,0.0077645117
37137,0.04175146
37138,0.2074516
37139,0.021045646
37140,0.07458518
37141,0.52783966
37142,0.08823762
37143,0.05730231
37144,0.06938829
37145,0.05686179
37146,0.050969403
37147,0.06173107
37148,0.03262847
37149,0.00967297
37150,0.010250709
37151,0.022023698
37152,0.2881924
37153,0.12220435
37154,0.035615623
37155,0.038201794
37156,0.04611481
37157,0.0071223476
37158,0.019168993
37159,0.007589356
37160,0.052226175
37161,0.38597623
37162,0.069818154
37163,0.038356196
37164,0.056498934
37165,0.8874116
37166,0.093397744
37167,0.07911743
37168,0.06582414
37169,0.14394394
37170,0.3160775
37171,0.040474083
37172,0.015751973
37173,0.054269843
37174,0.07190334
37175,0.09040698
37176,0.18602218
37177,0.0118735535
37178,0.10801305
37179,0.04278417
37180,0.06050941
37181,0.012246222
37182,0.026494961
37183,0.03891148
37184,0.049788132
37185,0.0071223476
37186,0.089607336
37187,0.08759069
37188,0.22601752
37189,0.056498934
37190,0.022023698
37191,0.10451591
37192,0.13300847
37193,0.19202726
37194,0.060991246
37195,0.045663357
37196,0.038743414
37197,0.037671123
37198,0.6039839
37199,0.011247575
37200,0.12803926
37201,0.33175936
37202,0.15244623
37203,0.016658073
37204,0.03292635
37205,0.009460591
37206,0.043168683
37207,0.035809916
37208,0.1917047
37209,0.15171297
37210,0.038760245
37211,0.075596064
37212,0.099678576
37213,0.091046594
37214,0.100543045
37215,0.17699201
37216,0.20758997
37217,0.058904372
37218,0.022458203
37219,0.033536993
37220,0.07044275
37221,0.04625549
37222,0.32907125
37223,0.95194566
37224,0.06121716
37225,0.24129628
37226,0.009144417
37227,0.011247575
37228,0.20540099
37229,0.0071223476
37230,0.04225728
37231,0.055305377
37232,0.0071223476
37233,0.050558545
37234,0.4858348
37235,0.035067677
37236,0.054155327
37237,0.22594598
37238,0.11029953
37239,0.1729459
37240,0.20520614
37241,0.18077919
37242,0.022458203
37243,0.14103435
37244,0.103128135
37245,0.064348
37246,0.95252216
37247,0.36635965
37248,0.3287166
37249,0.020389384
37250,0.12891205
37251,0.10910265
37252,0.022906069
37253,0.021307472
37254,0.031835962
37255,0.008468514
37256,0.010113833
37257,0.04375692
37258,0.05308096
37259,0.050678242
37260,0.03277325
37261,0.06649427
37262,0.05730231
37263,0.08037672
37264,0.054303125
37265,0.024963036
37266,0.0863553
37267,0.29052633
37268,0.020576159
37269,0.95252216
37270,0.95252216
37271,0.6043767
37272,0.007268069
37273,0.021045646
37274,0.016055644
37275,0.081861466
37276,0.36054218
37277,0.12342544
37278,0.049940974
37279,0.011421778
37280,0.008697048
37281,0.021704886
37282,0.015944442
37283,0.022906069
37284,0.0071223476
37285,0.40984625
37286,0.0071223476
37287,0.013971003
37288,0.056021642
37289,0.06312065
37290,0.0372675
37291,0.016319308
37292,0.23960626
37293,0.043341815
37294,0.12898588
37295,0.10093442
37296,0.07003621
37297,0.95252216
37298,0.95252216
37299,0.4482402
37300,0.022906069
37301,0.05825071
37302,0.024676895
37303,0.009144417
37304,0.41050982
37305,0.010998032
37306,0.17598435
37307,0.034383222
37308,0.15738864
37309,0.017382937
37310,0.12264344
37311,0.05700997
37312,0.10332314
37313,0.28248274
37314,0.3449797
37315,0.53190005
37316,0.07958459
37317,0.0775792
37318,0.026261427
37319,0.040168412
37320,0.083464
37321,0.05630677
37322,0.034351673
37323,0.117469214
37324,0.1560126
37325,0.055719897
37326,0.06169226
37327,0.027041273
37328,0.8790432
37329,0.948318
37330,0.95252216
37331,0.030208403
37332,0.09321366
37333,0.36058986
37334,0.0089379735
37335,0.0089379735
37336,0.016467743
37337,0.016319308
37338,0.025390096
37339,0.013574076
37340,0.054998085
37341,0.21752143
37342,0.95194566
37343,0.022906069
37344,0.08536906
37345,0.028211994
37346,0.07972592
37347,0.050122324
37348,0.13122007
37349,0.08419696
37350,0.064753994
37351,0.030352848
37352,0.10085604
37353,0.07812649
37354,0.022458203
37355,0.38452154
37356,0.2886642
37357,0.122821316
37358,0.022906069
37359,0.033617735
37360,0.04809148
37361,0.12550853
37362,0.015502627
37363,0.057705607
37364,0.010113833
37365,0.016658073
37366,0.017811406
37367,0.035484567
37368,0.03383036
37369,0.16841142
37370,0.36773914
37371,0.06438957
37372,0.12196268
37373,0.12147414
37374,0.12743321
37375,0.11053433
37376,0.60503304
37377,0.055525873
37378,0.033070844
37379,0.1730578
37380,0.14866354
37381,0.20070785
37382,0.3677953
37383,0.21795815
37384,0.058904372
37385,0.94931483
37386,0.150822
37387,0.11588269
37388,0.106078446
37389,0.0071223476
37390,0.014610436
37391,0.36862722
37392,0.01970291
37393,0.0071223476
37394,0.017811406
37395,0.031835962
37396,0.09298482
37397,0.21862522
37398,0.22939868
37399,0.21297236
37400,0.15766186
37401,0.058904372
37402,0.08688321
37403,0.21737036
37404,0.025541004
37405,0.024274692
37406,0.20540099
37407,0.060663808
37408,0.075596064
37409,0.36086693
37410,0.26904112
37411,0.035067677
37412,0.36773914
37413,0.27728814
37414,0.0071223476
37415,0.058904372
37416,0.06649427
37417,0.048810977
37418,0.008697048
37419,0.01970291
37420,0.05730231
37421,0.05740534
37422,0.06387259
37423,0.25740877
37424,0.5903232
37425,0.2886642
37426,0.15751576
37427,0.34639287
37428,0.043872878
37429,0.017811406
37430,0.0846353
37431,0.08536906
37432,0.100543045
37433,0.30218133
37434,0.05740534
37435,0.007922235
37436,0.007514238
37437,0.07964182
37438,0.019422231
37439,0.047480293
37440,0.010250709
37441,0.030922053
37442,0.01760922
37443,0.012638732
37444,0.035809916
37445,0.0372675
37446,0.056494664
37447,0.022023698
37448,0.09841623
37449,0.131691
37450,0.06739373
37451,0.43926904
37452,0.4457935
37453,0.18296959
37454,0.14666034
37455,0.053819858
37456,0.020574104
37457,0.08706243
37458,0.0071223476
37459,0.048317187
37460,0.95252216
37461,0.07074156
37462,0.039343894
37463,0.07747588
37464,0.15572684
37465,0.040400103
37466,0.035067677
37467,0.057999253
37468,0.010681613
37469,0.0071223476
37470,0.028842887
37471,0.077426136
37472,0.04046848
37473,0.47448382
37474,0.20946765
37475,0.15627638
37476,0.95194566
37477,0.25154406
37478,0.31520313
37479,0.14157122
37480,0.025390096
37481,0.029363044
37482,0.0071223476
37483,0.016660348
37484,0.06263242
37485,0.030206531
37486,0.063723445
37487,0.3449797
37488,0.12264344
37489,0.19424713
37490,0.012638732
37491,0.059652742
37492,0.12467944
37493,0.16390236
37494,0.16649893
37495,0.10910265
37496,0.024963036
37497,0.013971003
37498,0.07074185
37499,0.95194566
37500,0.12035528
37501,0.73127306
37502,0.28932357
37503,0.22913806
37504,0.11053433
37505,0.16958368
37506,0.04225728
37507,0.013971003
37508,0.01421923
37509,0.012869265
37510,0.023343308
37511,0.0775792
37512,0.089607336
37513,0.044843756
37514,0.19202726
37515,0.012638732
37516,0.0820945
37517,0.35876077
37518,0.040400103
37519,0.010681613
37520,0.07458518
37521,0.21300434
37522,0.020576159
37523,0.090397514
37524,0.09013683
37525,0.047333445
37526,0.15108067
37527,0.04814189
37528,0.0914346
37529,0.049892228
37530,0.1655962
37531,0.1485107
37532,0.020582734
37533,0.024558276
37534,0.10279412
37535,0.1191836
37536,0.007922235
37537,0.07306844
37538,0.031410538
37539,0.014610436
37540,0.015502627
37541,0.11401651
37542,0.22755754
37543,0.6055007
37544,0.15068386
37545,0.0118735535
37546,0.0071223476
37547,0.0071223476
37548,0.009460591
37549,0.061511766
37550,0.0071223476
37551,0.05686179
37552,0.14471066
37553,0.011580592
37554,0.016658073
37555,0.00967297
37556,0.00967297
37557,0.0071223476
37558,0.06714263
37559,0.06312065
37560,0.3591618
37561,0.012869265
37562,0.014610436
37563,0.01421923
37564,0.064098015
37565,0.06649427
37566,0.3677953
37567,0.2072266
37568,0.012869265
37569,0.011421778
37570,0.19840573
37571,0.013971003
37572,0.09324447
37573,0.22464105
37574,0.038760245
37575,0.011580592
37576,0.011247575
37577,0.24878757
37578,0.023746904
37579,0.017382937
37580,0.07834907
37581,0.0077645117
37582,0.051232032
37583,0.025390096
37584,0.03181188
37585,0.08509221
37586,0.008314436
37587,0.08461053
37588,0.025390096
37589,0.04375692
37590,0.06365097
37591,0.22434142
37592,0.040168412
37593,0.22336745
37594,0.06881269
37595,0.04373978
37596,0.008468514
37597,0.038006764
37598,0.113924116
37599,0.009275723
37600,0.28288466
37601,0.33610976
37602,0.0071223476
37603,0.04225728
37604,0.038939618
37605,0.0071223476
37606,0.30359694
37607,0.48173773
37608,0.11097838
37609,0.15738864
37610,0.08856382
37611,0.117709905
37612,0.05800432
37613,0.030853538
37614,0.09842733
37615,0.08198759
37616,0.94931483
37617,0.0669223
37618,0.015290744
37619,0.08028403
37620,0.09063237
37621,0.0071223476
37622,0.19644266
37623,0.3848327
37624,0.046103183
37625,0.19763717
37626,0.03910367
37627,0.011580592
37628,0.15108067
37629,0.011421778
37630,0.03475417
37631,0.014884228
37632,0.009460591
37633,0.03262847
37634,0.053473674
37635,0.007514238
37636,0.085216895
37637,0.20727523
37638,0.031581964
37639,0.040474083
37640,0.024001082
37641,0.10052616
37642,0.09298482
37643,0.020389384
37644,0.029657777
37645,0.058296945
37646,0.95252216
37647,0.07190334
37648,0.16235389
37649,0.11197253
37650,0.086769685
37651,0.028842887
37652,0.011580592
37653,0.0071223476
37654,0.37718663
37655,0.01438578
37656,0.0071223476
37657,0.008283394
37658,0.034351673
37659,0.11408325
37660,0.010887391
37661,0.11588269
37662,0.022906069
37663,0.0071223476
37664,0.035470445
37665,0.23441064
37666,0.01314234
37667,0.022023698
37668,0.017382937
37669,0.009460591
37670,0.024676895
37671,0.16054124
37672,0.03411147
37673,0.010250709
37674,0.09401302
37675,0.19460519
37676,0.0775792
37677,0.099915445
37678,0.054001875
37679,0.0071223476
37680,0.047333445
37681,0.085216895
37682,0.20070785
37683,0.12881632
37684,0.007922235
37685,0.014610436
37686,0.012246222
37687,0.012246222
37688,0.0071223476
37689,0.014610436
37690,0.0736369
37691,0.1023091
37692,0.07248566
37693,0.08419696
37694,0.13641591
37695,0.0089379735
37696,0.26189917
37697,0.011247575
37698,0.019168993
37699,0.024001082
37700,0.0071223476
37701,0.0071223476
37702,0.015751973
37703,0.008468514
37704,0.012638732
37705,0.074030094
37706,0.01970291
37707,0.013743616
37708,0.008283394
37709,0.031835962
37710,0.03534091
37711,0.091281585
37712,0.059308287
37713,0.0077645117
37714,0.0118735535
37715,0.18237504
37716,0.036068473
37717,0.038939618
37718,0.087477095
37719,0.010887391
37720,0.030787451
37721,0.12186088
37722,0.37718663
37723,0.09220096
37724,0.03475417
37725,0.060043022
37726,0.037816614
37727,0.024676895
37728,0.12236168
37729,0.045603134
37730,0.14407915
37731,0.21575615
37732,0.036578808
37733,0.011580592
37734,0.023094263
37735,0.04335868
37736,0.01760922
37737,0.0071223476
37738,0.029117815
37739,0.15565756
37740,0.053496707
37741,0.0071223476
37742,0.29052633
37743,0.007268069
37744,0.04427104
37745,0.014884228
37746,0.0071223476
37747,0.05111542
37748,0.023094263
37749,0.048317187
37750,0.011247575
37751,0.012638732
37752,0.27065304
37753,0.20070785
37754,0.014610436
37755,0.16215234
37756,0.0071223476
37757,0.008468514
37758,0.0071223476
37759,0.015279145
37760,0.025390096
37761,0.02941248
37762,0.041684553
37763,0.043574605
37764,0.013684135
37765,0.0089379735
37766,0.03650914
37767,0.053503983
37768,0.033536993
37769,0.056424443
37770,0.23504594
37771,0.04080056
37772,0.010142026
37773,0.28248274
37774,0.15114847
37775,0.023343308
37776,0.044718843
37777,0.17847125
37778,0.032923613
37779,0.2571745
37780,0.08737312
37781,0.050163873
37782,0.106324315
37783,0.1399496
37784,0.22952577
37785,0.011720886
37786,0.8751638
37787,0.10346462
37788,0.023343308
37789,0.24942659
37790,0.028583925
37791,0.019422231
37792,0.036648266
37793,0.044118065
37794,0.14901143
37795,0.17257908
37796,0.7198559
37797,0.4400183
37798,0.05308096
37799,0.20083651
37800,0.20186292
37801,0.0071223476
37802,0.03411147
37803,0.06868626
37804,0.051605333
37805,0.010250709
37806,0.1362475
37807,0.062077466
37808,0.33175936
37809,0.13086702
37810,0.19450791
37811,0.52783966
37812,0.15328768
37813,0.021307472
37814,0.5919211
37815,0.008129483
37816,0.08623951
37817,0.16070138
37818,0.030541094
37819,0.10910265
37820,0.03383036
37821,0.075192936
37822,0.023094263
37823,0.17268059
37824,0.13277578
37825,0.13797034
37826,0.13543604
37827,0.20768999
37828,0.0340897
37829,0.027890045
37830,0.022774544
37831,0.049344797
37832,0.064348
37833,0.014610436
37834,0.02347673
37835,0.047151964
37836,0.22922494
37837,0.054801278
37838,0.28613618
37839,0.15071975
37840,0.02347673
37841,0.0071223476
37842,0.34639287
37843,0.08243019
37844,0.14029303
37845,0.38517156
37846,0.4811994
37847,0.007268069
37848,0.077253215
37849,0.1373792
37850,0.04086099
37851,0.064348
37852,0.08823762
37853,0.14163816
37854,0.29534283
37855,0.38597623
37856,0.030013347
37857,0.034383222
37858,0.031151827
37859,0.053841356
37860,0.30246565
37861,0.025390096
37862,0.02860405
37863,0.0071223476
37864,0.15088107
37865,0.041684553
37866,0.24187328
37867,0.71873176
37868,0.102821745
37869,0.01438578
37870,0.034383222
37871,0.07248566
37872,0.007589356
37873,0.12467944
37874,0.20540099
37875,0.10385859
37876,0.14037666
37877,0.03670354
37878,0.008675737
37879,0.045221426
37880,0.014884228
37881,0.015502627
37882,0.18123585
37883,0.04095209
37884,0.0714777
37885,0.012064141
37886,0.040504366
37887,0.0071223476
37888,0.013971003
37889,0.016658073
37890,0.029117815
37891,0.067197286
37892,0.017811406
37893,0.09220096
37894,0.4858348
37895,0.33384082
37896,0.020177132
37897,0.01421923
37898,0.15580937
37899,0.04791748
37900,0.0077645117
37901,0.051122412
37902,0.01438578
37903,0.18651818
37904,0.016319308
37905,0.04003751
37906,0.031835962
37907,0.06807571
37908,0.065349266
37909,0.13017939
37910,0.15990096
37911,0.1031355
37912,0.051095057
37913,0.019422231
37914,0.014610436
37915,0.057775915
37916,0.026860032
37917,0.012064141
37918,0.24917865
37919,0.06181045
37920,0.40947005
37921,0.08592502
37922,0.020576159
37923,0.081077494
37924,0.035809916
37925,0.085216895
37926,0.0098975245
37927,0.009275723
37928,0.012638732
37929,0.09324447
37930,0.027429162
37931,0.0071223476
37932,0.008697048
37933,0.10013027
37934,0.0372675
37935,0.085216895
37936,0.018556098
37937,0.07346143
37938,0.12350783
37939,0.3200014
37940,0.054155327
37941,0.01314234
37942,0.08414007
37943,0.015502627
37944,0.034601297
37945,0.007922235
37946,0.12506726
37947,0.055572804
37948,0.11442525
37949,0.031835962
37950,0.12400197
37951,0.031835962
37952,0.027429162
37953,0.030541094
37954,0.13507763
37955,0.010887391
37956,0.075746864
37957,0.011580592
37958,0.028211994
37959,0.055351548
37960,0.07174912
37961,0.0420899
37962,0.10451591
37963,0.05285787
37964,0.17546923
37965,0.14126651
37966,0.2072266
37967,0.011720886
37968,0.073620565
37969,0.0098975245
37970,0.057478372
37971,0.041684553
37972,0.08089318
37973,0.0372675
37974,0.049211025
37975,0.050969403
37976,0.04126601
37977,0.030206531
37978,0.034942426
37979,0.026140241
37980,0.07542452
37981,0.0071223476
37982,0.105657905
37983,0.010887391
37984,0.07044437
37985,0.23002777
37986,0.022906069
37987,0.082048364
37988,0.52783966
37989,0.058904372
37990,0.07074185
37991,0.051122412
37992,0.070671365
37993,0.04057316
37994,0.071323544
37995,0.04819026
37996,0.00967297
37997,0.010250709
37998,0.25629032
37999,0.104361065
38000,0.013174801
38001,0.047770575
38002,0.035629753
38003,0.01760922
38004,0.016658073
38005,0.018712543
38006,0.020576159
38007,0.049892228
38008,0.44934064
38009,0.060663808
38010,0.049828578
38011,0.04437854
38012,0.71881056
38013,0.0941664
38014,0.013743616
38015,0.050088186
38016,0.052557025
38017,0.17089145
38018,0.30506927
38019,0.050497457
38020,0.01993469
38021,0.04950665
38022,0.0648734
38023,0.081077494
38024,0.14092249
38025,0.014884228
38026,0.12385036
38027,0.057613347
38028,0.08013258
38029,0.014884228
38030,0.02860405
38031,0.06570908
38032,0.063596874
38033,0.017382937
38034,0.07346143
38035,0.047182873
38036,0.23451096
38037,0.06387259
38038,0.025903456
38039,0.09117447
38040,0.16038994
38041,0.1713954
38042,0.039343894
38043,0.05990051
38044,0.014884228
38045,0.014613888
38046,0.58844876
38047,0.030541094
38048,0.11911952
38049,0.35879907
38050,0.14180869
38051,0.0071223476
38052,0.052586555
38053,0.009275723
38054,0.04530795
38055,0.012064141
38056,0.20237783
38057,0.16964789
38058,0.038400106
38059,0.05715409
38060,0.0656997
38061,0.08090173
38062,0.07810284
38063,0.14971904
38064,0.19861193
38065,0.08089318
38066,0.05990051
38067,0.1560603
38068,0.07982876
38069,0.20727523
38070,0.95194566
38071,0.007422802
38072,0.32111287
38073,0.043168683
38074,0.20727523
38075,0.0071223476
38076,0.030922053
38077,0.043043695
38078,0.019168993
38079,0.06749756
38080,0.6002357
38081,0.031835962
38082,0.038551286
38083,0.22571757
38084,0.09973918
38085,0.15396859
38086,0.22434142
38087,0.22624514
38088,0.022227885
38089,0.08530691
38090,0.1505995
38091,0.10581293
38092,0.95252216
38093,0.2809682
38094,0.40212244
38095,0.008697048
38096,0.106784105
38097,0.10037188
38098,0.011580592
38099,0.03411147
38100,0.008468514
38101,0.011720886
38102,0.04569379
38103,0.07248566
38104,0.03408413
38105,0.078744136
38106,0.0714777
38107,0.055607002
38108,0.09298482
38109,0.110309176
38110,0.024963036
38111,0.06768187
38112,0.19153194
38113,0.023727203
38114,0.026494961
38115,0.95252216
38116,0.95252216
38117,0.5930604
38118,0.007268069
38119,0.021307472
38120,0.015751973
38121,0.11097838
38122,0.40984625
38123,0.05269653
38124,0.08272378
38125,0.008283394
38126,0.009144417
38127,0.039343894
38128,0.062148064
38129,0.007422802
38130,0.007589356
38131,0.4910235
38132,0.013743616
38133,0.030206531
38134,0.06758211
38135,0.06470749
38136,0.04692607
38137,0.04935204
38138,0.2539835
38139,0.09521374
38140,0.107874125
38141,0.08860223
38142,0.05064474
38143,0.95252216
38144,0.9432912
38145,0.43774366
38146,0.07593277
38147,0.018712543
38148,0.41050982
38149,0.041412003
38150,0.17598435
38151,0.07563415
38152,0.116349354
38153,0.012460404
38154,0.115210526
38155,0.046402182
38156,0.092217
38157,0.29534283
38158,0.33175936
38159,0.61160314
38160,0.11236148
38161,0.09848639
38162,0.038939618
38163,0.043168683
38164,0.093397744
38165,0.05960633
38166,0.023094263
38167,0.0071223476
38168,0.10991445
38169,0.15171607
38170,0.045125365
38171,0.09377743
38172,0.023094263
38173,0.9432912
38174,0.948318
38175,0.95252216
38176,0.06412077
38177,0.110641986
38178,0.3677953
38179,0.017811406
38180,0.0089379735
38181,0.011421778
38182,0.0327307
38183,0.012460404
38184,0.22522153
38185,0.95194566
38186,0.034351673
38187,0.0914346
38188,0.03950247
38189,0.0829693
38190,0.052147612
38191,0.1197099
38192,0.060812525
38193,0.064753994
38194,0.03480955
38195,0.075192936
38196,0.09447178
38197,0.021045646
38198,0.04373978
38199,0.4083665
38200,0.23441064
38201,0.1735314
38202,0.04156362
38203,0.022906069
38204,0.07956876
38205,0.058755927
38206,0.15879259
38207,0.029932978
38208,0.021045646
38209,0.008697048
38210,0.016658073
38211,0.0071223476
38212,0.02347673
38213,0.025903456
38214,0.1271949
38215,0.32279965
38216,0.10806606
38217,0.113115884
38218,0.11097838
38219,0.12360238
38220,0.10163862
38221,0.7198559
38222,0.032987725
38223,0.013743616
38224,0.1451077
38225,0.1507526
38226,0.20741104
38227,0.3221774
38228,0.24188666
38229,0.05730231
38230,0.94931483
38231,0.15833385
38232,0.11588269
38233,0.14567584
38234,0.023343308
38235,0.019422231
38236,0.36108434
38237,0.03411147
38238,0.018712543
38239,0.04373978
38240,0.035484567
38241,0.09117447
38242,0.2565416
38243,0.2262059
38244,0.2584954
38245,0.13308808
38246,0.07346143
38247,0.09928299
38248,0.24560976
38249,0.025968308
38250,0.14382912
38251,0.09401302
38252,0.07248566
38253,0.368439
38254,0.22407416
38255,0.029932978
38256,0.41050982
38257,0.29052633
38258,0.062227245
38259,0.06470749
38260,0.033282973
38261,0.047782544
38262,0.029117815
38263,0.032867517
38264,0.07238553
38265,0.054801278
38266,0.051605333
38267,0.2571745
38268,0.6016202
38269,0.2571745
38270,0.17715539
38271,0.34639287
38272,0.06918797
38273,0.017811406
38274,0.062696405
38275,0.056532443
38276,0.14494665
38277,0.23414116
38278,0.043195553
38279,0.024274692
38280,0.007514238
38281,0.10541981
38282,0.025390096
38283,0.009460591
38284,0.08823762
38285,0.012246222
38286,0.016319308
38287,0.030922053
38288,0.0071223476
38289,0.024963036
38290,0.027890045
38291,0.029117815
38292,0.027429162
38293,0.21509992
38294,0.13305779
38295,0.034066714
38296,0.47349432
38297,0.43962124
38298,0.20468761
38299,0.09245536
38300,0.008314436
38301,0.00967297
38302,0.032237478
38303,0.115210526
38304,0.052006446
38305,0.95252216
38306,0.036212973
38307,0.0071223476
38308,0.038050663
38309,0.104361065
38310,0.10246203
38311,0.033269428
38312,0.030541094
38313,0.0071223476
38314,0.032237478
38315,0.018011695
38316,0.023094263
38317,0.07185499
38318,0.040946484
38319,0.60503304
38320,0.16170526
38321,0.1727587
38322,0.95194566
38323,0.24890229
38324,0.32839155
38325,0.1809923
38326,0.025903456
38327,0.029117815
38328,0.026860032
38329,0.050123967
38330,0.01438578
38331,0.0071223476
38332,0.07542452
38333,0.28003144
38334,0.08051831
38335,0.25632346
38336,0.032108344
38337,0.11340949
38338,0.14029303
38339,0.17239368
38340,0.09410375
38341,0.067056276
38342,0.024963036
38343,0.0071223476
38344,0.062227245
38345,0.95194566
38346,0.09915306
38347,0.8751638
38348,0.3456679
38349,0.19287576
38350,0.11634163
38351,0.11377295
38352,0.01421923
38353,0.012869265
38354,0.012869265
38355,0.010250709
38356,0.09403101
38357,0.081077494
38358,0.024612416
38359,0.20494305
38360,0.01993469
38361,0.054801278
38362,0.32907125
38363,0.049892228
38364,0.012869265
38365,0.010463113
38366,0.046402182
38367,0.17821397
38368,0.0071223476
38369,0.1080881
38370,0.14254346
38371,0.05034453
38372,0.17007278
38373,0.046801306
38374,0.13543604
38375,0.046402182
38376,0.023343308
38377,0.10905752
38378,0.088743575
38379,0.057705607
38380,0.0071223476
38381,0.062188424
38382,0.0077645117
38383,0.14951
38384,0.026494961
38385,0.023727203
38386,0.062696405
38387,0.016658073
38388,0.01314234
38389,0.024274692
38390,0.13229932
38391,0.16700102
38392,0.72236574
38393,0.15738864
38394,0.012869265
38395,0.029459082
38396,0.020177132
38397,0.02860405
38398,0.0071223476
38399,0.0950602
38400,0.08632961
38401,0.011580592
38402,0.0071223476
38403,0.011421778
38404,0.026765933
38405,0.06281689
38406,0.060812525
38407,0.3591618
38408,0.012869265
38409,0.014610436
38410,0.016658073
38411,0.061027825
38412,0.06387259
38413,0.40984625
38414,0.2072266
38415,0.011421778
38416,0.22176713
38417,0.07032088
38418,0.24309659
38419,0.009330572
38420,0.011580592
38421,0.2565978
38422,0.011247575
38423,0.07972592
38424,0.030922053
38425,0.027890045
38426,0.0071223476
38427,0.01314234
38428,0.04819026
38429,0.16700102
38430,0.007981426
38431,0.023094263
38432,0.019422231
38433,0.014884228
38434,0.07819309
38435,0.15766186
38436,0.044718843
38437,0.20727523
38438,0.06918797
38439,0.007922235
38440,0.01438578
38441,0.04060095
38442,0.30405945
38443,0.30541763
38444,0.015751973
38445,0.026140241
38446,0.028211994
38447,0.010887391
38448,0.31135306
38449,0.60037947
38450,0.1074318
38451,0.101630926
38452,0.008468514
38453,0.06158181
38454,0.04834286
38455,0.095805556
38456,0.09661976
38457,0.110309176
38458,0.07854036
38459,0.94931483
38460,0.036038317
38461,0.015290744
38462,0.11329582
38463,0.0696669
38464,0.028483422
38465,0.017811406
38466,0.21075745
38467,0.4811994
38468,0.026660772
38469,0.173181
38470,0.023727203
38471,0.17658997
38472,0.010113833
38473,0.0071223476
38474,0.019818913
38475,0.023343308
38476,0.010887391
38477,0.04126601
38478,0.063913226
38479,0.018005198
38480,0.08272378
38481,0.0071223476
38482,0.007422802
38483,0.20540099
38484,0.036212973
38485,0.051159203
38486,0.09967393
38487,0.051605333
38488,0.012869265
38489,0.034351673
38490,0.95252216
38491,0.026452081
38492,0.16235389
38493,0.09951977
38494,0.019565575
38495,0.016319308
38496,0.020177132
38497,0.012869265
38498,0.40212244
38499,0.008697048
38500,0.008283394
38501,0.015502627
38502,0.02347673
38503,0.10632568
38504,0.011720886
38505,0.10484699
38506,0.04426253
38507,0.061876096
38508,0.3456679
38509,0.024421003
38510,0.025903456
38511,0.020576159
38512,0.01438578
38513,0.04427104
38514,0.13610025
38515,0.050560605
38516,0.0071223476
38517,0.0340897
38518,0.16355842
38519,0.053975668
38520,0.088978074
38521,0.07747588
38522,0.0089379735
38523,0.06749756
38524,0.014610436
38525,0.10037188
38526,0.20540099
38527,0.14442332
38528,0.007922235
38529,0.027890045
38530,0.012246222
38531,0.012246222
38532,0.017382937
38533,0.007422802
38534,0.007268069
38535,0.034119796
38536,0.12541518
38537,0.118878566
38538,0.042387746
38539,0.14584085
38540,0.30246565
38541,0.022458203
38542,0.013971003
38543,0.015290744
38544,0.014884228
38545,0.010463113
38546,0.0071223476
38547,0.033070844
38548,0.01970291
38549,0.08272378
38550,0.04751642
38551,0.012064141
38552,0.15404874
38553,0.03671127
38554,0.050263036
38555,0.0071223476
38556,0.052586555
38557,0.016658073
38558,0.12186088
38559,0.32907125
38560,0.042241614
38561,0.08013258
38562,0.09794908
38563,0.054795593
38564,0.06158136
38565,0.10581293
38566,0.024963036
38567,0.10012426
38568,0.15114847
38569,0.013971003
38570,0.0071223476
38571,0.030541094
38572,0.020576159
38573,0.014610436
38574,0.018712543
38575,0.0071223476
38576,0.15108067
38577,0.11313975
38578,0.026860032
38579,0.23748855
38580,0.020177132
38581,0.04263798
38582,0.029117815
38583,0.06352618
38584,0.029117815
38585,0.29496068
38586,0.22967175
38587,0.016658073
38588,0.10419293
38589,0.015290744
38590,0.0071223476
38591,0.0071223476
38592,0.012246222
38593,0.033070844
38594,0.012246222
38595,0.029657777
38596,0.04394951
38597,0.043574605
38598,0.03313812
38599,0.04039571
38600,0.06881269
38601,0.017382937
38602,0.028842887
38603,0.31642878
38604,0.04080056
38605,0.017005378
38606,0.22434142
38607,0.18322039
38608,0.023343308
38609,0.044718843
38610,0.20122468
38611,0.09842733
38612,0.32078964
38613,0.08737312
38614,0.1930776
38615,0.07968704
38616,0.010113833
38617,0.014610436
38618,0.0118735535
38619,0.18759565
38620,0.93927896
38621,0.13897455
38622,0.01760922
38623,0.21477719
38624,0.08028403
38625,0.012064141
38626,0.016658073
38627,0.12039343
38628,0.16205172
38629,0.7198559
38630,0.4811994
38631,0.04095209
38632,0.01849848
38633,0.17457621
38634,0.2075002
38635,0.023094263
38636,0.029932978
38637,0.08089318
38638,0.010250709
38639,0.14392999
38640,0.30359694
38641,0.15241471
38642,0.15081938
38643,0.52783966
38644,0.21126378
38645,0.021307472
38646,0.43932807
38647,0.09324447
38648,0.11323208
38649,0.06749756
38650,0.03423265
38651,0.045603134
38652,0.07764332
38653,0.06363729
38654,0.13358629
38655,0.13310179
38656,0.029117815
38657,0.18597443
38658,0.25740877
38659,0.04652751
38660,0.04095209
38661,0.05715409
38662,0.064348
38663,0.01314234
38664,0.091281585
38665,0.22267477
38666,0.22074777
38667,0.09285926
38668,0.091046594
38669,0.05960237
38670,0.023094263
38671,0.3221774
38672,0.13050464
38673,0.008592749
38674,0.43932807
38675,0.359894
38676,0.03796771
38677,0.12326795
38678,0.02911448
38679,0.017811406
38680,0.01421923
38681,0.10006965
38682,0.1191836
38683,0.37718663
38684,0.4731943
38685,0.01438578
38686,0.081393056
38687,0.009460591
38688,0.043225918
38689,0.31587613
38690,0.01993469
38691,0.08043765
38692,0.15969983
38693,0.04225728
38694,0.009460591
38695,0.19450791
38696,0.36773914
38697,0.12032648
38698,0.038363624
38699,0.06878797
38700,0.06581435
38701,0.0071223476
38702,0.016319308
38703,0.022906069
38704,0.11126228
38705,0.19694303
38706,0.082833044
38707,0.08797508
38708,0.016862808
38709,0.06121716
38710,0.054046303
38711,0.20974115
38712,0.06749756
38713,0.077253215
38714,0.0071223476
38715,0.051232032
38716,0.016467743
38717,0.039453473
38718,0.016467743
38719,0.023727203
38720,0.06632502
38721,0.053259462
38722,0.09681996
38723,0.4461794
38724,0.36058986
38725,0.01760922
38726,0.018712543
38727,0.031180702
38728,0.10742062
38729,0.0357664
38730,0.027590506
38731,0.008697048
38732,0.035484567
38733,0.13756391
38734,0.034119796
38735,0.033809826
38736,0.052586555
38737,0.04039571
38738,0.06878797
38739,0.12113457
38740,0.16793987
38741,0.093009055
38742,0.04712445
38743,0.033070844
38744,0.034162533
38745,0.069818154
38746,0.04692607
38747,0.012064141
38748,0.30246565
38749,0.032387763
38750,0.38526744
38751,0.040870577
38752,0.09117447
38753,0.07104282
38754,0.032778807
38755,0.06158223
38756,0.0071223476
38757,0.020177132
38758,0.028161388
38759,0.019168993
38760,0.10093442
38761,0.0077645117
38762,0.063723445
38763,0.04625549
38764,0.05218522
38765,0.13772638
38766,0.30912855
38767,0.05715409
38768,0.013971003
38769,0.10451591
38770,0.019422231
38771,0.02860405
38772,0.12890309
38773,0.05748343
38774,0.0829693
38775,0.0077645117
38776,0.07972592
38777,0.018712543
38778,0.030541094
38779,0.017811406
38780,0.10397972
38781,0.010887391
38782,0.025390096
38783,0.0357664
38784,0.009460591
38785,0.024274692
38786,0.051232032
38787,0.04408012
38788,0.062347673
38789,0.081077494
38790,0.06649427
38791,0.15435278
38792,0.13689037
38793,0.25639242
38794,0.0071223476
38795,0.07914044
38796,0.050122324
38797,0.040168412
38798,0.062227245
38799,0.054373015
38800,0.011074889
38801,0.04569628
38802,0.020270983
38803,0.026261427
38804,0.017201753
38805,0.1238444
38806,0.021045646
38807,0.049211025
38808,0.26535106
38809,0.050560605
38810,0.081077494
38811,0.51398754
38812,0.065182075
38813,0.06768187
38814,0.026688987
38815,0.04748593
38816,0.036552623
38817,0.07590722
38818,0.03475417
38819,0.00967297
38820,0.01970291
38821,0.22624514
38822,0.08448325
38823,0.03108665
38824,0.014513242
38825,0.015026519
38826,0.023343308
38827,0.022023698
38828,0.06121716
38829,0.47807646
38830,0.041825537
38831,0.037042063
38832,0.06019165
38833,0.8874116
38834,0.09842733
38835,0.007422802
38836,0.06881269
38837,0.039343894
38838,0.15879259
38839,0.3273623
38840,0.06817552
38841,0.0071223476
38842,0.031962104
38843,0.045277525
38844,0.07089592
38845,0.15123463
38846,0.019422231
38847,0.11366371
38848,0.030685583
38849,0.06826177
38850,0.0071223476
38851,0.017382937
38852,0.07104282
38853,0.046103183
38854,0.015751973
38855,0.05730231
38856,0.063167706
38857,0.23451096
38858,0.05817892
38859,0.022458203
38860,0.048810977
38861,0.103115164
38862,0.13478003
38863,0.038760245
38864,0.06412077
38865,0.016319308
38866,0.008697048
38867,0.051524427
38868,0.52783966
38869,0.008129483
38870,0.14298591
38871,0.2571745
38872,0.10729433
38873,0.016658073
38874,0.009460591
38875,0.026860032
38876,0.00967297
38877,0.1991167
38878,0.22336745
38879,0.058601804
38880,0.041825537
38881,0.08257419
38882,0.11153958
38883,0.07964182
38884,0.18323287
38885,0.15632734
38886,0.06768187
38887,0.01970291
38888,0.11588269
38889,0.047770575
38890,0.24188666
38891,0.8762977
38892,0.24188666
38893,0.0071223476
38894,0.019422231
38895,0.19694303
38896,0.041495144
38897,0.007268069
38898,0.019168993
38899,0.05188457
38900,0.012869265
38901,0.039917964
38902,0.61160314
38903,0.040504366
38904,0.049779058
38905,0.24888904
38906,0.09928299
38907,0.1484309
38908,0.21752143
38909,0.21531442
38910,0.01314234
38911,0.11213708
38912,0.14272018
38913,0.07972592
38914,0.95252216
38915,0.31520313
38916,0.27663484
38917,0.022458203
38918,0.09239314
38919,0.09324447
38920,0.019422231
38921,0.0118735535
38922,0.06243094
38923,0.008468514
38924,0.008129483
38925,0.07593875
38926,0.07463056
38927,0.061576523
38928,0.051116757
38929,0.09967393
38930,0.046402182
38931,0.09888169
38932,0.10679731
38933,0.042960864
38934,0.2347127
38935,0.016319308
38936,0.030541094
38937,0.95252216
38938,0.9432912
38939,0.5304253
38940,0.015751973
38941,0.10992673
38942,0.5403763
38943,0.0722547
38944,0.020480122
38945,0.052557025
38946,0.051674657
38947,0.029363044
38948,0.013431989
38949,0.48513588
38950,0.028008526
38951,0.011580592
38952,0.048810977
38953,0.067783475
38954,0.027890045
38955,0.052000113
38956,0.22740917
38957,0.114080295
38958,0.14200091
38959,0.08419696
38960,0.030057915
38961,0.95252216
38962,0.8790432
38963,0.38707757
38964,0.078289516
38965,0.016467743
38966,0.47780463
38967,0.07537193
38968,0.16301557
38969,0.08246111
38970,0.13445143
38971,0.017382937
38972,0.12783417
38973,0.05218522
38974,0.040619966
38975,0.24468133
38976,0.36566082
38977,0.68563616
38978,0.09345798
38979,0.092217
38980,0.022906069
38981,0.026261427
38982,0.09197526
38983,0.045988023
38984,0.019168993
38985,0.102071725
38986,0.1421341
38987,0.048511297
38988,0.10992673
38989,0.007922235
38990,0.9432912
38991,0.948318
38992,0.95252216
38993,0.007263553
38994,0.09063237
38995,0.10412325
38996,0.0071223476
38997,0.44549906
38998,0.022906069
38999,0.0071223476
39000,0.01993469
39001,0.048250407
39002,0.028211994
39003,0.30758476
39004,0.95194566
39005,0.035809916
39006,0.06649427
39007,0.050122324
39008,0.07306844
39009,0.029657777
39010,0.12467944
39011,0.06019165
39012,0.056424443
39013,0.067171596
39014,0.1359206
39015,0.11886228
39016,0.033070844
39017,0.041495144
39018,0.28986633
39019,0.27663484
39020,0.12310319
39021,0.07346428
39022,0.054801278
39023,0.1263626
39024,0.039525468
39025,0.0071223476
39026,0.017811406
39027,0.020576159
39028,0.038356196
39029,0.12893482
39030,0.33378604
39031,0.15790649
39032,0.07141631
39033,0.15020923
39034,0.1325007
39035,0.08349557
39036,0.7198559
39037,0.038760245
39038,0.019422231
39039,0.012638732
39040,0.14916123
39041,0.17337844
39042,0.21328363
39043,0.30329815
39044,0.20186292
39045,0.05700997
39046,0.94931483
39047,0.14905864
39048,0.09690761
39049,0.20824634
39050,0.016658073
39051,0.012064141
39052,0.33542642
39053,0.03764689
39054,0.013971003
39055,0.016658073
39056,0.033070844
39057,0.040870577
39058,0.21605356
39059,0.22407416
39060,0.18347874
39061,0.18347874
39062,0.10332314
39063,0.11173308
39064,0.23151381
39065,0.025390096
39066,0.16054124
39067,0.09324447
39068,0.0336233
39069,0.4738876
39070,0.18635342
39071,0.017382937
39072,0.41050982
39073,0.18077919
39074,0.0763178
39075,0.091056064
39076,0.027187899
39077,0.0322268
39078,0.015502627
39079,0.038939618
39080,0.03796771
39081,0.048663948
39082,0.08419696
39083,0.26554596
39084,0.7089591
39085,0.2571745
39086,0.22081241
39087,0.28718737
39088,0.08116958
39089,0.0071223476
39090,0.050088186
39091,0.03480955
39092,0.091965765
39093,0.22939868
39094,0.047770575
39095,0.064753994
39096,0.051524427
39097,0.15489185
39098,0.007922235
39099,0.014507779
39100,0.020389384
39101,0.024676895
39102,0.01760922
39103,0.011247575
39104,0.011421778
39105,0.016467743
39106,0.038939618
39107,0.00967297
39108,0.2131396
39109,0.13593967
39110,0.08002604
39111,0.44543976
39112,0.4738876
39113,0.16428456
39114,0.07654597
39115,0.042662848
39116,0.0071223476
39117,0.05303318
39118,0.093786925
39119,0.03475417
39120,0.95252216
39121,0.05887644
39122,0.015751973
39123,0.049626242
39124,0.06868626
39125,0.14889246
39126,0.014138083
39127,0.019168993
39128,0.0071223476
39129,0.023304105
39130,0.014610436
39131,0.012246222
39132,0.019168993
39133,0.045204457
39134,0.043720923
39135,0.5937121
39136,0.18321437
39137,0.19874842
39138,0.95194566
39139,0.2510773
39140,0.3357532
39141,0.102664135
39142,0.029363044
39143,0.023094263
39144,0.016248172
39145,0.010250709
39146,0.019168993
39147,0.058030583
39148,0.35879907
39149,0.15860173
39150,0.25632346
39151,0.015502627
39152,0.15438086
39153,0.11854038
39154,0.08785076
39155,0.06887662
39156,0.05701506
39157,0.024963036
39158,0.009144417
39159,0.010887391
39160,0.096112736
39161,0.95194566
39162,0.14417972
39163,0.93927896
39164,0.3591618
39165,0.16649893
39166,0.120400175
39167,0.09111224
39168,0.007922235
39169,0.027429162
39170,0.012869265
39171,0.016467743
39172,0.107036546
39173,0.09842733
39174,0.02091266
39175,0.16658016
39176,0.024530547
39177,0.07747588
39178,0.27583352
39179,0.054705273
39180,0.05700997
39181,0.21799025
39182,0.081160195
39183,0.11878573
39184,0.046103183
39185,0.19197926
39186,0.1485107
39187,0.014655484
39188,0.026860032
39189,0.057523612
39190,0.062247027
39191,0.0071223476
39192,0.06933208
39193,0.009460591
39194,0.15831827
39195,0.03764689
39196,0.0071223476
39197,0.060812525
39198,0.03894172
39199,0.021045646
39200,0.01760922
39201,0.16693771
39202,0.16700102
39203,0.72236574
39204,0.1668835
39205,0.012869265
39206,0.017382937
39207,0.020389384
39208,0.021307472
39209,0.05887644
39210,0.119026706
39211,0.13346504
39212,0.008697048
39213,0.052226175
39214,0.016989255
39215,0.026473667
39216,0.054705273
39217,0.049788132
39218,0.042387746
39219,0.3591618
39220,0.012869265
39221,0.014610436
39222,0.033653386
39223,0.04625549
39224,0.056021642
39225,0.4731943
39226,0.21526548
39227,0.0071223476
39228,0.22467832
39229,0.057705607
39230,0.022906069
39231,0.091281585
39232,0.1732509
39233,0.0089379735
39234,0.24878757
39235,0.011580592
39236,0.096112736
39237,0.03383036
39238,0.035484567
39239,0.009144417
39240,0.021650873
39241,0.057775915
39242,0.2809682
39243,0.024673266
39244,0.0071223476
39245,0.011421778
39246,0.04039571
39247,0.056245405
39248,0.19746533
39249,0.0412687
39250,0.1777713
39251,0.049491923
39252,0.0398437
39253,0.009460591
39254,0.05386767
39255,0.017811406
39256,0.24188666
39257,0.25138345
39258,0.031835962
39259,0.055421706
39260,0.34530884
39261,0.7117249
39262,0.15489185
39263,0.1267224
39264,0.0071223476
39265,0.06299755
39266,0.08074166
39267,0.11197253
39268,0.09587385
39269,0.08536906
39270,0.08198759
39271,0.94931483
39272,0.0820945
39273,0.115210526
39274,0.058601804
39275,0.0071223476
39276,0.09557591
39277,0.40984625
39278,0.0449058
39279,0.17782389
39280,0.01993469
39281,0.1601848
39282,0.0077645117
39283,0.033472836
39284,0.01438578
39285,0.0071223476
39286,0.0071223476
39287,0.06181045
39288,0.079243004
39289,0.015897783
39290,0.043195553
39291,0.012638732
39292,0.0071223476
39293,0.22952577
39294,0.038050663
39295,0.056717735
39296,0.0071223476
39297,0.08414007
39298,0.06966704
39299,0.04225728
39300,0.95252216
39301,0.036363833
39302,0.14899099
39303,0.050683897
39304,0.029763589
39305,0.022906069
39306,0.014610436
39307,0.007422802
39308,0.0089379735
39309,0.40212244
39310,0.0071223476
39311,0.0071223476
39312,0.012064141
39313,0.1360039
39314,0.01970291
39315,0.12625138
39316,0.012638732
39317,0.051894702
39318,0.33348715
39319,0.024676895
39320,0.016658073
39321,0.0071223476
39322,0.015290744
39323,0.036394
39324,0.13415653
39325,0.048783936
39326,0.012869265
39327,0.0077645117
39328,0.04652751
39329,0.1699756
39330,0.05817892
39331,0.019967388
39332,0.055305377
39333,0.023343308
39334,0.041673876
39335,0.06878797
39336,0.20070785
39337,0.09163307
39338,0.012246222
39339,0.007922235
39340,0.010887391
39341,0.010250709
39342,0.011580592
39343,0.0071223476
39344,0.01438578
39345,0.048032396
39346,0.10337311
39347,0.07067331
39348,0.0863553
39349,0.18725206
39350,0.23441064
39351,0.0089379735
39352,0.016055644
39353,0.029298546
39354,0.028469665
39355,0.012064141
39356,0.012638732
39357,0.016989255
39358,0.012869265
39359,0.008468514
39360,0.009275723
39361,0.012869265
39362,0.08448325
39363,0.017382937
39364,0.07007506
39365,0.15404874
39366,0.038356196
39367,0.017382937
39368,0.015502627
39369,0.1007327
39370,0.0071223476
39371,0.32250094
39372,0.020722691
39373,0.046103183
39374,0.07407791
39375,0.012638732
39376,0.07975216
39377,0.041267596
39378,0.0071223476
39379,0.114080295
39380,0.01993469
39381,0.14899099
39382,0.20739174
39383,0.024963036
39384,0.016467743
39385,0.008697048
39386,0.013743616
39387,0.0118735535
39388,0.024530547
39389,0.008468514
39390,0.16740386
39391,0.14175746
39392,0.29534283
39393,0.010681613
39394,0.011421778
39395,0.045104466
39396,0.024530547
39397,0.015502627
39398,0.056009643
39399,0.031835962
39400,0.32907125
39401,0.2267035
39402,0.023727203
39403,0.11396682
39404,0.015290744
39405,0.019168993
39406,0.036374684
39407,0.019422231
39408,0.048462816
39409,0.007514238
39410,0.021307472
39411,0.029173508
39412,0.009537093
39413,0.05632019
39414,0.014884228
39415,0.0592998
39416,0.008468514
39417,0.031151827
39418,0.051819775
39419,0.20520614
39420,0.0130849555
39421,0.16619925
39422,0.044232134
39423,0.20133872
39424,0.2564094
39425,0.02860405
39426,0.04433746
39427,0.17847125
39428,0.11248073
39429,0.2292085
39430,0.118885346
39431,0.12240253
39432,0.041495144
39433,0.0071223476
39434,0.013971003
39435,0.014610436
39436,0.20540099
39437,0.027247855
39438,0.93927896
39439,0.08792888
39440,0.039752815
39441,0.17598435
39442,0.102288395
39443,0.012869265
39444,0.0098975245
39445,0.114542276
39446,0.11458737
39447,0.5910121
39448,0.4811994
39449,0.047151964
39450,0.071323544
39451,0.20014954
39452,0.21742691
39453,0.009144417
39454,0.050895926
39455,0.026140241
39456,0.053770732
39457,0.15093061
39458,0.27288538
39459,0.10601402
39460,0.20122468
39461,0.61160314
39462,0.14646032
39463,0.021307472
39464,0.38517156
39465,0.10758379
39466,0.13348502
39467,0.020177132
39468,0.007981426
39469,0.035018
39470,0.11490287
39471,0.08341194
39472,0.08939166
39473,0.14478877
39474,0.17437461
39475,0.24570222
39476,0.04743651
39477,0.035809916
39478,0.07896134
39479,0.051818036
39480,0.060283907
39481,0.0322268
39482,0.03675374
39483,0.02347673
39484,0.11864819
39485,0.22236247
39486,0.31909764
39487,0.021680169
39488,0.012460404
39489,0.43537349
39490,0.105915435
39491,0.0937255
39492,0.34639287
39493,0.359894
39494,0.007268069
39495,0.054621503
39496,0.08537519
39497,0.009144417
39498,0.021884289
39499,0.05642818
39500,0.012594535
39501,0.0959592
39502,0.34223711
39503,0.3594928
39504,0.01601556
39505,0.01438578
39506,0.102530494
39507,0.11345259
39508,0.33580005
39509,0.008697048
39510,0.20672198
39511,0.04127668
39512,0.24468133
39513,0.4738876
39514,0.12643962
39515,0.011241503
39516,0.039093092
39517,0.0078067207
39518,0.07233137
39519,0.01601556
39520,0.020363864
39521,0.12232152
39522,0.116155215
39523,0.078728996
39524,0.13220698
39525,0.043726537
39526,0.03262847
39527,0.030922053
39528,0.025903456
39529,0.019422231
39530,0.16235389
39531,0.06658085
39532,0.06663078
39533,0.007268069
39534,0.064753994
39535,0.039676927
39536,0.01438578
39537,0.022906069
39538,0.05887644
39539,0.055577464
39540,0.051818036
39541,0.43604898
39542,0.38554123
39543,0.03383036
39544,0.009275723
39545,0.07039134
39546,0.022369856
39547,0.015502627
39548,0.07699906
39549,0.0071223476
39550,0.24468133
39551,0.053259462
39552,0.04603306
39553,0.045221426
39554,0.007422802
39555,0.03157715
39556,0.052337233
39557,0.10229306
39558,0.11446928
39559,0.10614438
39560,0.03969944
39561,0.03411147
39562,0.03395899
39563,0.04819026
39564,0.065049596
39565,0.011911443
39566,0.3148114
39567,0.029723877
39568,0.40947005
39569,0.05263801
39570,0.0071223476
39571,0.06955698
39572,0.04492884
39573,0.04489594
39574,0.0098975245
39575,0.027409164
39576,0.008697048
39577,0.017811406
39578,0.025903456
39579,0.030787451
39580,0.0959592
39581,0.027247855
39582,0.0591513
39583,0.039134815
39584,0.08672195
39585,0.14253224
39586,0.30752018
39587,0.053623006
39588,0.109775685
39589,0.015751973
39590,0.015502627
39591,0.13462427
39592,0.0950602
39593,0.033282973
39594,0.031835962
39595,0.08681625
39596,0.01993469
39597,0.014610436
39598,0.010463113
39599,0.1378784
39600,0.010668842
39601,0.030901968
39602,0.01601556
39603,0.037849322
39604,0.018965667
39605,0.045989078
39606,0.05166492
39607,0.07223124
39608,0.046016075
39609,0.14949892
39610,0.10440697
39611,0.20450519
39612,0.012246222
39613,0.07873836
39614,0.0071223476
39615,0.04127668
39616,0.05632019
39617,0.047298778
39618,0.0071223476
39619,0.0071223476
39620,0.039343894
39621,0.014613888
39622,0.011911443
39623,0.044018127
39624,0.04950665
39625,0.06972083
39626,0.04798295
39627,0.31558886
39628,0.08179012
39629,0.08860223
39630,0.51398754
39631,0.08589576
39632,0.06470749
39633,0.07560172
39634,0.0606307
39635,0.062617175
39636,0.08709897
39637,0.027259609
39638,0.020177132
39639,0.22624514
39640,0.034664482
39641,0.034377653
39642,0.050062895
39643,0.0719537
39644,0.016658073
39645,0.015502627
39646,0.084115304
39647,0.599483
39648,0.09997604
39649,0.01314234
39650,0.03480955
39651,0.95194566
39652,0.07601417
39653,0.013453878
39654,0.06470749
39655,0.045989078
39656,0.20468761
39657,0.36142835
39658,0.06014474
39659,0.01993469
39660,0.031092199
39661,0.05504233
39662,0.05682466
39663,0.17158411
39664,0.059308287
39665,0.07353644
39666,0.015645005
39667,0.018407825
39668,0.025903456
39669,0.057055254
39670,0.048870794
39671,0.012246222
39672,0.06557843
39673,0.07907925
39674,0.26369506
39675,0.05591743
39676,0.02414701
39677,0.05817892
39678,0.11580174
39679,0.20122468
39680,0.065349266
39681,0.025903456
39682,0.00967297
39683,0.057876557
39684,0.52783966
39685,0.007922235
39686,0.1732954
39687,0.32078964
39688,0.07007672
39689,0.023343308
39690,0.009275723
39691,0.026860032
39692,0.02347673
39693,0.21268716
39694,0.20664562
39695,0.03990696
39696,0.056676503
39697,0.09377743
39698,0.07409256
39699,0.09482439
39700,0.15794666
39701,0.22939868
39702,0.09934926
39703,0.0322268
39704,0.12596874
39705,0.04095209
39706,0.20996729
39707,0.71881056
39708,0.026140241
39709,0.27250642
39710,0.017811406
39711,0.20487522
39712,0.0071223476
39713,0.021045646
39714,0.06622623
39715,0.012869265
39716,0.032867517
39717,0.52324593
39718,0.045441054
39719,0.067263916
39720,0.22571757
39721,0.10604235
39722,0.14744014
39723,0.22624514
39724,0.22236247
39725,0.0071223476
39726,0.11836405
39727,0.07210045
39728,0.049170583
39729,0.95252216
39730,0.384087
39731,0.3287166
39732,0.02347673
39733,0.14058846
39734,0.049023498
39735,0.020833258
39736,0.0071223476
39737,0.016658073
39738,0.04127668
39739,0.008468514
39740,0.017051626
39741,0.09858096
39742,0.08694658
39743,0.02401854
39744,0.05667082
39745,0.08342135
39746,0.053439543
39747,0.081077494
39748,0.08262684
39749,0.057075832
39750,0.19625829
39751,0.01601556
39752,0.046592277
39753,0.95252216
39754,0.95252216
39755,0.5930604
39756,0.010668842
39757,0.009275723
39758,0.10840674
39759,0.5311794
39760,0.09405677
39761,0.008129483
39762,0.069790944
39763,0.048661485
39764,0.017811406
39765,0.44315326
39766,0.04107902
39767,0.03316819
39768,0.078326866
39769,0.040454704
39770,0.048624527
39771,0.0353432
39772,0.2476066
39773,0.0959592
39774,0.096408
39775,0.071323544
39776,0.051605333
39777,0.95252216
39778,0.8790432
39779,0.4109666
39780,0.039134815
39781,0.02414701
39782,0.0089379735
39783,0.44000545
39784,0.04182791
39785,0.20487522
39786,0.07173219
39787,0.13725068
39788,0.015751973
39789,0.10806851
39790,0.05642818
39791,0.078955084
39792,0.22952577
39793,0.43386692
39794,0.6002357
39795,0.12724203
39796,0.08472311
39797,0.046592277
39798,0.026860032
39799,0.041979596
39800,0.0588804
39801,0.03157715
39802,0.03724438
39803,0.08734438
39804,0.1378784
39805,0.13423312
39806,0.023094263
39807,0.8790432
39808,0.948318
39809,0.95252216
39810,0.042622313
39811,0.16435698
39812,0.012460404
39813,0.40984625
39814,0.022675652
39815,0.016467743
39816,0.026140241
39817,0.01970291
39818,0.036899097
39819,0.05587053
39820,0.29358712
39821,0.95194566
39822,0.02860405
39823,0.054416444
39824,0.047782544
39825,0.07794729
39826,0.046592277
39827,0.0867125
39828,0.06955698
39829,0.033735666
39830,0.10013027
39831,0.05601575
39832,0.10679786
39833,0.275181
39834,0.21297236
39835,0.12039372
39836,0.033282973
39837,0.053286195
39838,0.030238252
39839,0.14310838
39840,0.030541094
39841,0.013453878
39842,0.032585923
39843,0.0071223476
39844,0.008129483
39845,0.028211994
39846,0.025390096
39847,0.1835897
39848,0.360534
39849,0.10740979
39850,0.105155535
39851,0.12439718
39852,0.11750884
39853,0.09973918
39854,0.8724313
39855,0.044743832
39856,0.015502627
39857,0.17950115
39858,0.096677214
39859,0.2089636
39860,0.359894
39861,0.17245384
39862,0.044822898
39863,0.94931483
39864,0.08148275
39865,0.01438578
39866,0.08760439
39867,0.15171607
39868,0.013971003
39869,0.48428795
39870,0.01601556
39871,0.01438578
39872,0.01601556
39873,0.027642561
39874,0.037453603
39875,0.22123578
39876,0.23414116
39877,0.18938093
39878,0.16700102
39879,0.081077494
39880,0.1249516
39881,0.23865579
39882,0.0077645117
39883,0.10601402
39884,0.11774954
39885,0.0676342
39886,0.368439
39887,0.2482672
39888,0.41013336
39889,0.24853973
39890,0.05550283
39891,0.06758211
39892,0.093397744
39893,0.012460404
39894,0.013971003
39895,0.015502627
39896,0.043674003
39897,0.032273516
39898,0.049023498
39899,0.09477568
39900,0.32111287
39901,0.7089591
39902,0.24570222
39903,0.15525824
39904,0.359894
39905,0.07039134
39906,0.081544675
39907,0.04020419
39908,0.10734527
39909,0.32838905
39910,0.05093589
39911,0.01993469
39912,0.049353868
39913,0.12439718
39914,0.034351673
39915,0.026917089
39916,0.020177132
39917,0.012460404
39918,0.016467743
39919,0.017051626
39920,0.021680169
39921,0.04744848
39922,0.18382779
39923,0.109474756
39924,0.056926142
39925,0.4097884
39926,0.4353146
39927,0.20468761
39928,0.11042781
39929,0.057772618
39930,0.023343308
39931,0.06098282
39932,0.11131421
39933,0.055023763
39934,0.95252216
39935,0.033735666
39936,0.0071223476
39937,0.06858642
39938,0.07896134
39939,0.13931589
39940,0.06939411
39941,0.046876676
39942,0.014884228
39943,0.019108947
39944,0.009460591
39945,0.011421778
39946,0.010668842
39947,0.05682466
39948,0.065423325
39949,0.6126572
39950,0.19164492
39951,0.20754135
39952,0.95194566
39953,0.26647592
39954,0.40212244
39955,0.12418006
39956,0.0071223476
39957,0.02347673
39958,0.007313183
39959,0.04888978
39960,0.0071223476
39961,0.0591513
39962,0.33175936
39963,0.10773908
39964,0.23414116
39965,0.031849463
39966,0.11890196
39967,0.08249062
39968,0.11130456
39969,0.12575132
39970,0.050432652
39971,0.024707073
39972,0.01970291
39973,0.07794729
39974,0.95194566
39975,0.17027283
39976,0.93927896
39977,0.3660429
39978,0.15328768
39979,0.10229306
39980,0.09301248
39981,0.029959429
39982,0.030206531
39983,0.023343308
39984,0.05591743
39985,0.027066598
39986,0.1957612
39987,0.032158844
39988,0.07378746
39989,0.24853973
39990,0.038983554
39991,0.058904372
39992,0.15671512
39993,0.020363864
39994,0.07210045
39995,0.09456265
39996,0.034513865
39997,0.17590812
39998,0.017277833
39999,0.15283543
40000,0.081544675
40001,0.024421003
40002,0.06810091
40003,0.06986152
40004,0.062188424
40005,0.009275723
40006,0.13354991
40007,0.01760922
40008,0.026860032
40009,0.071323544
40010,0.031151827
40011,0.041931994
40012,0.01993469
40013,0.19045088
40014,0.18938093
40015,0.72236574
40016,0.17932637
40017,0.021307472
40018,0.016658073
40019,0.026140241
40020,0.069790944
40021,0.064554796
40022,0.15718216
40023,0.011580592
40024,0.055023763
40025,0.015502627
40026,0.058997124
40027,0.051418733
40028,0.3591618
40029,0.012869265
40030,0.014610436
40031,0.018712543
40032,0.043726537
40033,0.03161798
40034,0.43537349
40035,0.25049275
40036,0.17997737
40037,0.026140241
40038,0.013971003
40039,0.07699906
40040,0.18938093
40041,0.012640107
40042,0.21742691
40043,0.0071223476
40044,0.011720886
40045,0.0959027
40046,0.0379962
40047,0.032867517
40048,0.0089379735
40049,0.035420753
40050,0.35344464
40051,0.025789095
40052,0.007922235
40053,0.0089379735
40054,0.031151827
40055,0.04800862
40056,0.28647944
40057,0.023094263
40058,0.16815147
40059,0.06663078
40060,0.04060095
40061,0.012460404
40062,0.018011695
40063,0.028514164
40064,0.009275723
40065,0.30124456
40066,0.18938093
40067,0.015751973
40068,0.046592277
40069,0.027247855
40070,0.009144417
40071,0.35876077
40072,0.86279774
40073,0.12439718
40074,0.13725068
40075,0.0071223476
40076,0.07765574
40077,0.11232478
40078,0.07056314
40079,0.10079334
40080,0.06848231
40081,0.09280143
40082,0.94931483
40083,0.14655307
40084,0.08589576
40085,0.040384706
40086,0.01601556
40087,0.058582556
40088,0.12528072
40089,0.29751623
40090,0.077887855
40091,0.20727523
40092,0.027964437
40093,0.12834936
40094,0.010463113
40095,0.052557025
40096,0.017051626
40097,0.0071223476
40098,0.012246222
40099,0.057224933
40100,0.052220408
40101,0.007514238
40102,0.007589356
40103,0.09401302
40104,0.008129483
40105,0.20133872
40106,0.059703864
40107,0.032778807
40108,0.022675652
40109,0.041960906
40110,0.101225436
40111,0.07223124
40112,0.020177132
40113,0.011421778
40114,0.95252216
40115,0.09693364
40116,0.04611231
40117,0.029279267
40118,0.05511148
40119,0.012869265
40120,0.32907125
40121,0.0071223476
40122,0.007268069
40123,0.0071223476
40124,0.008129483
40125,0.17264809
40126,0.09556959
40127,0.26021266
40128,0.01106733
40129,0.0071223476
40130,0.012460404
40131,0.018712543
40132,0.049732655
40133,0.08755691
40134,0.032585923
40135,0.0071223476
40136,0.018284414
40137,0.019967388
40138,0.14454333
40139,0.047298778
40140,0.07056314
40141,0.009089551
40142,0.016658073
40143,0.070091955
40144,0.09919514
40145,0.06579748
40146,0.18379346
40147,0.0071223476
40148,0.010034371
40149,0.01106733
40150,0.0077645117
40151,0.015502627
40152,0.016467743
40153,0.014610436
40154,0.01438578
40155,0.0071223476
40156,0.07896134
40157,0.08272378
40158,0.046016075
40159,0.0071223476
40160,0.09325025
40161,0.29716408
40162,0.011580592
40163,0.010463113
40164,0.017051626
40165,0.008468514
40166,0.01601556
40167,0.010668842
40168,0.013453878
40169,0.03949521
40170,0.01314234
40171,0.01993469
40172,0.12439718
40173,0.012869265
40174,0.012869265
40175,0.0071223476
40176,0.012246222
40177,0.015502627
40178,0.11315125
40179,0.34602478
40180,0.024968835
40181,0.027259609
40182,0.03147336
40183,0.05576372
40184,0.030206531
40185,0.010668842
40186,0.10268506
40187,0.018284414
40188,0.10058079
40189,0.15539584
40190,0.016467743
40191,0.014884228
40192,0.012869265
40193,0.03916506
40194,0.017051626
40195,0.012869265
40196,0.045221426
40197,0.008468514
40198,0.1535998
40199,0.08783865
40200,0.24468133
40201,0.008314576
40202,0.015751973
40203,0.026738772
40204,0.0071223476
40205,0.03675374
40206,0.01438578
40207,0.08513687
40208,0.29496068
40209,0.18886922
40210,0.08945722
40211,0.018011695
40212,0.036374684
40213,0.018965667
40214,0.032867517
40215,0.023343308
40216,0.028356396
40217,0.044743832
40218,0.0071223476
40219,0.009144417
40220,0.031967893
40221,0.009537093
40222,0.07303307
40223,0.0071223476
40224,0.018166808
40225,0.04127668
40226,0.03675374
40227,0.026140241
40228,0.15290922
40229,0.040384706
40230,0.028154803
40231,0.17960835
40232,0.18307833
40233,0.04433746
40234,0.20305979
40235,0.24129628
40236,0.085739404
40237,0.0727523
40238,0.0423398
40239,0.024000742
40240,0.023343308
40241,0.014610436
40242,0.11109732
40243,0.85453117
40244,0.107675664
40245,0.04127668
40246,0.12269671
40247,0.11109732
40248,0.026595999
40249,0.020177132
40250,0.016658073
40251,0.17061926
40252,0.099753305
40253,0.5216601
40254,0.3848327
40255,0.04053618
40256,0.03504992
40257,0.09456265
40258,0.23395027
40259,0.0502748
40260,0.037453603
40261,0.20706925
40262,0.034797337
40263,0.21003687
40264,0.09410375
40265,0.3022027
40266,0.5926703
40267,0.17796424
40268,0.021307472
40269,0.4731943
40270,0.041833524
40271,0.0987254
40272,0.047284033
40273,0.031151827
40274,0.13109562
40275,0.06855963
40276,0.11227952
40277,0.14993766
40278,0.02887891
40279,0.121040605
40280,0.25997785
40281,0.05083645
40282,0.03170326
40283,0.097087435
40284,0.01421923
40285,0.029173508
40286,0.095805556
40287,0.23661019
40288,0.29534283
40289,0.032867517
40290,0.24822085
40291,0.21737286
40292,0.20672198
40293,0.30523616
40294,0.36677882
40295,0.007268069
40296,0.10878865
40297,0.08503196
40298,0.020363864
40299,0.033677097
40300,0.007589356
40301,0.030922053
40302,0.057700865
40303,0.09069719
40304,0.10327539
40305,0.31909764
40306,0.36022678
40307,0.023727203
40308,0.08092112
40309,0.029279267
40310,0.32573152
40311,0.049748633
40312,0.08692832
40313,0.011720886
40314,0.039676927
40315,0.18923946
40316,0.51920843
40317,0.13865829
40318,0.0071223476
40319,0.0071223476
40320,0.06299759
40321,0.042214066
40322,0.01601556
40323,0.1307057
40324,0.1844469
40325,0.09135115
40326,0.11091951
40327,0.059771568
40328,0.036181174
40329,0.03916506
40330,0.012690897
40331,0.19462821
40332,0.076154105
40333,0.06666533
40334,0.009275723
40335,0.06329809
40336,0.02347673
40337,0.007922235
40338,0.039676927
40339,0.007422802
40340,0.04350639
40341,0.08437838
40342,0.52324593
40343,0.36058986
40344,0.0353432
40345,0.047466997
40346,0.030922053
40347,0.028154803
40348,0.062892646
40349,0.015320492
40350,0.07363297
40351,0.017479952
40352,0.22003947
40353,0.02887891
40354,0.04237704
40355,0.029722001
40356,0.0496182
40357,0.035746075
40358,0.14078037
40359,0.14897522
40360,0.08710779
40361,0.061478637
40362,0.03675374
40363,0.030029073
40364,0.034310248
40365,0.034351673
40366,0.27176097
40367,0.05504233
40368,0.43537349
40369,0.057700865
40370,0.0742091
40371,0.026373742
40372,0.029999092
40373,0.027126549
40374,0.07941545
40375,0.07956975
40376,0.06359329
40377,0.05263801
40378,0.119132474
40379,0.31837967
40380,0.07865588
40381,0.023727203
40382,0.07786705
40383,0.007268069
40384,0.14117377
40385,0.013848234
40386,0.07262393
40387,0.015751973
40388,0.0742091
40389,0.01438578
40390,0.007922235
40391,0.03029559
40392,0.0071223476
40393,0.18837272
40394,0.0071223476
40395,0.039843544
40396,0.027461212
40397,0.029722001
40398,0.023727203
40399,0.058174647
40400,0.071851104
40401,0.07016046
40402,0.04815556
40403,0.20664562
40404,0.11593602
40405,0.24399465
40406,0.012093497
40407,0.08660261
40408,0.055765234
40409,0.03362688
40410,0.041563272
40411,0.015751973
40412,0.036085583
40413,0.023874983
40414,0.020177132
40415,0.0528561
40416,0.024000742
40417,0.03313812
40418,0.052490447
40419,0.046305023
40420,0.26995203
40421,0.069690995
40422,0.105617285
40423,0.51920843
40424,0.07188026
40425,0.08170619
40426,0.06098282
40427,0.08022045
40428,0.060758848
40429,0.09833252
40430,0.033735666
40431,0.009275723
40432,0.23395027
40433,0.09401302
40434,0.032123253
40435,0.05482193
40436,0.034746356
40437,0.012460404
40438,0.061184026
40439,0.42898655
40440,0.0745808
40441,0.033907935
40442,0.05496983
40443,0.95194566
40444,0.05496983
40445,0.0071223476
40446,0.07824979
40447,0.0728886
40448,0.15672925
40449,0.32907125
40450,0.053402998
40451,0.022863802
40452,0.03251976
40453,0.017821847
40454,0.051778838
40455,0.13533247
40456,0.039752815
40457,0.0561301
40458,0.06279929
40459,0.035746075
40460,0.018011695
40461,0.008697048
40462,0.01601556
40463,0.05990051
40464,0.054115158
40465,0.018011695
40466,0.110780254
40467,0.07907925
40468,0.2712138
40469,0.06615555
40470,0.018284414
40471,0.053219568
40472,0.1467887
40473,0.17598435
40474,0.06999196
40475,0.055596042
40476,0.00967297
40477,0.052337233
40478,0.4738876
40479,0.019246217
40480,0.20418593
40481,0.384087
40482,0.091090254
40483,0.027461212
40484,0.039752815
40485,0.21107693
40486,0.17546923
40487,0.05291862
40488,0.054268625
40489,0.10457563
40490,0.08710779
40491,0.09556959
40492,0.11705513
40493,0.2557668
40494,0.031847913
40495,0.029722001
40496,0.121040605
40497,0.029429121
40498,0.14655647
40499,0.86166537
40500,0.040027283
40501,0.20009968
40502,0.012869265
40503,0.024433002
40504,0.16720349
40505,0.04354431
40506,0.03236945
40507,0.0071223476
40508,0.025134027
40509,0.5906813
40510,0.041863844
40511,0.07865588
40512,0.20727523
40513,0.07706661
40514,0.19467632
40515,0.25604102
40516,0.21486115
40517,0.021884289
40518,0.13929676
40519,0.06881515
40520,0.0592998
40521,0.8879689
40522,0.30386627
40523,0.35344464
40524,0.012460404
40525,0.20015253
40526,0.009275723
40527,0.049741384
40528,0.016658073
40529,0.022863802
40530,0.017277833
40531,0.009488066
40532,0.07961687
40533,0.07116718
40534,0.06012956
40535,0.051190704
40536,0.076703064
40537,0.041563272
40538,0.08170619
40539,0.08542919
40540,0.024433002
40541,0.102288395
40542,0.19275711
40543,0.01438578
40544,0.95252216
40545,0.95252216
40546,0.68920016
40547,0.028356396
40548,0.17039543
40549,0.40984625
40550,0.12635702
40551,0.04489594
40552,0.008129483
40553,0.039546426
40554,0.04064226
40555,0.03590772
40556,0.0089379735
40557,0.4391882
40558,0.030536428
40559,0.021095024
40560,0.07262393
40561,0.049888562
40562,0.041657023
40563,0.016658073
40564,0.20757067
40565,0.052451223
40566,0.18887423
40567,0.06557843
40568,0.10327539
40569,0.95252216
40570,0.8790432
40571,0.38664228
40572,0.033886172
40573,0.02414701
40574,0.0089379735
40575,0.52324593
40576,0.049179655
40577,0.2563484
40578,0.042822212
40579,0.121509425
40580,0.10878865
40581,0.079205215
40582,0.07582736
40583,0.22921169
40584,0.3837177
40585,0.68563616
40586,0.10782853
40587,0.10773908
40588,0.027126549
40589,0.042187218
40590,0.05098379
40591,0.06628482
40592,0.032867517
40593,0.024000742
40594,0.10288317
40595,0.10924273
40596,0.035746075
40597,0.04641434
40598,0.022863802
40599,0.8879689
40600,0.948318
40601,0.95252216
40602,0.041417263
40603,0.09839769
40604,0.011911443
40605,0.3674782
40606,0.022331905
40607,0.012246222
40608,0.010034371
40609,0.03928777
40610,0.049010713
40611,0.27131918
40612,0.95194566
40613,0.027783029
40614,0.049888562
40615,0.03333357
40616,0.09403101
40617,0.03362688
40618,0.09135115
40619,0.051778838
40620,0.040849973
40621,0.10090031
40622,0.04286673
40623,0.07780718
40624,0.017277833
40625,0.25604102
40626,0.16693787
40627,0.11559193
40628,0.029050587
40629,0.019246217
40630,0.020717194
40631,0.023890562
40632,0.09063473
40633,0.014884228
40634,0.017479952
40635,0.04709059
40636,0.0071223476
40637,0.016163947
40638,0.035682574
40639,0.049537037
40640,0.1425427
40641,0.3674221
40642,0.09456265
40643,0.106549144
40644,0.11779241
40645,0.105777934
40646,0.101896524
40647,0.8724313
40648,0.05771444
40649,0.024000742
40650,0.034351673
40651,0.19327086
40652,0.106021956
40653,0.21340342
40654,0.3453364
40655,0.14060774
40656,0.09477568
40657,0.94931483
40658,0.14644542
40659,0.01438578
40660,0.07592236
40661,0.15443224
40662,0.0071223476
40663,0.011720886
40664,0.6012825
40665,0.017811406
40666,0.014884228
40667,0.011241503
40668,0.037102748
40669,0.08438009
40670,0.24260052
40671,0.23319642
40672,0.1713954
40673,0.16301557
40674,0.09403101
40675,0.09794207
40676,0.21056718
40677,0.08549022
40678,0.10628057
40679,0.045487635
40680,0.46759552
40681,0.22871117
40682,0.018537434
40683,0.2896815
40684,0.26390162
40685,0.053219568
40686,0.0742091
40687,0.054416444
40688,0.039752815
40689,0.013681198
40690,0.022863802
40691,0.046206106
40692,0.058425993
40693,0.07771595
40694,0.08632001
40695,0.32111287
40696,0.7089591
40697,0.15121025
40698,0.20664562
40699,0.359894
40700,0.09833252
40701,0.017811406
40702,0.04563422
40703,0.06804062
40704,0.142901
40705,0.22597745
40706,0.059524268
40707,0.0071223476
40708,0.015503651
40709,0.13557084
40710,0.0071223476
40711,0.024269141
40712,0.020177132
40713,0.007922235
40714,0.017277833
40715,0.015751973
40716,0.012460404
40717,0.01438578
40718,0.020363864
40719,0.013681198
40720,0.051069308
40721,0.1838068
40722,0.09643524
40723,0.1344838
40724,0.4353146
40725,0.4353146
40726,0.21340342
40727,0.119801536
40728,0.0567962
40729,0.016658073
40730,0.0466132
40731,0.06666533
40732,0.95252216
40733,0.03750631
40734,0.02414701
40735,0.038983554
40736,0.024694694
40737,0.120288745
40738,0.057123434
40739,0.030541094
40740,0.01601556
40741,0.03036188
40742,0.012093497
40743,0.04758337
40744,0.055230588
40745,0.47448382
40746,0.20946765
40747,0.2027834
40748,0.95194566
40749,0.20009968
40750,0.3136908
40751,0.15338546
40752,0.02887891
40753,0.007313183
40754,0.018284414
40755,0.027461212
40756,0.07036125
40757,0.34392434
40758,0.13233699
40759,0.18912129
40760,0.020833258
40761,0.09660322
40762,0.06609624
40763,0.09794207
40764,0.12953217
40765,0.062246278
40766,0.024433002
40767,0.012093497
40768,0.07855513
40769,0.95194566
40770,0.15806477
40771,0.93927896
40772,0.41210943
40773,0.102225274
40774,0.09456265
40775,0.06201753
40776,0.024433002
40777,0.013453878
40778,0.06468856
40779,0.010250709
40780,0.024433002
40781,0.07514269
40782,0.05992016
40783,0.034248836
40784,0.109762445
40785,0.01993469
40786,0.03170326
40787,0.21742691
40788,0.022729717
40789,0.052451223
40790,0.1944864
40791,0.0071223476
40792,0.0071223476
40793,0.06176364
40794,0.10708056
40795,0.06563031
40796,0.17924608
40797,0.12367966
40798,0.039843544
40799,0.047311675
40800,0.06388437
40801,0.07592236
40802,0.06656223
40803,0.0089379735
40804,0.06718367
40805,0.009275723
40806,0.09173926
40807,0.014884228
40808,0.05672037
40809,0.03333357
40810,0.023343308
40811,0.019246217
40812,0.13404897
40813,0.22344294
40814,0.8751638
40815,0.22886147
40816,0.0071223476
40817,0.0749172
40818,0.022863802
40819,0.058755927
40820,0.095412895
40821,0.0071223476
40822,0.026373742
40823,0.016658073
40824,0.00967297
40825,0.015320492
40826,0.0728886
40827,0.044822898
40828,0.27288538
40829,0.012869265
40830,0.014610436
40831,0.01314234
40832,0.049741384
40833,0.07016046
40834,0.37675443
40835,0.30124456
40836,0.0071223476
40837,0.20237783
40838,0.010848746
40839,0.012690897
40840,0.055441484
40841,0.17598435
40842,0.03272862
40843,0.16093913
40844,0.0071223476
40845,0.0959027
40846,0.0502748
40847,0.029722001
40848,0.020363864
40849,0.01106733
40850,0.05291862
40851,0.29534283
40852,0.01820746
40853,0.012460404
40854,0.015320492
40855,0.031151827
40856,0.034664482
40857,0.22101077
40858,0.046206106
40859,0.14726216
40860,0.05992016
40861,0.024000742
40862,0.035154574
40863,0.021680169
40864,0.28231934
40865,0.08825181
40866,0.14994675
40867,0.0089379735
40868,0.02564726
40869,0.03333357
40870,0.009144417
40871,0.4083665
40872,0.8724313
40873,0.08916863
40874,0.118259884
40875,0.007589356
40876,0.094825886
40877,0.076839425
40878,0.06999196
40879,0.09661976
40880,0.06804062
40881,0.09753671
40882,0.94931483
40883,0.09817854
40884,0.015108648
40885,0.06428259
40886,0.052337233
40887,0.0089379735
40888,0.033907935
40889,0.10604235
40890,0.32799962
40891,0.007514238
40892,0.22953983
40893,0.16870396
40894,0.026738772
40895,0.058601804
40896,0.011720886
40897,0.048555356
40898,0.054888748
40899,0.08087153
40900,0.014075644
40901,0.049185306
40902,0.0071223476
40903,0.19275711
40904,0.048555356
40905,0.053913813
40906,0.020363864
40907,0.025903456
40908,0.03928051
40909,0.07855513
40910,0.020177132
40911,0.008697048
40912,0.95252216
40913,0.074426204
40914,0.04670469
40915,0.049741384
40916,0.032987725
40917,0.03590772
40918,0.008314576
40919,0.01421923
40920,0.015108648
40921,0.25604102
40922,0.0071223476
40923,0.007268069
40924,0.008129483
40925,0.2006031
40926,0.009275723
40927,0.09669743
40928,0.044706833
40929,0.037157163
40930,0.22344294
40931,0.0071223476
40932,0.023727203
40933,0.015320492
40934,0.012869265
40935,0.029173508
40936,0.11673796
40937,0.044118065
40938,0.012869265
40939,0.01421923
40940,0.03170326
40941,0.08446832
40942,0.062892646
40943,0.026688987
40944,0.020099701
40945,0.01635422
40946,0.061777305
40947,0.014610436
40948,0.06766877
40949,0.11705513
40950,0.14598273
40951,0.007268069
40952,0.015108648
40953,0.04575946
40954,0.033269428
40955,0.079205215
40956,0.017051626
40957,0.1315888
40958,0.29716408
40959,0.018284414
40960,0.0071223476
40961,0.01314234
40962,0.027783029
40963,0.046490397
40964,0.029448576
40965,0.03170326
40966,0.01314234
40967,0.029722001
40968,0.10089074
40969,0.039676927
40970,0.02887891
40971,0.0077645117
40972,0.016658073
40973,0.03978555
40974,0.33580005
40975,0.04467643
40976,0.009668452
40977,0.04489594
40978,0.042208456
40979,0.014884228
40980,0.010463113
40981,0.110780254
40982,0.0089379735
40983,0.10958486
40984,0.007922235
40985,0.14384061
40986,0.016163947
40987,0.059308287
40988,0.009275723
40989,0.009275723
40990,0.023727203
40991,0.141164
40992,0.100745976
40993,0.18923946
40994,0.012093497
40995,0.053946204
40996,0.02887891
40997,0.0427749
40998,0.32867914
40999,0.22321583
41000,0.07592236
41001,0.036374684
41002,0.023094263
41003,0.040157404
41004,0.051255852
41005,0.029173508
41006,0.043001153
41007,0.04127668
41008,0.1654869
41009,0.040384706
41010,0.011351094
41011,0.26018667
41012,0.132494
41013,0.023343308
41014,0.04433746
41015,0.14041147
41016,0.21387528
41017,0.08623537
41018,0.06900153
41019,0.030738892
41020,0.014610436
41021,0.12946373
41022,0.027247855
41023,0.7110249
41024,0.12549512
41025,0.12898302
41026,0.10643568
41027,0.014884228
41028,0.0353432
41029,0.016658073
41030,0.009777752
41031,0.31387997
41032,0.40912527
41033,0.04053618
41034,0.07855513
41035,0.012869265
41036,0.12936753
41037,0.22921169
41038,0.0071223476
41039,0.013453878
41040,0.026082287
41041,0.090798296
41042,0.16912346
41043,0.095896445
41044,0.18325366
41045,0.33378604
41046,0.16428456
41047,0.3453364
41048,0.06621095
41049,0.083735175
41050,0.011580592
41051,0.04256347
41052,0.10710256
41053,0.08249062
41054,0.08621632
41055,0.034013227
41056,0.02887891
41057,0.016558895
41058,0.06791467
41059,0.16129212
41060,0.05990051
41061,0.03675374
41062,0.105657905
41063,0.042768493
41064,0.026140241
41065,0.02525506
41066,0.25175282
41067,0.25084916
41068,0.046148587
41069,0.015108648
41070,0.206021
41071,0.16220236
41072,0.10710256
41073,0.14602177
41074,0.33315864
41075,0.07315602
41076,0.041063253
41077,0.062077466
41078,0.015108648
41079,0.021996906
41080,0.08542919
41081,0.17838284
41082,0.3677953
41083,0.012246222
41084,0.049023498
41085,0.059308287
41086,0.020363864
41087,0.033735666
41088,0.26018667
41089,0.034351673
41090,0.05894629
41091,0.03857941
41092,0.12248192
41093,0.38548443
41094,0.1500876
41095,0.017277833
41096,0.018965667
41097,0.036928907
41098,0.09693364
41099,0.11947934
41100,0.1629955
41101,0.1415577
41102,0.11474654
41103,0.024548344
41104,0.07168281
41105,0.048555356
41106,0.046687126
41107,0.03333357
41108,0.16512898
41109,0.07956975
41110,0.07636574
41111,0.0071223476
41112,0.045221426
41113,0.027247855
41114,0.030268239
41115,0.039676927
41116,0.0071223476
41117,0.026302662
41118,0.020363864
41119,0.056927644
41120,0.61160314
41121,0.38554123
41122,0.026140241
41123,0.014884228
41124,0.08860223
41125,0.049332403
41126,0.0071223476
41127,0.07363297
41128,0.01438578
41129,0.030541094
41130,0.23181517
41131,0.0071223476
41132,0.040851567
41133,0.053841356
41134,0.03675374
41135,0.048870794
41136,0.08760439
41137,0.16134962
41138,0.08621632
41139,0.041473985
41140,0.020363864
41141,0.013681198
41142,0.049032573
41143,0.023343308
41144,0.36142835
41145,0.026688987
41146,0.3848327
41147,0.102288395
41148,0.03504992
41149,0.021884289
41150,0.040058363
41151,0.051818036
41152,0.018712543
41153,0.017277833
41154,0.064348
41155,0.03950247
41156,0.06377411
41157,0.062372334
41158,0.07223124
41159,0.09384552
41160,0.28313255
41161,0.09919514
41162,0.020363864
41163,0.082246214
41164,0.021680169
41165,0.012690897
41166,0.17541656
41167,0.013848234
41168,0.06848231
41169,0.03157715
41170,0.047298778
41171,0.007922235
41172,0.04127668
41173,0.017811406
41174,0.15969402
41175,0.050648443
41176,0.01314234
41177,0.009275723
41178,0.026738772
41179,0.05166492
41180,0.061837934
41181,0.07960541
41182,0.062892646
41183,0.18658978
41184,0.083072506
41185,0.18886922
41186,0.012246222
41187,0.09934926
41188,0.032585923
41189,0.031151827
41190,0.053770732
41191,0.007922235
41192,0.029687613
41193,0.008314436
41194,0.06858642
41195,0.012460404
41196,0.06999196
41197,0.007922235
41198,0.050062895
41199,0.05236676
41200,0.17562042
41201,0.039980028
41202,0.090560295
41203,0.68563616
41204,0.05817892
41205,0.06557843
41206,0.059234895
41207,0.054268625
41208,0.047856063
41209,0.08799117
41210,0.047856063
41211,0.010250709
41212,0.22624514
41213,0.040058363
41214,0.03108665
41215,0.06948745
41216,0.047023453
41217,0.0071223476
41218,0.045221426
41219,0.39272258
41220,0.071269125
41221,0.025903456
41222,0.071323544
41223,0.95194566
41224,0.07301813
41225,0.013453878
41226,0.053219568
41227,0.03475417
41228,0.15879259
41229,0.32907125
41230,0.071269125
41231,0.02414701
41232,0.043153003
41233,0.068144694
41234,0.10773908
41235,0.09643524
41236,0.057479035
41237,0.12310012
41238,0.020320166
41239,0.012640107
41240,0.021680169
41241,0.033449937
41242,0.0820945
41243,0.044524357
41244,0.030069087
41245,0.07794729
41246,0.12333942
41247,0.29496068
41248,0.07301813
41249,0.018284414
41250,0.05642818
41251,0.10936071
41252,0.22624514
41253,0.049032573
41254,0.058070242
41255,0.00967297
41256,0.027861023
41257,0.51920843
41258,0.13639466
41259,0.4083665
41260,0.06079915
41261,0.0071223476
41262,0.010668842
41263,0.044926357
41264,0.032585923
41265,0.15556316
41266,0.16402823
41267,0.035746075
41268,0.0745808
41269,0.12748888
41270,0.09482439
41271,0.08550973
41272,0.16373083
41273,0.19651552
41274,0.062892646
41275,0.034351673
41276,0.12748888
41277,0.027409164
41278,0.12470678
41279,0.71881056
41280,0.026373742
41281,0.26021266
41282,0.020833258
41283,0.1389175
41284,0.012246222
41285,0.06098282
41286,0.045989078
41287,0.0071223476
41288,0.023727203
41289,0.5391768
41290,0.041447923
41291,0.056280084
41292,0.237243
41293,0.10604235
41294,0.13454545
41295,0.26359236
41296,0.21486115
41297,0.021884289
41298,0.13848452
41299,0.10710256
41300,0.05682466
41301,0.95252216
41302,0.3449797
41303,0.35344464
41304,0.04060095
41305,0.19840573
41306,0.04614136
41307,0.007589356
41308,0.017051626
41309,0.06656223
41310,0.06091724
41311,0.022769036
41312,0.03465891
41313,0.05682466
41314,0.04758337
41315,0.09298482
41316,0.09934926
41317,0.024707073
41318,0.03504992
41319,0.13686451
41320,0.01601556
41321,0.08272378
41322,0.95252216
41323,0.9432912
41324,0.6055007
41325,0.10295277
41326,0.4731943
41327,0.13677524
41328,0.042214066
41329,0.035746075
41330,0.04279301
41331,0.03675374
41332,0.0089379735
41333,0.3677953
41334,0.016658073
41335,0.035251766
41336,0.08379723
41337,0.033282973
41338,0.0071223476
41339,0.021884289
41340,0.20517007
41341,0.050210122
41342,0.020833258
41343,0.09753671
41344,0.09833252
41345,0.045042444
41346,0.95252216
41347,0.8790432
41348,0.5322753
41349,0.038551286
41350,0.02414701
41351,0.0089379735
41352,0.5391768
41353,0.035891294
41354,0.32867914
41355,0.057479035
41356,0.106942154
41357,0.013971003
41358,0.060283907
41359,0.06955698
41360,0.07960541
41361,0.18923946
41362,0.36599502
41363,0.68563616
41364,0.11923427
41365,0.10643568
41366,0.032867517
41367,0.016163947
41368,0.05263801
41369,0.06284553
41370,0.049732655
41371,0.021307472
41372,0.11750884
41373,0.12418006
41374,0.00985339
41375,0.093009055
41376,0.023094263
41377,0.95252216
41378,0.948318
41379,0.95252216
41380,0.050062895
41381,0.07184415
41382,0.52252936
41383,0.021307472
41384,0.019422231
41385,0.023094263
41386,0.046739016
41387,0.030922053
41388,0.27131918
41389,0.95194566
41390,0.032585923
41391,0.04563422
41392,0.034601297
41393,0.08262684
41394,0.051927906
41395,0.100833945
41396,0.05263801
41397,0.044926357
41398,0.05817892
41399,0.11315125
41400,0.15093061
41401,0.032867517
41402,0.22624514
41403,0.25629032
41404,0.083735175
41405,0.050210122
41406,0.01514755
41407,0.035896875
41408,0.11143286
41409,0.017811406
41410,0.016658073
41411,0.025390096
41412,0.016658073
41413,0.013971003
41414,0.027247855
41415,0.056831133
41416,0.14693467
41417,0.4738876
41418,0.0900488
41419,0.10708056
41420,0.10261881
41421,0.09643524
41422,0.10604235
41423,0.60503304
41424,0.054888748
41425,0.02860405
41426,0.08654039
41427,0.1253948
41428,0.22930837
41429,0.4731943
41430,0.14017011
41431,0.07489318
41432,0.94931483
41433,0.16282319
41434,0.01438578
41435,0.108071126
41436,0.20727523
41437,0.009460591
41438,0.039752815
41439,0.7198559
41440,0.039752815
41441,0.01601556
41442,0.013681198
41443,0.014884228
41444,0.09298482
41445,0.21605356
41446,0.180738
41447,0.18099582
41448,0.13794447
41449,0.06898635
41450,0.110385366
41451,0.24560976
41452,0.024000742
41453,0.15171607
41454,0.050501153
41455,0.008461238
41456,0.6002357
41457,0.23414116
41458,0.009144417
41459,0.30057907
41460,0.33244082
41461,0.04437854
41462,0.07223124
41463,0.12529048
41464,0.013681198
41465,0.014884228
41466,0.035018
41467,0.05591743
41468,0.07363297
41469,0.07223124
41470,0.2571745
41471,0.67605186
41472,0.27288538
41473,0.17626935
41474,0.359894
41475,0.09069719
41476,0.007922235
41477,0.07715006
41478,0.102288395
41479,0.11914039
41480,0.20494305
41481,0.05502707
41482,0.02887891
41483,0.014613888
41484,0.09030944
41485,0.034351673
41486,0.020242726
41487,0.008697048
41488,0.009275723
41489,0.00967297
41490,0.017277833
41491,0.008129483
41492,0.012460404
41493,0.01421923
41494,0.021307472
41495,0.014884228
41496,0.044118065
41497,0.16995531
41498,0.121246725
41499,0.11292639
41500,0.4353146
41501,0.38548443
41502,0.20727523
41503,0.12629277
41504,0.061478637
41505,0.05642818
41506,0.010668842
41507,0.040885016
41508,0.95252216
41509,0.042062353
41510,0.035003882
41511,0.024274657
41512,0.13238183
41513,0.03675374
41514,0.01601556
41515,0.010856303
41516,0.01314234
41517,0.017277833
41518,0.03161798
41519,0.053286195
41520,0.53030527
41521,0.21239047
41522,0.20974115
41523,0.95194566
41524,0.22624514
41525,0.37718663
41526,0.14426911
41527,0.03411147
41528,0.02887891
41529,0.007422802
41530,0.010088885
41531,0.03857941
41532,0.037308168
41533,0.3583982
41534,0.04437854
41535,0.26189917
41536,0.024000742
41537,0.14478877
41538,0.12367966
41539,0.08550973
41540,0.11836405
41541,0.05616762
41542,0.012246222
41543,0.07794729
41544,0.95194566
41545,0.16510749
41546,0.93927896
41547,0.3591618
41548,0.16097891
41549,0.07650972
41550,0.053149536
41551,0.028211994
41552,0.008129483
41553,0.010250709
41554,0.024707073
41555,0.05682466
41556,0.08951935
41557,0.040738758
41558,0.15078144
41559,0.041417606
41560,0.32867914
41561,0.043183368
41562,0.010463113
41563,0.05642818
41564,0.2224944
41565,0.013971003
41566,0.0071223476
41567,0.11198403
41568,0.10740979
41569,0.060849726
41570,0.2072266
41571,0.104747295
41572,0.08589576
41573,0.02414701
41574,0.04070967
41575,0.10155553
41576,0.034797337
41577,0.0089379735
41578,0.078728996
41579,0.009275723
41580,0.03480955
41581,0.03411147
41582,0.050210122
41583,0.027247855
41584,0.02347673
41585,0.007922235
41586,0.04426253
41587,0.16466375
41588,0.20520614
41589,0.8751638
41590,0.25049275
41591,0.016658073
41592,0.007268069
41593,0.0071223476
41594,0.012869265
41595,0.040308844
41596,0.106888786
41597,0.011580592
41598,0.026373742
41599,0.0071223476
41600,0.00967297
41601,0.011911443
41602,0.06993425
41603,0.04758337
41604,0.26021266
41605,0.012869265
41606,0.014610436
41607,0.011720886
41608,0.049185306
41609,0.051605333
41610,0.40984625
41611,0.31587613
41612,0.0071223476
41613,0.22366686
41614,0.024707073
41615,0.012460404
41616,0.054268625
41617,0.15108067
41618,0.047856063
41619,0.20727523
41620,0.011911443
41621,0.0252849
41622,0.010668842
41623,0.07855513
41624,0.044118065
41625,0.018284414
41626,0.020363864
41627,0.018011695
41628,0.029279267
41629,0.35344464
41630,0.04237704
41631,0.013453878
41632,0.0071223476
41633,0.022675652
41634,0.07378746
41635,0.26423898
41636,0.046592277
41637,0.13404192
41638,0.050210122
41639,0.0071223476
41640,0.055408347
41641,0.04467643
41642,0.021680169
41643,0.29460293
41644,0.17343718
41645,0.012869265
41646,0.02860405
41647,0.024707073
41648,0.0071223476
41649,0.42898655
41650,0.8724313
41651,0.103015594
41652,0.17293507
41653,0.014610436
41654,0.0937255
41655,0.032778807
41656,0.0820945
41657,0.052476704
41658,0.08287559
41659,0.15990096
41660,0.94931483
41661,0.03670354
41662,0.008995237
41663,0.045989078
41664,0.07329958
41665,0.32799962
41666,0.013263393
41667,0.23982003
41668,0.21526548
41669,0.014884228
41670,0.056522686
41671,0.012460404
41672,0.019422231
41673,0.05270779
41674,0.10456359
41675,0.015503651
41676,0.050062895
41677,0.016658073
41678,0.23441064
41679,0.07173219
41680,0.06540932
41681,0.013681198
41682,0.0071223476
41683,0.058904372
41684,0.06615555
41685,0.020833258
41686,0.95252216
41687,0.013410914
41688,0.11361679
41689,0.034179635
41690,0.039984412
41691,0.02887891
41692,0.014610436
41693,0.008697048
41694,0.015108648
41695,0.20122468
41696,0.018011695
41697,0.0071223476
41698,0.2072266
41699,0.06522488
41700,0.03157715
41701,0.048870794
41702,0.24853973
41703,0.008697048
41704,0.04641506
41705,0.24885957
41706,0.046876676
41707,0.012869265
41708,0.0077645117
41709,0.06277189
41710,0.13470748
41711,0.0098256385
41712,0.06199252
41713,0.0243992
41714,0.02957398
41715,0.102225274
41716,0.14003496
41717,0.012246222
41718,0.012246222
41719,0.007589356
41720,0.012246222
41721,0.015320492
41722,0.0071223476
41723,0.010668842
41724,0.020363864
41725,0.032778807
41726,0.020099701
41727,0.08681625
41728,0.15992162
41729,0.24822085
41730,0.018712543
41731,0.01601556
41732,0.007268069
41733,0.007589356
41734,0.015751973
41735,0.021045646
41736,0.007268069
41737,0.013453878
41738,0.009275723
41739,0.030922053
41740,0.015108648
41741,0.021680169
41742,0.01438578
41743,0.10441279
41744,0.049030744
41745,0.025903456
41746,0.06421922
41747,0.0071223476
41748,0.42898655
41749,0.06352358
41750,0.030088281
41751,0.06189746
41752,0.029718334
41753,0.021307472
41754,0.05642818
41755,0.0098975245
41756,0.13220698
41757,0.1471832
41758,0.016467743
41759,0.011580592
41760,0.0071223476
41761,0.029687613
41762,0.0071223476
41763,0.022863802
41764,0.023343308
41765,0.115369126
41766,0.07699906
41767,0.026860032
41768,0.25118303
41769,0.015108648
41770,0.026738772
41771,0.03675374
41772,0.034513865
41773,0.31587613
41774,0.14210232
41775,0.0071223476
41776,0.08341194
41777,0.018712543
