Index,demand
0,0.03837681
1,0.033154197
2,0.029351024
3,0.07030331
4,0.10977711
5,0.012588829
6,0.021248855
7,0.29663205
8,0.022843037
9,0.07401065
10,0.042632576
11,0.24516486
12,0.112452194
13,0.046203844
14,0.17775455
15,0.114641555
16,0.17755443
17,0.021745516
18,0.07863929
19,0.054977164
20,0.014254359
21,0.035707317
22,0.15187612
23,0.028124688
24,0.37506035
25,0.22108954
26,0.044435214
27,0.06258591
28,0.07822706
29,0.013527734
30,0.00881347
31,0.036346253
32,0.010547004
33,0.1235393
34,0.14580376
35,0.455175
36,0.09375147
37,0.0073382347
38,0.09624021
39,0.12703687
40,0.009740897
41,0.023743615
42,0.005811614
43,0.03535923
44,0.021928024
45,0.057509057
46,0.08519023
47,0.30095932
48,0.100890584
49,0.1746284
50,0.23792957
51,0.062209688
52,0.022308333
53,0.24123408
54,0.005811614
55,0.051450025
56,0.11808505
57,0.020966709
58,0.045247104
59,0.023887739
60,0.006612831
61,0.061925992
62,0.07363498
63,0.04076247
64,0.033541106
65,0.28794807
66,0.034991883
67,0.03207199
68,0.050124522
69,0.053073026
70,0.012046438
71,0.030691
72,0.0073764576
73,0.009983291
74,0.08312578
75,0.025648594
76,0.047592968
77,0.0938606
78,0.22024997
79,0.12899145
80,0.019626684
81,0.009798451
82,0.015719151
83,0.03214858
84,0.02623507
85,0.07204674
86,0.16749771
87,0.2782824
88,0.07539759
89,0.011242295
90,0.026389606
91,0.09811299
92,0.078269035
93,0.14874427
94,0.2116248
95,0.016787468
96,0.005811614
97,0.02432399
98,0.011195396
99,0.009835364
100,0.058842342
101,0.04220887
102,0.030081315
103,0.14758712
104,0.06846365
105,0.062237628
106,0.006916905
107,0.079547055
108,0.42179623
109,0.042973608
110,0.018002965
111,0.005811614
112,0.03514611
113,0.020788861
114,0.0059192013
115,0.12929687
116,0.16491723
117,0.18380035
118,0.14880471
119,0.053246073
120,0.0060651274
121,0.030464992
122,0.03687904
123,0.048379157
124,0.0059716776
125,0.021889243
126,0.019643229
127,0.10048297
128,0.013578728
129,0.030862823
130,0.027092602
131,0.00942102
132,0.024462376
133,0.021002857
134,0.05706332
135,0.029239869
136,0.059266277
137,0.094778985
138,0.18302897
139,0.035282113
140,0.03905924
141,0.08448217
142,0.09166916
143,0.009074302
144,0.15928604
145,0.03278976
146,0.005811614
147,0.031218274
148,0.073064074
149,0.015559087
150,0.010170314
151,0.03393834
152,0.03382013
153,0.059469692
154,0.09633636
155,0.04771995
156,0.09121548
157,0.067398205
158,0.029282307
159,0.005811614
160,0.030793164
161,0.05186163
162,0.047540233
163,0.023381935
164,0.44342995
165,0.18439402
166,0.046114843
167,0.15505622
168,0.07566304
169,0.07842719
170,0.007538401
171,0.04187921
172,0.009581083
173,0.027207602
174,0.0169562
175,0.021349814
176,0.036123812
177,0.036556624
178,0.04806513
179,0.050259337
180,0.07263577
181,0.073187895
182,0.21617821
183,0.024322372
184,0.008685036
185,0.06481316
186,0.015302914
187,0.06449219
188,0.008973533
189,0.012062331
190,0.020299086
191,0.18150866
192,0.030492023
193,0.1299313
194,0.051613234
195,0.0836
196,0.015217653
197,0.018775892
198,0.113595136
199,0.05370112
200,0.07457248
201,0.035704777
202,0.011131065
203,0.051980563
204,0.0062043713
205,0.03325517
206,0.0510765
207,0.10908743
208,0.10984662
209,0.12869483
210,0.06823355
211,0.046158608
212,0.012764804
213,0.07644464
214,0.05089798
215,0.010491839
216,0.02095381
217,0.09962103
218,0.087265216
219,0.025746869
220,0.04881779
221,0.017873729
222,0.012588829
223,0.07333735
224,0.120453365
225,0.044917922
226,0.08636716
227,0.010971001
228,0.027300289
229,0.013315606
230,0.034517333
231,0.030402007
232,0.050316412
233,0.10168137
234,0.20698108
235,0.07863647
236,0.08338848
237,0.044336144
238,0.025616642
239,0.07286312
240,0.08496548
241,0.063642494
242,0.020365316
243,0.23103735
244,0.053734783
245,0.12572192
246,0.038940996
247,0.13797477
248,0.018278532
249,0.056621842
250,0.009661959
251,0.019527934
252,0.033535533
253,0.009467057
254,0.05806536
255,0.044815507
256,0.032070946
257,0.07284518
258,0.36039007
259,0.041985292
260,0.005811614
261,0.13050197
262,0.050706528
263,0.23133834
264,0.13117255
265,0.071226574
266,0.020543162
267,0.051342785
268,0.0060651274
269,0.07400965
270,0.18366827
271,0.069581926
272,0.22030093
273,0.1554557
274,0.07679319
275,0.005894934
276,0.025861027
277,0.035244968
278,0.06050492
279,0.005894934
280,0.109541275
281,0.14490786
282,0.059464898
283,0.02262371
284,0.008746847
285,0.10775307
286,0.16873467
287,0.16707842
288,0.07397159
289,0.073865086
290,0.019103926
291,0.010186113
292,0.3898416
293,0.029769937
294,0.01662764
295,0.18359597
296,0.22712713
297,0.019362962
298,0.007773182
299,0.031166047
300,0.03927974
301,0.09182932
302,0.13026781
303,0.063249275
304,0.06785161
305,0.1513296
306,0.1525401
307,0.12095221
308,0.1942178
309,0.22316603
310,0.0632209
311,0.017953344
312,0.055467013
313,0.094949216
314,0.021928024
315,0.24074657
316,0.7392478
317,0.091147885
318,0.050252452
319,0.30845082
320,0.007773182
321,0.024966277
322,0.22485581
323,0.023444694
324,0.038776826
325,0.04806513
326,0.013619764
327,0.0125665115
328,0.07329262
329,0.023709578
330,0.04432593
331,0.11800527
332,0.124038965
333,0.22646521
334,0.18103594
335,0.13566704
336,0.027230997
337,0.1919364
338,0.0877257
339,0.11918692
340,0.61531943
341,0.2807854
342,0.32666925
343,0.021270813
344,0.18846118
345,0.048644185
346,0.033647805
347,0.014186844
348,0.017365156
349,0.060259245
350,0.0085946
351,0.008302767
352,0.030075362
353,0.035604466
354,0.07157747
355,0.10388103
356,0.062318206
357,0.077966824
358,0.1274573
359,0.07080085
360,0.0447242
361,0.11758152
362,0.16327357
363,0.013962397
364,0.025814265
365,0.6086405
366,0.73997027
367,0.3026409
368,0.0069620656
369,0.02885576
370,0.014968963
371,0.029057631
372,0.25256947
373,0.02699997
374,0.030798182
375,0.11446734
376,0.03076824
377,0.03404321
378,0.053791307
379,0.025568703
380,0.005811614
381,0.09555023
382,0.014078417
383,0.012428764
384,0.06503713
385,0.14077075
386,0.077100396
387,0.049540833
388,0.057229854
389,0.028678942
390,0.00881347
391,0.11892132
392,0.0725568
393,0.069041274
394,0.5290384
395,0.88892025
396,0.33744782
397,0.050451152
398,0.045835737
399,0.036374994
400,0.11579194
401,0.22840527
402,0.006521333
403,0.0875634
404,0.022418058
405,0.016965665
406,0.0674309
407,0.1267707
408,0.04217395
409,0.29387018
410,0.10242298
411,0.105820246
412,0.10728483
413,0.09932363
414,0.051407743
415,0.102275044
416,0.020233998
417,0.015286075
418,0.038737673
419,0.12049123
420,0.11537104
421,0.055500813
422,0.05024553
423,0.028240534
424,0.8999624
425,0.97122645
426,0.96783525
427,0.09828008
428,0.03260282
429,0.12992182
430,0.124545686
431,0.04163788
432,0.008973533
433,0.012724664
434,0.011562082
435,0.032740764
436,0.07228996
437,0.02566979
438,0.16664438
439,0.32021648
440,0.063249275
441,0.09604586
442,0.11877483
443,0.20221053
444,0.07691651
445,0.0735966
446,0.068168655
447,0.044424247
448,0.09014214
449,0.11314437
450,0.11412939
451,0.049294613
452,0.013918352
453,0.32177466
454,0.3732083
455,0.1140734
456,0.051419478
457,0.02126014
458,0.07445065
459,0.03564738
460,0.24556632
461,0.0122049
462,0.029101925
463,0.02971476
464,0.02565014
465,0.02127213
466,0.03589546
467,0.032405443
468,0.12692463
469,0.39030856
470,0.21986914
471,0.18139248
472,0.110357076
473,0.1734198
474,0.18112268
475,0.28259486
476,0.049934443
477,0.019939478
478,0.029838655
479,0.015951846
480,0.117237836
481,0.1712524
482,0.062345613
483,0.20698108
484,0.23754767
485,0.19243082
486,0.971307
487,0.10817216
488,0.04480208
489,0.119620286
490,0.13946888
491,0.011035333
492,0.042396363
493,0.22713922
494,0.0059716776
495,0.04680667
496,0.062461156
497,0.030862823
498,0.03114603
499,0.14753626
500,0.27374768
501,0.256784
502,0.36842564
503,0.27511135
504,0.112786315
505,0.1183377
506,0.20401226
507,0.00881347
508,0.009125778
509,0.18587969
510,0.0960464
511,0.02970479
512,0.18972002
513,0.1366781
514,0.36740246
515,0.1781758
516,0.005855659
517,0.033099473
518,0.06880458
519,0.116842024
520,0.09882807
521,0.014472699
522,0.0076984633
523,0.014254359
524,0.020561608
525,0.05980411
526,0.084002316
527,0.06880052
528,0.14330122
529,0.28118023
530,0.6150366
531,0.27246276
532,0.2735832
533,0.44342995
534,0.07558934
535,0.014146837
536,0.03785962
537,0.05835096
538,0.111248136
539,0.2029681
540,0.050783876
541,0.005811614
542,0.027515486
543,0.1478345
544,0.016238464
545,0.0059716776
546,0.057124853
547,0.13046329
548,0.025746869
549,0.014657191
550,0.058124714
551,0.008142703
552,0.008434536
553,0.04245865
554,0.03607449
555,0.032778565
556,0.10717251
557,0.2129166
558,0.21709116
559,0.08885633
560,0.36948112
561,0.36734816
562,0.27600938
563,0.070073046
564,0.023775447
565,0.054353047
566,0.048707485
567,0.10121105
568,0.005811614
569,0.011817954
570,0.36864868
571,0.014208257
572,0.016238464
573,0.055657662
574,0.063348174
575,0.060983215
576,0.011344264
577,0.03523481
578,0.013248819
579,0.07668827
580,0.005811614
581,0.025104662
582,0.009486127
583,0.062399827
584,0.11708781
585,0.25214475
586,0.22541186
587,0.07218878
588,0.42324957
589,0.23172306
590,0.3446877
591,0.22703744
592,0.0736435
593,0.0440511
594,0.07102927
595,0.038544867
596,0.058042653
597,0.07210787
598,0.02070458
599,0.3331804
600,0.08458275
601,0.14839602
602,0.016485488
603,0.031214228
604,0.08312578
605,0.15649971
606,0.22983328
607,0.021652343
608,0.027417542
609,0.045395825
610,0.14810342
611,0.34655747
612,0.17946428
613,0.13269009
614,0.06141458
615,0.26539308
616,0.18244164
617,0.033753384
618,0.01942196
619,0.036114916
620,0.04378104
621,0.10979278
622,0.095829345
623,0.05308709
624,0.23501617
625,0.07754003
626,0.03828349
627,0.15687326
628,0.044550102
629,0.024212753
630,0.123248965
631,0.08453303
632,0.023506265
633,0.06719298
634,0.23004486
635,0.05967161
636,0.07531877
637,0.020903785
638,0.062203087
639,0.08343223
640,0.0077668824
641,0.09129546
642,0.07885124
643,0.06923648
644,0.010971001
645,0.008973533
646,0.1159986
647,0.009581083
648,0.028013779
649,0.021854235
650,0.017375953
651,0.007850708
652,0.11519659
653,0.04487784
654,0.028405411
655,0.005855659
656,0.02396819
657,0.16074151
658,0.2522873
659,0.22940846
660,0.0077651707
661,0.04557615
662,0.028238408
663,0.02210361
664,0.045647424
665,0.0067022927
666,0.024705969
667,0.15597112
668,0.015229007
669,0.027057808
670,0.00942102
671,0.031020708
672,0.043553505
673,0.06859501
674,0.14043684
675,0.007538401
676,0.009984545
677,0.03303969
678,0.03354463
679,0.076521866
680,0.14753504
681,0.023717672
682,0.021092195
683,0.005811614
684,0.072548375
685,0.030574478
686,0.005811614
687,0.056687575
688,0.11890263
689,0.04869108
690,0.018775892
691,0.006802001
692,0.2526529
693,0.042062197
694,0.025746869
695,0.121663466
696,0.06844684
697,0.037058607
698,0.017651122
699,0.03228108
700,0.0552408
701,0.31811047
702,0.030269502
703,0.011817954
704,0.014201881
705,0.06817875
706,0.054738373
707,0.110966586
708,0.021070013
709,0.15044802
710,0.042742234
711,0.030879378
712,0.04587112
713,0.056482606
714,0.026391737
715,0.15495688
716,0.091147885
717,0.015567316
718,0.069146335
719,0.014968963
720,0.1039902
721,0.051419355
722,0.018729843
723,0.2191375
724,0.32858518
725,0.10293951
726,0.021826405
727,0.088304415
728,0.019285444
729,0.07720599
730,0.08274018
731,0.077015
732,0.48540935
733,0.030416364
734,0.010170314
735,0.116721325
736,0.05258627
737,0.085401855
738,0.15984258
739,0.37295255
740,0.061202504
741,0.11291793
742,0.005811614
743,0.025291128
744,0.021155398
745,0.07819553
746,0.033236608
747,0.0060549965
748,0.013248819
749,0.04449621
750,0.010977511
751,0.07300164
752,0.016422719
753,0.02362113
754,0.0639751
755,0.030032208
756,0.019542858
757,0.014254359
758,0.04044391
759,0.061227083
760,0.15427613
761,0.005811614
762,0.051015925
763,0.44443527
764,0.069912985
765,0.10870971
766,0.018072246
767,0.048450973
768,0.045983944
769,0.13410759
770,0.019150652
771,0.015999177
772,0.012588829
773,0.030928755
774,0.09405702
775,0.020365316
776,0.18083851
777,0.041240606
778,0.02103938
779,0.0537575
780,0.1916041
781,0.025689967
782,0.0134597
783,0.016529534
784,0.069099575
785,0.021948338
786,0.19832593
787,0.046135128
788,0.0066709667
789,0.009074302
790,0.05073899
791,0.12759784
792,0.098770544
793,0.058570113
794,0.0074673896
795,0.012877802
796,0.009839392
797,0.061745234
798,0.15379475
799,0.08325002
800,0.008973533
801,0.043766048
802,0.012884727
803,0.008434536
804,0.022722904
805,0.0097666485
806,0.012724664
807,0.005811614
808,0.01260474
809,0.019132247
810,0.038660295
811,0.021339528
812,0.021340035
813,0.046529103
814,0.10990406
815,0.0060549965
816,0.010330378
817,0.0524574
818,0.19211084
819,0.091147885
820,0.02723588
821,0.014472699
822,0.024462376
823,0.018288929
824,0.012549839
825,0.005811614
826,0.006408383
827,0.014657191
828,0.009581083
829,0.008302767
830,0.030583398
831,0.03386697
832,0.020254813
833,0.008434536
834,0.0076984633
835,0.014254359
836,0.007490668
837,0.04456063
838,0.050008267
839,0.06829128
840,0.008973533
841,0.03353685
842,0.005811614
843,0.05066525
844,0.005811614
845,0.010491839
846,0.009835364
847,0.05680246
848,0.03427669
849,0.03216613
850,0.07649592
851,0.00715102
852,0.11159766
853,0.016853036
854,0.022682345
855,0.017500047
856,0.04091142
857,0.106836535
858,0.025235573
859,0.007996755
860,0.037593886
861,0.0061239237
862,0.021092195
863,0.008478581
864,0.011407098
865,0.018092034
866,0.0062897727
867,0.025729122
868,0.0069436114
869,0.027094958
870,0.025119552
871,0.08419547
872,0.016230032
873,0.0358141
874,0.021729859
875,0.016665185
876,0.013832165
877,0.05738984
878,0.030702678
879,0.011079378
880,0.03344003
881,0.011722146
882,0.013037866
883,0.15081
884,0.043939266
885,0.013740816
886,0.06448977
887,0.013740816
888,0.08576773
889,0.0070732962
890,0.051068153
891,0.029901693
892,0.053206556
893,0.012588829
894,0.030698998
895,0.033637114
896,0.03940383
897,0.17151134
898,0.036045916
899,0.03618
900,0.13167395
901,0.11086414
902,0.08245447
903,0.028968196
904,0.039238423
905,0.22714752
906,0.07240436
907,0.29405928
908,0.044898596
909,0.13187602
910,0.037931245
911,0.010330378
912,0.014254359
913,0.07414115
914,0.028396036
915,0.370058
916,0.11151209
917,0.044601943
918,0.15864164
919,0.054013662
920,0.033644855
921,0.006395218
922,0.02756835
923,0.033946194
924,0.12030846
925,0.119965255
926,0.051372048
927,0.37230468
928,0.046053965
929,0.031928085
930,0.049685188
931,0.015037604
932,0.19695343
933,0.007538401
934,0.052312903
935,0.024538783
936,0.07007024
937,0.038876124
938,0.31715795
939,0.114916064
940,0.025763992
941,0.41485298
942,0.00911974
943,0.27022767
944,0.005811614
945,0.014043309
946,0.13722882
947,0.02883113
948,0.008122006
949,0.037790366
950,0.010516348
951,0.09635821
952,0.08955849
953,0.0409256
954,0.014660118
955,0.0073382347
956,0.32403037
957,0.019396117
958,0.006802001
959,0.04994437
960,0.043705553
961,0.08205159
962,0.039196927
963,0.05037132
964,0.051617246
965,0.009948742
966,0.024775866
967,0.0345604
968,0.14078633
969,0.17163606
970,0.005811614
971,0.0059716776
972,0.015648834
973,0.08654005
974,0.12812181
975,0.009581083
976,0.028352737
977,0.18325344
978,0.2513428
979,0.059411436
980,0.048703335
981,0.013740816
982,0.018318215
983,0.0073764576
984,0.07059333
985,0.015229007
986,0.029852057
987,0.19259
988,0.23523915
989,0.0331532
990,0.011618941
991,0.011195396
992,0.009661959
993,0.028539246
994,0.049797244
995,0.12032544
996,0.019609906
997,0.09535607
998,0.006395218
999,0.0153369345
1000,0.09566172
1001,0.42179623
1002,0.008156818
1003,0.029705685
1004,0.005811614
1005,0.005811614
1006,0.0061904946
1007,0.060184304
1008,0.0059192013
1009,0.06576148
1010,0.15763783
1011,0.124568515
1012,0.09929227
1013,0.046981532
1014,0.011978017
1015,0.020118106
1016,0.03867323
1017,0.027644994
1018,0.0059716776
1019,0.016457893
1020,0.032048363
1021,0.08583285
1022,0.012588829
1023,0.033311374
1024,0.015488773
1025,0.017229587
1026,0.024677169
1027,0.029127114
1028,0.024696816
1029,0.006333301
1030,0.092814416
1031,0.11323895
1032,0.088895604
1033,0.04798824
1034,0.086370125
1035,0.09631627
1036,0.08518559
1037,0.025234466
1038,0.021408632
1039,0.1089437
1040,0.005894934
1041,0.032434024
1042,0.077861026
1043,0.027200337
1044,0.023428526
1045,0.04641263
1046,0.07961268
1047,0.08602571
1048,0.09614792
1049,0.058674518
1050,0.08062448
1051,0.0343315
1052,0.052223794
1053,0.023046495
1054,0.054506067
1055,0.057758935
1056,0.04859293
1057,0.036016095
1058,0.48123038
1059,0.13886559
1060,0.013328189
1061,0.12043165
1062,0.09556242
1063,0.07102267
1064,0.052526083
1065,0.030047994
1066,0.011481358
1067,0.055471223
1068,0.025282439
1069,0.012764804
1070,0.019093586
1071,0.027945781
1072,0.053777676
1073,0.033574153
1074,0.05353461
1075,0.03508844
1076,0.08391411
1077,0.07141939
1078,0.22672778
1079,0.052074894
1080,0.024616301
1081,0.055028774
1082,0.017651122
1083,0.061076414
1084,0.046553124
1085,0.043001786
1086,0.0073856073
1087,0.18858056
1088,0.0930611
1089,0.052565493
1090,0.040681515
1091,0.09762905
1092,0.05239617
1093,0.015217653
1094,0.005811614
1095,0.101981424
1096,0.011195396
1097,0.057820953
1098,0.092506826
1099,0.0496777
1100,0.011131065
1101,0.009165651
1102,0.027665077
1103,0.04622983
1104,0.031439256
1105,0.06914176
1106,0.096159555
1107,0.09696026
1108,0.11589129
1109,0.05177892
1110,0.10948322
1111,0.014540318
1112,0.072251335
1113,0.012364964
1114,0.062075656
1115,0.010491839
1116,0.02673477
1117,0.08935113
1118,0.066235825
1119,0.01803396
1120,0.048464205
1121,0.031745896
1122,0.012588829
1123,0.07461033
1124,0.15408309
1125,0.052266665
1126,0.070532784
1127,0.020049687
1128,0.049389496
1129,0.03030914
1130,0.011861999
1131,0.03133507
1132,0.03804766
1133,0.056078225
1134,0.10263363
1135,0.27405763
1136,0.076220505
1137,0.10882404
1138,0.04851544
1139,0.07454926
1140,0.07718816
1141,0.09510772
1142,0.048751306
1143,0.032279097
1144,0.033546336
1145,0.18943454
1146,0.034945022
1147,0.10024408
1148,0.056414302
1149,0.08443538
1150,0.018102676
1151,0.023665208
1152,0.009661959
1153,0.028296772
1154,0.0071947607
1155,0.07987807
1156,0.040344972
1157,0.054120746
1158,0.11428431
1159,0.3582302
1160,0.07981417
1161,0.012248945
1162,0.14033967
1163,0.06188422
1164,0.25201342
1165,0.19259
1166,0.06701297
1167,0.032411974
1168,0.035797756
1169,0.039448906
1170,0.20480587
1171,0.06204484
1172,0.24583186
1173,0.1050711
1174,0.073091865
1175,0.01541174
1176,0.012764804
1177,0.015999177
1178,0.016897082
1179,0.071933925
1180,0.040344972
1181,0.023107363
1182,0.11382212
1183,0.13200395
1184,0.06264405
1185,0.04116566
1186,0.02893686
1187,0.1126223
1188,0.18128069
1189,0.21968341
1190,0.05392672
1191,0.005811614
1192,0.039601903
1193,0.019980973
1194,0.03724965
1195,0.4447656
1196,0.046991196
1197,0.04015954
1198,0.22885461
1199,0.2303161
1200,0.017229587
1201,0.005811614
1202,0.033977874
1203,0.05485442
1204,0.17852753
1205,0.12071863
1206,0.05417119
1207,0.062445424
1208,0.16586858
1209,0.15915991
1210,0.14139438
1211,0.23871568
1212,0.26191807
1213,0.07353122
1214,0.017839553
1215,0.027429964
1216,0.054303516
1217,0.052702647
1218,0.25182676
1219,0.8877611
1220,0.091943085
1221,0.06390562
1222,0.30845082
1223,0.006802001
1224,0.006395218
1225,0.24431385
1226,0.038089767
1227,0.016810281
1228,0.013710329
1229,0.08113094
1230,0.018031167
1231,0.022813946
1232,0.0059716776
1233,0.05592949
1234,0.01588153
1235,0.03646206
1236,0.12869704
1237,0.1927478
1238,0.22971371
1239,0.19916253
1240,0.20680192
1241,0.04615825
1242,0.22186029
1243,0.12932394
1244,0.16323884
1245,0.62150633
1246,0.2345178
1247,0.32740733
1248,0.00715102
1249,0.010170314
1250,0.08311495
1251,0.048810914
1252,0.039871354
1253,0.008685036
1254,0.009014066
1255,0.08196556
1256,0.005811614
1257,0.030904522
1258,0.02956729
1259,0.097011104
1260,0.07440468
1261,0.08227175
1262,0.10895896
1263,0.13044037
1264,0.10774035
1265,0.042025868
1266,0.20902903
1267,0.22955003
1268,0.005811614
1269,0.046053965
1270,0.6747501
1271,0.89290273
1272,0.35726377
1273,0.0069620656
1274,0.034607373
1275,0.016238464
1276,0.039577074
1277,0.225143
1278,0.07740336
1279,0.02719821
1280,0.11831034
1281,0.005811614
1282,0.057326287
1283,0.057666663
1284,0.019693028
1285,0.008973533
1286,0.14341877
1287,0.013980587
1288,0.020564776
1289,0.07434651
1290,0.10482379
1291,0.06373804
1292,0.036632434
1293,0.07414615
1294,0.042202942
1295,0.045515727
1296,0.13120969
1297,0.07305369
1298,0.16501391
1299,0.62389785
1300,0.8996282
1301,0.39139166
1302,0.0102143595
1303,0.039174173
1304,0.061199177
1305,0.06300262
1306,0.06389301
1307,0.16064085
1308,0.045435097
1309,0.05957768
1310,0.013688186
1311,0.02151835
1312,0.08527737
1313,0.18125807
1314,0.08703875
1315,0.25633094
1316,0.12909846
1317,0.12163517
1318,0.16979548
1319,0.0571783
1320,0.08522896
1321,0.121043295
1322,0.013711963
1323,0.017433574
1324,0.033915512
1325,0.118979245
1326,0.115618326
1327,0.034666903
1328,0.037472628
1329,0.019096391
1330,0.73844254
1331,0.97122645
1332,0.96783525
1333,0.038031626
1334,0.18108112
1335,0.12889752
1336,0.06956479
1337,0.013740816
1338,0.011817954
1339,0.052266665
1340,0.08590897
1341,0.027587999
1342,0.17279851
1343,0.3575896
1344,0.055253778
1345,0.063947104
1346,0.11072136
1347,0.19291316
1348,0.09793003
1349,0.107013755
1350,0.04804909
1351,0.04265363
1352,0.08177174
1353,0.1215807
1354,0.10970185
1355,0.034726568
1356,0.35582325
1357,0.36692706
1358,0.0939989
1359,0.060018998
1360,0.02397267
1361,0.16289863
1362,0.010144275
1363,0.04238285
1364,0.21360809
1365,0.025396667
1366,0.05199311
1367,0.016000086
1368,0.023046495
1369,0.007100081
1370,0.035901874
1371,0.014842845
1372,0.16014893
1373,0.36795053
1374,0.25393736
1375,0.16982272
1376,0.0967138
1377,0.20257083
1378,0.16623583
1379,0.27631885
1380,0.052793887
1381,0.05334125
1382,0.03355799
1383,0.029414956
1384,0.18088856
1385,0.21016766
1386,0.013296001
1387,0.23523915
1388,0.24547695
1389,0.19956632
1390,0.971307
1391,0.08814557
1392,0.034315377
1393,0.091943085
1394,0.17046027
1395,0.017365156
1396,0.047358964
1397,0.20595191
1398,0.057179037
1399,0.057740502
1400,0.0071143117
1401,0.03815704
1402,0.11666917
1403,0.25756902
1404,0.18630674
1405,0.35837954
1406,0.28254342
1407,0.15641233
1408,0.19104254
1409,0.19844699
1410,0.03679219
1411,0.1388512
1412,0.052875306
1413,0.030640157
1414,0.17175579
1415,0.20867409
1416,0.07360492
1417,0.38995698
1418,0.16527294
1419,0.006408383
1420,0.030618241
1421,0.049418136
1422,0.054823592
1423,0.0554462
1424,0.011131065
1425,0.011185658
1426,0.005811614
1427,0.016915845
1428,0.07325944
1429,0.06611646
1430,0.05958529
1431,0.12551615
1432,0.27795565
1433,0.5233754
1434,0.3186053
1435,0.23167372
1436,0.37295255
1437,0.07601322
1438,0.012433384
1439,0.012415249
1440,0.078958094
1441,0.09677283
1442,0.21401623
1443,0.092484474
1444,0.008685036
1445,0.051719926
1446,0.092784464
1447,0.006333301
1448,0.033365574
1449,0.077818975
1450,0.01448166
1451,0.019552357
1452,0.005811614
1453,0.0135961585
1454,0.02642246
1455,0.052266665
1456,0.074041374
1457,0.056713227
1458,0.10373081
1459,0.22034596
1460,0.199187
1461,0.11647394
1462,0.38984427
1463,0.36840376
1464,0.27090424
1465,0.09611355
1466,0.016587667
1467,0.051821485
1468,0.049979232
1469,0.07031074
1470,0.019791918
1471,0.02516642
1472,0.45721507
1473,0.03489788
1474,0.010170314
1475,0.043920834
1476,0.028159441
1477,0.039053433
1478,0.01965119
1479,0.05357002
1480,0.013962397
1481,0.03538517
1482,0.020118106
1483,0.09192245
1484,0.098500066
1485,0.24976598
1486,0.2060908
1487,0.09876719
1488,0.42324957
1489,0.23903137
1490,0.27457082
1491,0.12439084
1492,0.058166392
1493,0.037584536
1494,0.07479867
1495,0.06482645
1496,0.06124879
1497,0.015871396
1498,0.025887474
1499,0.35638094
1500,0.055458073
1501,0.21311039
1502,0.017205091
1503,0.052450366
1504,0.049595453
1505,0.09204572
1506,0.15744421
1507,0.037202507
1508,0.03591638
1509,0.19381177
1510,0.36802685
1511,0.19244815
1512,0.23121732
1513,0.041458357
1514,0.27898115
1515,0.19314702
1516,0.013351384
1517,0.020049687
1518,0.027890945
1519,0.024262598
1520,0.08454348
1521,0.107279934
1522,0.027272418
1523,0.22825265
1524,0.026926005
1525,0.043180503
1526,0.14113358
1527,0.035901874
1528,0.019629098
1529,0.105821155
1530,0.08860954
1531,0.042897444
1532,0.08314646
1533,0.20057464
1534,0.060051493
1535,0.080049925
1536,0.008283087
1537,0.06629005
1538,0.04116566
1539,0.006040097
1540,0.03357412
1541,0.060124446
1542,0.040080715
1543,0.030439228
1544,0.109932385
1545,0.007374649
1546,0.005811614
1547,0.051555343
1548,0.024696816
1549,0.026620328
1550,0.13030495
1551,0.008309064
1552,0.03238657
1553,0.005811614
1554,0.020975318
1555,0.17281011
1556,0.26333275
1557,0.20599481
1558,0.013391935
1559,0.017365156
1560,0.024946034
1561,0.01961016
1562,0.07124043
1563,0.07733788
1564,0.011978017
1565,0.0061239237
1566,0.009842496
1567,0.051821485
1568,0.015999177
1569,0.08865655
1570,0.06584378
1571,0.15137993
1572,0.016810281
1573,0.0126487855
1574,0.021723779
1575,0.027404279
1576,0.09437406
1577,0.17016333
1578,0.026044995
1579,0.039534904
1580,0.011978017
1581,0.07568246
1582,0.031216836
1583,0.006510902
1584,0.05564276
1585,0.13889685
1586,0.061336696
1587,0.03320954
1588,0.012142014
1589,0.19662175
1590,0.01931966
1591,0.027771771
1592,0.033915512
1593,0.11772415
1594,0.05461257
1595,0.05111801
1596,0.011817954
1597,0.030393405
1598,0.086345464
1599,0.22913744
1600,0.008390674
1601,0.034753054
1602,0.06289553
1603,0.02062315
1604,0.04889033
1605,0.11422914
1606,0.028790189
1607,0.11553816
1608,0.053815316
1609,0.035354905
1610,0.013037866
1611,0.053660873
1612,0.041859556
1613,0.17058274
1614,0.091943085
1615,0.015497001
1616,0.050984405
1617,0.013411716
1618,0.115209885
1619,0.052697487
1620,0.008764444
1621,0.009234366
1622,0.2188135
1623,0.41245812
1624,0.11413621
1625,0.03209557
1626,0.062212743
1627,0.05162806
1628,0.023753814
1629,0.08231299
1630,0.08947566
1631,0.079102844
1632,0.4543117
1633,0.040014476
1634,0.008685036
1635,0.073380336
1636,0.08308115
1637,0.03848499
1638,0.12103674
1639,0.3895843
1640,0.05438052
1641,0.08149022
1642,0.020742621
1643,0.005811614
1644,0.010326381
1645,0.047742177
1646,0.07454926
1647,0.03749983
1648,0.0068935324
1649,0.054911494
1650,0.016349696
1651,0.023950288
1652,0.026576735
1653,0.013037866
1654,0.005894934
1655,0.05003935
1656,0.0132694645
1657,0.015207526
1658,0.048308644
1659,0.061569713
1660,0.13210592
1661,0.021537255
1662,0.02724846
1663,0.36864868
1664,0.023253001
1665,0.07705836
1666,0.046350125
1667,0.057776585
1668,0.05031638
1669,0.013527734
1670,0.020715699
1671,0.17205311
1672,0.03555923
1673,0.015999177
1674,0.076011226
1675,0.10204552
1676,0.03401102
1677,0.005811614
1678,0.12300572
1679,0.046241265
1680,0.014406605
1681,0.030504677
1682,0.264304
1683,0.017229587
1684,0.009234366
1685,0.007538401
1686,0.011126682
1687,0.069335364
1688,0.0068623573
1689,0.038209505
1690,0.1604586
1691,0.038160086
1692,0.0066709667
1693,0.011909302
1694,0.020715699
1695,0.06436885
1696,0.12739144
1697,0.073623374
1698,0.052482523
1699,0.035371583
1700,0.023950288
1701,0.07650119
1702,0.011817954
1703,0.051052824
1704,0.16629961
1705,0.09122598
1706,0.0088451
1707,0.033776008
1708,0.009842496
1709,0.019852785
1710,0.01390088
1711,0.014826174
1712,0.0076590395
1713,0.0085946
1714,0.015217653
1715,0.005811614
1716,0.0060829083
1717,0.036494866
1718,0.113226414
1719,0.0060549965
1720,0.010330378
1721,0.11979676
1722,0.008973533
1723,0.10018058
1724,0.017956464
1725,0.020511737
1726,0.010331775
1727,0.046281572
1728,0.005811614
1729,0.013037866
1730,0.01448166
1731,0.009397739
1732,0.008156818
1733,0.03225394
1734,0.021056838
1735,0.024387237
1736,0.006395218
1737,0.015037678
1738,0.0069620656
1739,0.014254359
1740,0.01207311
1741,0.079716936
1742,0.035777994
1743,0.07481424
1744,0.008973533
1745,0.009661959
1746,0.04556078
1747,0.011407098
1748,0.030996688
1749,0.011817954
1750,0.03530078
1751,0.0073306034
1752,0.010491839
1753,0.009661959
1754,0.036596276
1755,0.05683592
1756,0.03402012
1757,0.024373831
1758,0.007053596
1759,0.12850896
1760,0.013475257
1761,0.005894934
1762,0.009582372
1763,0.005811614
1764,0.057114635
1765,0.14229582
1766,0.03091943
1767,0.049561866
1768,0.024463553
1769,0.020118106
1770,0.031708546
1771,0.0077774026
1772,0.0075824456
1773,0.012056959
1774,0.012549839
1775,0.009581083
1776,0.011347643
1777,0.009130084
1778,0.010330378
1779,0.0098479865
1780,0.014404129
1781,0.031325325
1782,0.0076984633
1783,0.19278888
1784,0.02572851
1785,0.023644548
1786,0.04869799
1787,0.0059716776
1788,0.008970021
1789,0.046747934
1790,0.04496881
1791,0.01390088
1792,0.014877616
1793,0.026662786
1794,0.013037866
1795,0.038468495
1796,0.14943737
1797,0.091539755
1798,0.009234366
1799,0.018384574
1800,0.07745532
1801,0.019730804
1802,0.038928024
1803,0.03427647
1804,0.024178771
1805,0.0410483
1806,0.052381214
1807,0.012438393
1808,0.046156216
1809,0.006644007
1810,0.038821366
1811,0.1587058
1812,0.0909686
1813,0.026704295
1814,0.08006862
1815,0.0068927174
1816,0.19959198
1817,0.083556905
1818,0.22073172
1819,0.10028964
1820,0.15235545
1821,0.035328157
1822,0.08578577
1823,0.05571417
1824,0.015268339
1825,0.011354621
1826,0.07692566
1827,0.08350162
1828,0.32021648
1829,0.18771005
1830,0.04418044
1831,0.07931344
1832,0.018775692
1833,0.0059716776
1834,0.0062204665
1835,0.037870295
1836,0.012401562
1837,0.074472785
1838,0.01941187
1839,0.008283087
1840,0.14071837
1841,0.3958641
1842,0.1567835
1843,0.35518768
1844,0.03325512
1845,0.1124873
1846,0.21360809
1847,0.009130084
1848,0.008973533
1849,0.04951362
1850,0.10779449
1851,0.07221732
1852,0.3553874
1853,0.0897526
1854,0.10447613
1855,0.44283786
1856,0.06735664
1857,0.36677888
1858,0.005811614
1859,0.053319547
1860,0.20320696
1861,0.02587093
1862,0.023667838
1863,0.053388968
1864,0.009531363
1865,0.024987178
1866,0.09033221
1867,0.1437544
1868,0.081940584
1869,0.1716529
1870,0.22993372
1871,0.03512236
1872,0.031594057
1873,0.040744238
1874,0.12736163
1875,0.043093864
1876,0.02620106
1877,0.10084135
1878,0.019141624
1879,0.114434116
1880,0.028507268
1881,0.20677222
1882,0.090928376
1883,0.035897247
1884,0.011817954
1885,0.1550488
1886,0.17115808
1887,0.04324647
1888,0.12199734
1889,0.25137132
1890,0.0069620656
1891,0.08690172
1892,0.0079303365
1893,0.005811614
1894,0.010971001
1895,0.048383113
1896,0.0059716776
1897,0.08189121
1898,0.10279229
1899,0.15526088
1900,0.2188135
1901,0.029846568
1902,0.011035333
1903,0.04138906
1904,0.006040097
1905,0.030748107
1906,0.16064474
1907,0.0059192013
1908,0.068609394
1909,0.020193478
1910,0.04344411
1911,0.063584685
1912,0.3338148
1913,0.079945475
1914,0.019295746
1915,0.005811614
1916,0.031827617
1917,0.049046904
1918,0.02471374
1919,0.118660465
1920,0.17745535
1921,0.114109315
1922,0.10729235
1923,0.052967068
1924,0.0060549965
1925,0.019376978
1926,0.047497828
1927,0.038296133
1928,0.009489303
1929,0.05046978
1930,0.054060984
1931,0.012438393
1932,0.024102531
1933,0.01919254
1934,0.018340914
1935,0.019880382
1936,0.019238368
1937,0.032032344
1938,0.011035333
1939,0.095124245
1940,0.06658145
1941,0.23641117
1942,0.055523466
1943,0.07132038
1944,0.081965365
1945,0.0974956
1946,0.05420057
1947,0.006333301
1948,0.09820396
1949,0.00881347
1950,0.016306883
1951,0.13059174
1952,0.03730905
1953,0.0160784
1954,0.035754263
1955,0.044345934
1956,0.07677301
1957,0.12361752
1958,0.05277519
1959,0.08497213
1960,0.06639343
1961,0.050318494
1962,0.005811614
1963,0.06398921
1964,0.08781072
1965,0.02255228
1966,0.02782704
1967,0.4106507
1968,0.088945165
1969,0.032894894
1970,0.10971027
1971,0.053208634
1972,0.035737183
1973,0.027103612
1974,0.009237675
1975,0.009397739
1976,0.046170913
1977,0.025282439
1978,0.035169944
1979,0.011035333
1980,0.041953217
1981,0.06024411
1982,0.035207085
1983,0.034328837
1984,0.07827208
1985,0.059079617
1986,0.20295727
1987,0.018149367
1988,0.005811614
1989,0.029709488
1990,0.039793894
1991,0.005811614
1992,0.020201933
1993,0.05653566
1994,0.008580362
1995,0.11109228
1996,0.01893782
1997,0.070434555
1998,0.02782704
1999,0.07416662
2000,0.062137127
2001,0.030803315
2002,0.030439228
2003,0.13772571
2004,0.011195396
2005,0.07854002
2006,0.08019979
2007,0.01075662
2008,0.03555923
2009,0.02567341
2010,0.057306048
2011,0.08169734
2012,0.15181391
2013,0.07680738
2014,0.15263386
2015,0.07169199
2016,0.09674597
2017,0.016904471
2018,0.051390395
2019,0.012200968
2020,0.049959324
2021,0.025421392
2022,0.06273665
2023,0.0528166
2024,0.048766542
2025,0.054637093
2026,0.007083105
2027,0.024515029
2028,0.056983206
2029,0.17583206
2030,0.023736976
2031,0.05507988
2032,0.020049687
2033,0.07415662
2034,0.033224534
2035,0.024677169
2036,0.031557597
2037,0.01729141
2038,0.07915923
2039,0.07439957
2040,0.2461973
2041,0.094107255
2042,0.09712555
2043,0.053254273
2044,0.07561042
2045,0.0525524
2046,0.09727405
2047,0.0600331
2048,0.010144275
2049,0.017820459
2050,0.24400125
2051,0.02724579
2052,0.11498781
2053,0.06205233
2054,0.07215691
2055,0.01364879
2056,0.05564446
2057,0.035811365
2058,0.018121867
2059,0.105109684
2060,0.041903894
2061,0.062625915
2062,0.102472775
2063,0.30978805
2064,0.04931719
2065,0.010331775
2066,0.1551547
2067,0.035420027
2068,0.24547695
2069,0.15518434
2070,0.08636484
2071,0.053702664
2072,0.042791042
2073,0.07113721
2074,0.1550716
2075,0.088684075
2076,0.22860114
2077,0.11902002
2078,0.11301491
2079,0.01541174
2080,0.01493612
2081,0.02355814
2082,0.037338223
2083,0.052381214
2084,0.005811614
2085,0.10412233
2086,0.16793779
2087,0.06200911
2088,0.0880368
2089,0.029141143
2090,0.15345629
2091,0.17375642
2092,0.22482191
2093,0.08132998
2094,0.005811614
2095,0.034220938
2096,0.015251674
2097,0.01000277
2098,0.3898416
2099,0.023061423
2100,0.034128733
2101,0.21809727
2102,0.19875067
2103,0.020070996
2104,0.014254359
2105,0.016726052
2106,0.047281478
2107,0.03961733
2108,0.13367811
2109,0.09543113
2110,0.046545085
2111,0.10200405
2112,0.17006758
2113,0.123324975
2114,0.15413448
2115,0.20623256
2116,0.2904861
2117,0.08910074
2118,0.037376493
2119,0.056940015
2120,0.05563654
2121,0.20405652
2122,0.8877611
2123,0.008443152
2124,0.090928376
2125,0.034872428
2126,0.30185428
2127,0.006395218
2128,0.21107298
2129,0.013887795
2130,0.01578855
2131,0.067252606
2132,0.0068935324
2133,0.0125665115
2134,0.092969865
2135,0.016471159
2136,0.05212555
2137,0.17372587
2138,0.17659694
2139,0.20460133
2140,0.2123852
2141,0.17944197
2142,0.02042791
2143,0.16319916
2144,0.10633389
2145,0.1274487
2146,0.62150633
2147,0.2877582
2148,0.29494244
2149,0.007053596
2150,0.00998421
2151,0.09088106
2152,0.016646901
2153,0.0061904946
2154,0.0061239237
2155,0.005811614
2156,0.016314842
2157,0.08058423
2158,0.009567583
2159,0.008156818
2160,0.030904522
2161,0.023667838
2162,0.087404594
2163,0.09561749
2164,0.09251061
2165,0.08347994
2166,0.1517364
2167,0.10986395
2168,0.03818974
2169,0.21181788
2170,0.21777414
2171,0.006333301
2172,0.04045132
2173,0.60909396
2174,0.89290273
2175,0.32667217
2176,0.0069620656
2177,0.009125778
2178,0.0076590395
2179,0.047451228
2180,0.22227982
2181,0.07699405
2182,0.005811614
2183,0.005811614
2184,0.075884104
2185,0.049947683
2186,0.056882616
2187,0.005811614
2188,0.1112064
2189,0.013980587
2190,0.006510902
2191,0.08776215
2192,0.118271485
2193,0.08480229
2194,0.024422444
2195,0.07321807
2196,0.06398515
2197,0.030661983
2198,0.09130786
2199,0.071822844
2200,0.12236328
2201,0.62389785
2202,0.8845747
2203,0.41245812
2204,0.029730389
2205,0.028207907
2206,0.048837695
2207,0.008973533
2208,0.080154024
2209,0.08177042
2210,0.20241596
2211,0.05543841
2212,0.031209351
2213,0.011731393
2214,0.015950322
2215,0.10284284
2216,0.16862276
2217,0.28462327
2218,0.3074407
2219,0.121009514
2220,0.08249178
2221,0.13383627
2222,0.03915369
2223,0.07498738
2224,0.11356535
2225,0.01662223
2226,0.026148014
2227,0.022692792
2228,0.091700055
2229,0.11119642
2230,0.07511355
2231,0.084261954
2232,0.0061239237
2233,0.73844254
2234,0.97122645
2235,0.96783525
2236,0.097354986
2237,0.006395218
2238,0.092744224
2239,0.16245228
2240,0.006823209
2241,0.008973533
2242,0.044312876
2243,0.026009316
2244,0.03097166
2245,0.07266599
2246,0.023575252
2247,0.20457414
2248,0.38979414
2249,0.031163566
2250,0.1478638
2251,0.082565814
2252,0.15403773
2253,0.120422326
2254,0.12802136
2255,0.08419579
2256,0.047043245
2257,0.113960065
2258,0.113843195
2259,0.06519561
2260,0.031185698
2261,0.005811614
2262,0.32280046
2263,0.34255338
2264,0.17519906
2265,0.07199101
2266,0.023897042
2267,0.13513246
2268,0.010144275
2269,0.05772503
2270,0.1667857
2271,0.025282439
2272,0.040899646
2273,0.043364715
2274,0.029172935
2275,0.026715122
2276,0.038037144
2277,0.015704582
2278,0.16396925
2279,0.3673287
2280,0.16689298
2281,0.17232758
2282,0.079155445
2283,0.18494055
2284,0.15809332
2285,0.3093078
2286,0.040408097
2287,0.08019979
2288,0.030442774
2289,0.06287665
2290,0.14154252
2291,0.18142241
2292,0.062487643
2293,0.25736162
2294,0.28781292
2295,0.18650092
2296,0.971307
2297,0.078036316
2298,0.020715699
2299,0.09154634
2300,0.12254588
2301,0.014609063
2302,0.2888205
2303,0.079604134
2304,0.02623184
2305,0.01639071
2306,0.051983528
2307,0.10671817
2308,0.26879475
2309,0.2887107
2310,0.357386
2311,0.2831011
2312,0.15614036
2313,0.12425468
2314,0.20452113
2315,0.020645536
2316,0.118433416
2317,0.045816656
2318,0.03512236
2319,0.16758154
2320,0.18584722
2321,0.08889043
2322,0.36475447
2323,0.17239851
2324,0.034868747
2325,0.07206666
2326,0.07087339
2327,0.06284522
2328,0.01075662
2329,0.011185658
2330,0.006802001
2331,0.014053127
2332,0.06430673
2333,0.058008645
2334,0.05949109
2335,0.16419818
2336,0.26964143
2337,0.4835498
2338,0.3186053
2339,0.21256654
2340,0.3728214
2341,0.07282973
2342,0.06254186
2343,0.12067896
2344,0.08152866
2345,0.24207418
2346,0.09952282
2347,0.025118424
2348,0.0059716776
2349,0.01849421
2350,0.13112912
2351,0.045651276
2352,0.11332531
2353,0.01448166
2354,0.020725986
2355,0.025401741
2356,0.05032228
2357,0.006060403
2358,0.03020601
2359,0.058157235
2360,0.05950432
2361,0.08036967
2362,0.22804445
2363,0.22739185
2364,0.086022444
2365,0.37010816
2366,0.3898416
2367,0.26159972
2368,0.0681666
2369,0.05772106
2370,0.027964985
2371,0.06024411
2372,0.08688332
2373,0.01448166
2374,0.009661959
2375,0.053388968
2376,0.45721507
2377,0.009268643
2378,0.005811614
2379,0.030675681
2380,0.011096334
2381,0.040315863
2382,0.01803804
2383,0.03381781
2384,0.024538783
2385,0.013447041
2386,0.024677169
2387,0.03928889
2388,0.07348204
2389,0.14503086
2390,0.26900488
2391,0.22485971
2392,0.07120211
2393,0.48307878
2394,0.25153774
2395,0.27509558
2396,0.13854718
2397,0.049234822
2398,0.026556142
2399,0.043613408
2400,0.01373396
2401,0.037415978
2402,0.37255123
2403,0.07239253
2404,0.1852172
2405,0.052591495
2406,0.08775647
2407,0.040579665
2408,0.06699351
2409,0.15297222
2410,0.027222332
2411,0.041970212
2412,0.08725911
2413,0.16096562
2414,0.38979414
2415,0.19007747
2416,0.24411592
2417,0.07082363
2418,0.2682113
2419,0.16890734
2420,0.009736086
2421,0.0397922
2422,0.013980587
2423,0.0068935324
2424,0.013328189
2425,0.031654388
2426,0.024262598
2427,0.1664039
2428,0.117934786
2429,0.048803225
2430,0.19931178
2431,0.020971105
2432,0.028431846
2433,0.22456212
2434,0.012210716
2435,0.006802001
2436,0.008973533
2437,0.09744821
2438,0.09942722
2439,0.028539246
2440,0.09089796
2441,0.20025063
2442,0.05034322
2443,0.04612943
2444,0.03250675
2445,0.06805057
2446,0.006040097
2447,0.10971301
2448,0.11010681
2449,0.029042825
2450,0.008283087
2451,0.008973533
2452,0.062183138
2453,0.005811614
2454,0.008973533
2455,0.028950298
2456,0.009397739
2457,0.018428044
2458,0.014912831
2459,0.14844115
2460,0.035844997
2461,0.028475335
2462,0.005811614
2463,0.03541261
2464,0.20241596
2465,0.26918438
2466,0.27499813
2467,0.09748169
2468,0.05113966
2469,0.013447041
2470,0.027611226
2471,0.10399578
2472,0.011978017
2473,0.010296523
2474,0.013447041
2475,0.020262968
2476,0.036478408
2477,0.009958515
2478,0.005811614
2479,0.061052047
2480,0.062292807
2481,0.21228938
2482,0.016500678
2483,0.02549847
2484,0.045751672
2485,0.1104552
2486,0.16312994
2487,0.026159221
2488,0.005811614
2489,0.06327898
2490,0.025285026
2491,0.046860512
2492,0.12891264
2493,0.0969639
2494,0.01856643
2495,0.018171068
2496,0.011407098
2497,0.31549585
2498,0.006120545
2499,0.03178397
2500,0.031104594
2501,0.10097759
2502,0.038585402
2503,0.043466393
2504,0.024677169
2505,0.010644082
2506,0.0703413
2507,0.15235545
2508,0.019449841
2509,0.011247033
2510,0.022776246
2511,0.047798205
2512,0.02616665
2513,0.16435231
2514,0.06789958
2515,0.2327409
2516,0.061780546
2517,0.047497828
2518,0.05304929
2519,0.03732479
2520,0.038325004
2521,0.13733853
2522,0.090928376
2523,0.01541174
2524,0.026825652
2525,0.024931816
2526,0.09224151
2527,0.07409686
2528,0.009130084
2529,0.22227982
2530,0.39139166
2531,0.077203736
2532,0.02434729
2533,0.005811614
2534,0.08770789
2535,0.059256528
2536,0.03190046
2537,0.056448106
2538,0.08480331
2539,0.01384695
2540,0.6340494
2541,0.06574872
2542,0.015648834
2543,0.06524493
2544,0.06017474
2545,0.005811614
2546,0.037878476
2547,0.18081513
2548,0.4106507
2549,0.10496405
2550,0.15634735
2551,0.020742621
2552,0.013132666
2553,0.048766542
2554,0.049102247
2555,0.031485297
2556,0.022828724
2557,0.090928376
2558,0.041494526
2559,0.008956335
2560,0.027669003
2561,0.031112991
2562,0.05494291
2563,0.030170275
2564,0.022885153
2565,0.014156529
2566,0.018684302
2567,0.07136327
2568,0.14202777
2569,0.023272282
2570,0.040524118
2571,0.39119726
2572,0.050299175
2573,0.050116703
2574,0.008496536
2575,0.012433665
2576,0.06553278
2577,0.040210497
2578,0.008970021
2579,0.023555603
2580,0.1450334
2581,0.04254121
2582,0.015999177
2583,0.03214455
2584,0.07478163
2585,0.020315446
2586,0.011195396
2587,0.110388994
2588,0.026143191
2589,0.023897042
2590,0.065360405
2591,0.24444756
2592,0.005811614
2593,0.009130084
2594,0.01950232
2595,0.01340713
2596,0.04252899
2597,0.0061517516
2598,0.020894866
2599,0.0777147
2600,0.03500805
2601,0.01448166
2602,0.088512756
2603,0.14209713
2604,0.06200251
2605,0.05772503
2606,0.026052423
2607,0.06420022
2608,0.024677169
2609,0.019925864
2610,0.23359905
2611,0.099242635
2612,0.0088451
2613,0.039382983
2614,0.007538401
2615,0.011978017
2616,0.012369678
2617,0.015602124
2618,0.031245923
2619,0.008443152
2620,0.015217653
2621,0.008970021
2622,0.02123906
2623,0.02422647
2624,0.039306734
2625,0.067025736
2626,0.090928376
2627,0.010330378
2628,0.07491347
2629,0.008973533
2630,0.14924711
2631,0.018532058
2632,0.021893678
2633,0.023897042
2634,0.01541174
2635,0.02901402
2636,0.008443152
2637,0.02855495
2638,0.019534502
2639,0.01448166
2640,0.008156818
2641,0.05821404
2642,0.008283087
2643,0.026569264
2644,0.013808855
2645,0.021709915
2646,0.01493612
2647,0.005894934
2648,0.0066709667
2649,0.086768195
2650,0.03928889
2651,0.061756
2652,0.005811614
2653,0.009661959
2654,0.031468824
2655,0.040004805
2656,0.011978017
2657,0.010491839
2658,0.021797538
2659,0.039739456
2660,0.016952395
2661,0.013037866
2662,0.007053596
2663,0.08515824
2664,0.03019198
2665,0.005811614
2666,0.029031515
2667,0.009625046
2668,0.06718821
2669,0.083743215
2670,0.042991254
2671,0.03019198
2672,0.029141143
2673,0.030794673
2674,0.012046438
2675,0.018959867
2676,0.009661959
2677,0.014055072
2678,0.01075662
2679,0.02122017
2680,0.009581083
2681,0.020467691
2682,0.009785109
2683,0.011576941
2684,0.047879137
2685,0.11166785
2686,0.015217653
2687,0.03636161
2688,0.019387498
2689,0.015285937
2690,0.008970021
2691,0.0058920626
2692,0.015999177
2693,0.009466159
2694,0.018547246
2695,0.038224243
2696,0.03250444
2697,0.04427889
2698,0.0814291
2699,0.019697268
2700,0.03499555
2701,0.009699216
2702,0.09577826
2703,0.022076633
2704,0.15145686
2705,0.0517297
2706,0.13635996
2707,0.04154024
2708,0.030163301
2709,0.21139406
2710,0.10118985
2711,0.020264372
2712,0.009318551
2713,0.04760348
2714,0.19277807
2715,0.22244345
2716,0.007617654
2717,0.085766695
2718,0.061203238
2719,0.041712794
2720,0.09066028
2721,0.025486782
2722,0.012200968
2723,0.052469812
2724,0.11516089
2725,0.53429824
2726,0.18584067
2727,0.009802534
2728,0.14165825
2729,0.04139386
2730,0.0059716776
2731,0.039448988
2732,0.023827951
2733,0.03937331
2734,0.025612123
2735,0.014156529
2736,0.17570433
2737,0.26137605
2738,0.3434804
2739,0.41339493
2740,0.041994635
2741,0.028061425
2742,0.11764327
2743,0.10472152
2744,0.0088451
2745,0.036860514
2746,0.040031385
2747,0.0848709
2748,0.03316465
2749,0.29989496
2750,0.05456237
2751,0.22087483
2752,0.3731696
2753,0.057213936
2754,0.23333178
2755,0.008693651
2756,0.005811614
2757,0.048399318
2758,0.14280532
2759,0.04181859
2760,0.015364103
2761,0.026433593
2762,0.008600509
2763,0.0074532954
2764,0.10520571
2765,0.07003044
2766,0.07619496
2767,0.034655705
2768,0.0684609
2769,0.31009483
2770,0.0070945043
2771,0.005811614
2772,0.02595504
2773,0.10857389
2774,0.01049878
2775,0.03165804
2776,0.007974634
2777,0.28490064
2778,0.05505582
2779,0.18981849
2780,0.03782285
2781,0.039255243
2782,0.011407098
2783,0.3676744
2784,0.08781006
2785,0.07450366
2786,0.32552227
2787,0.24726014
2788,0.08588987
2789,0.04907147
2790,0.0132082645
2791,0.01646014
2792,0.021488138
2793,0.015843598
2794,0.0072601456
2795,0.03601384
2796,0.0059716776
2797,0.066307925
2798,0.088040605
2799,0.07243848
2800,0.17786661
2801,0.4234797
2802,0.01388856
2803,0.016756637
2804,0.021716619
2805,0.006120545
2806,0.16633733
2807,0.07483127
2808,0.041418523
2809,0.043390673
2810,0.12624714
2811,0.36705208
2812,0.08094848
2813,0.006060403
2814,0.019697268
2815,0.031703528
2816,0.042548634
2817,0.0059192013
2818,0.005811614
2819,0.08195622
2820,0.11134653
2821,0.077339984
2822,0.16111588
2823,0.05344777
2824,0.023539716
2825,0.03108675
2826,0.044146385
2827,0.036750216
2828,0.04385625
2829,0.06493653
2830,0.0072142924
2831,0.0384612
2832,0.016008083
2833,0.016528854
2834,0.042407114
2835,0.02773422
2836,0.05474076
2837,0.023077784
2838,0.10338816
2839,0.102105394
2840,0.14913481
2841,0.08887274
2842,0.03453183
2843,0.044372816
2844,0.14904714
2845,0.07662464
2846,0.03920731
2847,0.09511325
2848,0.014760588
2849,0.023146203
2850,0.11278337
2851,0.04557949
2852,0.031707555
2853,0.018866058
2854,0.007053596
2855,0.03982051
2856,0.059080206
2857,0.09917139
2858,0.038756505
2859,0.08743117
2860,0.054940477
2861,0.0332169
2862,0.009810804
2863,0.055139314
2864,0.058742348
2865,0.0653101
2866,0.0065614795
2867,0.41352305
2868,0.10687033
2869,0.0132082645
2870,0.15520732
2871,0.0817292
2872,0.06614606
2873,0.018171068
2874,0.08548538
2875,0.02488525
2876,0.0076590395
2877,0.013772543
2878,0.012757878
2879,0.03413073
2880,0.073614076
2881,0.027991453
2882,0.06725959
2883,0.070715986
2884,0.110624366
2885,0.23187271
2886,0.047430385
2887,0.00881347
2888,0.051218152
2889,0.014087814
2890,0.058395285
2891,0.0076984633
2892,0.041712794
2893,0.009712025
2894,0.026711565
2895,0.115517244
2896,0.08546104
2897,0.13269232
2898,0.020709557
2899,0.021707527
2900,0.0868327
2901,0.037967168
2902,0.008970021
2903,0.15536325
2904,0.010820952
2905,0.03902287
2906,0.06915921
2907,0.071275026
2908,0.021784598
2909,0.035871997
2910,0.02580824
2911,0.043502033
2912,0.081751086
2913,0.13018358
2914,0.09852907
2915,0.17403322
2916,0.089800574
2917,0.057689827
2918,0.005811614
2919,0.09461096
2920,0.041884102
2921,0.041217517
2922,0.058122765
2923,0.016879596
2924,0.07516924
2925,0.032085344
2926,0.04159846
2927,0.10653599
2928,0.03200949
2929,0.012873427
2930,0.028885469
2931,0.03826748
2932,0.017889174
2933,0.051961716
2934,0.018984564
2935,0.0395999
2936,0.03101321
2937,0.06320554
2938,0.08517689
2939,0.27691555
2940,0.07449438
2941,0.09677643
2942,0.057132587
2943,0.085349895
2944,0.057491206
2945,0.10198201
2946,0.045696046
2947,0.007258338
2948,0.006145385
2949,0.041793663
2950,0.23053768
2951,0.07208305
2952,0.099474154
2953,0.07307843
2954,0.07364891
2955,0.017889174
2956,0.059530314
2957,0.009478615
2958,0.023323765
2959,0.03462012
2960,0.10968989
2961,0.04973967
2962,0.060255945
2963,0.11261201
2964,0.33289745
2965,0.06461736
2966,0.005811614
2967,0.110703275
2968,0.05991709
2969,0.23760745
2970,0.20377845
2971,0.084571905
2972,0.020742364
2973,0.029652853
2974,0.11896148
2975,0.14904131
2976,0.05898894
2977,0.16994295
2978,0.12697132
2979,0.099253364
2980,0.01448166
2981,0.012614369
2982,0.009501896
2983,0.023807196
2984,0.012728883
2985,0.07472983
2986,0.025180874
2987,0.08366512
2988,0.19361255
2989,0.0782482
2990,0.057399765
2991,0.031243343
2992,0.08643148
2993,0.12189821
2994,0.18825307
2995,0.0607438
2996,0.019440692
2997,0.068059176
2998,0.005811614
2999,0.016773181
3000,0.3694347
3001,0.031967297
3002,0.13654636
3003,0.27449206
3004,0.21373655
3005,0.01861605
3006,0.014156529
3007,0.012092014
3008,0.029238224
3009,0.042370882
3010,0.10370944
3011,0.13516699
3012,0.040300492
3013,0.07202119
3014,0.13001466
3015,0.14783692
3016,0.18946512
3017,0.2064945
3018,0.2641198
3019,0.092236795
3020,0.0059716776
3021,0.017788863
3022,0.05525359
3023,0.08514596
3024,0.055429783
3025,0.26068112
3026,0.90556
3027,0.09144435
3028,0.042734366
3029,0.26862416
3030,0.017312907
3031,0.02055152
3032,0.19059318
3033,0.020424146
3034,0.021800537
3035,0.09705295
3036,0.009810804
3037,0.032751422
3038,0.07395234
3039,0.031706728
3040,0.059019335
3041,0.17728692
3042,0.112815075
3043,0.2085918
3044,0.20898339
3045,0.21011229
3046,0.023467947
3047,0.098749705
3048,0.12837294
3049,0.13447672
3050,0.53509676
3051,0.327644
3052,0.26304427
3053,0.007053596
3054,0.031135127
3055,0.081099175
3056,0.016646901
3057,0.049179047
3058,0.010660889
3059,0.005811614
3060,0.090530194
3061,0.00877259
3062,0.008042675
3063,0.031242173
3064,0.057225365
3065,0.0569971
3066,0.09201988
3067,0.06529388
3068,0.10714621
3069,0.17066163
3070,0.07361395
3071,0.008449448
3072,0.11248234
3073,0.12530506
3074,0.013331022
3075,0.050518535
3076,0.534574
3077,0.9020406
3078,0.35726264
3079,0.005855659
3080,0.051700197
3081,0.029183216
3082,0.22855747
3083,0.05169573
3084,0.060444884
3085,0.012549839
3086,0.082902394
3087,0.04355025
3088,0.05229614
3089,0.0088451
3090,0.123236105
3091,0.01388856
3092,0.01805505
3093,0.0994233
3094,0.07895203
3095,0.047370713
3096,0.051788047
3097,0.08418168
3098,0.0568906
3099,0.036276326
3100,0.09490087
3101,0.07243848
3102,0.081432246
3103,0.62782353
3104,0.87650824
3105,0.4159885
3106,0.012917941
3107,0.006916905
3108,0.0088451
3109,0.035152867
3110,0.08059992
3111,0.23132221
3112,0.014968529
3113,0.053101275
3114,0.030323362
3115,0.055684682
3116,0.13641563
3117,0.17009228
3118,0.28290808
3119,0.2894133
3120,0.16092584
3121,0.08349478
3122,0.12063456
3123,0.0692267
3124,0.06286291
3125,0.11675685
3126,0.031941332
3127,0.015480158
3128,0.119637795
3129,0.097006164
3130,0.07925746
3131,0.038756505
3132,0.87837476
3133,0.97370136
3134,0.9703101
3135,0.017757043
3136,0.042183254
3137,0.11321091
3138,0.0122743985
3139,0.14284757
3140,0.056230754
3141,0.043142434
3142,0.023966337
3143,0.013599291
3144,0.081687085
3145,0.019302307
3146,0.21410924
3147,0.47512072
3148,0.06495942
3149,0.10549219
3150,0.08270034
3151,0.1586902
3152,0.08196236
3153,0.079170376
3154,0.09007003
3155,0.013323705
3156,0.10749424
3157,0.08919793
3158,0.080667116
3159,0.05856767
3160,0.37396368
3161,0.4154334
3162,0.1979146
3163,0.052209284
3164,0.009445704
3165,0.12019735
3166,0.009970868
3167,0.051177178
3168,0.1804016
3169,0.011502906
3170,0.027418101
3171,0.045376662
3172,0.024926225
3173,0.02044275
3174,0.04441313
3175,0.04982189
3176,0.16858996
3177,0.389768
3178,0.17579676
3179,0.2151516
3180,0.114342146
3181,0.17738388
3182,0.13486184
3183,0.34393024
3184,0.07868347
3185,0.03367611
3186,0.0077233603
3187,0.025764193
3188,0.1326828
3189,0.17350352
3190,0.080205664
3191,0.235106
3192,0.30916178
3193,0.16855216
3194,0.9737818
3195,0.12241649
3196,0.026461788
3197,0.034983203
3198,0.16767633
3199,0.04155465
3200,0.03852197
3201,0.1455147
3202,0.11380496
3203,0.023391707
3204,0.026884813
3205,0.062945254
3206,0.19106723
3207,0.23652132
3208,0.22978027
3209,0.3219304
3210,0.23726135
3211,0.15846647
3212,0.122257
3213,0.18532701
3214,0.006510902
3215,0.016081106
3216,0.10170222
3217,0.045241576
3218,0.037612416
3219,0.15765731
3220,0.26886082
3221,0.06766214
3222,0.41499817
3223,0.17420736
3224,0.010967537
3225,0.11974884
3226,0.060849965
3227,0.07636343
3228,0.017255727
3229,0.034106582
3230,0.05986272
3231,0.07373779
3232,0.08631913
3233,0.16883515
3234,0.22793357
3235,0.63168
3236,0.35520783
3237,0.27586508
3238,0.41428617
3239,0.0591192
3240,0.093439355
3241,0.087710656
3242,0.10051864
3243,0.21844766
3244,0.16499835
3245,0.02385017
3246,0.035930637
3247,0.1204876
3248,0.10147622
3249,0.03558466
3250,0.0059778746
3251,0.02635577
3252,0.028298926
3253,0.008762072
3254,0.020424146
3255,0.02111537
3256,0.052635673
3257,0.06619549
3258,0.060499147
3259,0.21166094
3260,0.21503107
3261,0.07633259
3262,0.41584423
3263,0.37443185
3264,0.2533001
3265,0.10688696
3266,0.040123727
3267,0.03342115
3268,0.08048869
3269,0.11230073
3270,0.018555183
3271,0.009478615
3272,0.015150107
3273,0.37454563
3274,0.033781823
3275,0.008685036
3276,0.025473738
3277,0.041047815
3278,0.06206994
3279,0.029215269
3280,0.03708686
3281,0.06560049
3282,0.054005343
3283,0.008137138
3284,0.014760588
3285,0.024431143
3286,0.10876272
3287,0.109122455
3288,0.2521446
3289,0.22159658
3290,0.10105793
3291,0.5340465
3292,0.2781713
3293,0.27380967
3294,0.065645196
3295,0.07421498
3296,0.05623995
3297,0.020285761
3298,0.042704012
3299,0.034109205
3300,0.03874816
3301,0.33840847
3302,0.07437925
3303,0.22971669
3304,0.03527327
3305,0.07768488
3306,0.075391024
3307,0.065609306
3308,0.14546868
3309,0.03967345
3310,0.03348329
3311,0.005811614
3312,0.06939157
3313,0.16397794
3314,0.37595496
3315,0.20647417
3316,0.24354048
3317,0.08278828
3318,0.32207987
3319,0.18020761
3320,0.016728517
3321,0.008516023
3322,0.01388856
3323,0.019697268
3324,0.0132082645
3325,0.03038576
3326,0.122336544
3327,0.08353972
3328,0.049926303
3329,0.18936875
3330,0.0100392895
3331,0.08875085
3332,0.16595826
3333,0.0062043713
3334,0.01075662
3335,0.0088451
3336,0.12538065
3337,0.096800335
3338,0.0077666254
3339,0.08268985
3340,0.220125
3341,0.05056406
3342,0.056275137
3343,0.03733688
3344,0.039869834
3345,0.09824997
3346,0.023672707
3347,0.076240495
3348,0.07632746
3349,0.03257604
3350,0.019588146
3351,0.0088451
3352,0.10056831
3353,0.009397739
3354,0.019537628
3355,0.021488896
3356,0.039492298
3357,0.14105752
3358,0.0061239237
3359,0.012997493
3360,0.03223913
3361,0.16712052
3362,0.2446096
3363,0.2765351
3364,0.02154547
3365,0.005811614
3366,0.017867802
3367,0.02326431
3368,0.054465223
3369,0.07632823
3370,0.095132105
3371,0.011662969
3372,0.027276212
3373,0.013447041
3374,0.03527458
3375,0.017172553
3376,0.015843598
3377,0.09175532
3378,0.09501201
3379,0.21452089
3380,0.005811614
3381,0.020363279
3382,0.011610496
3383,0.044403467
3384,0.092236795
3385,0.17786661
3386,0.029668886
3387,0.0132082645
3388,0.011662969
3389,0.115323246
3390,0.03155449
3391,0.014156529
3392,0.08745402
3393,0.09717084
3394,0.061026588
3395,0.018171068
3396,0.011407098
3397,0.22825176
3398,0.037074067
3399,0.027795088
3400,0.1409553
3401,0.042267893
3402,0.012997493
3403,0.015563572
3404,0.02773422
3405,0.11658231
3406,0.23773558
3407,0.03272699
3408,0.0147805
3409,0.009077607
3410,0.040036242
3411,0.03539701
3412,0.11809617
3413,0.08727521
3414,0.20821658
3415,0.09147978
3416,0.0141040515
3417,0.005811614
3418,0.07636343
3419,0.07298971
3420,0.005811614
3421,0.091736495
3422,0.09144435
3423,0.0643601
3424,0.023804659
3425,0.107038446
3426,0.06626938
3427,0.009131067
3428,0.009130084
3429,0.19083203
3430,0.34569538
3431,0.07763373
3432,0.01855142
3433,0.048706442
3434,0.05380102
3435,0.008787102
3436,0.04093566
3437,0.07097355
3438,0.07037605
3439,0.58129907
3440,0.033927057
3441,0.07898598
3442,0.101490036
3443,0.025764193
3444,0.09872739
3445,0.37384716
3446,0.038824208
3447,0.09329978
3448,0.020742364
3449,0.04418757
3450,0.11166442
3451,0.040591594
3452,0.007100081
3453,0.09144435
3454,0.04742779
3455,0.04824707
3456,0.016591689
3457,0.012917941
3458,0.008970021
3459,0.037877038
3460,0.007395416
3461,0.03764461
3462,0.016320392
3463,0.09707917
3464,0.06501273
3465,0.009133397
3466,0.040044643
3467,0.41563085
3468,0.044403467
3469,0.07824861
3470,0.017424952
3471,0.01344096
3472,0.03772729
3473,0.05451305
3474,0.005811614
3475,0.17816393
3476,0.043019112
3477,0.0069620656
3478,0.0069620656
3479,0.026258372
3480,0.06523705
3481,0.052719995
3482,0.027121773
3483,0.105992936
3484,0.058395285
3485,0.05474497
3486,0.20087694
3487,0.02591057
3488,0.036580674
3489,0.044591483
3490,0.007053596
3491,0.042764407
3492,0.08832225
3493,0.035043493
3494,0.0066709667
3495,0.013807102
3496,0.014383831
3497,0.0073743565
3498,0.062427726
3499,0.09659867
3500,0.05027464
3501,0.085480124
3502,0.05454688
3503,0.010145676
3504,0.05152376
3505,0.028232183
3506,0.010567814
3507,0.18946582
3508,0.11131232
3509,0.008693651
3510,0.043978464
3511,0.005811614
3512,0.005811614
3513,0.01174191
3514,0.011247033
3515,0.005811614
3516,0.009478615
3517,0.011502906
3518,0.0059778746
3519,0.021488138
3520,0.03405946
3521,0.03975239
3522,0.103640124
3523,0.11623956
3524,0.14886758
3525,0.009397739
3526,0.04557949
3527,0.005811614
3528,0.009625046
3529,0.018890373
3530,0.008443152
3531,0.012614369
3532,0.011815219
3533,0.013447041
3534,0.011291078
3535,0.14704879
3536,0.010331775
3537,0.03534645
3538,0.035307854
3539,0.019968193
3540,0.017492106
3541,0.047168907
3542,0.01671532
3543,0.038345397
3544,0.009478615
3545,0.0141040515
3546,0.028694132
3547,0.025870739
3548,0.09655792
3549,0.0068935324
3550,0.0059716776
3551,0.010305739
3552,0.07485958
3553,0.013001177
3554,0.03535009
3555,0.048886202
3556,0.012917941
3557,0.1231262
3558,0.018162636
3559,0.016509606
3560,0.020327982
3561,0.04264219
3562,0.014940563
3563,0.08045897
3564,0.011247033
3565,0.10012373
3566,0.011247033
3567,0.021900652
3568,0.021647904
3569,0.017466713
3570,0.01388856
3571,0.01075662
3572,0.0094099
3573,0.012328985
3574,0.009397739
3575,0.02868955
3576,0.016965339
3577,0.0064219246
3578,0.011618941
3579,0.11166785
3580,0.017996758
3581,0.018318554
3582,0.005811614
3583,0.005811614
3584,0.039940264
3585,0.023201363
3586,0.01388856
3587,0.010660889
3588,0.007882612
3589,0.03112606
3590,0.0189562
3591,0.050123155
3592,0.015194154
3593,0.054875366
3594,0.012917941
3595,0.012873427
3596,0.034891926
3597,0.038360257
3598,0.056653313
3599,0.029917935
3600,0.044527125
3601,0.039100256
3602,0.08470665
3603,0.058542732
3604,0.009130084
3605,0.006222152
3606,0.024434265
3607,0.041706067
3608,0.13375594
3609,0.18678068
3610,0.076041795
3611,0.020202722
3612,0.046452746
3613,0.23036654
3614,0.055401456
3615,0.22502656
3616,0.09039694
3617,0.21470702
3618,0.09016687
3619,0.025245843
3620,0.033092134
3621,0.014940563
3622,0.012200968
3623,0.16692302
3624,0.053141147
3625,0.41831088
3626,0.14741793
3627,0.075520284
3628,0.01414441
3629,0.005894934
3630,0.059042137
3631,0.033008754
3632,0.016920285
3633,0.008137138
3634,0.11353726
3635,0.26243886
3636,0.44695693
3637,0.3666794
3638,0.0065767104
3639,0.0073382347
3640,0.11385088
3641,0.25337443
3642,0.0088451
3643,0.10782358
3644,0.018891672
3645,0.018882954
3646,0.080836326
3647,0.30932575
3648,0.04640751
3649,0.23528275
3650,0.35436827
3651,0.053592674
3652,0.31028625
3653,0.008693651
3654,0.051297866
3655,0.2076279
3656,0.030839149
3657,0.03995821
3658,0.015462421
3659,0.06558267
3660,0.025109733
3661,0.02790116
3662,0.05868842
3663,0.048364647
3664,0.017152978
3665,0.053832974
3666,0.31399316
3667,0.027178869
3668,0.032578856
3669,0.027360363
3670,0.0857112
3671,0.010602939
3672,0.021163654
3673,0.051709004
3674,0.061661895
3675,0.060175393
3676,0.02489842
3677,0.011741991
3678,0.19832554
3679,0.013631812
3680,0.22968628
3681,0.011995591
3682,0.011407098
3683,0.015563572
3684,0.014064503
3685,0.47456685
3686,0.14350078
3687,0.07333465
3688,0.34370622
3689,0.3683675
3690,0.0069620656
3691,0.055107847
3692,0.013919099
3693,0.0132082645
3694,0.030724047
3695,0.021620246
3696,0.015843598
3697,0.007162721
3698,0.052549355
3699,0.0059716776
3700,0.022859834
3701,0.05982642
3702,0.07332495
3703,0.22339305
3704,0.348932
3705,0.02119362
3706,0.006916905
3707,0.02919925
3708,0.027927196
3709,0.03113202
3710,0.19357064
3711,0.015257698
3712,0.02810589
3713,0.02031921
3714,0.1815881
3715,0.3887355
3716,0.017409455
3717,0.011725859
3718,0.042200197
3719,0.03607748
3720,0.029704982
3721,0.10333892
3722,0.1942835
3723,0.0815617
3724,0.1382184
3725,0.10098742
3726,0.029618625
3727,0.03294103
3728,0.012766614
3729,0.0847221
3730,0.018218707
3731,0.06249808
3732,0.08187438
3733,0.005811614
3734,0.018602908
3735,0.018334646
3736,0.0073306034
3737,0.034523055
3738,0.023517318
3739,0.06682748
3740,0.023209894
3741,0.054687098
3742,0.14173019
3743,0.08681364
3744,0.05593421
3745,0.033749066
3746,0.058818992
3747,0.091362044
3748,0.051236995
3749,0.014940563
3750,0.08594762
3751,0.05050876
3752,0.031269744
3753,0.094889455
3754,0.023450512
3755,0.03743238
3756,0.018455423
3757,0.042842317
3758,0.07818728
3759,0.08972849
3760,0.041250017
3761,0.06363588
3762,0.071605854
3763,0.017152978
3764,0.009810804
3765,0.046043094
3766,0.06620667
3767,0.049668197
3768,0.006395218
3769,0.36868256
3770,0.028725708
3771,0.024190037
3772,0.019755455
3773,0.1504081
3774,0.08834932
3775,0.03728945
3776,0.02026498
3777,0.005811614
3778,0.098601304
3779,0.012614369
3780,0.024709158
3781,0.016052129
3782,0.04280154
3783,0.06637905
3784,0.039340246
3785,0.059215423
3786,0.08386773
3787,0.09592128
3788,0.24669363
3789,0.05176375
3790,0.019028574
3791,0.050740063
3792,0.012454305
3793,0.08890633
3794,0.055644788
3795,0.02168373
3796,0.13752705
3797,0.059679653
3798,0.098000005
3799,0.059507277
3800,0.016643807
3801,0.024982704
3802,0.01830318
3803,0.1105762
3804,0.010820952
3805,0.039369326
3806,0.08595364
3807,0.012736337
3808,0.04600599
3809,0.03641601
3810,0.032680225
3811,0.06823208
3812,0.1145637
3813,0.09208542
3814,0.14932595
3815,0.05064401
3816,0.080071166
3817,0.014014124
3818,0.10041026
3819,0.03989622
3820,0.07089763
3821,0.07697951
3822,0.04246178
3823,0.032443374
3824,0.060275365
3825,0.012121354
3826,0.0122743985
3827,0.014008481
3828,0.100581385
3829,0.03468571
3830,0.039515875
3831,0.01863242
3832,0.0633855
3833,0.047018
3834,0.03031904
3835,0.04397959
3836,0.019791134
3837,0.04288636
3838,0.092769824
3839,0.2748183
3840,0.10953858
3841,0.12248482
3842,0.052834075
3843,0.055019904
3844,0.1018472
3845,0.085653655
3846,0.06580318
3847,0.010305739
3848,0.005811614
3849,0.005811614
3850,0.23045304
3851,0.035794836
3852,0.08712716
3853,0.08366964
3854,0.10851667
3855,0.024269417
3856,0.017799191
3857,0.009478615
3858,0.0059192013
3859,0.016761549
3860,0.1423448
3861,0.04074532
3862,0.014498143
3863,0.12228622
3864,0.36866632
3865,0.057262912
3866,0.0072142924
3867,0.068674155
3868,0.03765442
3869,0.20234095
3870,0.25174809
3871,0.07603041
3872,0.015683534
3873,0.030733842
3874,0.042981137
3875,0.10937702
3876,0.12171961
3877,0.018194627
3878,0.17739522
3879,0.097832724
3880,0.06179047
3881,0.015310171
3882,0.012614369
3883,0.02713965
3884,0.031741705
3885,0.05843146
3886,0.016129559
3887,0.09214512
3888,0.12341791
3889,0.089115456
3890,0.04231632
3891,0.011815219
3892,0.08424471
3893,0.1523928
3894,0.21567397
3895,0.065394014
3896,0.060033876
3897,0.03738064
3898,0.44840106
3899,0.02344259
3900,0.13792558
3901,0.22523814
3902,0.22920702
3903,0.01372816
3904,0.005811614
3905,0.02016117
3906,0.03323985
3907,0.08162289
3908,0.09340528
3909,0.14913881
3910,0.045573857
3911,0.07884589
3912,0.16251934
3913,0.15815803
3914,0.1362781
3915,0.12550066
3916,0.24208227
3917,0.087033026
3918,0.017788863
3919,0.053508602
3920,0.12496019
3921,0.05368494
3922,0.23051663
3923,0.9092552
3924,0.091903955
3925,0.03953891
3926,0.28092924
3927,0.0070026563
3928,0.05538508
3929,0.18892111
3930,0.008533588
3931,0.033120196
3932,0.058260284
3933,0.022759642
3934,0.09311375
3935,0.0059716776
3936,0.17623001
3937,0.013150634
3938,0.08101317
3939,0.11766876
3940,0.11072757
3941,0.17755015
3942,0.23510945
3943,0.21055804
3944,0.020579206
3945,0.14479165
3946,0.08861769
3947,0.15044685
3948,0.71074283
3949,0.34251556
3950,0.31640375
3951,0.007053596
3952,0.040969443
3953,0.09323257
3954,0.049224004
3955,0.023915717
3956,0.005811614
3957,0.028012078
3958,0.005811614
3959,0.058432624
3960,0.008042675
3961,0.03112606
3962,0.04437678
3963,0.100255944
3964,0.11067874
3965,0.07208491
3966,0.106160395
3967,0.16749781
3968,0.09260274
3969,0.03028593
3970,0.116256386
3971,0.14968613
3972,0.016528854
3973,0.06110128
3974,0.7135093
3975,0.9438446
3976,0.36836025
3977,0.025746768
3978,0.058839858
3979,0.16815865
3980,0.06590796
3981,0.025283376
3982,0.008042675
3983,0.07425448
3984,0.059179917
3985,0.035416722
3986,0.0088451
3987,0.15492445
3988,0.01388856
3989,0.021449853
3990,0.08311476
3991,0.09588755
3992,0.04593755
3993,0.054653283
3994,0.12468339
3995,0.07509907
3996,0.052822903
3997,0.084832855
3998,0.049507666
3999,0.05991026
4000,0.7247451
4001,0.7532916
4002,0.44829547
4003,0.022914674
4004,0.019220911
4005,0.012342818
4006,0.14816862
4007,0.10949725
4008,0.159973
4009,0.022789624
4010,0.0375528
4011,0.013276684
4012,0.053560905
4013,0.07195479
4014,0.18833263
4015,0.19850178
4016,0.3097
4017,0.17025767
4018,0.13559878
4019,0.15567885
4020,0.06902902
4021,0.055316426
4022,0.11957714
4023,0.038703293
4024,0.03059695
4025,0.027078783
4026,0.20420927
4027,0.14726134
4028,0.09017714
4029,0.05697171
4030,0.02429459
4031,0.897742
4032,0.9737852
4033,0.9723417
4034,0.007560577
4035,0.04248665
4036,0.08637927
4037,0.0122743985
4038,0.11451799
4039,0.043965522
4040,0.021446295
4041,0.008685036
4042,0.018455423
4043,0.08024216
4044,0.030540282
4045,0.22690105
4046,0.4390867
4047,0.045663375
4048,0.07034709
4049,0.06520563
4050,0.16114545
4051,0.06008134
4052,0.08638517
4053,0.09728946
4054,0.039542396
4055,0.07525071
4056,0.12471954
4057,0.06307106
4058,0.006395218
4059,0.3883108
4060,0.4486761
4061,0.19882394
4062,0.042463847
4063,0.02762729
4064,0.11082501
4065,0.08456937
4066,0.20632355
4067,0.02501736
4068,0.037415907
4069,0.055339795
4070,0.013647803
4071,0.033698365
4072,0.008606603
4073,0.2133296
4074,0.389768
4075,0.25358602
4076,0.20488791
4077,0.16670662
4078,0.17529038
4079,0.19035985
4080,0.3743522
4081,0.1223928
4082,0.01540351
4083,0.030186519
4084,0.041143987
4085,0.10697067
4086,0.13828938
4087,0.059156
4088,0.29975957
4089,0.23044044
4090,0.19850914
4091,0.97581345
4092,0.10926796
4093,0.036683112
4094,0.06255178
4095,0.11524659
4096,0.053345047
4097,0.037189115
4098,0.08656917
4099,0.07385364
4100,0.039492298
4101,0.07157127
4102,0.060654342
4103,0.15567885
4104,0.27530468
4105,0.25328776
4106,0.3700836
4107,0.26704028
4108,0.12914173
4109,0.15050155
4110,0.2313596
4111,0.010016312
4112,0.02489842
4113,0.13669145
4114,0.07098281
4115,0.03543513
4116,0.23303446
4117,0.2252381
4118,0.07520321
4119,0.49557123
4120,0.20489348
4121,0.02676489
4122,0.17645577
4123,0.104426555
4124,0.04809467
4125,0.01075662
4126,0.018565366
4127,0.037874453
4128,0.058942456
4129,0.091844335
4130,0.06569461
4131,0.06856909
4132,0.13385263
4133,0.27260676
4134,0.7161053
4135,0.2962641
4136,0.25232172
4137,0.38858095
4138,0.09589395
4139,0.085322164
4140,0.12906983
4141,0.06929292
4142,0.18543872
4143,0.1368871
4144,0.023893336
4145,0.03695867
4146,0.14274845
4147,0.016168147
4148,0.063435115
4149,0.07743718
4150,0.031707555
4151,0.025030117
4152,0.025524294
4153,0.011338382
4154,0.0320383
4155,0.04999778
4156,0.063123316
4157,0.10028399
4158,0.15630761
4159,0.20422557
4160,0.076907024
4161,0.37600508
4162,0.44813278
4163,0.25238523
4164,0.06222398
4165,0.015667435
4166,0.037778743
4167,0.005811614
4168,0.02262126
4169,0.11864085
4170,0.009478615
4171,0.026255187
4172,0.39081985
4173,0.042200197
4174,0.016082885
4175,0.036235515
4176,0.037953906
4177,0.085015714
4178,0.016607406
4179,0.050486915
4180,0.027616182
4181,0.03772632
4182,0.07659171
4183,0.101557456
4184,0.3178229
4185,0.20668516
4186,0.10897029
4187,0.5286115
4188,0.27095354
4189,0.27833176
4190,0.075241104
4191,0.08592886
4192,0.02919925
4193,0.06355788
4194,0.027001705
4195,0.025203185
4196,0.022185007
4197,0.043894596
4198,0.37344584
4199,0.08670647
4200,0.21859594
4201,0.013996465
4202,0.08149388
4203,0.068411455
4204,0.06412311
4205,0.17840399
4206,0.03156961
4207,0.030617356
4208,0.023787454
4209,0.063092485
4210,0.19853093
4211,0.39081985
4212,0.20358752
4213,0.25649542
4214,0.07766163
4215,0.2825814
4216,0.16764559
4217,0.04881716
4218,0.040183555
4219,0.01388856
4220,0.019573927
4221,0.02169595
4222,0.016610783
4223,0.08723526
4224,0.106695026
4225,0.05772726
4226,0.2088386
4227,0.020695224
4228,0.042276032
4229,0.19851168
4230,0.041563045
4231,0.005811614
4232,0.023058563
4233,0.13837728
4234,0.11024982
4235,0.0137553895
4236,0.0695344
4237,0.1776068
4238,0.070001796
4239,0.07164391
4240,0.008970021
4241,0.08545591
4242,0.092187054
4243,0.039432507
4244,0.09288554
4245,0.10157633
4246,0.03328395
4247,0.03286832
4248,0.005811614
4249,0.1569353
4250,0.00929346
4251,0.008977861
4252,0.059507277
4253,0.0464948
4254,0.15745918
4255,0.02124748
4256,0.030707633
4257,0.0073743565
4258,0.04483964
4259,0.1363188
4260,0.29240558
4261,0.30452588
4262,0.02582046
4263,0.012200968
4264,0.005811614
4265,0.005811614
4266,0.02229538
4267,0.03099468
4268,0.032310836
4269,0.08050411
4270,0.1104925
4271,0.006145385
4272,0.0061239237
4273,0.013327116
4274,0.036673695
4275,0.017172553
4276,0.10899236
4277,0.09331349
4278,0.19145632
4279,0.030294238
4280,0.0068935324
4281,0.007321879
4282,0.06259277
4283,0.13946298
4284,0.16950439
4285,0.05229949
4286,0.008685036
4287,0.08260737
4288,0.031438373
4289,0.014156529
4290,0.074690156
4291,0.08815823
4292,0.05947884
4293,0.011662969
4294,0.005811614
4295,0.03101293
4296,0.25379962
4297,0.030409647
4298,0.12690113
4299,0.074857734
4300,0.015173253
4301,0.009133397
4302,0.02133883
4303,0.108597346
4304,0.20834413
4305,0.03272699
4306,0.018845923
4307,0.0155110955
4308,0.03649918
4309,0.036043603
4310,0.13342763
4311,0.07884273
4312,0.27602625
4313,0.092031166
4314,0.0059192013
4315,0.059872072
4316,0.028721595
4317,0.036231257
4318,0.14873889
4319,0.091903955
4320,0.058932748
4321,0.024330284
4322,0.07545867
4323,0.025093537
4324,0.009130084
4325,0.20834413
4326,0.3134856
4327,0.07376301
4328,0.02534866
4329,0.10368268
4330,0.04248665
4331,0.017931936
4332,0.05159606
4333,0.05468958
4334,0.07021962
4335,0.5339611
4336,0.08374534
4337,0.070329934
4338,0.067933165
4339,0.028091488
4340,0.13641195
4341,0.3887121
4342,0.05716634
4343,0.10930107
4344,0.020466741
4345,0.025385223
4346,0.021916708
4347,0.052968763
4348,0.08863761
4349,0.025329668
4350,0.009133397
4351,0.028545415
4352,0.009589842
4353,0.010596557
4354,0.028355928
4355,0.005811614
4356,0.09586266
4357,0.030643417
4358,0.041743357
4359,0.03693811
4360,0.10819784
4361,0.025840959
4362,0.075948276
4363,0.47512072
4364,0.07803171
4365,0.087955594
4366,0.022537433
4367,0.02412603
4368,0.06637905
4369,0.062310863
4370,0.021761244
4371,0.2553425
4372,0.026099572
4373,0.006770673
4374,0.019204238
4375,0.051471494
4376,0.052772537
4377,0.011502906
4378,0.101138845
4379,0.006395218
4380,0.014536076
4381,0.011486961
4382,0.036900524
4383,0.26127732
4384,0.030689044
4385,0.012040904
4386,0.009130084
4387,0.02464829
4388,0.050832942
4389,0.007490668
4390,0.029115625
4391,0.101283185
4392,0.066347905
4393,0.025947647
4394,0.008970021
4395,0.010596557
4396,0.083934896
4397,0.14348659
4398,0.076814696
4399,0.0505079
4400,0.06580318
4401,0.01229031
4402,0.06047122
4403,0.014940563
4404,0.03194398
4405,0.20210363
4406,0.050257266
4407,0.008693651
4408,0.01262022
4409,0.06695025
4410,0.005811614
4411,0.008533588
4412,0.012757878
4413,0.008297201
4414,0.009478615
4415,0.013819846
4416,0.014760588
4417,0.021370914
4418,0.03702119
4419,0.07006287
4420,0.10322291
4421,0.10266153
4422,0.18373007
4423,0.013898941
4424,0.056951188
4425,0.006145385
4426,0.021761244
4427,0.012114334
4428,0.0076590395
4429,0.013327116
4430,0.014383831
4431,0.008042675
4432,0.078862704
4433,0.03530138
4434,0.04658669
4435,0.006145385
4436,0.006510902
4437,0.017877333
4438,0.06140066
4439,0.012682788
4440,0.043847647
4441,0.0060219197
4442,0.009478615
4443,0.023973847
4444,0.028215494
4445,0.015645504
4446,0.010305739
4447,0.009478615
4448,0.059971888
4449,0.08827519
4450,0.050122134
4451,0.055478875
4452,0.1044492
4453,0.018623987
4454,0.005811614
4455,0.0059716776
4456,0.056815814
4457,0.005811614
4458,0.052045655
4459,0.011328437
4460,0.08708212
4461,0.010145676
4462,0.022032762
4463,0.006040097
4464,0.009478615
4465,0.01075662
4466,0.052822903
4467,0.005811614
4468,0.008624936
4469,0.06547509
4470,0.03686749
4471,0.015462421
4472,0.17782736
4473,0.029434567
4474,0.030114716
4475,0.0059716776
4476,0.013092245
4477,0.03756747
4478,0.0066106105
4479,0.021822112
4480,0.023371574
4481,0.03112606
4482,0.011407098
4483,0.012917941
4484,0.015843598
4485,0.02925401
4486,0.045855943
4487,0.08440751
4488,0.009625046
4489,0.059273787
4490,0.019257056
4491,0.027212027
4492,0.044481765
4493,0.005811614
4494,0.0350146
4495,0.040885735
4496,0.047560263
4497,0.011959352
4498,0.030495755
4499,0.04406679
4500,0.039508875
4501,0.049747296
4502,0.108764604
4503,0.053296216
4504,0.04179327
4505,0.1681439
4506,0.04046903
4507,0.25246266
4508,0.06897168
4509,0.029907117
4510,0.0531878
4511,0.24592447
4512,0.05215556
4513,0.2162856
4514,0.09128836
4515,0.18321759
4516,0.052897613
4517,0.027618619
4518,0.0072142924
4519,0.02543027
4520,0.09226279
4521,0.013328928
4522,0.5456509
4523,0.11328423
4524,0.22881952
4525,0.02572481
4526,0.020905402
4527,0.029343292
4528,0.035164528
4529,0.030796856
4530,0.013983809
4531,0.045975443
4532,0.086922355
4533,0.35280675
4534,0.36730644
4535,0.0154477665
4536,0.03605541
4537,0.08068193
4538,0.18244089
4539,0.062075514
4540,0.05887119
4541,0.07865341
4542,0.07945604
4543,0.28952268
4544,0.08952007
4545,0.18979259
4546,0.36411586
4547,0.1709036
4548,0.24547993
4549,0.025981918
4550,0.2514839
4551,0.0527097
4552,0.05000055
4553,0.036638156
4554,0.06634373
4555,0.025100986
4556,0.08526891
4557,0.15101846
4558,0.02441229
4559,0.04052354
4560,0.03522546
4561,0.300838
4562,0.024628611
4563,0.043430984
4564,0.075268336
4565,0.07932568
4566,0.02882525
4567,0.06722346
4568,0.123234995
4569,0.12698631
4570,0.047902886
4571,0.056042206
4572,0.27729315
4573,0.054403152
4574,0.2109128
4575,0.047560263
4576,0.024430297
4577,0.0059716776
4578,0.015286475
4579,0.3637461
4580,0.052135624
4581,0.006746185
4582,0.061552234
4583,0.39281318
4584,0.3899118
4585,0.006770673
4586,0.09208942
4587,0.046891768
4588,0.0070026563
4589,0.015566504
4590,0.040863324
4591,0.0059716776
4592,0.011828014
4593,0.06745697
4594,0.038883902
4595,0.26344684
4596,0.3524281
4597,0.016569244
4598,0.0066106105
4599,0.037171658
4600,0.0070026563
4601,0.009374336
4602,0.006040097
4603,0.01118152
4604,0.16642864
4605,0.019915385
4606,0.054582376
4607,0.05410917
4608,0.024788676
4609,0.2088367
4610,0.5451372
4611,0.025085263
4612,0.01777584
4613,0.027468696
4614,0.06722346
4615,0.039271258
4616,0.033707954
4617,0.011906874
4618,0.011288525
4619,0.08829749
4620,0.24696563
4621,0.088544816
4622,0.1081462
4623,0.06423844
4624,0.025576202
4625,0.028943561
4626,0.027473126
4627,0.06693856
4628,0.035426456
4629,0.0407113
4630,0.06539271
4631,0.008022996
4632,0.04118773
4633,0.03451588
4634,0.007116867
4635,0.005811614
4636,0.025518084
4637,0.033593222
4638,0.021065466
4639,0.060229182
4640,0.1342104
4641,0.17905948
4642,0.057461172
4643,0.04322822
4644,0.047684636
4645,0.107929565
4646,0.12768441
4647,0.029185466
4648,0.081135355
4649,0.045668986
4650,0.0075634164
4651,0.009497484
4652,0.11672461
4653,0.029025411
4654,0.03579554
4655,0.010549367
4656,0.07346884
4657,0.08482079
4658,0.09210592
4659,0.0751347
4660,0.098089464
4661,0.06052638
4662,0.031687483
4663,0.008022996
4664,0.053081296
4665,0.043122653
4666,0.04710632
4667,0.014994269
4668,0.389423
4669,0.06715489
4670,0.011502906
4671,0.08253597
4672,0.06539242
4673,0.038322363
4674,0.02545468
4675,0.0063229892
4676,0.009453275
4677,0.045905687
4678,0.011885922
4679,0.029344378
4680,0.018057734
4681,0.067262
4682,0.04847816
4683,0.059370816
4684,0.05233077
4685,0.077684015
4686,0.092308395
4687,0.27674708
4688,0.036620904
4689,0.019586291
4690,0.048879564
4691,0.009972267
4692,0.061077807
4693,0.040808216
4694,0.027073642
4695,0.1621709
4696,0.05880068
4697,0.0651172
4698,0.066898525
4699,0.040975552
4700,0.015736347
4701,0.009004964
4702,0.121670984
4703,0.0093056215
4704,0.044918004
4705,0.08894538
4706,0.036638156
4707,0.015236739
4708,0.034399763
4709,0.037884012
4710,0.020021485
4711,0.07886784
4712,0.11342596
4713,0.11846847
4714,0.151028
4715,0.05895127
4716,0.08301208
4717,0.013894198
4718,0.12738891
4719,0.0066106105
4720,0.053792633
4721,0.056584787
4722,0.07897935
4723,0.01211862
4724,0.047009047
4725,0.07702797
4726,0.032115243
4727,0.008273494
4728,0.064920165
4729,0.10915611
4730,0.03086327
4731,0.06779756
4732,0.007494997
4733,0.0066106105
4734,0.041803543
4735,0.0496894
4736,0.026030673
4737,0.025782656
4738,0.03787813
4739,0.06725053
4740,0.11013985
4741,0.27346447
4742,0.096297085
4743,0.1173005
4744,0.07807514
4745,0.08522644
4746,0.07034968
4747,0.114012666
4748,0.039557252
4749,0.010132331
4750,0.023823159
4751,0.27055165
4752,0.040227123
4753,0.11671212
4754,0.07710964
4755,0.12019564
4756,0.010474798
4757,0.016839536
4758,0.009374336
4759,0.02545468
4760,0.019524032
4761,0.015799198
4762,0.11324354
4763,0.038375787
4764,0.029592503
4765,0.09508389
4766,0.37627906
4767,0.064605646
4768,0.117587365
4769,0.042630848
4770,0.2635008
4771,0.1928714
4772,0.10923094
4773,0.08503404
4774,0.0060651274
4775,0.11754666
4776,0.17624614
4777,0.052248985
4778,0.26225618
4779,0.14269993
4780,0.12333154
4781,0.00962746
4782,0.04035808
4783,0.026243335
4784,0.07924962
4785,0.018298043
4786,0.097468816
4787,0.11601215
4788,0.06870455
4789,0.041836757
4790,0.013840188
4791,0.08402293
4792,0.20831607
4793,0.24670729
4794,0.0784107
4795,0.0860304
4796,0.00933742
4797,0.009601766
4798,0.025814235
4799,0.41357625
4800,0.052496254
4801,0.020635707
4802,0.28952268
4803,0.20664279
4804,0.005811614
4805,0.046745796
4806,0.036271118
4807,0.060709935
4808,0.11087805
4809,0.16477263
4810,0.029606573
4811,0.069162786
4812,0.15340342
4813,0.12244477
4814,0.17416756
4815,0.18697707
4816,0.23488064
4817,0.08785818
4818,0.056488875
4819,0.11142851
4820,0.041677248
4821,0.23126754
4822,0.9135885
4823,0.0924708
4824,0.091433816
4825,0.29576927
4826,0.013176684
4827,0.027231677
4828,0.218058
4829,0.011128461
4830,0.019372469
4831,0.030834224
4832,0.09075126
4833,0.012450374
4834,0.13495597
4835,0.21099557
4836,0.021904422
4837,0.09802988
4838,0.17063536
4839,0.14244007
4840,0.17642364
4841,0.25029472
4842,0.2392675
4843,0.19023804
4844,0.09813246
4845,0.17545426
4846,0.600297
4847,0.32728294
4848,0.3290583
4849,0.0068622045
4850,0.0554245
4851,0.13833371
4852,0.0061904946
4853,0.009601766
4854,0.011885922
4855,0.020143328
4856,0.06104938
4857,0.00783488
4858,0.030964246
4859,0.041157786
4860,0.073487855
4861,0.08912034
4862,0.088513836
4863,0.11286552
4864,0.16652687
4865,0.10987249
4866,0.030129498
4867,0.09359255
4868,0.18027529
4869,0.016569244
4870,0.1067612
4871,0.90313053
4872,0.94817793
4873,0.41280568
4874,0.006770673
4875,0.019207329
4876,0.08780498
4877,0.23526254
4878,0.07512911
4879,0.07076869
4880,0.005811614
4881,0.09486516
4882,0.08782997
4883,0.029117418
4884,0.008547702
4885,0.12743592
4886,0.013687941
4887,0.047009047
4888,0.1002374
4889,0.08620811
4890,0.025525846
4891,0.04495443
4892,0.11971987
4893,0.026736049
4894,0.019347731
4895,0.12145209
4896,0.06541584
4897,0.0946366
4898,0.9155257
4899,0.8918479
4900,0.48829338
4901,0.02650854
4902,0.0603452
4903,0.027514879
4904,0.008547702
4905,0.10800691
4906,0.055846203
4907,0.14934012
4908,0.04281692
4909,0.06703938
4910,0.02628525
4911,0.020479705
4912,0.10969088
4913,0.1369242
4914,0.1608585
4915,0.31178573
4916,0.22765565
4917,0.17001286
4918,0.1219238
4919,0.066451885
4920,0.09897875
4921,0.10360632
4922,0.029138565
4923,0.044416953
4924,0.2173343
4925,0.12878445
4926,0.11763862
4927,0.09044203
4928,0.014994973
4929,0.89371437
4930,0.9764278
4931,0.9749843
4932,0.012877431
4933,0.066081665
4934,0.12476845
4935,0.2040844
4936,0.008699949
4937,0.021731475
4938,0.019074634
4939,0.023406059
4940,0.14269993
4941,0.018314715
4942,0.23046647
4943,0.4875266
4944,0.10334788
4945,0.07500923
4946,0.06560321
4947,0.15264384
4948,0.07451699
4949,0.124589086
4950,0.100175165
4951,0.036032885
4952,0.15847856
4953,0.104906216
4954,0.1321347
4955,0.010985612
4956,0.022234494
4957,0.41242275
4958,0.367553
4959,0.22874449
4960,0.086422354
4961,0.06317946
4962,0.07245058
4963,0.009787523
4964,0.07321409
4965,0.20614183
4966,0.017615775
4967,0.006395218
4968,0.03985995
4969,0.011128461
4970,0.032371335
4971,0.029460853
4972,0.036154523
4973,0.21152163
4974,0.48638687
4975,0.24558291
4976,0.23433669
4977,0.1343898
4978,0.1982628
4979,0.16468607
4980,0.36440608
4981,0.10407229
4982,0.027286394
4983,0.040690254
4984,0.04144268
4985,0.15216818
4986,0.15220892
4987,0.08242718
4988,0.25205347
4989,0.23853867
4990,0.18984662
4991,0.978456
4992,0.1756031
4993,0.022398604
4994,0.07197079
4995,0.18385407
4996,0.06410662
4997,0.03714667
4998,0.07268054
4999,0.052387845
5000,0.048993435
5001,0.078398034
5002,0.04984808
5003,0.09866778
5004,0.26786625
5005,0.2225533
5006,0.4155497
5007,0.22836348
5008,0.12812914
5009,0.13606024
5010,0.21291165
5011,0.03950246
5012,0.15640481
5013,0.05495855
5014,0.042181615
5015,0.22916816
5016,0.1828828
5017,0.058397856
5018,0.5451364
5019,0.21135934
5020,0.060284015
5021,0.08095851
5022,0.092992075
5023,0.046767857
5024,0.020346748
5025,0.013608234
5026,0.057678405
5027,0.07343875
5028,0.070600666
5029,0.07327362
5030,0.14786072
5031,0.22366557
5032,0.7305935
5033,0.34021685
5034,0.2298525
5035,0.38858616
5036,0.110570915
5037,0.041895848
5038,0.06745697
5039,0.10438801
5040,0.14116947
5041,0.21092795
5042,0.03853382
5043,0.02432271
5044,0.085283116
5045,0.1053579
5046,0.016177291
5047,0.043073107
5048,0.07943702
5049,0.0059192013
5050,0.02502137
5051,0.005811614
5052,0.005811614
5053,0.025452795
5054,0.0531878
5055,0.08223596
5056,0.11258064
5057,0.17270723
5058,0.20997596
5059,0.092622094
5060,0.3760103
5061,0.43978256
5062,0.26303217
5063,0.069967955
5064,0.0060546184
5065,0.025165848
5066,0.013527877
5067,0.034796696
5068,0.123161
5069,0.009374336
5070,0.02684284
5071,0.4875266
5072,0.06029501
5073,0.016177291
5074,0.020231342
5075,0.01229907
5076,0.05760269
5077,0.006120545
5078,0.039819676
5079,0.026876828
5080,0.01289384
5081,0.013107969
5082,0.034312457
5083,0.099394016
5084,0.11810849
5085,0.36742103
5086,0.23691247
5087,0.08266531
5088,0.601367
5089,0.23612075
5090,0.28313607
5091,0.08976669
5092,0.019243732
5093,0.054857228
5094,0.07261431
5095,0.060822677
5096,0.07646624
5097,0.36467096
5098,0.061129402
5099,0.20225112
5100,0.021671724
5101,0.08108554
5102,0.07619865
5103,0.093600586
5104,0.23950446
5105,0.017549172
5106,0.03493464
5107,0.012234795
5108,0.0807249
5109,0.16081971
5110,0.4176119
5111,0.21171525
5112,0.2736087
5113,0.1426247
5114,0.26300597
5115,0.15985917
5116,0.01706221
5117,0.0061904946
5118,0.013687941
5119,0.019150674
5120,0.017878462
5121,0.0061239237
5122,0.13464564
5123,0.16933659
5124,0.040794548
5125,0.20392652
5126,0.058751058
5127,0.03221297
5128,0.2283149
5129,0.081231005
5130,0.016904166
5131,0.017414164
5132,0.1595692
5133,0.09806966
5134,0.02630635
5135,0.090735324
5136,0.17734765
5137,0.07306796
5138,0.06465624
5139,0.019256381
5140,0.055583503
5141,0.040959504
5142,0.01732024
5143,0.080776475
5144,0.11105222
5145,0.060904738
5146,0.029235562
5147,0.008547702
5148,0.13567749
5149,0.009165027
5150,0.0145707335
5151,0.048405435
5152,0.080552526
5153,0.05095765
5154,0.18697804
5155,0.03520955
5156,0.025241306
5157,0.0072769313
5158,0.03857445
5159,0.15557633
5160,0.32998204
5161,0.2912618
5162,0.026285853
5163,0.02234208
5164,0.01802181
5165,0.102250405
5166,0.12760146
5167,0.011288525
5168,0.009939771
5169,0.013176684
5170,0.05392354
5171,0.005811614
5172,0.009601766
5173,0.110467024
5174,0.084846385
5175,0.27460256
5176,0.061799157
5177,0.02008246
5178,0.007321879
5179,0.07853918
5180,0.1314554
5181,0.2750904
5182,0.015605287
5183,0.011288525
5184,0.08791095
5185,0.007509627
5186,0.013983809
5187,0.1286152
5188,0.099155724
5189,0.037007876
5190,0.013823745
5191,0.2095927
5192,0.030960783
5193,0.008387638
5194,0.027727313
5195,0.14225292
5196,0.06749206
5197,0.01211862
5198,0.02008246
5199,0.023073984
5200,0.080768
5201,0.18602179
5202,0.01826944
5203,0.006062857
5204,0.024827546
5205,0.03309668
5206,0.038610432
5207,0.14773701
5208,0.0629712
5209,0.18728457
5210,0.07233545
5211,0.009321855
5212,0.078517295
5213,0.057079315
5214,0.007116867
5215,0.11876924
5216,0.0924708
5217,0.015036814
5218,0.073433094
5219,0.025049584
5220,0.08066801
5221,0.07333224
5222,0.005811614
5223,0.0063670343
5224,0.2236022
5225,0.29309732
5226,0.07859645
5227,0.039409645
5228,0.013983809
5229,0.102033675
5230,0.012086517
5231,0.0073703825
5232,0.09828095
5233,0.080905326
5234,0.04751208
5235,0.65583384
5236,0.040481403
5237,0.064463116
5238,0.005811614
5239,0.05078841
5240,0.027870389
5241,0.01998827
5242,0.0062043713
5243,0.20960021
5244,0.389423
5245,0.05285655
5246,0.1744128
5247,0.03979498
5248,0.00659079
5249,0.03946036
5250,0.099932075
5251,0.022879025
5252,0.006062857
5253,0.03945236
5254,0.022345731
5255,0.005811614
5256,0.027808756
5257,0.029185258
5258,0.01668729
5259,0.07328687
5260,0.030495755
5261,0.013983809
5262,0.028384028
5263,0.06985193
5264,0.103277214
5265,0.03163092
5266,0.07431637
5267,0.4875266
5268,0.060750462
5269,0.104244694
5270,0.08533759
5271,0.05691131
5272,0.018893741
5273,0.28344
5274,0.016637662
5275,0.015566504
5276,0.07041075
5277,0.1260237
5278,0.03560371
5279,0.08554218
5280,0.027589368
5281,0.0554245
5282,0.052494057
5283,0.26129022
5284,0.031128794
5285,0.0060546184
5286,0.01901104
5287,0.0321396
5288,0.07795869
5289,0.005811614
5290,0.037877604
5291,0.11249221
5292,0.07084592
5293,0.013176684
5294,0.034555964
5295,0.03525803
5296,0.04150417
5297,0.07627147
5298,0.07095052
5299,0.09786428
5300,0.031962022
5301,0.04617067
5302,0.00933742
5303,0.029002579
5304,0.22546852
5305,0.14671192
5306,0.0072769313
5307,0.066858105
5308,0.009049009
5309,0.010016312
5310,0.032565303
5311,0.026584167
5312,0.026876828
5313,0.010561371
5314,0.009374336
5315,0.021200348
5316,0.018298043
5317,0.0063229892
5318,0.028689386
5319,0.06599094
5320,0.12236416
5321,0.0059716776
5322,0.0924708
5323,0.009787523
5324,0.14115092
5325,0.005811614
5326,0.20775016
5327,0.011288525
5328,0.010474798
5329,0.040998127
5330,0.012889475
5331,0.016843298
5332,0.031261727
5333,0.029071234
5334,0.015189055
5335,0.005811614
5336,0.014211112
5337,0.06431521
5338,0.005811614
5339,0.035513252
5340,0.031674363
5341,0.0145707335
5342,0.005855659
5343,0.09663148
5344,0.025938613
5345,0.026100418
5346,0.0346127
5347,0.016739087
5348,0.064969406
5349,0.010132331
5350,0.009374336
5351,0.117084235
5352,0.05075919
5353,0.031295486
5354,0.035296146
5355,0.012603514
5356,0.1645175
5357,0.02286926
5358,0.007926657
5359,0.09974029
5360,0.005811614
5361,0.03537212
5362,0.12693572
5363,0.040704537
5364,0.011502906
5365,0.019256381
5366,0.024551196
5367,0.013840188
5368,0.012171887
5369,0.011032654
5370,0.005811614
5371,0.03878794
5372,0.005811614
5373,0.005811614
5374,0.030017963
5375,0.084598646
5376,0.032395117
5377,0.012801339
5378,0.007162721
5379,0.07448465
5380,0.031455122
5381,0.015036814
5382,0.052546963
5383,0.052735984
5384,0.014876752
5385,0.009972267
5386,0.022682734
5387,0.03950104
5388,0.020985853
5389,0.005811614
5390,0.015938004
5391,0.034312457
5392,0.073031686
5393,0.100316405
5394,0.005811614
5395,0.05958511
5396,0.0115942545
5397,0.01923952
5398,0.012603514
5399,0.019150674
5400,0.047741752
5401,0.024635036
5402,0.04117914
5403,0.08803824
5404,0.011959352
5405,0.06786618
5406,0.041970644
5407,0.009134954
5408,0.1233562
5409,0.025626358
5410,0.026517412
5411,0.042086665
5412,0.09230415
5413,0.22850607
5414,0.047279768
5415,0.0063229892
5416,0.044455357
5417,0.2289731
5418,0.1038912
5419,0.28616455
5420,0.008129025
5421,0.21732043
5422,0.035341557
5423,0.03700842
5424,0.013983809
5425,0.010582386
5426,0.014842733
5427,0.011885922
5428,0.18478614
5429,0.043328788
5430,0.6158161
5431,0.1125072
5432,0.021371748
5433,0.15862344
5434,0.035442855
5435,0.026926683
5436,0.021671724
5437,0.018910414
5438,0.042156775
5439,0.024843497
5440,0.08711044
5441,0.049466975
5442,0.39067838
5443,0.4393644
5444,0.06509099
5445,0.19779555
5446,0.2128786
5447,0.008850204
5448,0.005811614
5449,0.083915316
5450,0.039103888
5451,0.040551394
5452,0.0074403444
5453,0.440908
5454,0.06896356
5455,0.22811276
5456,0.43977633
5457,0.05014148
5458,0.0073149684
5459,0.31237197
5460,0.061800785
5461,0.23820435
5462,0.059549797
5463,0.040271305
5464,0.04621723
5465,0.014368139
5466,0.085914835
5467,0.048510563
5468,0.03535732
5469,0.14461604
5470,0.31218055
5471,0.009921022
5472,0.024246482
5473,0.035341863
5474,0.057267483
5475,0.07201522
5476,0.006040097
5477,0.050634824
5478,0.089635216
5479,0.13254696
5480,0.03877686
5481,0.02532759
5482,0.23085698
5483,0.048830893
5484,0.18135637
5485,0.020038586
5486,0.032865148
5487,0.024514137
5488,0.015286475
5489,0.016177291
5490,0.3737513
5491,0.017188765
5492,0.23687112
5493,0.39984998
5494,0.006770673
5495,0.050972383
5496,0.038700227
5497,0.014410671
5498,0.030880682
5499,0.005811614
5500,0.018181602
5501,0.0059716776
5502,0.09142141
5503,0.08129636
5504,0.09142102
5505,0.22580583
5506,0.29956725
5507,0.016569244
5508,0.0145707335
5509,0.035538007
5510,0.009374336
5511,0.006370634
5512,0.027750287
5513,0.030822093
5514,0.15860674
5515,0.030739352
5516,0.05756695
5517,0.011032654
5518,0.054070897
5519,0.012382897
5520,0.2717539
5521,0.6206179
5522,0.0158972
5523,0.01777584
5524,0.028680304
5525,0.01371089
5526,0.010394408
5527,0.014594045
5528,0.011906874
5529,0.005811614
5530,0.1358489
5531,0.2465681
5532,0.1118832
5533,0.1306097
5534,0.13111836
5535,0.03376534
5536,0.04039998
5537,0.03228523
5538,0.0483079
5539,0.019874547
5540,0.026336573
5541,0.06447875
5542,0.014640148
5543,0.025068803
5544,0.014051048
5545,0.006062857
5546,0.016739087
5547,0.019263137
5548,0.035629354
5549,0.022682734
5550,0.021065466
5551,0.074069366
5552,0.09798639
5553,0.11808425
5554,0.028542357
5555,0.033284865
5556,0.025229221
5557,0.11379423
5558,0.11562801
5559,0.015286475
5560,0.089635596
5561,0.019484866
5562,0.009497484
5563,0.06635343
5564,0.01229031
5565,0.029162616
5566,0.025838507
5567,0.06336204
5568,0.053149525
5569,0.094803646
5570,0.07825975
5571,0.08932462
5572,0.038411804
5573,0.031771317
5574,0.014726715
5575,0.05815616
5576,0.073689856
5577,0.07996207
5578,0.04819801
5579,0.35320464
5580,0.080902204
5581,0.17257813
5582,0.0645225
5583,0.09822896
5584,0.01777584
5585,0.005811614
5586,0.009667327
5587,0.008273494
5588,0.06211703
5589,0.032091685
5590,0.005811614
5591,0.030880682
5592,0.01918088
5593,0.10531123
5594,0.052849032
5595,0.059162423
5596,0.05309245
5597,0.07963913
5598,0.09603387
5599,0.24279863
5600,0.027369207
5601,0.029947508
5602,0.059885312
5603,0.02774816
5604,0.050186403
5605,0.026631508
5606,0.046501454
5607,0.1314055
5608,0.022077492
5609,0.13626593
5610,0.05616599
5611,0.07909995
5612,0.033496417
5613,0.016463252
5614,0.13618968
5615,0.005811614
5616,0.015519174
5617,0.12779438
5618,0.043328788
5619,0.009787523
5620,0.007345352
5621,0.056496765
5622,0.04181423
5623,0.05422467
5624,0.08951381
5625,0.0861848
5626,0.11490646
5627,0.050937273
5628,0.05800374
5629,0.026592381
5630,0.0698978
5631,0.01262022
5632,0.029883746
5633,0.07010448
5634,0.056102607
5635,0.030247644
5636,0.005811614
5637,0.03005834
5638,0.020454722
5639,0.10841979
5640,0.13366422
5641,0.062336892
5642,0.007494997
5643,0.011725859
5644,0.028108142
5645,0.05383791
5646,0.0483079
5647,0.06475109
5648,0.062181514
5649,0.111642495
5650,0.3203337
5651,0.09869989
5652,0.10010644
5653,0.034813955
5654,0.06066812
5655,0.08402182
5656,0.13008758
5657,0.06958039
5658,0.009497484
5659,0.014410671
5660,0.31522942
5661,0.06671178
5662,0.09199655
5663,0.064459085
5664,0.091233805
5665,0.01777584
5666,0.017404066
5667,0.009374336
5668,0.034421504
5669,0.011610496
5670,0.0313968
5671,0.14015459
5672,0.038559742
5673,0.029493667
5674,0.087503016
5675,0.39350295
5676,0.059258994
5677,0.013807868
5678,0.1097548
5679,0.05867179
5680,0.18152039
5681,0.16081046
5682,0.09150103
5683,0.009972267
5684,0.015625302
5685,0.09266024
5686,0.17678036
5687,0.043283384
5688,0.20607005
5689,0.13014185
5690,0.083101586
5691,0.005811614
5692,0.028437825
5693,0.01581439
5694,0.0610655
5695,0.035741508
5696,0.10666053
5697,0.09606989
5698,0.06959948
5699,0.1336288
5700,0.02919215
5701,0.06935023
5702,0.19998965
5703,0.2262468
5704,0.08873579
5705,0.019599535
5706,0.015126412
5707,0.030956812
5708,0.44094095
5709,0.041745465
5710,0.010451984
5711,0.27156574
5712,0.23722911
5713,0.013608234
5714,0.013175327
5715,0.02128087
5716,0.053153314
5717,0.15996307
5718,0.10330852
5719,0.045217987
5720,0.044798296
5721,0.15032302
5722,0.1943478
5723,0.16691737
5724,0.16871509
5725,0.23853867
5726,0.08011131
5727,0.023271231
5728,0.11371043
5729,0.016992785
5730,0.31597295
5731,0.91466236
5732,0.09254261
5733,0.053842396
5734,0.34021685
5735,0.005811614
5736,0.0574229
5737,0.16481079
5738,0.027856981
5739,0.040139366
5740,0.054395862
5741,0.01973792
5742,0.09894404
5743,0.005855659
5744,0.16338693
5745,0.046560932
5746,0.079450496
5747,0.15395752
5748,0.11592979
5749,0.17887832
5750,0.24970935
5751,0.23048246
5752,0.024804877
5753,0.18507087
5754,0.10494072
5755,0.19630076
5756,0.7306035
5757,0.31899825
5758,0.36806563
5759,0.049091954
5760,0.14744766
5761,0.02128429
5762,0.008387638
5763,0.009601766
5764,0.011885922
5765,0.017251823
5766,0.005811614
5767,0.07920646
5768,0.008183059
5769,0.00783488
5770,0.031048084
5771,0.04819801
5772,0.0638992
5773,0.104405835
5774,0.13313323
5775,0.10810665
5776,0.16940351
5777,0.10843575
5778,0.026967322
5779,0.114541486
5780,0.20502222
5781,0.13396488
5782,0.9226562
5783,0.9492518
5784,0.39325708
5785,0.006770673
5786,0.007429179
5787,0.062442735
5788,0.04927783
5789,0.23526254
5790,0.060199462
5791,0.06196023
5792,0.008850204
5793,0.04025178
5794,0.08577348
5795,0.026063431
5796,0.008547702
5797,0.112053595
5798,0.013807868
5799,0.010474798
5800,0.11333689
5801,0.1022324
5802,0.04485673
5803,0.05556195
5804,0.13546449
5805,0.05987259
5806,0.03672315
5807,0.07774793
5808,0.09510182
5809,0.065321974
5810,0.9105954
5811,0.8984112
5812,0.49589294
5813,0.012603514
5814,0.04819801
5815,0.028490053
5816,0.11278187
5817,0.12268306
5818,0.22731802
5819,0.11519923
5820,0.011356945
5821,0.04662467
5822,0.1274524
5823,0.15826845
5824,0.1474244
5825,0.31873882
5826,0.22912198
5827,0.1416721
5828,0.115742624
5829,0.066353925
5830,0.088871166
5831,0.09535475
5832,0.041673962
5833,0.05328422
5834,0.25353912
5835,0.14417617
5836,0.081306025
5837,0.06706401
5838,0.039957266
5839,0.89926004
5840,0.9764278
5841,0.9749843
5842,0.008359569
5843,0.0396087
5844,0.14918195
5845,0.122281305
5846,0.04802471
5847,0.04132692
5848,0.019074634
5849,0.02739748
5850,0.104446605
5851,0.018364336
5852,0.26717332
5853,0.49451858
5854,0.084281236
5855,0.08039666
5856,0.06236555
5857,0.15250845
5858,0.083101586
5859,0.14497265
5860,0.08500727
5861,0.0143895745
5862,0.13679792
5863,0.08932462
5864,0.098283656
5865,0.039308593
5866,0.37335604
5867,0.3729368
5868,0.22528137
5869,0.09109315
5870,0.050593145
5871,0.091630116
5872,0.08022718
5873,0.18991919
5874,0.031010434
5875,0.053010665
5876,0.027991354
5877,0.005811614
5878,0.027295867
5879,0.026801689
5880,0.026313119
5881,0.22708383
5882,0.5500602
5883,0.3062539
5884,0.2256801
5885,0.14733581
5886,0.20949101
5887,0.18525802
5888,0.37487
5889,0.0874396
5890,0.005811614
5891,0.07010379
5892,0.029613394
5893,0.13696773
5894,0.22341387
5895,0.09002159
5896,0.22776185
5897,0.23853867
5898,0.13701385
5899,0.978456
5900,0.11302453
5901,0.018840447
5902,0.099462494
5903,0.17261422
5904,0.008841588
5905,0.051001832
5906,0.040638167
5907,0.042814318
5908,0.07000682
5909,0.07693695
5910,0.045940574
5911,0.11035018
5912,0.2710086
5913,0.24652417
5914,0.4172029
5915,0.29213873
5916,0.1461479
5917,0.13193414
5918,0.22325537
5919,0.14473145
5920,0.06876493
5921,0.015874967
5922,0.27702188
5923,0.23389699
5924,0.0710901
5925,0.46991077
5926,0.26651776
5927,0.041601244
5928,0.066078365
5929,0.1262402
5930,0.05214259
5931,0.022091264
5932,0.046168324
5933,0.04802471
5934,0.073709324
5935,0.1093244
5936,0.058516964
5937,0.12636234
5938,0.25208798
5939,0.93640566
5940,0.36516416
5941,0.27534586
5942,0.49417636
5943,0.12761955
5944,0.10115903
5945,0.079629675
5946,0.19199184
5947,0.1998724
5948,0.07820136
5949,0.024406549
5950,0.0059716776
5951,0.07630762
5952,0.1258391
5953,0.005811614
5954,0.06286526
5955,0.065484986
5956,0.0445359
5957,0.03937319
5958,0.030150926
5959,0.013778082
5960,0.02238674
5961,0.042329434
5962,0.045581687
5963,0.04825196
5964,0.17996843
5965,0.21071626
5966,0.103987314
5967,0.41663525
5968,0.49277645
5969,0.24499667
5970,0.12705384
5971,0.0059029628
5972,0.014031779
5973,0.007116867
5974,0.052849032
5975,0.11497689
5976,0.009374336
5977,0.005811614
5978,0.44378552
5979,0.00979787
5980,0.016177291
5981,0.039564654
5982,0.04159424
5983,0.13236536
5984,0.006120545
5985,0.084159374
5986,0.016569244
5987,0.024705112
5988,0.005811614
5989,0.027164089
5990,0.035879374
5991,0.08778212
5992,0.10183823
5993,0.27616113
5994,0.23688482
5995,0.07359347
5996,0.6136654
5997,0.24748999
5998,0.30583656
5999,0.15808131
6000,0.06616447
6001,0.028663052
6002,0.042135116
6003,0.0084662195
6004,0.046429645
6005,0.045103427
6006,0.034903985
6007,0.351538
6008,0.09895372
6009,0.2460692
6010,0.017566154
6011,0.09494222
6012,0.07906398
6013,0.08085959
6014,0.21348637
6015,0.006395218
6016,0.026625045
6017,0.073073134
6018,0.16561817
6019,0.44378552
6020,0.19559625
6021,0.25384
6022,0.09471265
6023,0.23488064
6024,0.14312981
6025,0.020035595
6026,0.039618492
6027,0.031071296
6028,0.17616546
6029,0.11222402
6030,0.025945375
6031,0.16586645
6032,0.020036282
6033,0.05768718
6034,0.18132141
6035,0.07424507
6036,0.00783488
6037,0.121120274
6038,0.11797793
6039,0.011610496
6040,0.0059716776
6041,0.105718166
6042,0.19979602
6043,0.08086646
6044,0.06461392
6045,0.005811614
6046,0.06064877
6047,0.06700224
6048,0.01675571
6049,0.1307874
6050,0.07641192
6051,0.03584192
6052,0.029610898
6053,0.0063670343
6054,0.13297115
6055,0.00929346
6056,0.014662758
6057,0.06276177
6058,0.056546513
6059,0.053885266
6060,0.18926653
6061,0.0073149684
6062,0.028730622
6063,0.0072769313
6064,0.060883265
6065,0.18694039
6066,0.29578862
6067,0.28428894
6068,0.033689592
6069,0.018998232
6070,0.02234208
6071,0.08640575
6072,0.007882612
6073,0.055194456
6074,0.16415632
6075,0.006062857
6076,0.027865669
6077,0.0059778746
6078,0.006718196
6079,0.017251823
6080,0.08925931
6081,0.087713055
6082,0.26157042
6083,0.064046346
6084,0.029523728
6085,0.022785641
6086,0.05508034
6087,0.0840019
6088,0.2581811
6089,0.010894888
6090,0.08805855
6091,0.0138409315
6092,0.01429005
6093,0.14291786
6094,0.12660323
6095,0.09119482
6096,0.026019918
6097,0.011032654
6098,0.2637124
6099,0.03127656
6100,0.013060666
6101,0.032140456
6102,0.18182394
6103,0.039047673
6104,0.030984854
6105,0.027390469
6106,0.013760482
6107,0.085062385
6108,0.19165029
6109,0.037966058
6110,0.0059716776
6111,0.020599525
6112,0.012551037
6113,0.06733703
6114,0.03748693
6115,0.14246641
6116,0.025796613
6117,0.19541211
6118,0.14279139
6119,0.011906874
6120,0.07386223
6121,0.029967159
6122,0.005811614
6123,0.19989684
6124,0.04114137
6125,0.009214273
6126,0.07431044
6127,0.034147795
6128,0.0072769313
6129,0.005811614
6130,0.2236022
6131,0.2806939
6132,0.08726085
6133,0.032046307
6134,0.11631093
6135,0.021122832
6136,0.021765182
6137,0.06957784
6138,0.05062351
6139,0.098812915
6140,0.72987056
6141,0.05593733
6142,0.011128461
6143,0.0731267
6144,0.016064355
6145,0.028617304
6146,0.022467192
6147,0.13159363
6148,0.36517066
6149,0.10761467
6150,0.08082542
6151,0.006339548
6152,0.024336712
6153,0.039235733
6154,0.09285358
6155,0.03538862
6156,0.025247833
6157,0.060608424
6158,0.023587098
6159,0.024406549
6160,0.017112792
6161,0.03833999
6162,0.026293464
6163,0.06227238
6164,0.03057959
6165,0.012955037
6166,0.005811614
6167,0.03242206
6168,0.052565694
6169,0.11120514
6170,0.012733777
6171,0.031388514
6172,0.44378552
6173,0.024338461
6174,0.092488356
6175,0.05828625
6176,0.043968458
6177,0.020473808
6178,0.27459145
6179,0.018758053
6180,0.009374336
6181,0.008042675
6182,0.006770673
6183,0.031669687
6184,0.092773266
6185,0.019416446
6186,0.010634862
6187,0.08561398
6188,0.006395218
6189,0.025710221
6190,0.22509865
6191,0.08704954
6192,0.011725859
6193,0.01901104
6194,0.029683808
6195,0.070897534
6196,0.009450992
6197,0.03577055
6198,0.13692501
6199,0.11594481
6200,0.013327116
6201,0.04368886
6202,0.045699693
6203,0.05703019
6204,0.072141014
6205,0.08467506
6206,0.06532397
6207,0.027155627
6208,0.07827853
6209,0.014842733
6210,0.074395835
6211,0.22843681
6212,0.14515048
6213,0.07898069
6214,0.010016312
6215,0.019877555
6216,0.026572509
6217,0.020534676
6218,0.017330762
6219,0.005811614
6220,0.015566504
6221,0.009374336
6222,0.01087259
6223,0.0070026563
6224,0.026845176
6225,0.10841979
6226,0.16728862
6227,0.0059716776
6228,0.09254261
6229,0.11536984
6230,0.008693651
6231,0.1924476
6232,0.009165027
6233,0.051971063
6234,0.014180057
6235,0.015952485
6236,0.024037791
6237,0.014842733
6238,0.02882163
6239,0.034204043
6240,0.014211112
6241,0.058252957
6242,0.025642216
6243,0.035884015
6244,0.013608234
6245,0.01303886
6246,0.0145707335
6247,0.0072769313
6248,0.043122094
6249,0.060986523
6250,0.027989328
6251,0.035088394
6252,0.017296119
6253,0.0059716776
6254,0.009374336
6255,0.01859311
6256,0.011032654
6257,0.011662969
6258,0.039684996
6259,0.04071825
6260,0.005811614
6261,0.013465654
6262,0.07504769
6263,0.03945693
6264,0.09411114
6265,0.059345175
6266,0.012603514
6267,0.20482759
6268,0.035974875
6269,0.005811614
6270,0.09149651
6271,0.016107848
6272,0.07980728
6273,0.1309186
6274,0.05426155
6275,0.011662969
6276,0.034239933
6277,0.019782199
6278,0.008918623
6279,0.031852096
6280,0.013687941
6281,0.019252218
6282,0.015952485
6283,0.005811614
6284,0.010216564
6285,0.005811614
6286,0.012038169
6287,0.005811614
6288,0.034033205
6289,0.065412715
6290,0.13674514
6291,0.0066106105
6292,0.038677953
6293,0.046168324
6294,0.06237148
6295,0.038365915
6296,0.015322774
6297,0.046045
6298,0.010301393
6299,0.03937319
6300,0.011032654
6301,0.012603514
6302,0.037579075
6303,0.064502686
6304,0.09641473
6305,0.01344817
6306,0.055698402
6307,0.012203749
6308,0.034497276
6309,0.053483795
6310,0.041121338
6311,0.14331938
6312,0.011584904
6313,0.0070948955
6314,0.056215342
6315,0.03260924
6316,0.07527199
6317,0.06028815
6318,0.075441875
6319,0.0087042535
6320,0.010913807
6321,0.022831421
6322,0.07571107
6323,0.07444372
6324,0.22779717
6325,0.15961426
6326,0.166224
6327,0.32777134
6328,0.033664033
6329,0.35260883
6330,0.064940885
6331,0.16740838
6332,0.045879908
6333,0.18633872
6334,0.013863884
6335,0.047879346
6336,0.005811614
6337,0.28615052
6338,0.0106137
6339,0.6947216
6340,0.16221052
6341,0.21065268
6342,0.06583686
6343,0.0075585064
6344,0.020716753
6345,0.04597048
6346,0.032689273
6347,0.013601182
6348,0.20803693
6349,0.12881213
6350,0.50431246
6351,0.53720725
6352,0.11597183
6353,0.09315058
6354,0.12143054
6355,0.24501178
6356,0.0087042535
6357,0.008433558
6358,0.026049396
6359,0.054936204
6360,0.02395467
6361,0.01700573
6362,0.11513525
6363,0.032693066
6364,0.4235713
6365,0.13820545
6366,0.2747262
6367,0.536703
6368,0.13362925
6369,0.01947724
6370,0.44783083
6371,0.046234127
6372,0.09117098
6373,0.22130102
6374,0.06415652
6375,0.09557574
6376,0.028271941
6377,0.052146334
6378,0.055718955
6379,0.07395595
6380,0.16424955
6381,0.038654514
6382,0.09900161
6383,0.36264184
6384,0.03287376
6385,0.017545458
6386,0.09246436
6387,0.024510875
6388,0.07545113
6389,0.028188115
6390,0.07216269
6391,0.09311318
6392,0.048588503
6393,0.042462453
6394,0.11773376
6395,0.34443465
6396,0.06940409
6397,0.024112705
6398,0.012288469
6399,0.006811266
6400,0.005855659
6401,0.005811614
6402,0.30997747
6403,0.1693949
6404,0.06428731
6405,0.35617355
6406,0.45751104
6407,0.077191055
6408,0.026093552
6409,0.018270958
6410,0.009684639
6411,0.0069713304
6412,0.047629867
6413,0.008590111
6414,0.028262585
6415,0.018428313
6416,0.18554293
6417,0.3367765
6418,0.31028134
6419,0.018634263
6420,0.051329937
6421,0.03815253
6422,0.009245903
6423,0.06589514
6424,0.009243323
6425,0.22840193
6426,0.009630764
6427,0.029609617
6428,0.010673159
6429,0.0674844
6430,0.00920899
6431,0.297742
6432,0.63172746
6433,0.0077185687
6434,0.052930657
6435,0.01032355
6436,0.01524786
6437,0.015892215
6438,0.0059192013
6439,0.005811614
6440,0.083146706
6441,0.20961271
6442,0.16901544
6443,0.08010332
6444,0.109082066
6445,0.008068712
6446,0.028108139
6447,0.039473712
6448,0.053575628
6449,0.04649757
6450,0.027222216
6451,0.05804183
6452,0.029288469
6453,0.0062918477
6454,0.025955206
6455,0.014553997
6456,0.02765608
6457,0.012203749
6458,0.04559553
6459,0.006070886
6460,0.09316743
6461,0.021825798
6462,0.042940963
6463,0.0779609
6464,0.15404016
6465,0.20867233
6466,0.041809794
6467,0.04945109
6468,0.075122975
6469,0.1530825
6470,0.054957476
6471,0.031124093
6472,0.05433071
6473,0.03701529
6474,0.014656075
6475,0.006040097
6476,0.07904789
6477,0.03478311
6478,0.029216416
6479,0.027441595
6480,0.04521515
6481,0.078999154
6482,0.117802635
6483,0.0953114
6484,0.13666102
6485,0.042598348
6486,0.017227376
6487,0.012128404
6488,0.045753036
6489,0.044759173
6490,0.009369054
6491,0.011584904
6492,0.06605845
6493,0.041541036
6494,0.4228158
6495,0.117850736
6496,0.06589514
6497,0.012578796
6498,0.14810383
6499,0.01320951
6500,0.111687146
6501,0.031028591
6502,0.01580579
6503,0.006855311
6504,0.037033465
6505,0.005811614
6506,0.009523178
6507,0.021075072
6508,0.11605837
6509,0.06682579
6510,0.03509549
6511,0.08001796
6512,0.086721875
6513,0.11479256
6514,0.3043879
6515,0.041628197
6516,0.045142386
6517,0.06181598
6518,0.03191267
6519,0.07433189
6520,0.07433426
6521,0.07299141
6522,0.13340046
6523,0.030221611
6524,0.13868713
6525,0.08092422
6526,0.06073365
6527,0.033889607
6528,0.005811614
6529,0.013931123
6530,0.14799078
6531,0.0138656255
6532,0.03629636
6533,0.10647324
6534,0.05062592
6535,0.010213779
6536,0.02403822
6537,0.09502394
6538,0.036100943
6539,0.08369888
6540,0.105917186
6541,0.075470306
6542,0.15504532
6543,0.07735051
6544,0.09824404
6545,0.028155088
6546,0.11006353
6547,0.017525125
6548,0.038592767
6549,0.04242569
6550,0.08961229
6551,0.05459491
6552,0.00670214
6553,0.05638651
6554,0.046360042
6555,0.07072912
6556,0.096797496
6557,0.046485033
6558,0.034966167
6559,0.0073975725
6560,0.0061239237
6561,0.059018288
6562,0.0143701155
6563,0.059747342
6564,0.036059696
6565,0.036853343
6566,0.1114735
6567,0.3109861
6568,0.10199563
6569,0.13318093
6570,0.057497416
6571,0.09862059
6572,0.07025657
6573,0.09041492
6574,0.080181636
6575,0.005811614
6576,0.019091733
6577,0.30587074
6578,0.08930638
6579,0.10307131
6580,0.073159896
6581,0.10432295
6582,0.017705522
6583,0.018494563
6584,0.016446922
6585,0.17294796
6586,0.06523988
6587,0.058491323
6588,0.08106033
6589,0.3757648
6590,0.09267277
6591,0.009684639
6592,0.114109725
6593,0.044041034
6594,0.20901623
6595,0.18033445
6596,0.084951565
6597,0.034936856
6598,0.03641279
6599,0.15928154
6600,0.05112482
6601,0.13995536
6602,0.116134055
6603,0.008867631
6604,0.07325473
6605,0.005811614
6606,0.0203662
6607,0.021564651
6608,0.07813431
6609,0.012943976
6610,0.11562486
6611,0.117278576
6612,0.09384683
6613,0.09964019
6614,0.019243976
6615,0.09153544
6616,0.19454473
6617,0.24737284
6618,0.10502825
6619,0.005811614
6620,0.030844819
6621,0.031205287
6622,0.018432405
6623,0.04492627
6624,0.42307308
6625,0.062138885
6626,0.036592662
6627,0.31894377
6628,0.23505166
6629,0.016859112
6630,0.013863884
6631,0.005811614
6632,0.01957249
6633,0.028574899
6634,0.15282707
6635,0.15944853
6636,0.026253335
6637,0.053152546
6638,0.15387724
6639,0.16517238
6640,0.17890805
6641,0.17890544
6642,0.23490258
6643,0.070047006
6644,0.045681085
6645,0.04013631
6646,0.12435901
6647,0.040044963
6648,0.35480633
6649,0.95251155
6650,0.09316743
6651,0.027648505
6652,0.33775836
6653,0.005811614
6654,0.04016565
6655,0.20492174
6656,0.015760465
6657,0.023274085
6658,0.04931832
6659,0.015373826
6660,0.048044506
6661,0.24530013
6662,0.039544463
6663,0.07570296
6664,0.1816105
6665,0.14693676
6666,0.23604973
6667,0.2736638
6668,0.22877207
6669,0.18702841
6670,0.1417786
6671,0.2058683
6672,0.69251305
6673,0.39131403
6674,0.38767058
6675,0.012625365
6676,0.027176764
6677,0.15837038
6678,0.008194082
6679,0.007870814
6680,0.013931123
6681,0.005811614
6682,0.07639044
6683,0.007975263
6684,0.0077185687
6685,0.030454561
6686,0.052979894
6687,0.0715386
6688,0.08939537
6689,0.11925463
6690,0.10654721
6691,0.2176413
6692,0.1277964
6693,0.054845158
6694,0.16986702
6695,0.1793065
6696,0.025952669
6697,0.08545315
6698,0.9164138
6699,0.95447814
6700,0.38775486
6701,0.0065827584
6702,0.03098276
6703,0.015468676
6704,0.0511699
6705,0.2283811
6706,0.10130833
6707,0.017382212
6708,0.052450147
6709,0.011102194
6710,0.036589418
6711,0.064816795
6712,0.041424002
6713,0.008433558
6714,0.18871447
6715,0.013537502
6716,0.010053716
6717,0.07836959
6718,0.078525275
6719,0.073581785
6720,0.030384736
6721,0.12860662
6722,0.09652873
6723,0.0072769313
6724,0.04413602
6725,0.060934618
6726,0.1288624
6727,0.05309912
6728,0.927497
6729,0.922604
6730,0.53704196
6731,0.01955284
6732,0.047889043
6733,0.010741575
6734,0.16402082
6735,0.09762172
6736,0.1881854
6737,0.031856313
6738,0.10317504
6739,0.018385746
6740,0.09223951
6741,0.08149496
6742,0.1645285
6743,0.11264742
6744,0.3609817
6745,0.2289767
6746,0.11891567
6747,0.113809474
6748,0.07710685
6749,0.060693458
6750,0.12576546
6751,0.017954413
6752,0.037098736
6753,0.23101133
6754,0.1409189
6755,0.07622286
6756,0.05399414
6757,0.03837903
6758,0.90521365
6759,0.9772586
6760,0.97778845
6761,0.030683095
6762,0.04093254
6763,0.14210445
6764,0.011584904
6765,0.19986878
6766,0.0061239237
6767,0.008433558
6768,0.012418732
6769,0.036386095
6770,0.023388565
6771,0.07519144
6772,0.025045168
6773,0.25826743
6774,0.557374
6775,0.05527892
6776,0.10637021
6777,0.07288106
6778,0.16852583
6779,0.06423254
6780,0.15941381
6781,0.07194649
6782,0.043382507
6783,0.11728488
6784,0.15037711
6785,0.07959326
6786,0.020158025
6787,0.012852627
6788,0.36216643
6789,0.3729368
6790,0.26636514
6791,0.123684414
6792,0.024970686
6793,0.104282565
6794,0.026196256
6795,0.22825482
6796,0.0432383
6797,0.057371162
6798,0.01407624
6799,0.043064285
6800,0.026958479
6801,0.046675835
6802,0.1782303
6803,0.5029533
6804,0.2617486
6805,0.22189097
6806,0.11234883
6807,0.1874425
6808,0.20327196
6809,0.38874012
6810,0.11948037
6811,0.019930672
6812,0.049344145
6813,0.022313943
6814,0.1503899
6815,0.2713675
6816,0.049670774
6817,0.3268816
6818,0.26061788
6819,0.19891618
6820,0.97928685
6821,0.086095214
6822,0.005811614
6823,0.096843444
6824,0.13312763
6825,0.012852627
6826,0.03812207
6827,0.05137007
6828,0.058561243
6829,0.082856
6830,0.068326876
6831,0.060721893
6832,0.109975114
6833,0.23552111
6834,0.22691219
6835,0.4250465
6836,0.36496252
6837,0.1404916
6838,0.15337865
6839,0.22597961
6840,0.17871495
6841,0.092027806
6842,0.031680066
6843,0.32803914
6844,0.23183417
6845,0.06877527
6846,0.5657665
6847,0.23767406
6848,0.0059029628
6849,0.034448184
6850,0.048016835
6851,0.08223409
6852,0.06585192
6853,0.005811614
6854,0.021598665
6855,0.018721871
6856,0.036853343
6857,0.10880528
6858,0.061077576
6859,0.092130505
6860,0.27463794
6861,0.94488066
6862,0.4131195
6863,0.2742365
6864,0.4228158
6865,0.13201898
6866,0.0715386
6867,0.06476152
6868,0.17756875
6869,0.20880772
6870,0.056515828
6871,0.023366181
6872,0.04214645
6873,0.09428328
6874,0.00933742
6875,0.02548956
6876,0.07994487
6877,0.012219753
6878,0.059636507
6879,0.03269408
6880,0.012288469
6881,0.03845261
6882,0.022064283
6883,0.03192905
6884,0.07071646
6885,0.21152885
6886,0.20967743
6887,0.10275149
6888,0.53689766
6889,0.48000097
6890,0.2977822
6891,0.10503682
6892,0.0068622045
6893,0.07204954
6894,0.005811614
6895,0.04553466
6896,0.0778153
6897,0.014091187
6898,0.5569205
6899,0.055455808
6900,0.010301393
6901,0.025814284
6902,0.03123057
6903,0.10305422
6904,0.029211193
6905,0.019414455
6906,0.04016565
6907,0.005811614
6908,0.015638517
6909,0.018638045
6910,0.10432295
6911,0.076485164
6912,0.33699274
6913,0.24340315
6914,0.13278627
6915,0.55924255
6916,0.30957416
6917,0.36048034
6918,0.06998026
6919,0.03157784
6920,0.042217802
6921,0.016497644
6922,0.03999607
6923,0.046186235
6924,0.029918471
6925,0.06616387
6926,0.3906569
6927,0.10993
6928,0.19556637
6929,0.020503249
6930,0.06518811
6931,0.062261704
6932,0.1329593
6933,0.20945741
6934,0.04138961
6935,0.030921897
6936,0.060894262
6937,0.16999148
6938,0.48174307
6939,0.21506225
6940,0.2838068
6941,0.11023239
6942,0.29796726
6943,0.15379252
6944,0.04441365
6945,0.009086451
6946,0.022254841
6947,0.03943807
6948,0.023388565
6949,0.12210524
6950,0.13700184
6951,0.016428681
6952,0.25008973
6953,0.019639976
6954,0.055356
6955,0.22316508
6956,0.048141886
6957,0.0059716776
6958,0.005811614
6959,0.0756914
6960,0.10206536
6961,0.012235992
6962,0.11174943
6963,0.18869707
6964,0.06089279
6965,0.067175284
6966,0.005811614
6967,0.053556092
6968,0.08901116
6969,0.006040097
6970,0.10853711
6971,0.033161797
6972,0.023010137
6973,0.04820778
6974,0.008433558
6975,0.10976565
6976,0.00901358
6977,0.061587453
6978,0.057371162
6979,0.04097579
6980,0.15510447
6981,0.01853922
6982,0.055676084
6983,0.005811614
6984,0.0777266
6985,0.16213547
6986,0.301004
6987,0.282279
6988,0.040293485
6989,0.007116867
6990,0.021485148
6991,0.042075153
6992,0.012288469
6993,0.06625217
6994,0.1335814
6995,0.011102432
6996,0.029705444
6997,0.012697648
6998,0.02481421
6999,0.0071609127
7000,0.10382386
7001,0.09158992
7002,0.27364272
7003,0.0345127
7004,0.018677212
7005,0.05558426
7006,0.08892042
7007,0.24779686
7008,0.036955077
7009,0.041379493
7010,0.011102432
7011,0.08906405
7012,0.025458487
7013,0.015382584
7014,0.11840854
7015,0.11177994
7016,0.07784265
7017,0.03567808
7018,0.010673159
7019,0.25410184
7020,0.037283815
7021,0.020481983
7022,0.17441987
7023,0.040618848
7024,0.02032343
7025,0.011351411
7026,0.03581322
7027,0.046629444
7028,0.20986576
7029,0.012235992
7030,0.0059716776
7031,0.024032189
7032,0.038618937
7033,0.065353915
7034,0.05949839
7035,0.18142335
7036,0.026361207
7037,0.22683978
7038,0.100989126
7039,0.030212596
7040,0.032414805
7041,0.020679228
7042,0.025955206
7043,0.13178979
7044,0.014944789
7045,0.15472646
7046,0.009788922
7047,0.089090854
7048,0.03994609
7049,0.0072769313
7050,0.008433558
7051,0.21887493
7052,0.27734235
7053,0.07838353
7054,0.050673988
7055,0.0137134455
7056,0.08038454
7057,0.006395218
7058,0.0060651274
7059,0.10962192
7060,0.08265865
7061,0.09913136
7062,0.74226433
7063,0.0664058
7064,0.020481065
7065,0.06104232
7066,0.08432537
7067,0.018855594
7068,0.044007365
7069,0.1952218
7070,0.3733381
7071,0.12881632
7072,0.1028491
7073,0.0069985064
7074,0.03893073
7075,0.045681085
7076,0.092027806
7077,0.054845158
7078,0.010301393
7079,0.074092306
7080,0.008544793
7081,0.02383268
7082,0.005979537
7083,0.11553787
7084,0.016214227
7085,0.08326732
7086,0.030358119
7087,0.015368758
7088,0.0137134455
7089,0.03845261
7090,0.13449721
7091,0.15565188
7092,0.019815054
7093,0.092412226
7094,0.557374
7095,0.05850038
7096,0.08033761
7097,0.022669367
7098,0.07031764
7099,0.052365787
7100,0.011033718
7101,0.3155964
7102,0.03191261
7103,0.0065827584
7104,0.016762188
7105,0.030179935
7106,0.08033761
7107,0.019091733
7108,0.09518555
7109,0.03703937
7110,0.0061239237
7111,0.05467665
7112,0.22316508
7113,0.15424669
7114,0.03347203
7115,0.018569626
7116,0.013463646
7117,0.08476647
7118,0.046110805
7119,0.0059716776
7120,0.17336792
7121,0.09494859
7122,0.005811614
7123,0.037417684
7124,0.11611554
7125,0.06394145
7126,0.04594642
7127,0.04446457
7128,0.031452343
7129,0.060299855
7130,0.014670014
7131,0.03883211
7132,0.24463698
7133,0.10886275
7134,0.0072769313
7135,0.008433558
7136,0.06808125
7137,0.02210444
7138,0.032797553
7139,0.019960532
7140,0.013975168
7141,0.013678697
7142,0.015468676
7143,0.009094455
7144,0.037709713
7145,0.006811266
7146,0.005811614
7147,0.05440997
7148,0.024675826
7149,0.111895815
7150,0.09316743
7151,0.16151969
7152,0.14793606
7153,0.00901358
7154,0.06725222
7155,0.017312603
7156,0.017823128
7157,0.034493715
7158,0.01785661
7159,0.016880235
7160,0.022588916
7161,0.012697648
7162,0.014091187
7163,0.008867631
7164,0.0077185687
7165,0.07941806
7166,0.005811614
7167,0.03535872
7168,0.013293801
7169,0.012135328
7170,0.028706154
7171,0.01766807
7172,0.0071644792
7173,0.076254085
7174,0.006040097
7175,0.06478103
7176,0.015671661
7177,0.0059716776
7178,0.009094455
7179,0.018152742
7180,0.010673159
7181,0.028302059
7182,0.13191248
7183,0.010813008
7184,0.09316743
7185,0.005811614
7186,0.12759936
7187,0.058656957
7188,0.056515828
7189,0.013121185
7190,0.22997853
7191,0.04676414
7192,0.011870867
7193,0.005855659
7194,0.07879867
7195,0.014670014
7196,0.08507722
7197,0.0072769313
7198,0.115299426
7199,0.041086588
7200,0.011288525
7201,0.017410574
7202,0.007870814
7203,0.005811614
7204,0.021985568
7205,0.009835488
7206,0.02657058
7207,0.021324726
7208,0.005855659
7209,0.006855311
7210,0.022588916
7211,0.005811614
7212,0.005811614
7213,0.0077185687
7214,0.023288997
7215,0.03716847
7216,0.03188543
7217,0.0072769313
7218,0.20225674
7219,0.008934393
7220,0.09111708
7221,0.0059716776
7222,0.025113132
7223,0.03810577
7224,0.07090187
7225,0.02333452
7226,0.025812427
7227,0.025146179
7228,0.010673159
7229,0.012288469
7230,0.005811614
7231,0.006040097
7232,0.07595775
7233,0.12561943
7234,0.07645953
7235,0.006040097
7236,0.018709261
7237,0.033808023
7238,0.10418866
7239,0.02318692
7240,0.014955848
7241,0.06627668
7242,0.011584904
7243,0.030243896
7244,0.006395218
7245,0.033256024
7246,0.089565195
7247,0.17029172
7248,0.033582922
7249,0.008590111
7250,0.03189774
7251,0.006040097
7252,0.09509173
7253,0.026055383
7254,0.09659134
7255,0.16704541
7256,0.15951435
7257,0.01908262
7258,0.15975846
7259,0.28672847
7260,0.073852286
7261,0.4257415
7262,0.112093
7263,0.14164063
7264,0.018292727
7265,0.02474707
7266,0.16710718
7267,0.06156447
7268,0.014670014
7269,0.011511475
7270,0.19058368
7271,0.040261168
7272,0.85365677
7273,0.25228235
7274,0.06332404
7275,0.040659886
7276,0.23710062
7277,0.06751044
7278,0.026251646
7279,0.0058945557
7280,0.0606267
7281,0.0274378
7282,0.008430047
7283,0.029168114
7284,0.036291733
7285,0.14753158
7286,0.18879566
7287,0.44644535
7288,0.4753804
7289,0.062442288
7290,0.035059087
7291,0.13159071
7292,0.16336438
7293,0.019490337
7294,0.066947736
7295,0.053115614
7296,0.02289703
7297,0.07383601
7298,0.42599702
7299,0.16914003
7300,0.39005274
7301,0.5588429
7302,0.039117575
7303,0.042154815
7304,0.37272444
7305,0.03942585
7306,0.3023283
7307,0.08629988
7308,0.05192166
7309,0.016639857
7310,0.040691756
7311,0.13397926
7312,0.12339231
7313,0.0856
7314,0.034066908
7315,0.03461937
7316,0.38832772
7317,0.042651985
7318,0.027959634
7319,0.10295494
7320,0.018043809
7321,0.08495739
7322,0.1116756
7323,0.086784065
7324,0.11873606
7325,0.0417396
7326,0.07550522
7327,0.16528255
7328,0.25227654
7329,0.10460651
7330,0.018905155
7331,0.0059716776
7332,0.016500188
7333,0.53825545
7334,0.18855803
7335,0.078413285
7336,0.34891605
7337,0.5437979
7338,0.08637597
7339,0.0630696
7340,0.017902158
7341,0.011600816
7342,0.012166651
7343,0.010929027
7344,0.18112639
7345,0.048688695
7346,0.0148640955
7347,0.043741558
7348,0.2283307
7349,0.38856068
7350,0.010929027
7351,0.008788443
7352,0.006811266
7353,0.055837486
7354,0.005811614
7355,0.02155272
7356,0.08198774
7357,0.034899086
7358,0.2747934
7359,0.0423106
7360,0.06565184
7361,0.0070855403
7362,0.06438868
7363,0.006395218
7364,0.024597524
7365,0.30500153
7366,0.53668046
7367,0.0060829083
7368,0.057588197
7369,0.009949433
7370,0.017902158
7371,0.052375637
7372,0.037548397
7373,0.005811614
7374,0.02045077
7375,0.013264722
7376,0.12339231
7377,0.21265906
7378,0.1699509
7379,0.06630251
7380,0.052043088
7381,0.0060651274
7382,0.027162232
7383,0.026129682
7384,0.04247727
7385,0.041511916
7386,0.04467703
7387,0.054955076
7388,0.016782405
7389,0.03311301
7390,0.021398963
7391,0.020756746
7392,0.039727688
7393,0.019860739
7394,0.031954788
7395,0.021320025
7396,0.03129989
7397,0.11127146
7398,0.12663484
7399,0.18546934
7400,0.045515057
7401,0.041795317
7402,0.083529234
7403,0.124828555
7404,0.07443324
7405,0.031009868
7406,0.06149951
7407,0.005811614
7408,0.040553894
7409,0.07727069
7410,0.074199915
7411,0.016054163
7412,0.017309012
7413,0.017621323
7414,0.030193849
7415,0.05083667
7416,0.08679103
7417,0.15285185
7418,0.117824584
7419,0.07062541
7420,0.0073182355
7421,0.0063401684
7422,0.08385992
7423,0.067068465
7424,0.011584904
7425,0.06557333
7426,0.030597659
7427,0.47679752
7428,0.07896253
7429,0.018500911
7430,0.13431293
7431,0.02240602
7432,0.052912198
7433,0.010118048
7434,0.01570796
7435,0.008753487
7436,0.115548
7437,0.02093229
7438,0.011760879
7439,0.032509014
7440,0.021891845
7441,0.052119598
7442,0.03451613
7443,0.058735974
7444,0.049096696
7445,0.1035629
7446,0.117862396
7447,0.24098073
7448,0.055419896
7449,0.018386977
7450,0.039711688
7451,0.018331204
7452,0.039787363
7453,0.0072769313
7454,0.10489151
7455,0.06666933
7456,0.077630416
7457,0.08552311
7458,0.1325886
7459,0.025265103
7460,0.043792207
7461,0.039673563
7462,0.013549449
7463,0.017902158
7464,0.123910025
7465,0.01027811
7466,0.026094113
7467,0.10552708
7468,0.018054402
7469,0.018347144
7470,0.009286022
7471,0.06695594
7472,0.04313293
7473,0.07545383
7474,0.1291022
7475,0.073814385
7476,0.116917886
7477,0.053355828
7478,0.12067176
7479,0.016042655
7480,0.14470296
7481,0.047686744
7482,0.05884177
7483,0.080139495
7484,0.07927985
7485,0.058543053
7486,0.07276058
7487,0.048997313
7488,0.08912211
7489,0.028472755
7490,0.067589484
7491,0.0073975725
7492,0.02320418
7493,0.022627007
7494,0.042040598
7495,0.062683426
7496,0.0114688855
7497,0.041073244
7498,0.04584357
7499,0.041967977
7500,0.09758678
7501,0.3184502
7502,0.07396741
7503,0.14369941
7504,0.09047283
7505,0.11008834
7506,0.05258062
7507,0.10327134
7508,0.041356523
7509,0.016098209
7510,0.22772108
7511,0.07804716
7512,0.15654801
7513,0.04955461
7514,0.09602955
7515,0.01762026
7516,0.007698889
7517,0.03225211
7518,0.01281149
7519,0.13530968
7520,0.06400283
7521,0.05033549
7522,0.12212602
7523,0.45431486
7524,0.055094656
7525,0.017195007
7526,0.15590629
7527,0.06204051
7528,0.25347415
7529,0.22943112
7530,0.08297598
7531,0.09395119
7532,0.042185534
7533,0.06300087
7534,0.1992028
7535,0.03878998
7536,0.17888471
7537,0.109574705
7538,0.091833934
7539,0.010513094
7540,0.0069254767
7541,0.027251268
7542,0.04299454
7543,0.010813008
7544,0.11136994
7545,0.1235472
7546,0.0851316
7547,0.118867524
7548,0.03131351
7549,0.13705298
7550,0.19513154
7551,0.23005348
7552,0.068421684
7553,0.009554809
7554,0.10945742
7555,0.052715316
7556,0.024437182
7557,0.38868862
7558,0.020735944
7559,0.03773456
7560,0.2968256
7561,0.17016263
7562,0.019296506
7563,0.006514225
7564,0.009554809
7565,0.0137134455
7566,0.035844535
7567,0.040030874
7568,0.13492344
7569,0.16189356
7570,0.05896803
7571,0.04823962
7572,0.15797447
7573,0.14697838
7574,0.19893453
7575,0.20920043
7576,0.28260273
7577,0.06285165
7578,0.105781436
7579,0.102627896
7580,0.033960264
7581,0.3063731
7582,0.9556856
7583,0.092256814
7584,0.0072040255
7585,0.36158833
7586,0.008788443
7587,0.052375637
7588,0.18726149
7589,0.015015926
7590,0.006811266
7591,0.05607469
7592,0.06483638
7593,0.039727688
7594,0.0684385
7595,0.18261622
7596,0.021339217
7597,0.058000125
7598,0.1940399
7599,0.13317896
7600,0.20749246
7601,0.27227047
7602,0.18499759
7603,0.022215957
7604,0.17711052
7605,0.15859108
7606,0.26181886
7607,0.73532254
7608,0.38767058
7609,0.4664876
7610,0.0066742897
7611,0.0381433
7612,0.17017287
7613,0.05612901
7614,0.005811614
7615,0.005811614
7616,0.006317204
7617,0.07074873
7618,0.0076211453
7619,0.030401273
7620,0.036365684
7621,0.052044675
7622,0.09060141
7623,0.110593386
7624,0.079888806
7625,0.18502411
7626,0.14829718
7627,0.037594236
7628,0.12575825
7629,0.22427501
7630,0.04118811
7631,0.058255028
7632,0.9302958
7633,0.9564719
7634,0.4809017
7635,0.0065827584
7636,0.008742358
7637,0.073404506
7638,0.3049237
7639,0.087152645
7640,0.059693165
7641,0.06433421
7642,0.05511076
7643,0.0345655
7644,0.008433558
7645,0.27624866
7646,0.013373507
7647,0.009684639
7648,0.09961309
7649,0.09474339
7650,0.032011893
7651,0.064150915
7652,0.13092676
7653,0.08881349
7654,0.0072769313
7655,0.008430047
7656,0.06718994
7657,0.15267025
7658,0.14373116
7659,0.95845747
7660,0.923837
7661,0.7007518
7662,0.009217606
7663,0.008751612
7664,0.021091746
7665,0.022924459
7666,0.17263375
7667,0.14159618
7668,0.24323414
7669,0.02298641
7670,0.11103635
7671,0.024093056
7672,0.07367048
7673,0.11646335
7674,0.13312243
7675,0.11277554
7676,0.37005478
7677,0.2613411
7678,0.1069729
7679,0.10870329
7680,0.070125684
7681,0.030530153
7682,0.118194304
7683,0.032810643
7684,0.06215152
7685,0.037975997
7686,0.16799134
7687,0.13577761
7688,0.1021807
7689,0.09054328
7690,0.07226179
7691,0.909506
7692,0.977678
7693,0.9809625
7694,0.053298753
7695,0.04215299
7696,0.15423062
7697,0.010040781
7698,0.14466357
7699,0.052715316
7700,0.0058945557
7701,0.020573946
7702,0.035637476
7703,0.08125122
7704,0.019297756
7705,0.31595817
7706,0.5399523
7707,0.06563721
7708,0.08222741
7709,0.05890716
7710,0.1606919
7711,0.06582413
7712,0.14698936
7713,0.10601996
7714,0.018307922
7715,0.06573712
7716,0.10268586
7717,0.067095615
7718,0.026563896
7719,0.028030908
7720,0.36216643
7721,0.36326888
7722,0.25429875
7723,0.11780193
7724,0.036568537
7725,0.08126191
7726,0.05581421
7727,0.2289291
7728,0.010513094
7729,0.034407668
7730,0.0374123
7731,0.025025522
7732,0.019261003
7733,0.043861058
7734,0.012349376
7735,0.16791531
7736,0.45112225
7737,0.2959315
7738,0.2226273
7739,0.17319363
7740,0.18298872
7741,0.22270463
7742,0.3714725
7743,0.10699404
7744,0.009684639
7745,0.08596818
7746,0.06413696
7747,0.12904568
7748,0.26258335
7749,0.08858608
7750,0.3709449
7751,0.22611342
7752,0.17425722
7753,0.9797062
7754,0.06319145
7755,0.016284311
7756,0.07139262
7757,0.11385003
7758,0.018420871
7759,0.06009314
7760,0.11583468
7761,0.09064521
7762,0.055245463
7763,0.04035667
7764,0.059406232
7765,0.117867656
7766,0.22764917
7767,0.17302695
7768,0.42747223
7769,0.35200676
7770,0.13521454
7771,0.14384998
7772,0.21905978
7773,0.036707044
7774,0.15248355
7775,0.062138796
7776,0.040282723
7777,0.2622411
7778,0.25847355
7779,0.0921051
7780,0.42622182
7781,0.2778418
7782,0.087209724
7783,0.054486055
7784,0.073280945
7785,0.07616788
7786,0.009840777
7787,0.017195007
7788,0.008378008
7789,0.059266955
7790,0.09672593
7791,0.10787183
7792,0.116140686
7793,0.27304292
7794,0.9230129
7795,0.36158833
7796,0.27570704
7797,0.3880719
7798,0.112592176
7799,0.018967953
7800,0.07619331
7801,0.110062905
7802,0.09561119
7803,0.19366361
7804,0.06504153
7805,0.022958435
7806,0.09799433
7807,0.17321688
7808,0.005979537
7809,0.03790071
7810,0.056440048
7811,0.013940748
7812,0.08273037
7813,0.02697852
7814,0.011914022
7815,0.049351394
7816,0.031774797
7817,0.03231241
7818,0.099727675
7819,0.21595767
7820,0.19699807
7821,0.08594002
7822,0.6012523
7823,0.45247412
7824,0.27460417
7825,0.12744103
7826,0.0066742897
7827,0.02190852
7828,0.019269578
7829,0.050503947
7830,0.106120534
7831,0.009057542
7832,0.008948507
7833,0.026251646
7834,0.69668245
7835,0.052375637
7836,0.01570796
7837,0.033520546
7838,0.06889048
7839,0.08584228
7840,0.032139674
7841,0.027680282
7842,0.005979537
7843,0.045778308
7844,0.016786044
7845,0.017970575
7846,0.062969685
7847,0.08934498
7848,0.36119694
7849,0.22886518
7850,0.08761271
7851,0.6052664
7852,0.3216316
7853,0.2977157
7854,0.08998283
7855,0.042369712
7856,0.016231045
7857,0.008767298
7858,0.02854724
7859,0.024026595
7860,0.03676357
7861,0.0609025
7862,0.3706624
7863,0.09069501
7864,0.2655073
7865,0.020503249
7866,0.061014153
7867,0.10606628
7868,0.10498653
7869,0.16079924
7870,0.033520546
7871,0.04526687
7872,0.073394515
7873,0.16764106
7874,0.60294443
7875,0.22876544
7876,0.27949017
7877,0.11076944
7878,0.2818249
7879,0.20782392
7880,0.038460243
7881,0.018700432
7882,0.013373507
7883,0.012578796
7884,0.009844704
7885,0.022183765
7886,0.033061966
7887,0.19049819
7888,0.097623736
7889,0.13235794
7890,0.25288418
7891,0.01949806
7892,0.042384237
7893,0.24779476
7894,0.043503206
7895,0.0059716776
7896,0.010109497
7897,0.014039523
7898,0.0801801
7899,0.09361036
7900,0.030735604
7901,0.13115898
7902,0.22942393
7903,0.053244922
7904,0.057034213
7905,0.02288972
7906,0.063846305
7907,0.0387159
7908,0.0133622205
7909,0.07423718
7910,0.05505265
7911,0.052672446
7912,0.015742803
7913,0.18311271
7914,0.008867631
7915,0.11454825
7916,0.008753487
7917,0.04550567
7918,0.057225157
7919,0.1437563
7920,0.039626952
7921,0.02222017
7922,0.005811614
7923,0.033481315
7924,0.18567042
7925,0.2779205
7926,0.31859452
7927,0.059958134
7928,0.011325381
7929,0.005811614
7930,0.007224455
7931,0.026813114
7932,0.012295854
7933,0.12099267
7934,0.010929027
7935,0.060782168
7936,0.012697648
7937,0.007033063
7938,0.008934393
7939,0.01027934
7940,0.015376646
7941,0.07281743
7942,0.110447116
7943,0.24734846
7944,0.020817613
7945,0.016284311
7946,0.012526318
7947,0.05890716
7948,0.10201431
7949,0.24823855
7950,0.07179679
7951,0.005811614
7952,0.15047026
7953,0.011744174
7954,0.090777434
7955,0.13806869
7956,0.0738984
7957,0.045545977
7958,0.010673159
7959,0.25227654
7960,0.013549449
7961,0.01881322
7962,0.087198526
7963,0.051007856
7964,0.026968013
7965,0.01545559
7966,0.020403044
7967,0.07252763
7968,0.262768
7969,0.024626173
7970,0.026544245
7971,0.026968705
7972,0.05821528
7973,0.050614253
7974,0.14200667
7975,0.055114556
7976,0.20968097
7977,0.11986333
7978,0.056767613
7979,0.014679676
7980,0.03613167
7981,0.03430163
7982,0.12673126
7983,0.0148640955
7984,0.093926914
7985,0.008273494
7986,0.08235674
7987,0.06907442
7988,0.0070855403
7989,0.008590111
7990,0.22925381
7991,0.2634883
7992,0.08289197
7993,0.042986743
7994,0.010162093
7995,0.07293944
7996,0.030597659
7997,0.016091805
7998,0.07692365
7999,0.17286581
8000,0.1151428
8001,0.9015335
8002,0.015376646
8003,0.0696564
8004,0.015015926
8005,0.051539958
8006,0.075847395
8007,0.016623182
8008,0.034899086
8009,0.1461421
8010,0.3710637
8011,0.10293984
8012,0.099702984
8013,0.015547897
8014,0.06320645
8015,0.019113857
8016,0.0061239237
8017,0.113904156
8018,0.0505995
8019,0.015838286
8020,0.053242538
8021,0.016325459
8022,0.023366181
8023,0.08640552
8024,0.012537585
8025,0.09597076
8026,0.030243896
8027,0.055838842
8028,0.005811614
8029,0.0128498925
8030,0.122706555
8031,0.108803764
8032,0.018975034
8033,0.048072983
8034,0.096697845
8035,0.56002486
8036,0.064518295
8037,0.06986731
8038,0.03343672
8039,0.059480812
8040,0.063808285
8041,0.039105743
8042,0.3738269
8043,0.023146806
8044,0.015376646
8045,0.030484216
8046,0.118476644
8047,0.018975034
8048,0.08854279
8049,0.034796022
8050,0.059418146
8051,0.05916206
8052,0.27111694
8053,0.10174254
8054,0.055053283
8055,0.011655904
8056,0.047611747
8057,0.06565184
8058,0.0070855403
8059,0.030093541
8060,0.16051145
8061,0.11217818
8062,0.059704658
8063,0.11657195
8064,0.10918434
8065,0.064779304
8066,0.05630018
8067,0.01415449
8068,0.094106056
8069,0.24310923
8070,0.1177833
8071,0.0070855403
8072,0.0059716776
8073,0.06405651
8074,0.016373968
8075,0.03749787
8076,0.005811614
8077,0.006811266
8078,0.005811614
8079,0.005811614
8080,0.015295952
8081,0.008948507
8082,0.03265197
8083,0.012013948
8084,0.005811614
8085,0.059609305
8086,0.06615375
8087,0.17639233
8088,0.13343896
8089,0.19895053
8090,0.008867631
8091,0.0069695218
8092,0.04313736
8093,0.015681935
8094,0.032483764
8095,0.0148640955
8096,0.015293132
8097,0.006826532
8098,0.012697648
8099,0.008753487
8100,0.0076211453
8101,0.041654207
8102,0.023714285
8103,0.011033718
8104,0.086696126
8105,0.032270312
8106,0.0394687
8107,0.0070855403
8108,0.08584228
8109,0.017537497
8110,0.0598463
8111,0.012954477
8112,0.0059716776
8113,0.008948507
8114,0.0059192013
8115,0.010673159
8116,0.06639786
8117,0.092256814
8118,0.13796534
8119,0.054768045
8120,0.090288974
8121,0.018325707
8122,0.009844704
8123,0.2228945
8124,0.019308448
8125,0.0058945557
8126,0.08294758
8127,0.007698889
8128,0.070722334
8129,0.0070855403
8130,0.108679205
8131,0.005811614
8132,0.009707054
8133,0.016463118
8134,0.04347608
8135,0.008684772
8136,0.026843162
8137,0.008867631
8138,0.02147227
8139,0.005979537
8140,0.009554809
8141,0.0064698057
8142,0.057496224
8143,0.0475994
8144,0.16060695
8145,0.01804964
8146,0.0059716776
8147,0.02817903
8148,0.02762157
8149,0.05985709
8150,0.032821245
8151,0.008707567
8152,0.018226912
8153,0.017389461
8154,0.010673159
8155,0.11173219
8156,0.15358973
8157,0.014215463
8158,0.005811614
8159,0.055126622
8160,0.0129787605
8161,0.01778003
8162,0.02777753
8163,0.094725534
8164,0.036027834
8165,0.008124327
8166,0.052360997
8167,0.04410975
8168,0.10524991
8169,0.08539177
8170,0.041870687
8171,0.07571107
8172,0.0068927174
8173,0.24603687
8174,0.109631784
8175,0.31797212
8176,0.0313086
8177,0.2534669
8178,0.10378335
8179,0.2282172
8180,0.03725935
8181,0.025454277
8182,0.02414499
8183,0.11489136
8184,0.0137134455
8185,0.037303217
8186,0.019235639
8187,0.26595038
8188,0.0061239237
8189,0.73575294
8190,0.24624845
8191,0.07443778
8192,0.040809024
8193,0.1789554
8194,0.06751855
8195,0.007815199
8196,0.07799619
8197,0.04160213
8198,0.016859112
8199,0.008707567
8200,0.018793715
8201,0.18142149
8202,0.15861478
8203,0.4799085
8204,0.42219284
8205,0.041455653
8206,0.05679827
8207,0.17365742
8208,0.26097283
8209,0.02152905
8210,0.060146015
8211,0.040205028
8212,0.030874912
8213,0.05705002
8214,0.035902433
8215,0.39131403
8216,0.062010854
8217,0.25528634
8218,0.4534349
8219,0.0954898
8220,0.022641253
8221,0.37272444
8222,0.042497076
8223,0.3517532
8224,0.04500188
8225,0.03573561
8226,0.06926045
8227,0.03493962
8228,0.0136897545
8229,0.20168833
8230,0.104203664
8231,0.08017072
8232,0.058715526
8233,0.006377438
8234,0.071792565
8235,0.3276145
8236,0.03112064
8237,0.084548816
8238,0.014287426
8239,0.032681245
8240,0.013605926
8241,0.08476647
8242,0.04056327
8243,0.17302929
8244,0.0061239237
8245,0.06441137
8246,0.19030356
8247,0.3212986
8248,0.011700698
8249,0.029648777
8250,0.0059716776
8251,0.0137134455
8252,0.56426126
8253,0.1087464
8254,0.015729366
8255,0.35137457
8256,0.33650708
8257,0.0132694645
8258,0.0065827584
8259,0.090431735
8260,0.014975322
8261,0.017987417
8262,0.024816746
8263,0.042510737
8264,0.010619542
8265,0.13201898
8266,0.035235047
8267,0.059010725
8268,0.24431753
8269,0.36557886
8270,0.012128404
8271,0.010301393
8272,0.009245903
8273,0.044391405
8274,0.04910882
8275,0.023515051
8276,0.18853147
8277,0.026049396
8278,0.0913423
8279,0.010673159
8280,0.00721096
8281,0.072831474
8282,0.024298646
8283,0.1995076
8284,0.63172746
8285,0.0062508313
8286,0.074915804
8287,0.01762026
8288,0.012537585
8289,0.07291571
8290,0.038367476
8291,0.009683241
8292,0.040223185
8293,0.04260345
8294,0.112158
8295,0.15626448
8296,0.09847054
8297,0.044209827
8298,0.11840854
8299,0.009187905
8300,0.03737901
8301,0.04403754
8302,0.052829176
8303,0.07529679
8304,0.057561357
8305,0.063140504
8306,0.021598665
8307,0.0106137
8308,0.025955206
8309,0.036386095
8310,0.016266024
8311,0.037605338
8312,0.040147167
8313,0.020090736
8314,0.10633731
8315,0.16561998
8316,0.18694782
8317,0.02395467
8318,0.077983245
8319,0.03238944
8320,0.13684262
8321,0.1228574
8322,0.008707567
8323,0.0442924
8324,0.005811614
8325,0.013707349
8326,0.060094398
8327,0.14027981
8328,0.016936181
8329,0.015547897
8330,0.027038094
8331,0.04576819
8332,0.052158576
8333,0.1368372
8334,0.13109784
8335,0.11623252
8336,0.05126368
8337,0.01946634
8338,0.023803128
8339,0.04515269
8340,0.028320208
8341,0.011584904
8342,0.07850575
8343,0.040205028
8344,0.3910582
8345,0.13919498
8346,0.012128404
8347,0.104858175
8348,0.041234776
8349,0.031067343
8350,0.014210053
8351,0.008867631
8352,0.009728684
8353,0.087415315
8354,0.005811614
8355,0.023803128
8356,0.050078966
8357,0.07869518
8358,0.037986204
8359,0.053753592
8360,0.051000312
8361,0.10557414
8362,0.11175424
8363,0.24444586
8364,0.054027773
8365,0.0276917
8366,0.070763305
8367,0.022969805
8368,0.0188602
8369,0.016366472
8370,0.008433558
8371,0.07714138
8372,0.07818813
8373,0.12084018
8374,0.093351275
8375,0.20178093
8376,0.043020893
8377,0.039321084
8378,0.027283454
8379,0.017987417
8380,0.20873033
8381,0.010461457
8382,0.024531344
8383,0.08779472
8384,0.010213779
8385,0.006040097
8386,0.07722973
8387,0.05131893
8388,0.07846297
8389,0.1226425
8390,0.09958933
8391,0.16302618
8392,0.12004839
8393,0.10494254
8394,0.016373968
8395,0.10913523
8396,0.027751587
8397,0.060636383
8398,0.020055128
8399,0.016802717
8400,0.06300392
8401,0.037459463
8402,0.017918702
8403,0.12124007
8404,0.054199986
8405,0.06186263
8406,0.07051919
8407,0.071836054
8408,0.063157424
8409,0.0065140445
8410,0.036905013
8411,0.04158839
8412,0.039782695
8413,0.06431474
8414,0.04162028
8415,0.12938464
8416,0.2769211
8417,0.06738304
8418,0.11516711
8419,0.049656067
8420,0.08564555
8421,0.059482224
8422,0.09502447
8423,0.06483009
8424,0.019091733
8425,0.22792046
8426,0.084548816
8427,0.13900928
8428,0.0652783
8429,0.11740261
8430,0.017705522
8431,0.050749242
8432,0.024498692
8433,0.011236047
8434,0.03635723
8435,0.13747689
8436,0.06181224
8437,0.036143318
8438,0.08871761
8439,0.39348495
8440,0.03393489
8441,0.025120119
8442,0.09130603
8443,0.07498989
8444,0.23259082
8445,0.23303166
8446,0.064721294
8447,0.005811614
8448,0.06533334
8449,0.042503078
8450,0.044951443
8451,0.14762817
8452,0.064201266
8453,0.21014574
8454,0.07274097
8455,0.0790713
8456,0.005811614
8457,0.01403871
8458,0.03392459
8459,0.06434137
8460,0.014449055
8461,0.11768874
8462,0.1296321
8463,0.08066915
8464,0.056489084
8465,0.021024032
8466,0.09885915
8467,0.16956334
8468,0.26711425
8469,0.054771326
8470,0.009683241
8471,0.03334936
8472,0.051655546
8473,0.4285095
8474,0.0150967855
8475,0.03389106
8476,0.3276145
8477,0.23159276
8478,0.013293801
8479,0.010118048
8480,0.005811614
8481,0.04876914
8482,0.059724074
8483,0.14843082
8484,0.13875064
8485,0.009683241
8486,0.078586295
8487,0.06646288
8488,0.15517908
8489,0.18482646
8490,0.14446013
8491,0.21362694
8492,0.23490258
8493,0.10654721
8494,0.056901284
8495,0.074824266
8496,0.060128685
8497,0.27303573
8498,0.95251155
8499,0.09316743
8500,0.035301007
8501,0.36158833
8502,0.020138377
8503,0.06108668
8504,0.19902709
8505,0.006811266
8506,0.04130615
8507,0.05739262
8508,0.016377607
8509,0.048564814
8510,0.24816953
8511,0.0062043713
8512,0.05072613
8513,0.16049504
8514,0.12656295
8515,0.18817279
8516,0.28290302
8517,0.25481805
8518,0.022471407
8519,0.26710868
8520,0.12332717
8521,0.20759526
8522,0.73332876
8523,0.30939123
8524,0.44925237
8525,0.0068622045
8526,0.028624319
8527,0.1280881
8528,0.016214227
8529,0.0061904946
8530,0.040358458
8531,0.007815199
8532,0.011511475
8533,0.010929027
8534,0.005811614
8535,0.045375213
8536,0.0077185687
8537,0.030454561
8538,0.040089007
8539,0.059394617
8540,0.049408063
8541,0.08539781
8542,0.07486988
8543,0.18729386
8544,0.1367174
8545,0.03365639
8546,0.09212188
8547,0.19988836
8548,0.019141449
8549,0.08545315
8550,0.9552834
8551,0.9093528
8552,0.53411454
8553,0.0065827584
8554,0.026049396
8555,0.009523178
8556,0.07365363
8557,0.361376
8558,0.04403782
8559,0.01638407
8560,0.03636542
8561,0.007975263
8562,0.052741148
8563,0.07688425
8564,0.036758542
8565,0.008433558
8566,0.23491988
8567,0.005811614
8568,0.015936116
8569,0.11302385
8570,0.0903299
8571,0.08081327
8572,0.050819248
8573,0.120130956
8574,0.13269103
8575,0.01355338
8576,0.07071436
8577,0.14647923
8578,0.15568133
8579,0.9389658
8580,0.92184323
8581,0.625651
8582,0.011102432
8583,0.030518327
8584,0.03750983
8585,0.15913558
8586,0.0578488
8587,0.22805585
8588,0.03049343
8589,0.08575672
8590,0.017324727
8591,0.059365112
8592,0.08557285
8593,0.10466734
8594,0.10614901
8595,0.32721967
8596,0.28145802
8597,0.13672034
8598,0.19975951
8599,0.078607105
8600,0.053544667
8601,0.1434361
8602,0.03891076
8603,0.055718955
8604,0.15833834
8605,0.15209934
8606,0.07492882
8607,0.15278299
8608,0.06900841
8609,0.90751225
8610,0.9772586
8611,0.97778845
8612,0.033449117
8613,0.03944765
8614,0.14987317
8615,0.17941727
8616,0.021169262
8617,0.00920899
8618,0.03084983
8619,0.09834885
8620,0.027198762
8621,0.27516702
8622,0.537788
8623,0.06721727
8624,0.12469566
8625,0.07643098
8626,0.15532747
8627,0.042898852
8628,0.18034533
8629,0.14471279
8630,0.033168666
8631,0.123422846
8632,0.060046833
8633,0.16727293
8634,0.018793715
8635,0.050078966
8636,0.37259746
8637,0.3041385
8638,0.21908626
8639,0.051565554
8640,0.041219693
8641,0.096129075
8642,0.11464718
8643,0.21326663
8644,0.021261543
8645,0.01968023
8646,0.037631348
8647,0.031593673
8648,0.018284157
8649,0.03739859
8650,0.02854724
8651,0.1806338
8652,0.44988763
8653,0.24993077
8654,0.24549444
8655,0.14390212
8656,0.20941909
8657,0.19560389
8658,0.45005277
8659,0.06493659
8660,0.046640817
8661,0.0466644
8662,0.092280105
8663,0.21303242
8664,0.07503024
8665,0.33552563
8666,0.2370198
8667,0.18231875
8668,0.97928685
8669,0.09256237
8670,0.009684639
8671,0.1675088
8672,0.16657417
8673,0.018227577
8674,0.07253943
8675,0.23538949
8676,0.06562409
8677,0.03737901
8678,0.014822256
8679,0.053568035
8680,0.111904986
8681,0.22968009
8682,0.26591802
8683,0.3924949
8684,0.3054683
8685,0.16517238
8686,0.17004694
8687,0.22597961
8688,0.012288469
8689,0.025624119
8690,0.1394795
8691,0.045143593
8692,0.047569174
8693,0.30338186
8694,0.25104493
8695,0.08174634
8696,0.48177356
8697,0.27139714
8698,0.0064005246
8699,0.05969577
8700,0.0540286
8701,0.03596188
8702,0.08129436
8703,0.010557139
8704,0.020287026
8705,0.07784265
8706,0.0861902
8707,0.10744341
8708,0.10247227
8709,0.2613671
8710,0.7392987
8711,0.33827972
8712,0.26945513
8713,0.3910582
8714,0.10654721
8715,0.073404774
8716,0.08562011
8717,0.09321468
8718,0.14114489
8719,0.20940408
8720,0.06443687
8721,0.015547897
8722,0.0935099
8723,0.14277133
8724,0.019281084
8725,0.0059716776
8726,0.07259997
8727,0.0658671
8728,0.014091187
8729,0.031673223
8730,0.025952669
8731,0.00670214
8732,0.0536185
8733,0.059796482
8734,0.06849603
8735,0.11508847
8736,0.15840119
8737,0.15760517
8738,0.107408136
8739,0.4829732
8740,0.42307308
8741,0.26718077
8742,0.11525054
8743,0.0068622045
8744,0.04606467
8745,0.01355338
8746,0.012008451
8747,0.14812598
8748,0.014091187
8749,0.009094455
8750,0.010118048
8751,0.50409293
8752,0.06682579
8753,0.01570796
8754,0.04299608
8755,0.036663283
8756,0.07377223
8757,0.013862318
8758,0.10250166
8759,0.033013076
8760,0.028118292
8761,0.018871233
8762,0.013373507
8763,0.015776379
8764,0.047449972
8765,0.073723145
8766,0.36225045
8767,0.22302811
8768,0.07588674
8769,0.62665915
8770,0.3220122
8771,0.34891605
8772,0.13477196
8773,0.020010363
8774,0.024531344
8775,0.013099111
8776,0.06533334
8777,0.011917244
8778,0.015468676
8779,0.010366027
8780,0.08590613
8781,0.3651836
8782,0.07735999
8783,0.23470359
8784,0.012128404
8785,0.054595195
8786,0.08977473
8787,0.16792646
8788,0.16658257
8789,0.03537635
8790,0.06770477
8791,0.04550076
8792,0.111540206
8793,0.557374
8794,0.22876544
8795,0.30459136
8796,0.15050165
8797,0.22862646
8798,0.20834251
8799,0.016029421
8800,0.03773744
8801,0.01882596
8802,0.012578796
8803,0.023272544
8804,0.011663725
8805,0.13697125
8806,0.09003743
8807,0.2992297
8808,0.23604973
8809,0.007345352
8810,0.055356
8811,0.21722142
8812,0.019058654
8813,0.0059716776
8814,0.010213779
8815,0.0069026155
8816,0.11378127
8817,0.08709305
8818,0.03734538
8819,0.09115846
8820,0.2249037
8821,0.08016158
8822,0.07036176
8823,0.025987215
8824,0.085670285
8825,0.044737022
8826,0.016164599
8827,0.075435184
8828,0.1453395
8829,0.015884094
8830,0.014379458
8831,0.20162478
8832,0.00901358
8833,0.007116867
8834,0.074328884
8835,0.008867631
8836,0.04362074
8837,0.06496798
8838,0.13597588
8839,0.0136897545
8840,0.022058496
8841,0.005855659
8842,0.030708222
8843,0.20781206
8844,0.32065266
8845,0.34937027
8846,0.050360534
8847,0.011511475
8848,0.01762026
8849,0.011351411
8850,0.020979373
8851,0.07185628
8852,0.0130126905
8853,0.040347263
8854,0.16833869
8855,0.011102432
8856,0.18504943
8857,0.008707567
8858,0.018656783
8859,0.014254098
8860,0.009497484
8861,0.015468676
8862,0.058329195
8863,0.11470202
8864,0.2711377
8865,0.005979537
8866,0.007237509
8867,0.016043702
8868,0.07813431
8869,0.09502447
8870,0.258059
8871,0.032156017
8872,0.012578796
8873,0.13697937
8874,0.059636507
8875,0.005811614
8876,0.06364068
8877,0.11216072
8878,0.09713379
8879,0.005811614
8880,0.014828771
8881,0.010673159
8882,0.23777863
8883,0.023163551
8884,0.015016336
8885,0.088099964
8886,0.074092306
8887,0.018437915
8888,0.005811614
8889,0.015248869
8890,0.09291587
8891,0.27384168
8892,0.017934939
8893,0.0059716776
8894,0.015980162
8895,0.015044142
8896,0.03899821
8897,0.05949839
8898,0.18507522
8899,0.044619367
8900,0.2511432
8901,0.15142582
8902,0.025333378
8903,0.06682579
8904,0.02640586
8905,0.024673969
8906,0.17797965
8907,0.014944789
8908,0.12860346
8909,0.01570796
8910,0.064192206
8911,0.051825844
8912,0.005855659
8913,0.005811614
8914,0.23271896
8915,0.35229343
8916,0.06632373
8917,0.040231235
8918,0.04713737
8919,0.006395218
8920,0.0060651274
8921,0.07831533
8922,0.10244219
8923,0.08948098
8924,0.9011141
8925,0.0058945557
8926,0.07236851
8927,0.007815199
8928,0.13593479
8929,0.11563248
8930,0.011975264
8931,0.013770203
8932,0.14214541
8933,0.5389986
8934,0.0812377
8935,0.15067115
8936,0.005811614
8937,0.010942369
8938,0.007277954
8939,0.0099236425
8940,0.014243432
8941,0.11401331
8942,0.058635082
8943,0.019815054
8944,0.09316743
8945,0.0669323
8946,0.018098656
8947,0.02383268
8948,0.018386977
8949,0.03716847
8950,0.0064226957
8951,0.10635363
8952,0.030358119
8953,0.041903984
8954,0.0058945557
8955,0.030287495
8956,0.07468236
8957,0.1296482
8958,0.014509952
8959,0.067387596
8960,0.04851468
8961,0.53566766
8962,0.0398503
8963,0.08747097
8964,0.01671889
8965,0.03629636
8966,0.07536618
8967,0.069429606
8968,0.039581105
8969,0.4504427
8970,0.03734538
8971,0.0059716776
8972,0.005811614
8973,0.015468676
8974,0.04260203
8975,0.13233382
8976,0.019091733
8977,0.06508248
8978,0.06402889
8979,0.066278346
8980,0.0061396006
8981,0.034206886
8982,0.27390215
8983,0.037428737
8984,0.0557899
8985,0.0062185396
8986,0.015591941
8987,0.012288469
8988,0.07390864
8989,0.011033272
8990,0.06226233
8991,0.0059716776
8992,0.18349305
8993,0.090784
8994,0.0130126905
8995,0.020541932
8996,0.03737455
8997,0.00901358
8998,0.07506404
8999,0.11384825
9000,0.09698412
9001,0.11517027
9002,0.031211818
9003,0.008273494
9004,0.07127425
9005,0.005811614
9006,0.07723922
9007,0.17958328
9008,0.10354366
9009,0.0072769313
9010,0.0059716776
9011,0.04342791
9012,0.008273494
9013,0.02501763
9014,0.005811614
9015,0.013007835
9016,0.00624046
9017,0.005811614
9018,0.005811614
9019,0.009094455
9020,0.014670014
9021,0.020090736
9022,0.022519112
9023,0.027472313
9024,0.14830758
9025,0.0059716776
9026,0.17183402
9027,0.22858493
9028,0.032227322
9029,0.011870867
9030,0.029447382
9031,0.022756098
9032,0.017999684
9033,0.02873101
9034,0.015293132
9035,0.07426654
9036,0.008867631
9037,0.0077185687
9038,0.035644878
9039,0.018298674
9040,0.013293801
9041,0.03111139
9042,0.024093056
9043,0.027478036
9044,0.0070855403
9045,0.13678835
9046,0.011653324
9047,0.04892849
9048,0.0059716776
9049,0.009094455
9050,0.036905013
9051,0.010673159
9052,0.090431735
9053,0.008590111
9054,0.027751587
9055,0.11038163
9056,0.05923369
9057,0.074259184
9058,0.011525975
9059,0.21439393
9060,0.023917323
9061,0.005811614
9062,0.07243819
9063,0.008934393
9064,0.055327855
9065,0.0072769313
9066,0.08998578
9067,0.033013076
9068,0.005811614
9069,0.025225794
9070,0.03837903
9071,0.045557763
9072,0.013537502
9073,0.005811614
9074,0.019818615
9075,0.0072769313
9076,0.006746185
9077,0.029918471
9078,0.009369054
9079,0.012013948
9080,0.01275582
9081,0.07934463
9082,0.031321667
9083,0.0059716776
9084,0.20762491
9085,0.028781105
9086,0.018205218
9087,0.025422083
9088,0.0062244628
9089,0.018297523
9090,0.039870754
9091,0.040461857
9092,0.028527591
9093,0.010053716
9094,0.008353942
9095,0.011351411
9096,0.01877768
9097,0.10068276
9098,0.14491434
9099,0.005811614
9100,0.06441506
9101,0.009370638
9102,0.0136995725
9103,0.0071671447
9104,0.016446922
9105,0.067609675
9106,0.04394378
9107,0.0076211453
9108,0.05436497
9109,0.06349868
9110,0.0059716776
9111,0.07733524
9112,0.02190852
9113,0.07650302
9114,0.07320735
9115,0.31835482
9116,0.073412925
9117,0.013940748
9118,0.25453004
9119,0.06923957
9120,0.22286448
9121,0.10465958
9122,0.244631
9123,0.05691034
9124,0.023678493
9125,0.0076322854
9126,0.0137134455
9127,0.023313703
9128,0.007698889
9129,0.005811614
9130,0.20853774
9131,0.028113026
9132,0.73646617
9133,0.15807925
9134,0.021495692
9135,0.0407526
9136,0.20608738
9137,0.034314822
9138,0.026251646
9139,0.0304041
9140,0.016487611
9141,0.029168114
9142,0.03955595
9143,0.18038914
9144,0.098137714
9145,0.3107509
9146,0.42350492
9147,0.011534062
9148,0.12829651
9149,0.15329649
9150,0.22405362
9151,0.051048204
9152,0.07337053
9153,0.06639061
9154,0.038282603
9155,0.032361276
9156,0.38767058
9157,0.1194711
9158,0.22408786
9159,0.35524404
9160,0.16583706
9161,0.025247997
9162,0.53825545
9163,0.008225762
9164,0.07208443
9165,0.35447717
9166,0.01509355
9167,0.07623383
9168,0.08422236
9169,0.030694196
9170,0.0066742897
9171,0.024610957
9172,0.062243804
9173,0.09990049
9174,0.05739911
9175,0.03475616
9176,0.10434702
9177,0.45163554
9178,0.07320735
9179,0.008273494
9180,0.021925064
9181,0.014793653
9182,0.0198667
9183,0.031339914
9184,0.05433943
9185,0.039907254
9186,0.11035547
9187,0.11338035
9188,0.08623784
9189,0.01509355
9190,0.21058884
9191,0.0986121
9192,0.01668467
9193,0.02347377
9194,0.01509662
9195,0.012288469
9196,0.009949433
9197,0.013549449
9198,0.01570796
9199,0.38745824
9200,0.044245828
9201,0.074164525
9202,0.29671082
9203,0.40155575
9204,0.075696155
9205,0.05350358
9206,0.01144276
9207,0.024350245
9208,0.006514225
9209,0.045085374
9210,0.0059716776
9211,0.054081272
9212,0.045631018
9213,0.106941506
9214,0.2750222
9215,0.45288807
9216,0.01609618
9217,0.03994845
9218,0.052076712
9219,0.005811614
9220,0.008225762
9221,0.01460281
9222,0.018014621
9223,0.04083501
9224,0.19859865
9225,0.03740365
9226,0.057504892
9227,0.014512569
9228,0.058132917
9229,0.14175643
9230,0.53668046
9231,0.0065117534
9232,0.08670404
9233,0.024093056
9234,0.029399093
9235,0.04311658
9236,0.06580275
9237,0.01599835
9238,0.029899854
9239,0.08611314
9240,0.16203827
9241,0.076633714
9242,0.07646131
9243,0.08420716
9244,0.0060651274
9245,0.0207267
9246,0.03439845
9247,0.051366195
9248,0.07207303
9249,0.026922554
9250,0.07976218
9251,0.0075585064
9252,0.027519606
9253,0.0075585064
9254,0.034493715
9255,0.010513094
9256,0.03098276
9257,0.044197436
9258,0.09269781
9259,0.021320025
9260,0.009394744
9261,0.118332416
9262,0.13408355
9263,0.16879126
9264,0.07444426
9265,0.055621516
9266,0.034926973
9267,0.113703184
9268,0.09683874
9269,0.005811614
9270,0.0069254767
9271,0.05904186
9272,0.20871156
9273,0.027788429
9274,0.011351411
9275,0.026396165
9276,0.077128865
9277,0.07882033
9278,0.14658032
9279,0.086684905
9280,0.13080977
9281,0.057702363
9282,0.014173448
9283,0.01530793
9284,0.041591473
9285,0.031726252
9286,0.08654493
9287,0.059786778
9288,0.35543394
9289,0.12468589
9290,0.009523178
9291,0.012578796
9292,0.06391298
9293,0.01501222
9294,0.04227088
9295,0.028527591
9296,0.005811614
9297,0.08104492
9298,0.009253035
9299,0.00670214
9300,0.025952669
9301,0.067442454
9302,0.055837486
9303,0.05580257
9304,0.043232165
9305,0.14607757
9306,0.10761689
9307,0.29720825
9308,0.048117
9309,0.017902158
9310,0.09901952
9311,0.013177782
9312,0.038607977
9313,0.044317473
9314,0.06920737
9315,0.06601164
9316,0.101150185
9317,0.030415168
9318,0.14601393
9319,0.059653882
9320,0.04112031
9321,0.033254534
9322,0.008273494
9323,0.01873947
9324,0.17702211
9325,0.03737478
9326,0.051188104
9327,0.010109497
9328,0.015776379
9329,0.0674279
9330,0.060623214
9331,0.07998276
9332,0.1012449
9333,0.07626226
9334,0.16844238
9335,0.08117836
9336,0.1088923
9337,0.011584904
9338,0.12860708
9339,0.025324443
9340,0.06413695
9341,0.04311658
9342,0.0512171
9343,0.026728977
9344,0.005811614
9345,0.10696947
9346,0.03689927
9347,0.077426724
9348,0.10672009
9349,0.021978045
9350,0.080724664
9351,0.024189783
9352,0.019243976
9353,0.017059436
9354,0.03866381
9355,0.021598665
9356,0.038135886
9357,0.068348736
9358,0.061833914
9359,0.13257225
9360,0.29063535
9361,0.084389776
9362,0.16468163
9363,0.06419403
9364,0.13175952
9365,0.08082148
9366,0.07905174
9367,0.054116912
9368,0.005811614
9369,0.007237509
9370,0.20961566
9371,0.09471725
9372,0.0847183
9373,0.050236546
9374,0.09327569
9375,0.01762026
9376,0.009835488
9377,0.016205795
9378,0.03737478
9379,0.17496002
9380,0.058330424
9381,0.04672129
9382,0.066786915
9383,0.48150235
9384,0.06236771
9385,0.03200233
9386,0.107463054
9387,0.05239296
9388,0.24504514
9389,0.29445046
9390,0.07364895
9391,0.016878664
9392,0.0304041
9393,0.07041255
9394,0.16895248
9395,0.045480248
9396,0.22441192
9397,0.07101869
9398,0.07210058
9399,0.007237509
9400,0.030368065
9401,0.036537778
9402,0.06380982
9403,0.018653432
9404,0.10888571
9405,0.09636523
9406,0.084582746
9407,0.103458725
9408,0.03131351
9409,0.14874923
9410,0.18472737
9411,0.21079028
9412,0.065808184
9413,0.009683241
9414,0.03844518
9415,0.015838286
9416,0.008867631
9417,0.06259922
9418,0.38868862
9419,0.015609343
9420,0.054440014
9421,0.28904054
9422,0.21612228
9423,0.013293801
9424,0.018672943
9425,0.009554809
9426,0.0137134455
9427,0.029747877
9428,0.065150216
9429,0.1440975
9430,0.14608848
9431,0.06636753
9432,0.0650233
9433,0.13624015
9434,0.16642347
9435,0.13190351
9436,0.18611462
9437,0.2498125
9438,0.13984683
9439,0.02717911
9440,0.02674106
9441,0.08083657
9442,0.030711884
9443,0.25410184
9444,0.95440507
9445,0.09269781
9446,0.022707459
9447,0.33827972
9448,0.05417271
9449,0.052375637
9450,0.25975972
9451,0.017153626
9452,0.019546675
9453,0.080698155
9454,0.008273494
9455,0.04723991
9456,0.0059716776
9457,0.23135096
9458,0.022058496
9459,0.09065081
9460,0.16970675
9461,0.15767412
9462,0.22804324
9463,0.28290302
9464,0.26646832
9465,0.029026782
9466,0.16824988
9467,0.11462609
9468,0.072332285
9469,0.734042
9470,0.36048588
9471,0.29580858
9472,0.014855864
9473,0.13492122
9474,0.016214227
9475,0.02560956
9476,0.02033433
9477,0.026701842
9478,0.010929027
9479,0.00670214
9480,0.05835992
9481,0.005811614
9482,0.005811614
9483,0.030401273
9484,0.06988592
9485,0.072106175
9486,0.069637105
9487,0.10896717
9488,0.084204376
9489,0.1780507
9490,0.1634601
9491,0.04526687
9492,0.15080024
9493,0.17338751
9494,0.01599835
9495,0.036190007
9496,0.9571769
9497,0.910066
9498,0.4503845
9499,0.0065827584
9500,0.020970592
9501,0.01570796
9502,0.032606747
9503,0.30374235
9504,0.063966505
9505,0.022046903
9506,0.057183962
9507,0.016725225
9508,0.024093853
9509,0.088865146
9510,0.031798426
9511,0.008433558
9512,0.23697864
9513,0.013373507
9514,0.014210053
9515,0.10292278
9516,0.118507646
9517,0.07884788
9518,0.06407923
9519,0.11180609
9520,0.13261843
9521,0.17794997
9522,0.14055021
9523,0.10373678
9524,0.9571769
9525,0.7336753
9526,0.60305977
9527,0.012288469
9528,0.0722945
9529,0.033061966
9530,0.016103523
9531,0.14956835
9532,0.1283284
9533,0.18226376
9534,0.025253763
9535,0.096426
9536,0.010346533
9537,0.09281544
9538,0.05953264
9539,0.11662074
9540,0.099799424
9541,0.30939123
9542,0.22795077
9543,0.1606145
9544,0.17097501
9545,0.08590348
9546,0.06358045
9547,0.09685246
9548,0.05025983
9549,0.05224765
9550,0.046921957
9551,0.1655339
9552,0.17699096
9553,0.107600406
9554,0.080997504
9555,0.03325536
9556,0.9082255
9557,0.97761554
9558,0.97968197
9559,0.075686604
9560,0.05536147
9561,0.093788296
9562,0.019996462
9563,0.21663298
9564,0.022787072
9565,0.005811614
9566,0.014254098
9567,0.021169262
9568,0.028783232
9569,0.08514046
9570,0.025972318
9571,0.22952533
9572,0.6010954
9573,0.117716715
9574,0.11825808
9575,0.060657028
9576,0.1512495
9577,0.0885352
9578,0.19437274
9579,0.11887716
9580,0.032936722
9581,0.1330951
9582,0.10133556
9583,0.13259077
9584,0.072677664
9585,0.012537585
9586,0.36216643
9587,0.35180527
9588,0.18874003
9589,0.062310632
9590,0.06274535
9591,0.114489816
9592,0.082451016
9593,0.19423734
9594,0.020343184
9595,0.06986509
9596,0.04427546
9597,0.044440795
9598,0.040430572
9599,0.057856653
9600,0.036284022
9601,0.17895979
9602,0.45169458
9603,0.23876104
9604,0.21032631
9605,0.11960865
9606,0.20314723
9607,0.16782519
9608,0.45136487
9609,0.054318015
9610,0.010118048
9611,0.04803333
9612,0.05739911
9613,0.104528755
9614,0.19932204
9615,0.069212005
9616,0.38077995
9617,0.20268486
9618,0.16257815
9619,0.97964376
9620,0.135666
9621,0.16865677
9622,0.14027593
9623,0.014434073
9624,0.048677906
9625,0.3712235
9626,0.07852867
9627,0.04906319
9628,0.015016336
9629,0.04945129
9630,0.11019085
9631,0.24161479
9632,0.2720795
9633,0.36729497
9634,0.35446528
9635,0.1878762
9636,0.15474775
9637,0.20156704
9638,0.012288469
9639,0.02393314
9640,0.16885608
9641,0.0702051
9642,0.03158238
9643,0.2974449
9644,0.23183417
9645,0.085782066
9646,0.55971897
9647,0.32927462
9648,0.0064005246
9649,0.07168148
9650,0.07822325
9651,0.0693141
9652,0.06289178
9653,0.010109497
9654,0.013792385
9655,0.027788429
9656,0.05517163
9657,0.114000104
9658,0.06606861
9659,0.11853285
9660,0.30380476
9661,0.9387955
9662,0.3496861
9663,0.22347295
9664,0.4510456
9665,0.117650434
9666,0.006040097
9667,0.06678422
9668,0.045631018
9669,0.087299846
9670,0.19366361
9671,0.07334395
9672,0.008273494
9673,0.08605639
9674,0.15787458
9675,0.01785661
9676,0.0059716776
9677,0.029206142
9678,0.09222267
9679,0.0423106
9680,0.005811614
9681,0.036387093
9682,0.020662555
9683,0.005811614
9684,0.040728617
9685,0.058155596
9686,0.069935344
9687,0.1095567
9688,0.22071424
9689,0.2190675
9690,0.13242312
9691,0.45111066
9692,0.5590584
9693,0.27674335
9694,0.16733856
9695,0.036662426
9696,0.010942369
9697,0.05781838
9698,0.094238944
9699,0.018800916
9700,0.026452236
9701,0.6967225
9702,0.01758318
9703,0.01570796
9704,0.029589843
9705,0.043622192
9706,0.0576943
9707,0.08184809
9708,0.01609618
9709,0.07081714
9710,0.0063401684
9711,0.019235639
9712,0.03139905
9713,0.0510268
9714,0.10465962
9715,0.37066582
9716,0.20221232
9717,0.10965044
9718,0.73477775
9719,0.34701088
9720,0.361376
9721,0.34902886
9722,0.031330794
9723,0.026515359
9724,0.055838842
9725,0.023771945
9726,0.015376646
9727,0.02467083
9728,0.05050497
9729,0.31615445
9730,0.08360863
9731,0.18937506
9732,0.020503249
9733,0.086745776
9734,0.06994857
9735,0.15744466
9736,0.17839095
9737,0.040282723
9738,0.02868904
9739,0.060843654
9740,0.11235696
9741,0.60179925
9742,0.2080315
9743,0.30459136
9744,0.19013213
9745,0.29796726
9746,0.17517535
9747,0.027184438
9748,0.027233077
9749,0.005811614
9750,0.012578796
9751,0.011388395
9752,0.03879214
9753,0.007870814
9754,0.118468605
9755,0.095586605
9756,0.20996866
9757,0.2522968
9758,0.01949806
9759,0.09088748
9760,0.009844704
9761,0.14442994
9762,0.016446922
9763,0.010213779
9764,0.008433558
9765,0.119711556
9766,0.12428191
9767,0.020689774
9768,0.0059716776
9769,0.10603922
9770,0.23733316
9771,0.096570075
9772,0.061897986
9773,0.14069189
9774,0.06010201
9775,0.025454277
9776,0.10765379
9777,0.11768703
9778,0.023531897
9779,0.008433558
9780,0.14776644
9781,0.008867631
9782,0.008433558
9783,0.0143701155
9784,0.09601667
9785,0.059998106
9786,0.034592167
9787,0.17773095
9788,0.011737154
9789,0.047728974
9790,0.0070855403
9791,0.05437769
9792,0.23478341
9793,0.32065266
9794,0.37065044
9795,0.059134267
9796,0.011511475
9797,0.031861655
9798,0.04500727
9799,0.0059192013
9800,0.067356035
9801,0.012697648
9802,0.04015588
9803,0.20314011
9804,0.011102432
9805,0.1229992
9806,0.012697648
9807,0.023612399
9808,0.0176992
9809,0.011388395
9810,0.015376646
9811,0.08557353
9812,0.07134793
9813,0.28060043
9814,0.011760879
9815,0.016916657
9816,0.0059192013
9817,0.080369495
9818,0.13942899
9819,0.22808377
9820,0.07167017
9821,0.012578796
9822,0.12676774
9823,0.044794995
9824,0.09791635
9825,0.13868056
9826,0.10065744
9827,0.019818615
9828,0.014748078
9829,0.005811614
9830,0.25483382
9831,0.0148640955
9832,0.01940404
9833,0.13180116
9834,0.055722825
9835,0.039503988
9836,0.03888511
9837,0.037099294
9838,0.089817606
9839,0.2751627
9840,0.042920757
9841,0.0059716776
9842,0.028653849
9843,0.0327463
9844,0.05751219
9845,0.1603079
9846,0.07266655
9847,0.2420245
9848,0.114330046
9849,0.017567784
9850,0.026563896
9851,0.04493982
9852,0.040436152
9853,0.23185861
9854,0.09269781
9855,0.1031605
9856,0.019141449
9857,0.08854312
9858,0.048719086
9859,0.0070855403
9860,0.009264299
9861,0.3195391
9862,0.45095634
9863,0.104937844
9864,0.06534697
9865,0.0137134455
9866,0.088372685
9867,0.03613167
9868,0.015470104
9869,0.13471738
9870,0.07899466
9871,0.07165939
9872,0.9751435
9873,0.015376646
9874,0.05527363
9875,0.07059029
9876,0.076217644
9877,0.016994683
9878,0.039157532
9879,0.15808357
9880,0.3824089
9881,0.082508095
9882,0.15114143
9883,0.026049396
9884,0.028930366
9885,0.0076025506
9886,0.03468447
9887,0.11872523
9888,0.028494935
9889,0.019342776
9890,0.06781931
9891,0.018098656
9892,0.018386977
9893,0.074519955
9894,0.01656655
9895,0.12199813
9896,0.01986495
9897,0.045120183
9898,0.013549449
9899,0.0061239237
9900,0.095651105
9901,0.19017841
9902,0.07676151
9903,0.4824563
9904,0.079602264
9905,0.112658314
9906,0.018406827
9907,0.05854213
9908,0.111725025
9909,0.028137596
9910,0.541458
9911,0.068578154
9912,0.0065827584
9913,0.0059716776
9914,0.06260977
9915,0.18905285
9916,0.026701842
9917,0.01027811
9918,0.09932481
9919,0.07824205
9920,0.013525757
9921,0.02714831
9922,0.32897428
9923,0.007487007
9924,0.010513094
9925,0.018569626
9926,0.021385161
9927,0.05598289
9928,0.047878508
9929,0.005855659
9930,0.22458793
9931,0.10987533
9932,0.005811614
9933,0.0075585064
9934,0.008867631
9935,0.07817037
9936,0.197436
9937,0.1069451
9938,0.103615075
9939,0.050071202
9940,0.023366181
9941,0.0090385955
9942,0.06193392
9943,0.1940399
9944,0.12212419
9945,0.010213779
9946,0.05928951
9947,0.005811614
9948,0.005811614
9949,0.017214494
9950,0.005811614
9951,0.005811614
9952,0.009094455
9953,0.0058945557
9954,0.03290005
9955,0.024816746
9956,0.05995353
9957,0.043148134
9958,0.14874613
9959,0.012288469
9960,0.009683241
9961,0.12137885
9962,0.20697096
9963,0.008867631
9964,0.010929027
9965,0.020101018
9966,0.03430163
9967,0.019996462
9968,0.010213779
9969,0.019375274
9970,0.022714354
9971,0.022714354
9972,0.110092536
9973,0.012697648
9974,0.008867631
9975,0.013244803
9976,0.013213444
9977,0.035242602
9978,0.0304041
9979,0.005811614
9980,0.005811614
9981,0.13076349
9982,0.026976174
9983,0.07427188
9984,0.0059192013
9985,0.010673159
9986,0.05397801
9987,0.038010046
9988,0.005811614
9989,0.16566432
9990,0.08842869
9991,0.11044935
9992,0.055383507
9993,0.012288469
9994,0.20390096
9995,0.017416598
9996,0.013007835
9997,0.0059716776
9998,0.11036443
9999,0.06434401
10000,0.008145106
10001,0.09209276
10002,0.005811614
10003,0.0128498925
10004,0.005811614
10005,0.006040097
10006,0.07829207
10007,0.0064226957
10008,0.010673159
10009,0.019113857
10010,0.07052022
10011,0.009369054
10012,0.014379458
10013,0.008723891
10014,0.08385045
10015,0.040091585
10016,0.1463475
10017,0.018664405
10018,0.01873947
10019,0.005855659
10020,0.020138377
10021,0.02123013
10022,0.07670443
10023,0.008430047
10024,0.025228942
10025,0.027788429
10026,0.007116867
10027,0.009844704
10028,0.027146455
10029,0.10958178
10030,0.20601061
10031,0.08793834
10032,0.019016683
10033,0.025581745
10034,0.03357608
10035,0.076093666
10036,0.052203152
10037,0.006287314
10038,0.057015825
10039,0.006395218
10040,0.03728597
10041,0.13365637
10042,0.027766045
10043,0.006222152
10044,0.026480127
10045,0.114687204
10046,0.022643322
10047,0.10113986
10048,0.2870865
10049,0.16236164
10050,0.01908262
10051,0.02276469
10052,0.046245106
10053,0.010813008
10054,0.3075896
10055,0.03264773
10056,0.22006199
10057,0.08401936
10058,0.18645322
10059,0.056359295
10060,0.023270747
10061,0.018758183
10062,0.029664535
10063,0.005811614
10064,0.20963188
10065,0.027675012
10066,0.6090156
10067,0.27678797
10068,0.007172686
10069,0.040505376
10070,0.046147544
10071,0.050871316
10072,0.0060546184
10073,0.043077458
10074,0.09131562
10075,0.0069254767
10076,0.03585224
10077,0.10142335
10078,0.15862882
10079,0.5236725
10080,0.490448
10081,0.20664166
10082,0.12786181
10083,0.31934372
10084,0.008590111
10085,0.031185664
10086,0.011290019
10087,0.044179037
10088,0.00971627
10089,0.192874
10090,0.38838515
10091,0.1256328
10092,0.2171997
10093,0.49099362
10094,0.11939107
10095,0.0061239237
10096,0.38518384
10097,0.031964984
10098,0.4638229
10099,0.034358095
10100,0.07640388
10101,0.03730283
10102,0.058601353
10103,0.024144454
10104,0.068929195
10105,0.064017154
10106,0.043543972
10107,0.029290384
10108,0.06755228
10109,0.28333473
10110,0.07433806
10111,0.04192921
10112,0.040381797
10113,0.019398581
10114,0.025998304
10115,0.040224265
10116,0.014242317
10117,0.039427504
10118,0.12547225
10119,0.011081273
10120,0.056526408
10121,0.14472789
10122,0.09769742
10123,0.2491299
10124,0.02065828
10125,0.04118969
10126,0.016704887
10127,0.0112729035
10128,0.015015926
10129,0.015015926
10130,0.015535243
10131,0.4496243
10132,0.06991074
10133,0.034450848
10134,0.36305654
10135,0.32950154
10136,0.06118466
10137,0.029739674
10138,0.015173208
10139,0.017800596
10140,0.026976174
10141,0.0069713304
10142,0.042292405
10143,0.0059716776
10144,0.01039546
10145,0.066598944
10146,0.10434855
10147,0.10541125
10148,0.16481346
10149,0.4203432
10150,0.01599835
10151,0.0058945557
10152,0.045504633
10153,0.019879762
10154,0.019530738
10155,0.010406525
10156,0.032464378
10157,0.050769597
10158,0.22820875
10159,0.028247176
10160,0.055687238
10161,0.009881302
10162,0.059371065
10163,0.12761234
10164,0.4501432
10165,0.020614484
10166,0.027810019
10167,0.031009868
10168,0.026701842
10169,0.03337425
10170,0.068963535
10171,0.00940336
10172,0.03349579
10173,0.016782405
10174,0.13963392
10175,0.18987603
10176,0.109954335
10177,0.08248483
10178,0.09528345
10179,0.024612041
10180,0.029432235
10181,0.016542027
10182,0.023445783
10183,0.060038287
10184,0.056757722
10185,0.08464544
10186,0.012748642
10187,0.03142996
10188,0.024781497
10189,0.05820569
10190,0.021385161
10191,0.06610631
10192,0.030953117
10193,0.0076211453
10194,0.09167369
10195,0.019766023
10196,0.10933372
10197,0.19005373
10198,0.10974765
10199,0.03578352
10200,0.028888835
10201,0.03773182
10202,0.095459685
10203,0.02165251
10204,0.015295952
10205,0.04160249
10206,0.2362711
10207,0.01811538
10208,0.005811614
10209,0.01724982
10210,0.06498153
10211,0.05237433
10212,0.1439112
10213,0.08111828
10214,0.13064598
10215,0.05585748
10216,0.043540325
10217,0.034068376
10218,0.066482976
10219,0.0777858
10220,0.08570594
10221,0.061270036
10222,0.45023796
10223,0.113905855
10224,0.03149365
10225,0.080371976
10226,0.015140714
10227,0.064492546
10228,0.010459792
10229,0.08423288
10230,0.026544245
10231,0.005811614
10232,0.015295952
10233,0.017097577
10234,0.1148242
10235,0.040951002
10236,0.04277878
10237,0.059417944
10238,0.104329385
10239,0.13316362
10240,0.25490186
10241,0.09016106
10242,0.017518697
10243,0.123216726
10244,0.0462041
10245,0.062352363
10246,0.0070855403
10247,0.008225762
10248,0.072278835
10249,0.046434212
10250,0.15339132
10251,0.10614877
10252,0.15496498
10253,0.0515652
10254,0.060091145
10255,0.013291159
10256,0.01462903
10257,0.017097577
10258,0.11711058
10259,0.010173829
10260,0.0062043713
10261,0.031147532
10262,0.005811614
10263,0.0063401684
10264,0.049688436
10265,0.053228687
10266,0.08767901
10267,0.14841829
10268,0.069554836
10269,0.18987603
10270,0.10204003
10271,0.15850464
10272,0.011398811
10273,0.09759131
10274,0.042760637
10275,0.068651885
10276,0.00971627
10277,0.019563532
10278,0.040766764
10279,0.012930342
10280,0.0136166895
10281,0.07247655
10282,0.06401849
10283,0.01824558
10284,0.047849134
10285,0.07635686
10286,0.026129682
10287,0.048325047
10288,0.0073975725
10289,0.010991913
10290,0.020810528
10291,0.049357247
10292,0.018715655
10293,0.0429201
10294,0.0851285
10295,0.04959661
10296,0.1404442
10297,0.2825167
10298,0.074102715
10299,0.07513302
10300,0.07751602
10301,0.14026716
10302,0.106639475
10303,0.12017144
10304,0.063931994
10305,0.018975034
10306,0.27588958
10307,0.06560238
10308,0.058660973
10309,0.054307234
10310,0.08239542
10311,0.017518697
10312,0.0417396
10313,0.008834364
10314,0.007568669
10315,0.054884795
10316,0.22975536
10317,0.05874858
10318,0.030664416
10319,0.087125905
10320,0.44670153
10321,0.080615394
10322,0.012697648
10323,0.10930343
10324,0.073469274
10325,0.23591073
10326,0.27588966
10327,0.102014095
10328,0.0069254767
10329,0.045241382
10330,0.10908996
10331,0.22845928
10332,0.045530688
10333,0.14095642
10334,0.069697775
10335,0.048120856
10336,0.010421099
10337,0.015295952
10338,0.038285278
10339,0.042597253
10340,0.072751395
10341,0.010813008
10342,0.11051397
10343,0.1646614
10344,0.11939107
10345,0.12245385
10346,0.046427656
10347,0.12580502
10348,0.17215258
10349,0.2988302
10350,0.07993711
10351,0.009554809
10352,0.059622403
10353,0.005811614
10354,0.009217606
10355,0.059358433
10356,0.36234695
10357,0.03779334
10358,0.02410217
10359,0.3377252
10360,0.15741138
10361,0.016487611
10362,0.0072815535
10363,0.05606151
10364,0.0735187
10365,0.17075498
10366,0.16986667
10367,0.07914248
10368,0.044175576
10369,0.19006611
10370,0.15583354
10371,0.16621993
10372,0.21291648
10373,0.27227047
10374,0.14335898
10375,0.008590111
10376,0.015179934
10377,0.058864597
10378,0.1046266
10379,0.056332424
10380,0.22981863
10381,0.9562403
10382,0.09167369
10383,0.03297726
10384,0.3183027
10385,0.055972423
10386,0.03724105
10387,0.23017088
10388,0.018803222
10389,0.028820965
10390,0.058296945
10391,0.0812221
10392,0.011330095
10393,0.042828884
10394,0.3268457
10395,0.03241475
10396,0.09729236
10397,0.21731065
10398,0.13000707
10399,0.25040203
10400,0.25847355
10401,0.30805677
10402,0.007689565
10403,0.24299495
10404,0.05952725
10405,0.1615084
10406,0.7391169
10407,0.30644882
10408,0.32805187
10409,0.005811614
10410,0.14068943
10411,0.016116397
10412,0.05807296
10413,0.016507164
10414,0.0061571402
10415,0.010173829
10416,0.04959661
10417,0.007858952
10418,0.005811614
10419,0.02617203
10420,0.052471466
10421,0.07107384
10422,0.061041
10423,0.10720136
10424,0.091486186
10425,0.22900899
10426,0.16498171
10427,0.043573473
10428,0.10166497
10429,0.18848972
10430,0.02524546
10431,0.02142827
10432,0.95901215
10433,0.9306215
10434,0.45773357
10435,0.006500231
10436,0.008742358
10437,0.005811614
10438,0.0069261743
10439,0.30251002
10440,0.02138766
10441,0.05868771
10442,0.007328857
10443,0.07510175
10444,0.08713681
10445,0.03882891
10446,0.005811614
10447,0.30346254
10448,0.005811614
10449,0.014210053
10450,0.10543653
10451,0.09417417
10452,0.09239542
10453,0.042546753
10454,0.10739491
10455,0.093175076
10456,0.0070855403
10457,0.007237509
10458,0.16083969
10459,0.102260105
10460,0.10946625
10461,0.943433
10462,0.84456927
10463,0.60772777
10464,0.011914022
10465,0.031529088
10466,0.006040097
10467,0.18813129
10468,0.0667648
10469,0.17690918
10470,0.02739067
10471,0.06795358
10472,0.029072605
10473,0.06939317
10474,0.11008349
10475,0.13815807
10476,0.12421285
10477,0.36703762
10478,0.36077926
10479,0.18796058
10480,0.17691225
10481,0.11091157
10482,0.11815698
10483,0.0798099
10484,0.03937467
10485,0.06319171
10486,0.1379208
10487,0.14227244
10488,0.17864361
10489,0.12677406
10490,0.04676379
10491,0.95288754
10492,0.9782327
10493,0.9815172
10494,0.10885934
10495,0.04290622
10496,0.07741886
10497,0.18419826
10498,0.039222684
10499,0.018928355
10500,0.037888505
10501,0.0488815
10502,0.09520204
10503,0.046219792
10504,0.2221133
10505,0.85742366
10506,0.1104352
10507,0.14436647
10508,0.09571454
10509,0.21052998
10510,0.0554161
10511,0.14958379
10512,0.117147245
10513,0.0515652
10514,0.094984144
10515,0.09742765
10516,0.06539928
10517,0.04338875
10518,0.009949433
10519,0.32463038
10520,0.31725016
10521,0.19433656
10522,0.044544466
10523,0.029026782
10524,0.07658534
10525,0.06268453
10526,0.24266614
10527,0.04608078
10528,0.033626273
10529,0.031917997
10530,0.045545604
10531,0.033746056
10532,0.06272632
10533,0.20265934
10534,0.5436162
10535,0.30486065
10536,0.3216747
10537,0.10268317
10538,0.2921772
10539,0.20757811
10540,0.4191882
10541,0.067069575
10542,0.031284824
10543,0.057477977
10544,0.03307145
10545,0.1380878
10546,0.21046914
10547,0.1203206
10548,0.35608488
10549,0.19858104
10550,0.21611902
10551,0.9802609
10552,0.1040769
10553,0.14921075
10554,0.1509254
10555,0.025551466
10556,0.3520653
10557,0.07258306
10558,0.060332935
10559,0.04192921
10560,0.053670537
10561,0.16086741
10562,0.3515968
10563,0.3183027
10564,0.460392
10565,0.34049118
10566,0.19466543
10567,0.1486757
10568,0.1957088
10569,0.005811614
10570,0.1436081
10571,0.07901916
10572,0.009978354
10573,0.27551815
10574,0.21228833
10575,0.06747865
10576,0.54568434
10577,0.27310333
10578,0.006317204
10579,0.08842147
10580,0.08085008
10581,0.06639125
10582,0.02544888
10583,0.016542027
10584,0.054425173
10585,0.082431756
10586,0.08433939
10587,0.1459532
10588,0.36887622
10589,0.85672754
10590,0.38978133
10591,0.27518848
10592,0.5460328
10593,0.117689125
10594,0.009286022
10595,0.06298525
10596,0.08419063
10597,0.082682185
10598,0.19114754
10599,0.0554161
10600,0.050812468
10601,0.079365924
10602,0.107630104
10603,0.0462041
10604,0.029200591
10605,0.05961369
10606,0.041306887
10607,0.008788443
10608,0.06289588
10609,0.03213673
10610,0.005979537
10611,0.034823157
10612,0.0686408
10613,0.06954566
10614,0.10423366
10615,0.22824685
10616,0.23277576
10617,0.14678332
10618,0.63689893
10619,0.6044437
10620,0.2965499
10621,0.14682764
10622,0.0066742897
10623,0.01915288
10624,0.05297669
10625,0.05771592
10626,0.013776754
10627,0.008948507
10628,0.038607024
10629,0.6070439
10630,0.042674366
10631,0.015535243
10632,0.0957553
10633,0.02455675
10634,0.05083625
10635,0.04277737
10636,0.08706758
10637,0.006431698
10638,0.044512134
10639,0.0129787605
10640,0.025340056
10641,0.0417396
10642,0.067303866
10643,0.12571687
10644,0.37066582
10645,0.19215913
10646,0.15013616
10647,0.8453842
10648,0.3487432
10649,0.3715525
10650,0.4310444
10651,0.072235554
10652,0.056848064
10653,0.052011125
10654,0.017211678
10655,0.009477417
10656,0.025306452
10657,0.09430557
10658,0.34838945
10659,0.08279524
10660,0.20558198
10661,0.020320453
10662,0.098208606
10663,0.070741795
10664,0.10715343
10665,0.11739627
10666,0.05779272
10667,0.009100752
10668,0.060006108
10669,0.09286317
10670,0.7019915
10671,0.16542363
10672,0.3118313
10673,0.21485223
10674,0.22412701
10675,0.18618986
10676,0.061548032
10677,0.024902351
10678,0.018709261
10679,0.06542478
10680,0.010642057
10681,0.10656654
10682,0.060464226
10683,0.124740295
10684,0.18518765
10685,0.019381361
10686,0.058630634
10687,0.00971627
10688,0.17096049
10689,0.045614522
10690,0.06766458
10691,0.14653118
10692,0.018041208
10693,0.09860916
10694,0.22101304
10695,0.10144084
10696,0.1150424
10697,0.0061571402
10698,0.14482489
10699,0.06065036
10700,0.0142881
10701,0.123384945
10702,0.0663673
10703,0.03756064
10704,0.008225762
10705,0.11212693
10706,0.008753487
10707,0.008433558
10708,0.016545435
10709,0.13451925
10710,0.008753487
10711,0.057837304
10712,0.05816051
10713,0.12234978
10714,0.018201888
10715,0.044304248
10716,0.005811614
10717,0.043674443
10718,0.16609967
10719,0.34627682
10720,0.36220342
10721,0.042606324
10722,0.011151976
10723,0.012697648
10724,0.045545604
10725,0.020765867
10726,0.050643966
10727,0.012697648
10728,0.07269432
10729,0.2022253
10730,0.010929027
10731,0.02680299
10732,0.012697648
10733,0.0059192013
10734,0.016623182
10735,0.015295952
10736,0.08909101
10737,0.07813456
10738,0.30181578
10739,0.017763592
10740,0.011644861
10741,0.01908262
10742,0.09722139
10743,0.15327366
10744,0.30231106
10745,0.049734075
10746,0.012204351
10747,0.09389435
10748,0.020735944
10749,0.008674299
10750,0.045228947
10751,0.098591745
10752,0.08762451
10753,0.0072815535
10754,0.010929027
10755,0.017800596
10756,0.007237509
10757,0.2455133
10758,0.014823111
10759,0.014092999
10760,0.08478056
10761,0.054425173
10762,0.047359604
10763,0.0462041
10764,0.040130172
10765,0.09478976
10766,0.3302744
10767,0.018178921
10768,0.0059716776
10769,0.014059618
10770,0.06839296
10771,0.027064135
10772,0.053797144
10773,0.17504767
10774,0.058580663
10775,0.23366253
10776,0.111698456
10777,0.043006312
10778,0.03847194
10779,0.050173864
10780,0.009556206
10781,0.2654222
10782,0.077074416
10783,0.038309865
10784,0.06401045
10785,0.061614264
10786,0.005811614
10787,0.0070168246
10788,0.32860956
10789,0.4831069
10790,0.12072186
10791,0.063535444
10792,0.05117531
10793,0.063013345
10794,0.03731004
10795,0.084459625
10796,0.12029597
10797,0.062474493
10798,0.903867
10799,0.015295952
10800,0.06190708
10801,0.03411682
10802,0.09113394
10803,0.005811614
10804,0.021714397
10805,0.1802073
10806,0.3710637
10807,0.07130715
10808,0.17856191
10809,0.01915288
10810,0.020181773
10811,0.014702336
10812,0.08570333
10813,0.038748745
10814,0.026976174
10815,0.043222472
10816,0.012025256
10817,0.1014298
10818,0.020156354
10819,0.0931841
10820,0.04700696
10821,0.03835146
10822,0.013549449
10823,0.032164484
10824,0.08419063
10825,0.053909823
10826,0.019490337
10827,0.020320453
10828,0.047732398
10829,0.5446957
10830,0.11209469
10831,0.047792595
10832,0.050173864
10833,0.04814668
10834,0.08320838
10835,0.09190696
10836,0.023694992
10837,0.023939965
10838,0.45223612
10839,0.042637315
10840,0.0059716776
10841,0.036588572
10842,0.0845738
10843,0.1442287
10844,0.063855805
10845,0.037517853
10846,0.01947925
10847,0.25357166
10848,0.011726846
10849,0.0423106
10850,0.038433187
10851,0.054450806
10852,0.03367287
10853,0.0059716776
10854,0.18431738
10855,0.079014
10856,0.0061396006
10857,0.012697648
10858,0.0485148
10859,0.13059507
10860,0.10909354
10861,0.05518784
10862,0.019922871
10863,0.005811614
10864,0.02142827
10865,0.048937358
10866,0.18615423
10867,0.08804223
10868,0.0070855403
10869,0.005811614
10870,0.011760879
10871,0.0063401684
10872,0.014836051
10873,0.010489814
10874,0.016623182
10875,0.0083047
10876,0.008948507
10877,0.011282791
10878,0.014219682
10879,0.0058945557
10880,0.024875687
10881,0.0060829083
10882,0.026998168
10883,0.16147871
10884,0.008797588
10885,0.011914022
10886,0.13059771
10887,0.1918882
10888,0.024498155
10889,0.014442765
10890,0.022025848
10891,0.008684772
10892,0.018629039
10893,0.027181938
10894,0.019071132
10895,0.007858952
10896,0.014062715
10897,0.05899478
10898,0.013058467
10899,0.008753487
10900,0.0076211453
10901,0.049814522
10902,0.028693663
10903,0.034113854
10904,0.057355348
10905,0.0071644792
10906,0.14288652
10907,0.05619073
10908,0.06697761
10909,0.008225762
10910,0.0059716776
10911,0.01943786
10912,0.010929027
10913,0.053231575
10914,0.017195007
10915,0.0059716776
10916,0.008590111
10917,0.005811614
10918,0.008948507
10919,0.13793342
10920,0.06348335
10921,0.082767285
10922,0.028224744
10923,0.011914022
10924,0.0059716776
10925,0.0133056715
10926,0.14427699
10927,0.007345095
10928,0.016843272
10929,0.06933412
10930,0.0058945557
10931,0.051597793
10932,0.0070855403
10933,0.10213176
10934,0.024559023
10935,0.024830895
10936,0.028618768
10937,0.02282155
10938,0.0070855403
10939,0.005811614
10940,0.010489814
10941,0.020178683
10942,0.018629039
10943,0.04233781
10944,0.016725225
10945,0.029558081
10946,0.06213314
10947,0.045018535
10948,0.15326029
10949,0.05760144
10950,0.02237955
10951,0.0067861956
10952,0.0069254767
10953,0.010991913
10954,0.06003694
10955,0.0058945557
10956,0.014210053
10957,0.015295952
10958,0.033496395
10959,0.011914022
10960,0.005811614
10961,0.043099027
10962,0.121759094
10963,0.21394178
10964,0.058041543
10965,0.018709261
10966,0.057151318
10967,0.089367434
10968,0.052203152
10969,0.029856253
10970,0.019380797
10971,0.14092045
10972,0.09216215
10973,0.018489413
10974,0.057802033
10975,0.052186675
10976,0.031844452
10977,0.023325551
10978,0.07649496
10979,0.076673076
10980,0.08214297
10981,0.14368004
10982,0.111659266
10983,0.01908262
10984,0.0071671447
10985,0.013776754
10986,0.35539
10987,0.020689681
10988,0.2595567
10989,0.1973302
10990,0.15419874
10991,0.056359295
10992,0.024280565
10993,0.023270747
10994,0.05148387
10995,0.129271
10996,0.027948562
10997,0.6077478
10998,0.09276842
10999,0.040505376
11000,0.06230111
11001,0.07679989
11002,0.026251646
11003,0.020503249
11004,0.072036766
11005,0.08795693
11006,0.016487611
11007,0.013549449
11008,0.019297756
11009,0.15464945
11010,0.22278312
11011,0.45726544
11012,0.3677973
11013,0.05137132
11014,0.12992598
11015,0.024159668
11016,0.1311278
11017,0.2844255
11018,0.011584904
11019,0.046644926
11020,0.067966536
11021,0.04925209
11022,0.14137849
11023,0.38539618
11024,0.042818125
11025,0.12617455
11026,0.48893946
11027,0.18695758
11028,0.4288485
11029,0.093210645
11030,0.48564887
11031,0.04067166
11032,0.07121568
11033,0.035148032
11034,0.061343305
11035,0.038748745
11036,0.07940437
11037,0.07084886
11038,0.010227153
11039,0.03734839
11040,0.2820952
11041,0.07433806
11042,0.032005936
11043,0.079365924
11044,0.0747993
11045,0.019043453
11046,0.01570879
11047,0.0069713304
11048,0.039427504
11049,0.10222356
11050,0.02722009
11051,0.11511393
11052,0.1747885
11053,0.25227654
11054,0.02065828
11055,0.093877524
11056,0.09216215
11057,0.03585224
11058,0.049917564
11059,0.015015926
11060,0.5441791
11061,0.08209973
11062,0.07970593
11063,0.5886377
11064,0.3376628
11065,0.066814646
11066,0.0060829083
11067,0.017800596
11068,0.005811614
11069,0.0069713304
11070,0.045267437
11071,0.008590111
11072,0.0872129
11073,0.105476886
11074,0.09573205
11075,0.31896645
11076,0.49239573
11077,0.0076211453
11078,0.014219682
11079,0.044357073
11080,0.010173829
11081,0.005811614
11082,0.019207727
11083,0.008294181
11084,0.051795878
11085,0.20036094
11086,0.019260466
11087,0.042612787
11088,0.010489814
11089,0.010489814
11090,0.10952483
11091,0.019650005
11092,0.15999664
11093,0.34902388
11094,0.012690029
11095,0.057588197
11096,0.016623182
11097,0.03741215
11098,0.017902471
11099,0.07865548
11100,0.044496354
11101,0.01599835
11102,0.027484894
11103,0.005811614
11104,0.12900366
11105,0.13848513
11106,0.087773085
11107,0.025051003
11108,0.06395619
11109,0.028053088
11110,0.043898348
11111,0.0733419
11112,0.076897696
11113,0.09460739
11114,0.047445506
11115,0.12566562
11116,0.024238886
11117,0.029432235
11118,0.025342185
11119,0.030622229
11120,0.06467475
11121,0.046909582
11122,0.019766023
11123,0.08155205
11124,0.18148829
11125,0.17327084
11126,0.03851384
11127,0.010697985
11128,0.04051071
11129,0.05529512
11130,0.032114618
11131,0.015295952
11132,0.06790546
11133,0.044437047
11134,0.23996133
11135,0.02266287
11136,0.010768963
11137,0.045677025
11138,0.053181674
11139,0.07022375
11140,0.16686077
11141,0.098853536
11142,0.12034558
11143,0.05585748
11144,0.036343664
11145,0.03180836
11146,0.06077031
11147,0.10210575
11148,0.011398811
11149,0.06858991
11150,0.051965028
11151,0.45023796
11152,0.093621515
11153,0.007237509
11154,0.012578796
11155,0.099599205
11156,0.009511153
11157,0.021246778
11158,0.04412007
11159,0.011970634
11160,0.0591028
11161,0.040074144
11162,0.021324294
11163,0.033468038
11164,0.15873939
11165,0.07088702
11166,0.058405682
11167,0.07163421
11168,0.088704206
11169,0.081651606
11170,0.24151178
11171,0.08873329
11172,0.014855864
11173,0.12005006
11174,0.029923419
11175,0.06611818
11176,0.0070855403
11177,0.008225762
11178,0.09522289
11179,0.014973626
11180,0.16589078
11181,0.05924831
11182,0.14252655
11183,0.034083344
11184,0.046073575
11185,0.012146721
11186,0.0074610827
11187,0.15883438
11188,0.010173829
11189,0.04610436
11190,0.044828195
11191,0.015216095
11192,0.033668518
11193,0.06281266
11194,0.055463877
11195,0.10152441
11196,0.13461593
11197,0.09390077
11198,0.18730144
11199,0.12882206
11200,0.13937351
11201,0.008065699
11202,0.1148242
11203,0.05010759
11204,0.07252598
11205,0.00971627
11206,0.034755133
11207,0.1504736
11208,0.019723034
11209,0.021101842
11210,0.0411701
11211,0.0058920626
11212,0.07505232
11213,0.103173204
11214,0.0061239237
11215,0.034044962
11216,0.005811614
11217,0.018383643
11218,0.087739274
11219,0.049257785
11220,0.032232806
11221,0.08951756
11222,0.059047505
11223,0.17498642
11224,0.31747523
11225,0.060354725
11226,0.08162693
11227,0.06454382
11228,0.113412626
11229,0.08188428
11230,0.10198069
11231,0.07611508
11232,0.009844704
11233,0.00940336
11234,0.005811614
11235,0.2882397
11236,0.081445545
11237,0.044206675
11238,0.057094242
11239,0.12245385
11240,0.01032975
11241,0.046640467
11242,0.019339403
11243,0.077919364
11244,0.33249786
11245,0.05874858
11246,0.039235752
11247,0.110618986
11248,0.60719746
11249,0.07107384
11250,0.015030131
11251,0.1276882
11252,0.09338196
11253,0.18625148
11254,0.2921623
11255,0.103809856
11256,0.01915288
11257,0.049092703
11258,0.0418648
11259,0.07281306
11260,0.16659562
11261,0.023170458
11262,0.18466158
11263,0.082756445
11264,0.0126124555
11265,0.014744172
11266,0.011760879
11267,0.015295952
11268,0.047806222
11269,0.044820163
11270,0.07545049
11271,0.012510081
11272,0.14574015
11273,0.14340086
11274,0.124330975
11275,0.1359779
11276,0.067032725
11277,0.123315
11278,0.22305894
11279,0.23038515
11280,0.04845861
11281,0.009554809
11282,0.0902589
11283,0.026640974
11284,0.040381797
11285,0.36402753
11286,0.04545312
11287,0.040567942
11288,0.28804383
11289,0.19030623
11290,0.0061571402
11291,0.05983374
11292,0.06656195
11293,0.13591026
11294,0.2228718
11295,0.00940336
11296,0.082140796
11297,0.030462427
11298,0.13445027
11299,0.12138288
11300,0.14816566
11301,0.19420463
11302,0.27227047
11303,0.12017144
11304,0.036670927
11305,0.0812372
11306,0.044417586
11307,0.28340134
11308,0.9562403
11309,0.09216215
11310,0.04610436
11311,0.27105647
11312,0.01895828
11313,0.06714999
11314,0.23017088
11315,0.015867772
11316,0.067966536
11317,0.10257911
11318,0.0061571402
11319,0.035970137
11320,0.0059716776
11321,0.30487642
11322,0.02642931
11323,0.0734082
11324,0.19438832
11325,0.109194435
11326,0.2219249
11327,0.24825816
11328,0.29844636
11329,0.03504373
11330,0.20747584
11331,0.0865071
11332,0.1124365
11333,0.8473809
11334,0.34011233
11335,0.36098072
11336,0.0288441
11337,0.122818
11338,0.060966104
11339,0.022025848
11340,0.018709261
11341,0.011325381
11342,0.019436141
11343,0.07444457
11344,0.007858952
11345,0.009832406
11346,0.01889542
11347,0.021695014
11348,0.068502605
11349,0.11439607
11350,0.074102715
11351,0.10206427
11352,0.21063092
11353,0.11057318
11354,0.033634186
11355,0.123560004
11356,0.20052654
11357,0.03733112
11358,0.03846386
11359,0.93260705
11360,0.74197876
11361,0.604654
11362,0.006500231
11363,0.023458917
11364,0.023841549
11365,0.3044433
11366,0.064732276
11367,0.041670103
11368,0.11606189
11369,0.095314175
11370,0.0902589
11371,0.008225762
11372,0.3198004
11373,0.013373507
11374,0.023942502
11375,0.15052786
11376,0.10752252
11377,0.09559836
11378,0.04629636
11379,0.10059963
11380,0.07959125
11381,0.020320453
11382,0.14713183
11383,0.097597614
11384,0.06962987
11385,0.95901215
11386,0.7375055
11387,0.6385842
11388,0.0074610827
11389,0.038009465
11390,0.006040097
11391,0.1600332
11392,0.090813585
11393,0.18626408
11394,0.020686252
11395,0.052739915
11396,0.031009868
11397,0.06250262
11398,0.10914422
11399,0.15353191
11400,0.092979476
11401,0.3611129
11402,0.31167194
11403,0.18380117
11404,0.14841829
11405,0.10185437
11406,0.069602735
11407,0.105133876
11408,0.053042814
11409,0.040224265
11410,0.009868517
11411,0.12091262
11412,0.13739042
11413,0.113412626
11414,0.08765796
11415,0.013701702
11416,0.9128353
11417,0.9782327
11418,0.9815172
11419,0.07424282
11420,0.04115845
11421,0.080932625
11422,0.16924778
11423,0.011551057
11424,0.009394744
11425,0.03995082
11426,0.0488815
11427,0.07565657
11428,0.042735238
11429,0.24881582
11430,0.70397705
11431,0.10257911
11432,0.10499695
11433,0.09860925
11434,0.19431908
11435,0.080304466
11436,0.14958379
11437,0.09331575
11438,0.0299133
11439,0.08426669
11440,0.13367832
11441,0.045105692
11442,0.04212204
11443,0.036686435
11444,0.3175746
11445,0.31725016
11446,0.13174994
11447,0.0565491
11448,0.0061239237
11449,0.0651473
11450,0.10043151
11451,0.24318181
11452,0.0069254767
11453,0.060905248
11454,0.04725459
11455,0.04676379
11456,0.022147713
11457,0.057664234
11458,0.060327046
11459,0.16735241
11460,0.56432885
11461,0.2745142
11462,0.21594065
11463,0.12820506
11464,0.24551907
11465,0.1652277
11466,0.54529643
11467,0.050738644
11468,0.017889576
11469,0.0062043713
11470,0.06945695
11471,0.1238702
11472,0.1547574
11473,0.06720177
11474,0.33792222
11475,0.23005638
11476,0.22116451
11477,0.9802609
11478,0.058332052
11479,0.005811614
11480,0.16919811
11481,0.1542397
11482,0.016389782
11483,0.006771886
11484,0.24904932
11485,0.069057606
11486,0.021258766
11487,0.05331637
11488,0.073603064
11489,0.12816127
11490,0.29673493
11491,0.36224544
11492,0.43108526
11493,0.29750836
11494,0.16543244
11495,0.15094395
11496,0.22219877
11497,0.005811614
11498,0.0738767
11499,0.10112541
11500,0.08109878
11501,0.3114125
11502,0.20780955
11503,0.05431867
11504,0.42983484
11505,0.32668534
11506,0.006317204
11507,0.07421492
11508,0.07973736
11509,0.08726095
11510,0.060480826
11511,0.038843244
11512,0.014702336
11513,0.0466291
11514,0.12775576
11515,0.06633453
11516,0.14448367
11517,0.3291044
11518,0.74000746
11519,0.3500496
11520,0.2714513
11521,0.45023796
11522,0.099742845
11523,0.07853577
11524,0.08419063
11525,0.10634887
11526,0.17011291
11527,0.034048617
11528,0.010768963
11529,0.117504515
11530,0.14675856
11531,0.039441988
11532,0.0059716776
11533,0.015184836
11534,0.028385084
11535,0.015563456
11536,0.057305608
11537,0.011914022
11538,0.012731043
11539,0.053242538
11540,0.047261816
11541,0.08056535
11542,0.2266466
11543,0.18142392
11544,0.1064112
11545,0.6059203
11546,0.4891762
11547,0.30576846
11548,0.120455004
11549,0.02349411
11550,0.062019594
11551,0.14533933
11552,0.009394744
11553,0.008948507
11554,0.008674299
11555,0.70223
11556,0.020496428
11557,0.0156159345
11558,0.06693496
11559,0.059031356
11560,0.083403334
11561,0.02291356
11562,0.0479547
11563,0.0069254767
11564,0.03108418
11565,0.03435702
11566,0.09689365
11567,0.12062579
11568,0.38894626
11569,0.2228222
11570,0.13602737
11571,0.8453842
11572,0.30738625
11573,0.3380576
11574,0.24563558
11575,0.028878251
11576,0.04277737
11577,0.041773666
11578,0.029644143
11579,0.02445785
11580,0.0294271
11581,0.046293184
11582,0.4194138
11583,0.11513228
11584,0.29279548
11585,0.008065699
11586,0.07928461
11587,0.08161043
11588,0.16961575
11589,0.10953607
11590,0.03401566
11591,0.015168175
11592,0.005811614
11593,0.031920407
11594,0.09286317
11595,0.70433867
11596,0.18671931
11597,0.3385118
11598,0.19407956
11599,0.27697864
11600,0.17435665
11601,0.05595772
11602,0.04585151
11603,0.018709261
11604,0.005811614
11605,0.06177757
11606,0.03166703
11607,0.09498088
11608,0.06566198
11609,0.10651056
11610,0.18640468
11611,0.019381361
11612,0.043607704
11613,0.17096049
11614,0.0079942215
11615,0.008225762
11616,0.106635585
11617,0.13702142
11618,0.024875687
11619,0.12336099
11620,0.19912842
11621,0.06344327
11622,0.06704693
11623,0.14580408
11624,0.07573987
11625,0.015684353
11626,0.15314972
11627,0.110029235
11628,0.031516083
11629,0.008225762
11630,0.15809558
11631,0.008433558
11632,0.032270312
11633,0.08129807
11634,0.060236696
11635,0.15954295
11636,0.047488425
11637,0.048434883
11638,0.051795878
11639,0.15084499
11640,0.3487432
11641,0.38538423
11642,0.09571963
11643,0.011325381
11644,0.012898403
11645,0.020765867
11646,0.014143498
11647,0.026843162
11648,0.06603268
11649,0.18949063
11650,0.031207433
11651,0.04243392
11652,0.0141672045
11653,0.016623182
11654,0.009217606
11655,0.015295952
11656,0.099579275
11657,0.09156324
11658,0.31780785
11659,0.017289195
11660,0.018090522
11661,0.032613173
11662,0.06323986
11663,0.12680522
11664,0.29458675
11665,0.08819322
11666,0.021833397
11667,0.066533156
11668,0.005811614
11669,0.04327358
11670,0.058576867
11671,0.13748102
11672,0.04959661
11673,0.0132694645
11674,0.010929027
11675,0.005811614
11676,0.010489814
11677,0.20783482
11678,0.017669402
11679,0.02456156
11680,0.101183034
11681,0.08606322
11682,0.030593999
11683,0.021385161
11684,0.03209
11685,0.07877512
11686,0.33822003
11687,0.026802786
11688,0.0059716776
11689,0.013058467
11690,0.0063401684
11691,0.057225157
11692,0.038916007
11693,0.058543053
11694,0.13995615
11695,0.042237625
11696,0.21909998
11697,0.06604955
11698,0.04250731
11699,0.0074610827
11700,0.0479547
11701,0.03451613
11702,0.008273494
11703,0.22819789
11704,0.032859422
11705,0.020573946
11706,0.08439364
11707,0.07158478
11708,0.0070855403
11709,0.008590111
11710,0.34944198
11711,0.5203057
11712,0.10589805
11713,0.034433875
11714,0.060817793
11715,0.062315773
11716,0.015709389
11717,0.0877296
11718,0.09771584
11719,0.04857967
11720,0.74313515
11721,0.049994748
11722,0.044828195
11723,0.067060225
11724,0.005811614
11725,0.06365354
11726,0.15139394
11727,0.36159483
11728,0.06472905
11729,0.115514934
11730,0.01915288
11731,0.0063874293
11732,0.0390531
11733,0.0898178
11734,0.043270264
11735,0.042154815
11736,0.09216215
11737,0.066712804
11738,0.03982027
11739,0.02276469
11740,0.04412007
11741,0.05104509
11742,0.06737239
11743,0.03769923
11744,0.0063401684
11745,0.0399949
11746,0.06898528
11747,0.12001965
11748,0.020399392
11749,0.060784575
11750,0.5468161
11751,0.19109572
11752,0.0845738
11753,0.008590111
11754,0.013318473
11755,0.0062043713
11756,0.057991084
11757,0.07547803
11758,0.0069254767
11759,0.006811266
11760,0.32866648
11761,0.019134803
11762,0.05071
11763,0.18424264
11764,0.018975034
11765,0.09449941
11766,0.057021134
11767,0.033421308
11768,0.020260328
11769,0.2563132
11770,0.042562064
11771,0.055180628
11772,0.0060546184
11773,0.016507164
11774,0.033496395
11775,0.055737037
11776,0.0141003905
11777,0.014371928
11778,0.13041577
11779,0.088463075
11780,0.012697648
11781,0.005811614
11782,0.014975144
11783,0.14951086
11784,0.06263888
11785,0.055568356
11786,0.012809386
11787,0.005811614
11788,0.05941171
11789,0.051295184
11790,0.13528797
11791,0.17889015
11792,0.0070855403
11793,0.007237509
11794,0.060814906
11795,0.02343954
11796,0.005979537
11797,0.024143385
11798,0.013007835
11799,0.007858952
11800,0.008948507
11801,0.015901895
11802,0.014219682
11803,0.005979537
11804,0.019766023
11805,0.010220723
11806,0.061614264
11807,0.14552093
11808,0.011914022
11809,0.09217752
11810,0.012580035
11811,0.21210119
11812,0.008753487
11813,0.017902158
11814,0.04502741
11815,0.0072815535
11816,0.0069254767
11817,0.033526853
11818,0.005811614
11819,0.007858952
11820,0.0074610827
11821,0.026495237
11822,0.005811614
11823,0.0076211453
11824,0.053799536
11825,0.007949388
11826,0.059415076
11827,0.0129787605
11828,0.029644143
11829,0.014219682
11830,0.013373507
11831,0.005811614
11832,0.1566896
11833,0.04594085
11834,0.064599276
11835,0.007858952
11836,0.0059716776
11837,0.008948507
11838,0.02521775
11839,0.010929027
11840,0.018331204
11841,0.062863596
11842,0.013373507
11843,0.17935427
11844,0.034302015
11845,0.09860925
11846,0.062271435
11847,0.0059029628
11848,0.11743648
11849,0.028247176
11850,0.00940336
11851,0.0059716776
11852,0.0873023
11853,0.008788443
11854,0.058970727
11855,0.10622412
11856,0.016116397
11857,0.012818697
11858,0.050460607
11859,0.026881982
11860,0.013058467
11861,0.005811614
11862,0.010489814
11863,0.018340176
11864,0.0061239237
11865,0.010775776
11866,0.026773056
11867,0.06031204
11868,0.04192921
11869,0.0059716776
11870,0.12689078
11871,0.03180836
11872,0.011282791
11873,0.01206627
11874,0.0059716776
11875,0.015185773
11876,0.074646905
11877,0.02237955
11878,0.027959554
11879,0.016229717
11880,0.016572332
11881,0.011914022
11882,0.02945265
11883,0.10172958
11884,0.18795109
11885,0.017800596
11886,0.05655513
11887,0.018727792
11888,0.033808023
11889,0.038493544
11890,0.019115025
11891,0.052409437
11892,0.016404115
11893,0.04394378
11894,0.033256024
11895,0.0065589296
11896,0.11469433
11897,0.07378595
11898,0.03064887
11899,0.024518585
11900,0.026480127
11901,0.08376308
11902,0.045623254
11903,0.03231936
11904,0.17754263
11905,0.04561521
11906,0.092256814
11907,0.046457916
11908,0.37139854
11909,0.043948594
11910,0.23134032
11911,0.08643733
11912,0.15840621
11913,0.05691034
11914,0.023678493
11915,0.05252564
11916,0.13900158
11917,0.019127278
11918,0.6342147
11919,0.13774365
11920,0.112334244
11921,0.13154928
11922,0.059905082
11923,0.008934393
11924,0.055115614
11925,0.040916365
11926,0.016487611
11927,0.013549449
11928,0.052169353
11929,0.14536895
11930,0.10945039
11931,0.41688308
11932,0.35008106
11933,0.036586065
11934,0.09610606
11935,0.024626173
11936,0.06042968
11937,0.2359974
11938,0.005811614
11939,0.013389385
11940,0.04084605
11941,0.061614264
11942,0.045050345
11943,0.09751371
11944,0.27782905
11945,0.052364208
11946,0.1994793
11947,0.4167388
11948,0.19319338
11949,0.020970592
11950,0.4878687
11951,0.044178583
11952,0.48960233
11953,0.03504735
11954,0.045940842
11955,0.09041635
11956,0.037830207
11957,0.039398078
11958,0.15094627
11959,0.099834
11960,0.007377092
11961,0.007386115
11962,0.310487
11963,0.07656852
11964,0.030895567
11965,0.06861974
11966,0.121926956
11967,0.006040097
11968,0.0064995894
11969,0.0069713304
11970,0.039907254
11971,0.10202063
11972,0.15979294
11973,0.09723679
11974,0.055165417
11975,0.22867028
11976,0.018453607
11977,0.04299454
11978,0.012349376
11979,0.023066022
11980,0.01258163
11981,0.36989236
11982,0.14699833
11983,0.078352414
11984,0.40360692
11985,0.3608183
11986,0.0065827584
11987,0.058781184
11988,0.03706542
11989,0.012578796
11990,0.017902158
11991,0.017309012
11992,0.015295952
11993,0.0069713304
11994,0.045839
11995,0.010929027
11996,0.008590111
11997,0.10327134
11998,0.07337554
11999,0.09552072
12000,0.24501848
12001,0.48379123
12002,0.0069254767
12003,0.0143701155
12004,0.06449155
12005,0.01027811
12006,0.019530738
12007,0.028535072
12008,0.01606677
12009,0.042569984
12010,0.22462109
12011,0.007568669
12012,0.060446184
12013,0.010673159
12014,0.06407774
12015,0.007509082
12016,0.16339266
12017,0.36329877
12018,0.0076211453
12019,0.02642875
12020,0.044114046
12021,0.01762026
12022,0.027375149
12023,0.008808932
12024,0.066159524
12025,0.009554809
12026,0.025924958
12027,0.011102432
12028,0.12960881
12029,0.12002669
12030,0.11683327
12031,0.06903626
12032,0.07160869
12033,0.023051893
12034,0.04623672
12035,0.06378556
12036,0.053887684
12037,0.11275335
12038,0.07590847
12039,0.11781843
12040,0.0074610827
12041,0.031207433
12042,0.030735604
12043,0.04243392
12044,0.044130865
12045,0.08065676
12046,0.02110652
12047,0.006811266
12048,0.11286357
12049,0.20380814
12050,0.21316855
12051,0.053590875
12052,0.05630737
12053,0.02554643
12054,0.12602083
12055,0.037000045
12056,0.015376646
12057,0.03979325
12058,0.008065699
12059,0.0234346
12060,0.16927996
12061,0.02456156
12062,0.02312828
12063,0.047793876
12064,0.06363437
12065,0.08562446
12066,0.1304739
12067,0.1409888
12068,0.14428955
12069,0.03135851
12070,0.039673563
12071,0.033283196
12072,0.06381658
12073,0.06222117
12074,0.06202145
12075,0.030597659
12076,0.41672328
12077,0.1328655
12078,0.016327547
12079,0.09417751
12080,0.06648241
12081,0.050794937
12082,0.027934177
12083,0.005811614
12084,0.107674524
12085,0.021385161
12086,0.026879445
12087,0.02524546
12088,0.11867309
12089,0.06239354
12090,0.06689735
12091,0.061943267
12092,0.059535798
12093,0.13621482
12094,0.31616697
12095,0.068642505
12096,0.02362445
12097,0.07619331
12098,0.026974041
12099,0.07487456
12100,0.016150596
12101,0.008433558
12102,0.041000858
12103,0.026840135
12104,0.10214901
12105,0.028548075
12106,0.10473222
12107,0.019063188
12108,0.0710949
12109,0.02475128
12110,0.15081914
12111,0.01027811
12112,0.03696192
12113,0.041321274
12114,0.03311301
12115,0.011914022
12116,0.008521396
12117,0.03166703
12118,0.043503206
12119,0.040856056
12120,0.06782646
12121,0.14865883
12122,0.097110145
12123,0.19268692
12124,0.1397069
12125,0.12955227
12126,0.03290005
12127,0.14617246
12128,0.026251586
12129,0.07384132
12130,0.026899096
12131,0.1434436
12132,0.042774584
12133,0.024444435
12134,0.06603043
12135,0.014936312
12136,0.028552098
12137,0.06651411
12138,0.07937258
12139,0.04979424
12140,0.022824887
12141,0.08572769
12142,0.042915154
12143,0.0681536
12144,0.06307769
12145,0.08111126
12146,0.13847104
12147,0.29546517
12148,0.09414598
12149,0.08109641
12150,0.04978287
12151,0.07281743
12152,0.06995147
12153,0.104398556
12154,0.083032966
12155,0.027136113
12156,0.3045057
12157,0.04865375
12158,0.07794964
12159,0.018439548
12160,0.13663551
12161,0.027418148
12162,0.0061239237
12163,0.009792226
12164,0.053631254
12165,0.33371675
12166,0.04812736
12167,0.049653552
12168,0.10484932
12169,0.60527694
12170,0.066669025
12171,0.005811614
12172,0.11603035
12173,0.05585481
12174,0.23027515
12175,0.2771292
12176,0.07647339
12177,0.01915288
12178,0.055837486
12179,0.079026915
12180,0.15286432
12181,0.014955848
12182,0.17421903
12183,0.09352708
12184,0.04091535
12185,0.005811614
12186,0.012862742
12187,0.046921957
12188,0.06688407
12189,0.081026636
12190,0.0143701155
12191,0.11601555
12192,0.09552179
12193,0.13736874
12194,0.09263402
12195,0.032849006
12196,0.11273087
12197,0.21066852
12198,0.2251902
12199,0.025711076
12200,0.061817426
12201,0.042791832
12202,0.059950322
12203,0.5417008
12204,0.044794995
12205,0.015542601
12206,0.28804383
12207,0.21630616
12208,0.0129787605
12209,0.07098307
12210,0.047419984
12211,0.20776142
12212,0.19025645
12213,0.06504153
12214,0.052249372
12215,0.10422745
12216,0.09547666
12217,0.18527193
12218,0.16374192
12219,0.23253964
12220,0.102390595
12221,0.034247603
12222,0.05657667
12223,0.037540104
12224,0.3087081
12225,0.92219955
12226,0.092256814
12227,0.04368982
12228,0.2814658
12229,0.0064226957
12230,0.033960264
12231,0.23455775
12232,0.011760879
12233,0.10190125
12234,0.096526526
12235,0.019701917
12236,0.083075814
12237,0.0059716776
12238,0.3628511
12239,0.01880232
12240,0.0936857
12241,0.18205218
12242,0.11641253
12243,0.21716112
12244,0.22992098
12245,0.33189526
12246,0.029513514
12247,0.17313813
12248,0.11235987
12249,0.1422554
12250,0.6995339
12251,0.44960564
12252,0.34252292
12253,0.030735604
12254,0.14882168
12255,0.0061239237
12256,0.03782501
12257,0.011325381
12258,0.053856723
12259,0.0072769313
12260,0.0076211453
12261,0.0058920626
12262,0.041721556
12263,0.06498625
12264,0.1093549
12265,0.1345336
12266,0.09421505
12267,0.19060494
12268,0.09642582
12269,0.015016336
12270,0.08668466
12271,0.20498855
12272,0.035750512
12273,0.95845747
12274,0.74019223
12275,0.4864676
12276,0.0288441
12277,0.021833397
12278,0.04049246
12279,0.36187083
12280,0.094358645
12281,0.060922127
12282,0.005811614
12283,0.09165443
12284,0.07758544
12285,0.04945129
12286,0.005811614
12287,0.26590022
12288,0.013373507
12289,0.030868538
12290,0.11365626
12291,0.11877022
12292,0.07193575
12293,0.052546807
12294,0.16743624
12295,0.089445695
12296,0.020503249
12297,0.14639269
12298,0.12013827
12299,0.09754615
12300,0.95845747
12301,0.8427641
12302,0.63787544
12303,0.08583771
12304,0.02474707
12305,0.007858952
12306,0.22502653
12307,0.14968832
12308,0.21903142
12309,0.03668896
12310,0.045840457
12311,0.021986036
12312,0.055605713
12313,0.06623903
12314,0.1567104
12315,0.12168734
12316,0.3486283
12317,0.27656773
12318,0.19782309
12319,0.1072253
12320,0.10958204
12321,0.0667764
12322,0.106345624
12323,0.04212204
12324,0.048469976
12325,0.010261746
12326,0.15164329
12327,0.16718069
12328,0.03469357
12329,0.10467797
12330,0.033061966
12331,0.95157206
12332,0.977678
12333,0.9809625
12334,0.060970243
12335,0.008282491
12336,0.15926307
12337,0.011584904
12338,0.19349761
12339,0.030154405
12340,0.008832427
12341,0.012128404
12342,0.03166703
12343,0.10445281
12344,0.039413773
12345,0.22528371
12346,0.70252985
12347,0.0827979
12348,0.098542094
12349,0.07770039
12350,0.17337517
12351,0.05604247
12352,0.1580736
12353,0.12610196
12354,0.008631522
12355,0.1071764
12356,0.09939518
12357,0.043310117
12358,0.014529242
12359,0.020090736
12360,0.2877399
12361,0.2610898
12362,0.12783514
12363,0.066611946
12364,0.067345545
12365,0.09933819
12366,0.22873601
12367,0.023620833
12368,0.06008138
12369,0.031724237
12370,0.013389385
12371,0.066508316
12372,0.044907372
12373,0.15889364
12374,0.48728284
12375,0.2900797
12376,0.22768639
12377,0.12251123
12378,0.21150145
12379,0.17743306
12380,0.4890073
12381,0.034961887
12382,0.016327547
12383,0.006287314
12384,0.021339217
12385,0.07696982
12386,0.16921596
12387,0.15702152
12388,0.31866506
12389,0.24355361
12390,0.23587713
12391,0.9797062
12392,0.10292557
12393,0.017195007
12394,0.096407495
12395,0.1956849
12396,0.050820194
12397,0.19749512
12398,0.06387328
12399,0.0072377883
12400,0.045413774
12401,0.038368642
12402,0.16623633
12403,0.25431234
12404,0.3067513
12405,0.42964512
12406,0.25061363
12407,0.18111032
12408,0.15320228
12409,0.20162694
12410,0.005811614
12411,0.1683946
12412,0.06642538
12413,0.08521957
12414,0.28198904
12415,0.28345808
12416,0.05724824
12417,0.45672297
12418,0.25322327
12419,0.09831073
12420,0.037402123
12421,0.104127385
12422,0.034415666
12423,0.010109497
12424,0.02866205
12425,0.0064694462
12426,0.08111126
12427,0.10859135
12428,0.07127428
12429,0.17085685
12430,0.3110447
12431,0.7380694
12432,0.35042384
12433,0.25368166
12434,0.4563503
12435,0.09705589
12436,0.11855171
12437,0.061299838
12438,0.12976576
12439,0.20282479
12440,0.060343925
12441,0.041142877
12442,0.07094176
12443,0.15783009
12444,0.0059716776
12445,0.020302469
12446,0.08918577
12447,0.030868538
12448,0.04376555
12449,0.011165317
12450,0.032190017
12451,0.0076573626
12452,0.011914022
12453,0.018468903
12454,0.030261572
12455,0.06848793
12456,0.09691074
12457,0.16791531
12458,0.19699807
12459,0.099301174
12460,0.5638901
12461,0.5437108
12462,0.2906981
12463,0.1110803
12464,0.034247603
12465,0.019269578
12466,0.061036065
12467,0.097584985
12468,0.012628933
12469,0.007237509
12470,0.91309166
12471,0.043973435
12472,0.03796542
12473,0.036047842
12474,0.118709676
12475,0.033575505
12476,0.07155962
12477,0.005811614
12478,0.03254197
12479,0.0129787605
12480,0.009684639
12481,0.033061966
12482,0.10569566
12483,0.112786315
12484,0.41737792
12485,0.23543362
12486,0.1298262
12487,0.91987985
12488,0.3219991
12489,0.31774545
12490,0.22962561
12491,0.007858952
12492,0.026735991
12493,0.023191134
12494,0.043593932
12495,0.0479547
12496,0.05660307
12497,0.0406889
12498,0.09238497
12499,0.38812786
12500,0.12371533
12501,0.23234068
12502,0.015455873
12503,0.086630404
12504,0.1299616
12505,0.14019403
12506,0.16902234
12507,0.021091746
12508,0.018861506
12509,0.008590111
12510,0.03996624
12511,0.13844077
12512,0.63488823
12513,0.23590665
12514,0.36127248
12515,0.24784575
12516,0.272206
12517,0.16109085
12518,0.074767105
12519,0.020887021
12520,0.018709261
12521,0.012578796
12522,0.03831239
12523,0.025897833
12524,0.12630281
12525,0.10258557
12526,0.13607064
12527,0.2279087
12528,0.010741575
12529,0.029764457
12530,0.23030154
12531,0.018134851
12532,0.012578796
12533,0.020453732
12534,0.013959816
12535,0.09825267
12536,0.107663006
12537,0.03376402
12538,0.105892606
12539,0.16947988
12540,0.090777434
12541,0.10601996
12542,0.014390028
12543,0.10967554
12544,0.0977096
12545,0.0166916
12546,0.14288168
12547,0.118709676
12548,0.021893488
12549,0.017469076
12550,0.008433558
12551,0.12997445
12552,0.0143701155
12553,0.07077085
12554,0.053042814
12555,0.08070678
12556,0.1659696
12557,0.017772505
12558,0.052672446
12559,0.0070855403
12560,0.045970287
12561,0.16613874
12562,0.29911637
12563,0.45645234
12564,0.048879724
12565,0.030200236
12566,0.0059192013
12567,0.032996368
12568,0.06558013
12569,0.13630798
12570,0.0061239237
12571,0.019996462
12572,0.008537633
12573,0.007237509
12574,0.009369054
12575,0.07634427
12576,0.09108987
12577,0.2728439
12578,0.005811614
12579,0.019235639
12580,0.031870455
12581,0.045656268
12582,0.16963546
12583,0.26930508
12584,0.06753724
12585,0.0069254767
12586,0.121080086
12587,0.030376827
12588,0.013549449
12589,0.057828948
12590,0.13796663
12591,0.053242538
12592,0.010109497
12593,0.011102432
12594,0.005811614
12595,0.010673159
12596,0.20247896
12597,0.024559023
12598,0.013701702
12599,0.11317185
12600,0.08226736
12601,0.043503206
12602,0.020756746
12603,0.03098276
12604,0.042493254
12605,0.29528713
12606,0.04230271
12607,0.0059716776
12608,0.008273494
12609,0.03956717
12610,0.043537114
12611,0.08905529
12612,0.102996066
12613,0.054485228
12614,0.21150145
12615,0.074310206
12616,0.07275167
12617,0.011914022
12618,0.041435976
12619,0.024209322
12620,0.008430047
12621,0.22715075
12622,0.092256814
12623,0.059519287
12624,0.043416467
12625,0.073110595
12626,0.07678162
12627,0.0070855403
12628,0.008590111
12629,0.33791506
12630,0.60473347
12631,0.13433594
12632,0.04634431
12633,0.06058383
12634,0.06198419
12635,0.025319248
12636,0.06405097
12637,0.07627755
12638,0.1165196
12639,0.7426837
12640,0.010942369
12641,0.06592068
12642,0.040723477
12643,0.08360376
12644,0.029169854
12645,0.017790105
12646,0.07174923
12647,0.36159483
12648,0.07616809
12649,0.11410674
12650,0.019269578
12651,0.026667388
12652,0.009554809
12653,0.022891354
12654,0.091717064
12655,0.022183765
12656,0.0059029628
12657,0.024418779
12658,0.092256814
12659,0.08594421
12660,0.039541267
12661,0.01831666
12662,0.038791634
12663,0.030027157
12664,0.06857113
12665,0.049482383
12666,0.021833397
12667,0.009019876
12668,0.07191018
12669,0.09303989
12670,0.016327547
12671,0.04130996
12672,0.54550314
12673,0.11027299
12674,0.10984915
12675,0.041074622
12676,0.077919364
12677,0.04536565
12678,0.05541348
12679,0.015867772
12680,0.0394687
12681,0.36056587
12682,0.025342185
12683,0.006500231
12684,0.005855659
12685,0.015376646
12686,0.0066441335
12687,0.08770087
12688,0.01027811
12689,0.093767345
12690,0.04773331
12691,0.04448871
12692,0.046235498
12693,0.24221395
12694,0.010891276
12695,0.009057542
12696,0.018569626
12697,0.049276747
12698,0.04230271
12699,0.13304389
12700,0.08334583
12701,0.012697648
12702,0.012697648
12703,0.016136998
12704,0.07619867
12705,0.15129595
12706,0.07983842
12707,0.06468553
12708,0.07590847
12709,0.032048687
12710,0.07713675
12711,0.014550091
12712,0.02108183
12713,0.13885893
12714,0.13828097
12715,0.0059859045
12716,0.008225762
12717,0.008474092
12718,0.022139719
12719,0.011760879
12720,0.015587744
12721,0.015724992
12722,0.014121273
12723,0.01032975
12724,0.005811614
12725,0.02674766
12726,0.011798004
12727,0.009369054
12728,0.01990794
12729,0.040519413
12730,0.074168175
12731,0.118956655
12732,0.0059716776
12733,0.008273494
12734,0.0077429344
12735,0.13742946
12736,0.22278312
12737,0.0058945557
12738,0.01943942
12739,0.016725225
12740,0.037976973
12741,0.01027811
12742,0.005811614
12743,0.030295735
12744,0.005811614
12745,0.007858952
12746,0.0061571402
12747,0.028271941
12748,0.0060546184
12749,0.008753487
12750,0.0076211453
12751,0.03175271
12752,0.013389385
12753,0.0060651274
12754,0.040024
12755,0.0143701155
12756,0.008065699
12757,0.0070855403
12758,0.13569774
12759,0.0166916
12760,0.052833907
12761,0.006605575
12762,0.0059716776
12763,0.008948507
12764,0.045696113
12765,0.010929027
12766,0.03134662
12767,0.01855306
12768,0.03259868
12769,0.011760879
12770,0.20935765
12771,0.03062273
12772,0.09777089
12773,0.006395218
12774,0.10044066
12775,0.026049396
12776,0.005811614
12777,0.0059716776
12778,0.08734521
12779,0.020634813
12780,0.11015066
12781,0.0070855403
12782,0.15249336
12783,0.01142484
12784,0.019269578
12785,0.025538102
12786,0.006811266
12787,0.015684353
12788,0.0077733905
12789,0.0058945557
12790,0.005811614
12791,0.015168175
12792,0.0058945557
12793,0.018139187
12794,0.073754996
12795,0.08149382
12796,0.14034376
12797,0.044254187
12798,0.021230103
12799,0.0059716776
12800,0.010929027
12801,0.027082864
12802,0.077399276
12803,0.026879445
12804,0.016570168
12805,0.014704033
12806,0.005979537
12807,0.05580363
12808,0.019436141
12809,0.01493251
12810,0.07931378
12811,0.14192103
12812,0.017902158
12813,0.042864412
12814,0.011861089
12815,0.0388956
12816,0.08154577
12817,0.03151331
12818,0.015609343
12819,0.08605101
12820,0.006395218
12821,0.030464277
12822,0.039890926
12823,0.10800661
12824,0.04410975
12825,0.031301394
12826,0.08313653
12827,0.039661277
12828,0.081700124
12829,0.10250166
12830,0.14027217
12831,0.070636064
12832,0.08391755
12833,0.016136998
12834,0.31797212
12835,0.07550821
12836,0.34907848
12837,0.11612451
12838,0.14224288
12839,0.046125095
12840,0.077867106
12841,0.1324694
12842,0.038094312
12843,0.73646617
12844,0.11695532
12845,0.10121356
12846,0.12938371
12847,0.089698225
12848,0.010118048
12849,0.093054
12850,0.021618318
12851,0.010513094
12852,0.0137134455
12853,0.060285207
12854,0.08710677
12855,0.16510881
12856,0.4499164
12857,0.31980085
12858,0.04232509
12859,0.025333378
12860,0.18975818
12861,0.14977194
12862,0.04607596
12863,0.093179956
12864,0.021246778
12865,0.047900293
12866,0.10345646
12867,0.28023604
12868,0.059791688
12869,0.1639573
12870,0.47976422
12871,0.16322018
12872,0.45083392
12873,0.011351411
12874,0.060573682
12875,0.4004685
12876,0.07267197
12877,0.040323958
12878,0.074855626
12879,0.011534744
12880,0.024610957
12881,0.049095184
12882,0.06759695
12883,0.03859664
12884,0.026385264
12885,0.022231566
12886,0.08435333
12887,0.24467845
12888,0.08129436
12889,0.033920392
12890,0.06986296
12891,0.09425214
12892,0.08570871
12893,0.0109066395
12894,0.040294193
12895,0.060844015
12896,0.015248869
12897,0.101049006
12898,0.18201953
12899,0.013436229
12900,0.28359953
12901,0.012316076
12902,0.035895675
12903,0.02347377
12904,0.012896672
12905,0.01509662
12906,0.50560975
12907,0.14748098
12908,0.048090298
12909,0.4258128
12910,0.4258128
12911,0.0245479
12912,0.04927758
12913,0.017987417
12914,0.042806845
12915,0.007116867
12916,0.0069713304
12917,0.026558336
12918,0.09266379
12919,0.008590111
12920,0.09979449
12921,0.039117955
12922,0.20150673
12923,0.29445046
12924,0.361376
12925,0.005811614
12926,0.06938018
12927,0.026251586
12928,0.005811614
12929,0.006040097
12930,0.04493011
12931,0.1841318
12932,0.018816847
12933,0.009262571
12934,0.010673159
12935,0.011007968
12936,0.06428074
12937,0.100104295
12938,0.44966182
12939,0.0188205
12940,0.06328142
12941,0.010513094
12942,0.010942369
12943,0.036619008
12944,0.06978495
12945,0.0099236425
12946,0.027242249
12947,0.0523177
12948,0.109774314
12949,0.16407809
12950,0.10706298
12951,0.08977473
12952,0.059077114
12953,0.0116783595
12954,0.046583947
12955,0.0492737
12956,0.05777895
12957,0.091810584
12958,0.10147684
12959,0.09348587
12960,0.005811614
12961,0.04223286
12962,0.023112068
12963,0.017790105
12964,0.025952669
12965,0.030273465
12966,0.057371162
12967,0.005811614
12968,0.13122717
12969,0.19267365
12970,0.21316855
12971,0.03972699
12972,0.012173401
12973,0.03661158
12974,0.078091145
12975,0.050406054
12976,0.015468676
12977,0.07990506
12978,0.008043682
12979,0.14583363
12980,0.021904739
12981,0.034093857
12982,0.04597031
12983,0.0066742897
12984,0.04521515
12985,0.07610232
12986,0.13997012
12987,0.09776903
12988,0.13223328
12989,0.080657244
12990,0.048950396
12991,0.011351411
12992,0.061909046
12993,0.06558869
12994,0.00624046
12995,0.09982799
12996,0.03926992
12997,0.39237034
12998,0.15807033
12999,0.12096429
13000,0.05523329
13001,0.027040726
13002,0.02333452
13003,0.01570796
13004,0.18085496
13005,0.07259227
13006,0.014795382
13007,0.02239762
13008,0.113852225
13009,0.036247786
13010,0.040558655
13011,0.060882047
13012,0.0980798
13013,0.14687532
13014,0.32763588
13015,0.064572796
13016,0.014936556
13017,0.0952328
13018,0.018777043
13019,0.04660878
13020,0.010430359
13021,0.008433558
13022,0.070879534
13023,0.02395467
13024,0.111613914
13025,0.032693066
13026,0.12027032
13027,0.018159138
13028,0.05329614
13029,0.013606207
13030,0.015638517
13031,0.017987417
13032,0.11547983
13033,0.019296506
13034,0.0974846
13035,0.041951645
13036,0.034592167
13037,0.010673159
13038,0.008109744
13039,0.039573334
13040,0.028907385
13041,0.059830386
13042,0.07492882
13043,0.13126878
13044,0.10327987
13045,0.1782303
13046,0.11830101
13047,0.1117688
13048,0.043472882
13049,0.09012117
13050,0.070788875
13051,0.014203518
13052,0.026899096
13053,0.15777312
13054,0.06564854
13055,0.014936556
13056,0.04007163
13057,0.028479055
13058,0.016373968
13059,0.022790965
13060,0.07274097
13061,0.059211817
13062,0.011351411
13063,0.022233492
13064,0.048975606
13065,0.015993921
13066,0.043147024
13067,0.082686275
13068,0.09705022
13069,0.18458241
13070,0.32550833
13071,0.10302045
13072,0.07494629
13073,0.061437365
13074,0.092453994
13075,0.086114116
13076,0.10104021
13077,0.036630724
13078,0.010447953
13079,0.005811614
13080,0.2746984
13081,0.03667591
13082,0.064403415
13083,0.031771015
13084,0.07549212
13085,0.005811614
13086,0.023678493
13087,0.018205218
13088,0.030944426
13089,0.038654514
13090,0.27017882
13091,0.036249302
13092,0.044230048
13093,0.11811272
13094,0.50496274
13095,0.05316236
13096,0.016136998
13097,0.108412154
13098,0.040132172
13099,0.20960306
13100,0.21174714
13101,0.0667618
13102,0.005811614
13103,0.011525975
13104,0.0812528
13105,0.07204009
13106,0.033168666
13107,0.14721102
13108,0.059991818
13109,0.051827334
13110,0.0143701155
13111,0.045681085
13112,0.027486373
13113,0.0734045
13114,0.018142464
13115,0.08128481
13116,0.10594412
13117,0.15159206
13118,0.087826334
13119,0.037148736
13120,0.08997309
13121,0.13814323
13122,0.21446003
13123,0.05716713
13124,0.009683241
13125,0.09455993
13126,0.016327547
13127,0.060744844
13128,0.5590584
13129,0.029981617
13130,0.037239447
13131,0.3276145
13132,0.17138694
13133,0.013293801
13134,0.055849154
13135,0.07816186
13136,0.2205271
13137,0.24410196
13138,0.06583729
13139,0.06646288
13140,0.09830771
13141,0.08949623
13142,0.14149806
13143,0.1606159
13144,0.2748277
13145,0.12608527
13146,0.025952669
13147,0.04776365
13148,0.008061128
13149,0.025814284
13150,0.19120972
13151,0.8449761
13152,0.09266379
13153,0.021104483
13154,0.27332312
13155,0.0130126905
13156,0.02395467
13157,0.2256946
13158,0.027478036
13159,0.047745515
13160,0.0697056
13161,0.018236656
13162,0.10986823
13163,0.006960255
13164,0.35034126
13165,0.026728977
13166,0.071533
13167,0.22406343
13168,0.08603189
13169,0.20624731
13170,0.24340315
13171,0.31083858
13172,0.21888036
13173,0.11002486
13174,0.13789739
13175,0.601167
13176,0.34858364
13177,0.42488343
13178,0.033581905
13179,0.104845
13180,0.055951055
13181,0.026049396
13182,0.080870345
13183,0.007975263
13184,0.0077185687
13185,0.0058920626
13186,0.047889043
13187,0.073932774
13188,0.08019133
13189,0.072682984
13190,0.07163954
13191,0.18729386
13192,0.14433286
13193,0.06478106
13194,0.116178766
13195,0.23288907
13196,0.030961107
13197,0.9571769
13198,0.6957145
13199,0.5032486
13200,0.0065827584
13201,0.017772505
13202,0.008853517
13203,0.041117363
13204,0.31028134
13205,0.12301754
13206,0.04438174
13207,0.008590111
13208,0.090824105
13209,0.084818505
13210,0.042127516
13211,0.005811614
13212,0.23491988
13213,0.013373507
13214,0.005811614
13215,0.11862353
13216,0.11120041
13217,0.045489322
13218,0.062909685
13219,0.16383167
13220,0.10812384
13221,0.020503249
13222,0.117484406
13223,0.13856699
13224,0.06442814
13225,0.9571769
13226,0.8418415
13227,0.60305977
13228,0.005811614
13229,0.03537635
13230,0.025454277
13231,0.017721565
13232,0.29716295
13233,0.122597136
13234,0.19343351
13235,0.017648233
13236,0.05364308
13237,0.010282202
13238,0.10570149
13239,0.04869855
13240,0.12701267
13241,0.2692933
13242,0.2958207
13243,0.25101486
13244,0.15362287
13245,0.121273294
13246,0.085403554
13247,0.07455023
13248,0.09826281
13249,0.036675304
13250,0.04045255
13251,0.007549819
13252,0.14171588
13253,0.14352657
13254,0.07671973
13255,0.121880785
13256,0.045557763
13257,0.9121827
13258,0.97761554
13259,0.97968197
13260,0.17697841
13261,0.0304041
13262,0.093315005
13263,0.17507784
13264,0.026881982
13265,0.04125617
13266,0.01142484
13267,0.032414354
13268,0.08905476
13269,0.020403547
13270,0.25104493
13271,0.7371227
13272,0.071030706
13273,0.11224769
13274,0.056344643
13275,0.16770236
13276,0.05558426
13277,0.13407966
13278,0.12476763
13279,0.023074275
13280,0.11186627
13281,0.09718107
13282,0.080303706
13283,0.046062198
13284,0.020871785
13285,0.32721967
13286,0.32817218
13287,0.21025018
13288,0.037861872
13289,0.06354111
13290,0.113369256
13291,0.1938919
13292,0.011600816
13293,0.030711884
13294,0.030748364
13295,0.04910882
13296,0.026544245
13297,0.059292268
13298,0.03245885
13299,0.17216162
13300,0.42498752
13301,0.22898756
13302,0.22247778
13303,0.10431498
13304,0.17924827
13305,0.1374245
13306,0.48027363
13307,0.038758725
13308,0.012418732
13309,0.040329587
13310,0.03882084
13311,0.15069771
13312,0.15388925
13313,0.10288062
13314,0.28431615
13315,0.25180197
13316,0.18400697
13317,0.97964376
13318,0.11059031
13319,0.005811614
13320,0.1608432
13321,0.22714746
13322,0.007237509
13323,0.011473364
13324,0.13317701
13325,0.064343095
13326,0.018139664
13327,0.060257576
13328,0.06586571
13329,0.11743923
13330,0.23148896
13331,0.25389028
13332,0.3500874
13333,0.2657521
13334,0.14907598
13335,0.16571392
13336,0.22688065
13337,0.010604443
13338,0.028530128
13339,0.19142713
13340,0.08719187
13341,0.08350515
13342,0.35010293
13343,0.25389028
13344,0.034029964
13345,0.45141828
13346,0.24177225
13347,0.083989844
13348,0.114070415
13349,0.09639095
13350,0.03464761
13351,0.010292717
13352,0.012954477
13353,0.03145311
13354,0.023678493
13355,0.06633701
13356,0.10082712
13357,0.038813442
13358,0.1688451
13359,0.2754806
13360,0.7009486
13361,0.37139854
13362,0.26631284
13363,0.42439616
13364,0.07877063
13365,0.09321468
13366,0.09539598
13367,0.114306375
13368,0.16760013
13369,0.041750092
13370,0.0058945557
13371,0.061323043
13372,0.116645366
13373,0.0059716776
13374,0.017061338
13375,0.117467746
13376,0.019922642
13377,0.055799406
13378,0.01762026
13379,0.018615458
13380,0.0076573626
13381,0.008273494
13382,0.009246698
13383,0.045306496
13384,0.067204446
13385,0.09962034
13386,0.16485336
13387,0.17973262
13388,0.12916183
13389,0.5380082
13390,0.45502332
13391,0.27648392
13392,0.15212233
13393,0.054164108
13394,0.019411491
13395,0.06250435
13396,0.14676051
13397,0.017059436
13398,0.026725784
13399,0.84538674
13400,0.011096695
13401,0.011351411
13402,0.060128685
13403,0.029177323
13404,0.13881658
13405,0.006120545
13406,0.064859636
13407,0.055312846
13408,0.013293801
13409,0.005811614
13410,0.064739905
13411,0.09354464
13412,0.103420556
13413,0.37066582
13414,0.2321137
13415,0.10007814
13416,0.8702995
13417,0.30189967
13418,0.32810977
13419,0.19694468
13420,0.043114055
13421,0.017803334
13422,0.009269094
13423,0.06250435
13424,0.060520303
13425,0.02445089
13426,0.0595661
13427,0.3926261
13428,0.105590664
13429,0.23470359
13430,0.0069254767
13431,0.042497102
13432,0.11723874
13433,0.15679139
13434,0.14572823
13435,0.036247786
13436,0.014243432
13437,0.008590111
13438,0.05754354
13439,0.13282919
13440,0.73513716
13441,0.17272088
13442,0.38791806
13443,0.2528326
13444,0.22804324
13445,0.1634553
13446,0.04522994
13447,0.04213814
13448,0.012578796
13449,0.08017678
13450,0.020287026
13451,0.14595056
13452,0.099691324
13453,0.11734892
13454,0.22836903
13455,0.03129989
13456,0.06859868
13457,0.009844704
13458,0.16393286
13459,0.03696014
13460,0.016725225
13461,0.13785172
13462,0.14326549
13463,0.018196788
13464,0.0059716776
13465,0.11726345
13466,0.17507987
13467,0.05527892
13468,0.11783243
13469,0.0765695
13470,0.1389722
13471,0.099310234
13472,0.035951905
13473,0.18652482
13474,0.11044512
13475,0.006390076
13476,0.008433558
13477,0.12157881
13478,0.008433558
13479,0.006514225
13480,0.09908979
13481,0.03917128
13482,0.04827893
13483,0.10006597
13484,0.03251908
13485,0.027604459
13486,0.0070855403
13487,0.051149204
13488,0.14918913
13489,0.28198573
13490,0.38791806
13491,0.053561464
13492,0.011511475
13493,0.029444916
13494,0.020979373
13495,0.030858498
13496,0.085605055
13497,0.1441532
13498,0.011102432
13499,0.018054402
13500,0.024187652
13501,0.022616029
13502,0.005811614
13503,0.005811614
13504,0.043839034
13505,0.085639
13506,0.27364272
13507,0.005811614
13508,0.0137134455
13509,0.021422932
13510,0.05453928
13511,0.14198495
13512,0.2740865
13513,0.05464056
13514,0.012578796
13515,0.0770624
13516,0.0476182
13517,0.059077114
13518,0.16453758
13519,0.029774839
13520,0.011288525
13521,0.005811614
13522,0.010673159
13523,0.17868908
13524,0.030629754
13525,0.005811614
13526,0.011737154
13527,0.1297285
13528,0.046805143
13529,0.045324985
13530,0.010301393
13531,0.03084983
13532,0.06511584
13533,0.30978605
13534,0.013485025
13535,0.007116867
13536,0.01087655
13537,0.07742306
13538,0.023438497
13539,0.118130825
13540,0.08307854
13541,0.25480843
13542,0.087405644
13543,0.007568669
13544,0.012288469
13545,0.02395467
13546,0.03013552
13547,0.035373725
13548,0.17916141
13549,0.13420683
13550,0.018331204
13551,0.046465497
13552,0.057072453
13553,0.0070855403
13554,0.008590111
13555,0.36158833
13556,0.69501096
13557,0.10706669
13558,0.06052305
13559,0.005811614
13560,0.0704657
13561,0.06668249
13562,0.014957545
13563,0.12983255
13564,0.028851485
13565,0.11373674
13566,0.9751435
13567,0.01638407
13568,0.04777079
13569,0.008707567
13570,0.07305624
13571,0.037908375
13572,0.016994683
13573,0.042908516
13574,0.0939726
13575,0.3733381
13576,0.06370155
13577,0.18947244
13578,0.019411491
13579,0.0557899
13580,0.06609246
13581,0.014522362
13582,0.09402869
13583,0.014822256
13584,0.00624046
13585,0.07783182
13586,0.014481348
13587,0.023366181
13588,0.005979537
13589,0.018810524
13590,0.016214227
13591,0.14993826
13592,0.028034465
13593,0.018653432
13594,0.0342673
13595,0.03433802
13596,0.1355294
13597,0.031546943
13598,0.06484282
13599,0.5591978
13600,0.20544055
13601,0.0844202
13602,0.026385264
13603,0.0817704
13604,0.042048965
13605,0.30374235
13606,0.024095593
13607,0.009094455
13608,0.0065827584
13609,0.015468676
13610,0.01051716
13611,0.09047571
13612,0.01530861
13613,0.1409387
13614,0.060967542
13615,0.037899278
13616,0.03510392
13617,0.23564684
13618,0.019698376
13619,0.012418732
13620,0.018861784
13621,0.0187882
13622,0.06635383
13623,0.066780254
13624,0.10091299
13625,0.07733929
13626,0.0103454385
13627,0.0130126905
13628,0.0069254767
13629,0.043245293
13630,0.11182305
13631,0.053776853
13632,0.044863366
13633,0.05525152
13634,0.022668507
13635,0.07570415
13636,0.014670014
13637,0.050908245
13638,0.15926056
13639,0.09900316
13640,0.06691299
13641,0.008273494
13642,0.005811614
13643,0.03559921
13644,0.018347144
13645,0.013975168
13646,0.007975263
13647,0.005811614
13648,0.009684639
13649,0.020090736
13650,0.007082561
13651,0.055379275
13652,0.12446911
13653,0.012288469
13654,0.102595314
13655,0.0095388945
13656,0.24529098
13657,0.008867631
13658,0.02239762
13659,0.033011705
13660,0.005811614
13661,0.027162163
13662,0.007237509
13663,0.01570796
13664,0.005811614
13665,0.0071235774
13666,0.014091187
13667,0.008867631
13668,0.017994188
13669,0.025225794
13670,0.0060651274
13671,0.05259849
13672,0.008273494
13673,0.010986414
13674,0.0070855403
13675,0.14036801
13676,0.012766067
13677,0.042688977
13678,0.020022035
13679,0.0059716776
13680,0.009633747
13681,0.0059716776
13682,0.024290211
13683,0.005811614
13684,0.06347308
13685,0.005811614
13686,0.1627109
13687,0.021672
13688,0.06039454
13689,0.06415652
13690,0.012288469
13691,0.093288235
13692,0.03617248
13693,0.010461457
13694,0.07434248
13695,0.008273494
13696,0.094882764
13697,0.10243428
13698,0.036386095
13699,0.0061239237
13700,0.0063401684
13701,0.03607697
13702,0.0189321
13703,0.010673159
13704,0.013959816
13705,0.00901358
13706,0.043032665
13707,0.009369054
13708,0.050713535
13709,0.101671316
13710,0.08351818
13711,0.19125614
13712,0.013293801
13713,0.039747432
13714,0.018284157
13715,0.041254785
13716,0.0059716776
13717,0.039870754
13718,0.06768454
13719,0.018205218
13720,0.024093056
13721,0.010768963
13722,0.017028956
13723,0.024007715
13724,0.012288469
13725,0.015468676
13726,0.048588503
13727,0.11346052
13728,0.09403998
13729,0.017987417
13730,0.019211622
13731,0.01879811
13732,0.0067446334
13733,0.08604923
13734,0.074690185
13735,0.046588004
13736,0.10099611
13737,0.017915728
13738,0.09303969
13739,0.052019723
13740,0.012694234
13741,0.08453433
13742,0.026063502
13743,0.0073867547
13744,0.024830895
13745,0.029469443
13746,0.11450645
13747,0.06444744
13748,0.08052363
13749,0.06514034
13750,0.20009942
13751,0.1076551
13752,0.028685184
13753,0.012510081
13754,0.2746164
13755,0.0569134
13756,0.2977208
13757,0.08542003
13758,0.06670499
13759,0.023594666
13760,0.022552678
13761,0.17081206
13762,0.028029202
13763,0.7486658
13764,0.20974904
13765,0.08467939
13766,0.22248985
13767,0.026389262
13768,0.010430359
13769,0.022133222
13770,0.12665771
13771,0.0090220515
13772,0.016859112
13773,0.014539959
13774,0.02926115
13775,0.18201229
13776,0.14966771
13777,0.5631657
13778,0.5623923
13779,0.057358827
13780,0.13013391
13781,0.22447345
13782,0.037325956
13783,0.043103453
13784,0.016604086
13785,0.09886652
13786,0.17323801
13787,0.33689585
13788,0.063756324
13789,0.36365432
13790,0.44553286
13791,0.020871785
13792,0.35277322
13793,0.055107735
13794,0.40178275
13795,0.05527892
13796,0.09102452
13797,0.026491106
13798,0.02174266
13799,0.024298646
13800,0.117754206
13801,0.14264615
13802,0.011696326
13803,0.044052746
13804,0.03377919
13805,0.21421652
13806,0.088781066
13807,0.030293932
13808,0.07365425
13809,0.09300101
13810,0.085866705
13811,0.038094312
13812,0.0149586
13813,0.006377438
13814,0.16990186
13815,0.02408733
13816,0.031233706
13817,0.28393638
13818,0.2943436
13819,0.020871785
13820,0.096446976
13821,0.026881982
13822,0.3733381
13823,0.029653158
13824,0.11466998
13825,0.401947
13826,0.35651577
13827,0.058690157
13828,0.034473956
13829,0.017902158
13830,0.010346533
13831,0.0069713304
13832,0.052019723
13833,0.011102432
13834,0.09303969
13835,0.1402766
13836,0.05951185
13837,0.06772225
13838,0.2935592
13839,0.3621378
13840,0.012537585
13841,0.0143701155
13842,0.073908255
13843,0.0187143
13844,0.007906548
13845,0.0150967855
13846,0.021995643
13847,0.064478874
13848,0.27009735
13849,0.019519078
13850,0.028118292
13851,0.11061594
13852,0.1517896
13853,0.44527635
13854,0.0077185687
13855,0.040995684
13856,0.05272367
13857,0.030273465
13858,0.0070250854
13859,0.05527892
13860,0.0087042535
13861,0.01609618
13862,0.02476218
13863,0.15815662
13864,0.17026813
13865,0.10241451
13866,0.094322234
13867,0.069743425
13868,0.011102432
13869,0.007740217
13870,0.043032665
13871,0.050398484
13872,0.046360042
13873,0.09665036
13874,0.059255227
13875,0.0926698
13876,0.010673159
13877,0.032985836
13878,0.03098276
13879,0.013421483
13880,0.021598665
13881,0.027549388
13882,0.04429091
13883,0.09303969
13884,0.019815054
13885,0.09338216
13886,0.1740241
13887,0.22417335
13888,0.04560853
13889,0.05992681
13890,0.015199731
13891,0.08815382
13892,0.035522386
13893,0.005811614
13894,0.12960157
13895,0.026396165
13896,0.14236422
13897,0.024781553
13898,0.051941417
13899,0.031321667
13900,0.0066742897
13901,0.05273736
13902,0.09264086
13903,0.15779933
13904,0.08796237
13905,0.117837965
13906,0.05602564
13907,0.026050067
13908,0.020756746
13909,0.072399914
13910,0.052373603
13911,0.011584904
13912,0.0987598
13913,0.009404027
13914,0.4134368
13915,0.13355514
13916,0.11498427
13917,0.070761375
13918,0.035984825
13919,0.034558535
13920,0.019397782
13921,0.005811614
13922,0.088924035
13923,0.017146926
13924,0.011351411
13925,0.005811614
13926,0.03603568
13927,0.055638716
13928,0.04613587
13929,0.052158576
13930,0.102138095
13931,0.14696544
13932,0.2879473
13933,0.040618848
13934,0.009523178
13935,0.08563069
13936,0.008430047
13937,0.050037056
13938,0.0072769313
13939,0.012418732
13940,0.087835796
13941,0.06520259
13942,0.09970942
13943,0.014119215
13944,0.088998914
13945,0.01658684
13946,0.04410975
13947,0.0150967855
13948,0.018653432
13949,0.017987417
13950,0.16554283
13951,0.064691976
13952,0.0538
13953,0.006040097
13954,0.029288469
13955,0.027176764
13956,0.03696014
13957,0.036431983
13958,0.047827866
13959,0.11959524
13960,0.11641463
13961,0.1824322
13962,0.08804815
13963,0.1652063
13964,0.015668439
13965,0.0758462
13966,0.07838173
13967,0.005811614
13968,0.033843838
13969,0.11108682
13970,0.030930748
13971,0.03129989
13972,0.03812207
13973,0.035289876
13974,0.052680284
13975,0.055453125
13976,0.041123632
13977,0.05985665
13978,0.011458998
13979,0.02848911
13980,0.04649738
13981,0.07061125
13982,0.028397562
13983,0.03372471
13984,0.07439598
13985,0.054088637
13986,0.15208611
13987,0.3165938
13988,0.08764998
13989,0.08974996
13990,0.055282716
13991,0.066936895
13992,0.11422051
13993,0.10380931
13994,0.047609042
13995,0.009844704
13996,0.01940404
13997,0.26130015
13998,0.028157316
13999,0.06389125
14000,0.03203923
14001,0.097925924
14002,0.018386977
14003,0.01142484
14004,0.024320027
14005,0.261913
14006,0.06723581
14007,0.034957916
14008,0.11047129
14009,0.5615373
14010,0.05753706
14011,0.0075585064
14012,0.1084741
14013,0.07036647
14014,0.2328525
14015,0.23075496
14016,0.08765883
14017,0.036099274
14018,0.09735203
14019,0.10981492
14020,0.012694234
14021,0.16566579
14022,0.067482
14023,0.04126217
14024,0.01728065
14025,0.013931123
14026,0.027077587
14027,0.060757447
14028,0.005811614
14029,0.089668594
14030,0.09401742
14031,0.12601152
14032,0.091398194
14033,0.054219544
14034,0.12114803
14035,0.17037368
14036,0.21080235
14037,0.044554986
14038,0.009683241
14039,0.061345067
14040,0.02171835
14041,0.009369054
14042,0.10625371
14043,0.54002464
14044,0.030713579
14045,0.037325695
14046,0.2963863
14047,0.1585493
14048,0.013293801
14049,0.016859112
14050,0.040412534
14051,0.04160725
14052,0.19027653
14053,0.2613662
14054,0.06723581
14055,0.069012
14056,0.08936521
14057,0.13603996
14058,0.13045044
14059,0.18297502
14060,0.2255662
14061,0.15719526
14062,0.05548613
14063,0.06255356
14064,0.052741148
14065,0.18824746
14066,0.9459352
14067,0.09303969
14068,0.02819985
14069,0.33821666
14070,0.018871233
14071,0.017349638
14072,0.23149952
14073,0.05437154
14074,0.09369902
14075,0.032055624
14076,0.09502192
14077,0.36766765
14078,0.04578751
14079,0.06714031
14080,0.21933493
14081,0.15537147
14082,0.23229483
14083,0.2323754
14084,0.3504479
14085,0.010225637
14086,0.22801346
14087,0.11089984
14088,0.09984061
14089,0.749098
14090,0.3613758
14091,0.3380672
14092,0.031205287
14093,0.13154641
14094,0.04446364
14095,0.043740775
14096,0.013441727
14097,0.08592334
14098,0.007975263
14099,0.0077185687
14100,0.010342193
14101,0.055848546
14102,0.0794753
14103,0.04036771
14104,0.06169553
14105,0.06143505
14106,0.228402
14107,0.16013028
14108,0.018409561
14109,0.0842837
14110,0.23167405
14111,0.01609618
14112,0.008580299
14113,0.9808011
14114,0.75540453
14115,0.57178116
14116,0.0065827584
14117,0.018757245
14118,0.021169262
14119,0.06756877
14120,0.29844776
14121,0.07076305
14122,0.031290784
14123,0.008590111
14124,0.06356338
14125,0.09958862
14126,0.048844807
14127,0.005811614
14128,0.2770066
14129,0.013373507
14130,0.0059192013
14131,0.09947649
14132,0.11349781
14133,0.055550445
14134,0.056126256
14135,0.13406205
14136,0.11323829
14137,0.020731732
14138,0.11831004
14139,0.11158152
14140,0.08628325
14141,0.96635383
14142,0.7501519
14143,0.570821
14144,0.012288469
14145,0.039677013
14146,0.031205287
14147,0.005811614
14148,0.31248188
14149,0.07007364
14150,0.22501586
14151,0.023598878
14152,0.061871793
14153,0.005811614
14154,0.10415259
14155,0.07700631
14156,0.08270448
14157,0.3628005
14158,0.3373231
14159,0.32267097
14160,0.1998463
14161,0.14525606
14162,0.08789772
14163,0.07197079
14164,0.09117015
14165,0.044798676
14166,0.057240963
14167,0.008273494
14168,0.10774614
14169,0.111657284
14170,0.08483531
14171,0.08734303
14172,0.023366181
14173,0.94138056
14174,0.97761554
14175,0.9808011
14176,0.1743209
14177,0.02640586
14178,0.0439956
14179,0.25075436
14180,0.005811614
14181,0.053013906
14182,0.02727371
14183,0.03281831
14184,0.10273024
14185,0.027198762
14186,0.26506808
14187,0.7155457
14188,0.07218786
14189,0.091491796
14190,0.07046677
14191,0.16112402
14192,0.030850068
14193,0.17896663
14194,0.14078748
14195,0.05146157
14196,0.086518556
14197,0.14669415
14198,0.053510398
14199,0.03830824
14200,0.0061239237
14201,0.29608244
14202,0.2740587
14203,0.1494041
14204,0.020156456
14205,0.08874433
14206,0.08924573
14207,0.19364455
14208,0.008742358
14209,0.05514006
14210,0.026223136
14211,0.028622191
14212,0.032555684
14213,0.024320027
14214,0.06742742
14215,0.14379285
14216,0.41444543
14217,0.19364455
14218,0.22924924
14219,0.11957481
14220,0.21279392
14221,0.16613251
14222,0.427393
14223,0.053151064
14224,0.02868904
14225,0.06763983
14226,0.052250408
14227,0.16344446
14228,0.1754549
14229,0.054622345
14230,0.32178235
14231,0.29397517
14232,0.15475187
14233,0.98042315
14234,0.090475686
14235,0.030683374
14236,0.12125771
14237,0.22127378
14238,0.01815726
14239,0.032525633
14240,0.20730789
14241,0.0059716776
14242,0.08103314
14243,0.045154016
14244,0.027277129
14245,0.060037654
14246,0.12551525
14247,0.26246825
14248,0.244812
14249,0.31093788
14250,0.30622485
14251,0.14790724
14252,0.15779933
14253,0.20510538
14254,0.02810118
14255,0.15492825
14256,0.07709563
14257,0.038606927
14258,0.35099286
14259,0.26613525
14260,0.10386097
14261,0.5426952
14262,0.24218227
14263,0.0064005246
14264,0.09062039
14265,0.13931715
14266,0.059167627
14267,0.04132798
14268,0.021897586
14269,0.008707567
14270,0.024468489
14271,0.105992325
14272,0.06086015
14273,0.08030177
14274,0.13364492
14275,0.30406642
14276,0.7095031
14277,0.41443157
14278,0.22292149
14279,0.42439616
14280,0.11360275
14281,0.016145512
14282,0.066823766
14283,0.09001926
14284,0.09534302
14285,0.16846243
14286,0.076930195
14287,0.020082302
14288,0.074430294
14289,0.16556656
14290,0.020403547
14291,0.055276264
14292,0.008707567
14293,0.02032343
14294,0.0059716776
14295,0.006811266
14296,0.013865695
14297,0.057376143
14298,0.059497084
14299,0.07037127
14300,0.21778297
14301,0.16869281
14302,0.12098639
14303,0.54203653
14304,0.38887128
14305,0.2728611
14306,0.12600037
14307,0.015537094
14308,0.044401277
14309,0.0655824
14310,0.03145311
14311,0.026680721
14312,0.97802925
14313,0.018723398
14314,0.018049305
14315,0.05038711
14316,0.03940481
14317,0.09296935
14318,0.006549391
14319,0.06302693
14320,0.040471055
14321,0.079342276
14322,0.005811614
14323,0.005811614
14324,0.06305584
14325,0.06423388
14326,0.09971738
14327,0.37218302
14328,0.25803426
14329,0.1195527
14330,0.9410463
14331,0.28967714
14332,0.3621378
14333,0.18846959
14334,0.0617554
14335,0.01090585
14336,0.02737176
14337,0.07255282
14338,0.07235395
14339,0.08342689
14340,0.38828424
14341,0.10985734
14342,0.24422252
14343,0.020610835
14344,0.04748666
14345,0.08166071
14346,0.109150216
14347,0.18219782
14348,0.036466833
14349,0.022126906
14350,0.008590111
14351,0.033912554
14352,0.1646994
14353,0.753098
14354,0.22339882
14355,0.39493915
14356,0.2621225
14357,0.30495653
14358,0.15980105
14359,0.06696684
14360,0.07240655
14361,0.005811614
14362,0.015620919
14363,0.03607697
14364,0.1500246
14365,0.11968946
14366,0.07868714
14367,0.22944582
14368,0.026049396
14369,0.054167625
14370,0.017214494
14371,0.16976881
14372,0.033431053
14373,0.0132694645
14374,0.005811614
14375,0.12077919
14376,0.13437645
14377,0.036684655
14378,0.13233119
14379,0.18606128
14380,0.048122566
14381,0.10041977
14382,0.038804345
14383,0.11857157
14384,0.08232531
14385,0.050078966
14386,0.133851
14387,0.13320802
14388,0.033055715
14389,0.005811614
14390,0.07572118
14391,0.027640322
14392,0.12113197
14393,0.020343184
14394,0.14686207
14395,0.038943812
14396,0.047651272
14397,0.005811614
14398,0.051149204
14399,0.16587356
14400,0.321262
14401,0.39480376
14402,0.058769837
14403,0.02362445
14404,0.02403822
14405,0.042773414
14406,0.063397914
14407,0.1416196
14408,0.011102432
14409,0.02024298
14410,0.012697648
14411,0.0061239237
14412,0.009369054
14413,0.015468676
14414,0.066580124
14415,0.11060444
14416,0.3043308
14417,0.005811614
14418,0.005811614
14419,0.0416839
14420,0.07564063
14421,0.10140682
14422,0.29101437
14423,0.09047729
14424,0.0058945557
14425,0.10128977
14426,0.06711068
14427,0.052406102
14428,0.100798294
14429,0.01051716
14430,0.02717911
14431,0.17985693
14432,0.0148640955
14433,0.005811614
14434,0.13364492
14435,0.06574133
14436,0.0150967855
14437,0.019235639
14438,0.025955206
14439,0.06634775
14440,0.27801278
14441,0.023405053
14442,0.005811614
14443,0.051494792
14444,0.019705048
14445,0.23639807
14446,0.029774839
14447,0.21049595
14448,0.13200882
14449,0.038804345
14450,0.012288469
14451,0.07645633
14452,0.016735503
14453,0.013446051
14454,0.18419574
14455,0.09303969
14456,0.13257319
14457,0.065096624
14458,0.050005134
14459,0.005855659
14460,0.005811614
14461,0.36152527
14462,0.6036794
14463,0.107657015
14464,0.05899405
14465,0.024093056
14466,0.07671349
14467,0.0715418
14468,0.032987397
14469,0.08640884
14470,0.094206795
14471,0.0646109
14472,0.97881943
14473,0.0069992207
14474,0.12738837
14475,0.09941829
14476,0.030930748
14477,0.13126963
14478,0.4046123
14479,0.07250566
14480,0.13393015
14481,0.019411491
14482,0.026544245
14483,0.031297415
14484,0.008273494
14485,0.06227393
14486,0.023864424
14487,0.0288441
14488,0.09303969
14489,0.09248095
14490,0.0386167
14491,0.03098276
14492,0.048096374
14493,0.012418732
14494,0.104241095
14495,0.026221534
14496,0.0137134455
14497,0.07423887
14498,0.038858965
14499,0.081826225
14500,0.0059192013
14501,0.030273465
14502,0.07229341
14503,0.61299336
14504,0.08076092
14505,0.13426423
14506,0.04041243
14507,0.026385264
14508,0.088008866
14509,0.067752354
14510,0.012697648
14511,0.024093056
14512,0.18287005
14513,0.03418936
14514,0.015468676
14515,0.04647242
14516,0.12183977
14517,0.027610255
14518,0.01027811
14519,0.09955693
14520,0.07014813
14521,0.022668507
14522,0.03658473
14523,0.26157814
14524,0.005811614
14525,0.005811614
14526,0.005811614
14527,0.060402457
14528,0.046987694
14529,0.06301419
14530,0.066892475
14531,0.031145327
14532,0.020817613
14533,0.014401058
14534,0.17979999
14535,0.016199578
14536,0.065750204
14537,0.07618655
14538,0.021115381
14539,0.05553862
14540,0.07434986
14541,0.21367969
14542,0.11117136
14543,0.066105716
14544,0.012135328
14545,0.01236741
14546,0.031145327
14547,0.010673159
14548,0.01710227
14549,0.010849928
14550,0.019113857
14551,0.005811614
14552,0.005811614
14553,0.0065767104
14554,0.052895144
14555,0.124205485
14556,0.012288469
14557,0.12745288
14558,0.009969203
14559,0.2098516
14560,0.008867631
14561,0.018881936
14562,0.035278223
14563,0.010461457
14564,0.013126685
14565,0.009684639
14566,0.007116867
14567,0.007975263
14568,0.005811614
14569,0.012697648
14570,0.013373507
14571,0.014091187
14572,0.033194058
14573,0.0059716776
14574,0.059492245
14575,0.020220818
14576,0.021249784
14577,0.008273494
14578,0.0070855403
14579,0.13207123
14580,0.018453607
14581,0.032414805
14582,0.009094455
14583,0.023518426
14584,0.0058945557
14585,0.015468676
14586,0.14533216
14587,0.009094455
14588,0.17335352
14589,0.021118285
14590,0.05558426
14591,0.076422565
14592,0.12496325
14593,0.042940963
14594,0.010461457
14595,0.05428052
14596,0.008934393
14597,0.101724245
14598,0.0072769313
14599,0.096543096
14600,0.011653324
14601,0.0061239237
14602,0.0061239237
14603,0.005811614
14604,0.023366181
14605,0.013373507
14606,0.010461457
14607,0.0064667407
14608,0.03368845
14609,0.006746185
14610,0.019113857
14611,0.04891643
14612,0.080537476
14613,0.03648363
14614,0.10485107
14615,0.013293801
14616,0.020386875
14617,0.06733642
14618,0.063753426
14619,0.0059716776
14620,0.019235639
14621,0.044201892
14622,0.024964655
14623,0.028826516
14624,0.02376451
14625,0.0189588
14626,0.036387093
14627,0.005811614
14628,0.009369848
14629,0.10331286
14630,0.2158031
14631,0.04528035
14632,0.018569626
14633,0.018145751
14634,0.107566714
14635,0.06974657
14636,0.009408164
14637,0.052146077
14638,0.021512285
14639,0.05165842
14640,0.024924349
14641,0.09255899
14642,0.05034504
14643,0.009005537
14644,0.006040097
14645,0.010659924
14646,0.008714485
14647,0.108865395
14648,0.018490653
14649,0.1976491
14650,0.16208325
14651,0.018975034
14652,0.047595352
14653,0.33149543
14654,0.12117883
14655,0.34112102
14656,0.32488644
14657,0.18989344
14658,0.028747344
14659,0.02318692
14660,0.0069713304
14661,0.103056975
14662,0.23924187
14663,0.713329
14664,0.12975805
14665,0.009748715
14666,0.19375126
14667,0.03259325
14668,0.012697648
14669,0.045924995
14670,0.020731732
14671,0.10242962
14672,0.028706154
14673,0.013549449
14674,0.10973828
14675,0.06745578
14676,0.23923607
14677,0.4909867
14678,0.4818325
14679,0.14167543
14680,0.17785569
14681,0.2032348
14682,0.019802649
14683,0.043359417
14684,0.025035286
14685,0.082955465
14686,0.05657667
14687,0.368077
14688,0.1819847
14689,0.29375312
14690,0.45060986
14691,0.19457686
14692,0.015838286
14693,0.45161554
14694,0.07049052
14695,0.40344268
14696,0.04386996
14697,0.05183875
14698,0.046905268
14699,0.023832144
14700,0.16583115
14701,0.12376899
14702,0.10816645
14703,0.028470552
14704,0.28235692
14705,0.08051642
14706,0.0066742897
14707,0.047793876
14708,0.017025894
14709,0.09100466
14710,0.1235146
14711,0.034879506
14712,0.06333168
14713,0.054667536
14714,0.15201855
14715,0.030868538
14716,0.26349577
14717,0.21769026
14718,0.02065828
14719,0.059014138
14720,0.017587118
14721,0.010489814
14722,0.44998068
14723,0.16328025
14724,0.16323373
14725,0.3709449
14726,0.32950783
14727,0.11517477
14728,0.0646433
14729,0.022891354
14730,0.0069713304
14731,0.043243233
14732,0.010929027
14733,0.092411414
14734,0.10226663
14735,0.008115474
14736,0.10575144
14737,0.22952263
14738,0.35075215
14739,0.043629896
14740,0.056049902
14741,0.025863368
14742,0.063887656
14743,0.03741215
14744,0.050769597
14745,0.20089084
14746,0.014691695
14747,0.047167625
14748,0.10485686
14749,0.06522628
14750,0.17395346
14751,0.37120476
14752,0.053390242
14753,0.06543855
14754,0.017518697
14755,0.009394744
14756,0.03144927
14757,0.05301049
14758,0.031014517
14759,0.01599835
14760,0.03847587
14761,0.10501703
14762,0.20869994
14763,0.07655617
14764,0.09270516
14765,0.056461733
14766,0.016281942
14767,0.052379526
14768,0.028945502
14769,0.02688193
14770,0.041478615
14771,0.07468422
14772,0.053561427
14773,0.09902204
14774,0.011398811
14775,0.021633945
14776,0.027818225
14777,0.011238746
14778,0.006811266
14779,0.033668518
14780,0.045473423
14781,0.02141883
14782,0.03699079
14783,0.088997036
14784,0.23460338
14785,0.19768338
14786,0.055671003
14787,0.043574627
14788,0.04108316
14789,0.11011288
14790,0.08839957
14791,0.015295952
14792,0.05350435
14793,0.016284311
14794,0.04192921
14795,0.15453425
14796,0.03416519
14797,0.06321195
14798,0.04160249
14799,0.0093253115
14800,0.043654125
14801,0.05436431
14802,0.1242502
14803,0.09714682
14804,0.090623975
14805,0.05884318
14806,0.04518987
14807,0.010768963
14808,0.10267057
14809,0.066551164
14810,0.009217606
14811,0.011398811
14812,0.07727465
14813,0.047942083
14814,0.38852918
14815,0.13008513
14816,0.030868538
14817,0.14325373
14818,0.045577895
14819,0.04920301
14820,0.01804964
14821,0.093896374
14822,0.008590111
14823,0.01646872
14824,0.0148999095
14825,0.07827737
14826,0.06447207
14827,0.034962095
14828,0.09031113
14829,0.08297612
14830,0.11682046
14831,0.32998022
14832,0.06365602
14833,0.015179934
14834,0.05797339
14835,0.024778962
14836,0.057837304
14837,0.0070855403
14838,0.023292026
14839,0.112084895
14840,0.064111486
14841,0.08602011
14842,0.006377438
14843,0.109995194
14844,0.042889748
14845,0.030088544
14846,0.014782785
14847,0.119261004
14848,0.015528651
14849,0.046966996
14850,0.023026856
14851,0.005811614
14852,0.010252767
14853,0.031091064
14854,0.04631717
14855,0.069596656
14856,0.07589639
14857,0.1678694
14858,0.09631701
14859,0.18751249
14860,0.11793556
14861,0.13189389
14862,0.016782405
14863,0.08622063
14864,0.0120838685
14865,0.095039025
14866,0.0515652
14867,0.10040507
14868,0.05618414
14869,0.018975034
14870,0.027284527
14871,0.006287314
14872,0.04709063
14873,0.0629334
14874,0.04875818
14875,0.061686542
14876,0.0059192013
14877,0.0148999095
14878,0.08173716
14879,0.02751648
14880,0.05821528
14881,0.08852764
14882,0.06388765
14883,0.18780923
14884,0.3186172
14885,0.051290438
14886,0.10751889
14887,0.08608304
14888,0.068376206
14889,0.11205069
14890,0.077797845
14891,0.06438727
14892,0.034953
14893,0.3052529
14894,0.041999992
14895,0.098448776
14896,0.031846635
14897,0.0061571402
14898,0.005811614
14899,0.013780684
14900,0.019723034
14901,0.24477091
14902,0.04366478
14903,0.06726723
14904,0.15127428
14905,0.60881066
14906,0.037421405
14907,0.018568171
14908,0.075072184
14909,0.06661295
14910,0.21758528
14911,0.22952263
14912,0.09146048
14913,0.031202333
14914,0.114844754
14915,0.16579033
14916,0.03697993
14917,0.08056272
14918,0.095597744
14919,0.07048772
14920,0.014744172
14921,0.026974041
14922,0.019901762
14923,0.057090454
14924,0.014914015
14925,0.114413664
14926,0.116826825
14927,0.14680332
14928,0.05237431
14929,0.09748805
14930,0.13974808
14931,0.19008707
14932,0.2011053
14933,0.05980531
14934,0.059175573
14935,0.013929003
14936,0.009217606
14937,0.06251622
14938,0.48881334
14939,0.08240158
14940,0.056686178
14941,0.33800146
14942,0.17840989
14943,0.0129787605
14944,0.016487611
14945,0.00940336
14946,0.061772034
14947,0.0402445
14948,0.22306408
14949,0.22865209
14950,0.03452935
14951,0.064344384
14952,0.111865155
14953,0.13931619
14954,0.13477865
14955,0.21330667
14956,0.23031807
14957,0.13704455
14958,0.07175145
14959,0.071455896
14960,0.06197525
14961,0.28242353
14962,0.9771092
14963,0.092411414
14964,0.02957887
14965,0.31130636
14966,0.012697648
14967,0.062309567
14968,0.23481943
14969,0.015374895
14970,0.027277442
14971,0.029333225
14972,0.08425871
14973,0.036245808
14974,0.082880594
14975,0.3310626
14976,0.008822805
14977,0.063645706
14978,0.22447345
14979,0.1238719
14980,0.19442205
14981,0.22965792
14982,0.31965756
14983,0.0062647266
14984,0.15703161
14985,0.12099722
14986,0.120753035
14987,0.71465355
14988,0.25135365
14989,0.383645
14990,0.051494405
14991,0.11919841
14992,0.07840294
14993,0.0059192013
14994,0.008109744
14995,0.075753726
14996,0.007858952
14997,0.0076211453
14998,0.030376827
14999,0.07111077
15000,0.08334188
15001,0.055094656
15002,0.0558496
15003,0.08377851
15004,0.16154592
15005,0.1354321
15006,0.015455873
15007,0.055137355
15008,0.22682096
15009,0.01599835
15010,0.041612845
15011,0.98263633
15012,0.717523
15013,0.6150707
15014,0.016937513
15015,0.018888483
15016,0.106903404
15017,0.27421573
15018,0.08237923
15019,0.060056064
15020,0.0076211453
15021,0.013363656
15022,0.051437356
15023,0.08538718
15024,0.0882062
15025,0.005811614
15026,0.2834397
15027,0.013373507
15028,0.020780679
15029,0.11617107
15030,0.11521705
15031,0.076577455
15032,0.03304727
15033,0.18784685
15034,0.09929391
15035,0.031091064
15036,0.08618415
15037,0.15160628
15038,0.11805811
15039,0.98263633
15040,0.7137792
15041,0.64173937
15042,0.0092873415
15043,0.054234993
15044,0.016937513
15045,0.008225762
15046,0.27615547
15047,0.06970998
15048,0.22258374
15049,0.03190148
15050,0.100067414
15051,0.005811614
15052,0.10377256
15053,0.11567007
15054,0.10614259
15055,0.30221146
15056,0.34948778
15057,0.36166918
15058,0.18308286
15059,0.16700824
15060,0.0706956
15061,0.047970816
15062,0.10595977
15063,0.02750844
15064,0.04192921
15065,0.007237509
15066,0.12631696
15067,0.08369962
15068,0.061383832
15069,0.11286681
15070,0.009949433
15071,0.9765117
15072,0.9782327
15073,0.98263633
15074,0.13173729
15075,0.051870428
15076,0.042417552
15077,0.2749661
15078,0.03798092
15079,0.012418732
15080,0.009243296
15081,0.017587118
15082,0.08673492
15083,0.053422567
15084,0.24322581
15085,0.97849727
15086,0.10071745
15087,0.12152093
15088,0.076928
15089,0.16835825
15090,0.06427685
15091,0.20606133
15092,0.16671751
15093,0.011334793
15094,0.14366344
15095,0.08302431
15096,0.07438147
15097,0.05707019
15098,0.020970592
15099,0.24977164
15100,0.23247135
15101,0.18617167
15102,0.06470315
15103,0.02221931
15104,0.11747193
15105,0.10233964
15106,0.17757095
15107,0.014371928
15108,0.025265103
15109,0.060006108
15110,0.03995082
15111,0.05276845
15112,0.05246616
15113,0.02899609
15114,0.18167524
15115,0.488724
15116,0.27344978
15117,0.20757282
15118,0.102193706
15119,0.19453475
15120,0.1315003
15121,0.4852466
15122,0.046925288
15123,0.027960297
15124,0.04924559
15125,0.19419453
15126,0.18900086
15127,0.13492939
15128,0.35324177
15129,0.2754487
15130,0.17240128
15131,0.9810403
15132,0.12197409
15133,0.0058945557
15134,0.14241903
15135,0.19100305
15136,0.04067832
15137,0.3298972
15138,0.075810805
15139,0.043288637
15140,0.01724982
15141,0.03506455
15142,0.083789006
15143,0.261993
15144,0.22916135
15145,0.29504737
15146,0.21296436
15147,0.15403497
15148,0.15072078
15149,0.248753
15150,0.015587744
15151,0.118919484
15152,0.0609785
15153,0.008226176
15154,0.3130445
15155,0.264482
15156,0.07620571
15157,0.6115535
15158,0.27477586
15159,0.006317204
15160,0.02998766
15161,0.13788363
15162,0.099239655
15163,0.015332658
15164,0.027640322
15165,0.018195959
15166,0.026546782
15167,0.09259526
15168,0.09506711
15169,0.08272002
15170,0.124248184
15171,0.2955488
15172,0.74750865
15173,0.35032585
15174,0.27898303
15175,0.3710637
15176,0.10256449
15177,0.018879104
15178,0.03460119
15179,0.13137662
15180,0.12864155
15181,0.17048144
15182,0.07807299
15183,0.028965913
15184,0.015577629
15185,0.1622868
15186,0.016204424
15187,0.13467509
15188,0.018500911
15189,0.013776754
15190,0.04518987
15191,0.010768963
15192,0.010768963
15193,0.011760879
15194,0.036556594
15195,0.054176647
15196,0.09161431
15197,0.08458866
15198,0.18751249
15199,0.18417902
15200,0.11464333
15201,0.54356897
15202,0.4499762
15203,0.23490253
15204,0.17074545
15205,0.037169367
15206,0.019381361
15207,0.021340964
15208,0.079970434
15209,0.013940748
15210,0.026480127
15211,0.9798645
15212,0.008044684
15213,0.008065699
15214,0.054425173
15215,0.06855141
15216,0.044199448
15217,0.011077896
15218,0.044767518
15219,0.03291753
15220,0.0687197
15221,0.010057811
15222,0.017669402
15223,0.055550795
15224,0.09175825
15225,0.12305493
15226,0.3649304
15227,0.25873524
15228,0.10648667
15229,0.86155707
15230,0.31281415
15231,0.3509733
15232,0.21787019
15233,0.039435532
15234,0.033342928
15235,0.006514225
15236,0.02226024
15237,0.020313703
15238,0.028271941
15239,0.07236596
15240,0.36187065
15241,0.10328803
15242,0.22748119
15243,0.034953
15244,0.04896894
15245,0.07480639
15246,0.10146899
15247,0.21631527
15248,0.05297669
15249,0.023832144
15250,0.06301594
15251,0.16008551
15252,0.8618913
15253,0.18025951
15254,0.38823092
15255,0.230603
15256,0.22916135
15257,0.17923112
15258,0.08055719
15259,0.05142058
15260,0.018709261
15261,0.03248334
15262,0.13097765
15263,0.1735896
15264,0.06882719
15265,0.1783152
15266,0.057392005
15267,0.0061571402
15268,0.24966697
15269,0.012618034
15270,0.011098873
15271,0.010130666
15272,0.14922915
15273,0.15093942
15274,0.038706645
15275,0.0059716776
15276,0.11662632
15277,0.18685141
15278,0.07807299
15279,0.10224056
15280,0.04340438
15281,0.10178662
15282,0.08806962
15283,0.008742358
15284,0.118873544
15285,0.07525026
15286,0.039262462
15287,0.008225762
15288,0.048055295
15289,0.005811614
15290,0.08241135
15291,0.021321638
15292,0.19866683
15293,0.04160249
15294,0.018282337
15295,0.04277737
15296,0.13876142
15297,0.2913754
15298,0.4852466
15299,0.08959759
15300,0.017518697
15301,0.042760637
15302,0.028520722
15303,0.06726723
15304,0.038011827
15305,0.07286864
15306,0.05480708
15307,0.010929027
15308,0.02680299
15309,0.012697648
15310,0.029454416
15311,0.016623182
15312,0.009217606
15313,0.0973479
15314,0.07403895
15315,0.31904995
15316,0.012697648
15317,0.0069254767
15318,0.04676379
15319,0.09965886
15320,0.09430925
15321,0.31246084
15322,0.07678225
15323,0.012578796
15324,0.005811614
15325,0.14137231
15326,0.02475128
15327,0.0859526
15328,0.09919432
15329,0.055149395
15330,0.010109497
15331,0.010929027
15332,0.017205164
15333,0.010489814
15334,0.3313947
15335,0.014744172
15336,0.01778614
15337,0.10760763
15338,0.06649571
15339,0.030455768
15340,0.027420975
15341,0.048072983
15342,0.0660539
15343,0.3507001
15344,0.009350883
15345,0.01831666
15346,0.043573473
15347,0.04454248
15348,0.088826284
15349,0.1736685
15350,0.035187855
15351,0.16512991
15352,0.15569311
15353,0.019043453
15354,0.034470055
15355,0.016643478
15356,0.008011198
15357,0.17115232
15358,0.092411414
15359,0.0148640955
15360,0.11234271
15361,0.005979537
15362,0.06575723
15363,0.053825714
15364,0.0063842135
15365,0.36354515
15366,0.48943856
15367,0.09905579
15368,0.064303964
15369,0.0058945557
15370,0.05986141
15371,0.058936663
15372,0.034629766
15373,0.14259298
15374,0.09432112
15375,0.07907386
15376,0.8551105
15377,0.014301401
15378,0.02213407
15379,0.023491573
15380,0.05188431
15381,0.08425871
15382,0.0058945557
15383,0.05246616
15384,0.15469708
15385,0.35564858
15386,0.057090454
15387,0.20319068
15388,0.024655752
15389,0.018430594
15390,0.063584834
15391,0.03788542
15392,0.029782088
15393,0.092411414
15394,0.060310967
15395,0.034856085
15396,0.03139905
15397,0.02018043
15398,0.041151207
15399,0.10181504
15400,0.05605151
15401,0.008593423
15402,0.049731307
15403,0.07878505
15404,0.05995587
15405,0.036847837
15406,0.027818225
15407,0.051200144
15408,0.7158792
15409,0.06398302
15410,0.16065103
15411,0.08351266
15412,0.021946235
15413,0.07116745
15414,0.060198534
15415,0.005811614
15416,0.03155139
15417,0.21934094
15418,0.059087846
15419,0.006500231
15420,0.011398811
15421,0.032829672
15422,0.106949724
15423,0.01908262
15424,0.08658775
15425,0.019721566
15426,0.008273494
15427,0.028888835
15428,0.27152696
15429,0.024518585
15430,0.016116397
15431,0.0059029628
15432,0.02524546
15433,0.03948649
15434,0.036590926
15435,0.090059325
15436,0.09051749
15437,0.020217221
15438,0.0069254767
15439,0.03718462
15440,0.08274942
15441,0.11542135
15442,0.049265362
15443,0.10058005
15444,0.021350116
15445,0.027405357
15446,0.08289452
15447,0.17544585
15448,0.104066424
15449,0.006248489
15450,0.008109744
15451,0.043422755
15452,0.011151976
15453,0.038011827
15454,0.023779914
15455,0.018776523
15456,0.013541017
15457,0.009689328
15458,0.02898543
15459,0.005811614
15460,0.005811614
15461,0.02155008
15462,0.030979807
15463,0.042519446
15464,0.09810654
15465,0.092411414
15466,0.11997357
15467,0.00655827
15468,0.21472579
15469,0.018811619
15470,0.036129043
15471,0.017350063
15472,0.011644861
15473,0.005811614
15474,0.023694992
15475,0.031003155
15476,0.012697648
15477,0.013776754
15478,0.036479287
15479,0.01724982
15480,0.034426168
15481,0.019899413
15482,0.0143701155
15483,0.0070855403
15484,0.0070855403
15485,0.10866084
15486,0.007698889
15487,0.048744462
15488,0.0059716776
15489,0.008948507
15490,0.018861506
15491,0.0069254767
15492,0.11086834
15493,0.008788443
15494,0.005811614
15495,0.21834932
15496,0.04812736
15497,0.07115107
15498,0.06675069
15499,0.061458945
15500,0.019013906
15501,0.005811614
15502,0.08978086
15503,0.017669402
15504,0.11469298
15505,0.0070855403
15506,0.073592134
15507,0.009556206
15508,0.024830895
15509,0.014702336
15510,0.0061571402
15511,0.0070855403
15512,0.005811614
15513,0.010109497
15514,0.010459792
15515,0.04160249
15516,0.009217606
15517,0.008948507
15518,0.06221182
15519,0.04915377
15520,0.0061239237
15521,0.10676424
15522,0.02524546
15523,0.030914357
15524,0.005811614
15525,0.028858332
15526,0.03154038
15527,0.019436141
15528,0.03166703
15529,0.023491573
15530,0.020890977
15531,0.011914022
15532,0.052509032
15533,0.116535
15534,0.21341397
15535,0.024018811
15536,0.011165317
15537,0.034574725
15538,0.021157933
15539,0.057584424
15540,0.037096046
15541,0.052534983
15542,0.038780514
15543,0.1460625
15544,0.031316567
15545,0.024830895
15546,0.12929262
15547,0.042175952
15548,0.14541377
15549,0.027279763
15550,0.2464781
15551,0.20017274
15552,0.05460685
15553,0.3305116
15554,0.074542575
15555,0.34962302
15556,0.20543431
15557,0.16902028
15558,0.04403293
15559,0.023594666
15560,0.10276589
15561,0.013549449
15562,0.25023845
15563,0.111793496
15564,0.026312338
15565,0.6166327
15566,0.1826381
15567,0.04310659
15568,0.1861267
15569,0.00713515
15570,0.07702309
15571,0.020731732
15572,0.07687941
15573,0.066848755
15574,0.016487611
15575,0.022714354
15576,0.16810423
15577,0.41455612
15578,0.41378266
15579,0.055837486
15580,0.14243259
15581,0.16409162
15582,0.019944565
15583,0.03170707
15584,0.020767674
15585,0.06737336
15586,0.012333769
15587,0.2750764
15588,0.20764898
15589,0.32039854
15590,0.39299953
15591,0.12803523
15592,0.02065828
15593,0.38841775
15594,0.043755185
15595,0.038053796
15596,0.42916843
15597,0.019414525
15598,0.119048186
15599,0.01087655
15600,0.06061426
15601,0.063029066
15602,0.17694403
15603,0.025285708
15604,0.009100324
15605,0.02204005
15606,0.22145584
15607,0.07017921
15608,0.04112916
15609,0.04299454
15610,0.059498027
15611,0.09301229
15612,0.06434613
15613,0.03316146
15614,0.0069713304
15615,0.006377438
15616,0.0756513
15617,0.032414354
15618,0.10248962
15619,0.16741213
15620,0.01751516
15621,0.17371926
15622,0.02065828
15623,0.051948607
15624,0.09594084
15625,0.01763906
15626,0.005811614
15627,0.3113597
15628,0.114676625
15629,0.09037574
15630,0.2735317
15631,0.24916656
15632,0.069599345
15633,0.06849467
15634,0.005811614
15635,0.0423106
15636,0.015376646
15637,0.0070855403
15638,0.006377438
15639,0.017214494
15640,0.0645095
15641,0.03216791
15642,0.10305186
15643,0.19492316
15644,0.31206602
15645,0.0077185687
15646,0.01599835
15647,0.025340056
15648,0.024112154
15649,0.011940518
15650,0.016327547
15651,0.030569995
15652,0.2541873
15653,0.01761183
15654,0.09668167
15655,0.010673159
15656,0.09612057
15657,0.15072186
15658,0.4510038
15659,0.025546128
15660,0.052946933
15661,0.01762026
15662,0.018709261
15663,0.03776499
15664,0.049495663
15665,0.005811614
15666,0.026129682
15667,0.010929027
15668,0.089493096
15669,0.14273702
15670,0.09465152
15671,0.062305737
15672,0.07339014
15673,0.05423313
15674,0.019421823
15675,0.02476218
15676,0.080454305
15677,0.08725893
15678,0.043974858
15679,0.097673275
15680,0.023405062
15681,0.06843601
15682,0.029026782
15683,0.005811614
15684,0.015877804
15685,0.01987585
15686,0.029160552
15687,0.005811614
15688,0.07723133
15689,0.30369595
15690,0.22909972
15691,0.0717731
15692,0.0492282
15693,0.011428493
15694,0.12931953
15695,0.06678627
15696,0.00624046
15697,0.023610182
15698,0.02554438
15699,0.017772505
15700,0.2124259
15701,0.040167075
15702,0.04141288
15703,0.041332487
15704,0.07629363
15705,0.07990667
15706,0.16872422
15707,0.09970644
15708,0.13964364
15709,0.06554125
15710,0.052672446
15711,0.010513094
15712,0.07355772
15713,0.058255028
15714,0.009217606
15715,0.15098853
15716,0.08356208
15717,0.45097044
15718,0.11953393
15719,0.1745231
15720,0.055114556
15721,0.019156963
15722,0.027934177
15723,0.107886344
15724,0.005811614
15725,0.010942369
15726,0.034988828
15727,0.082818896
15728,0.05864863
15729,0.057828948
15730,0.060760092
15731,0.08347004
15732,0.13529004
15733,0.3279769
15734,0.072936535
15735,0.021891845
15736,0.07585021
15737,0.026544245
15738,0.048515514
15739,0.03098276
15740,0.10464895
15741,0.0373673
15742,0.096832186
15743,0.03249967
15744,0.09854756
15745,0.010697985
15746,0.093257554
15747,0.052138403
15748,0.038004622
15749,0.18679887
15750,0.005811614
15751,0.04647534
15752,0.043328147
15753,0.05101923
15754,0.005811614
15755,0.00893605
15756,0.020735944
15757,0.04978287
15758,0.07099714
15759,0.14691739
15760,0.13743667
15761,0.1821417
15762,0.11533657
15763,0.17018233
15764,0.020359136
15765,0.09800323
15766,0.01027811
15767,0.0664411
15768,0.035365447
15769,0.1442007
15770,0.052844822
15771,0.031602472
15772,0.027724162
15773,0.012930342
15774,0.016678425
15775,0.06455681
15776,0.043782573
15777,0.0419109
15778,0.041138764
15779,0.08911476
15780,0.03684432
15781,0.034755796
15782,0.08768121
15783,0.085770614
15784,0.16829093
15785,0.3635047
15786,0.12021959
15787,0.08758609
15788,0.04057557
15789,0.1025467
15790,0.08983727
15791,0.10488519
15792,0.041954946
15793,0.009217606
15794,0.031602472
15795,0.2759811
15796,0.052409437
15797,0.09345092
15798,0.028729612
15799,0.06467576
15800,0.0063401684
15801,0.018386977
15802,0.005979537
15803,0.052672446
15804,0.2630174
15805,0.047607046
15806,0.036203027
15807,0.14871794
15808,0.6068304
15809,0.060171954
15810,0.018800916
15811,0.14739677
15812,0.041697975
15813,0.21899363
15814,0.30503836
15815,0.08604049
15816,0.024458542
15817,0.012112204
15818,0.09391985
15819,0.15699378
15820,0.05244176
15821,0.11960947
15822,0.11871252
15823,0.055422053
15824,0.0148640955
15825,0.011760879
15826,0.018706726
15827,0.012537585
15828,0.063697696
15829,0.047607046
15830,0.015185773
15831,0.09229297
15832,0.10817442
15833,0.12187101
15834,0.041267265
15835,0.08037385
15836,0.14727555
15837,0.21043749
15838,0.17828716
15839,0.0664411
15840,0.06710782
15841,0.04615366
15842,0.06731351
15843,0.54002464
15844,0.04947094
15845,0.020110492
15846,0.27455163
15847,0.16296455
15848,0.013293801
15849,0.060746063
15850,0.22690208
15851,0.18128653
15852,0.009554809
15853,0.06473104
15854,0.06225603
15855,0.12041202
15856,0.14725688
15857,0.17422523
15858,0.17423293
15859,0.25007418
15860,0.1385174
15861,0.06305845
15862,0.094374314
15863,0.05920988
15864,0.29505914
15865,0.94197804
15866,0.09307371
15867,0.006120545
15868,0.3380268
15869,0.031348642
15870,0.24345902
15871,0.015015926
15872,0.008707567
15873,0.04310659
15874,0.09467596
15875,0.0129787605
15876,0.05722434
15877,0.0059716776
15878,0.3512312
15879,0.03120446
15880,0.1100604
15881,0.20994267
15882,0.10458935
15883,0.20530151
15884,0.22965163
15885,0.31228673
15886,0.017997162
15887,0.16741288
15888,0.08028601
15889,0.08077392
15890,0.7091303
15891,0.27918413
15892,0.33025852
15893,0.008501979
15894,0.099699676
15895,0.09483139
15896,0.0060871234
15897,0.0063401684
15898,0.04899475
15899,0.0076211453
15900,0.011558077
15901,0.07770563
15902,0.09345092
15903,0.07701081
15904,0.057448637
15905,0.09471926
15906,0.13842472
15907,0.11355238
15908,0.005979537
15909,0.094164185
15910,0.20040046
15911,0.01599835
15912,0.019745026
15913,0.9808011
15914,0.7550652
15915,0.725621
15916,0.012537585
15917,0.010768963
15918,0.08250687
15919,0.3058763
15920,0.09712466
15921,0.07688457
15922,0.06855574
15923,0.06594137
15924,0.076218285
15925,0.009387449
15926,0.30663785
15927,0.005811614
15928,0.038447656
15929,0.103127025
15930,0.06253566
15931,0.05328679
15932,0.043513995
15933,0.1748569
15934,0.102714375
15935,0.038447656
15936,0.09444988
15937,0.09751566
15938,0.08101579
15939,0.9808011
15940,0.85812765
15941,0.6397591
15942,0.02554438
15943,0.056008656
15944,0.024518585
15945,0.2979829
15946,0.057692144
15947,0.20333828
15948,0.055753786
15949,0.08200569
15950,0.005811614
15951,0.11228201
15952,0.19858874
15953,0.13313103
15954,0.20938195
15955,0.33758253
15956,0.36792415
15957,0.1956792
15958,0.16870879
15959,0.063723646
15960,0.05477802
15961,0.09443782
15962,0.034919858
15963,0.03676357
15964,0.00624046
15965,0.1907901
15966,0.12961388
15967,0.11834867
15968,0.097601295
15969,0.021320025
15970,0.9739157
15971,0.97761554
15972,0.9808011
15973,0.11439683
15974,0.05536147
15975,0.09941871
15976,0.24546209
15977,0.01142484
15978,0.018420871
15979,0.028028779
15980,0.036802553
15981,0.10092745
15982,0.023704967
15983,0.22303323
15984,0.97802925
15985,0.11796164
15986,0.08555515
15987,0.0743828
15988,0.13236107
15989,0.061039377
15990,0.15232565
15991,0.15497185
15992,0.06174067
15993,0.14169076
15994,0.07309503
15995,0.07623844
15996,0.05647975
15997,0.28747055
15998,0.28332877
15999,0.19098188
16000,0.11821526
16001,0.02247476
16002,0.08333411
16003,0.038479112
16004,0.1861267
16005,0.028965913
16006,0.026998168
16007,0.0384368
16008,0.014947212
16009,0.027418148
16010,0.0359476
16011,0.066513196
16012,0.19065464
16013,0.42464167
16014,0.21020299
16015,0.22283834
16016,0.09981317
16017,0.20315239
16018,0.14257537
16019,0.48440632
16020,0.054304156
16021,0.018861506
16022,0.041478615
16023,0.06984488
16024,0.14697905
16025,0.24590376
16026,0.06696658
16027,0.30461648
16028,0.23575373
16029,0.18276888
16030,0.98042315
16031,0.111630395
16032,0.005811614
16033,0.124266766
16034,0.2123267
16035,0.040947404
16036,0.19631955
16037,0.10255154
16038,0.03311301
16039,0.02381712
16040,0.024578674
16041,0.1191098
16042,0.3061523
16043,0.25276467
16044,0.318402
16045,0.23529527
16046,0.15548424
16047,0.12154675
16048,0.22995996
16049,0.1291215
16050,0.111777335
16051,0.051697254
16052,0.2631691
16053,0.27337512
16054,0.053419895
16055,0.0389517
16056,0.48470807
16057,0.3625217
16058,0.072415225
16059,0.120188616
16060,0.043429006
16061,0.059084047
16062,0.010929027
16063,0.008225762
16064,0.008065699
16065,0.04141288
16066,0.072048485
16067,0.114302106
16068,0.0744735
16069,0.16895244
16070,0.31130636
16071,0.74750865
16072,0.31806958
16073,0.2759687
16074,0.41393164
16075,0.0917639
16076,0.024559023
16077,0.08033415
16078,0.044996787
16079,0.14531064
16080,0.18611409
16081,0.06849467
16082,0.006918853
16083,0.059443764
16084,0.12698825
16085,0.006811266
16086,0.008857104
16087,0.09383966
16088,0.013940748
16089,0.030907338
16090,0.01762026
16091,0.012288469
16092,0.049351394
16093,0.052332096
16094,0.05920988
16095,0.053084858
16096,0.22127378
16097,0.17741123
16098,0.12623858
16099,0.50936806
16100,0.42473102
16101,0.33020604
16102,0.12104775
16103,0.06300902
16104,0.07237903
16105,0.04046804
16106,0.11315771
16107,0.97802925
16108,0.033117417
16109,0.037770607
16110,0.07500236
16111,0.038836427
16112,0.068989865
16113,0.0128465155
16114,0.06090765
16115,0.011600816
16116,0.06700131
16117,0.009394744
16118,0.015993921
16119,0.035637476
16120,0.076442584
16121,0.09623411
16122,0.39348966
16123,0.25873524
16124,0.095342174
16125,0.89487475
16126,0.34802213
16127,0.32946754
16128,0.20986108
16129,0.01629645
16130,0.02155272
16131,0.009949433
16132,0.039056316
16133,0.024026595
16134,0.08487931
16135,0.37127605
16136,0.08874858
16137,0.22926226
16138,0.017416598
16139,0.06088574
16140,0.097299695
16141,0.1351165
16142,0.19933948
16143,0.07923921
16144,0.018549196
16145,0.062816605
16146,0.16330364
16147,0.753098
16148,0.18416557
16149,0.3905053
16150,0.14845926
16151,0.27232084
16152,0.16744788
16153,0.09271854
16154,0.04212804
16155,0.013373507
16156,0.017833443
16157,0.012578796
16158,0.055245463
16159,0.006514225
16160,0.13973178
16161,0.15058854
16162,0.042354856
16163,0.23950432
16164,0.06633219
16165,0.009844704
16166,0.26953074
16167,0.0058920626
16168,0.024646627
16169,0.0076211453
16170,0.15209523
16171,0.17618132
16172,0.031205287
16173,0.0059716776
16174,0.11136144
16175,0.20001006
16176,0.07006871
16177,0.093667395
16178,0.024830895
16179,0.100421876
16180,0.08551248
16181,0.023202032
16182,0.09646986
16183,0.095748715
16184,0.039911795
16185,0.045545977
16186,0.008433558
16187,0.04214811
16188,0.008867631
16189,0.008433558
16190,0.10898803
16191,0.048660584
16192,0.01947219
16193,0.20865324
16194,0.028945502
16195,0.037735276
16196,0.0070855403
16197,0.022707459
16198,0.15578453
16199,0.27818218
16200,0.44816872
16201,0.11265896
16202,0.03139905
16203,0.024112705
16204,0.0282331
16205,0.08684298
16206,0.09754367
16207,0.010929027
16208,0.027003584
16209,0.009253035
16210,0.016366472
16211,0.009684639
16212,0.009369054
16213,0.015376646
16214,0.07659354
16215,0.12697867
16216,0.28188312
16217,0.012697648
16218,0.014550091
16219,0.031602472
16220,0.10408473
16221,0.09164621
16222,0.3298241
16223,0.15880986
16224,0.018629039
16225,0.057951193
16226,0.013606207
16227,0.005811614
16228,0.07738144
16229,0.10192723
16230,0.050137237
16231,0.026251586
16232,0.018009743
16233,0.25280657
16234,0.005811614
16235,0.015838286
16236,0.118628755
16237,0.05258062
16238,0.05212181
16239,0.018473983
16240,0.020765867
16241,0.03254197
16242,0.31074867
16243,0.01005702
16244,0.011351411
16245,0.023864424
16246,0.041352246
16247,0.08415862
16248,0.14896294
16249,0.05258062
16250,0.22762622
16251,0.106636785
16252,0.034385547
16253,0.012288469
16254,0.02895537
16255,0.056306757
16256,0.03098276
16257,0.19428521
16258,0.11907082
16259,0.025952669
16260,0.065398455
16261,0.046787262
16262,0.0059386007
16263,0.33745354
16264,0.4535861
16265,0.08484031
16266,0.04467227
16267,0.013549449
16268,0.058714297
16269,0.052641485
16270,0.13859096
16271,0.084712565
16272,0.05128412
16273,0.91337955
16274,0.015376646
16275,0.03469357
16276,0.013304792
16277,0.07238487
16278,0.05537475
16279,0.030461065
16280,0.15614633
16281,0.37965348
16282,0.039939534
16283,0.13348407
16284,0.028091775
16285,0.047128927
16286,0.07716177
16287,0.070691586
16288,0.017146926
16289,0.09307371
16290,0.07012978
16291,0.030688839
16292,0.005811614
16293,0.01831666
16294,0.038541727
16295,0.005811614
16296,0.009949433
16297,0.093220465
16298,0.028154047
16299,0.043226887
16300,0.013293801
16301,0.009165129
16302,0.04547285
16303,0.11469819
16304,0.006395218
16305,0.71322596
16306,0.05743536
16307,0.13255183
16308,0.023191134
16309,0.019158121
16310,0.055838842
16311,0.015293132
16312,0.2698135
16313,0.03225211
16314,0.015376646
16315,0.011584904
16316,0.0304041
16317,0.10108206
16318,0.0059192013
16319,0.1133926
16320,0.032702036
16321,0.021246778
16322,0.24820478
16323,0.014704033
16324,0.033140242
16325,0.008590111
16326,0.0062647266
16327,0.017660698
16328,0.0120150205
16329,0.005811614
16330,0.039228503
16331,0.11552899
16332,0.0740097
16333,0.012697648
16334,0.014091187
16335,0.028993208
16336,0.16643618
16337,0.06535228
16338,0.07231054
16339,0.06853893
16340,0.017621323
16341,0.046175715
16342,0.049100127
16343,0.20951259
16344,0.15507269
16345,0.005855659
16346,0.007116867
16347,0.008273494
16348,0.019818615
16349,0.018982673
16350,0.012046846
16351,0.02697852
16352,0.006023582
16353,0.007237509
16354,0.023685317
16355,0.009369054
16356,0.005811614
16357,0.028796459
16358,0.07416855
16359,0.14211397
16360,0.0059716776
16361,0.14133441
16362,0.008433558
16363,0.22758311
16364,0.005811614
16365,0.011754749
16366,0.01271751
16367,0.020901877
16368,0.023984239
16369,0.005811614
16370,0.025952669
16371,0.013257489
16372,0.013940748
16373,0.008753487
16374,0.02185078
16375,0.023154728
16376,0.035633855
16377,0.045001972
16378,0.005811614
16379,0.0070855403
16380,0.018135091
16381,0.0070855403
16382,0.116629854
16383,0.01890632
16384,0.031067343
16385,0.008948507
16386,0.0061239237
16387,0.07906684
16388,0.009094455
16389,0.2051046
16390,0.08620884
16391,0.034761295
16392,0.04645602
16393,0.012288469
16394,0.06378193
16395,0.030542048
16396,0.01027811
16397,0.06275607
16398,0.018473983
16399,0.07142323
16400,0.0070855403
16401,0.12741287
16402,0.016214227
16403,0.025538102
16404,0.030481175
16405,0.00670214
16406,0.0070855403
16407,0.005811614
16408,0.005811614
16409,0.008867631
16410,0.014092999
16411,0.016725225
16412,0.047330197
16413,0.04934003
16414,0.0072769313
16415,0.17158985
16416,0.023140775
16417,0.028963786
16418,0.016880235
16419,0.014670014
16420,0.06300902
16421,0.028686503
16422,0.037770607
16423,0.049474716
16424,0.0530916
16425,0.018941956
16426,0.02554438
16427,0.104076825
16428,0.21584143
16429,0.08281486
16430,0.016000379
16431,0.03434278
16432,0.02769832
16433,0.041554015
16434,0.050028943
16435,0.006377438
16436,0.031279676
16437,0.019896105
16438,0.037603654
16439,0.013978548
16440,0.031844452
16441,0.09381963
16442,0.02142827
16443,0.09015307
16444,0.054063823
16445,0.19459298
16446,0.09627907
16447,0.018975034
16448,0.020354513
16449,0.22515926
16450,0.09326118
16451,0.32877806
16452,0.23705785
16453,0.10803097
16454,0.015155118
16455,0.02318692
16456,0.07505417
16457,0.013549449
16458,0.29109415
16459,0.008593423
16460,0.18989344
16461,0.027864736
16462,0.6461407
16463,0.16977347
16464,0.11466602
16465,0.10965496
16466,0.07106481
16467,0.013549449
16468,0.050120935
16469,0.14536186
16470,0.17968792
16471,0.4277891
16472,0.37140957
16473,0.024364393
16474,0.10727722
16475,0.10324715
16476,0.019802649
16477,0.031975053
16478,0.057681877
16479,0.080388404
16480,0.00971627
16481,0.03900186
16482,0.3706624
16483,0.17803961
16484,0.16366899
16485,0.5220709
16486,0.10224811
16487,0.03811895
16488,0.35105246
16489,0.031975053
16490,0.5226301
16491,0.068022706
16492,0.07143943
16493,0.022905957
16494,0.053449962
16495,0.110934466
16496,0.10494923
16497,0.08484476
16498,0.029290384
16499,0.034066908
16500,0.06514942
16501,0.274337
16502,0.06324402
16503,0.026850559
16504,0.08738291
16505,0.05296555
16506,0.1272499
16507,0.08112843
16508,0.14107923
16509,0.031119484
16510,0.217209
16511,0.20069456
16512,0.006395218
16513,0.057527725
16514,0.04502741
16515,0.02965484
16516,0.36394647
16517,0.21013628
16518,0.07717293
16519,0.24977164
16520,0.35110143
16521,0.09175043
16522,0.036921293
16523,0.017902158
16524,0.03176163
16525,0.005811614
16526,0.06385682
16527,0.010929027
16528,0.0059716776
16529,0.008590111
16530,0.090773635
16531,0.08476985
16532,0.25130352
16533,0.3503779
16534,0.01599835
16535,0.02220858
16536,0.06171774
16537,0.008590111
16538,0.016720306
16539,0.18051335
16540,0.07532065
16541,0.039937366
16542,0.010489814
16543,0.06900765
16544,0.016775427
16545,0.1148888
16546,0.42896995
16547,0.071282975
16548,0.018709261
16549,0.043397453
16550,0.014576998
16551,0.016793026
16552,0.019127278
16553,0.11508966
16554,0.13773924
16555,0.10598862
16556,0.07649889
16557,0.08425871
16558,0.014942086
16559,0.03676357
16560,0.033223815
16561,0.029221667
16562,0.066257544
16563,0.030723711
16564,0.06146227
16565,0.0069254767
16566,0.055550795
16567,0.026640974
16568,0.016487611
16569,0.037888505
16570,0.03139905
16571,0.039451655
16572,0.0061239237
16573,0.01778614
16574,0.023636634
16575,0.21202986
16576,0.1846379
16577,0.04359177
16578,0.025437202
16579,0.008536676
16580,0.14345786
16581,0.02454515
16582,0.012462777
16583,0.058580663
16584,0.038432933
16585,0.18071292
16586,0.0408738
16587,0.037517853
16588,0.01724982
16589,0.081471376
16590,0.03204278
16591,0.14607847
16592,0.1219498
16593,0.12433836
16594,0.08630932
16595,0.050261952
16596,0.038719922
16597,0.054425173
16598,0.04698615
16599,0.08939851
16600,0.032801997
16601,0.41840097
16602,0.09371989
16603,0.042637315
16604,0.0981567
16605,0.058879588
16606,0.07891789
16607,0.021075072
16608,0.008753487
16609,0.011914022
16610,0.12245134
16611,0.0319954
16612,0.005811614
16613,0.016623182
16614,0.11198441
16615,0.034623474
16616,0.045788635
16617,0.05135971
16618,0.11235215
16619,0.14225943
16620,0.28102705
16621,0.05032592
16622,0.040600155
16623,0.08787054
16624,0.029168114
16625,0.07638425
16626,0.02276469
16627,0.008225762
16628,0.09917134
16629,0.08247469
16630,0.106568664
16631,0.039846633
16632,0.11992494
16633,0.006395218
16634,0.054176647
16635,0.06797125
16636,0.15975937
16637,0.005811614
16638,0.029100746
16639,0.06595024
16640,0.07603491
16641,0.005811614
16642,0.012766067
16643,0.011161722
16644,0.085386164
16645,0.0609785
16646,0.14310001
16647,0.1259073
16648,0.21616872
16649,0.11996986
16650,0.21088088
16651,0.022535013
16652,0.0884026
16653,0.06310385
16654,0.00971627
16655,0.03567335
16656,0.095398664
16657,0.029021805
16658,0.018975034
16659,0.06476557
16660,0.037732467
16661,0.06719334
16662,0.116116814
16663,0.008742358
16664,0.08039955
16665,0.0144976135
16666,0.014702336
16667,0.09684106
16668,0.03291753
16669,0.04108316
16670,0.13464603
16671,0.060358785
16672,0.14372033
16673,0.35065967
16674,0.08072415
16675,0.121458925
16676,0.04709063
16677,0.11762728
16678,0.082133554
16679,0.09112186
16680,0.046572026
16681,0.021800742
16682,0.32030722
16683,0.09392771
16684,0.09155917
16685,0.06397875
16686,0.09993482
16687,0.005811614
16688,0.017742094
16689,0.014390028
16690,0.022442954
16691,0.03779334
16692,0.29360855
16693,0.027444135
16694,0.04836555
16695,0.11792273
16696,0.544373
16697,0.051168114
16698,0.0063401684
16699,0.14940014
16700,0.06133829
16701,0.2616102
16702,0.23874125
16703,0.0912614
16704,0.01915288
16705,0.030979807
16706,0.00698144
16707,0.08238468
16708,0.12907284
16709,0.02423791
16710,0.18652296
16711,0.0649066
16712,0.05868771
16713,0.011760879
16714,0.016168194
16715,0.025403053
16716,0.059047505
16717,0.06261081
16718,0.006811266
16719,0.11220008
16720,0.102926105
16721,0.16971123
16722,0.0873654
16723,0.053696122
16724,0.17051148
16725,0.1995331
16726,0.15922445
16727,0.06423333
16728,0.09147231
16729,0.011737154
16730,0.0645478
16731,0.48881334
16732,0.051968254
16733,0.04983613
16734,0.27091956
16735,0.16786186
16736,0.0129787605
16737,0.016487611
16738,0.00940336
16739,0.051643208
16740,0.0402445
16741,0.22106788
16742,0.19643152
16743,0.00940336
16744,0.061539296
16745,0.04999467
16746,0.16065435
16747,0.13931619
16748,0.1440401
16749,0.21759789
16750,0.21442512
16751,0.13250892
16752,0.07764855
16753,0.12957877
16754,0.037936766
16755,0.23874125
16756,0.9432586
16757,0.092212334
16758,0.026683595
16759,0.3507001
16760,0.06024796
16761,0.17221464
16762,0.04827095
16763,0.07352544
16764,0.005811614
16765,0.042568874
16766,0.0059716776
16767,0.3310626
16768,0.014452376
16769,0.06545635
16770,0.21325606
16771,0.12244568
16772,0.24604322
16773,0.29326162
16774,0.2743354
16775,0.0144976135
16776,0.15953742
16777,0.09222311
16778,0.08260342
16779,0.85972387
16780,0.2827833
16781,0.3586261
16782,0.04745358
16783,0.16609617
16784,0.07006262
16785,0.039702434
16786,0.010929027
16787,0.06719334
16788,0.005811614
16789,0.0076211453
16790,0.030599356
16791,0.025778802
16792,0.07589364
16793,0.07936483
16794,0.118286274
16795,0.11728531
16796,0.13018705
16797,0.114728175
16798,0.13052475
16799,0.21347603
16800,0.01599835
16801,0.03343798
16802,0.98132086
16803,0.86466086
16804,0.6150707
16805,0.02065828
16806,0.0156159345
16807,0.12088054
16808,0.36054516
16809,0.07465685
16810,0.014744172
16811,0.04751752
16812,0.008590111
16813,0.071702026
16814,0.061539296
16815,0.057527725
16816,0.009118349
16817,0.32054767
16818,0.013373507
16819,0.03376402
16820,0.1259073
16821,0.055855494
16822,0.08800712
16823,0.07055159
16824,0.18393297
16825,0.13036731
16826,0.0288441
16827,0.102877885
16828,0.14941137
16829,0.13899569
16830,0.98132086
16831,0.85970837
16832,0.7073954
16833,0.014062715
16834,0.041612845
16835,0.024518585
16836,0.3310626
16837,0.088654
16838,0.28504583
16839,0.031175323
16840,0.08174917
16841,0.012818697
16842,0.16166516
16843,0.13817456
16844,0.13909878
16845,0.22273776
16846,0.31793913
16847,0.39051598
16848,0.18643092
16849,0.14330609
16850,0.09999609
16851,0.07259379
16852,0.10141057
16853,0.022019465
16854,0.03048259
16855,0.02065828
16856,0.14622405
16857,0.09297924
16858,0.1089287
16859,0.14126037
16860,0.02284363
16861,0.9426611
16862,0.9769172
16863,0.98132086
16864,0.15085521
16865,0.048182033
16866,0.13409027
16867,0.21473294
16868,0.008065699
16869,0.024559023
16870,0.017804667
16871,0.03376747
16872,0.09606367
16873,0.033819668
16874,0.26576903
16875,0.978549
16876,0.095178016
16877,0.10073902
16878,0.06867512
16879,0.18181828
16880,0.055796616
16881,0.12370304
16882,0.15198164
16883,0.05606151
16884,0.11792273
16885,0.10382584
16886,0.0818762
16887,0.054801587
16888,0.0077733905
16889,0.26993796
16890,0.30672508
16891,0.20248178
16892,0.13019693
16893,0.011165317
16894,0.061684594
16895,0.048037834
16896,0.18870077
16897,0.024830895
16898,0.027680282
16899,0.06586148
16900,0.01726742
16901,0.013389385
16902,0.021339217
16903,0.07688112
16904,0.1751116
16905,0.45107794
16906,0.19443466
16907,0.16446929
16908,0.09235991
16909,0.14411668
16910,0.20068735
16911,0.49233833
16912,0.01881963
16913,0.032733604
16914,0.027960297
16915,0.08376897
16916,0.22773649
16917,0.13211331
16918,0.33816862
16919,0.22916135
16920,0.17030251
16921,0.9797248
16922,0.119863816
16923,0.005811614
16924,0.13623331
16925,0.19051728
16926,0.014434073
16927,0.04531836
16928,0.14499573
16929,0.09857743
16930,0.037712887
16931,0.04269692
16932,0.04125623
16933,0.120870724
16934,0.27966514
16935,0.2754487
16936,0.29504737
16937,0.23582631
16938,0.13011307
16939,0.110254355
16940,0.19844413
16941,0.012418732
16942,0.1604572
16943,0.034962095
16944,0.0737497
16945,0.28002968
16946,0.23617241
16947,0.08693464
16948,0.03847194
16949,0.4588559
16950,0.2961065
16951,0.06427715
16952,0.114845045
16953,0.05855013
16954,0.06961347
16955,0.005811614
16956,0.021481702
16957,0.06285532
16958,0.098906
16959,0.09499858
16960,0.15798888
16961,0.31806958
16962,0.7114834
16963,0.2887003
16964,0.22299631
16965,0.3710637
16966,0.06242879
16967,0.08850274
16968,0.10155
16969,0.12093165
16970,0.15669514
16971,0.051188525
16972,0.022872277
16973,0.0768844
16974,0.10328399
16975,0.008065699
16976,0.025265103
16977,0.07311211
16978,0.014855864
16979,0.039673563
16980,0.017518697
16981,0.0063401684
16982,0.04535215
16983,0.059556786
16984,0.066649646
16985,0.03723301
16986,0.19338177
16987,0.16933495
16988,0.10581419
16989,0.5446628
16990,0.4511673
16991,0.28372112
16992,0.11811346
16993,0.07416855
16994,0.048593298
16995,0.04714432
16996,0.061251134
16997,0.013940748
16998,0.008948507
16999,0.0426646
17000,0.978549
17001,0.033772364
17002,0.0156159345
17003,0.043062408
17004,0.064607725
17005,0.08638776
17006,0.018648177
17007,0.07186521
17008,0.01599835
17009,0.023546932
17010,0.005811614
17011,0.018568171
17012,0.034948222
17013,0.098249696
17014,0.08125467
17015,0.3896485
17016,0.23559017
17017,0.1378289
17018,0.94232684
17019,0.27780455
17020,0.33020526
17021,0.1776441
17022,0.03233637
17023,0.03902423
17024,0.014584109
17025,0.04841297
17026,0.02445785
17027,0.061777942
17028,0.0862247
17029,0.36381948
17030,0.096875414
17031,0.2028317
17032,0.011708402
17033,0.050293207
17034,0.11039191
17035,0.09506347
17036,0.14711206
17037,0.03712503
17038,0.03231425
17039,0.01942961
17040,0.036680087
17041,0.15066807
17042,0.8618913
17043,0.21934168
17044,0.42047495
17045,0.21327706
17046,0.2276494
17047,0.1901227
17048,0.12101429
17049,0.008886495
17050,0.013373507
17051,0.011600816
17052,0.036686435
17053,0.12636423
17054,0.14627123
17055,0.035216786
17056,0.22447345
17057,0.0643819
17058,0.00971627
17059,0.29660133
17060,0.04277737
17061,0.011870867
17062,0.15801117
17063,0.16440704
17064,0.029513514
17065,0.0059716776
17066,0.13213342
17067,0.16479813
17068,0.08685706
17069,0.124498054
17070,0.014702336
17071,0.09899312
17072,0.08319775
17073,0.041439015
17074,0.05934997
17075,0.14366344
17076,0.04108316
17077,0.008225762
17078,0.061751533
17079,0.008753487
17080,0.121482104
17081,0.0136166895
17082,0.112482816
17083,0.043898348
17084,0.028905787
17085,0.005855659
17086,0.058902863
17087,0.1640552
17088,0.2993781
17089,0.43067124
17090,0.1174628
17091,0.019312646
17092,0.029375568
17093,0.006811266
17094,0.11640002
17095,0.17826152
17096,0.02314961
17097,0.02680299
17098,0.005811614
17099,0.036687747
17100,0.005811614
17101,0.007949388
17102,0.08301656
17103,0.08476985
17104,0.3117919
17105,0.010860312
17106,0.010768963
17107,0.029513514
17108,0.0633571
17109,0.087993264
17110,0.31232545
17111,0.13464603
17112,0.018776523
17113,0.14438033
17114,0.026385264
17115,0.04151207
17116,0.13601314
17117,0.01981245
17118,0.05276845
17119,0.21559629
17120,0.01831666
17121,0.014744172
17122,0.005811614
17123,0.11679313
17124,0.05610334
17125,0.04093953
17126,0.014744172
17127,0.055810213
17128,0.02674106
17129,0.2229131
17130,0.018517148
17131,0.03944858
17132,0.056767613
17133,0.018623102
17134,0.07105369
17135,0.18493621
17136,0.050677773
17137,0.21616872
17138,0.12585303
17139,0.046640467
17140,0.013148605
17141,0.030846875
17142,0.057808876
17143,0.009555606
17144,0.22454964
17145,0.114556275
17146,0.012418732
17147,0.064287305
17148,0.022973763
17149,0.012332705
17150,0.31074867
17151,0.48410234
17152,0.08869748
17153,0.027890554
17154,0.013549449
17155,0.05238775
17156,0.11428521
17157,0.055432424
17158,0.081900194
17159,0.08440084
17160,0.7437267
17161,0.015295952
17162,0.02168583
17163,0.05086969
17164,0.050051823
17165,0.016623182
17166,0.049089804
17167,0.109235585
17168,0.38852918
17169,0.063645706
17170,0.149785
17171,0.011600816
17172,0.012730879
17173,0.04676379
17174,0.08425871
17175,0.031030193
17176,0.01576818
17177,0.092212334
17178,0.05970042
17179,0.044632986
17180,0.005811614
17181,0.05750995
17182,0.011914022
17183,0.017688543
17184,0.09132873
17185,0.011072362
17186,0.05768768
17187,0.010373795
17188,0.0144976135
17189,0.051838383
17190,0.08770815
17191,0.019597925
17192,0.016204424
17193,0.75404435
17194,0.024255687
17195,0.07851629
17196,0.030890632
17197,0.04232275
17198,0.07820745
17199,0.06226014
17200,0.018568171
17201,0.023685317
17202,0.26097518
17203,0.057960067
17204,0.006500231
17205,0.0059716776
17206,0.0076211453
17207,0.015295952
17208,0.011398811
17209,0.014529242
17210,0.11811346
17211,0.01908262
17212,0.010173829
17213,0.14593591
17214,0.0090220515
17215,0.02221931
17216,0.014365248
17217,0.27152696
17218,0.024518585
17219,0.0060546184
17220,0.0078064743
17221,0.042928044
17222,0.0070855403
17223,0.030868538
17224,0.12016601
17225,0.06975015
17226,0.012697648
17227,0.030951243
17228,0.045738157
17229,0.09323312
17230,0.10978711
17231,0.04945162
17232,0.021100434
17233,0.026511589
17234,0.012681926
17235,0.005811614
17236,0.05874858
17237,0.200526
17238,0.13475268
17239,0.0070855403
17240,0.005811614
17241,0.038175955
17242,0.010105114
17243,0.02554438
17244,0.0063401684
17245,0.010489814
17246,0.02524546
17247,0.024559023
17248,0.042760637
17249,0.009217606
17250,0.032198817
17251,0.04541255
17252,0.035205472
17253,0.12865764
17254,0.0059716776
17255,0.11292895
17256,0.008433558
17257,0.21280745
17258,0.008753487
17259,0.029782088
17260,0.005811614
17261,0.005979537
17262,0.010013766
17263,0.016559625
17264,0.023330716
17265,0.021633945
17266,0.012697648
17267,0.008753487
17268,0.039962832
17269,0.024830895
17270,0.006377438
17271,0.059075933
17272,0.017195007
17273,0.005811614
17274,0.0070855403
17275,0.13527666
17276,0.030735604
17277,0.040896896
17278,0.0059716776
17279,0.008948507
17280,0.037319824
17281,0.07129083
17282,0.092212334
17283,0.008948507
17284,0.20220774
17285,0.04366478
17286,0.046297852
17287,0.07738127
17288,0.011914022
17289,0.09260257
17290,0.0408738
17291,0.005811614
17292,0.0059716776
17293,0.11892392
17294,0.07442205
17295,0.0070855403
17296,0.11990938
17297,0.012862742
17298,0.0063856244
17299,0.061489478
17300,0.02284363
17301,0.019791922
17302,0.0069695218
17303,0.010489814
17304,0.005811614
17305,0.04462366
17306,0.024857944
17307,0.06665763
17308,0.06244117
17309,0.0059716776
17310,0.17459631
17311,0.027460031
17312,0.053692654
17313,0.011282791
17314,0.0059716776
17315,0.009684639
17316,0.05712268
17317,0.0330649
17318,0.023491573
17319,0.017670944
17320,0.03733112
17321,0.047626365
17322,0.021995077
17323,0.024144454
17324,0.10273376
17325,0.20550038
17326,0.05864242
17327,0.01849931
17328,0.03781318
17329,0.01902157
17330,0.042065874
17331,0.065670826
17332,0.039193813
17333,0.015421695
17334,0.06389885
17335,0.04297227
17336,0.024364393
17337,0.20976093
17338,0.08211971
17339,0.045504633
17340,0.17743212
17341,0.12851328
17342,0.018975034
17343,0.020908944
17344,0.029290384
17345,0.23247135
17346,0.073227234
17347,0.24234557
17348,0.1846551
17349,0.07866417
17350,0.0284002
17351,0.02318692
17352,0.013549449
17353,0.0069254767
17354,0.011325381
17355,0.1768267
17356,0.027591182
17357,0.6206023
17358,0.19481094
17359,0.043471474
17360,0.120736204
17361,0.036192924
17362,0.11389781
17363,0.106852576
17364,0.012537585
17365,0.03200233
17366,0.13412
17367,0.16283034
17368,0.38990578
17369,0.3638975
17370,0.20285736
17371,0.21772067
17372,0.043359417
17373,0.03795421
17374,0.058114197
17375,0.00971627
17376,0.016210694
17377,0.015701719
17378,0.31035385
17379,0.15183707
17380,0.11692437
17381,0.36418083
17382,0.051571574
17383,0.006623351
17384,0.36429232
17385,0.06504971
17386,0.5097222
17387,0.09642914
17388,0.10562287
17389,0.0141672045
17390,0.06579458
17391,0.023832144
17392,0.115405805
17393,0.08432622
17394,0.08484476
17395,0.014782785
17396,0.006377438
17397,0.058988478
17398,0.3500925
17399,0.071543574
17400,0.07532065
17401,0.032303423
17402,0.055624537
17403,0.12326616
17404,0.07230083
17405,0.030953117
17406,0.009960569
17407,0.13405567
17408,0.023213087
17409,0.015714632
17410,0.2026517
17411,0.12130321
17412,0.051507883
17413,0.040673796
17414,0.015684353
17415,0.02323612
17416,0.0058945557
17417,0.41926587
17418,0.20860021
17419,0.14093019
17420,0.31800717
17421,0.3814917
17422,0.010109497
17423,0.11820785
17424,0.031466812
17425,0.009556206
17426,0.014812587
17427,0.012462777
17428,0.0069713304
17429,0.030897466
17430,0.0059716776
17431,0.09192295
17432,0.09922194
17433,0.10428301
17434,0.14553508
17435,0.22714567
17436,0.27899274
17437,0.01599835
17438,0.024873558
17439,0.04955098
17440,0.020696318
17441,0.010406525
17442,0.019766023
17443,0.017751394
17444,0.21851309
17445,0.050377287
17446,0.005811614
17447,0.093241416
17448,0.0922077
17449,0.16788767
17450,0.32961217
17451,0.04564864
17452,0.03897187
17453,0.018709261
17454,0.048954017
17455,0.079721704
17456,0.005811614
17457,0.08303176
17458,0.0074610827
17459,0.2051286
17460,0.18102561
17461,0.093541995
17462,0.087934196
17463,0.0609785
17464,0.005811614
17465,0.020212745
17466,0.018054402
17467,0.04173548
17468,0.0952333
17469,0.051704053
17470,0.070093885
17471,0.005811614
17472,0.04376423
17473,0.033971794
17474,0.02043203
17475,0.008430047
17476,0.0488815
17477,0.027728904
17478,0.028186308
17479,0.01778614
17480,0.051896237
17481,0.2223178
17482,0.20042488
17483,0.053527612
17484,0.02263217
17485,0.0059098434
17486,0.12124701
17487,0.0695552
17488,0.015295952
17489,0.059119012
17490,0.012578796
17491,0.03269405
17492,0.19028606
17493,0.027818225
17494,0.049731307
17495,0.04875818
17496,0.051704053
17497,0.044684794
17498,0.13625738
17499,0.08990655
17500,0.14369333
17501,0.081766196
17502,0.026050067
17503,0.025837038
17504,0.064137734
17505,0.065489374
17506,0.011398811
17507,0.0963154
17508,0.053388886
17509,0.45023796
17510,0.09522026
17511,0.06704257
17512,0.09953728
17513,0.045841146
17514,0.0844527
17515,0.0156159345
17516,0.13586913
17517,0.007237509
17518,0.012818697
17519,0.07109068
17520,0.052638616
17521,0.037116893
17522,0.043654125
17523,0.121418186
17524,0.17190328
17525,0.2966988
17526,0.07485347
17527,0.015179934
17528,0.09980394
17529,0.030489296
17530,0.057355348
17531,0.052835777
17532,0.03900984
17533,0.12209433
17534,0.006377438
17535,0.11853015
17536,0.02479861
17537,0.07006615
17538,0.08328459
17539,0.017800596
17540,0.15426354
17541,0.010173829
17542,0.055631246
17543,0.08348244
17544,0.04269692
17545,0.01922619
17546,0.03166703
17547,0.03696192
17548,0.056447934
17549,0.052688178
17550,0.1346056
17551,0.11804538
17552,0.18751249
17553,0.1455771
17554,0.20538603
17555,0.010040781
17556,0.1205277
17557,0.086788535
17558,0.027237205
17559,0.08746217
17560,0.06974657
17561,0.020140633
17562,0.01824558
17563,0.04761446
17564,0.05021675
17565,0.026563954
17566,0.11712398
17567,0.005811614
17568,0.03944858
17569,0.027045466
17570,0.123977214
17571,0.016545435
17572,0.055631246
17573,0.10309422
17574,0.05297917
17575,0.14881575
17576,0.29690748
17577,0.07212759
17578,0.12275485
17579,0.050620697
17580,0.11762728
17581,0.0695524
17582,0.09927619
17583,0.048401535
17584,0.009217606
17585,0.009707054
17586,0.32030722
17587,0.06295344
17588,0.13014266
17589,0.09209492
17590,0.07746628
17591,0.03840229
17592,0.020051986
17593,0.034953
17594,0.031090237
17595,0.30473667
17596,0.04698764
17597,0.0933375
17598,0.12598915
17599,0.6095194
17600,0.08870182
17601,0.008065699
17602,0.18036242
17603,0.08455921
17604,0.23519053
17605,0.23874125
17606,0.06514521
17607,0.0665271
17608,0.040282402
17609,0.10299079
17610,0.14179634
17611,0.047228318
17612,0.16209884
17613,0.049135596
17614,0.09897099
17615,0.014744172
17616,0.027073117
17617,0.024036692
17618,0.05557157
17619,0.066113226
17620,0.01462903
17621,0.10336608
17622,0.079376
17623,0.16026837
17624,0.052975357
17625,0.03491389
17626,0.13893284
17627,0.17829302
17628,0.15399165
17629,0.061982527
17630,0.082894824
17631,0.021049531
17632,0.015471046
17633,0.052804198
17634,0.4519194
17635,0.05714372
17636,0.34959766
17637,0.18764788
17638,0.0129787605
17639,0.005811614
17640,0.008109451
17641,0.082402274
17642,0.0349602
17643,0.17823258
17644,0.19051728
17645,0.045474906
17646,0.03170707
17647,0.09243683
17648,0.11188178
17649,0.14913552
17650,0.16654524
17651,0.24907748
17652,0.13051608
17653,0.053182594
17654,0.032104686
17655,0.034479473
17656,0.26105866
17657,0.756123
17658,0.057664234
17659,0.35032585
17660,0.058237758
17661,0.23043256
17662,0.005811614
17663,0.046167765
17664,0.067471735
17665,0.013719294
17666,0.05600753
17667,0.0059716776
17668,0.3515947
17669,0.03738328
17670,0.0912061
17671,0.19479834
17672,0.10443367
17673,0.21306355
17674,0.2725322
17675,0.27965558
17676,0.14205171
17677,0.07436402
17678,0.11639944
17679,0.86117107
17680,0.32894686
17681,0.4196255
17682,0.006040097
17683,0.10602086
17684,0.06793185
17685,0.014584109
17686,0.0059192013
17687,0.008474092
17688,0.07175145
17689,0.0073975725
17690,0.026484339
17691,0.07017265
17692,0.07701081
17693,0.13014266
17694,0.11752619
17695,0.094883695
17696,0.15894331
17697,0.12635565
17698,0.11409017
17699,0.21919218
17700,0.029923419
17701,0.056599103
17702,0.98263633
17703,0.86610806
17704,0.6424481
17705,0.006500231
17706,0.01778614
17707,0.0156159345
17708,0.114845045
17709,0.3699201
17710,0.061183404
17711,0.015535243
17712,0.04999467
17713,0.005811614
17714,0.06001211
17715,0.09183003
17716,0.05707019
17717,0.005811614
17718,0.30663785
17719,0.008788443
17720,0.028679634
17721,0.12332877
17722,0.10968957
17723,0.07450897
17724,0.02791782
17725,0.19071625
17726,0.11872744
17727,0.01886903
17728,0.12228582
17729,0.1320062
17730,0.10888094
17731,0.98263633
17732,0.86115557
17733,0.61878914
17734,0.011914022
17735,0.018288689
17736,0.005811614
17737,0.2620487
17738,0.083044514
17739,0.24335682
17740,0.058786485
17741,0.024559023
17742,0.14748535
17743,0.112411395
17744,0.17007193
17745,0.20425095
17746,0.37054032
17747,0.4202293
17748,0.13368377
17749,0.13604617
17750,0.08501089
17751,0.04835321
17752,0.10255819
17753,0.072402224
17754,0.05449901
17755,0.15957223
17756,0.16568811
17757,0.06727206
17758,0.12173213
17759,0.005811614
17760,0.86333853
17761,0.9782327
17762,0.98263633
17763,0.19901295
17764,0.06753229
17765,0.091791205
17766,0.21857496
17767,0.035348088
17768,0.036090024
17769,0.025190623
17770,0.10040507
17771,0.044512134
17772,0.20987971
17773,0.9798645
17774,0.079334676
17775,0.07497362
17776,0.10172679
17777,0.15975937
17778,0.05950638
17779,0.1575326
17780,0.10055246
17781,0.048015393
17782,0.10975255
17783,0.0836508
17784,0.1294022
17785,0.018356415
17786,0.011304223
17787,0.26993796
17788,0.31074867
17789,0.17778331
17790,0.102049716
17791,0.06706989
17792,0.049265362
17793,0.22448605
17794,0.006935658
17795,0.009013655
17796,0.030612359
17797,0.050720025
17798,0.02237955
17799,0.05246616
17800,0.05983374
17801,0.22229038
17802,0.39862213
17803,0.20060219
17804,0.19494633
17805,0.10500248
17806,0.17778331
17807,0.18468086
17808,0.48550388
17809,0.0065767104
17810,0.024830895
17811,0.057477977
17812,0.010722505
17813,0.08077066
17814,0.1891068
17815,0.13211331
17816,0.46173772
17817,0.32058555
17818,0.17030251
17819,0.9810403
17820,0.104352094
17821,0.035654597
17822,0.15717864
17823,0.24248649
17824,0.022147713
17825,0.10203866
17826,0.18651313
17827,0.09967075
17828,0.023160608
17829,0.04233781
17830,0.017686075
17831,0.16693926
17832,0.2901481
17833,0.319842
17834,0.33007628
17835,0.2731905
17836,0.15098783
17837,0.15098783
17838,0.18698722
17839,0.005811614
17840,0.13683103
17841,0.09486771
17842,0.09493252
17843,0.36338994
17844,0.28405908
17845,0.10237254
17846,0.03847194
17847,0.45911318
17848,0.3391039
17849,0.049135596
17850,0.11946722
17851,0.06605795
17852,0.053260934
17853,0.010109497
17854,0.011600816
17855,0.044897016
17856,0.17182787
17857,0.12344176
17858,0.14071171
17859,0.28172752
17860,0.7121922
17861,0.35013598
17862,0.27344978
17863,0.35033235
17864,0.10579104
17865,0.07724972
17866,0.06151716
17867,0.10785369
17868,0.16674423
17869,0.08705614
17870,0.020359324
17871,0.14046292
17872,0.096717216
17873,0.0156159345
17874,0.014808167
17875,0.07410483
17876,0.041306887
17877,0.005811614
17878,0.023430705
17879,0.021833397
17880,0.03748261
17881,0.027117727
17882,0.07450473
17883,0.07510849
17884,0.19917302
17885,0.20893367
17886,0.09796393
17887,0.60626614
17888,0.5433597
17889,0.27079573
17890,0.11135938
17891,0.06662977
17892,0.027037041
17893,0.040003408
17894,0.04590815
17895,0.005811614
17896,0.008948507
17897,0.035045043
17898,0.9798645
17899,0.030210018
17900,0.015535243
17901,0.09772557
17902,0.08513136
17903,0.090795904
17904,0.00754644
17905,0.06708031
17906,0.01599835
17907,0.027237205
17908,0.016688215
17909,0.011845307
17910,0.028618768
17911,0.089273766
17912,0.1195642
17913,0.49370545
17914,0.23569529
17915,0.12579378
17916,0.9456561
17917,0.28627622
17918,0.31206602
17919,0.15308835
17920,0.031689152
17921,0.031666204
17922,0.026733156
17923,0.055958103
17924,0.046875674
17925,0.03688147
17926,0.10152043
17927,0.36187065
17928,0.05287368
17929,0.23031807
17930,0.029026782
17931,0.06985334
17932,0.08302522
17933,0.09820091
17934,0.09002079
17935,0.020496428
17936,0.010768963
17937,0.046115797
17938,0.14477661
17939,0.86333853
17940,0.20989567
17941,0.4608656
17942,0.26910678
17943,0.2002133
17944,0.1782402
17945,0.10713562
17946,0.072382584
17947,0.01032975
17948,0.012204351
17949,0.0077733905
17950,0.017889576
17951,0.08534959
17952,0.08094468
17953,0.05690788
17954,0.1388505
17955,0.01915288
17956,0.04512313
17957,0.00971627
17958,0.27877504
17959,0.028978076
17960,0.010109497
17961,0.005811614
17962,0.13544938
17963,0.15953742
17964,0.043045912
17965,0.0059716776
17966,0.12140048
17967,0.11304299
17968,0.08055374
17969,0.089032285
17970,0.038748745
17971,0.12132197
17972,0.0601894
17973,0.0426764
17974,0.09041893
17975,0.12116512
17976,0.031516083
17977,0.005811614
17978,0.067197785
17979,0.08453651
17980,0.045677025
17981,0.10211964
17982,0.04376423
17983,0.03902423
17984,0.022755949
17985,0.0530672
17986,0.19008707
17987,0.2993781
17988,0.54684055
17989,0.12241261
17990,0.017518697
17991,0.05183875
17992,0.023704967
17993,0.03301225
17994,0.061039377
17995,0.09673602
17996,0.010929027
17997,0.0072377883
17998,0.012697648
17999,0.0063401684
18000,0.009217606
18001,0.015295952
18002,0.06900143
18003,0.046509523
18004,0.3508114
18005,0.02775896
18006,0.005811614
18007,0.024875687
18008,0.06656377
18009,0.076982185
18010,0.3510939
18011,0.12519485
18012,0.008065699
18013,0.1464112
18014,0.072208904
18015,0.08425871
18016,0.13027623
18017,0.021230103
18018,0.28429982
18019,0.014390028
18020,0.10718978
18021,0.053561427
18022,0.05824096
18023,0.007698889
18024,0.040130172
18025,0.04976114
18026,0.18239874
18027,0.015945872
18028,0.0062568476
18029,0.038054504
18030,0.052310377
18031,0.11712398
18032,0.1631002
18033,0.05750995
18034,0.19917302
18035,0.11799113
18036,0.053696122
18037,0.0069254767
18038,0.035105303
18039,0.031624846
18040,0.020632762
18041,0.22937293
18042,0.117589355
18043,0.02323612
18044,0.101999655
18045,0.045016043
18046,0.010745649
18047,0.008590111
18048,0.34971824
18049,0.4901473
18050,0.07280161
18051,0.04481573
18052,0.05689759
18053,0.06728203
18054,0.008446204
18055,0.09517548
18056,0.10414079
18057,0.063999586
18058,0.90490997
18059,0.059691165
18060,0.005811614
18061,0.027316036
18062,0.07039222
18063,0.016623182
18064,0.06408066
18065,0.104772225
18066,0.3391104
18067,0.049265362
18068,0.18654828
18069,0.005811614
18070,0.04310828
18071,0.038285278
18072,0.06717747
18073,0.03226096
18074,0.04594085
18075,0.09192295
18076,0.04926388
18077,0.030821776
18078,0.008430047
18079,0.02697852
18080,0.046457916
18081,0.009394744
18082,0.093594156
18083,0.008029835
18084,0.0345141
18085,0.013549449
18086,0.03177525
18087,0.07994703
18088,0.13523589
18089,0.05331637
18090,0.006395218
18091,0.86300427
18092,0.04338847
18093,0.1511428
18094,0.06320836
18095,0.041914154
18096,0.055973496
18097,0.04196698
18098,0.005811614
18099,0.21805853
18100,0.025342185
18101,0.006500231
18102,0.015295952
18103,0.02810923
18104,0.0713596
18105,0.010437337
18106,0.15085278
18107,0.04125623
18108,0.005811614
18109,0.042734694
18110,0.3118012
18111,0.024052082
18112,0.016389782
18113,0.008590111
18114,0.020714
18115,0.013148605
18116,0.047273252
18117,0.016327547
18118,0.123656735
18119,0.070624635
18120,0.015581915
18121,0.045738157
18122,0.15397504
18123,0.08434092
18124,0.050346524
18125,0.09167139
18126,0.074451864
18127,0.05351579
18128,0.07214363
18129,0.1642577
18130,0.115210734
18131,0.0070855403
18132,0.050689146
18133,0.005811614
18134,0.009438789
18135,0.014505642
18136,0.005811614
18137,0.02177253
18138,0.014219682
18139,0.005811614
18140,0.034470055
18141,0.020238874
18142,0.15656427
18143,0.0059716776
18144,0.17712331
18145,0.005811614
18146,0.27307782
18147,0.018651554
18148,0.017350063
18149,0.010173829
18150,0.015785778
18151,0.0069254767
18152,0.012776589
18153,0.038434945
18154,0.008753487
18155,0.08538718
18156,0.024830895
18157,0.044087287
18158,0.02554438
18159,0.03763952
18160,0.0063401684
18161,0.0070855403
18162,0.011151976
18163,0.0070855403
18164,0.10074684
18165,0.019084165
18166,0.025265103
18167,0.0059716776
18168,0.03445384
18169,0.010768963
18170,0.11820459
18171,0.19861212
18172,0.081471376
18173,0.107343264
18174,0.057090454
18175,0.07404621
18176,0.025342185
18177,0.0058945557
18178,0.13316903
18179,0.082576856
18180,0.0070855403
18181,0.1439661
18182,0.042164836
18183,0.018659078
18184,0.0426764
18185,0.059956502
18186,0.022509238
18187,0.02221931
18188,0.0070855403
18189,0.0132694645
18190,0.008684772
18191,0.0063481973
18192,0.03464756
18193,0.013363656
18194,0.007858952
18195,0.038758002
18196,0.07807299
18197,0.0070855403
18198,0.0059716776
18199,0.19534986
18200,0.0148999095
18201,0.015499918
18202,0.016284311
18203,0.009369848
18204,0.008891778
18205,0.005979537
18206,0.0063401684
18207,0.055828836
18208,0.015007494
18209,0.010057811
18210,0.033668518
18211,0.03466714
18212,0.010489814
18213,0.011914022
18214,0.03139905
18215,0.12854372
18216,0.26074195
18217,0.017908182
18218,0.02959466
18219,0.01849931
18220,0.011914022
18221,0.03740264
18222,0.046932034
18223,0.117174074
18224,0.02953253
18225,0.014003809
18226,0.14749011
18227,0.04227463
18228,0.024005234
18229,0.28423697
18230,0.067487106
18231,0.10560879
18232,0.06703512
18233,0.20600374
18234,0.10232121
18235,0.04499737
18236,0.11298205
18237,0.07691669
18238,0.35575563
18239,0.110040225
18240,0.15387428
18241,0.02278631
18242,0.021103267
18243,0.14016135
18244,0.014598679
18245,0.13931781
18246,0.027439177
18247,0.6260108
18248,0.07476719
18249,0.0074405596
18250,0.12041653
18251,0.029841099
18252,0.0058602015
18253,0.089162074
18254,0.020455608
18255,0.08990084
18256,0.054615736
18257,0.012092874
18258,0.01577358
18259,0.12014808
18260,0.19857089
18261,0.33999637
18262,0.4860981
18263,0.028747492
18264,0.08012712
18265,0.019734537
18266,0.10230465
18267,0.060211908
18268,0.0861455
18269,0.11977929
18270,0.28086972
18271,0.1070214
18272,0.20269719
18273,0.33873257
18274,0.055729467
18275,0.020524072
18276,0.4223311
18277,0.06114906
18278,0.66032016
18279,0.09970154
18280,0.07545402
18281,0.046762288
18282,0.027145874
18283,0.093349814
18284,0.08705937
18285,0.08414291
18286,0.02933897
18287,0.03369016
18288,0.06655327
18289,0.26807445
18290,0.0074359607
18291,0.0582091
18292,0.050899528
18293,0.06718798
18294,0.06430256
18295,0.03521158
18296,0.026606923
18297,0.08660338
18298,0.07671472
18299,0.15356766
18300,0.22727431
18301,0.0064438055
18302,0.068524875
18303,0.02278631
18304,0.030165568
18305,0.33915898
18306,0.14534663
18307,0.11187646
18308,0.20407078
18309,0.29147017
18310,0.13803343
18311,0.04266236
18312,0.01747768
18313,0.034860376
18314,0.02482755
18315,0.0068320013
18316,0.006020265
18317,0.09167757
18318,0.008638699
18319,0.12523822
18320,0.09357945
18321,0.08940413
18322,0.24532874
18323,0.30364233
18324,0.015954912
18325,0.014104271
18326,0.05251148
18327,0.008997095
18328,0.02543549
18329,0.0058602015
18330,0.2723597
18331,0.043547712
18332,0.01043412
18333,0.076993756
18334,0.14023326
18335,0.039394647
18336,0.09008079
18337,0.27628884
18338,0.05083081
18339,0.07696972
18340,0.0058602015
18341,0.03153683
18342,0.06594136
18343,0.10016795
18344,0.0058602015
18345,0.033752155
18346,0.026519742
18347,0.17148598
18348,0.20891252
18349,0.09829145
18350,0.11711058
18351,0.06462393
18352,0.038241547
18353,0.03274264
18354,0.034861688
18355,0.03772581
18356,0.13746741
18357,0.08925556
18358,0.08977682
18359,0.007094704
18360,0.039365366
18361,0.018271554
18362,0.013988252
18363,0.014104271
18364,0.043798104
18365,0.032913703
18366,0.0069740643
18367,0.02926612
18368,0.20286839
18369,0.2461367
18370,0.035153892
18371,0.034202855
18372,0.039148673
18373,0.1236505
18374,0.06486757
18375,0.0092918845
18376,0.05334665
18377,0.2073887
18378,0.012114858
18379,0.032647807
18380,0.046072498
18381,0.015671466
18382,0.054178465
18383,0.054178465
18384,0.14202926
18385,0.08969862
18386,0.110558465
18387,0.054239336
18388,0.06839253
18389,0.033156488
18390,0.06701831
18391,0.045390017
18392,0.011447399
18393,0.10652874
18394,0.0505439
18395,0.52797383
18396,0.12391575
18397,0.03775468
18398,0.10759972
18399,0.08883923
18400,0.054151066
18401,0.026220825
18402,0.20287012
18403,0.02441298
18404,0.011040501
18405,0.022718066
18406,0.10938807
18407,0.07537832
18408,0.031641435
18409,0.058338683
18410,0.12543564
18411,0.13328083
18412,0.32965454
18413,0.05454467
18414,0.015838893
18415,0.1222573
18416,0.0058602015
18417,0.054039612
18418,0.007134128
18419,0.022557825
18420,0.00827435
18421,0.12212237
18422,0.04646488
18423,0.103327036
18424,0.03941547
18425,0.14024901
18426,0.035624053
18427,0.047833744
18428,0.03772581
18429,0.18778081
18430,0.07882555
18431,0.08592266
18432,0.011046035
18433,0.038296115
18434,0.030156344
18435,0.045482855
18436,0.037527148
18437,0.15326574
18438,0.12480028
18439,0.1375871
18440,0.11711623
18441,0.12309794
18442,0.010365406
18443,0.07800131
18444,0.008158332
18445,0.08411387
18446,0.009613411
18447,0.011126888
18448,0.05007909
18449,0.019023621
18450,0.05035245
18451,0.031109687
18452,0.009004227
18453,0.04095578
18454,0.05383283
18455,0.02661254
18456,0.03722456
18457,0.030118838
18458,0.11066269
18459,0.023284707
18460,0.059624624
18461,0.10802206
18462,0.04019702
18463,0.14313188
18464,0.30577135
18465,0.06626759
18466,0.16237256
18467,0.05101363
18468,0.11136879
18469,0.062736884
18470,0.093416415
18471,0.0600009
18472,0.009120245
18473,0.01933593
18474,0.24569955
18475,0.038869813
18476,0.06486757
18477,0.07550981
18478,0.07258673
18479,0.0058602015
18480,0.044878595
18481,0.02278147
18482,0.006252959
18483,0.3680844
18484,0.06432534
18485,0.066162884
18486,0.10718803
18487,0.54779744
18488,0.07550299
18489,0.027565068
18490,0.16098574
18491,0.08244127
18492,0.25021043
18493,0.23878984
18494,0.07324036
18495,0.008960182
18496,0.015714573
18497,0.09167757
18498,0.034105983
18499,0.12965402
18500,0.14622517
18501,0.049642432
18502,0.20425017
18503,0.11180232
18504,0.048906993
18505,0.01479276
18506,0.0092918845
18507,0.006205728
18508,0.058545034
18509,0.04266178
18510,0.013107055
18511,0.12346889
18512,0.09761822
18513,0.1502694
18514,0.06657843
18515,0.05702789
18516,0.13339712
18517,0.18424663
18518,0.21555705
18519,0.08142766
18520,0.04808227
18521,0.0506748
18522,0.009266194
18523,0.054483797
18524,0.36385724
18525,0.047250025
18526,0.015082645
18527,0.3624134
18528,0.1997044
18529,0.010634211
18530,0.0059431433
18531,0.013949002
18532,0.043874353
18533,0.035805173
18534,0.19680178
18535,0.18068022
18536,0.04682342
18537,0.037527148
18538,0.14271866
18539,0.13332021
18540,0.17366758
18541,0.18370184
18542,0.23563877
18543,0.1193335
18544,0.019630512
18545,0.06489131
18546,0.1041385
18547,0.043884225
18548,0.29868197
18549,0.8667005
18550,0.09167757
18551,0.029255146
18552,0.33881316
18553,0.0363348
18554,0.25061762
18555,0.076091304
18556,0.0735854
18557,0.0069740643
18558,0.051373426
18559,0.31999457
18560,0.03576387
18561,0.06867355
18562,0.20444915
18563,0.09465484
18564,0.20038459
18565,0.28062403
18566,0.33082274
18567,0.0073936824
18568,0.15970871
18569,0.10020299
18570,0.052428912
18571,0.9733339
18572,0.30628303
18573,0.36302707
18574,0.02245038
18575,0.15974082
18576,0.027492722
18577,0.012092874
18578,0.018570222
18579,0.009266194
18580,0.009051531
18581,0.060909387
18582,0.0078101167
18583,0.007669734
18584,0.027014438
18585,0.072239466
18586,0.047719274
18587,0.05918112
18588,0.094022445
18589,0.101460174
18590,0.1969513
18591,0.152014
18592,0.024100669
18593,0.10966767
18594,0.22766583
18595,0.052115563
18596,0.982615
18597,0.9507648
18598,0.6230431
18599,0.020524072
18600,0.11150727
18601,0.3636489
18602,0.07509708
18603,0.015583828
18604,0.074359536
18605,0.008430901
18606,0.056829907
18607,0.10363705
18608,0.066203915
18609,0.00827435
18610,0.34052813
18611,0.0058602015
18612,0.00971238
18613,0.09616492
18614,0.09307148
18615,0.063225605
18616,0.0707678
18617,0.22373019
18618,0.13016453
18619,0.020831494
18620,0.11699872
18621,0.088658124
18622,0.11715944
18623,0.982615
18624,0.71870667
18625,0.5575232
18626,0.0058602015
18627,0.062882975
18628,0.021693408
18629,0.3308159
18630,0.09093394
18631,0.22837192
18632,0.05094872
18633,0.0066719386
18634,0.13439064
18635,0.09895375
18636,0.14378364
18637,0.19289477
18638,0.38580352
18639,0.36593923
18640,0.14449632
18641,0.1733478
18642,0.106527366
18643,0.03458199
18644,0.11392201
18645,0.047864668
18646,0.05970735
18647,0.14360474
18648,0.16333288
18649,0.06959819
18650,0.082282364
18651,0.022557825
18652,0.7567577
18653,0.97821134
18654,0.982615
18655,0.14525594
18656,0.028772958
18657,0.08186253
18658,0.27501467
18659,0.0058602015
18660,0.040292308
18661,0.03361291
18662,0.007738153
18663,0.090052515
18664,0.052885104
18665,0.20164725
18666,0.9811365
18667,0.046076555
18668,0.10272762
18669,0.08355686
18670,0.1840484
18671,0.060048535
18672,0.18172204
18673,0.16762352
18674,0.008563799
18675,0.10718803
18676,0.10346451
18677,0.086750954
18678,0.022544375
18679,0.020836381
18680,0.24230184
18681,0.29197776
18682,0.22374281
18683,0.09627003
18684,0.021548621
18685,0.10804821
18686,0.048197392
18687,0.18887205
18688,0.0061725113
18689,0.034583572
18690,0.036384743
18691,0.043422423
18692,0.017146165
18693,0.07007545
18694,0.034485314
18695,0.21870515
18696,0.4928679
18697,0.18887205
18698,0.15027201
18699,0.11518967
18700,0.16346271
18701,0.13978292
18702,0.54955626
18703,0.028565947
18704,0.014420516
18705,0.05487133
18706,0.020756766
18707,0.088996686
18708,0.20551349
18709,0.12976114
18710,0.42327425
18711,0.24971557
18712,0.1648684
18713,0.98101896
18714,0.16533919
18715,0.01771799
18716,0.12849274
18717,0.2341826
18718,0.045407586
18719,0.06341861
18720,0.32737795
18721,0.09828288
18722,0.02935993
18723,0.04488051
18724,0.030435584
18725,0.17324796
18726,0.27538374
18727,0.2887489
18728,0.3030797
18729,0.29174384
18730,0.12525725
18731,0.13354911
18732,0.20506182
18733,0.12541921
18734,0.055558
18735,0.05506494
18736,0.340183
18737,0.2825288
18738,0.079467885
18739,0.038358152
18740,0.45496488
18741,0.33159757
18742,0.006535635
18743,0.057661243
18744,0.12349798
18745,0.08978134
18746,0.06919009
18747,0.010158085
18748,0.013032197
18749,0.013107055
18750,0.028034307
18751,0.05751344
18752,0.10100016
18753,0.1235589
18754,0.15326574
18755,0.281671
18756,0.71644616
18757,0.32638803
18758,0.25683224
18759,0.38605863
18760,0.094915435
18761,0.017849183
18762,0.08298982
18763,0.028542751
18764,0.15023044
18765,0.18019526
18766,0.051070705
18767,0.03629553
18768,0.14795464
18769,0.12055715
18770,0.015583828
18771,0.006020265
18772,0.06452614
18773,0.08865967
18774,0.019422226
18775,0.02379481
18776,0.050228175
18777,0.017195785
18778,0.020149112
18779,0.01935371
18780,0.04411398
18781,0.0742307
18782,0.057326492
18783,0.2226553
18784,0.18749103
18785,0.089174055
18786,0.54736215
18787,0.49295723
18788,0.23176904
18789,0.12531377
18790,0.08113502
18791,0.028095175
18792,0.0363571
18793,0.05869274
18794,0.013825342
18795,0.008882952
18796,0.023852691
18797,0.9811365
18798,0.019276027
18799,0.015583828
18800,0.018876731
18801,0.049299106
18802,0.11643991
18803,0.02833537
18804,0.056835625
18805,0.033445127
18806,0.028236499
18807,0.03291283
18808,0.028034307
18809,0.08331977
18810,0.09122907
18811,0.5298669
18812,0.19091427
18813,0.17810968
18814,0.97881675
18815,0.29308802
18816,0.36352077
18817,0.17139803
18818,0.0078101167
18819,0.02250866
18820,0.013339747
18821,0.0058602015
18822,0.06703512
18823,0.046021663
18824,0.01534454
18825,0.026543824
18826,0.09238083
18827,0.31859642
18828,0.07686243
18829,0.2658176
18830,0.011910133
18831,0.069282785
18832,0.101821385
18833,0.07526774
18834,0.14185068
18835,0.05427882
18836,0.011649404
18837,0.03471001
18838,0.12903482
18839,0.89229685
18840,0.18936701
18841,0.45744234
18842,0.19225313
18843,0.28250262
18844,0.15740407
18845,0.12637272
18846,0.043786738
18847,0.012252939
18848,0.013259297
18849,0.010817551
18850,0.06505187
18851,0.11298573
18852,0.036980677
18853,0.17556904
18854,0.019201467
18855,0.018967137
18856,0.009613411
18857,0.22816034
18858,0.022988316
18859,0.012252939
18860,0.010158085
18861,0.13459013
18862,0.14572187
18863,0.03645693
18864,0.006020265
18865,0.15583842
18866,0.18379761
18867,0.11497636
18868,0.09100255
18869,0.015096835
18870,0.10779412
18871,0.07203331
18872,0.02441298
18873,0.11923912
18874,0.08802261
18875,0.029804569
18876,0.00827435
18877,0.10452564
18878,0.10981974
18879,0.040647358
18880,0.11357925
18881,0.028829625
18882,0.0553139
18883,0.0111001255
18884,0.04792851
18885,0.2092733
18886,0.2863248
18887,0.48894832
18888,0.093414806
18889,0.008478635
18890,0.032512967
18891,0.017734662
18892,0.05689319
18893,0.10472856
18894,0.009383233
18895,0.026851578
18896,0.009004227
18897,0.01657394
18898,0.009266194
18899,0.01534454
18900,0.08545678
18901,0.06728277
18902,0.3608905
18903,0.008960182
18904,0.008642011
18905,0.011877891
18906,0.05218251
18907,0.06088144
18908,0.35045776
18909,0.1404475
18910,0.012252939
18911,0.0107942745
18912,0.12229905
18913,0.047250025
18914,0.013027349
18915,0.06959819
18916,0.15340555
18917,0.028931566
18918,0.01611183
18919,0.23685656
18920,0.02482755
18921,0.024296593
18922,0.103795454
18923,0.049238242
18924,0.05116253
18925,0.017093686
18926,0.053674564
18927,0.18970898
18928,0.011148087
18929,0.029499106
18930,0.035358544
18931,0.027784158
18932,0.04201713
18933,0.20822407
18934,0.029937843
18935,0.16618857
18936,0.05971023
18937,0.011342413
18938,0.032678623
18939,0.021361783
18940,0.07710115
18941,0.04893009
18942,0.20059617
18943,0.20535816
18944,0.032061722
18945,0.05418683
18946,0.039192
18947,0.0058602015
18948,0.33805004
18949,0.49430752
18950,0.0802798
18951,0.05623534
18952,0.013282996
18953,0.06837201
18954,0.051131576
18955,0.014412603
18956,0.09566398
18957,0.07683754
18958,0.069044866
18959,0.7456492
18960,0.032617573
18961,0.014944595
18962,0.027463699
18963,0.03331765
18964,0.01657394
18965,0.12653388
18966,0.31970882
18967,0.03871178
18968,0.15803096
18969,0.071622014
18970,0.01989355
18971,0.087617785
18972,0.031333413
18973,0.031601395
18974,0.09167757
18975,0.060572866
18976,0.021760145
18977,0.0058602015
18978,0.018279986
18979,0.04852864
18980,0.0058602015
18981,0.11177162
18982,0.017208358
18983,0.014892114
18984,0.04073701
18985,0.089289
18986,0.01784075
18987,0.010645957
18988,0.86576873
18989,0.041660164
18990,0.10968457
18991,0.030699838
18992,0.029611468
18993,0.05397349
18994,0.032415263
18995,0.019750504
18996,0.01426827
18997,0.33894014
18998,0.01784075
18999,0.0065488187
19000,0.006020265
19001,0.0065488187
19002,0.01534454
19003,0.009696143
19004,0.021295365
19005,0.097444326
19006,0.024924275
19007,0.010222417
19008,0.13135847
19009,0.043812
19010,0.006188188
19011,0.026947683
19012,0.20414905
19013,0.0058602015
19014,0.006103206
19015,0.020091461
19016,0.0058602015
19017,0.05825068
19018,0.007134128
19019,0.02124807
19020,0.006020265
19021,0.15912482
19022,0.044503998
19023,0.0063657914
19024,0.012746236
19025,0.012746236
19026,0.013825342
19027,0.04682342
19028,0.13313107
19029,0.043373108
19030,0.014852888
19031,0.032843333
19032,0.058585383
19033,0.051025074
19034,0.04361
19035,0.17154205
19036,0.10601684
19037,0.0058602015
19038,0.03568342
19039,0.011623374
19040,0.014533312
19041,0.0058602015
19042,0.01043412
19043,0.023284707
19044,0.008882952
19045,0.014598679
19046,0.01426827
19047,0.009120245
19048,0.024202403
19049,0.04890551
19050,0.06334893
19051,0.13831471
19052,0.006020265
19053,0.0058602015
19054,0.14972353
19055,0.015671466
19056,0.2013124
19057,0.008802075
19058,0.045734122
19059,0.010222417
19060,0.0058602015
19061,0.02482755
19062,0.020088244
19063,0.015916359
19064,0.039086968
19065,0.027326029
19066,0.078606404
19067,0.044026643
19068,0.033551764
19069,0.0058602015
19070,0.017734662
19071,0.008478635
19072,0.013107055
19073,0.0058602015
19074,0.11942629
19075,0.013122932
19076,0.015533082
19077,0.02661254
19078,0.010538402
19079,0.01534454
19080,0.094797745
19081,0.039960355
19082,0.009764858
19083,0.008997095
19084,0.22830966
19085,0.06492285
19086,0.057139043
19087,0.08404999
19088,0.01196261
19089,0.06552173
19090,0.008221873
19091,0.016601093
19092,0.1410346
19093,0.033156488
19094,0.11579248
19095,0.15164846
19096,0.028956728
19097,0.0061725113
19098,0.07576088
19099,0.007997976
19100,0.022557825
19101,0.01043412
19102,0.007134128
19103,0.0065243305
19104,0.042386398
19105,0.011080234
19106,0.009451948
19107,0.09129313
19108,0.06774819
19109,0.15425977
19110,0.0136652775
19111,0.006020265
19112,0.0058602015
19113,0.04088293
19114,0.014936159
19115,0.044755273
19116,0.0058602015
19117,0.07128387
19118,0.01196261
19119,0.1728897
19120,0.20226584
19121,0.07357977
19122,0.018462637
19123,0.01196261
19124,0.015634075
19125,0.02276469
19126,0.041554015
19127,0.0814143
19128,0.029856253
19129,0.011850067
19130,0.033146456
19131,0.041218933
19132,0.04297227
19133,0.008590111
19134,0.21572724
19135,0.10579824
19136,0.04115845
19137,0.16347
19138,0.083840854
19139,0.2717236
19140,0.06682824
19141,0.23804817
19142,0.13854204
19143,0.090941995
19144,0.056077357
19145,0.030292269
19146,0.038239833
19147,0.014550091
19148,0.124092534
19149,0.034166828
19150,0.5506046
19151,0.12206574
19152,0.010929027
19153,0.12810765
19154,0.031968974
19155,0.09216714
19156,0.025265103
19157,0.01599835
19158,0.017195007
19159,0.14536186
19160,0.1487452
19161,0.24450523
19162,0.42970708
19163,0.07194147
19164,0.15230373
19165,0.14666133
19166,0.010642057
19167,0.039632935
19168,0.08444569
19169,0.061158236
19170,0.12595728
19171,0.030300943
19172,0.34959766
19173,0.07619022
19174,0.11358234
19175,0.38992238
19176,0.02065828
19177,0.4929873
19178,0.016730769
19179,0.061039377
19180,0.4321582
19181,0.06913059
19182,0.05669378
19183,0.041332487
19184,0.048807874
19185,0.12603538
19186,0.049811177
19187,0.021302307
19188,0.029290384
19189,0.019380797
19190,0.0394107
19191,0.18953769
19192,0.018232998
19193,0.046314735
19194,0.035120554
19195,0.08464292
19196,0.08691896
19197,0.019642584
19198,0.092212334
19199,0.070430644
19200,0.2072496
19201,0.2294843
19202,0.02065828
19203,0.059124988
19204,0.015015926
19205,0.018568171
19206,0.36015034
19207,0.1988258
19208,0.06671312
19209,0.31800717
19210,0.3391104
19211,0.16394189
19212,0.034761295
19213,0.016187752
19214,0.012537585
19215,0.006514225
19216,0.0069713304
19217,0.0299133
19218,0.008590111
19219,0.03723049
19220,0.17228983
19221,0.11448004
19222,0.1883907
19223,0.31206602
19224,0.0069254767
19225,0.014219682
19226,0.08681423
19227,0.008948507
19228,0.031614125
19229,0.028247176
19230,0.021339217
19231,0.33133644
19232,0.01087655
19233,0.029375568
19234,0.010362944
19235,0.0718927
19236,0.024144454
19237,0.067143686
19238,0.2757155
19239,0.077257946
19240,0.08293045
19241,0.017518697
19242,0.012418732
19243,0.06520927
19244,0.0695524
19245,0.015168175
19246,0.17093259
19247,0.19008707
19248,0.13260274
19249,0.10009062
19250,0.092331365
19251,0.02138069
19252,0.06961809
19253,0.02381712
19254,0.02959398
19255,0.12324546
19256,0.062117573
19257,0.082062736
19258,0.011398811
19259,0.040319767
19260,0.017416598
19261,0.017688543
19262,0.008788443
19263,0.033668518
19264,0.031983484
19265,0.0074610827
19266,0.0593065
19267,0.23887023
19268,0.2460881
19269,0.050196603
19270,0.033659317
19271,0.0059098434
19272,0.060445223
19273,0.10923322
19274,0.024559023
19275,0.079334676
19276,0.01576818
19277,0.12357428
19278,0.018905552
19279,0.019349169
19280,0.0410634
19281,0.010775507
19282,0.046341896
19283,0.053181674
19284,0.16440895
19285,0.096057005
19286,0.11966094
19287,0.06543392
19288,0.06707318
19289,0.014947212
19290,0.06133829
19291,0.042138156
19292,0.011584904
19293,0.110975444
19294,0.04622514
19295,0.4576123
19296,0.13008513
19297,0.009286022
19298,0.121303484
19299,0.02934545
19300,0.017518697
19301,0.017214494
19302,0.1587261
19303,0.024364393
19304,0.0076014646
19305,0.005811614
19306,0.020336976
19307,0.091067605
19308,0.043985374
19309,0.056393016
19310,0.037251182
19311,0.10168376
19312,0.13052106
19313,0.24425672
19314,0.05585748
19315,0.024718095
19316,0.0844399
19317,0.020986462
19318,0.05606151
19319,0.0070855403
19320,0.022958435
19321,0.008225762
19322,0.08602155
19323,0.09167868
19324,0.0669795
19325,0.021512285
19326,0.06082911
19327,0.04550567
19328,0.07055159
19329,0.028236372
19330,0.20891626
19331,0.030858733
19332,0.06987206
19333,0.028023655
19334,0.010109497
19335,0.043996748
19336,0.04716513
19337,0.07053477
19338,0.057090454
19339,0.13319887
19340,0.08343966
19341,0.15751217
19342,0.12586288
19343,0.14710978
19344,0.014941932
19345,0.07218244
19346,0.04310645
19347,0.034676194
19348,0.06708322
19349,0.0288441
19350,0.039265484
19351,0.014009453
19352,0.07105369
19353,0.07585159
19354,0.039760884
19355,0.07363594
19356,0.06813258
19357,0.02424837
19358,0.11473048
19359,0.012910046
19360,0.03773763
19361,0.17798041
19362,0.044787783
19363,0.0874478
19364,0.3186172
19365,0.095252246
19366,0.14499415
19367,0.053565215
19368,0.1089287
19369,0.05750995
19370,0.1205277
19371,0.0840799
19372,0.009217606
19373,0.0061239237
19374,0.40288252
19375,0.05950638
19376,0.08731114
19377,0.02353468
19378,0.027149426
19379,0.017518697
19380,0.011600816
19381,0.057664234
19382,0.3849919
19383,0.06566068
19384,0.04644144
19385,0.12841511
19386,0.52479243
19387,0.07486203
19388,0.019436141
19389,0.14190862
19390,0.040257532
19391,0.26475027
19392,0.22267425
19393,0.09747501
19394,0.02349411
19395,0.093432166
19396,0.04347343
19397,0.10299861
19398,0.12193695
19399,0.05244176
19400,0.20213328
19401,0.05987953
19402,0.031975053
19403,0.04243392
19404,0.017400362
19405,0.056897197
19406,0.05987127
19407,0.02674766
19408,0.114413664
19409,0.08216606
19410,0.12897833
19411,0.09909483
19412,0.025538102
19413,0.10338027
19414,0.17146368
19415,0.23926763
19416,0.081766196
19417,0.009554809
19418,0.041789323
19419,0.014522362
19420,0.005811614
19421,0.028828744
19422,0.41976812
19423,0.016349092
19424,0.030063603
19425,0.36354515
19426,0.07662294
19427,0.023790494
19428,0.005811614
19429,0.039545845
19430,0.044958968
19431,0.21252568
19432,0.186833
19433,0.04714581
19434,0.0394749
19435,0.17838475
19436,0.1284544
19437,0.14607096
19438,0.2207402
19439,0.22502945
19440,0.13521054
19441,0.0217937
19442,0.046341095
19443,0.060358785
19444,0.22923754
19445,0.9432586
19446,0.023981012
19447,0.2829146
19448,0.05937932
19449,0.19438255
19450,0.04546344
19451,0.08667668
19452,0.0069254767
19453,0.02519332
19454,0.007826613
19455,0.34056258
19456,0.034899086
19457,0.07997154
19458,0.22773649
19459,0.08881515
19460,0.1974718
19461,0.25873524
19462,0.36436492
19463,0.014963448
19464,0.16949026
19465,0.12017227
19466,0.1089821
19467,0.94049364
19468,0.32979983
19469,0.33861512
19470,0.021710183
19471,0.16267778
19472,0.031111352
19473,0.006447754
19474,0.011007968
19475,0.078256875
19476,0.0076211453
19477,0.026050067
19478,0.054519773
19479,0.08086467
19480,0.08402162
19481,0.07975483
19482,0.088644594
19483,0.20632015
19484,0.15620658
19485,0.024518585
19486,0.09508794
19487,0.22850855
19488,0.01599835
19489,0.06672354
19490,0.98208165
19491,0.86466086
19492,0.5550589
19493,0.006500231
19494,0.0156159345
19495,0.14526735
19496,0.36338776
19497,0.09188461
19498,0.0156159345
19499,0.016043471
19500,0.0069713304
19501,0.01000224
19502,0.029047446
19503,0.08738291
19504,0.055697594
19505,0.008433558
19506,0.33166426
19507,0.013373507
19508,0.013888271
19509,0.086881176
19510,0.048805684
19511,0.04541255
19512,0.06808378
19513,0.20998307
19514,0.13729222
19515,0.020548936
19516,0.06714354
19517,0.108064786
19518,0.069588006
19519,0.98208165
19520,0.7514324
19521,0.5540987
19522,0.06404924
19523,0.012128404
19524,0.005811614
19525,0.3209832
19526,0.06445074
19527,0.1946751
19528,0.016855877
19529,0.05718923
19530,0.020479755
19531,0.14748535
19532,0.08642094
19533,0.10961297
19534,0.14925596
19535,0.36292824
19536,0.37279534
19537,0.12324802
19538,0.15965773
19539,0.09045736
19540,0.03177831
19541,0.10576069
19542,0.06489353
19543,0.074451864
19544,0.021651544
19545,0.11797223
19546,0.16372447
19547,0.055128895
19548,0.12663816
19549,0.013389385
19550,0.7145586
19551,0.977678
19552,0.98208165
19553,0.16027266
19554,0.017211678
19555,0.102591306
19556,0.011398811
19557,0.33105665
19558,0.012818697
19559,0.03123239
19560,0.01599835
19561,0.013441927
19562,0.055911336
19563,0.042889748
19564,0.21472579
19565,0.9793098
19566,0.057094242
19567,0.088654
19568,0.045180205
19569,0.14210992
19570,0.07807299
19571,0.2064952
19572,0.17221947
19573,0.06136671
19574,0.07908614
19575,0.1314972
19576,0.09958042
19577,0.03553074
19578,0.020970592
19579,0.22189297
19580,0.33042282
19581,0.21672137
19582,0.09909483
19583,0.06671312
19584,0.057090454
19585,0.2621306
19586,0.03840229
19587,0.006395218
19588,0.027138919
19589,0.039183
19590,0.03245558
19591,0.033138648
19592,0.037926815
19593,0.21914805
19594,0.489488
19595,0.19443466
19596,0.15401663
19597,0.0818289
19598,0.17778331
19599,0.13461165
19600,0.4910482
19601,0.042782683
19602,0.049731307
19603,0.04232275
19604,0.04439975
19605,0.10030297
19606,0.1953426
19607,0.09735558
19608,0.3454667
19609,0.27280048
19610,0.20333241
19611,0.9804856
19612,0.21618113
19613,0.0143701155
19614,0.1612473
19615,0.2310769
19616,0.018219484
19617,0.04727793
19618,0.3297778
19619,0.06418353
19620,0.026840743
19621,0.024028433
19622,0.017076109
19623,0.14871623
19624,0.24386248
19625,0.25066373
19626,0.27527115
19627,0.2764394
19628,0.12879018
19629,0.14135216
19630,0.2187609
19631,0.057225157
19632,0.12019741
19633,0.077935904
19634,0.031510327
19635,0.43222117
19636,0.24314524
19637,0.035460677
19638,0.4863123
19639,0.420736
19640,0.0420972
19641,0.08225036
19642,0.066695414
19643,0.082392246
19644,0.010109497
19645,0.0129787605
19646,0.055550795
19647,0.050429247
19648,0.041231398
19649,0.08681072
19650,0.12528497
19651,0.28172752
19652,0.6435929
19653,0.31806958
19654,0.22148815
19655,0.4197726
19656,0.07409083
19657,0.12762302
19658,0.08698119
19659,0.13950333
19660,0.18646252
19661,0.061039377
19662,0.019144448
19663,0.06261081
19664,0.099389926
19665,0.024347706
19666,0.0059716776
19667,0.015884444
19668,0.07442745
19669,0.005811614
19670,0.013776754
19671,0.038677774
19672,0.015179934
19673,0.014062715
19674,0.024295675
19675,0.029930508
19676,0.091903694
19677,0.060400303
19678,0.2310769
19679,0.13475542
19680,0.091315284
19681,0.49254957
19682,0.41976812
19683,0.22062099
19684,0.09499522
19685,0.06617722
19686,0.027136113
19687,0.06961347
19688,0.05723754
19689,0.012219753
19690,0.008948507
19691,0.9793098
19692,0.03694711
19693,0.0156159345
19694,0.06440009
19695,0.06087132
19696,0.101735316
19697,0.006120545
19698,0.019281823
19699,0.034560174
19700,0.005811614
19701,0.02123013
19702,0.014702336
19703,0.066695414
19704,0.10312467
19705,0.6126754
19706,0.21918203
19707,0.1378289
19708,0.94232684
19709,0.26008654
19710,0.36041704
19711,0.17400134
19712,0.046424117
19713,0.016855877
19714,0.018549196
19715,0.044184227
19716,0.05018706
19717,0.0061239237
19718,0.09291537
19719,0.36249766
19720,0.07442745
19721,0.23031807
19722,0.020610835
19723,0.047139432
19724,0.039435223
19725,0.11517078
19726,0.09640062
19727,0.048649862
19728,0.024052082
19729,0.008590111
19730,0.025265103
19731,0.13138698
19732,0.97732425
19733,0.233061
19734,0.4910482
19735,0.21578243
19736,0.22916135
19737,0.15536167
19738,0.14081259
19739,0.0525298
19740,0.023430705
19741,0.012578796
19742,0.052509032
19743,0.011600816
19744,0.079163864
19745,0.08245035
19746,0.040089596
19747,0.19442205
19748,0.0074610827
19749,0.042291522
19750,0.21275277
19751,0.012208855
19752,0.005811614
19753,0.005811614
19754,0.11409017
19755,0.16605009
19756,0.03176163
19757,0.0059716776
19758,0.114155605
19759,0.19256762
19760,0.091789454
19761,0.078045145
19762,0.06975347
19763,0.078233264
19764,0.10051417
19765,0.06605749
19766,0.12015147
19767,0.07205742
19768,0.03531166
19769,0.009949433
19770,0.069730945
19771,0.0143701155
19772,0.11050063
19773,0.028260628
19774,0.10740855
19775,0.047488425
19776,0.05879202
19777,0.0070855403
19778,0.018282337
19779,0.17839463
19780,0.3123193
19781,0.4910482
19782,0.14143693
19783,0.009394744
19784,0.0462041
19785,0.014529242
19786,0.012697648
19787,0.07340344
19788,0.10556612
19789,0.005811614
19790,0.02680299
19791,0.019879762
19792,0.014947212
19793,0.009217606
19794,0.015295952
19795,0.08351048
19796,0.11258094
19797,0.3714821
19798,0.005811614
19799,0.014550091
19800,0.013441927
19801,0.035809807
19802,0.10468964
19803,0.35059905
19804,0.14362964
19805,0.1181594
19806,0.008986182
19807,0.0634527
19808,0.033826347
19809,0.04999835
19810,0.0059192013
19811,0.010489814
19812,0.28242353
19813,0.008430047
19814,0.025342185
19815,0.10541765
19816,0.06917485
19817,0.035167612
19818,0.005811614
19819,0.02175913
19820,0.036670927
19821,0.21836244
19822,0.023320673
19823,0.007237509
19824,0.04176574
19825,0.04271668
19826,0.03405719
19827,0.21004239
19828,0.0670394
19829,0.19338177
19830,0.08028278
19831,0.030868538
19832,0.04926388
19833,0.017025894
19834,0.05183875
19835,0.28464827
19836,0.20900114
19837,0.0156159345
19838,0.071128406
19839,0.062243327
19840,0.0113391625
19841,0.008590111
19842,0.33819133
19843,0.63188726
19844,0.09652594
19845,0.03162297
19846,0.08783405
19847,0.04541128
19848,0.026807552
19849,0.083253905
19850,0.108696006
19851,0.08589565
19852,0.8551105
19853,0.015295952
19854,0.0215308
19855,0.005811614
19856,0.04331277
19857,0.031234134
19858,0.013213444
19859,0.022741936
19860,0.103654265
19861,0.30862814
19862,0.0948693
19863,0.147063
19864,0.027617628
19865,0.046509523
19866,0.011214989
19867,0.018975034
19868,0.10773703
19869,0.030093541
19870,0.02755676
19871,0.092212334
19872,0.054234993
19873,0.024602132
19874,0.022958435
19875,0.022885323
19876,0.0463892
19877,0.006514225
19878,0.12606387
19879,0.058753144
19880,0.007033063
19881,0.032114618
19882,0.069468245
19883,0.023687854
19884,0.031857457
19885,0.97699004
19886,0.07047157
19887,0.10575768
19888,0.08099751
19889,0.029741632
19890,0.021695014
19891,0.03332715
19892,0.038843244
19893,0.007237509
19894,0.32999855
19895,0.0062647266
19896,0.006500231
19897,0.015295952
19898,0.011398811
19899,0.025265103
19900,0.08575959
19901,0.024875687
19902,0.010173829
19903,0.12999931
19904,0.043576065
19905,0.012818697
19906,0.0061396006
19907,0.04332641
19908,0.25398168
19909,0.005811614
19910,0.0060546184
19911,0.0112729035
19912,0.011914022
19913,0.055958103
19914,0.018992815
19915,0.126059
19916,0.06779325
19917,0.012697648
19918,0.013940748
19919,0.03821578
19920,0.17629112
19921,0.05417144
19922,0.10140492
19923,0.041697975
19924,0.051494405
19925,0.05883016
19926,0.02220858
19927,0.0554161
19928,0.15389617
19929,0.1372854
19930,0.010681317
19931,0.012983609
19932,0.013264722
19933,0.029124007
19934,0.007698889
19935,0.010489814
19936,0.016809708
19937,0.005811614
19938,0.013549449
19939,0.005811614
19940,0.030868538
19941,0.03506126
19942,0.04490954
19943,0.11133118
19944,0.11292895
19945,0.27194872
19946,0.037223913
19947,0.014348574
19948,0.027864048
19949,0.017947743
19950,0.007858952
19951,0.010057811
19952,0.058307204
19953,0.0074610827
19954,0.013776754
19955,0.008753487
19956,0.0076211453
19957,0.03329932
19958,0.009369848
19959,0.026223136
19960,0.016570168
19961,0.060444288
19962,0.0143701155
19963,0.013549449
19964,0.0069713304
19965,0.10846176
19966,0.009949433
19967,0.025265103
19968,0.008948507
19969,0.038185656
19970,0.010929027
19971,0.010768963
19972,0.13987178
19973,0.005811614
19974,0.23050106
19975,0.081471376
19976,0.060116936
19977,0.05663291
19978,0.05614289
19979,0.020015527
19980,0.006811266
19981,0.11113065
19982,0.005811614
19983,0.09867549
19984,0.16395427
19985,0.019546857
19986,0.043045912
19987,0.030976756
19988,0.03166703
19989,0.022509238
19990,0.013373507
19991,0.0070855403
19992,0.015961962
19993,0.005811614
19994,0.011500847
19995,0.03142996
19996,0.011827851
19997,0.060184
19998,0.06666247
19999,0.2025259
20000,0.0069254767
20001,0.005855659
20002,0.005811614
20003,0.014550091
20004,0.041568052
20005,0.029450519
20006,0.019165322
20007,0.034069687
20008,0.040101293
20009,0.011914022
20010,0.018861506
20011,0.21010163
20012,0.23885465
20013,0.008590111
20014,0.118674114
20015,0.01849931
20016,0.03434278
20017,0.006771886
20018,0.02276469
20019,0.0066263536
20020,0.06379204
20021,0.0068927174
20022,0.11232982
20023,0.03189774
20024,0.022877155
20025,0.18605088
20026,0.027771462
20027,0.007501243
20028,0.060232945
20029,0.13843179
20030,0.023257786
20031,0.30721992
20032,0.3618646
20033,0.08739544
20034,0.10991808
20035,0.056077357
20036,0.09187219
20037,0.04619821
20038,0.014550091
20039,0.118128
20040,0.015084345
20041,0.6468565
20042,0.09318274
20043,0.04081769
20044,0.16040733
20045,0.033909045
20046,0.012697648
20047,0.075013794
20048,0.02479861
20049,0.03901667
20050,0.15299626
20051,0.15030132
20052,0.45873162
20053,0.38963905
20054,0.006395218
20055,0.15502125
20056,0.24390195
20057,0.019802649
20058,0.08601294
20059,0.045354206
20060,0.07420203
20061,0.019562764
20062,0.25363374
20063,0.14360899
20064,0.13689716
20065,0.338684
20066,0.5463857
20067,0.076431125
20068,0.52016026
20069,0.025711076
20070,0.0806492
20071,0.036324076
20072,0.057984125
20073,0.1342149
20074,0.07992367
20075,0.029662693
20076,0.009623362
20077,0.007386115
20078,0.32918617
20079,0.061569918
20080,0.06690188
20081,0.08987325
20082,0.07368576
20083,0.08289333
20084,0.037418947
20085,0.13594776
20086,0.023620833
20087,0.05518784
20088,0.17299092
20089,0.20689264
20090,0.02065828
20091,0.037245333
20092,0.015015926
20093,0.02524546
20094,0.036155075
20095,0.42996883
20096,0.08652464
20097,0.026762595
20098,0.2823685
20099,0.35110143
20100,0.006500231
20101,0.13453874
20102,0.09289174
20103,0.019879762
20104,0.03134662
20105,0.018888483
20106,0.033764794
20107,0.008590111
20108,0.0795676
20109,0.03391268
20110,0.022611326
20111,0.21390621
20112,0.33020526
20113,0.014219682
20114,0.08888132
20115,0.009094455
20116,0.010768963
20117,0.01281149
20118,0.26540977
20119,0.036878392
20120,0.007386115
20121,0.02341181
20122,0.10141431
20123,0.37776205
20124,0.08458866
20125,0.09040838
20126,0.017518697
20127,0.0074610827
20128,0.042568874
20129,0.07551208
20130,0.014702336
20131,0.12903385
20132,0.13282189
20133,0.056041572
20134,0.10238456
20135,0.081471376
20136,0.038768202
20137,0.042789634
20138,0.022371555
20139,0.04566593
20140,0.12150791
20141,0.077329345
20142,0.047063436
20143,0.007237509
20144,0.034360223
20145,0.033126995
20146,0.024778962
20147,0.019071132
20148,0.03240885
20149,0.05312083
20150,0.02141883
20151,0.037377726
20152,0.25169826
20153,0.23205557
20154,0.056887813
20155,0.045598824
20156,0.0059098434
20157,0.091999225
20158,0.09362553
20159,0.02162875
20160,0.02848911
20161,0.19015066
20162,0.036686435
20163,0.019733934
20164,0.028671788
20165,0.010382285
20166,0.08094086
20167,0.051188525
20168,0.11932447
20169,0.10157311
20170,0.1131371
20171,0.05610334
20172,0.06267049
20173,0.005811614
20174,0.07939108
20175,0.039406095
20176,0.006811266
20177,0.1307949
20178,0.023967834
20179,0.4576123
20180,0.13438042
20181,0.020136423
20182,0.121303484
20183,0.015986392
20184,0.027328389
20185,0.016047683
20186,0.01570796
20187,0.008753487
20188,0.10928208
20189,0.011753959
20190,0.007698889
20191,0.061817832
20192,0.018290076
20193,0.042871494
20194,0.058951996
20195,0.12517713
20196,0.14960445
20197,0.23907197
20198,0.06668263
20199,0.023430705
20200,0.11914768
20201,0.02294619
20202,0.041650247
20203,0.013780684
20204,0.008225762
20205,0.12343145
20206,0.046457916
20207,0.10294278
20208,0.028042017
20209,0.07414199
20210,0.030641703
20211,0.018483862
20212,0.044794995
20213,0.014550091
20214,0.009556206
20215,0.18714729
20216,0.010173829
20217,0.037499398
20218,0.09808112
20219,0.0063856244
20220,0.010109497
20221,0.04340503
20222,0.04924559
20223,0.08110402
20224,0.028987173
20225,0.14352721
20226,0.09070457
20227,0.14381872
20228,0.11107093
20229,0.18486004
20230,0.01824558
20231,0.09237307
20232,0.043199167
20233,0.0132694645
20234,0.05244176
20235,0.057612654
20236,0.037740644
20237,0.013211452
20238,0.09348159
20239,0.0801498
20240,0.022371555
20241,0.037731584
20242,0.059528988
20243,0.024714876
20244,0.09617605
20245,0.0143701155
20246,0.02857713
20247,0.13464603
20248,0.057297666
20249,0.12265178
20250,0.28364655
20251,0.08943504
20252,0.118034355
20253,0.06894539
20254,0.08608347
20255,0.053181674
20256,0.12497758
20257,0.066836566
20258,0.019287342
20259,0.33988804
20260,0.034761295
20261,0.110172495
20262,0.03200193
20263,0.076442584
20264,0.005811614
20265,0.012537585
20266,0.0462041
20267,0.02725779
20268,0.33296537
20269,0.07822933
20270,0.060198534
20271,0.088065445
20272,0.54508877
20273,0.061891116
20274,0.005811614
20275,0.16048001
20276,0.05610334
20277,0.25115857
20278,0.21280745
20279,0.05511076
20280,0.0059716776
20281,0.01915288
20282,0.037285484
20283,0.0119387945
20284,0.078628406
20285,0.20255616
20286,0.026657408
20287,0.17938659
20288,0.0746026
20289,0.008753487
20290,0.0634527
20291,0.042760637
20292,0.045806155
20293,0.043493543
20294,0.024347706
20295,0.1208523
20296,0.12990698
20297,0.1776441
20298,0.106035866
20299,0.061489478
20300,0.12029378
20301,0.21651721
20302,0.20437866
20303,0.06929817
20304,0.056992706
20305,0.021504847
20306,0.02042064
20307,0.027683176
20308,0.39039117
20309,0.0062043713
20310,0.04983613
20311,0.30381486
20312,0.16106695
20313,0.005811614
20314,0.013549449
20315,0.01634281
20316,0.036831945
20317,0.043757115
20318,0.1834213
20319,0.17287573
20320,0.05863774
20321,0.036695533
20322,0.1665965
20323,0.09464956
20324,0.124397755
20325,0.15204473
20326,0.25007418
20327,0.109695286
20328,0.037488807
20329,0.07661595
20330,0.08196563
20331,0.25087532
20332,0.8614195
20333,0.092212334
20334,0.0072344095
20335,0.2651846
20336,0.064221986
20337,0.20742331
20338,0.017153626
20339,0.03995886
20340,0.07384806
20341,0.012697648
20342,0.035846725
20343,0.42047945
20344,0.008091645
20345,0.055871285
20346,0.18642886
20347,0.1342528
20348,0.173238
20349,0.3042937
20350,0.39177144
20351,0.018308228
20352,0.20319068
20353,0.08139873
20354,0.0749006
20355,0.7522111
20356,0.37127605
20357,0.33861512
20358,0.0066742897
20359,0.009471781
20360,0.13997167
20361,0.040855195
20362,0.012537585
20363,0.023782045
20364,0.06035203
20365,0.006500231
20366,0.007858952
20367,0.0076211453
20368,0.018549353
20369,0.04845861
20370,0.077619135
20371,0.09362553
20372,0.09181635
20373,0.08559932
20374,0.13822463
20375,0.1467322
20376,0.016327547
20377,0.10423599
20378,0.20753449
20379,0.01599835
20380,0.043802936
20381,0.98208165
20382,0.8974608
20383,0.6157865
20384,0.006811266
20385,0.094543315
20386,0.29036695
20387,0.06094943
20388,0.005811614
20389,0.04945162
20390,0.011358066
20391,0.032858614
20392,0.06394462
20393,0.042701807
20394,0.0070168246
20395,0.32020834
20396,0.013373507
20397,0.0148116145
20398,0.1301483
20399,0.045074914
20400,0.048414074
20401,0.049108133
20402,0.21462438
20403,0.12727948
20404,0.025342185
20405,0.13832791
20406,0.11810204
20407,0.08295892
20408,0.98208165
20409,0.7108796
20410,0.64245516
20411,0.005811614
20412,0.06808378
20413,0.0302871
20414,0.35186297
20415,0.04792986
20416,0.22779855
20417,0.029546676
20418,0.09884833
20419,0.02697852
20420,0.14209293
20421,0.069781505
20422,0.15755609
20423,0.1288795
20424,0.36292824
20425,0.3705493
20426,0.12815645
20427,0.12720907
20428,0.059018
20429,0.038766272
20430,0.102968104
20431,0.04203302
20432,0.07808819
20433,0.12405723
20434,0.14608157
20435,0.05868771
20436,0.10999796
20437,0.007237509
20438,0.9426611
20439,0.977678
20440,0.98208165
20441,0.17382911
20442,0.006395218
20443,0.1440362
20444,0.011584904
20445,0.35136217
20446,0.02221931
20447,0.01142484
20448,0.011238746
20449,0.006040097
20450,0.09830778
20451,0.046219792
20452,0.20595048
20453,0.9793098
20454,0.07188189
20455,0.08578148
20456,0.08772921
20457,0.13018705
20458,0.06675069
20459,0.19209932
20460,0.1891187
20461,0.014955848
20462,0.096870966
20463,0.07926825
20464,0.06344915
20465,0.08619462
20466,0.017670944
20467,0.22608149
20468,0.2755937
20469,0.20734087
20470,0.08203677
20471,0.005811614
20472,0.09711629
20473,0.11377209
20474,0.20971125
20475,0.020060183
20476,0.029375568
20477,0.023170458
20478,0.01833561
20479,0.016418897
20480,0.047022175
20481,0.031052057
20482,0.20970204
20483,0.45920447
20484,0.28934467
20485,0.22483455
20486,0.092653655
20487,0.20248178
20488,0.14900243
20489,0.54684764
20490,0.03724144
20491,0.061366018
20492,0.038256407
20493,0.10623153
20494,0.08781377
20495,0.20532534
20496,0.40408912
20497,0.29326162
20498,0.20333241
20499,0.9804856
20500,0.16039921
20501,0.0143701155
20502,0.16446066
20503,0.1625751
20504,0.016623182
20505,0.059272904
20506,0.4035487
20507,0.043062408
20508,0.017997162
20509,0.04372711
20510,0.028382776
20511,0.11990171
20512,0.24217425
20513,0.22175966
20514,0.2514741
20515,0.21742058
20516,0.14818546
20517,0.17007193
20518,0.19206627
20519,0.14968763
20520,0.08351048
20521,0.038042493
20522,0.35135636
20523,0.24604322
20524,0.042844776
20525,0.45146322
20526,0.30833304
20527,0.0064005246
20528,0.076734886
20529,0.12783968
20530,0.089074686
20531,0.045717444
20532,0.009949433
20533,0.027757358
20534,0.08046699
20535,0.065993205
20536,0.072612055
20537,0.11994537
20538,0.27621487
20539,0.7121992
20540,0.30476737
20541,0.21627735
20542,0.3710637
20543,0.0701539
20544,0.074147776
20545,0.08369167
20546,0.13685788
20547,0.2032348
20548,0.040390562
20549,0.013496972
20550,0.09211941
20551,0.12276544
20552,0.01343343
20553,0.0059716776
20554,0.036291733
20555,0.09458189
20556,0.015956333
20557,0.0359476
20558,0.011914022
20559,0.023154728
20560,0.03181545
20561,0.06304677
20562,0.07510849
20563,0.16369244
20564,0.16370113
20565,0.10845587
20566,0.5453786
20567,0.39009258
20568,0.2503757
20569,0.12642078
20570,0.036586065
20571,0.0064689433
20572,0.069191664
20573,0.11765776
20574,0.010813008
20575,0.008948507
20576,0.015684353
20577,0.9793098
20578,0.021695014
20579,0.03291753
20580,0.07778133
20581,0.0354544
20582,0.081575096
20583,0.006120545
20584,0.027008288
20585,0.010768963
20586,0.030953117
20587,0.005811614
20588,0.008273494
20589,0.03485749
20590,0.08290121
20591,0.06287125
20592,0.4924665
20593,0.22748119
20594,0.148517
20595,0.94232684
20596,0.27724686
20597,0.35075215
20598,0.24532181
20599,0.060025554
20600,0.005811614
20601,0.07608058
20602,0.038850844
20603,0.015295952
20604,0.0061239237
20605,0.041185353
20606,0.35021132
20607,0.027788447
20608,0.22874367
20609,0.007033063
20610,0.087769024
20611,0.12643206
20612,0.08074266
20613,0.15301695
20614,0.025814284
20615,0.008590111
20616,0.012502517
20617,0.16288105
20618,0.8618913
20619,0.22738142
20620,0.6074966
20621,0.1869868
20622,0.26246825
20623,0.1814767
20624,0.12747972
20625,0.041588962
20626,0.012578796
20627,0.03131351
20628,0.039702434
20629,0.09464956
20630,0.06751208
20631,0.08357875
20632,0.19640647
20633,0.01915288
20634,0.04472825
20635,0.016725225
20636,0.23674655
20637,0.0108494125
20638,0.015036121
20639,0.008433558
20640,0.14492334
20641,0.16769552
20642,0.023687854
20643,0.0059716776
20644,0.07408909
20645,0.18921244
20646,0.045385387
20647,0.08148124
20648,0.045817528
20649,0.068390146
20650,0.10804155
20651,0.03956717
20652,0.11699923
20653,0.06831663
20654,0.01809216
20655,0.021075072
20656,0.008225762
20657,0.121377766
20658,0.005811614
20659,0.09994414
20660,0.007858952
20661,0.018992815
20662,0.13677552
20663,0.022916935
20664,0.03690105
20665,0.0059029628
20666,0.04257277
20667,0.20303582
20668,0.26693493
20669,0.54483753
20670,0.12832178
20671,0.005811614
20672,0.03240885
20673,0.013286133
20674,0.012697648
20675,0.11843803
20676,0.18597989
20677,0.010929027
20678,0.02680299
20679,0.0135433525
20680,0.0061239237
20681,0.005811614
20682,0.015295952
20683,0.063645706
20684,0.09288329
20685,0.35118565
20686,0.008788443
20687,0.006514225
20688,0.02349411
20689,0.029821532
20690,0.1370259
20691,0.35146815
20692,0.13653812
20693,0.012578796
20694,0.12019741
20695,0.011817603
20696,0.013855692
20697,0.0633571
20698,0.0541705
20699,0.027395813
20700,0.018009743
20701,0.010673159
20702,0.19463363
20703,0.0062043713
20704,0.014744172
20705,0.0058945557
20706,0.080346465
20707,0.06853893
20708,0.029662693
20709,0.015015926
20710,0.011346334
20711,0.06808378
20712,0.25130352
20713,0.0141672045
20714,0.0059716776
20715,0.015882332
20716,0.049165137
20717,0.029246544
20718,0.013949228
20719,0.20072497
20720,0.06133829
20721,0.15930511
20722,0.03723049
20723,0.028365664
20724,0.011914022
20725,0.04629636
20726,0.08005616
20727,0.04320043
20728,0.25314587
20729,0.0148640955
20730,0.16556917
20731,0.027864048
20732,0.05345158
20733,0.07211007
20734,0.0070855403
20735,0.32918617
20736,0.76126367
20737,0.12103695
20738,0.037024044
20739,0.013549449
20740,0.074542575
20741,0.078765936
20742,0.03699203
20743,0.060121488
20744,0.11133027
20745,0.048059355
20746,0.93327105
20747,0.015295952
20748,0.034962095
20749,0.08322655
20750,0.09108789
20751,0.016623182
20752,0.07816864
20753,0.12001024
20754,0.32923952
20755,0.071185485
20756,0.10476031
20757,0.019269578
20758,0.04526004
20759,0.01027934
20760,0.0136166895
20761,0.07439423
20762,0.045661744
20763,0.008011198
20764,0.043773655
20765,0.013302677
20766,0.010118048
20767,0.032689996
20768,0.005811614
20769,0.016116397
20770,0.12409741
20771,0.029931577
20772,0.067358084
20773,0.013549449
20774,0.010620678
20775,0.044996787
20776,0.025670059
20777,0.031870455
20778,0.04697315
20779,0.97486204
20780,0.03662901
20781,0.10596602
20782,0.009787503
20783,0.030016458
20784,0.059329893
20785,0.02123013
20786,0.016402358
20787,0.33833387
20788,0.01005702
20789,0.005855659
20790,0.015295952
20791,0.025265103
20792,0.06747067
20793,0.024655752
20794,0.010173829
20795,0.116611525
20796,0.028382776
20797,0.005811614
20798,0.017076109
20799,0.25398168
20800,0.024518585
20801,0.028889924
20802,0.018677212
20803,0.012288469
20804,0.057829697
20805,0.023620833
20806,0.11701376
20807,0.072562054
20808,0.016570168
20809,0.013940748
20810,0.0070855403
20811,0.03329932
20812,0.1513595
20813,0.11752619
20814,0.059445515
20815,0.04845861
20816,0.063464575
20817,0.06299734
20818,0.014550091
20819,0.061133962
20820,0.17511623
20821,0.13642368
20822,0.008225762
20823,0.012867493
20824,0.017153626
20825,0.014885688
20826,0.012926283
20827,0.005811614
20828,0.005811614
20829,0.014550091
20830,0.0143701155
20831,0.005811614
20832,0.014584109
20833,0.04714432
20834,0.054049145
20835,0.05757797
20836,0.005811614
20837,0.1386668
20838,0.008433558
20839,0.2617749
20840,0.010929027
20841,0.009844704
20842,0.019171324
20843,0.0077429344
20844,0.005811614
20845,0.02524546
20846,0.008430047
20847,0.024714876
20848,0.035187855
20849,0.024364393
20850,0.009623362
20851,0.05896509
20852,0.0143701155
20853,0.005811614
20854,0.021833397
20855,0.0070855403
20856,0.1461811
20857,0.005811614
20858,0.044907372
20859,0.005811614
20860,0.030299587
20861,0.006514225
20862,0.11441144
20863,0.009844704
20864,0.009094455
20865,0.2914092
20866,0.03170707
20867,0.05511076
20868,0.0527415
20869,0.017416598
20870,0.005811614
20871,0.12546088
20872,0.014550091
20873,0.086196825
20874,0.21630146
20875,0.010013766
20876,0.006040097
20877,0.022960981
20878,0.033465095
20879,0.02247476
20880,0.022958435
20881,0.010489814
20882,0.0069713304
20883,0.032005936
20884,0.019296506
20885,0.09563453
20886,0.05135971
20887,0.056767613
20888,0.0070855403
20889,0.19938357
20890,0.005979537
20891,0.005811614
20892,0.02476218
20893,0.0063401684
20894,0.016402358
20895,0.041568052
20896,0.044254187
20897,0.0116921645
20898,0.0390531
20899,0.035167612
20900,0.013131003
20901,0.19025902
20902,0.20546208
20903,0.018009743
20904,0.06751951
20905,0.01902157
20906,0.04909168
20907,0.052146077
20908,0.029856253
20909,0.032239266
20910,0.03300807
20911,0.038300764
20912,0.17899492
20913,0.012176307
20914,0.12429507
20915,0.073503695
20916,0.07529161
20917,0.006395218
20918,0.06731262
20919,0.06860689
20920,0.18741041
20921,0.063905135
20922,0.33610976
20923,0.12636842
20924,0.16446929
20925,0.056077357
20926,0.02318692
20927,0.019668657
20928,0.013549449
20929,0.024876056
20930,0.005811614
20931,0.116023146
20932,0.027591182
20933,0.6213181
20934,0.11235524
20935,0.1180865
20936,0.059655916
20937,0.012697648
20938,0.021258766
20939,0.061449524
20940,0.007821111
20941,0.045302246
20942,0.054007128
20943,0.09556809
20944,0.27135244
20945,0.3051666
20946,0.04156704
20947,0.042505797
20948,0.09020537
20949,0.2363243
20950,0.06514521
20951,0.05804051
20952,0.03917748
20953,0.007377092
20954,0.36320582
20955,0.13370562
20956,0.06607729
20957,0.32652715
20958,0.078770585
20959,0.57260936
20960,0.04698764
20961,0.45448035
20962,0.07738127
20963,0.05750995
20964,0.008781887
20965,0.11822699
20966,0.08708468
20967,0.15042983
20968,0.08484476
20969,0.07422877
20970,0.039064243
20971,0.33800146
20972,0.06304677
20973,0.07156607
20974,0.10266958
20975,0.05980629
20976,0.07266196
20977,0.07160307
20978,0.019779406
20979,0.12717797
20980,0.013780684
20981,0.070669554
20982,0.09848419
20983,0.105431594
20984,0.056774165
20985,0.02065828
20986,0.051507883
20987,0.025243001
20988,0.019818895
20989,0.26638195
20990,0.088536225
20991,0.04048777
20992,0.069197945
20993,0.24393417
20994,0.07906486
20995,0.082626686
20996,0.012578796
20997,0.04515073
20998,0.015295952
20999,0.0069713304
21000,0.06335857
21001,0.005811614
21002,0.06671619
21003,0.1274504
21004,0.08172863
21005,0.10820335
21006,0.21411873
21007,0.014219682
21008,0.10203866
21009,0.010342193
21010,0.019766023
21011,0.03738328
21012,0.23611833
21013,0.0059192013
21014,0.026998168
21015,0.068535686
21016,0.009253308
21017,0.018468903
21018,0.08206256
21019,0.371301
21020,0.06384912
21021,0.030779727
21022,0.024778962
21023,0.006514225
21024,0.052006774
21025,0.13813955
21026,0.011913129
21027,0.011930725
21028,0.16600648
21029,0.15183654
21030,0.0934474
21031,0.12170815
21032,0.031592846
21033,0.010929027
21034,0.053998698
21035,0.028762821
21036,0.01724982
21037,0.021500893
21038,0.11463194
21039,0.04551895
21040,0.10260379
21041,0.011398811
21042,0.019127278
21043,0.016337303
21044,0.007698889
21045,0.0069254767
21046,0.020078335
21047,0.041366544
21048,0.056307595
21049,0.044178583
21050,0.22815533
21051,0.2313441
21052,0.047338795
21053,0.067971945
21054,0.020027177
21055,0.0872659
21056,0.068208754
21057,0.029923419
21058,0.0416162
21059,0.032747343
21060,0.20742331
21061,0.053696122
21062,0.023885129
21063,0.039147202
21064,0.0065917615
21065,0.061242785
21066,0.05863774
21067,0.14663982
21068,0.122697055
21069,0.14027615
21070,0.032933652
21071,0.035167612
21072,0.028293
21073,0.07630768
21074,0.06782055
21075,0.014606759
21076,0.09102536
21077,0.05376864
21078,0.3618711
21079,0.11881255
21080,0.019994508
21081,0.101416625
21082,0.038693774
21083,0.021876508
21084,0.005811614
21085,0.014744172
21086,0.008753487
21087,0.011914022
21088,0.07253272
21089,0.016116397
21090,0.011753959
21091,0.06414296
21092,0.036988497
21093,0.06900143
21094,0.047147706
21095,0.08360261
21096,0.09525974
21097,0.24177346
21098,0.05237433
21099,0.008065699
21100,0.09980394
21101,0.009556206
21102,0.03352633
21103,0.018071335
21104,0.008225762
21105,0.100264646
21106,0.0897907
21107,0.1017357
21108,0.023170458
21109,0.045881364
21110,0.023511225
21111,0.009025974
21112,0.0062043713
21113,0.014550091
21114,0.017800596
21115,0.16069098
21116,0.008684772
21117,0.03696192
21118,0.091589674
21119,0.007829947
21120,0.043250512
21121,0.035228483
21122,0.061743613
21123,0.043144908
21124,0.104744226
21125,0.08622063
21126,0.18507373
21127,0.122879244
21128,0.18471953
21129,0.012748642
21130,0.09415004
21131,0.057713367
21132,0.008948507
21133,0.044512134
21134,0.07739861
21135,0.016273763
21136,0.055323046
21137,0.010406525
21138,0.054133672
21139,0.05021675
21140,0.009369848
21141,0.054133672
21142,0.033971794
21143,0.017518697
21144,0.13089338
21145,0.020492898
21146,0.03378001
21147,0.17051473
21148,0.058328528
21149,0.096793644
21150,0.36245117
21151,0.049182996
21152,0.10793674
21153,0.072470844
21154,0.064073436
21155,0.06514521
21156,0.09927619
21157,0.0696629
21158,0.0061239237
21159,0.29571462
21160,0.024240633
21161,0.110172495
21162,0.00982264
21163,0.084893174
21164,0.017518697
21165,0.015135888
21166,0.008430047
21167,0.03741215
21168,0.028187929
21169,0.33418426
21170,0.066113226
21171,0.03736323
21172,0.10512602
21173,0.550208
21174,0.06151716
21175,0.0074610827
21176,0.18343455
21177,0.04845861
21178,0.2616102
21179,0.28464898
21180,0.03502982
21181,0.029138051
21182,0.05582267
21183,0.15507127
21184,0.20522293
21185,0.020171788
21186,0.15067275
21187,0.075316854
21188,0.050346524
21189,0.019818895
21190,0.01849931
21191,0.037967242
21192,0.05436431
21193,0.011282791
21194,0.09755766
21195,0.08933399
21196,0.19005522
21197,0.2010231
21198,0.06020216
21199,0.13485555
21200,0.18636529
21201,0.22124237
21202,0.060050968
21203,0.009554809
21204,0.042454764
21205,0.010261746
21206,0.008948507
21207,0.029152121
21208,0.45268342
21209,0.021946235
21210,0.07305886
21211,0.22113475
21212,0.11322721
21213,0.0129787605
21214,0.027640322
21215,0.025514321
21216,0.06197525
21217,0.19058086
21218,0.19883077
21219,0.00940336
21220,0.043359417
21221,0.041185353
21222,0.13811597
21223,0.10335385
21224,0.13945158
21225,0.15947138
21226,0.22860828
21227,0.10126499
21228,0.0069421437
21229,0.038921945
21230,0.059417944
21231,0.2434692
21232,0.7545907
21233,0.09192295
21234,0.006120545
21235,0.26542014
21236,0.012697648
21237,0.072717965
21238,0.16674423
21239,0.031174984
21240,0.07352544
21241,0.005811614
21242,0.044833224
21243,0.0059716776
21244,0.36374104
21245,0.017751394
21246,0.06756724
21247,0.19172072
21248,0.14043388
21249,0.18646252
21250,0.3042937
21251,0.36436492
21252,0.0059192013
21253,0.12237021
21254,0.12993976
21255,0.054272998
21256,0.86117107
21257,0.38600984
21258,0.36903
21259,0.0066742897
21260,0.03485749
21261,0.19315483
21262,0.02168583
21263,0.035348088
21264,0.0319819
21265,0.056594275
21266,0.013785343
21267,0.0076211453
21268,0.018732004
21269,0.06487208
21270,0.040139418
21271,0.09382461
21272,0.10563816
21273,0.05262948
21274,0.16165794
21275,0.11793841
21276,0.005979537
21277,0.110934466
21278,0.22682096
21279,0.01599835
21280,0.09050817
21281,0.98263633
21282,0.95306855
21283,0.7651449
21284,0.02065828
21285,0.0156159345
21286,0.21098472
21287,0.3644413
21288,0.13354431
21289,0.005811614
21290,0.11805741
21291,0.008590111
21292,0.042662483
21293,0.063560516
21294,0.041636545
21295,0.013363656
21296,0.33166426
21297,0.013373507
21298,0.0141672045
21299,0.14486983
21300,0.084388934
21301,0.05043964
21302,0.057174914
21303,0.19896229
21304,0.10794739
21305,0.020965705
21306,0.109940045
21307,0.1102103
21308,0.06838927
21309,0.98263633
21310,0.7159422
21311,0.61649525
21312,0.011914022
21313,0.071004264
21314,0.024052082
21315,0.36436805
21316,0.02003611
21317,0.16174643
21318,0.029920468
21319,0.07230123
21320,0.019724704
21321,0.11965439
21322,0.104149476
21323,0.13011307
21324,0.12854372
21325,0.3618747
21326,0.38752913
21327,0.13866968
21328,0.1370334
21329,0.07888794
21330,0.034264874
21331,0.080810994
21332,0.06726033
21333,0.045677025
21334,0.14536344
21335,0.09163314
21336,0.04151207
21337,0.11811346
21338,0.026881982
21339,0.7180422
21340,0.9782327
21341,0.98263633
21342,0.18844032
21343,0.048242904
21344,0.07802512
21345,0.32722026
21346,0.015015926
21347,0.006040097
21348,0.06012518
21349,0.042530637
21350,0.21918203
21351,0.9798645
21352,0.067874774
21353,0.07912079
21354,0.07094319
21355,0.16058636
21356,0.05874858
21357,0.17731272
21358,0.16606678
21359,0.039366882
21360,0.08253838
21361,0.09155866
21362,0.095206805
21363,0.056233887
21364,0.020970592
21365,0.26993796
21366,0.2711659
21367,0.23727027
21368,0.10289298
21369,0.05837972
21370,0.059115216
21371,0.17959817
21372,0.033465095
21373,0.026998168
21374,0.026657408
21375,0.026544245
21376,0.055631246
21377,0.04382388
21378,0.22831492
21379,0.45090815
21380,0.265616
21381,0.22794807
21382,0.09815341
21383,0.14983405
21384,0.13191602
21385,0.6184432
21386,0.036703963
21387,0.04120953
21388,0.013606207
21389,0.1121698
21390,0.19363996
21391,0.21050806
21392,0.356089
21393,0.23463285
21394,0.16116963
21395,0.9810403
21396,0.22729875
21397,0.010013766
21398,0.14383581
21399,0.11244258
21400,0.005811614
21401,0.05034504
21402,0.49464896
21403,0.039483074
21404,0.02451015
21405,0.028945502
21406,0.028888835
21407,0.09377619
21408,0.27255246
21409,0.26110289
21410,0.2822228
21411,0.19463363
21412,0.19468935
21413,0.11399597
21414,0.1434775
21415,0.024052082
21416,0.17171018
21417,0.047045577
21418,0.06213683
21419,0.36401695
21420,0.22413215
21421,0.011144293
21422,0.4517205
21423,0.28378567
21424,0.006317204
21425,0.04048777
21426,0.10669507
21427,0.07598914
21428,0.010109497
21429,0.0116921645
21430,0.0136166895
21431,0.040342547
21432,0.04048777
21433,0.081678
21434,0.12114975
21435,0.27438104
21436,0.61481625
21437,0.3022764
21438,0.265616
21439,0.36394647
21440,0.1208046
21441,0.005811614
21442,0.078074604
21443,0.039062355
21444,0.12864155
21445,0.17958556
21446,0.057151318
21447,0.008173285
21448,0.079721704
21449,0.1299475
21450,0.0059716776
21451,0.069557145
21452,0.12071432
21453,0.019490337
21454,0.013776754
21455,0.028419051
21456,0.005811614
21457,0.005811614
21458,0.025422473
21459,0.022678703
21460,0.06655587
21461,0.047832653
21462,0.14060844
21463,0.17708969
21464,0.11103211
21465,0.5449936
21466,0.45268342
21467,0.2756438
21468,0.130387
21469,0.040282402
21470,0.031870455
21471,0.029893365
21472,0.12745652
21473,0.008430047
21474,0.008948507
21475,0.01017792
21476,0.9798645
21477,0.050120935
21478,0.015535243
21479,0.0897907
21480,0.063766845
21481,0.07390076
21482,0.07297008
21483,0.014103663
21484,0.006395218
21485,0.017289195
21486,0.005811614
21487,0.018861506
21488,0.05265394
21489,0.105963364
21490,0.49518526
21491,0.23031807
21492,0.12002971
21493,0.9775447
21494,0.24376333
21495,0.31882924
21496,0.17967132
21497,0.0985942
21498,0.023504812
21499,0.027579704
21500,0.048015393
21501,0.016150596
21502,0.088563606
21503,0.36381948
21504,0.017152736
21505,0.21472579
21506,0.01005702
21507,0.06431594
21508,0.11133118
21509,0.1250077
21510,0.15220684
21511,0.0067407405
21512,0.024518585
21513,0.010918849
21514,0.034755133
21515,0.1260445
21516,0.9778789
21517,0.17810531
21518,0.6184432
21519,0.19208184
21520,0.1974718
21521,0.20844626
21522,0.10361717
21523,0.041858964
21524,0.013058467
21525,0.027627975
21526,0.045817528
21527,0.17396174
21528,0.104108624
21529,0.039182115
21530,0.17958556
21531,0.01915288
21532,0.04663586
21533,0.00971627
21534,0.27477586
21535,0.0070059244
21536,0.005811614
21537,0.008225762
21538,0.088675104
21539,0.13842279
21540,0.01576818
21541,0.0059716776
21542,0.07596452
21543,0.1630375
21544,0.07431334
21545,0.08201176
21546,0.02146449
21547,0.16035503
21548,0.1255329
21549,0.017670944
21550,0.082904674
21551,0.10272111
21552,0.031516083
21553,0.02861664
21554,0.06674724
21555,0.008753487
21556,0.015901895
21557,0.062295552
21558,0.012818697
21559,0.11580252
21560,0.030686868
21561,0.040380295
21562,0.006317204
21563,0.03241475
21564,0.17600639
21565,0.25190023
21566,0.6082054
21567,0.14509915
21568,0.020354513
21569,0.03452935
21570,0.09673602
21571,0.010929027
21572,0.02680299
21573,0.012697648
21574,0.023409378
21575,0.077949665
21576,0.050026447
21577,0.3714821
21578,0.012697648
21579,0.014550091
21580,0.025933765
21581,0.049265362
21582,0.11744452
21583,0.30578646
21584,0.13096897
21585,0.005979537
21586,0.1464112
21587,0.03902423
21588,0.020100525
21589,0.076914236
21590,0.05793786
21591,0.037612136
21592,0.010109497
21593,0.017908182
21594,0.010489814
21595,0.24402687
21596,0.008593423
21597,0.010768963
21598,0.10760763
21599,0.066401936
21600,0.03779334
21601,0.015785778
21602,0.008056974
21603,0.05678997
21604,0.22495335
21605,0.033465095
21606,0.005979537
21607,0.03491389
21608,0.014965504
21609,0.019452078
21610,0.19798347
21611,0.07180853
21612,0.1413458
21613,0.1105195
21614,0.034153603
21615,0.048414074
21616,0.06927819
21617,0.02141883
21618,0.21742058
21619,0.09192295
21620,0.13107611
21621,0.016559625
21622,0.061326757
21623,0.08018638
21624,0.0070855403
21625,0.005811614
21626,0.32918617
21627,0.7436821
21628,0.09591329
21629,0.05689015
21630,0.013549449
21631,0.08866534
21632,0.06559501
21633,0.009535758
21634,0.07782056
21635,0.10737115
21636,0.048867866
21637,0.90490997
21638,0.082133554
21639,0.015015926
21640,0.057253767
21641,0.054338392
21642,0.025837038
21643,0.07877696
21644,0.10555687
21645,0.39004532
21646,0.055244915
21647,0.12880747
21648,0.029127222
21649,0.005811614
21650,0.07926843
21651,0.03122395
21652,0.006826532
21653,0.04531836
21654,0.031620275
21655,0.02496214
21656,0.04551895
21657,0.010768963
21658,0.10933153
21659,0.02954395
21660,0.064461164
21661,0.013549449
21662,0.0059192013
21663,0.11641872
21664,0.057143256
21665,0.024875687
21666,0.044964124
21667,0.0479547
21668,0.9775447
21669,0.03303073
21670,0.120862044
21671,0.042348262
21672,0.043674443
21673,0.033534925
21674,0.07116745
21675,0.012697648
21676,0.02043203
21677,0.26097518
21678,0.0059192013
21679,0.006500231
21680,0.015295952
21681,0.005811614
21682,0.020354513
21683,0.09266299
21684,0.008537633
21685,0.010173829
21686,0.12363078
21687,0.009536995
21688,0.021713536
21689,0.039828006
21690,0.26110289
21691,0.025280006
21692,0.018606896
21693,0.051957346
21694,0.015135888
21695,0.15651657
21696,0.0422947
21697,0.024982382
21698,0.013776754
21699,0.0070855403
21700,0.0414042
21701,0.17373103
21702,0.065264545
21703,0.08422896
21704,0.06971998
21705,0.016542027
21706,0.048640303
21707,0.005811614
21708,0.05808668
21709,0.17784154
21710,0.16660784
21711,0.005855659
21712,0.008378008
21713,0.011760879
21714,0.022643836
21715,0.005811614
21716,0.01782446
21717,0.023491573
21718,0.015295952
21719,0.0069254767
21720,0.020828124
21721,0.054330494
21722,0.03451697
21723,0.090380624
21724,0.011914022
21725,0.009554809
21726,0.09039943
21727,0.2063153
21728,0.008753487
21729,0.010929027
21730,0.09587356
21731,0.00971627
21732,0.03435702
21733,0.02158858
21734,0.008273494
21735,0.02965484
21736,0.007858952
21737,0.011914022
21738,0.02810748
21739,0.005811614
21740,0.013058467
21741,0.0069992207
21742,0.029621731
21743,0.03937467
21744,0.014219682
21745,0.0070855403
21746,0.015030131
21747,0.0070855403
21748,0.09977681
21749,0.025933765
21750,0.0631593
21751,0.008225762
21752,0.024028433
21753,0.015295952
21754,0.14565198
21755,0.013058467
21756,0.011760879
21757,0.00971627
21758,0.31994006
21759,0.060116936
21760,0.060695145
21761,0.060116936
21762,0.053309966
21763,0.02042804
21764,0.07918606
21765,0.009243296
21766,0.09256033
21767,0.016843272
21768,0.17777868
21769,0.016116397
21770,0.021504847
21771,0.038150012
21772,0.06189481
21773,0.005811614
21774,0.0070855403
21775,0.005811614
21776,0.010489814
21777,0.05924992
21778,0.011214989
21779,0.009554809
21780,0.09563293
21781,0.08814139
21782,0.0070855403
21783,0.17414977
21784,0.01032975
21785,0.032699235
21786,0.027045466
21787,0.008879792
21788,0.008593423
21789,0.056665145
21790,0.0141672045
21791,0.019365825
21792,0.029782088
21793,0.028466355
21794,0.010489814
21795,0.018201888
21796,0.21006331
21797,0.21045657
21798,0.09974174
21799,0.007858952
21800,0.01804964
21801,0.041657276
21802,0.07084808
21803,0.07862423
21804,0.013125391
21805,0.038300764
21806,0.12790813
21807,0.042879555
21808,0.03875363
21809,0.024364393
21810,0.0062080203
21811,0.16814958
21812,0.042021442
21813,0.19333455
21814,0.15282167
21815,0.14747442
21816,0.020764008
21817,0.025107075
21818,0.2945521
21819,0.10875927
21820,0.33145115
21821,0.10556213
21822,0.22682096
21823,0.022993173
21824,0.010375722
21825,0.021482255
21826,0.01837242
21827,0.16926853
21828,0.0063856244
21829,0.64907116
21830,0.1353316
21831,0.09859213
21832,0.009389237
21833,0.037266277
21834,0.055495117
21835,0.12369136
21836,0.3622559
21837,0.27726308
21838,0.050173864
21839,0.13485669
21840,0.1519177
21841,0.100064635
21842,0.08376479
21843,0.044099536
21844,0.083581954
21845,0.10299346
21846,0.031942323
21847,0.32515153
21848,0.13370562
21849,0.20080116
21850,0.36333984
21851,0.16054787
21852,0.48640946
21853,0.081471376
21854,0.4657799
21855,0.05466965
21856,0.040390562
21857,0.02121572
21858,0.07169569
21859,0.1580151
21860,0.07597184
21861,0.024284778
21862,0.10733203
21863,0.084831186
21864,0.36207715
21865,0.040200457
21866,0.07738127
21867,0.08185558
21868,0.06661539
21869,0.006826532
21870,0.0863856
21871,0.08035097
21872,0.005811614
21873,0.015520552
21874,0.1519586
21875,0.113896236
21876,0.17963314
21877,0.02065828
21878,0.020798907
21879,0.0421482
21880,0.017526621
21881,0.40603125
21882,0.03144231
21883,0.008753487
21884,0.108705014
21885,0.26025897
21886,0.27222934
21887,0.0797753
21888,0.027345061
21889,0.012578796
21890,0.016623182
21891,0.015295952
21892,0.0069713304
21893,0.06335857
21894,0.078987814
21895,0.020484947
21896,0.07478007
21897,0.18043508
21898,0.25000763
21899,0.0107456865
21900,0.051179495
21901,0.053133167
21902,0.008948507
21903,0.024795325
21904,0.014239593
21905,0.031392492
21906,0.23008916
21907,0.014691695
21908,0.04591238
21909,0.011646298
21910,0.14474952
21911,0.014896413
21912,0.11362861
21913,0.43020374
21914,0.070005074
21915,0.08594858
21916,0.008911594
21917,0.0235883
21918,0.043896455
21919,0.062142275
21920,0.022960981
21921,0.15422767
21922,0.13409324
21923,0.06705021
21924,0.11716983
21925,0.064940885
21926,0.10142581
21927,0.034166828
21928,0.03624825
21929,0.021946235
21930,0.11442032
21931,0.086312495
21932,0.10260379
21933,0.020100525
21934,0.032428488
21935,0.0059192013
21936,0.017970437
21937,0.010991913
21938,0.02456156
21939,0.03463012
21940,0.020399392
21941,0.03796542
21942,0.18324012
21943,0.22653605
21944,0.030797351
21945,0.041619394
21946,0.0059098434
21947,0.092251755
21948,0.031316124
21949,0.024778962
21950,0.043768287
21951,0.014371928
21952,0.23058207
21953,0.0488815
21954,0.020564048
21955,0.038529545
21956,0.005855659
21957,0.06879684
21958,0.04901847
21959,0.1330903
21960,0.11039195
21961,0.16270743
21962,0.054730512
21963,0.047359604
21964,0.023491573
21965,0.05362229
21966,0.043499056
21967,0.009217606
21968,0.11062207
21969,0.06360041
21970,0.36889482
21971,0.107796445
21972,0.0063856244
21973,0.09953728
21974,0.055895004
21975,0.032669183
21976,0.01804964
21977,0.015295952
21978,0.034962095
21979,0.01833561
21980,0.005811614
21981,0.08835152
21982,0.05196834
21983,0.07855799
21984,0.04734218
21985,0.12370453
21986,0.1658413
21987,0.27255538
21988,0.061743613
21989,0.02074949
21990,0.09197022
21991,0.0135686
21992,0.08803313
21993,0.075013794
21994,0.108096436
21995,0.061194856
21996,0.04928577
21997,0.015332658
21998,0.04245193
21999,0.014009453
22000,0.15975937
22001,0.062217325
22002,0.006040097
22003,0.015681935
22004,0.031091064
22005,0.024795325
22006,0.08655812
22007,0.067476384
22008,0.11580252
22009,0.08694788
22010,0.14454359
22011,0.09099596
22012,0.20087449
22013,0.022535013
22014,0.06436128
22015,0.010040781
22016,0.064137734
22017,0.042505797
22018,0.03738328
22019,0.042637315
22020,0.025084969
22021,0.02475128
22022,0.011398811
22023,0.055800404
22024,0.053215783
22025,0.01206627
22026,0.030100763
22027,0.024036692
22028,0.027045466
22029,0.12828094
22030,0.030940114
22031,0.13588051
22032,0.06655587
22033,0.10242124
22034,0.38662386
22035,0.08676206
22036,0.10115335
22037,0.0633396
22038,0.07510849
22039,0.055796616
22040,0.08494897
22041,0.074182115
22042,0.019287342
22043,0.28478536
22044,0.079721704
22045,0.11425642
22046,0.056757722
22047,0.051382624
22048,0.02276469
22049,0.034452528
22050,0.010342193
22051,0.29616892
22052,0.040455054
22053,0.06662977
22054,0.08253838
22055,0.5510776
22056,0.05048617
22057,0.008788443
22058,0.16355821
22059,0.068826206
22060,0.20519267
22061,0.32073268
22062,0.048459608
22063,0.0059716776
22064,0.007949388
22065,0.064365566
22066,0.027810654
22067,0.13527422
22068,0.2079484
22069,0.0080269035
22070,0.15976436
22071,0.0197682
22072,0.07588263
22073,0.009556206
22074,0.017576242
22075,0.02987669
22076,0.039777774
22077,0.06375352
22078,0.012135635
22079,0.09450985
22080,0.12957121
22081,0.20545669
22082,0.12256167
22083,0.04608078
22084,0.13155477
22085,0.2165089
22086,0.20640588
22087,0.05947502
22088,0.009554809
22089,0.03982182
22090,0.009217606
22091,0.049309406
22092,0.48500955
22093,0.040101293
22094,0.055849884
22095,0.2607549
22096,0.1450372
22097,0.0129787605
22098,0.05291453
22099,0.06288382
22100,0.2252564
22101,0.18397187
22102,0.00940336
22103,0.06223686
22104,0.040916268
22105,0.10692892
22106,0.13601314
22107,0.13477865
22108,0.17678078
22109,0.24266814
22110,0.09703887
22111,0.057393167
22112,0.06664184
22113,0.03315
22114,0.23179774
22115,0.7576289
22116,0.09192295
22117,0.01885813
22118,0.32633945
22119,0.012697648
22120,0.081658356
22121,0.22675876
22122,0.04726484
22123,0.06810766
22124,0.019701917
22125,0.049899332
22126,0.0059716776
22127,0.3730065
22128,0.060269944
22129,0.06909693
22130,0.19784808
22131,0.091204755
22132,0.19438255
22133,0.28391707
22134,0.33958945
22135,0.013496972
22136,0.16667025
22137,0.0733713
22138,0.11501839
22139,0.9726985
22140,0.33021522
22141,0.34983706
22142,0.0066742897
22143,0.03768418
22144,0.10942275
22145,0.0393135
22146,0.021800742
22147,0.02158858
22148,0.058328528
22149,0.006500231
22150,0.011817986
22151,0.0076211453
22152,0.021946235
22153,0.04415661
22154,0.077619135
22155,0.07382516
22156,0.10032393
22157,0.09208369
22158,0.16042347
22159,0.10479356
22160,0.103288785
22161,0.17344163
22162,0.015906325
22163,0.05828071
22164,0.98263633
22165,0.95306855
22166,0.73104817
22167,0.006514225
22168,0.13236113
22169,0.31917852
22170,0.06339116
22171,0.0063401684
22172,0.08877359
22173,0.066506445
22174,0.04347189
22175,0.03971542
22176,0.008225762
22177,0.34047955
22178,0.013058467
22179,0.009663792
22180,0.12840056
22181,0.15072903
22182,0.037463307
22183,0.04637065
22184,0.21353596
22185,0.063908875
22186,0.006040097
22187,0.0948305
22188,0.08169853
22189,0.08004889
22190,0.98263633
22191,0.6129666
22192,0.711838
22193,0.011914022
22194,0.032669183
22195,0.008225762
22196,0.36563414
22197,0.023250341
22198,0.22447912
22199,0.04111493
22200,0.07629751
22201,0.019404078
22202,0.12227208
22203,0.13466968
22204,0.15957828
22205,0.14489591
22206,0.35951832
22207,0.4212058
22208,0.13007863
22209,0.099589646
22210,0.040181633
22211,0.03476535
22212,0.10461534
22213,0.07160412
22214,0.06626441
22215,0.02065828
22216,0.14622405
22217,0.12780598
22218,0.06285885
22219,0.08041726
22220,0.7195481
22221,0.9782327
22222,0.98263633
22223,0.22372131
22224,0.03114688
22225,0.1419207
22226,0.015535243
22227,0.2902771
22228,0.0070461165
22229,0.019087499
22230,0.06012518
22231,0.035931177
22232,0.20881246
22233,0.98115784
22234,0.07801591
22235,0.0847089
22236,0.069788516
22237,0.14800365
22238,0.06656377
22239,0.16764393
22240,0.16501549
22241,0.032239266
22242,0.08708468
22243,0.09610123
22244,0.07525026
22245,0.04747955
22246,0.048326537
22247,0.31035385
22248,0.36270416
22249,0.14186862
22250,0.07103746
22251,0.005811614
22252,0.07841035
22253,0.032568984
22254,0.17329404
22255,0.010261746
22256,0.019741377
22257,0.00899587
22258,0.03738328
22259,0.05350058
22260,0.22880974
22261,0.4201486
22262,0.19774382
22263,0.16231042
22264,0.13816984
22265,0.18989344
22266,0.16733246
22267,0.6207228
22268,0.057415273
22269,0.04479463
22270,0.011161722
22271,0.06862806
22272,0.1995331
22273,0.20241433
22274,0.38170424
22275,0.24314524
22276,0.18486801
22277,0.9810403
22278,0.09398728
22279,0.0063401684
22280,0.20276281
22281,0.1388288
22282,0.016623182
22283,0.07891789
22284,0.37736383
22285,0.04734218
22286,0.017748117
22287,0.026563954
22288,0.054394778
22289,0.14016084
22290,0.27619073
22291,0.24258757
22292,0.29504737
22293,0.22653605
22294,0.13170674
22295,0.14321263
22296,0.21430466
22297,0.008718344
22298,0.009057542
22299,0.14271528
22300,0.06626485
22301,0.07554585
22302,0.39174983
22303,0.2002133
22304,0.044787783
22305,0.38672858
22306,0.27152696
22307,0.054233175
22308,0.057770655
22309,0.09230016
22310,0.042813506
22311,0.019365825
22312,0.0116921645
22313,0.015956333
22314,0.052186675
22315,0.069943
22316,0.09039702
22317,0.120193325
22318,0.2887003
22319,0.7151876
22320,0.3391039
22321,0.28934467
22322,0.38601005
22323,0.11218019
22324,0.078074604
22325,0.0896448
22326,0.1180758
22327,0.22645986
22328,0.05874858
22329,0.028618768
22330,0.055796616
22331,0.0995132
22332,0.020908944
22333,0.07497362
22334,0.005811614
22335,0.013776754
22336,0.00930435
22337,0.017147198
22338,0.09192295
22339,0.011914022
22340,0.02476218
22341,0.021285614
22342,0.03336451
22343,0.06727206
22344,0.15755948
22345,0.22441706
22346,0.11045234
22347,0.5455844
22348,0.45240113
22349,0.22734497
22350,0.08345986
22351,0.025933765
22352,0.03364316
22353,0.07761844
22354,0.011035958
22355,0.020388871
22356,0.98115784
22357,0.05081714
22358,0.015535243
22359,0.028622922
22360,0.07285074
22361,0.08839934
22362,0.028451245
22363,0.020798907
22364,0.039029878
22365,0.012697648
22366,0.014219682
22367,0.02755676
22368,0.06742111
22369,0.09512459
22370,0.5492325
22371,0.2842564
22372,0.12445869
22373,0.9788381
22374,0.2503757
22375,0.33902055
22376,0.17331581
22377,0.025265103
22378,0.041318353
22379,0.019213574
22380,0.05633862
22381,0.044290703
22382,0.034454167
22383,0.10357758
22384,0.36924255
22385,0.053821888
22386,0.24322581
22387,0.0062647266
22388,0.080116086
22389,0.13488343
22390,0.059847318
22391,0.17560902
22392,0.016704887
22393,0.0061571402
22394,0.04212204
22395,0.118035704
22396,0.9791723
22397,0.16765264
22398,0.49345896
22399,0.17749651
22400,0.23463285
22401,0.17395578
22402,0.10434689
22403,0.0253123
22404,0.013058467
22405,0.024498155
22406,0.028056929
22407,0.02276469
22408,0.12532744
22409,0.111484915
22410,0.01674314
22411,0.24314524
22412,0.01915288
22413,0.044727884
22414,0.22645986
22415,0.007126565
22416,0.0880429
22417,0.15830293
22418,0.02349411
22419,0.11048336
22420,0.16402982
22421,0.05808668
22422,0.09263893
22423,0.009707054
22424,0.10087731
22425,0.060767602
22426,0.06701207
22427,0.08253838
22428,0.031516083
22429,0.008225762
22430,0.07933656
22431,0.008753487
22432,0.10495616
22433,0.038865834
22434,0.015375178
22435,0.08814003
22436,0.027892184
22437,0.043180864
22438,0.035167612
22439,0.1540882
22440,0.29813856
22441,0.54892087
22442,0.10711609
22443,0.005979537
22444,0.017147198
22445,0.026976174
22446,0.012349376
22447,0.0414042
22448,0.054427337
22449,0.010109497
22450,0.02680299
22451,0.012697648
22452,0.014896413
22453,0.012898403
22454,0.009217606
22455,0.087765105
22456,0.07598914
22457,0.4216182
22458,0.007698889
22459,0.014550091
22460,0.012272771
22461,0.052134436
22462,0.11645391
22463,0.26917496
22464,0.11875578
22465,0.005811614
22466,0.13018705
22467,0.005811614
22468,0.015767936
22469,0.013549449
22470,0.04398897
22471,0.09275658
22472,0.051376484
22473,0.0059192013
22474,0.010489814
22475,0.22653605
22476,0.030599356
22477,0.008065699
22478,0.008911594
22479,0.09423048
22480,0.06797611
22481,0.03738328
22482,0.009556206
22483,0.023315838
22484,0.03241996
22485,0.20461571
22486,0.034839407
22487,0.014855864
22488,0.05816051
22489,0.006222152
22490,0.078043774
22491,0.28520676
22492,0.042703297
22493,0.13942565
22494,0.07841035
22495,0.021218985
22496,0.02714831
22497,0.0323162
22498,0.025247997
22499,0.24987857
22500,0.014744172
22501,0.20539278
22502,0.021833397
22503,0.05028945
22504,0.08450277
22505,0.007328857
22506,0.33800146
22507,0.7459617
22508,0.11054837
22509,0.059490867
22510,0.0069254767
22511,0.09385629
22512,0.02447331
22513,0.031055335
22514,0.089260444
22515,0.14658341
22516,0.094126806
22517,0.8557745
22518,0.059691165
22519,0.015015926
22520,0.059655916
22521,0.07385506
22522,0.012418732
22523,0.03221047
22524,0.08977621
22525,0.33965102
22526,0.034461625
22527,0.19024193
22528,0.01915288
22529,0.06605795
22530,0.09150007
22531,0.05311007
22532,0.026640974
22533,0.049806923
22534,0.04145278
22535,0.014855864
22536,0.0182314
22537,0.077327885
22538,0.010013766
22539,0.060950324
22540,0.020240838
22541,0.037579328
22542,0.013549449
22543,0.026260158
22544,0.09320091
22545,0.0471314
22546,0.038544267
22547,0.034452528
22548,0.013797055
22549,0.9788381
22550,0.022932786
22551,0.13508952
22552,0.06023317
22553,0.01199358
22554,0.03868911
22555,0.037783056
22556,0.012697648
22557,0.006431698
22558,0.2294992
22559,0.011861545
22560,0.015295952
22561,0.026899096
22562,0.10560529
22563,0.01908262
22564,0.010173829
22565,0.12603308
22566,0.012502517
22567,0.045422282
22568,0.039828006
22569,0.27635026
22570,0.022440523
22571,0.016389782
22572,0.016662054
22573,0.011914022
22574,0.08257465
22575,0.005811614
22576,0.0059716776
22577,0.17383532
22578,0.05947502
22579,0.020492898
22580,0.0070855403
22581,0.05750995
22582,0.16261964
22583,0.046002667
22584,0.05868771
22585,0.106039986
22586,0.016268643
22587,0.014550091
22588,0.040669564
22589,0.200526
22590,0.13018705
22591,0.008109451
22592,0.013487503
22593,0.019305123
22594,0.011760879
22595,0.011760879
22596,0.0129787605
22597,0.011007968
22598,0.027460031
22599,0.015295952
22600,0.008753487
22601,0.013549449
22602,0.009217606
22603,0.019766023
22604,0.041612845
22605,0.059229713
22606,0.122573525
22607,0.062455725
22608,0.13536318
22609,0.008753487
22610,0.00971627
22611,0.018383643
22612,0.013007835
22613,0.017116664
22614,0.005811614
22615,0.02965484
22616,0.005811614
22617,0.021865783
22618,0.006514225
22619,0.013776754
22620,0.008753487
22621,0.050677773
22622,0.01724982
22623,0.031232368
22624,0.011330095
22625,0.018638138
22626,0.014219682
22627,0.0070855403
22628,0.005811614
22629,0.0070855403
22630,0.09859531
22631,0.034650907
22632,0.008225762
22633,0.0061239237
22634,0.010585623
22635,0.14137992
22636,0.00971627
22637,0.2749661
22638,0.03821578
22639,0.020002587
22640,0.052804198
22641,0.00971627
22642,0.062917136
22643,0.019191751
22644,0.09071799
22645,0.16869645
22646,0.0070855403
22647,0.22334109
22648,0.005811614
22649,0.024830895
22650,0.059626203
22651,0.0070855403
22652,0.011214989
22653,0.010489814
22654,0.063308954
22655,0.005811614
22656,0.005811614
22657,0.08494897
22658,0.09986523
22659,0.0059716776
22660,0.12826881
22661,0.017879535
22662,0.026544245
22663,0.014744172
22664,0.020472698
22665,0.017350063
22666,0.0069254767
22667,0.04892295
22668,0.018157227
22669,0.0139465965
22670,0.027314281
22671,0.01999872
22672,0.010489814
22673,0.011914022
22674,0.015295952
22675,0.012731043
22676,0.18819033
22677,0.23692137
22678,0.02089227
22679,0.09465545
22680,0.0069254767
22681,0.028134676
22682,0.04133056
22683,0.1345427
22684,0.03506348
22685,0.15881084
22686,0.026480127
22687,0.17019854
22688,0.0065767104
22689,0.10599732
22690,0.009177031
22691,0.076816924
22692,0.11867432
22693,0.040998384
22694,0.22267425
22695,0.30579728
22696,0.115956254
22697,0.2161138
22698,0.02318692
22699,0.076085776
22700,0.029168114
22701,0.016872644
22702,0.014550091
22703,0.066932105
22704,0.027864736
22705,0.6232463
22706,0.1618168
22707,0.04081769
22708,0.092744306
22709,0.07407469
22710,0.021512948
22711,0.032214366
22712,0.016688215
22713,0.025856683
22714,0.04374321
22715,0.09877979
22716,0.3629904
22717,0.37127417
22718,0.016204424
22719,0.07194147
22720,0.20285736
22721,0.10752491
22722,0.0066524725
22723,0.0695524
22724,0.07175145
22725,0.036997274
22726,0.022625078
22727,0.3284931
22728,0.03707605
22729,0.21625908
22730,0.338684
22731,0.12799343
22732,0.4200364
22733,0.050390568
22734,0.5097222
22735,0.047340285
22736,0.031003155
22737,0.09811311
22738,0.17644104
22739,0.05133518
22740,0.010077399
22741,0.033834964
22742,0.011523937
22743,0.3309838
22744,0.025255222
22745,0.05593131
22746,0.13685638
22747,0.09071069
22748,0.104496025
22749,0.03730283
22750,0.023511225
22751,0.03258998
22752,0.081744246
22753,0.15789157
22754,0.024240633
22755,0.13596421
22756,0.050437182
22757,0.059198696
22758,0.230074
22759,0.10242124
22760,0.080669895
22761,0.33680236
22762,0.29690748
22763,0.010109497
22764,0.006500231
22765,0.10565205
22766,0.027444135
22767,0.012578796
22768,0.005811614
22769,0.035132945
22770,0.096250996
22771,0.059740696
22772,0.14667319
22773,0.18782848
22774,0.010929027
22775,0.01599835
22776,0.005811614
22777,0.037976857
22778,0.008948507
22779,0.03307145
22780,0.018975034
22781,0.04928468
22782,0.27736178
22783,0.008537633
22784,0.028888835
22785,0.11216602
22786,0.0466291
22787,0.16658212
22788,0.48288056
22789,0.12659054
22790,0.043234337
22791,0.017518697
22792,0.033625633
22793,0.034610443
22794,0.07551208
22795,0.005811614
22796,0.015168175
22797,0.13708515
22798,0.19472837
22799,0.04232726
22800,0.10494247
22801,0.06909693
22802,0.010929027
22803,0.07106481
22804,0.045413774
22805,0.03445384
22806,0.031994574
22807,0.0059716776
22808,0.1391668
22809,0.06466106
22810,0.08984691
22811,0.016281942
22812,0.035148032
22813,0.015563456
22814,0.008593423
22815,0.008011198
22816,0.027486425
22817,0.028247176
22818,0.028383655
22819,0.17964554
22820,0.2276494
22821,0.07554585
22822,0.033520922
22823,0.010276938
22824,0.060114924
22825,0.0387159
22826,0.012462777
22827,0.0623841
22828,0.02104733
22829,0.06452354
22830,0.22291456
22831,0.030347964
22832,0.038706645
22833,0.053696122
22834,0.005811614
22835,0.0960992
22836,0.051704053
22837,0.13248216
22838,0.115267575
22839,0.13575445
22840,0.07111077
22841,0.02807191
22842,0.039604366
22843,0.042703297
22844,0.04812587
22845,0.11230498
22846,0.047675323
22847,0.48250788
22848,0.103537895
22849,0.019994508
22850,0.11263655
22851,0.00919623
22852,0.044397812
22853,0.01804964
22854,0.013244803
22855,0.081801325
22856,0.01849931
22857,0.010768963
22858,0.027217556
22859,0.1097156
22860,0.09967075
22861,0.05102846
22862,0.06244117
22863,0.114178315
22864,0.16187535
22865,0.26210815
22866,0.061743613
22867,0.016418897
22868,0.05855013
22869,0.013708038
22870,0.034507528
22871,0.05401841
22872,0.05585748
22873,0.12234277
22874,0.036026478
22875,0.067384705
22876,0.035575464
22877,0.050138257
22878,0.026484339
22879,0.14913316
22880,0.006811266
22881,0.040249836
22882,0.030266685
22883,0.005811614
22884,0.05331637
22885,0.03307145
22886,0.077329345
22887,0.095733404
22888,0.08705478
22889,0.07307421
22890,0.17211655
22891,0.12586288
22892,0.17967132
22893,0.005811614
22894,0.097931504
22895,0.005811614
22896,0.05362229
22897,0.030210018
22898,0.058851283
22899,0.041914154
22900,0.021101842
22901,0.0450682
22902,0.006287314
22903,0.035246167
22904,0.039064243
22905,0.026563954
22906,0.077272266
22907,0.0144976135
22908,0.0061239237
22909,0.11852363
22910,0.02104733
22911,0.030197017
22912,0.124265164
22913,0.035460677
22914,0.1523802
22915,0.30572277
22916,0.095451325
22917,0.098071866
22918,0.060358785
22919,0.093896374
22920,0.07431334
22921,0.07851499
22922,0.06508595
22923,0.009217606
22924,0.33958945
22925,0.1303394
22926,0.07994703
22927,0.051886544
22928,0.040139418
22929,0.02276469
22930,0.011600816
22931,0.03699079
22932,0.0069069806
22933,0.30208266
22934,0.047340285
22935,0.0539116
22936,0.09539262
22937,0.5470654
22938,0.0844399
22939,0.020100525
22940,0.16554503
22941,0.11067309
22942,0.21068248
22943,0.28429982
22944,0.026302654
22945,0.008593423
22946,0.025356293
22947,0.054281548
22948,0.11241807
22949,0.17763072
22950,0.031942323
22951,0.08957322
22952,0.042864908
22953,0.06590808
22954,0.014390028
22955,0.031624846
22956,0.057090454
22957,0.008788443
22958,0.11402625
22959,0.12197242
22960,0.19450781
22961,0.14321001
22962,0.015687486
22963,0.11371175
22964,0.1744956
22965,0.21550846
22966,0.08110402
22967,0.016323498
22968,0.05863774
22969,0.5246304
22970,0.020890977
22971,0.0872615
22972,0.29415727
22973,0.15020557
22974,0.0129787605
22975,0.010768963
22976,0.005811614
22977,0.06368444
22978,0.06325778
22979,0.199372
22980,0.19338177
22981,0.00940336
22982,0.07705132
22983,0.055128895
22984,0.13445888
22985,0.17744306
22986,0.13048935
22987,0.14821279
22988,0.22523536
22989,0.0797753
22990,0.084867924
22991,0.08608282
22992,0.0069421437
22993,0.23874125
22994,0.863936
22995,0.092411414
22996,0.016265266
22997,0.3391039
22998,0.012697648
22999,0.038943365
23000,0.19611882
23001,0.015015926
23002,0.010860312
23003,0.057201724
23004,0.058576867
23005,0.005811614
23006,0.052006774
23007,0.0059716776
23008,0.42202565
23009,0.031614125
23010,0.06545635
23011,0.23193505
23012,0.12809172
23013,0.20821957
23014,0.29307175
23015,0.36436492
23016,0.14205171
23017,0.098401025
23018,0.09043681
23019,0.86117107
23020,0.32894686
23021,0.34015226
23022,0.04141288
23023,0.16609617
23024,0.16218787
23025,0.03231425
23026,0.011532427
23027,0.07896732
23028,0.007858952
23029,0.0076211453
23030,0.038677774
23031,0.06365749
23032,0.09798236
23033,0.07317016
23034,0.06682824
23035,0.09311406
23036,0.19678001
23037,0.15080218
23038,0.024518585
23039,0.13544938
23040,0.19500992
23041,0.01599835
23042,0.031202333
23043,0.98263633
23044,0.7581323
23045,0.61649525
23046,0.006500231
23047,0.011600816
23048,0.111689344
23049,0.37216616
23050,0.078236125
23051,0.005811614
23052,0.030462427
23053,0.030907338
23054,0.0076211453
23055,0.06808378
23056,0.081801325
23057,0.055355255
23058,0.008225762
23059,0.36357445
23060,0.005811614
23061,0.0059192013
23062,0.12598623
23063,0.15111506
23064,0.019269299
23065,0.050835557
23066,0.21462438
23067,0.080388404
23068,0.025342185
23069,0.08899339
23070,0.10148048
23071,0.0987043
23072,0.98263633
23073,0.63701403
23074,0.6431639
23075,0.009101587
23076,0.027728904
23077,0.024518585
23078,0.3876068
23079,0.038179807
23080,0.1773192
23081,0.05824096
23082,0.09858098
23083,0.009949433
23084,0.10377256
23085,0.12289023
23086,0.14738557
23087,0.21227935
23088,0.36292824
23089,0.42099324
23090,0.14684978
23091,0.0973976
23092,0.040646266
23093,0.03692014
23094,0.073241174
23095,0.061588515
23096,0.03142996
23097,0.11045678
23098,0.20752092
23099,0.071185485
23100,0.12173213
23101,0.050812468
23102,0.7180422
23103,0.9782327
23104,0.98263633
23105,0.25253284
23106,0.051870428
23107,0.12793124
23108,0.3615195
23109,0.019374318
23110,0.025190623
23111,0.102350205
23112,0.021404816
23113,0.22748119
23114,0.9798645
23115,0.058691505
23116,0.08797888
23117,0.07516837
23118,0.16668896
23119,0.062142275
23120,0.14240202
23121,0.16822565
23122,0.032239266
23123,0.061049867
23124,0.08997452
23125,0.055137355
23126,0.0648441
23127,0.12327766
23128,0.24225324
23129,0.33941746
23130,0.12389309
23131,0.09075579
23132,0.005811614
23133,0.039064243
23134,0.03676326
23135,0.13828671
23136,0.024830895
23137,0.023959614
23138,0.029303385
23139,0.01599835
23140,0.018486502
23141,0.03231342
23142,0.030664416
23143,0.1752895
23144,0.45946175
23145,0.18647513
23146,0.17368111
23147,0.10634691
23148,0.18487264
23149,0.13014446
23150,0.6184432
23151,0.04999318
23152,0.029290384
23153,0.031090237
23154,0.07793335
23155,0.16772647
23156,0.17708969
23157,0.3775392
23158,0.22758697
23159,0.11605456
23160,0.9810403
23161,0.08704348
23162,0.0143701155
23163,0.10647696
23164,0.11978431
23165,0.0058945557
23166,0.05883177
23167,0.19240709
23168,0.050677773
23169,0.017997162
23170,0.01576818
23171,0.03377393
23172,0.11087426
23173,0.27966514
23174,0.230042
23175,0.2793288
23176,0.21296436
23177,0.10416728
23178,0.09835052
23179,0.23327987
23180,0.02468843
23181,0.17082943
23182,0.084680945
23183,0.015514152
23184,0.3705493
23185,0.18868816
23186,0.0069421437
23187,0.36086887
23188,0.22306375
23189,0.006317204
23190,0.06470488
23191,0.055155713
23192,0.09278862
23193,0.006395218
23194,0.011098873
23195,0.005811614
23196,0.021481702
23197,0.03377155
23198,0.09593281
23199,0.105249986
23200,0.11115328
23201,0.30476737
23202,0.7488095
23203,0.27325392
23204,0.27649978
23205,0.38955048
23206,0.14121494
23207,0.030393792
23208,0.033371158
23209,0.086984366
23210,0.116180696
23211,0.23234321
23212,0.06566068
23213,0.06855473
23214,0.06675069
23215,0.08008644
23216,0.008065699
23217,0.016704887
23218,0.07006307
23219,0.010013766
23220,0.03203971
23221,0.0069254767
23222,0.092411414
23223,0.005811614
23224,0.016150596
23225,0.032301847
23226,0.03920467
23227,0.07207725
23228,0.17555566
23229,0.1656738
23230,0.08688823
23231,0.4871616
23232,0.45218858
23233,0.20048298
23234,0.06984452
23235,0.040747035
23236,0.0557628
23237,0.078071885
23238,0.013776754
23239,0.007927371
23240,0.9798645
23241,0.03469821
23242,0.010991913
23243,0.095446065
23244,0.049214635
23245,0.0964242
23246,0.028451245
23247,0.040673796
23248,0.01599835
23249,0.006395218
23250,0.010860312
23251,0.0069254767
23252,0.034948222
23253,0.06508993
23254,0.10575503
23255,0.5733828
23256,0.23274288
23257,0.14884663
23258,0.9775447
23259,0.29698205
23260,0.36041704
23261,0.16252261
23262,0.006395218
23263,0.021500893
23264,0.020160388
23265,0.088838406
23266,0.03207455
23267,0.026734274
23268,0.0420787
23269,0.36381948
23270,0.0847089
23271,0.22413215
23272,0.027075246
23273,0.1093759
23274,0.1303163
23275,0.12265178
23276,0.17137076
23277,0.011822357
23278,0.0059716776
23279,0.024518585
23280,0.008590111
23281,0.027479682
23282,0.12813464
23283,0.97493976
23284,0.22248401
23285,0.4924727
23286,0.19494633
23287,0.2608471
23288,0.14643611
23289,0.15341288
23290,0.01768011
23291,0.013373507
23292,0.017028863
23293,0.012578796
23294,0.02276469
23295,0.078142196
23296,0.099657744
23297,0.068355225
23298,0.15892422
23299,0.008065699
23300,0.05101543
23301,0.00971627
23302,0.26110289
23303,0.007317956
23304,0.091401584
23305,0.17573059
23306,0.04340503
23307,0.07042154
23308,0.16753285
23309,0.068022706
23310,0.06555393
23311,0.024830895
23312,0.10387714
23313,0.07128567
23314,0.0128498925
23315,0.100559674
23316,0.06344915
23317,0.018623102
23318,0.005811614
23319,0.11409017
23320,0.008753487
23321,0.008433558
23322,0.015581915
23323,0.030572606
23324,0.04345004
23325,0.08339149
23326,0.04350028
23327,0.036343664
23328,0.0075674164
23329,0.05966067
23330,0.18188114
23331,0.28219834
23332,0.5674882
23333,0.12365147
23334,0.047262225
23335,0.016782405
23336,0.06384912
23337,0.0873315
23338,0.010929027
23339,0.02680299
23340,0.005811614
23341,0.009996952
23342,0.016623182
23343,0.009217606
23344,0.0069254767
23345,0.073308885
23346,0.07994703
23347,0.36062938
23348,0.005811614
23349,0.008788443
23350,0.018727792
23351,0.05744908
23352,0.110732965
23353,0.31246084
23354,0.13096897
23355,0.121380515
23356,0.026050067
23357,0.013549449
23358,0.12158721
23359,0.10514961
23360,0.060666494
23361,0.010929027
23362,0.018009743
23363,0.017214494
23364,0.22454964
23365,0.030599356
23366,0.01831666
23367,0.009243296
23368,0.0063401684
23369,0.11021401
23370,0.048287425
23371,0.053776573
23372,0.012862742
23373,0.03235556
23374,0.014643222
23375,0.24771945
23376,0.0271849
23377,0.008911594
23378,0.074451864
23379,0.035402395
23380,0.038025524
23381,0.19479834
23382,0.038804665
23383,0.11617529
23384,0.059746284
23385,0.024916911
23386,0.04243392
23387,0.008463984
23388,0.023957187
23389,0.04745358
23390,0.22874367
23391,0.17048968
23392,0.019818895
23393,0.051986013
23394,0.0649954
23395,0.0070855403
23396,0.008590111
23397,0.3624916
23398,0.7009356
23399,0.07918899
23400,0.05837656
23401,0.102028176
23402,0.107355155
23403,0.038585577
23404,0.12489571
23405,0.1451139
23406,0.08609473
23407,0.90490997
23408,0.033231594
23409,0.009394744
23410,0.04962138
23411,0.027180113
23412,0.04243392
23413,0.01733027
23414,0.11586739
23415,0.36394647
23416,0.081471376
23417,0.1674413
23418,0.010768963
23419,0.039231937
23420,0.09006707
23421,0.033866264
23422,0.028247176
23423,0.037125323
23424,0.034264874
23425,0.005811614
23426,0.0182314
23427,0.050677773
23428,0.023491573
23429,0.12736572
23430,0.006420615
23431,0.038158514
23432,0.013549449
23433,0.03210362
23434,0.07598914
23435,0.054071758
23436,0.0067309365
23437,0.0069237687
23438,0.9775447
23439,0.016539939
23440,0.10402647
23441,0.048701175
23442,0.0074388757
23443,0.06708031
23444,0.039509628
23445,0.012697648
23446,0.007698889
23447,0.28280497
23448,0.0059192013
23449,0.015295952
23450,0.02810923
23451,0.11469298
23452,0.006002142
23453,0.11772575
23454,0.03201752
23455,0.008593423
23456,0.037588097
23457,0.2359919
23458,0.016389782
23459,0.022285359
23460,0.06566175
23461,0.015455873
23462,0.17080338
23463,0.054425173
23464,0.005979537
23465,0.0070855403
23466,0.081471376
23467,0.16612266
23468,0.0956922
23469,0.035120554
23470,0.075810805
23471,0.013131003
23472,0.056790695
23473,0.014550091
23474,0.037342653
23475,0.1891068
23476,0.1758404
23477,0.008109451
23478,0.029158525
23479,0.013148605
23480,0.005811614
23481,0.0129787605
23482,0.034756884
23483,0.016725225
23484,0.005979537
23485,0.008948507
23486,0.010768963
23487,0.02544888
23488,0.016327547
23489,0.07748288
23490,0.048701175
23491,0.12152603
23492,0.009554809
23493,0.033283114
23494,0.20198108
23495,0.010929027
23496,0.00971627
23497,0.038910147
23498,0.01895828
23499,0.013126685
23500,0.027420975
23501,0.011914022
23502,0.018054402
23503,0.011398811
23504,0.013776754
23505,0.008753487
23506,0.0076211453
23507,0.07840294
23508,0.0072377883
23509,0.027339512
23510,0.008788443
23511,0.011798004
23512,0.0070855403
23513,0.15462688
23514,0.011600816
23515,0.06901929
23516,0.008225762
23517,0.008948507
23518,0.026563954
23519,0.10256367
23520,0.0061571402
23521,0.00971627
23522,0.33166426
23523,0.050086018
23524,0.014968293
23525,0.061444703
23526,0.011914022
23527,0.009844704
23528,0.0650206
23529,0.021293046
23530,0.11475618
23531,0.10250481
23532,0.18082738
23533,0.014947212
23534,0.021413943
23535,0.024830895
23536,0.023008285
23537,0.0070855403
23538,0.0077429344
23539,0.010489814
23540,0.0409679
23541,0.005811614
23542,0.005811614
23543,0.08494897
23544,0.038545676
23545,0.18051335
23546,0.0129787605
23547,0.0069254767
23548,0.005811614
23549,0.010109497
23550,0.013776754
23551,0.06320836
23552,0.016662054
23553,0.016688215
23554,0.020564048
23555,0.040101293
23556,0.010489814
23557,0.011914022
23558,0.028293
23559,0.050460607
23560,0.19381192
23561,0.18887445
23562,0.0059192013
23563,0.08699672
23564,0.01849931
23565,0.059137467
23566,0.115701675
23567,0.041554015
23568,0.037695635
23569,0.030593999
23570,0.037905537
23571,0.017924462
23572,0.14243147
23573,0.04297227
23574,0.05783661
23575,0.026480127
23576,0.18605088
23577,0.021090439
23578,0.04725791
23579,0.110857844
23580,0.16763829
23581,0.062798984
23582,0.14459501
23583,0.06371213
23584,0.36354515
23585,0.118061095
23586,0.19899099
23587,0.0505309
23588,0.07433991
23589,0.021482255
23590,0.01824558
23591,0.082724735
23592,0.022577658
23593,0.8574591
23594,0.20535448
23595,0.03849766
23596,0.014346518
23597,0.08429434
23598,0.025215553
23599,0.026889008
23600,0.02185078
23601,0.015332658
23602,0.11698318
23603,0.15926139
23604,0.45873162
23605,0.38963905
23606,0.016430369
23607,0.2828397
23608,0.06351739
23609,0.01968595
23610,0.052203152
23611,0.03300718
23612,0.06915678
23613,0.05863147
23614,0.031942323
23615,0.33744377
23616,0.16662557
23617,0.2032348
23618,0.6060889
23619,0.10244719
23620,0.48593962
23621,0.016730769
23622,0.03718462
23623,0.52016026
23624,0.053561427
23625,0.06962683
23626,0.017997162
23627,0.096498616
23628,0.12112932
23629,0.093857564
23630,0.08484476
23631,0.029290384
23632,0.08216151
23633,0.3175494
23634,0.06304677
23635,0.04250898
23636,0.05863774
23637,0.0977321
23638,0.10052616
23639,0.024714876
23640,0.028888835
23641,0.03813118
23642,0.100998655
23643,0.048593298
23644,0.08622547
23645,0.21028586
23646,0.056461733
23647,0.09407862
23648,0.02065828
23649,0.041611575
23650,0.0456185
23651,0.013480734
23652,0.36275753
23653,0.16211274
23654,0.041770477
23655,0.26993796
23656,0.39039564
23657,0.010109497
23658,0.006500231
23659,0.05271502
23660,0.0069992207
23661,0.012578796
23662,0.008590111
23663,0.062214725
23664,0.11732189
23665,0.25204346
23666,0.21857496
23667,0.01599835
23668,0.081518546
23669,0.021589242
23670,0.045494225
23671,0.030678293
23672,0.28087795
23673,0.0059192013
23674,0.020078836
23675,0.035705686
23676,0.06960814
23677,0.111025706
23678,0.36392432
23679,0.0928604
23680,0.050699815
23681,0.03741215
23682,0.08474924
23683,0.0824635
23684,0.009554809
23685,0.008065699
23686,0.03956717
23687,0.017350063
23688,0.09445596
23689,0.15240046
23690,0.05931319
23691,0.11041154
23692,0.09150007
23693,0.010929027
23694,0.045767892
23695,0.04233781
23696,0.01724982
23697,0.0072040255
23698,0.0059716776
23699,0.11037379
23700,0.037036672
23701,0.104399554
23702,0.038843244
23703,0.032100126
23704,0.025247997
23705,0.011600816
23706,0.0069254767
23707,0.023436736
23708,0.025514321
23709,0.01576818
23710,0.020828124
23711,0.018922858
23712,0.16012456
23713,0.21934094
23714,0.049653552
23715,0.008149055
23716,0.031203775
23717,0.109251164
23718,0.02585064
23719,0.09283916
23720,0.012578796
23721,0.03688147
23722,0.24254897
23723,0.018098447
23724,0.016150596
23725,0.050689146
23726,0.0066742897
23727,0.07807299
23728,0.079519555
23729,0.14021134
23730,0.08928006
23731,0.1100388
23732,0.053181674
23733,0.06890676
23734,0.034068376
23735,0.0826492
23736,0.038926337
23737,0.07777152
23738,0.033067558
23739,0.3892932
23740,0.10929901
23741,0.080690295
23742,0.02934545
23743,0.02043203
23744,0.006023582
23745,0.011914022
23746,0.058576867
23747,0.01724982
23748,0.02524546
23749,0.012537585
23750,0.017902158
23751,0.059121724
23752,0.08134964
23753,0.05868771
23754,0.09967075
23755,0.106236674
23756,0.1396746
23757,0.28102705
23758,0.05585748
23759,0.034007594
23760,0.046862166
23761,0.013708038
23762,0.03004136
23763,0.02276469
23764,0.008225762
23765,0.044602413
23766,0.029055383
23767,0.115521714
23768,0.041017998
23769,0.08816993
23770,0.018638138
23771,0.036556255
23772,0.040101293
23773,0.005811614
23774,0.1347988
23775,0.01895828
23776,0.044038083
23777,0.017869012
23778,0.015216095
23779,0.04676379
23780,0.03241475
23781,0.06394473
23782,0.098895185
23783,0.09553177
23784,0.06708793
23785,0.19917302
23786,0.14410758
23787,0.17373103
23788,0.005811614
23789,0.112038665
23790,0.011151976
23791,0.07180853
23792,0.042889748
23793,0.06470488
23794,0.047359604
23795,0.014855864
23796,0.037203167
23797,0.04327358
23798,0.012748642
23799,0.05878408
23800,0.08206846
23801,0.026563954
23802,0.06800988
23803,0.026701842
23804,0.011551057
23805,0.005811614
23806,0.007698889
23807,0.08481722
23808,0.015185773
23809,0.021679983
23810,0.16346739
23811,0.077272266
23812,0.11451508
23813,0.30621755
23814,0.08212026
23815,0.10541983
23816,0.043005332
23817,0.0706956
23818,0.053181674
23819,0.08328459
23820,0.07764855
23821,0.005811614
23822,0.019287342
23823,0.21296151
23824,0.09922514
23825,0.046862166
23826,0.02750314
23827,0.031846635
23828,0.017518697
23829,0.015838286
23830,0.017902158
23831,0.030442566
23832,0.021946235
23833,0.356164
23834,0.063560516
23835,0.039079092
23836,0.12495234
23837,0.60952646
23838,0.047128927
23839,0.013373507
23840,0.16554503
23841,0.0524352
23842,0.1946751
23843,0.28464898
23844,0.040176053
23845,0.01915288
23846,0.038511164
23847,0.025129577
23848,0.14184774
23849,0.12871574
23850,0.014625445
23851,0.1388703
23852,0.047016036
23853,0.059115216
23854,0.008593423
23855,0.017028863
23856,0.027511861
23857,0.063560516
23858,0.014219682
23859,0.09065312
23860,0.13543077
23861,0.17967132
23862,0.105817094
23863,0.037181377
23864,0.09847624
23865,0.16099077
23866,0.24197274
23867,0.08888336
23868,0.009795208
23869,0.030881748
23870,0.032761328
23871,0.009217606
23872,0.043359417
23873,0.4595621
23874,0.036343664
23875,0.061437108
23876,0.27560747
23877,0.12610109
23878,0.04143021
23879,0.059075933
23880,0.052378125
23881,0.17021675
23882,0.19917302
23883,0.00940336
23884,0.07705132
23885,0.058576867
23886,0.14847316
23887,0.17221414
23888,0.10614259
23889,0.16018803
23890,0.22303323
23891,0.09885404
23892,0.005811614
23893,0.06003694
23894,0.1383783
23895,0.019366818
23896,0.16616547
23897,0.9771092
23898,0.01663648
23899,0.35032585
23900,0.008065699
23901,0.06024796
23902,0.2424623
23903,0.009949433
23904,0.030654417
23905,0.052043088
23906,0.012697648
23907,0.040959436
23908,0.0064870473
23909,0.46127138
23910,0.031614125
23911,0.092530444
23912,0.24390195
23913,0.11562462
23914,0.18974124
23915,0.31411168
23916,0.42114836
23917,0.2271042
23918,0.10786001
23919,0.1297842
23920,0.85972387
23921,0.29193327
23922,0.35965505
23923,0.0066742897
23924,0.023356764
23925,0.12202869
23926,0.05237433
23927,0.011753959
23928,0.008537633
23929,0.034133304
23930,0.007858952
23931,0.0076211453
23932,0.05263853
23933,0.06444435
23934,0.07832958
23935,0.10428301
23936,0.07421996
23937,0.07564998
23938,0.18577074
23939,0.18220574
23940,0.01032975
23941,0.09756654
23942,0.3091771
23943,0.01599835
23944,0.042535458
23945,0.98263633
23946,0.8643029
23947,0.64245516
23948,0.005811614
23949,0.11409779
23950,0.36276075
23951,0.057074454
23952,0.005811614
23953,0.060056064
23954,0.0076211453
23955,0.05291497
23956,0.027444135
23957,0.03118499
23958,0.008225762
23959,0.34047955
23960,0.005811614
23961,0.018816847
23962,0.10099235
23963,0.12342763
23964,0.03614657
23965,0.059440736
23966,0.19856308
23967,0.11896943
23968,0.027075246
23969,0.074552834
23970,0.12847604
23971,0.075380385
23972,0.98263633
23973,0.7508248
23974,0.6151944
23975,0.0069254767
23976,0.016065937
23977,0.018339245
23978,0.35186297
23979,0.045540657
23980,0.20397776
23981,0.016720306
23982,0.04862482
23983,0.019138306
23984,0.13584904
23985,0.17998442
23986,0.117128424
23987,0.39396015
23988,0.34986204
23989,0.49967209
23990,0.1660009
23991,0.1385944
23992,0.06590808
23993,0.057415273
23994,0.10706587
23995,0.09746214
23996,0.053696122
23997,0.11586739
23998,0.17042617
23999,0.08384043
24000,0.09592796
24001,0.023292026
24002,0.860822
24003,0.9782327
24004,0.98263633
24005,0.21590002
24006,0.04789383
24007,0.093857564
24008,0.2902771
24009,0.016229717
24010,0.009387449
24011,0.011753959
24012,0.053696122
24013,0.090972714
24014,0.047018398
24015,0.18652083
24016,0.9798645
24017,0.017086862
24018,0.05838426
24019,0.09486771
24020,0.12140179
24021,0.08725204
24022,0.2064952
24023,0.18392996
24024,0.010250464
24025,0.055442695
24026,0.08927354
24027,0.07596452
24028,0.021316206
24029,0.03235556
24030,0.24292329
24031,0.27320987
24032,0.21341397
24033,0.11749388
24034,0.06078589
24035,0.00940336
24036,0.104920045
24037,0.14061008
24038,0.026824608
24039,0.051154725
24040,0.031232368
24041,0.005811614
24042,0.019385573
24043,0.04229321
24044,0.19534945
24045,0.41967878
24046,0.15088433
24047,0.13611583
24048,0.075524956
24049,0.14411668
24050,0.16733246
24051,0.7260782
24052,0.028200414
24053,0.030807668
24054,0.05907524
24055,0.019385573
24056,0.17744306
24057,0.24597439
24058,0.23269813
24059,0.39039564
24060,0.24314524
24061,0.19948117
24062,0.9810403
24063,0.14419319
24064,0.012910046
24065,0.14481892
24066,0.14727335
24067,0.02524546
24068,0.031202333
24069,0.22307082
24070,0.05032592
24071,0.0170451
24072,0.039796535
24073,0.027479682
24074,0.1220814
24075,0.31295958
24076,0.27102092
24077,0.31163877
24078,0.22653605
24079,0.11630221
24080,0.083512455
24081,0.17984827
24082,0.005811614
24083,0.1891424
24084,0.027760703
24085,0.04698615
24086,0.3401344
24087,0.18868816
24088,0.03315
24089,0.42049113
24090,0.22738767
24091,0.006317204
24092,0.06789976
24093,0.08369957
24094,0.085192084
24095,0.010109497
24096,0.0417396
24097,0.027185451
24098,0.09169948
24099,0.058516525
24100,0.15620998
24101,0.31856441
24102,0.6440404
24103,0.329681
24104,0.24277341
24105,0.3857975
24106,0.10126925
24107,0.06151716
24108,0.044996787
24109,0.1439494
24110,0.18974124
24111,0.038637146
24112,0.037517853
24113,0.09542808
24114,0.11804923
24115,0.0156159345
24116,0.0059716776
24117,0.025265103
24118,0.03463375
24119,0.043045912
24120,0.018897412
24121,0.04084493
24122,0.017518697
24123,0.011914022
24124,0.028467204
24125,0.054176647
24126,0.0387833
24127,0.056393016
24128,0.15755948
24129,0.13475542
24130,0.10756005
24131,0.5248397
24132,0.49029315
24133,0.28372112
24134,0.13640729
24135,0.06515984
24136,0.091758035
24137,0.013776754
24138,0.013150613
24139,0.9798645
24140,0.0480493
24141,0.017947743
24142,0.10930159
24143,0.022299018
24144,0.041086007
24145,0.024667455
24146,0.06617722
24147,0.009556206
24148,0.023353187
24149,0.0061396006
24150,0.024762442
24151,0.005811614
24152,0.039702434
24153,0.08476985
24154,0.08803313
24155,0.545496
24156,0.22232433
24157,0.14241903
24158,0.9761775
24159,0.33501434
24160,0.3621378
24161,0.15830293
24162,0.033565998
24163,0.005811614
24164,0.025363833
24165,0.010122032
24166,0.029923419
24167,0.034105964
24168,0.08380673
24169,0.36381948
24170,0.083538435
24171,0.26576903
24172,0.03782221
24173,0.059418816
24174,0.13361208
24175,0.105822824
24176,0.15976436
24177,0.006395218
24178,0.04746655
24179,0.10734677
24180,0.9778789
24181,0.2251891
24182,0.49176398
24183,0.17794724
24184,0.30744237
24185,0.13559656
24186,0.11212228
24187,0.016488446
24188,0.0074610827
24189,0.02276469
24190,0.11549054
24191,0.10188358
24192,0.055255402
24193,0.17349842
24194,0.01915288
24195,0.05326445
24196,0.014039523
24197,0.18868816
24198,0.018151784
24199,0.016187752
24200,0.10804876
24201,0.17375426
24202,0.018245934
24203,0.08635743
24204,0.10705845
24205,0.029152121
24206,0.10433108
24207,0.008011198
24208,0.084935814
24209,0.08870182
24210,0.024830895
24211,0.10242124
24212,0.097872816
24213,0.04351182
24214,0.008225762
24215,0.16232815
24216,0.008753487
24217,0.047355067
24218,0.008753487
24219,0.012818697
24220,0.10220321
24221,0.037807487
24222,0.03732241
24223,0.04336909
24224,0.18188114
24225,0.32227537
24226,0.54483753
24227,0.11174918
24228,0.012697648
24229,0.010768963
24230,0.020886764
24231,0.03469821
24232,0.07893977
24233,0.16353732
24234,0.005811614
24235,0.018054402
24236,0.012204351
24237,0.009223903
24238,0.017176516
24239,0.0058945557
24240,0.02872546
24241,0.0073975725
24242,0.06536176
24243,0.05547517
24244,0.3052529
24245,0.02294619
24246,0.012510081
24247,0.012647216
24248,0.038057745
24249,0.09430925
24250,0.31246084
24251,0.10489
24252,0.012578796
24253,0.010929027
24254,0.13969232
24255,0.012578796
24256,0.015248625
24257,0.013549449
24258,0.044175576
24259,0.11167819
24260,0.038280386
24261,0.018009743
24262,0.005811614
24263,0.22653605
24264,0.030599356
24265,0.010013766
24266,0.008065699
24267,0.14071171
24268,0.036479287
24269,0.041914154
24270,0.014550091
24271,0.029026782
24272,0.03401566
24273,0.18325052
24274,0.02372842
24275,0.04928846
24276,0.019127278
24277,0.031844452
24278,0.053185463
24279,0.21772067
24280,0.05750995
24281,0.18507373
24282,0.05632492
24283,0.028618768
24284,0.010159846
24285,0.009861906
24286,0.019171324
24287,0.22093917
24288,0.1353654
24289,0.01964105
24290,0.053217147
24291,0.048807677
24292,0.008590111
24293,0.34971824
24294,0.6063755
24295,0.08889656
24296,0.05985576
24297,0.005811614
24298,0.115180455
24299,0.06489633
24300,0.03228994
24301,0.12709203
24302,0.086542964
24303,0.0818597
24304,0.90490997
24305,0.015295952
24306,0.097814314
24307,0.014550091
24308,0.12258727
24309,0.061383832
24310,0.033526853
24311,0.024064839
24312,0.12121462
24313,0.3210278
24314,0.076928
24315,0.140712
24316,0.023687854
24317,0.029474365
24318,0.088639304
24319,0.017670944
24320,0.02755676
24321,0.04067832
24322,0.037793275
24323,0.018549196
24324,0.015179934
24325,0.057151318
24326,0.03123239
24327,0.08466273
24328,0.019828325
24329,0.021340964
24330,0.024090951
24331,0.09479594
24332,0.08311138
24333,0.029513514
24334,0.013797055
24335,0.9775447
24336,0.010533036
24337,0.13239388
24338,0.060598068
24339,0.035258345
24340,0.056809798
24341,0.042828884
24342,0.0061571402
24343,0.25135034
24344,0.02349411
24345,0.015295952
24346,0.03469821
24347,0.16599834
24348,0.006447754
24349,0.010173829
24350,0.076430716
24351,0.025265103
24352,0.009013655
24353,0.27477586
24354,0.03840229
24355,0.016389782
24356,0.0060546184
24357,0.018677212
24358,0.0092873415
24359,0.055958103
24360,0.021199483
24361,0.16629513
24362,0.074145004
24363,0.0070855403
24364,0.06913059
24365,0.14870223
24366,0.105963364
24367,0.095757455
24368,0.06041586
24369,0.03541125
24370,0.014550091
24371,0.030090112
24372,0.16106763
24373,0.19952151
24374,0.008109451
24375,0.043755393
24376,0.012867493
24377,0.011760879
24378,0.0129787605
24379,0.005811614
24380,0.007568669
24381,0.015295952
24382,0.008948507
24383,0.014550091
24384,0.022440417
24385,0.005811614
24386,0.007698889
24387,0.052451305
24388,0.03570595
24389,0.13361208
24390,0.0059716776
24391,0.038245644
24392,0.008433558
24393,0.22526586
24394,0.008378008
24395,0.052509032
24396,0.005811614
24397,0.020573946
24398,0.047084678
24399,0.012697648
24400,0.0060546184
24401,0.030116795
24402,0.013776754
24403,0.008753487
24404,0.0076211453
24405,0.09642914
24406,0.059956502
24407,0.027768468
24408,0.005811614
24409,0.03369499
24410,0.028820965
24411,0.025539832
24412,0.03147182
24413,0.0133056715
24414,0.16166516
24415,0.021651544
24416,0.036340915
24417,0.008225762
24418,0.008948507
24419,0.016268643
24420,0.010929027
24421,0.005811614
24422,0.05900314
24423,0.005811614
24424,0.011760879
24425,0.00971627
24426,0.008948507
24427,0.3517015
24428,0.057090454
24429,0.07332062
24430,0.12244816
24431,0.0059716776
24432,0.04234798
24433,0.025342185
24434,0.14507452
24435,0.12872833
24436,0.18890855
24437,0.010768963
24438,0.028247176
24439,0.048765674
24440,0.024830895
24441,0.016327547
24442,0.019791922
24443,0.008109744
24444,0.045677025
24445,0.005811614
24446,0.006431698
24447,0.08751643
24448,0.08632889
24449,0.03142996
24450,0.19938357
24451,0.0129787605
24452,0.027045466
24453,0.014791497
24454,0.018897412
24455,0.030526664
24456,0.009684639
24457,0.03139905
24458,0.009948965
24459,0.010489814
24460,0.02146449
24461,0.19248536
24462,0.16708077
24463,0.018009743
24464,0.106234334
24465,0.049731307
24466,0.064049825
24467,0.06677071
24468,0.041554015
24469,0.030033037
24470,0.029893365
24471,0.008590111
24472,0.25222424
24473,0.08998774
24474,0.02901463
24475,0.089868724
24476,0.021324107
24477,0.006395218
24478,0.013776754
24479,0.11040752
24480,0.009755326
24481,0.23154354
24482,0.032711126
24483,0.17703599
24484,0.024052082
24485,0.022993173
24486,0.15733026
24487,0.027082864
24488,0.046888
24489,0.010768963
24490,0.09981512
24491,0.011220396
24492,0.6262275
24493,0.17158234
24494,0.04081769
24495,0.16281788
24496,0.06948121
24497,0.03982182
24498,0.005811614
24499,0.013549449
24500,0.018107194
24501,0.14295371
24502,0.22619942
24503,0.3200159
24504,0.3630565
24505,0.04156704
24506,0.11760696
24507,0.21368802
24508,0.16696456
24509,0.008590111
24510,0.013929003
24511,0.08877359
24512,0.04601233
24513,0.104472645
24514,0.14361705
24515,0.09741271
24516,0.32862848
24517,0.1096421
24518,0.2504462
24519,0.37190545
24520,0.15417665
24521,0.008430047
24522,0.3506782
24523,0.027554631
24524,0.018174747
24525,0.5116237
24526,0.121594965
24527,0.027925653
24528,0.0144976135
24529,0.11497466
24530,0.08816993
24531,0.033338167
24532,0.07602773
24533,0.031090237
24534,0.033834964
24535,0.09501105
24536,0.25148574
24537,0.03156777
24538,0.057583783
24539,0.06110047
24540,0.13859355
24541,0.10388703
24542,0.029158525
24543,0.008044684
24544,0.03813118
24545,0.0934474
24546,0.024221925
24547,0.0070250854
24548,0.16790915
24549,0.040181633
24550,0.18882146
24551,0.015167708
24552,0.032811057
24553,0.014618509
24554,0.03392999
24555,0.021995077
24556,0.015535243
24557,0.36310548
24558,0.10820849
24559,0.10978973
24560,0.13091059
24561,0.315775
24562,0.051336877
24563,0.032933652
24564,0.007491302
24565,0.09931817
24566,0.057422344
24567,0.17932925
24568,0.19883776
24569,0.01599835
24570,0.043629896
24571,0.042928044
24572,0.008948507
24573,0.018282337
24574,0.27259466
24575,0.055180628
24576,0.0109133525
24577,0.005811614
24578,0.034921087
24579,0.0069992207
24580,0.024144454
24581,0.13119607
24582,0.37151355
24583,0.14562954
24584,0.073445804
24585,0.005811614
24586,0.041306887
24587,0.07633777
24588,0.0824635
24589,0.00940336
24590,0.027405195
24591,0.005811614
24592,0.104665555
24593,0.16716085
24594,0.08802236
24595,0.08553325
24596,0.09986523
24597,0.010929027
24598,0.051027313
24599,0.050812468
24600,0.009555606
24601,0.029221667
24602,0.11921991
24603,0.059625167
24604,0.112106785
24605,0.02104733
24606,0.015687486
24607,0.019191751
24608,0.018517366
24609,0.010225469
24610,0.018427689
24611,0.04708075
24612,0.0448408
24613,0.03504373
24614,0.030795086
24615,0.21319093
24616,0.24604405
24617,0.02442015
24618,0.045862075
24619,0.031203775
24620,0.06792938
24621,0.08820366
24622,0.07384478
24623,0.014219682
24624,0.012578796
24625,0.07285406
24626,0.23337093
24627,0.030480899
24628,0.014371928
24629,0.056767613
24630,0.0065917615
24631,0.057151318
24632,0.06244117
24633,0.14562413
24634,0.122339144
24635,0.13079025
24636,0.074239194
24637,0.04232275
24638,0.029923419
24639,0.067063496
24640,0.037169367
24641,0.10008143
24642,0.08306816
24643,0.4205385
24644,0.056991685
24645,0.0164582
24646,0.12552592
24647,0.01288449
24648,0.02973533
24649,0.0156159345
24650,0.008753487
24651,0.011914022
24652,0.0420787
24653,0.0488815
24654,0.030393792
24655,0.02963006
24656,0.0156159345
24657,0.02193421
24658,0.06438327
24659,0.10358945
24660,0.059691165
24661,0.06588647
24662,0.08167031
24663,0.15632264
24664,0.29468662
24665,0.07034099
24666,0.02697852
24667,0.08806962
24668,0.021833397
24669,0.049789608
24670,0.03166703
24671,0.029794233
24672,0.0416989
24673,0.13742608
24674,0.031942323
24675,0.12382737
24676,0.033565998
24677,0.031973485
24678,0.029415224
24679,0.007237509
24680,0.13073136
24681,0.010406525
24682,0.093738556
24683,0.0090169255
24684,0.013550576
24685,0.017165996
24686,0.033840246
24687,0.050677773
24688,0.10378393
24689,0.08092867
24690,0.09631701
24691,0.2020731
24692,0.13914306
24693,0.19508325
24694,0.005811614
24695,0.079225436
24696,0.005811614
24697,0.083891355
24698,0.043652702
24699,0.051243037
24700,0.011161722
24701,0.018638944
24702,0.074455306
24703,0.045800004
24704,0.032785818
24705,0.05639086
24706,0.06388502
24707,0.011551057
24708,0.11244218
24709,0.032500334
24710,0.014219682
24711,0.12847523
24712,0.014219682
24713,0.030197017
24714,0.15348768
24715,0.063582405
24716,0.099589646
24717,0.31767017
24718,0.08434092
24719,0.089064725
24720,0.04381233
24721,0.080180585
24722,0.059176087
24723,0.06221182
24724,0.0696629
24725,0.005811614
24726,0.00940336
24727,0.038544267
24728,0.28199837
24729,0.052804198
24730,0.085919335
24731,0.03649878
24732,0.037421405
24733,0.017518697
24734,0.02276469
24735,0.03129448
24736,0.022741936
24737,0.34140286
24738,0.0760646
24739,0.018765759
24740,0.061628066
24741,0.61432946
24742,0.068208754
24743,0.028388504
24744,0.14433844
24745,0.056542534
24746,0.21758528
24747,0.29147696
24748,0.06680268
24749,0.073214896
24750,0.014786523
24751,0.1125143
24752,0.12812172
24753,0.018637162
24754,0.14398171
24755,0.03392192
24756,0.008753487
24757,0.087765105
24758,0.021997614
24759,0.049189653
24760,0.09868883
24761,0.014055683
24762,0.10188131
24763,0.104401946
24764,0.17719337
24765,0.09921811
24766,0.024364393
24767,0.083159834
24768,0.15696049
24769,0.19613487
24770,0.09870071
24771,0.022293998
24772,0.07239876
24773,0.039222684
24774,0.005811614
24775,0.07349332
24776,0.5473117
24777,0.012930342
24778,0.10024578
24779,0.30188158
24780,0.121014826
24781,0.056307595
24782,0.009949433
24783,0.039545845
24784,0.064815
24785,0.18771146
24786,0.22229038
24787,0.00940336
24788,0.08301656
24789,0.06581431
24790,0.12153192
24791,0.1524203
24792,0.08577182
24793,0.19904922
24794,0.22748119
24795,0.109472305
24796,0.05497236
24797,0.10706587
24798,0.040628187
24799,0.18632615
24800,0.9797484
24801,0.09192295
24802,0.041914154
24803,0.31130636
24804,0.0578252
24805,0.041973073
24806,0.2023905
24807,0.005811614
24808,0.05908769
24809,0.06810766
24810,0.011330095
24811,0.07212774
24812,0.0059029628
24813,0.45550898
24814,0.052404657
24815,0.071216516
24816,0.23242988
24817,0.10202505
24818,0.19155756
24819,0.2725322
24820,0.40368962
24821,0.014843526
24822,0.1491096
24823,0.09434655
24824,0.08495357
24825,0.8633123
24826,0.2964721
24827,0.34249967
24828,0.0066742897
24829,0.019265343
24830,0.14090136
24831,0.07901126
24832,0.021713536
24833,0.018816847
24834,0.005811614
24835,0.036754612
24836,0.006714699
24837,0.0076211453
24838,0.02895309
24839,0.068826206
24840,0.057422344
24841,0.08327118
24842,0.06105016
24843,0.10437804
24844,0.18288638
24845,0.13966726
24846,0.007698889
24847,0.107422575
24848,0.22761723
24849,0.005811614
24850,0.045675803
24851,0.982615
24852,0.98062944
24853,0.6205895
24854,0.020475484
24855,0.0156159345
24856,0.11075007
24857,0.36492214
24858,0.08860168
24859,0.037594676
24860,0.056323774
24861,0.05237433
24862,0.038220756
24863,0.008225762
24864,0.3517015
24865,0.013058467
24866,0.03782221
24867,0.06377901
24868,0.076646805
24869,0.030979807
24870,0.064888895
24871,0.19461632
24872,0.15125066
24873,0.009286022
24874,0.07879748
24875,0.09515423
24876,0.07000981
24877,0.982615
24878,0.7192627
24879,0.6205895
24880,0.0065767104
24881,0.024052082
24882,0.008225762
24883,0.37076044
24884,0.049610913
24885,0.21718265
24886,0.019606335
24887,0.09553317
24888,0.009057542
24889,0.17432393
24890,0.112528265
24891,0.09624732
24892,0.4795774
24893,0.33787102
24894,0.48727143
24895,0.18878387
24896,0.11135938
24897,0.058025807
24898,0.038935855
24899,0.099730305
24900,0.093386926
24901,0.04233781
24902,0.022952799
24903,0.15475397
24904,0.18988883
24905,0.07299064
24906,0.1156212
24907,0.018071335
24908,0.9479191
24909,0.97821134
24910,0.982615
24911,0.14793052
24912,0.04049393
24913,0.14670059
24914,0.3517015
24915,0.005811614
24916,0.005811614
24917,0.009556206
24918,0.009394744
24919,0.06078036
24920,0.047997586
24921,0.053422567
24922,0.20881246
24923,0.9811365
24924,0.04568108
24925,0.050369777
24926,0.060695145
24927,0.13643302
24928,0.05744908
24929,0.18878387
24930,0.16662976
24931,0.023425108
24932,0.07442551
24933,0.055324953
24934,0.08508577
24935,0.058009673
24936,0.026976174
24937,0.23419602
24938,0.2136023
24939,0.19024193
24940,0.10018815
24941,0.021713536
24942,0.028899502
24943,0.10378393
24944,0.19786069
24945,0.024364393
24946,0.0633792
24947,0.034643337
24948,0.014390028
24949,0.02807191
24950,0.042906407
24951,0.18046562
24952,0.41233808
24953,0.21593456
24954,0.13002391
24955,0.09339582
24956,0.17147548
24957,0.16593623
24958,0.6122996
24959,0.07413269
24960,0.037959665
24961,0.022741936
24962,0.16803175
24963,0.23077454
24964,0.22761518
24965,0.3915009
24966,0.3042937
24967,0.18742093
24968,0.98101896
24969,0.14821625
24970,0.020100525
24971,0.13699417
24972,0.18542224
24973,0.029923419
24974,0.017159771
24975,0.22679771
24976,0.06466106
24977,0.037973814
24978,0.04376423
24979,0.046115797
24980,0.09980378
24981,0.26656967
24982,0.27102092
24983,0.33007628
24984,0.20042488
24985,0.107536696
24986,0.10176183
24987,0.21321625
24988,0.03166703
24989,0.20556246
24990,0.048120856
24991,0.04926388
24992,0.28387418
24993,0.22413215
24994,0.03904229
24995,0.36368862
24996,0.21368058
24997,0.0060546184
24998,0.06942946
24999,0.1109597
25000,0.028494164
25001,0.010109497
25002,0.010929027
25003,0.008109451
25004,0.04932434
25005,0.06098444
25006,0.06644575
25007,0.068892606
25008,0.10282799
25009,0.31130636
25010,0.71730244
25011,0.3022764
25012,0.230603
25013,0.38601005
25014,0.084681354
25015,0.068208754
25016,0.056606174
25017,0.13908783
25018,0.2025259
25019,0.03263671
25020,0.040130172
25021,0.0059716776
25022,0.13360414
25023,0.022376433
25024,0.015535243
25025,0.05453079
25026,0.056782465
25027,0.013776754
25028,0.0062043713
25029,0.005811614
25030,0.0182314
25031,0.013228311
25032,0.03177525
25033,0.041951984
25034,0.03555141
25035,0.050257005
25036,0.21344854
25037,0.14164168
25038,0.10485639
25039,0.49482206
25040,0.45184547
25041,0.3040969
25042,0.12446582
25043,0.019922871
25044,0.015364375
25045,0.061387274
25046,0.14555816
25047,0.013776754
25048,0.0090169255
25049,0.9811365
25050,0.08257465
25051,0.017947743
25052,0.06380624
25053,0.081556
25054,0.12996748
25055,0.034186415
25056,0.027442561
25057,0.005811614
25058,0.016978279
25059,0.024982382
25060,0.008593423
25061,0.0417396
25062,0.0709832
25063,0.08960831
25064,0.54986787
25065,0.23559017
25066,0.14884196
25067,0.97881675
25068,0.29813856
25069,0.3503779
25070,0.19813299
25071,0.006395218
25072,0.01378215
25073,0.021812001
25074,0.0391973
25075,0.02810748
25076,0.060634274
25077,0.4212374
25078,0.079702996
25079,0.24322581
25080,0.032708034
25081,0.09584418
25082,0.06961696
25083,0.10447839
25084,0.23269813
25085,0.006395218
25086,0.005811614
25087,0.045660097
25088,0.11338818
25089,0.97915095
25090,0.18065925
25091,0.6225374
25092,0.260472
25093,0.33196616
25094,0.15723278
25095,0.14587511
25096,0.0355805
25097,0.025837038
25098,0.008065699
25099,0.00971627
25100,0.018201888
25101,0.02276469
25102,0.16303715
25103,0.10555293
25104,0.108247206
25105,0.26848856
25106,0.010585623
25107,0.06299478
25108,0.005811614
25109,0.27444506
25110,0.0058920626
25111,0.012578796
25112,0.07626564
25113,0.19813299
25114,0.041306887
25115,0.0059716776
25116,0.11436871
25117,0.13268648
25118,0.04261319
25119,0.084799096
25120,0.024443332
25121,0.09555464
25122,0.11117207
25123,0.024830895
25124,0.122597635
25125,0.06448304
25126,0.04721665
25127,0.03815408
25128,0.008225762
25129,0.13854909
25130,0.008753487
25131,0.099600986
25132,0.032580025
25133,0.022349173
25134,0.15143412
25135,0.018861506
25136,0.014976861
25137,0.0070855403
25138,0.050417736
25139,0.15646425
25140,0.27724686
25141,0.6225374
25142,0.12402366
25143,0.012697648
25144,0.008430047
25145,0.005811614
25146,0.020886764
25147,0.048158117
25148,0.012697648
25149,0.04261319
25150,0.1254003
25151,0.005811614
25152,0.008011198
25153,0.012697648
25154,0.016623182
25155,0.008225762
25156,0.015295952
25157,0.10233964
25158,0.073716335
25159,0.36344483
25160,0.012578796
25161,0.005811614
25162,0.020164352
25163,0.051416848
25164,0.11533967
25165,0.31246084
25166,0.13136871
25167,0.008593423
25168,0.15856703
25169,0.026135953
25170,0.030599356
25171,0.040916268
25172,0.15978374
25173,0.048862085
25174,0.0120838685
25175,0.017908182
25176,0.010489814
25177,0.20042488
25178,0.030599356
25179,0.015705084
25180,0.005979537
25181,0.12388981
25182,0.09270176
25183,0.059906326
25184,0.020986462
25185,0.019191751
25186,0.015958782
25187,0.23846985
25188,0.03442213
25189,0.0136166895
25190,0.013929003
25191,0.040339533
25192,0.04090719
25193,0.20072497
25194,0.040390562
25195,0.16791555
25196,0.08797888
25197,0.036590926
25198,0.06295771
25199,0.051764924
25200,0.0186956
25201,0.24335682
25202,0.014744172
25203,0.12576813
25204,0.021324294
25205,0.037127543
25206,0.07449861
25207,0.008590111
25208,0.34952837
25209,0.548562
25210,0.08134151
25211,0.0439563
25212,0.12300834
25213,0.056060903
25214,0.04251312
25215,0.100223385
25216,0.10716282
25217,0.07302187
25218,0.8587247
25219,0.015295952
25220,0.07207725
25221,0.005811614
25222,0.08514682
25223,0.03363473
25224,0.012537585
25225,0.021946235
25226,0.11455175
25227,0.36297008
25228,0.069549605
25229,0.14043264
25230,0.005811614
25231,0.10560074
25232,0.0069254767
25233,0.089340284
25234,0.028871723
25235,0.014551902
25236,0.032372233
25237,0.055463877
25238,0.02276469
25239,0.011238746
25240,0.08116888
25241,0.032864243
25242,0.12522137
25243,0.026697587
25244,0.01253087
25245,0.02465362
25246,0.0059192013
25247,0.09883391
25248,0.07214703
25249,0.019481225
25250,0.02854169
25251,0.97881675
25252,0.015719496
25253,0.12421278
25254,0.061778836
25255,0.0062043713
25256,0.04196698
25257,0.033534925
25258,0.012697648
25259,0.007949388
25260,0.24327338
25261,0.041151103
25262,0.006500231
25263,0.035970137
25264,0.17095087
25265,0.0059192013
25266,0.010173829
25267,0.05898458
25268,0.030386997
25269,0.019697309
25270,0.06419319
25271,0.24806741
25272,0.024052082
25273,0.016389782
25274,0.0060546184
25275,0.008590111
25276,0.005811614
25277,0.07939393
25278,0.0070855403
25279,0.023911083
25280,0.22968389
25281,0.047147706
25282,0.005811614
25283,0.012697648
25284,0.06234568
25285,0.1628251
25286,0.12096287
25287,0.071474195
25288,0.06797611
25289,0.04745358
25290,0.031712104
25291,0.018621465
25292,0.060898554
25293,0.18848918
25294,0.17030251
25295,0.008109451
25296,0.04602391
25297,0.030951243
25298,0.008637468
25299,0.0061571402
25300,0.010489814
25301,0.008056974
25302,0.019905336
25303,0.015295952
25304,0.008834364
25305,0.014550091
25306,0.0061571402
25307,0.009217606
25308,0.007237509
25309,0.0076905736
25310,0.03966176
25311,0.09820204
25312,0.0059716776
25313,0.009554809
25314,0.11185004
25315,0.23274288
25316,0.045422282
25317,0.005811614
25318,0.014121273
25319,0.02323612
25320,0.007858952
25321,0.0061239237
25322,0.012697648
25323,0.013058467
25324,0.008753487
25325,0.14891288
25326,0.048203215
25327,0.048746437
25328,0.011574786
25329,0.010762317
25330,0.0074610827
25331,0.0072851204
25332,0.0116921645
25333,0.009182532
25334,0.18893515
25335,0.015135888
25336,0.05726734
25337,0.008225762
25338,0.008834364
25339,0.057583783
25340,0.010489814
25341,0.015295952
25342,0.041029464
25343,0.008948507
25344,0.3517015
25345,0.06559776
25346,0.055796616
25347,0.11238063
25348,0.07404621
25349,0.008537633
25350,0.010173829
25351,0.005855659
25352,0.10696508
25353,0.017052228
25354,0.10494535
25355,0.2026235
25356,0.0136607345
25357,0.06417259
25358,0.0061239237
25359,0.05593131
25360,0.015455873
25361,0.005811614
25362,0.037879214
25363,0.008225762
25364,0.005811614
25365,0.00818839
25366,0.08452674
25367,0.048020665
25368,0.02424837
25369,0.20519267
25370,0.027460031
25371,0.022155711
25372,0.0059716776
25373,0.007993433
25374,0.035461202
25375,0.04608872
25376,0.018157227
25377,0.013058467
25378,0.024724126
25379,0.036461554
25380,0.010489814
25381,0.005811614
25382,0.0061239237
25383,0.19856277
25384,0.23303744
25385,0.021230103
25386,0.1240165
25387,0.01849931
25388,0.13650523
25389,0.011976427
25390,0.050296985
25391,0.011321745
25392,0.032282323
25393,0.03268545
25394,0.06542385
25395,0.014801277
25396,0.042552304
25397,0.036528245
25398,0.025869258
25399,0.16742949
25400,0.08074836
25401,0.069173865
25402,0.040521074
25403,0.16086233
25404,0.03317295
25405,0.09092596
25406,0.044329155
25407,0.18692644
25408,0.06278502
25409,0.27506614
25410,0.10748728
25411,0.22810838
25412,0.055181395
25413,0.02329148
25414,0.022114784
25415,0.035086513
25416,0.011248316
25417,0.20065406
25418,0.5366955
25419,0.20474331
25420,0.040180314
25421,0.10982183
25422,0.04657698
25423,0.014484247
25424,0.059721436
25425,0.041484665
25426,0.03360738
25427,0.035027392
25428,0.09229941
25429,0.22962865
25430,0.47992602
25431,0.36993495
25432,0.04092967
25433,0.070328996
25434,0.19101919
25435,0.14186752
25436,0.008478653
25437,0.090307176
25438,0.070820056
25439,0.106205225
25440,0.047860958
25441,0.017931197
25442,0.25058934
25443,0.046882603
25444,0.16977185
25445,0.3873335
25446,0.13294011
25447,0.020429907
25448,0.3606858
25449,0.06518607
25450,0.5230001
25451,0.085629754
25452,0.06272891
25453,0.025987398
25454,0.019344153
25455,0.022985516
25456,0.10167283
25457,0.08501917
25458,0.03323386
25459,0.04833232
25460,0.25754803
25461,0.038286272
25462,0.059040867
25463,0.05365499
25464,0.09483287
25465,0.096151456
25466,0.035027392
25467,0.037652288
25468,0.033593804
25469,0.054477517
25470,0.1553534
25471,0.20659167
25472,0.053433884
25473,0.013330747
25474,0.015511656
25475,0.36033994
25476,0.16067256
25477,0.03325329
25478,0.24187629
25479,0.43057972
25480,0.12726957
25481,0.092724964
25482,0.01752543
25483,0.022580523
25484,0.032282323
25485,0.06127167
25486,0.14388871
25487,0.17788544
25488,0.37035948
25489,0.015921969
25490,0.062455844
25491,0.043458905
25492,0.020390872
25493,0.0059079533
25494,0.048549138
25495,0.22638723
25496,0.0060155406
25497,0.03210513
25498,0.010481872
25499,0.06348917
25500,0.016539197
25501,0.02368273
25502,0.16345046
25503,0.40187025
25504,0.13955015
25505,0.116451055
25506,0.017145706
25507,0.018510388
25508,0.053941082
25509,0.085629754
25510,0.025932949
25511,0.14778745
25512,0.10118993
25513,0.07145041
25514,0.08815374
25515,0.06741248
25516,0.04505555
25517,0.05031559
25518,0.021172307
25519,0.033423446
25520,0.006068017
25521,0.13764498
25522,0.063789584
25523,0.08683477
25524,0.011321745
25525,0.022038545
25526,0.019577563
25527,0.0327034
25528,0.0062534795
25529,0.03126151
25530,0.053288806
25531,0.025563603
25532,0.016817642
25533,0.198038
25534,0.2829452
25535,0.012018303
25536,0.03050565
25537,0.06546921
25538,0.14149772
25539,0.020135995
25540,0.08087634
25541,0.014152023
25542,0.006388187
25543,0.22706859
25544,0.016546339
25545,0.006665493
25546,0.023743222
25547,0.006604781
25548,0.05974866
25549,0.060705055
25550,0.1484183
25551,0.140298
25552,0.18108648
25553,0.049562287
25554,0.01627271
25555,0.018655218
25556,0.07628431
25557,0.04257861
25558,0.1330035
25559,0.07753446
25560,0.4130097
25561,0.06067945
25562,0.1347961
25563,0.06740024
25564,0.029125083
25565,0.017672915
25566,0.04482383
25567,0.016040016
25568,0.025802074
25569,0.06895272
25570,0.090478495
25571,0.06415641
25572,0.08301956
25573,0.070890404
25574,0.13665517
25575,0.3399529
25576,0.052667715
25577,0.030473277
25578,0.086373895
25579,0.014083308
25580,0.0146621615
25581,0.06989316
25582,0.059020303
25583,0.12818545
25584,0.050386384
25585,0.13664201
25586,0.053614546
25587,0.04028218
25588,0.042853612
25589,0.16824901
25590,0.010141735
25591,0.019411594
25592,0.10598238
25593,0.008547073
25594,0.010077403
25595,0.023985703
25596,0.023304239
25597,0.043718524
25598,0.09276289
25599,0.09245128
25600,0.09334649
25601,0.17729947
25602,0.1179836
25603,0.22411735
25604,0.0059079533
25605,0.09703857
25606,0.05476664
25607,0.05079335
25608,0.035147563
25609,0.054721538
25610,0.029644497
25611,0.056292895
25612,0.049719878
25613,0.025953084
25614,0.07503985
25615,0.01906804
25616,0.13527738
25617,0.013154807
25618,0.032838367
25619,0.18725903
25620,0.06062685
25621,0.1356592
25622,0.3507445
25623,0.11077461
25624,0.12859198
25625,0.06033814
25626,0.036084488
25627,0.057937168
25628,0.079180725
25629,0.058535714
25630,0.057810556
25631,0.29724848
25632,0.06340537
25633,0.086703844
25634,0.084014066
25635,0.0689018
25636,0.021886298
25637,0.018226173
25638,0.027810123
25639,0.34057623
25640,0.06050163
25641,0.030234927
25642,0.07443978
25643,0.6162026
25644,0.06513079
25645,0.0145018445
25646,0.130287
25647,0.062459726
25648,0.19759984
25649,0.30313453
25650,0.07214212
25651,0.02562447
25652,0.03235435
25653,0.12873739
25654,0.17147775
25655,0.03972858
25656,0.093985826
25657,0.013837491
25658,0.04599462
25659,0.014690078
25660,0.0113376565
25661,0.0826854
25662,0.11810111
25663,0.006528037
25664,0.09369943
25665,0.13395524
25666,0.22952396
25667,0.07869909
25668,0.018662632
25669,0.10432609
25670,0.14465329
25671,0.16064987
25672,0.045278594
25673,0.03212519
25674,0.016074214
25675,0.06196672
25676,0.5494609
25677,0.0293471
25678,0.11182518
25679,0.27777773
25680,0.1573683
25681,0.017695274
25682,0.013330747
25683,0.039066944
25684,0.07129202
25685,0.17395322
25686,0.16998665
25687,0.009353754
25688,0.06568432
25689,0.05341509
25690,0.10544938
25691,0.10218601
25692,0.085287146
25693,0.19043878
25694,0.2180932
25695,0.08668263
25696,0.070820056
25697,0.05683277
25698,0.0782449
25699,0.24246624
25700,0.980115
25701,0.045484733
25702,0.38545308
25703,0.042340096
25704,0.18035933
25705,0.047668688
25706,0.068896204
25707,0.012419543
25708,0.060410134
25709,0.0074230083
25710,0.48790354
25711,0.01732878
25712,0.069322035
25713,0.2048917
25714,0.119221054
25715,0.19759984
25716,0.23218438
25717,0.3700781
25718,0.019508848
25719,0.18179807
25720,0.102003194
25721,0.11882434
25722,0.9762479
25723,0.41447178
25724,0.4810446
25725,0.0066881008
25726,0.01792309
25727,0.120099984
25728,0.0230788
25729,0.021596372
25730,0.036379747
25731,0.011248316
25732,0.014723842
25733,0.043606233
25734,0.0065132515
25735,0.007857868
25736,0.0077174855
25737,0.061525863
25738,0.066307366
25739,0.10144047
25740,0.07713563
25741,0.11579651
25742,0.0727271
25743,0.17896028
25744,0.07014313
25745,0.045368437
25746,0.090531625
25747,0.25872466
25748,0.01057768
25749,0.07008955
25750,0.98298156
25751,0.9821763
25752,0.6918668
25753,0.015761904
25754,0.0059079533
25755,0.15103148
25756,0.38556072
25757,0.078319654
25758,0.0059079533
25759,0.07690463
25760,0.0301295
25761,0.0077174855
25762,0.01623853
25763,0.03360508
25764,0.041975822
25765,0.04476108
25766,0.007857868
25767,0.36196423
25768,0.013154807
25769,0.019656502
25770,0.050332375
25771,0.07566925
25772,0.032559525
25773,0.036101185
25774,0.22722368
25775,0.16676165
25776,0.0963176
25777,0.07107766
25778,0.09326231
25779,0.98298156
25780,0.8675016
25781,0.73445636
25782,0.011824265
25783,0.019280374
25784,0.023740677
25785,0.017348573
25786,0.44685763
25787,0.046472903
25788,0.2210742
25789,0.02587347
25790,0.122173205
25791,0.13594379
25792,0.09238892
25793,0.1413372
25794,0.43084288
25795,0.35949537
25796,0.38869107
25797,0.13407812
25798,0.0784074
25799,0.038632367
25800,0.035887744
25801,0.1091956
25802,0.06803899
25803,0.023743222
25804,0.13007152
25805,0.122092895
25806,0.10759359
25807,0.11290324
25808,0.017365366
25809,0.95043135
25810,0.9785779
25811,0.98298156
25812,0.15729354
25813,0.020334153
25814,0.14653191
25815,0.017060108
25816,0.37095392
25817,0.008205791
25818,0.010681963
25819,0.012959082
25820,0.028082058
25821,0.060874768
25822,0.044853155
25823,0.22890398
25824,0.98150307
25825,0.034754124
25826,0.07060786
25827,0.051859356
25828,0.15027624
25829,0.054912068
25830,0.20039235
25831,0.18856782
25832,0.0718343
25833,0.09900306
25834,0.116677046
25835,0.09043031
25836,0.03307748
25837,0.020742217
25838,0.22789368
25839,0.22834988
25840,0.18656711
25841,0.0964286
25842,0.021596372
25843,0.08049928
25844,0.04852982
25845,0.16276361
25846,0.021378031
25847,0.04034732
25848,0.028005814
25849,0.012994743
25850,0.033423446
25851,0.080055
25852,0.1854033
25853,0.48023278
25854,0.22087522
25855,0.19809581
25856,0.091073535
25857,0.1257638
25858,0.094492294
25859,0.5512229
25860,0.03361048
25861,0.0075352155
25862,0.028680133
25863,0.16280384
25864,0.25419676
25865,0.20888324
25866,0.38556072
25867,0.26507416
25868,0.20368823
25869,0.9813855
25870,0.080877155
25871,0.020885052
25872,0.12625957
25873,0.19655956
25874,0.01662169
25875,0.075065166
25876,0.23136555
25877,0.006068017
25878,0.056020938
25879,0.011269268
25880,0.028403237
25881,0.05622497
25882,0.07435025
25883,0.2654994
25884,0.23486616
25885,0.32738367
25886,0.23507774
25887,0.11995642
25888,0.12686658
25889,0.17999996
25890,0.011824265
25891,0.01751285
25892,0.09950185
25893,0.06453038
25894,0.028254194
25895,0.32071608
25896,0.16449238
25897,0.018116176
25898,0.36938944
25899,0.32016414
25900,0.0061509577
25901,0.0692896
25902,0.13575664
25903,0.06562904
25904,0.0059079533
25905,0.010842026
25906,0.019062882
25907,0.082333274
25908,0.07998127
25909,0.047076747
25910,0.076783724
25911,0.3269884
25912,0.62535954
25913,0.2646093
25914,0.24276187
25915,0.35079142
25916,0.10724924
25917,0.01752543
25918,0.032425098
25919,0.078644834
25920,0.15222047
25921,0.19759984
25922,0.018123634
25923,0.01327827
25924,0.08110019
25925,0.08859117
25926,0.015511656
25927,0.006068017
25928,0.06420358
25929,0.08811026
25930,0.03457634
25931,0.030769795
25932,0.017145706
25933,0.018226173
25934,0.015564159
25935,0.032770045
25936,0.07695974
25937,0.054912988
25938,0.04823512
25939,0.16990854
25940,0.11520852
25941,0.08036066
25942,0.48268673
25943,0.44488004
25944,0.22521743
25945,0.14997803
25946,0.05039593
25947,0.0061364365
25948,0.040478412
25949,0.12180436
25950,0.013558051
25951,0.0295856
25952,0.98150307
25953,0.0565573
25954,0.015511656
25955,0.11894005
25956,0.038826887
25957,0.13214506
25958,0.06451932
25959,0.058629315
25960,0.006353187
25961,0.024842644
25962,0.066450335
25963,0.10516182
25964,0.4901369
25965,0.22868538
25966,0.13613835
25967,0.9803636
25968,0.28140822
25969,0.3398049
25970,0.15741043
25971,0.018113928
25972,0.055127215
25973,0.0059079533
25974,0.045404147
25975,0.05253653
25976,0.013710294
25977,0.04852982
25978,0.4879123
25979,0.058287915
25980,0.23218438
25981,0.022580523
25982,0.08967006
25983,0.07871645
25984,0.13421784
25985,0.19727042
25986,0.04835716
25987,0.019018836
25988,0.0059079533
25989,0.032196477
25990,0.12285948
25991,0.9806978
25992,0.14265779
25993,0.62441057
25994,0.26829594
25995,0.24259606
25996,0.16554515
25997,0.15710685
25998,0.007697805
25999,0.009505997
26000,0.06164932
26001,0.12428684
26002,0.093037106
26003,0.0480991
26004,0.33803254
26005,0.028142925
26006,0.028393859
26007,0.009515212
26008,0.273431
26009,0.005988402
26010,0.117996246
26011,0.1867381
26012,0.026365303
26013,0.006068017
26014,0.12956609
26015,0.14787336
26016,0.0971145
26017,0.11158119
26018,0.081592694
26019,0.060574096
26020,0.012852903
26021,0.11156023
26022,0.12185622
26023,0.024273809
26024,0.008205791
26025,0.14420903
26026,0.008849827
26027,0.0059079533
26028,0.11651003
26029,0.008849827
26030,0.024079703
26031,0.091709055
26032,0.03788235
26033,0.033003263
26034,0.006993964
26035,0.0622858
26036,0.16044147
26037,0.26658723
26038,0.5928554
26039,0.095030665
26040,0.017145706
26041,0.012540594
26042,0.009729581
26043,0.059782512
26044,0.0059079533
26045,0.044123653
26046,0.16445792
26047,0.0059079533
26048,0.022038545
26049,0.012419543
26050,0.006220263
26051,0.012396091
26052,0.015272367
26053,0.07690463
26054,0.06250245
26055,0.3365575
26056,0.007142456
26057,0.0062534795
26058,0.02676428
26059,0.06009629
26060,0.13241328
26061,0.319873
26062,0.14429197
26063,0.012300691
26064,0.0059079533
26065,0.15111907
26066,0.021605022
26067,0.04026689
26068,0.037301734
26069,0.15444781
26070,0.028322497
26071,0.010842026
26072,0.017633017
26073,0.010481872
26074,0.2615698
26075,0.029935738
26076,0.018226173
26077,0.014690078
26078,0.024564283
26079,0.103045456
26080,0.08382891
26081,0.03955551
26082,0.008770639
26083,0.024276346
26084,0.047258243
26085,0.33914524
26086,0.030011121
26087,0.027985325
26088,0.029727992
26089,0.044711042
26090,0.20707822
26091,0.056020938
26092,0.18016036
26093,0.06844734
26094,0.039720427
26095,0.016706023
26096,0.032293964
26097,0.04544978
26098,0.011976515
26099,0.2615698
26100,0.09092596
26101,0.014690078
26102,0.22193994
26103,0.02232325
26104,0.040011153
26105,0.05068071
26106,0.008478653
26107,0.3377777
26108,0.4567356
26109,0.05792504
26110,0.06861918
26111,0.0059079533
26112,0.12640965
26113,0.02361468
26114,0.011324998
26115,0.10234049
26116,0.17480257
26117,0.080496386
26118,0.97629553
26119,0.08789649
26120,0.014992347
26121,0.05412994
26122,0.07751296
26123,0.008893791
26124,0.016854385
26125,0.11477495
26126,0.3795525
26127,0.08745492
26128,0.11160457
26129,0.0191789
26130,0.0059079533
26131,0.113733
26132,0.0091936905
26133,0.09019031
26134,0.0260391
26135,0.006068017
26136,0.009813408
26137,0.012905725
26138,0.058422368
26139,0.021886298
26140,0.06318438
26141,0.13419673
26142,0.006156324
26143,0.049528472
26144,0.013330747
26145,0.03265582
26146,0.07477839
26147,0.13409014
26148,0.019577563
26149,0.006491557
26150,0.9803636
26151,0.027417984
26152,0.16387656
26153,0.029599115
26154,0.02922226
26155,0.022184867
26156,0.047413304
26157,0.007557422
26158,0.03455708
26159,0.22120047
26160,0.026365303
26161,0.011147877
26162,0.008930704
26163,0.0065132515
26164,0.005990895
26165,0.0183998
26166,0.02310099
26167,0.12884724
26168,0.019023381
26169,0.010141735
26170,0.094153725
26171,0.006491557
26172,0.007021816
26173,0.019098882
26174,0.31948164
26175,0.0113376565
26176,0.008478653
26177,0.03314542
26178,0.07046583
26179,0.0071818796
26180,0.01875573
26181,0.20701078
26182,0.06361211
26183,0.012419543
26184,0.010773311
26185,0.049322385
26186,0.16299099
26187,0.07288013
26188,0.06435983
26189,0.08243978
26190,0.04002576
26191,0.01561111
26192,0.013330747
26193,0.06217104
26194,0.21647395
26195,0.1683844
26196,0.0071818796
26197,0.04725248
26198,0.024766477
26199,0.0059079533
26200,0.0059079533
26201,0.010481872
26202,0.0076650083
26203,0.009019671
26204,0.008930704
26205,0.014152023
26206,0.009167997
26207,0.017029688
26208,0.04063395
26209,0.040193032
26210,0.16672215
26211,0.060054503
26212,0.008205791
26213,0.25846627
26214,0.020260109
26215,0.011607708
26216,0.03062121
26217,0.0067196903
26218,0.010141735
26219,0.007857868
26220,0.013844013
26221,0.016773935
26222,0.012419543
26223,0.013154807
26224,0.032846354
26225,0.00864203
26226,0.0077174855
26227,0.076738745
26228,0.051066898
26229,0.05610656
26230,0.0059079533
26231,0.03996681
26232,0.014152023
26233,0.0071818796
26234,0.019905783
26235,0.006993964
26236,0.15528983
26237,0.011161681
26238,0.05132827
26239,0.005999302
26240,0.008930704
26241,0.006220263
26242,0.010481872
26243,0.019221846
26244,0.089015596
26245,0.013154807
26246,0.0059079533
26247,0.013996754
26248,0.2923467
26249,0.0648293
26250,0.092993304
26251,0.07507916
26252,0.006068017
26253,0.07690307
26254,0.020420795
26255,0.12342982
26256,0.029855292
26257,0.13027157
26258,0.13332325
26259,0.016040016
26260,0.010842026
26261,0.023859242
26262,0.021886298
26263,0.0071818796
26264,0.0059079533
26265,0.0059079533
26266,0.017348573
26267,0.040485363
26268,0.0060758763
26269,0.106733836
26270,0.06765338
26271,0.027141804
26272,0.16767132
26273,0.0059079533
26274,0.013991958
26275,0.006068017
26276,0.017120976
26277,0.018097255
26278,0.047130194
26279,0.017780503
26280,0.044950668
26281,0.0550933
26282,0.010481872
26283,0.0059079533
26284,0.039764825
26285,0.023383852
26286,0.20966153
26287,0.20877422
26288,0.008478653
26289,0.080701105
26290,0.012700657
26291,0.030117817
26292,0.10106146
26293,0.029118143
26294,0.04091664
26295,0.032282323
26296,0.044421252
26297,0.010218372
26298,0.092909105
26299,0.006572082
26300,0.048974067
26301,0.021708835
26302,0.24555732
26303,0.03983028
26304,0.041248236
26305,0.098785445
26306,0.078329146
26307,0.019071372
26308,0.0068370798
26309,0.029386722
26310,0.10677229
26311,0.07281415
26312,0.24481882
26313,0.020491166
26314,0.18410075
26315,0.055927847
26316,0.023740677
26317,0.025476955
26318,0.006879753
26319,0.03054656
26320,0.014495996
26321,0.14000998
26322,0.027486928
26323,0.7236197
26324,0.1832954
26325,0.035963353
26326,0.040180314
26327,0.14259876
26328,0.065887876
26329,0.019054618
26330,0.021516781
26331,0.08994859
26332,0.032118842
26333,0.05730886
26334,0.22828028
26335,0.45485035
26336,0.3631051
26337,0.061855417
26338,0.115044564
26339,0.12397646
26340,0.09988576
26341,0.080652416
26342,0.06808157
26343,0.043778237
26344,0.27379858
26345,0.094804004
26346,0.21619184
26347,0.36957258
26348,0.12058731
26349,0.020571822
26350,0.41402054
26351,0.01015336
26352,0.08360461
26353,0.5939813
26354,0.066050865
26355,0.091191694
26356,0.0225531
26357,0.13188717
26358,0.04048198
26359,0.10076335
26360,0.10764511
26361,0.029386722
26362,0.012706458
26363,0.030857254
26364,0.23535654
26365,0.07223014
26366,0.040012028
26367,0.13777108
26368,0.11675984
26369,0.1396289
26370,0.038065147
26371,0.0059079533
26372,0.03567378
26373,0.07633529
26374,0.074517116
26375,0.035059128
26376,0.051803738
26377,0.018578805
26378,0.0059079533
26379,0.006068017
26380,0.013330747
26381,0.36315405
26382,0.08025921
26383,0.0074824546
26384,0.20707606
26385,0.3060801
26386,0.16801824
26387,0.0369995
26388,0.035840496
26389,0.019974146
26390,0.044833634
26391,0.0075876415
26392,0.010582433
26393,0.061966848
26394,0.10938767
26395,0.2180113
26396,0.3504742
26397,0.016002662
26398,0.032580793
26399,0.022106051
26400,0.008930704
26401,0.06230806
26402,0.034431703
26403,0.17433284
26404,0.029445387
26405,0.024894947
26406,0.06420737
26407,0.025408639
26408,0.007031997
26409,0.04125247
26410,0.4129449
26411,0.09655994
26412,0.1081727
26413,0.011511062
26414,0.07837581
26415,0.08990086
26416,0.007031997
26417,0.014444914
26418,0.089256026
26419,0.12008844
26420,0.08945188
26421,0.0736904
26422,0.10755251
26423,0.010842026
26424,0.04374991
26425,0.038437963
26426,0.022296095
26427,0.009082521
26428,0.10825749
26429,0.05736044
26430,0.10863133
26431,0.010201454
26432,0.021748615
26433,0.011442673
26434,0.0429965
26435,0.007557422
26436,0.01739578
26437,0.050147086
26438,0.0077174855
26439,0.020353815
26440,0.032761406
26441,0.22275212
26442,0.28255036
26443,0.026537437
26444,0.022121489
26445,0.05850968
26446,0.08978067
26447,0.10797864
26448,0.015392291
26449,0.019014888
26450,0.0059079533
26451,0.027570754
26452,0.22172523
26453,0.030799761
26454,0.026271112
26455,0.0066881008
26456,0.056544278
26457,0.05736044
26458,0.15551423
26459,0.124225184
26460,0.17181478
26461,0.057001814
26462,0.026819713
26463,0.021868868
26464,0.080233455
26465,0.012276167
26466,0.0059079533
26467,0.12544106
26468,0.02535156
26469,0.48575225
26470,0.12420079
26471,0.030799761
26472,0.14792109
26473,0.08989151
26474,0.057511616
26475,0.008689763
26476,0.017970419
26477,0.012010362
26478,0.03018645
26479,0.018662632
26480,0.0068338993
26481,0.032498635
26482,0.10711245
26483,0.090504974
26484,0.09410268
26485,0.06779175
26486,0.10759076
26487,0.14483313
26488,0.31653956
26489,0.060299713
26490,0.04246458
26491,0.054210115
26492,0.027407356
26493,0.043420862
26494,0.06637485
26495,0.11921515
26496,0.063273944
26497,0.1311911
26498,0.060423642
26499,0.04832787
26500,0.010681963
26501,0.01752543
26502,0.19346352
26503,0.008781112
26504,0.0063007106
26505,0.031660162
26506,0.019317634
26507,0.010205837
26508,0.0059079533
26509,0.010910442
26510,0.03007116
26511,0.07758056
26512,0.07278544
26513,0.08044522
26514,0.074174635
26515,0.20101021
26516,0.1282109
26517,0.181854
26518,0.014302135
26519,0.094686285
26520,0.035472877
26521,0.027333543
26522,0.07951821
26523,0.02958028
26524,0.035868652
26525,0.007697805
26526,0.026677111
26527,0.048824973
26528,0.026660291
26529,0.027964912
26530,0.013307049
26531,0.075844035
26532,0.051210284
26533,0.16811918
26534,0.059759945
26535,0.14654131
26536,0.3627123
26537,0.11324224
26538,0.13130331
26539,0.049771965
26540,0.048660047
26541,0.03838975
26542,0.058495868
26543,0.067857996
26544,0.009812609
26545,0.04021674
26546,0.36060658
26547,0.07369541
26548,0.061966848
26549,0.047563292
26550,0.06481972
26551,0.017243536
26552,0.022605576
26553,0.018327737
26554,0.013713029
26555,0.03704013
26556,0.38640675
26557,0.07091345
26558,0.022397425
26559,0.08047512
26560,0.59410846
26561,0.07750094
26562,0.022091415
26563,0.13318135
26564,0.047202423
26565,0.22876576
26566,0.3081956
26567,0.049046095
26568,0.011511062
26569,0.036826216
26570,0.06887861
26571,0.09669124
26572,0.2027752
26573,0.049690187
26574,0.09245069
26575,0.06156995
26576,0.07615322
26577,0.011671126
26578,0.015471234
26579,0.05479584
26580,0.07961831
26581,0.0062534795
26582,0.124932095
26583,0.12398014
26584,0.22878984
26585,0.08619325
26586,0.023359274
26587,0.111651085
26588,0.16661158
26589,0.24136017
26590,0.018271085
26591,0.07380073
26592,0.08185797
26593,0.103231676
26594,0.6185041
26595,0.13646238
26596,0.28126544
26597,0.14871919
26598,0.0130751
26599,0.03870015
26600,0.013645789
26601,0.052890312
26602,0.09654606
26603,0.22235988
26604,0.16824624
26605,0.009353754
26606,0.07948809
26607,0.08217272
26608,0.11816135
26609,0.105899364
26610,0.13542503
26611,0.20719913
26612,0.24265936
26613,0.10565613
26614,0.081894375
26615,0.07532013
26616,0.07268806
26617,0.21569262
26618,0.9800667
26619,0.023475863
26620,0.3029304
26621,0.0583341
26622,0.24090673
26623,0.04524118
26624,0.07488221
26625,0.0059079533
26626,0.034776166
26627,0.0062298975
26628,0.45661637
26629,0.038958196
26630,0.07059129
26631,0.2494482
26632,0.112673104
26633,0.1764664
26634,0.27262852
26635,0.35071784
26636,0.0060155406
26637,0.20788714
26638,0.10976396
26639,0.07538857
26640,0.97848207
26641,0.39197335
26642,0.41303974
26643,0.0073709404
26644,0.1436762
26645,0.028609855
26646,0.025935913
26647,0.006528037
26648,0.050223153
26649,0.006492483
26650,0.03294939
26651,0.0065132515
26652,0.009019671
26653,0.0077174855
26654,0.049517117
26655,0.054490507
26656,0.05369849
26657,0.09313874
26658,0.091818735
26659,0.08723045
26660,0.10799317
26661,0.1369638
26662,0.049420685
26663,0.050953932
26664,0.2849138
26665,0.0059079533
26666,0.03423461
26667,0.9829333
26668,0.982128
26669,0.7350153
26670,0.0065965704
26671,0.020650761
26672,0.015631579
26673,0.075427264
26674,0.36192816
26675,0.11324224
26676,0.0687213
26677,0.018865895
26678,0.055673674
26679,0.056940943
26680,0.03908887
26681,0.036233522
26682,0.37167624
26683,0.016060617
26684,0.021754002
26685,0.09103595
26686,0.05851264
26687,0.03492566
26688,0.04735126
26689,0.22576435
26690,0.13074155
26691,0.058633137
26692,0.09792528
26693,0.12970176
26694,0.0948473
26695,0.9829333
26696,0.7587152
26697,0.650376
26698,0.016691951
26699,0.02414842
26700,0.3622814
26701,0.08660765
26702,0.19392256
26703,0.02355969
26704,0.091515444
26705,0.009652546
26706,0.15796818
26707,0.1074154
26708,0.15841816
26709,0.3177519
26710,0.3258105
26711,0.3619303
26712,0.11103068
26713,0.08437573
26714,0.06113595
26715,0.03443635
26716,0.085761786
26717,0.022841103
26718,0.032082237
26719,0.10207991
26720,0.115044564
26721,0.06512423
26722,0.060402796
26723,0.011088253
26724,0.9792823
26725,0.97852963
26726,0.9829333
26727,0.10736407
26728,0.056735966
26729,0.08675377
26730,0.030048667
26731,0.2829776
26732,0.0059079533
26733,0.008322102
26734,0.01612071
26735,0.016791534
26736,0.01796535
26737,0.05989123
26738,0.044816736
26739,0.18065536
26740,0.9814548
26741,0.026341913
26742,0.11630936
26743,0.038929116
26744,0.16803062
26745,0.07567011
26746,0.16100998
26747,0.19362374
26748,0.07407263
26749,0.09413914
26750,0.13312472
26751,0.10747307
26752,0.04809621
26753,0.020884132
26754,0.26002452
26755,0.22711475
26756,0.21747501
26757,0.04331148
26758,0.021596372
26759,0.024397027
26760,0.009353754
26761,0.104139484
26762,0.20082122
26763,0.019622223
26764,0.04109708
26765,0.019875744
26766,0.011511062
26767,0.011088253
26768,0.043122698
26769,0.06545157
26770,0.19510303
26771,0.42189142
26772,0.15336321
26773,0.19287874
26774,0.074049614
26775,0.17739041
26776,0.09743444
26777,0.52915984
26778,0.03678217
26779,0.05266565
26780,0.029118143
26781,0.13791507
26782,0.20896026
26783,0.20263337
26784,0.38716108
26785,0.2255079
26786,0.20954587
26787,0.98133725
26788,0.11456937
26789,0.010110105
26790,0.18959631
26791,0.22992425
26792,0.0059079533
26793,0.23202035
26794,0.062193297
26795,0.010789545
26796,0.042800155
26797,0.031602554
26798,0.061362945
26799,0.27264878
26800,0.27788046
26801,0.3184983
26802,0.22654918
26803,0.13299167
26804,0.13520762
26805,0.21282874
26806,0.012010362
26807,0.023115678
26808,0.14607929
26809,0.05544975
26810,0.040378746
26811,0.38804537
26812,0.18317674
26813,0.031276476
26814,0.48852494
26815,0.23841937
26816,0.020786019
26817,0.1348564
26818,0.07726203
26819,0.027175508
26820,0.010077403
26821,0.018350324
26822,0.03266375
26823,0.07357108
26824,0.07166417
26825,0.105094805
26826,0.27873597
26827,0.7201201
26828,0.27414656
26829,0.22244191
26830,0.36041147
26831,0.09820809
26832,0.07014142
26833,0.07888138
26834,0.15027818
26835,0.20743644
26836,0.050947282
26837,0.021703959
26838,0.06753094
26839,0.074937515
26840,0.0459052
26841,0.006068017
26842,0.06749283
26843,0.034879036
26844,0.013713029
26845,0.0063007106
26846,0.017243536
26847,0.026232291
26848,0.023523284
26849,0.067226015
26850,0.030086556
26851,0.07311505
26852,0.18578333
26853,0.1541439
26854,0.11626369
26855,0.54626834
26856,0.54535025
26857,0.22084002
26858,0.1261257
26859,0.06439138
26860,0.10786282
26861,0.0059079533
26862,0.9814548
26863,0.017074617
26864,0.015631579
26865,0.05497294
26866,0.09693283
26867,0.111041956
26868,0.013223966
26869,0.08446794
26870,0.021953031
26871,0.041796546
26872,0.028082058
26873,0.060904387
26874,0.11299438
26875,0.49170944
26876,0.22453958
26877,0.11696351
26878,0.9803153
26879,0.22763525
26880,0.35028434
26881,0.15707861
26882,0.03270202
26883,0.034144364
26884,0.0069890567
26885,0.015798056
26886,0.008162038
26887,0.031988047
26888,0.07961831
26889,0.4223448
26890,0.061547436
26891,0.26586536
26892,0.016433641
26893,0.095372885
26894,0.14776736
26895,0.10883287
26896,0.23232684
26897,0.069689825
26898,0.006068017
26899,0.009917338
26900,0.10571935
26901,0.98064953
26902,0.17186809
26903,0.7327764
26904,0.24835958
26905,0.22820808
26906,0.13873297
26907,0.17609084
26908,0.049080107
26909,0.016096717
26910,0.009812609
26911,0.022849172
26912,0.007021816
26913,0.1121052
26914,0.13362646
26915,0.039985184
26916,0.24647887
26917,0.011511062
26918,0.081785694
26919,0.24529435
26920,0.0147608975
26921,0.09099853
26922,0.11346759
26923,0.15306804
26924,0.033303015
26925,0.0930992
26926,0.14876194
26927,0.1209599
26928,0.12738024
26929,0.0109942695
26930,0.0858549
26931,0.08949914
26932,0.01739578
26933,0.12535037
26934,0.11087642
26935,0.013209407
26936,0.017193915
26937,0.012966701
26938,0.13270913
26939,0.008849827
26940,0.008322102
26941,0.13342273
26942,0.032623082
26943,0.026829494
26944,0.096528254
26945,0.04361335
26946,0.026819713
26947,0.04009149
26948,0.20254594
26949,0.28388223
26950,0.6137354
26951,0.14295354
26952,0.012419543
26953,0.017243536
26954,0.022826685
26955,0.024250153
26956,0.04782953
26957,0.023633128
26958,0.1294337
26959,0.0067196903
26960,0.026899328
26961,0.012419543
26962,0.034909442
26963,0.019821042
26964,0.0067637353
26965,0.009339636
26966,0.07994697
26967,0.07014142
26968,0.3608905
26969,0.012793988
26970,0.027278276
26971,0.019229539
26972,0.065423146
26973,0.1200596
26974,0.3700531
26975,0.13323535
26976,0.012379631
26977,0.19050936
26978,0.014384721
26979,0.013330747
26980,0.078200884
26981,0.1424063
26982,0.07763724
26983,0.010077403
26984,0.017633017
26985,0.010481872
26986,0.2088407
26987,0.029099986
26988,0.018441673
26989,0.10474831
26990,0.060395215
26991,0.04127678
26992,0.02041167
26993,0.018319305
26994,0.030066976
26995,0.28866124
26996,0.008153314
26997,0.018327737
26998,0.01022965
26999,0.04071487
27000,0.03616171
27001,0.3084504
27002,0.05818302
27003,0.12689495
27004,0.06438096
27005,0.0061364365
27006,0.0059079533
27007,0.07150201
27008,0.05246232
27009,0.021515168
27010,0.22903396
27011,0.09099853
27012,0.014840512
27013,0.22755031
27014,0.014083308
27015,0.03946215
27016,0.07290832
27017,0.008478653
27018,0.27126223
27019,0.4879673
27020,0.10106214
27021,0.06571153
27022,0.0059079533
27023,0.1018241
27024,0.06836706
27025,0.04519954
27026,0.04456466
27027,0.17645673
27028,0.0630307
27029,0.98133725
27030,0.10144309
27031,0.014992347
27032,0.05628808
27033,0.059457224
27034,0.026268575
27035,0.023348376
27036,0.08777278
27037,0.35518926
27038,0.035730854
27039,0.14181864
27040,0.02044472
27041,0.1616639
27042,0.018077264
27043,0.042720605
27044,0.034325078
27045,0.020884132
27046,0.021341808
27047,0.039254747
27048,0.013713029
27049,0.091495246
27050,0.15663825
27051,0.029267976
27052,0.048338257
27053,0.017844455
27054,0.07410095
27055,0.073786914
27056,0.017185483
27057,0.020058477
27058,0.9803153
27059,0.0379491
27060,0.17626496
27061,0.047503207
27062,0.027741404
27063,0.032866154
27064,0.03955395
27065,0.015844185
27066,0.006528037
27067,0.22767049
27068,0.027471486
27069,0.0059079533
27070,0.010110105
27071,0.009109994
27072,0.07762445
27073,0.019108642
27074,0.108959444
27075,0.04792504
27076,0.021596372
27077,0.05711783
27078,0.33920023
27079,0.017083472
27080,0.019079067
27081,0.008478653
27082,0.012010362
27083,0.06539154
27084,0.03260096
27085,0.17645828
27086,0.047202423
27087,0.012793988
27088,0.013154041
27089,0.011941647
27090,0.06198898
27091,0.13260788
27092,0.13331267
27093,0.022623923
27094,0.07586928
27095,0.029609852
27096,0.028571077
27097,0.064875
27098,0.2504576
27099,0.16491614
27100,0.053586174
27101,0.0287462
27102,0.011671126
27103,0.0059079533
27104,0.0059079533
27105,0.019821042
27106,0.007857868
27107,0.015272367
27108,0.008930704
27109,0.014495996
27110,0.008162038
27111,0.019745661
27112,0.04680882
27113,0.037561633
27114,0.09178162
27115,0.0094997
27116,0.11816135
27117,0.008322102
27118,0.3081956
27119,0.015567381
27120,0.010842026
27121,0.018822696
27122,0.013820814
27123,0.011418161
27124,0.010270169
27125,0.026591575
27126,0.012419543
27127,0.013330747
27128,0.008849827
27129,0.0059079533
27130,0.13321799
27131,0.033226468
27132,0.034290567
27133,0.010726008
27134,0.06310157
27135,0.014152023
27136,0.02232325
27137,0.0059519983
27138,0.16328986
27139,0.015232227
27140,0.04468262
27141,0.007302521
27142,0.0064057834
27143,0.04858776
27144,0.009743894
27145,0.101591334
27146,0.0199761
27147,0.09099853
27148,0.009661162
27149,0.0059079533
27150,0.33079356
27151,0.043379772
27152,0.054912068
27153,0.073903285
27154,0.012010362
27155,0.006068017
27156,0.009812609
27157,0.06867702
27158,0.011195838
27159,0.0086177355
27160,0.12834305
27161,0.022826685
27162,0.114998624
27163,0.0071818796
27164,0.20284253
27165,0.008045727
27166,0.017311955
27167,0.04630113
27168,0.029384524
27169,0.0059079533
27170,0.0071818796
27171,0.0059079533
27172,0.016119167
27173,0.04725248
27174,0.009167997
27175,0.00828473
27176,0.13557917
27177,0.020773206
27178,0.1930777
27179,0.030117817
27180,0.022826685
27181,0.00603494
27182,0.006068017
27183,0.006353187
27184,0.015562136
27185,0.04373848
27186,0.021774678
27187,0.010481872
27188,0.0059079533
27189,0.015392291
27190,0.04077551
27191,0.24589802
27192,0.20109352
27193,0.00868645
27194,0.09274756
27195,0.018510388
27196,0.019047592
27197,0.052340604
27198,0.11773865
27199,0.08339486
27200,0.050890207
27201,0.06859881
27202,0.038397107
27203,0.02584129
27204,0.022134524
27205,0.011597186
27206,0.010338591
27207,0.115436845
27208,0.0418487
27209,0.030377304
27210,0.016220069
27211,0.18537106
27212,0.19293208
27213,0.009923245
27214,0.2889008
27215,0.030839445
27216,0.20107073
27217,0.11296067
27218,0.10978746
27219,0.023740677
27220,0.16841787
27221,0.0059079533
27222,0.026471991
27223,0.20769668
27224,0.024260882
27225,0.8899705
27226,0.114306085
27227,0.040644947
27228,0.13837475
27229,0.009002074
27230,0.05790522
27231,0.008794281
27232,0.03492836
27233,0.035259336
27234,0.03348832
27235,0.20939268
27236,0.4959043
27237,0.4129181
27238,0.07089181
27239,0.025906717
27240,0.20868659
27241,0.011495151
27242,0.10154724
27243,0.085995056
27244,0.09215678
27245,0.055583786
27246,0.29435775
27247,0.111766174
27248,0.13022618
27249,0.48509243
27250,0.10841049
27251,0.3695288
27252,0.07059129
27253,0.7215311
27254,0.10772451
27255,0.041241083
27256,0.027366031
27257,0.07787902
27258,0.12942998
27259,0.06180623
27260,0.10360696
27261,0.029386722
27262,0.08660765
27263,0.2177037
27264,0.022499954
27265,0.06557433
27266,0.086210765
27267,0.17030466
27268,0.13616796
27269,0.014234287
27270,0.038065147
27271,0.030204922
27272,0.09979636
27273,0.18004301
27274,0.056312215
27275,0.25224394
27276,0.050933957
27277,0.06092631
27278,0.037664406
27279,0.040340062
27280,0.013330747
27281,0.39200068
27282,0.044737294
27283,0.06620021
27284,0.2209851
27285,0.22450292
27286,0.0065965704
27287,0.14453918
27288,0.05818302
27289,0.01752543
27290,0.020090846
27291,0.058106016
27292,0.032342046
27293,0.033048548
27294,0.045712035
27295,0.18214917
27296,0.49624318
27297,0.009501099
27298,0.05127584
27299,0.05116743
27300,0.0090448465
27301,0.028466946
27302,0.0059079533
27303,0.029713212
27304,0.2749156
27305,0.023939285
27306,0.043269712
27307,0.06420737
27308,0.038357526
27309,0.045954254
27310,0.097821705
27311,0.44252613
27312,0.06729203
27313,0.08973501
27314,0.028439432
27315,0.0059079533
27316,0.084095135
27317,0.09144752
27318,0.0094997
27319,0.03175737
27320,0.15075196
27321,0.13759193
27322,0.08945188
27323,0.06446835
27324,0.11298325
27325,0.04699641
27326,0.025450094
27327,0.028899556
27328,0.0063007106
27329,0.115371846
27330,0.08627214
27331,0.1557177
27332,0.034558386
27333,0.018298225
27334,0.017191058
27335,0.04396918
27336,0.016907658
27337,0.008358036
27338,0.034801595
27339,0.0059079533
27340,0.039005533
27341,0.30122516
27342,0.27819622
27343,0.06201227
27344,0.07437417
27345,0.03260988
27346,0.09785159
27347,0.0074000782
27348,0.015392291
27349,0.036942426
27350,0.0059079533
27351,0.027570754
27352,0.1942791
27353,0.016773935
27354,0.023999035
27355,0.0066881008
27356,0.05520737
27357,0.05872138
27358,0.11510576
27359,0.15906131
27360,0.08482854
27361,0.06516371
27362,0.037773564
27363,0.018431948
27364,0.05981702
27365,0.041965414
27366,0.012963832
27367,0.17728718
27368,0.057482567
27369,0.38605863
27370,0.13981968
27371,0.044294935
27372,0.014745058
27373,0.14814223
27374,0.09065426
27375,0.04377855
27376,0.018044416
27377,0.008849827
27378,0.020028608
27379,0.030011121
27380,0.019307105
27381,0.034091152
27382,0.077824764
27383,0.067915075
27384,0.07256888
27385,0.05240145
27386,0.088346176
27387,0.13354972
27388,0.24439874
27389,0.059475854
27390,0.035121754
27391,0.043283146
27392,0.0067196903
27393,0.02976538
27394,0.008322102
27395,0.076243185
27396,0.06909675
27397,0.08292389
27398,0.045327295
27399,0.09060419
27400,0.0369692
27401,0.059857205
27402,0.013387498
27403,0.010045772
27404,0.01752543
27405,0.19388188
27406,0.0094997
27407,0.031596236
27408,0.06465114
27409,0.010205837
27410,0.010077403
27411,0.0113901645
27412,0.026911063
27413,0.07075887
27414,0.06802172
27415,0.0957255
27416,0.0669791
27417,0.21377172
27418,0.0813763
27419,0.20536238
27420,0.0059079533
27421,0.120121546
27422,0.032891087
27423,0.03564769
27424,0.07881372
27425,0.0063007106
27426,0.03378612
27427,0.04074664
27428,0.011321745
27429,0.05278499
27430,0.050657444
27431,0.015544538
27432,0.04922892
27433,0.018842869
27434,0.017243536
27435,0.1193954
27436,0.029390186
27437,0.16588378
27438,0.040244773
27439,0.12968
27440,0.36979675
27441,0.10729771
27442,0.11822186
27443,0.051061384
27444,0.06539518
27445,0.029266676
27446,0.09115927
27447,0.041691598
27448,0.33268306
27449,0.09723172
27450,0.04680034
27451,0.044410728
27452,0.039165903
27453,0.022605576
27454,0.049420685
27455,0.0059079533
27456,0.030798934
27457,0.3351635
27458,0.054912068
27459,0.032464806
27460,0.10098052
27461,0.7084269
27462,0.062653676
27463,0.024342213
27464,0.10316029
27465,0.088737704
27466,0.16305986
27467,0.25878936
27468,0.07920287
27469,0.010865303
27470,0.027582763
27471,0.08975916
27472,0.10563097
27473,0.17745897
27474,0.092945375
27475,0.19388652
27476,0.07908415
27477,0.013741106
27478,0.10835958
27479,0.010321809
27480,0.0692535
27481,0.056940943
27482,0.008770639
27483,0.12710825
27484,0.112910315
27485,0.19446221
27486,0.09984641
27487,0.014648242
27488,0.12109201
27489,0.15285435
27490,0.1867707
27491,0.034279987
27492,0.0094997
27493,0.090504974
27494,0.05996821
27495,0.09053606
27496,0.6111609
27497,0.030889453
27498,0.040686358
27499,0.2813696
27500,0.11330993
27501,0.055411402
27502,0.082677566
27503,0.18589284
27504,0.17352387
27505,0.05422622
27506,0.06183352
27507,0.12544367
27508,0.08938862
27509,0.106260255
27510,0.15252191
27511,0.22464372
27512,0.10104013
27513,0.006068017
27514,0.017193915
27515,0.017256122
27516,0.069689475
27517,0.05669062
27518,0.22924577
27519,0.9786995
27520,0.02174524
27521,0.2734544
27522,0.0059079533
27523,0.03501946
27524,0.22861332
27525,0.07218071
27526,0.06964594
27527,0.0059079533
27528,0.03772708
27529,0.45661637
27530,0.069110975
27531,0.06042659
27532,0.22857875
27533,0.097200036
27534,0.21703497
27535,0.28077593
27536,0.32763308
27537,0.027653098
27538,0.20131467
27539,0.12329591
27540,0.1291775
27541,0.97848207
27542,0.36051518
27543,0.36114222
27544,0.008918247
27545,0.2200997
27546,0.048117008
27547,0.009339636
27548,0.014939866
27549,0.040244773
27550,0.0065132515
27551,0.0059079533
27552,0.057932954
27553,0.04416024
27554,0.067330524
27555,0.08336752
27556,0.11463251
27557,0.113771476
27558,0.11381988
27559,0.08930005
27560,0.030180208
27561,0.06865574
27562,0.26968235
27563,0.024358451
27564,0.9829333
27565,0.982128
27566,0.76939976
27567,0.0065965704
27568,0.020571822
27569,0.039241582
27570,0.13868448
27571,0.4232349
27572,0.08284554
27573,0.065327644
27574,0.030889453
27575,0.038982175
27576,0.05818302
27577,0.027582763
27578,0.007857868
27579,0.3717804
27580,0.0059079533
27581,0.029878426
27582,0.068467066
27583,0.089623764
27584,0.054497745
27585,0.038952522
27586,0.18828703
27587,0.0993258
27588,0.051253155
27589,0.13306278
27590,0.090234965
27591,0.048454404
27592,0.9829333
27593,0.72331226
27594,0.71499246
27595,0.012010362
27596,0.014478132
27597,0.017884351
27598,0.008322102
27599,0.38786793
27600,0.11433736
27601,0.22351094
27602,0.031157441
27603,0.13186233
27604,0.03492836
27605,0.15818933
27606,0.067157246
27607,0.14063162
27608,0.27309942
27609,0.349363
27610,0.2910915
27611,0.092287965
27612,0.13422732
27613,0.08027692
27614,0.0390322
27615,0.09865264
27616,0.046719845
27617,0.018196663
27618,0.010045772
27619,0.15838617
27620,0.18059757
27621,0.07969472
27622,0.11521978
27623,0.9792823
27624,0.97852963
27625,0.9829333
27626,0.13173252
27627,0.038621847
27628,0.14423014
27629,0.0059079533
27630,0.34007242
27631,0.021596372
27632,0.008322102
27633,0.0059079533
27634,0.03360738
27635,0.021824853
27636,0.03261003
27637,0.057378214
27638,0.18246937
27639,0.9814548
27640,0.01759216
27641,0.05027987
27642,0.04190596
27643,0.12099563
27644,0.066050865
27645,0.15564315
27646,0.17382357
27647,0.037591822
27648,0.0822476
27649,0.13963808
27650,0.07753867
27651,0.04925219
27652,0.047744397
27653,0.26012868
27654,0.29239067
27655,0.18944104
27656,0.06826849
27657,0.017365366
27658,0.062478494
27659,0.0094997
27660,0.11774428
27661,0.18369022
27662,0.030799761
27663,0.07828938
27664,0.027535185
27665,0.04854258
27666,0.14895682
27667,0.39237908
27668,0.1400356
27669,0.16150677
27670,0.09060419
27671,0.15643632
27672,0.1130497
27673,0.52915984
27674,0.054096904
27675,0.03503201
27676,0.032776654
27677,0.16789752
27678,0.14616399
27679,0.12617
27680,0.38716108
27681,0.22757362
27682,0.18431729
27683,0.98133725
27684,0.08057897
27685,0.014316021
27686,0.13441446
27687,0.1996132
27688,0.014200003
27689,0.009773029
27690,0.21025822
27691,0.02673419
27692,0.015579101
27693,0.052536145
27694,0.019098882
27695,0.08413965
27696,0.24915798
27697,0.2128671
27698,0.24275763
27699,0.19812356
27700,0.123416975
27701,0.11359453
27702,0.2226475
27703,0.028897787
27704,0.17188151
27705,0.07865433
27706,0.026379408
27707,0.5526751
27708,0.23190364
27709,0.02779016
27710,0.45496488
27711,0.31903318
27712,0.006413543
27713,0.07052922
27714,0.15971205
27715,0.11292676
27716,0.02800498
27717,0.010077403
27718,0.008814684
27719,0.008205791
27720,0.015842598
27721,0.023064971
27722,0.08684625
27723,0.04462805
27724,0.09811579
27725,0.2889008
27726,0.71834207
27727,0.27884012
27728,0.23051012
27729,0.42198524
27730,0.113740295
27731,0.06481972
27732,0.06231106
27733,0.18658434
27734,0.2233273
27735,0.057001814
27736,0.02220739
27737,0.086210765
27738,0.09487926
27739,0.019737387
27740,0.03387156
27741,0.05901895
27742,0.014832283
27743,0.013873094
27744,0.0278947
27745,0.017243536
27746,0.007021816
27747,0.027930493
27748,0.042456925
27749,0.045713436
27750,0.057950974
27751,0.1624226
27752,0.09176543
27753,0.11872146
27754,0.6126374
27755,0.48641303
27756,0.19813761
27757,0.10574356
27758,0.027232451
27759,0.03492566
27760,0.11367267
27761,0.04000811
27762,0.025770182
27763,0.9814548
27764,0.041888434
27765,0.015631579
27766,0.05520737
27767,0.09852036
27768,0.14336935
27769,0.007866351
27770,0.060788445
27771,0.0248753
27772,0.05898602
27773,0.0059079533
27774,0.023514008
27775,0.06723675
27776,0.07281415
27777,0.49791434
27778,0.24927796
27779,0.13579503
27780,0.9803153
27781,0.24925327
27782,0.3503885
27783,0.12754214
27784,0.012083646
27785,0.045315627
27786,0.009007934
27787,0.020623699
27788,0.047686808
27789,0.015392291
27790,0.03455051
27791,0.07261868
27792,0.39197335
27793,0.074212536
27794,0.22946894
27795,0.009447223
27796,0.11344574
27797,0.08247792
27798,0.13387452
27799,0.18060221
27800,0.10305288
27801,0.006068017
27802,0.04468262
27803,0.12930371
27804,0.98064953
27805,0.19170982
27806,0.73196375
27807,0.19843626
27808,0.23477487
27809,0.1258311
27810,0.19323486
27811,0.059048265
27812,0.013154807
27813,0.0059079533
27814,0.038208596
27815,0.009501099
27816,0.06878582
27817,0.13568726
27818,0.07860471
27819,0.29310796
27820,0.015842598
27821,0.03870246
27822,0.2823221
27823,0.0171143
27824,0.10455051
27825,0.13356934
27826,0.04384586
27827,0.006068017
27828,0.10976804
27829,0.16909565
27830,0.100942165
27831,0.11438169
27832,0.006220263
27833,0.096439324
27834,0.049293093
27835,0.02139915
27836,0.1661145
27837,0.06895804
27838,0.0063184914
27839,0.017193915
27840,0.006397232
27841,0.13353544
27842,0.008849827
27843,0.15078023
27844,0.0062534795
27845,0.06912742
27846,0.02225205
27847,0.017476229
27848,0.0059079533
27849,0.057760578
27850,0.15665735
27851,0.30735356
27852,0.6129228
27853,0.12949085
27854,0.020800306
27855,0.032463018
27856,0.055146508
27857,0.16883567
27858,0.011025366
27859,0.026899328
27860,0.007697805
27861,0.03162054
27862,0.01662169
27863,0.007065861
27864,0.013804378
27865,0.066267416
27866,0.054210115
27867,0.3394506
27868,0.0059079533
27869,0.0059079533
27870,0.019868305
27871,0.042290423
27872,0.10412874
27873,0.3395776
27874,0.1244527
27875,0.014437987
27876,0.022133155
27877,0.22059453
27878,0.011903825
27879,0.022091415
27880,0.09506144
27881,0.15031219
27882,0.04002086
27883,0.0059079533
27884,0.017633017
27885,0.010481872
27886,0.20549746
27887,0.026471991
27888,0.023334995
27889,0.10133503
27890,0.080233455
27891,0.027942004
27892,0.006528037
27893,0.0060155406
27894,0.033780213
27895,0.30247688
27896,0.032357305
27897,0.041673224
27898,0.050722554
27899,0.03386823
27900,0.03837726
27901,0.19408548
27902,0.08186253
27903,0.099248625
27904,0.05027987
27905,0.0188037
27906,0.012010362
27907,0.053417664
27908,0.0771489
27909,0.010422417
27910,0.28111526
27911,0.09099853
27912,0.014840512
27913,0.22785467
27914,0.014577717
27915,0.047446992
27916,0.07542607
27917,0.00868645
27918,0.24999557
27919,0.49430752
27920,0.06920774
27921,0.058460202
27922,0.013330747
27923,0.12116903
27924,0.00709556
27925,0.070614465
27926,0.08273108
27927,0.17714334
27928,0.06642218
27929,0.98133725
27930,0.013577074
27931,0.1268664
27932,0.09791761
27933,0.054859295
27934,0.036700323
27935,0.025439195
27936,0.061253395
27937,0.27068704
27938,0.07278544
27939,0.17966077
27940,0.013170684
27941,0.008526387
27942,0.06815337
27943,0.0128725115
27944,0.007697805
27945,0.04996191
27946,0.052536145
27947,0.021332372
27948,0.039503973
27949,0.044641387
27950,0.019629642
27951,0.018327737
27952,0.09296426
27953,0.18362308
27954,0.0072229044
27955,0.016401561
27956,0.013409687
27957,0.0076650083
27958,0.06821424
27959,0.111045115
27960,0.04019435
27961,0.9803153
27962,0.056376178
27963,0.16415085
27964,0.063273355
27965,0.07115924
27966,0.021953031
27967,0.015580831
27968,0.027855298
27969,0.008526387
27970,0.21097174
27971,0.04384586
27972,0.0065965704
27973,0.011321745
27974,0.021791352
27975,0.1978316
27976,0.028142925
27977,0.0059079533
27978,0.10796739
27979,0.04262698
27980,0.027171584
27981,0.033918608
27982,0.3935718
27983,0.02414842
27984,0.01648612
27985,0.0061509577
27986,0.0114138415
27987,0.047156785
27988,0.010110105
27989,0.18056324
27990,0.06390258
27991,0.012793988
27992,0.013873094
27993,0.0060822438
27994,0.054019935
27995,0.216838
27996,0.09588593
27997,0.08911893
27998,0.07026899
27999,0.068464145
28000,0.023691572
28001,0.044140417
28002,0.055146508
28003,0.20276709
28004,0.23548609
28005,0.018662632
28006,0.013931751
28007,0.011671126
28008,0.006528037
28009,0.0248753
28010,0.02669424
28011,0.0146464305
28012,0.013645789
28013,0.019745661
28014,0.014922008
28015,0.03240632
28016,0.09250841
28017,0.0094997
28018,0.12718129
28019,0.008322102
28020,0.3043043
28021,0.008849827
28022,0.0059079533
28023,0.024842644
28024,0.0160583
28025,0.005990895
28026,0.026567493
28027,0.017346159
28028,0.012419543
28029,0.0061509577
28030,0.013873094
28031,0.008849827
28032,0.0077174855
28033,0.11409112
28034,0.03757166
28035,0.031922646
28036,0.05356059
28037,0.02358711
28038,0.010365854
28039,0.0059079533
28040,0.14334507
28041,0.048264712
28042,0.028820708
28043,0.006974065
28044,0.008930704
28045,0.026660291
28046,0.010481872
28047,0.07511656
28048,0.0059079533
28049,0.09099853
28050,0.018771298
28051,0.018623816
28052,0.32014054
28053,0.04437088
28054,0.10670362
28055,0.036841467
28056,0.06475039
28057,0.018137546
28058,0.005990895
28059,0.13068658
28060,0.0191764
28061,0.09679346
28062,0.22625375
28063,0.021868868
28064,0.044819612
28065,0.029548988
28066,0.010321809
28067,0.010077403
28068,0.0059079533
28069,0.043137748
28070,0.015719216
28071,0.0059079533
28072,0.12430994
28073,0.05520737
28074,0.009964856
28075,0.22950655
28076,0.039241582
28077,0.016417405
28078,0.027141804
28079,0.013504136
28080,0.013330747
28081,0.05697317
28082,0.0061834627
28083,0.0059079533
28084,0.03412158
28085,0.012533387
28086,0.010481872
28087,0.04721379
28088,0.30868354
28089,0.20253474
28090,0.00868645
28091,0.04021674
28092,0.08177364
28093,0.01580595
28094,0.03733428
28095,0.007982088
28096,0.021886298
28097,0.02813977
28098,0.07191234
28099,0.011321745
28100,0.09430041
28101,0.017931197
28102,0.03823473
28103,0.037975803
28104,0.072152495
28105,0.0059079533
28106,0.023859242
28107,0.025869258
28108,0.14448667
28109,0.019097723
28110,0.13075185
28111,0.15595423
28112,0.13423833
28113,0.019001056
28114,0.022412114
28115,0.037227537
28116,0.20955633
28117,0.12427508
28118,0.22849768
28119,0.1593052
28120,0.09411305
28121,0.016999135
28122,0.116343535
28123,0.016387826
28124,0.03360738
28125,0.007021816
28126,0.14094026
28127,0.027724782
28128,0.63022447
28129,0.14022216
28130,0.0152962
28131,0.040180314
28132,0.036026075
28133,0.018259563
28134,0.012419543
28135,0.025953084
28136,0.06970548
28137,0.032623082
28138,0.0059079533
28139,0.013330747
28140,0.11646921
28141,0.09749364
28142,0.42536077
28143,0.48829225
28144,0.006491557
28145,0.07041985
28146,0.024052985
28147,0.08567798
28148,0.18421958
28149,0.10434663
28150,0.08696947
28151,0.08996841
28152,0.08412701
28153,0.031924434
28154,0.3259557
28155,0.1933785
28156,0.16750863
28157,0.39422515
28158,0.021664165
28159,0.020429907
28160,0.42392385
28161,0.024467556
28162,0.08134806
28163,0.7330513
28164,0.14182481
28165,0.057001814
28166,0.040965114
28167,0.07144414
28168,0.079064526
28169,0.07344091
28170,0.09939936
28171,0.03499022
28172,0.024554187
28173,0.125372
28174,0.16687794
28175,0.016242832
28176,0.048429593
28177,0.054912068
28178,0.13823307
28179,0.16594872
28180,0.024344709
28181,0.04350182
28182,0.0064737774
28183,0.008021063
28184,0.022860227
28185,0.058603432
28186,0.15587623
28187,0.009713997
28188,0.22697417
28189,0.020429907
28190,0.006491557
28191,0.032793175
28192,0.010910442
28193,0.02358711
28194,0.014992347
28195,0.423578
28196,0.11194868
28197,0.0865069
28198,0.21104375
28199,0.3798688
28200,0.12038834
28201,0.07567365
28202,0.015272367
28203,0.06859881
28204,0.010842026
28205,0.028123824
28206,0.061966848
28207,0.097803324
28208,0.2459489
28209,0.3614826
28210,0.066607356
28211,0.05599025
28212,0.008930704
28213,0.05299635
28214,0.019745661
28215,0.010714566
28216,0.33510137
28217,0.0060155406
28218,0.070343584
28219,0.010481872
28220,0.04745619
28221,0.111857325
28222,0.023639305
28223,0.18016534
28224,0.36158857
28225,0.054912068
28226,0.17090164
28227,0.03947192
28228,0.01580595
28229,0.09755186
28230,0.084605046
28231,0.02505231
28232,0.1769837
28233,0.20895872
28234,0.16053182
28235,0.07293635
28236,0.08192784
28237,0.0109942695
28238,0.022082591
28239,0.010310097
28240,0.12969768
28241,0.058277622
28242,0.11466394
28243,0.020196863
28244,0.04361335
28245,0.026464377
28246,0.022613179
28247,0.014152023
28248,0.028142925
28249,0.040518496
28250,0.03530419
28251,0.008141024
28252,0.34251377
28253,0.3033963
28254,0.09048354
28255,0.05904873
28256,0.029964192
28257,0.087065
28258,0.060168754
28259,0.0059079533
28260,0.028936049
28261,0.014152023
28262,0.015119113
28263,0.01940146
28264,0.21611592
28265,0.009002074
28266,0.011976515
28267,0.017346159
28268,0.0066881008
28269,0.05881598
28270,0.06606863
28271,0.13738404
28272,0.1522967
28273,0.16361691
28274,0.043503243
28275,0.030014675
28276,0.010321809
28277,0.068427674
28278,0.028254194
28279,0.19289233
28280,0.089574315
28281,0.5301679
28282,0.07911862
28283,0.028685106
28284,0.012300691
28285,0.10177083
28286,0.12359985
28287,0.037681933
28288,0.018044416
28289,0.008849827
28290,0.012010362
28291,0.041032735
28292,0.015272367
28293,0.0059079533
28294,0.09422864
28295,0.04617826
28296,0.06917398
28297,0.05438613
28298,0.11177812
28299,0.12541015
28300,0.34187067
28301,0.03941704
28302,0.019170899
28303,0.08273552
28304,0.027407356
28305,0.10976348
28306,0.066279255
28307,0.12875806
28308,0.0217703
28309,0.06741057
28310,0.031999633
28311,0.05492783
28312,0.021252759
28313,0.014332003
28314,0.01752543
28315,0.15275861
28316,0.0059079533
28317,0.008554796
28318,0.10489609
28319,0.035849065
28320,0.024021216
28321,0.03965011
28322,0.07075887
28323,0.06320196
28324,0.09436334
28325,0.06334835
28326,0.1746529
28327,0.12690517
28328,0.20567283
28329,0.011497721
28330,0.09543638
28331,0.038782842
28332,0.015084479
28333,0.09149
28334,0.02958028
28335,0.019001056
28336,0.09491757
28337,0.102582514
28338,0.05750679
28339,0.06862468
28340,0.016074214
28341,0.042947166
28342,0.0071294024
28343,0.10985289
28344,0.014152023
28345,0.024314135
28346,0.14524399
28347,0.048361152
28348,0.15327483
28349,0.36166632
28350,0.11457819
28351,0.13550037
28352,0.048361152
28353,0.09776758
28354,0.07090723
28355,0.058385026
28356,0.07070179
28357,0.021455705
28358,0.021714281
28359,0.3402582
28360,0.09129059
28361,0.047107846
28362,0.035466384
28363,0.04437716
28364,0.017243536
28365,0.010110105
28366,0.0248753
28367,0.022615716
28368,0.025016742
28369,0.3715995
28370,0.032665327
28371,0.044511285
28372,0.08697837
28373,0.55489933
28374,0.051398076
28375,0.01899375
28376,0.14938395
28377,0.091131955
28378,0.13557713
28379,0.27965042
28380,0.073919356
28381,0.08370488
28382,0.017391678
28383,0.121383645
28384,0.13427126
28385,0.18878764
28386,0.062394083
28387,0.13620208
28388,0.09018534
28389,0.077142894
28390,0.011671126
28391,0.011708247
28392,0.0059079533
28393,0.034781836
28394,0.08210235
28395,0.014574936
28396,0.07877804
28397,0.10916417
28398,0.23385997
28399,0.10722743
28400,0.009002074
28401,0.08549608
28402,0.16276795
28403,0.13733938
28404,0.015179567
28405,0.064876474
28406,0.044017095
28407,0.057299577
28408,0.53116804
28409,0.017476229
28410,0.06916286
28411,0.28886914
28412,0.19126791
28413,0.009007934
28414,0.0489086
28415,0.034071762
28416,0.19104348
28417,0.18200906
28418,0.009353754
28419,0.07726622
28420,0.058232993
28421,0.11098798
28422,0.108766116
28423,0.10267222
28424,0.110276535
28425,0.2664378
28426,0.11063979
28427,0.013713029
28428,0.048133813
28429,0.10517804
28430,0.07557465
28431,0.29472923
28432,0.86948365
28433,0.024297288
28434,0.31923318
28435,0.013727894
28436,0.07769573
28437,0.22705586
28438,0.012419543
28439,0.06584409
28440,0.058906164
28441,0.014781956
28442,0.031306233
28443,0.006068017
28444,0.41726327
28445,0.027153539
28446,0.061529506
28447,0.22855836
28448,0.050099447
28449,0.18943879
28450,0.26594296
28451,0.3402582
28452,0.22425415
28453,0.12540263
28454,0.10419948
28455,0.97905844
28456,0.37037522
28457,0.41562706
28458,0.0066881008
28459,0.0113901645
28460,0.22796845
28461,0.08481815
28462,0.017365366
28463,0.037968762
28464,0.016729277
28465,0.04205289
28466,0.0065132515
28467,0.007857868
28468,0.0093398215
28469,0.03235648
28470,0.061089266
28471,0.075313196
28472,0.07954866
28473,0.09093408
28474,0.11457819
28475,0.22818053
28476,0.1309684
28477,0.048552915
28478,0.10582665
28479,0.2807974
28480,0.007142456
28481,0.022434086
28482,0.98350966
28483,0.95472836
28484,0.881942
28485,0.0065132515
28486,0.011511062
28487,0.0480519
28488,0.15158252
28489,0.4468925
28490,0.12204655
28491,0.015631579
28492,0.06320196
28493,0.030501813
28494,0.0077174855
28495,0.0072338046
28496,0.03957948
28497,0.048779335
28498,0.03367296
28499,0.008205791
28500,0.3521804
28501,0.0059079533
28502,0.026525244
28503,0.06369439
28504,0.07800476
28505,0.035553668
28506,0.053602945
28507,0.20382503
28508,0.063132994
28509,0.013143515
28510,0.07545987
28511,0.09108279
28512,0.098794036
28513,0.98350966
28514,0.7596076
28515,0.73745626
28516,0.011824265
28517,0.02457839
28518,0.017365366
28519,0.44801292
28520,0.111275
28521,0.28004727
28522,0.031485803
28523,0.10290604
28524,0.024273809
28525,0.1657851
28526,0.10241316
28527,0.1272518
28528,0.21557912
28529,0.3595152
28530,0.35233262
28531,0.09538871
28532,0.1270599
28533,0.106868654
28534,0.05419882
28535,0.11680792
28536,0.07509376
28537,0.04903061
28538,0.103289515
28539,0.2027599
28540,0.08401963
28541,0.085341215
28542,0.016461626
28543,0.9798587
28544,0.979106
28545,0.98350966
28546,0.127555
28547,0.043619793
28548,0.07529583
28549,0.011321745
28550,0.3713923
28551,0.021596372
28552,0.0059079533
28553,0.02358711
28554,0.031134859
28555,0.022407226
28556,0.028366296
28557,0.05264234
28558,0.22790891
28559,0.98203117
28560,0.040978834
28561,0.047601275
28562,0.08509568
28563,0.15888377
28564,0.042235855
28565,0.1885836
28566,0.14787978
28567,0.016037343
28568,0.13087353
28569,0.09077128
28570,0.08550051
28571,0.03307748
28572,0.23183572
28573,0.31141743
28574,0.116799384
28575,0.065483
28576,0.0059079533
28577,0.050589718
28578,0.009353754
28579,0.075220376
28580,0.17989807
28581,0.053484347
28582,0.066968165
28583,0.042354617
28584,0.05517697
28585,0.15898186
28586,0.42398155
28587,0.17989807
28588,0.16820858
28589,0.08010017
28590,0.16612257
28591,0.1613135
28592,0.53185135
28593,0.0418487
28594,0.05031559
28595,0.043928135
28596,0.033517636
28597,0.18933183
28598,0.101069205
28599,0.22764893
28600,0.43131432
28601,0.24283212
28602,0.14675988
28603,0.9819136
28604,0.10200681
28605,0.0059079533
28606,0.1294716
28607,0.19669636
28608,0.012140626
28609,0.04097547
28610,0.2426123
28611,0.027779514
28612,0.015339816
28613,0.054666255
28614,0.027333543
28615,0.08396821
28616,0.23554851
28617,0.24227445
28618,0.22323143
28619,0.22069931
28620,0.13832279
28621,0.09142134
28622,0.19961095
28623,0.03597989
28624,0.18056644
28625,0.076354995
28626,0.018013524
28627,0.6290747
28628,0.23116449
28629,0.092265464
28630,0.44507235
28631,0.32761583
28632,0.0061509577
28633,0.052435566
28634,0.115558416
28635,0.07073165
28636,0.027175508
28637,0.010077403
28638,0.021096347
28639,0.007142456
28640,0.040508136
28641,0.044565063
28642,0.0408747
28643,0.09551682
28644,0.31197512
28645,0.62466335
28646,0.31873834
28647,0.23039085
28648,0.36035976
28649,0.09752486
28650,0.07023601
28651,0.08273552
28652,0.14556375
28653,0.25016055
28654,0.06556646
28655,0.01327827
28656,0.084182814
28657,0.14288576
28658,0.015631579
28659,0.099302776
28660,0.02059975
28661,0.013558051
28662,0.044082653
28663,0.017243536
28664,0.006068017
28665,0.014842323
28666,0.03881318
28667,0.042838145
28668,0.065481
28669,0.16760409
28670,0.0723496
28671,0.105282426
28672,0.59316087
28673,0.4455405
28674,0.15102519
28675,0.12746306
28676,0.08455301
28677,0.11495065
28678,0.051443182
28679,0.008930704
28680,0.053484347
28681,0.98203117
28682,0.03760477
28683,0.010110105
28684,0.045946203
28685,0.06314498
28686,0.1473397
28687,0.033778705
28688,0.07679235
28689,0.0060758763
28690,0.02628822
28691,0.018802267
28692,0.07287727
28693,0.041248236
28694,0.53422153
28695,0.24974623
28696,0.14849311
28697,0.9808917
28698,0.26660705
28699,0.3711372
28700,0.12481997
28701,0.04708497
28702,0.031426623
28703,0.063589685
28704,0.026046539
28705,0.014842323
28706,0.062237017
28707,0.36184248
28708,0.054223564
28709,0.21366447
28710,0.0060155406
28711,0.070712656
28712,0.11208668
28713,0.119773455
28714,0.2138965
28715,0.040582713
28716,0.009007934
28717,0.022632835
28718,0.1092406
28719,0.9812259
28720,0.2094889
28721,0.6256426
28722,0.26961774
28723,0.2268692
28724,0.16213371
28725,0.17026247
28726,0.018650023
28727,0.009812609
28728,0.024460731
28729,0.006528037
28730,0.11666244
28731,0.08849532
28732,0.079802506
28733,0.29325563
28734,0.02195117
28735,0.047008574
28736,0.3198408
28737,0.012339929
28738,0.012300691
28739,0.008205791
28740,0.07701527
28741,0.17406644
28742,0.027471486
28743,0.006068017
28744,0.10272443
28745,0.13573867
28746,0.09096064
28747,0.09458948
28748,0.1116819
28749,0.10684322
28750,0.01989791
28751,0.15366513
28752,0.086883776
28753,0.0314982
28754,0.017096085
28755,0.0059079533
28756,0.07721102
28757,0.1649157
28758,0.007697805
28759,0.067521535
28760,0.034046456
28761,0.03819888
28762,0.024972696
28763,0.19211128
28764,0.24940056
28765,0.5522477
28766,0.13293101
28767,0.011248316
28768,0.02065839
28769,0.02854716
28770,0.0059079533
28771,0.087035455
28772,0.14828163
28773,0.010842026
28774,0.007146211
28775,0.013154041
28776,0.032901198
28777,0.0140360035
28778,0.009167997
28779,0.0248753
28780,0.07312373
28781,0.0906769
28782,0.3512903
28783,0.012419543
28784,0.048552915
28785,0.032908984
28786,0.111623846
28787,0.3611213
28788,0.10930073
28789,0.012379631
28790,0.19104096
28791,0.012300691
28792,0.03912778
28793,0.013330747
28794,0.09889833
28795,0.13378035
28796,0.09048354
28797,0.011025366
28798,0.017633017
28799,0.0059079533
28800,0.27040502
28801,0.034431703
28802,0.0059079533
28803,0.027471486
28804,0.1101614
28805,0.07075887
28806,0.021829069
28807,0.014495996
28808,0.006361066
28809,0.053516027
28810,0.36183643
28811,0.029817563
28812,0.018044416
28813,0.029459417
28814,0.020848338
28815,0.06103219
28816,0.231314
28817,0.080201656
28818,0.20899704
28819,0.097966984
28820,0.04721379
28821,0.011824265
28822,0.044305336
28823,0.046117388
28824,0.051066898
28825,0.18853371
28826,0.090841606
28827,0.014840512
28828,0.18509318
28829,0.0059079533
28830,0.033516105
28831,0.0713491
28832,0.0072338046
28833,0.31818065
28834,0.52895147
28835,0.076172605
28836,0.067797765
28837,0.016493786
28838,0.09653288
28839,0.06402485
28840,0.06164575
28841,0.1123547
28842,0.12318307
28843,0.06569886
28844,0.9819136
28845,0.13016391
28846,0.0059079533
28847,0.03899731
28848,0.025175966
28849,0.010681963
28850,0.022118997
28851,0.060382083
28852,0.3612159
28853,0.065684415
28854,0.20517801
28855,0.022183008
28856,0.010681963
28857,0.08560682
28858,0.0059079533
28859,0.005990895
28860,0.08368968
28861,0.020310422
28862,0.045321222
28863,0.090841606
28864,0.044211145
28865,0.05457933
28866,0.007142456
28867,0.011511062
28868,0.07505204
28869,0.0067196903
28870,0.13493869
28871,0.006333927
28872,0.032673758
28873,0.0060155406
28874,0.060574096
28875,0.096789986
28876,0.009501099
28877,0.012843085
28878,0.9808917
28879,0.062840596
28880,0.106167994
28881,0.034880508
28882,0.028193401
28883,0.02974048
28884,0.024894947
28885,0.012419543
28886,0.010110105
28887,0.19553643
28888,0.037968762
28889,0.015272367
28890,0.058875177
28891,0.0937319
28892,0.01586949
28893,0.010270169
28894,0.13082017
28895,0.026387295
28896,0.010110105
28897,0.06951814
28898,0.3025062
28899,0.017083472
28900,0.0059079533
28901,0.008478653
28902,0.018617973
28903,0.048178986
28904,0.007021816
28905,0.16411021
28906,0.08679399
28907,0.0059079533
28908,0.012300691
28909,0.07787454
28910,0.12251278
28911,0.08133477
28912,0.054740883
28913,0.04982904
28914,0.0678549
28915,0.039605238
28916,0.069588594
28917,0.20811754
28918,0.21373424
28919,0.0071818796
28920,0.012571789
28921,0.02928839
28922,0.011671126
28923,0.010481872
28924,0.05504254
28925,0.011894343
28926,0.010681963
28927,0.028301837
28928,0.02557771
28929,0.04735126
28930,0.14776082
28931,0.006068017
28932,0.1307382
28933,0.2944669
28934,0.009661162
28935,0.016638365
28936,0.010270169
28937,0.025466876
28938,0.007857868
28939,0.022707775
28940,0.03811843
28941,0.013154807
28942,0.013154807
28943,0.008849827
28944,0.13674852
28945,0.008871802
28946,0.029822182
28947,0.019406818
28948,0.013500592
28949,0.03947821
28950,0.015162189
28951,0.0065132515
28952,0.020472538
28953,0.0059079533
28954,0.09868504
28955,0.03565403
28956,0.03678178
28957,0.015144587
28958,0.015272367
28959,0.07365103
28960,0.013154807
28961,0.090841606
28962,0.008930704
28963,0.37041786
28964,0.062440403
28965,0.10265269
28966,0.062440403
28967,0.0059079533
28968,0.006068017
28969,0.0326363
28970,0.015579101
28971,0.010270169
28972,0.094616055
28973,0.17474759
28974,0.14571685
28975,0.009339636
28976,0.03736294
28977,0.04699092
28978,0.039882805
28979,0.021886298
28980,0.022099804
28981,0.016119167
28982,0.022038545
28983,0.017213002
28984,0.09836603
28985,0.091568425
28986,0.038954
28987,0.22980072
28988,0.029924257
28989,0.0059079533
28990,0.006068017
28991,0.024053872
28992,0.054944288
28993,0.017905612
28994,0.010481872
28995,0.015392291
28996,0.034281284
28997,0.3095538
28998,0.19519858
28999,0.052230485
29000,0.094788305
29001,0.018191446
29002,0.022552311
29003,0.033741675
29004,0.04091664
29005,0.060774855
29006,0.02958028
29007,0.032282323
29008,0.03517298
29009,0.009573757
29010,0.019406818
29011,0.07983486
29012,0.013759839
29013,0.008621214
29014,0.012078783
29015,0.18500023
29016,0.0066730496
29017,0.07582673
29018,0.2012256
29019,0.19282418
29020,0.01794898
29021,0.18278298
29022,0.16469677
29023,0.27380517
29024,0.093763895
29025,0.1241015
29026,0.055927847
29027,0.19822839
29028,0.013330747
29029,0.006879753
29030,0.0092349015
29031,0.0191764
29032,0.061479483
29033,0.027486928
29034,0.5568385
29035,0.11487972
29036,0.041405957
29037,0.055751283
29038,0.20896748
29039,0.033044904
29040,0.012419543
29041,0.055271864
29042,0.02021651
29043,0.05194392
29044,0.1704053
29045,0.36431766
29046,0.36427352
29047,0.04092967
29048,0.024052985
29049,0.15494813
29050,0.24300314
29051,0.016074214
29052,0.068899
29053,0.056278586
29054,0.09396529
29055,0.03132595
29056,0.33819687
29057,0.15155624
29058,0.22390574
29059,0.36305383
29060,0.16557916
29061,0.020429907
29062,0.38820547
29063,0.08077024
29064,0.5945577
29065,0.10012437
29066,0.101754256
29067,0.02183382
29068,0.069161616
29069,0.041837458
29070,0.061881274
29071,0.1648722
29072,0.00834106
29073,0.08207987
29074,0.07011798
29075,0.15881656
29076,0.024943821
29077,0.045135412
29078,0.042709533
29079,0.10822047
29080,0.11902892
29081,0.0167092
29082,0.028206402
29083,0.025118887
29084,0.21613312
29085,0.062774226
29086,0.34636605
29087,0.050252013
29088,0.053433884
29089,0.0059079533
29090,0.0095158415
29091,0.013330747
29092,0.3398635
29093,0.19795816
29094,0.048490487
29095,0.3389516
29096,0.3398635
29097,0.09595481
29098,0.04300424
29099,0.012300691
29100,0.01752543
29101,0.006879753
29102,0.069020614
29103,0.02457273
29104,0.101286516
29105,0.061966848
29106,0.080496974
29107,0.20440526
29108,0.3293735
29109,0.05127584
29110,0.058775004
29111,0.025917515
29112,0.016154664
29113,0.27546823
29114,0.0060155406
29115,0.049880408
29116,0.016929094
29117,0.040894896
29118,0.17740552
29119,0.37022507
29120,0.0077174855
29121,0.054531552
29122,0.1332483
29123,0.013991958
29124,0.025032893
29125,0.046121184
29126,0.06908592
29127,0.0059079533
29128,0.09012643
29129,0.18057871
29130,0.08289594
29131,0.058252852
29132,0.074905075
29133,0.03309492
29134,0.04681855
29135,0.01845887
29136,0.15193427
29137,0.043503243
29138,0.10101083
29139,0.010842026
29140,0.027141804
29141,0.028685106
29142,0.03492836
29143,0.010110105
29144,0.039746758
29145,0.044366207
29146,0.029878426
29147,0.030131469
29148,0.5218109
29149,0.23146042
29150,0.027825242
29151,0.067696735
29152,0.0074056345
29153,0.087781556
29154,0.07539755
29155,0.014495996
29156,0.05900456
29157,0.014152023
29158,0.0059079533
29159,0.20535707
29160,0.019244649
29161,0.014842323
29162,0.045191515
29163,0.0066881008
29164,0.08093342
29165,0.08510434
29166,0.15687782
29167,0.14957422
29168,0.17634429
29169,0.06336185
29170,0.020662602
29171,0.015631579
29172,0.057563864
29173,0.027582763
29174,0.19917956
29175,0.066345885
29176,0.44435382
29177,0.105815075
29178,0.011892688
29179,0.094791524
29180,0.09525772
29181,0.08733306
29182,0.018044416
29183,0.008849827
29184,0.023887778
29185,0.035208687
29186,0.011671126
29187,0.012915037
29188,0.023526242
29189,0.09744124
29190,0.04166186
29191,0.09104499
29192,0.059020303
29193,0.09102341
29194,0.15401524
29195,0.28910112
29196,0.042065922
29197,0.019755946
29198,0.08395523
29199,0.05517697
29200,0.021295821
29201,0.08683133
29202,0.101449504
29203,0.14946374
29204,0.023265995
29205,0.071475446
29206,0.006491557
29207,0.05492783
29208,0.024381116
29209,0.01752543
29210,0.115878165
29211,0.010270169
29212,0.0063007106
29213,0.13990723
29214,0.04903061
29215,0.010077403
29216,0.0061364365
29217,0.041372288
29218,0.06336185
29219,0.09626405
29220,0.070915595
29221,0.07218093
29222,0.1696366
29223,0.16458602
29224,0.19896798
29225,0.011497721
29226,0.0844643
29227,0.06582727
29228,0.024073524
29229,0.09546648
29230,0.02958028
29231,0.03822775
29232,0.07967846
29233,0.09287026
29234,0.085962355
29235,0.007146211
29236,0.040793777
29237,0.0060155406
29238,0.070742205
29239,0.11385919
29240,0.03727836
29241,0.15023172
29242,0.044865552
29243,0.090897925
29244,0.42398155
29245,0.14011124
29246,0.10991492
29247,0.044749532
29248,0.07816552
29249,0.0779589
29250,0.09826878
29251,0.020605398
29252,0.0059079533
29253,0.008010114
29254,0.36117828
29255,0.07678968
29256,0.037078254
29257,0.032957334
29258,0.067933545
29259,0.017243536
29260,0.04119348
29261,0.014335933
29262,0.040200304
29263,0.33622777
29264,0.07151744
29265,0.050292164
29266,0.0777554
29267,0.6174346
29268,0.06672128
29269,0.028826436
29270,0.13025062
29271,0.063168846
29272,0.12477536
29273,0.33148926
29274,0.07706535
29275,0.043346856
29276,0.06914699
29277,0.14161049
29278,0.16507348
29279,0.15500636
29280,0.06975106
29281,0.10435039
29282,0.06046944
29283,0.06044076
29284,0.011671126
29285,0.011088253
29286,0.008770639
29287,0.057659365
29288,0.077506915
29289,0.014152023
29290,0.10136762
29291,0.11649271
29292,0.2243385
29293,0.0644366
29294,0.006220263
29295,0.104506046
29296,0.16891575
29297,0.18983297
29298,0.042109966
29299,0.038523853
29300,0.0065657855
29301,0.09784818
29302,0.529158
29303,0.03819888
29304,0.0892909
29305,0.29491037
29306,0.1647802
29307,0.0229121
29308,0.04716861
29309,0.030797016
29310,0.19160728
29311,0.16541168
29312,0.009353754
29313,0.0743279
29314,0.06917398
29315,0.094178475
29316,0.102756575
29317,0.112943776
29318,0.13225609
29319,0.236127
29320,0.07553715
29321,0.012140626
29322,0.08705383
29323,0.10356846
29324,0.040244773
29325,0.294903
29326,0.9806431
29327,0.025690567
29328,0.32709256
29329,0.012419543
29330,0.073903464
29331,0.24134722
29332,0.012419543
29333,0.03848417
29334,0.077835575
29335,0.0067196903
29336,0.06239436
29337,0.006068017
29338,0.45820913
29339,0.026911063
29340,0.050831262
29341,0.2278935
29342,0.09050173
29343,0.2284932
29344,0.25655836
29345,0.2801924
29346,0.17574465
29347,0.10157807
29348,0.12523966
29349,0.976016
29350,0.36129978
29351,0.38832706
29352,0.03565403
29353,0.17439167
29354,0.058293864
29355,0.021596372
29356,0.043470178
29357,0.016706023
29358,0.035415802
29359,0.0065132515
29360,0.0077174855
29361,0.057328474
29362,0.060683925
29363,0.07530205
29364,0.052459765
29365,0.09944139
29366,0.12582114
29367,0.24381354
29368,0.1357647
29369,0.041271318
29370,0.14006513
29371,0.28088173
29372,0.019221846
29373,0.045723785
29374,0.98350966
29375,0.9827044
29376,0.7181603
29377,0.0065132515
29378,0.012915037
29379,0.0059079533
29380,0.060634553
29381,0.38608345
29382,0.084847026
29383,0.0059079533
29384,0.06357592
29385,0.049914196
29386,0.062440403
29387,0.022015814
29388,0.008205791
29389,0.36292452
29390,0.013154807
29391,0.017087653
29392,0.06978043
29393,0.071738265
29394,0.036136962
29395,0.051371753
29396,0.18875386
29397,0.05257489
29398,0.049963735
29399,0.06498373
29400,0.13412581
29401,0.12741114
29402,0.98350966
29403,0.7596076
29404,0.73608905
29405,0.011824265
29406,0.030538727
29407,0.013991958
29408,0.019258037
29409,0.3896689
29410,0.06357926
29411,0.22818
29412,0.021435555
29413,0.10096664
29414,0.0059079533
29415,0.19875287
29416,0.09098431
29417,0.10135569
29418,0.20437703
29419,0.35005102
29420,0.37142265
29421,0.14650567
29422,0.098782904
29423,0.08056967
29424,0.049787298
29425,0.1114687
29426,0.06332337
29427,0.047058005
29428,0.007142456
29429,0.1002711
29430,0.20815
29431,0.08044635
29432,0.09210525
29433,0.010110105
29434,0.97818345
29435,0.979106
29436,0.98350966
29437,0.13685024
29438,0.019767398
29439,0.067267045
29440,0.4261441
29441,0.021596372
29442,0.008322102
29443,0.01889956
29444,0.053484347
29445,0.08257359
29446,0.03510633
29447,0.22799326
29448,0.98203117
29449,0.037351746
29450,0.049872905
29451,0.065684415
29452,0.12126656
29453,0.06847719
29454,0.13150918
29455,0.13882454
29456,0.028206402
29457,0.1369451
29458,0.12224291
29459,0.14279956
29460,0.019348102
29461,0.30163804
29462,0.3030295
29463,0.099916354
29464,0.06583977
29465,0.007021816
29466,0.0617694
29467,0.009353754
29468,0.060035426
29469,0.20515808
29470,0.05759745
29471,0.053881075
29472,0.0059079533
29473,0.013713029
29474,0.027106235
29475,0.054796454
29476,0.15194324
29477,0.44475737
29478,0.18194607
29479,0.17726968
29480,0.087600335
29481,0.13184595
29482,0.09703625
29483,0.49163982
29484,0.03137279
29485,0.05138266
29486,0.039812487
29487,0.11980566
29488,0.15663873
29489,0.2026351
29490,0.44769698
29491,0.26517832
29492,0.14855313
29493,0.9819136
29494,0.11413323
29495,0.0059079533
29496,0.15393662
29497,0.19678071
29498,0.007697805
29499,0.0066730496
29500,0.35176876
29501,0.04774603
29502,0.01586949
29503,0.045191515
29504,0.024073524
29505,0.086519115
29506,0.27243882
29507,0.26863405
29508,0.31239188
29509,0.18973473
29510,0.12467832
29511,0.1475208
29512,0.22503853
29513,0.04915393
29514,0.14354138
29515,0.06320196
29516,0.039898995
29517,0.39034373
29518,0.19782099
29519,0.10429211
29520,0.4982129
29521,0.3125543
29522,0.064709276
29523,0.21047977
29524,0.104145445
29525,0.008281407
29526,0.010077403
29527,0.008205791
29528,0.006353187
29529,0.032283965
29530,0.04745619
29531,0.068426125
29532,0.07740288
29533,0.32736084
29534,0.62466335
29535,0.2893483
29536,0.22658025
29537,0.31887603
29538,0.10914888
29539,0.04530802
29540,0.036389
29541,0.18505953
29542,0.23180652
29543,0.054531552
29544,0.038431253
29545,0.057299577
29546,0.12557982
29547,0.030019756
29548,0.037170134
29549,0.121626586
29550,0.049963735
29551,0.043122698
29552,0.035174355
29553,0.043204572
29554,0.045036737
29555,0.048393287
29556,0.16768844
29557,0.11078984
29558,0.13225238
29559,0.49241608
29560,0.45649981
29561,0.18185519
29562,0.16896585
29563,0.02293752
29564,0.049496308
29565,0.11979311
29566,0.012231975
29567,0.008930704
29568,0.019069474
29569,0.98203117
29570,0.020746667
29571,0.052230485
29572,0.05981702
29573,0.108539104
29574,0.10899242
29575,0.034899488
29576,0.06584409
29577,0.015921969
29578,0.050913483
29579,0.007948304
29580,0.013307049
29581,0.049177714
29582,0.06640116
29583,0.62134796
29584,0.22878952
29585,0.17766662
29586,0.9808917
29587,0.2525333
29588,0.36982864
29589,0.22383572
29590,0.036701314
29591,0.06892079
29592,0.026829494
29593,0.074869834
29594,0.044160213
29595,0.043137748
29596,0.06844353
29597,0.3599488
29598,0.12527473
29599,0.2738929
29600,0.020265765
29601,0.095248565
29602,0.13743024
29603,0.094178475
29604,0.18844914
29605,0.020058477
29606,0.02414842
29607,0.021176443
29608,0.117993504
29609,0.9812259
29610,0.22519818
29611,0.6256426
29612,0.26608452
29613,0.28304935
29614,0.1449905
29615,0.11612632
29616,0.122333884
29617,0.019376902
29618,0.018650023
29619,0.009812609
29620,0.015471517
29621,0.16558424
29622,0.12600748
29623,0.1754964
29624,0.2609103
29625,0.010321809
29626,0.035323936
29627,0.009661162
29628,0.32770017
29629,0.060250573
29630,0.057506036
29631,0.17778128
29632,0.022036579
29633,0.006068017
29634,0.12233682
29635,0.16197021
29636,0.054531552
29637,0.12743649
29638,0.08402891
29639,0.08095143
29640,0.038555052
29641,0.13389306
29642,0.12871978
29643,0.009100547
29644,0.1039556
29645,0.008849827
29646,0.07531995
29647,0.027333543
29648,0.007021816
29649,0.11823783
29650,0.028220559
29651,0.0149227725
29652,0.02686376
29653,0.15591241
29654,0.24284007
29655,0.6256426
29656,0.099506415
29657,0.011248316
29658,0.02065839
29659,0.0066594803
29660,0.07092721
29661,0.13369302
29662,0.010842026
29663,0.021172307
29664,0.030675272
29665,0.012946232
29666,0.01662169
29667,0.0059079533
29668,0.020824185
29669,0.066572234
29670,0.10493007
29671,0.3275781
29672,0.03159681
29673,0.03448561
29674,0.051928073
29675,0.088005476
29676,0.3401302
29677,0.12720355
29678,0.0059079533
29679,0.14783275
29680,0.012300691
29681,0.06309168
29682,0.013330747
29683,0.051388256
29684,0.19545689
29685,0.082164824
29686,0.011025366
29687,0.03179048
29688,0.012296326
29689,0.23756108
29690,0.007021816
29691,0.014171938
29692,0.12563634
29693,0.04982904
29694,0.035122745
29695,0.034897707
29696,0.016341615
29697,0.05061456
29698,0.36129373
29699,0.032357305
29700,0.013154807
29701,0.035608552
29702,0.04915393
29703,0.012239693
29704,0.03472476
29705,0.16828033
29706,0.023292305
29707,0.18424037
29708,0.043305736
29709,0.026312813
29710,0.0059079533
29711,0.08156997
29712,0.056554295
29713,0.051066898
29714,0.23668468
29715,0.09092596
29716,0.113685004
29717,0.0059079533
29718,0.04232257
29719,0.10764179
29720,0.0059079533
29721,0.22852698
29722,0.37509158
29723,0.077147804
29724,0.04363418
29725,0.009339636
29726,0.06744184
29727,0.05178037
29728,0.06959897
29729,0.13951214
29730,0.13000429
29731,0.108837634
29732,0.9819136
29733,0.058906164
29734,0.014992347
29735,0.06785873
29736,0.04527693
29737,0.0063007106
29738,0.052965168
29739,0.39359343
29740,0.08263869
29741,0.18246995
29742,0.02642617
29743,0.01662169
29744,0.09148478
29745,0.012994743
29746,0.062774226
29747,0.025131252
29748,0.03164915
29749,0.051386774
29750,0.07785239
29751,0.019629642
29752,0.08428089
29753,0.12071392
29754,0.014610464
29755,0.03332055
29756,0.028494855
29757,0.08686782
29758,0.109813474
29759,0.03174375
29760,0.06914699
29761,0.9808917
29762,0.032061327
29763,0.06758991
29764,0.044592436
29765,0.03470023
29766,0.02974048
29767,0.02757602
29768,0.012010362
29769,0.01861624
29770,0.22591998
29771,0.044679116
29772,0.0065132515
29773,0.006068017
29774,0.0059079533
29775,0.0077174855
29776,0.015272367
29777,0.074869834
29778,0.08249954
29779,0.054836247
29780,0.010270169
29781,0.08823585
29782,0.023606762
29783,0.0059079533
29784,0.08246849
29785,0.371242
29786,0.0059079533
29787,0.011088253
29788,0.0061509577
29789,0.033409175
29790,0.0071818796
29791,0.012994743
29792,0.16825548
29793,0.057096414
29794,0.012793988
29795,0.012419543
29796,0.07137919
29797,0.20824623
29798,0.0927304
29799,0.020497529
29800,0.045015343
29801,0.02190868
29802,0.079765856
29803,0.009652546
29804,0.06838342
29805,0.23573165
29806,0.17492786
29807,0.0071818796
29808,0.0109942695
29809,0.018771298
29810,0.011671126
29811,0.0060758763
29812,0.008089772
29813,0.035608552
29814,0.007557422
29815,0.010726008
29816,0.031088129
29817,0.03464153
29818,0.09282083
29819,0.07800601
29820,0.006068017
29821,0.16854799
29822,0.008322102
29823,0.28011099
29824,0.008849827
29825,0.008358036
29826,0.0073341276
29827,0.009353754
29828,0.014495996
29829,0.018953055
29830,0.02540279
29831,0.016786717
29832,0.0061509577
29833,0.008849827
29834,0.0077174855
29835,0.08588627
29836,0.006068017
29837,0.041271318
29838,0.02414644
29839,0.022707775
29840,0.016510459
29841,0.03971136
29842,0.0155583285
29843,0.006993964
29844,0.11567787
29845,0.0388599
29846,0.019837715
29847,0.006068017
29848,0.008930704
29849,0.036860555
29850,0.030019756
29851,0.10393198
29852,0.013154807
29853,0.09092596
29854,0.46332765
29855,0.04007164
29856,0.068899
29857,0.050285343
29858,0.080711
29859,0.033564083
29860,0.012848584
29861,0.13234521
29862,0.14846551
29863,0.12949131
29864,0.0059079533
29865,0.016272955
29866,0.038555544
29867,0.010110105
29868,0.0059079533
29869,0.04470143
29870,0.0077174855
29871,0.082906716
29872,0.12294364
29873,0.3224475
29874,0.0059079533
29875,0.028622111
29876,0.006068017
29877,0.0059079533
29878,0.05697317
29879,0.039588038
29880,0.029171841
29881,0.015392291
29882,0.0276941
29883,0.006528037
29884,0.012010362
29885,0.02541204
29886,0.23378393
29887,0.20170948
29888,0.014323571
29889,0.06327683
29890,0.0059079533
29891,0.0059079533
29892,0.033741675
29893,0.01719431
29894,0.0068056337
29895,0.007038483
29896,0.02958028
29897,0.032282323
29898,0.020555973
29899,0.03793798
29900,0.09576843
29901,0.0063184914
29902,0.18733743
29903,0.0087134
29904,0.026391925
29905,0.2578421
29906,0.19850087
29907,0.046317752
29908,0.22176957
29909,0.023016464
29910,0.22772643
29911,0.049833804
29912,0.18401058
29913,0.055181395
29914,0.023546932
29915,0.19713995
29916,0.012300691
29917,0.028571224
29918,0.03455708
29919,0.18387344
29920,0.027486928
29921,0.72267956
29922,0.14253803
29923,0.029399723
29924,0.23210476
29925,0.015844185
29926,0.036163643
29927,0.0650301
29928,0.11791499
29929,0.18286125
29930,0.5325583
29931,0.55056334
29932,0.04092967
29933,0.03832636
29934,0.11665087
29935,0.2369193
29936,0.0077174855
29937,0.014284926
29938,0.043379772
29939,0.05678593
29940,0.10911089
29941,0.084211364
29942,0.031924434
29943,0.36879233
29944,0.17598985
29945,0.20768602
29946,0.44514105
29947,0.16203092
29948,0.49235645
29949,0.079204075
29950,0.471953
29951,0.15521455
29952,0.10343989
29953,0.01919674
29954,0.059455305
29955,0.021846281
29956,0.15834159
29957,0.18663707
29958,0.02922226
29959,0.019875744
29960,0.04788948
29961,0.18714759
29962,0.034359094
29963,0.06050163
29964,0.071693696
29965,0.15152282
29966,0.031123567
29967,0.0077082803
29968,0.022354454
29969,0.230918
29970,0.04287864
29971,0.13470984
29972,0.050252013
29973,0.04174005
29974,0.0059079533
29975,0.3623221
29976,0.08154136
29977,0.008849827
29978,0.05588651
29979,0.36871403
29980,0.33683854
29981,0.153186
29982,0.054912068
29983,0.012300691
29984,0.0059079533
29985,0.05004204
29986,0.010842026
29987,0.09092596
29988,0.04492103
29989,0.056167763
29990,0.053975124
29991,0.27923992
29992,0.275243
29993,0.015921969
29994,0.05127584
29995,0.03273469
29996,0.017905612
29997,0.33908623
29998,0.044140417
29999,0.080241896
30000,0.010481872
30001,0.09783595
30002,0.015523534
30003,0.009505997
30004,0.09492466
30005,0.41453767
30006,0.21159904
30007,0.017243536
30008,0.0059079533
30009,0.007483713
30010,0.06953859
30011,0.020400282
30012,0.022296095
30013,0.15046152
30014,0.1628523
30015,0.0981119
30016,0.0654228
30017,0.11432121
30018,0.006068017
30019,0.010842026
30020,0.04040717
30021,0.04415204
30022,0.05031559
30023,0.044833492
30024,0.122861795
30025,0.067276284
30026,0.070660815
30027,0.021841533
30028,0.015783824
30029,0.04076769
30030,0.024467556
30031,0.007557422
30032,0.00786973
30033,0.055021178
30034,0.014484247
30035,0.02784694
30036,0.60651803
30037,0.32020763
30038,0.007018573
30039,0.05826452
30040,0.080720946
30041,0.11524015
30042,0.031864792
30043,0.053292584
30044,0.014152023
30045,0.012300691
30046,0.030543828
30047,0.22588548
30048,0.015144587
30049,0.020401772
30050,0.03821303
30051,0.11498265
30052,0.052099258
30053,0.15293618
30054,0.12841608
30055,0.1850225
30056,0.09121631
30057,0.008090561
30058,0.0059079533
30059,0.05849728
30060,0.06184229
30061,0.18026716
30062,0.10248549
30063,0.3878596
30064,0.056107145
30065,0.019974146
30066,0.075760916
30067,0.11463844
30068,0.034527082
30069,0.017672915
30070,0.013214729
30071,0.03357318
30072,0.021074438
30073,0.025802074
30074,0.026268575
30075,0.08797783
30076,0.055271864
30077,0.1118161
30078,0.06581351
30079,0.078544945
30080,0.20494339
30081,0.2687275
30082,0.049019236
30083,0.006353187
30084,0.05892347
30085,0.009501099
30086,0.040533114
30087,0.01623403
30088,0.1268124
30089,0.05178037
30090,0.113722205
30091,0.06947329
30092,0.05627557
30093,0.006491557
30094,0.03037844
30095,0.019702673
30096,0.014332003
30097,0.1531208
30098,0.012729732
30099,0.11576251
30100,0.027907468
30101,0.021950357
30102,0.016462512
30103,0.040200304
30104,0.05497294
30105,0.10748479
30106,0.08276949
30107,0.09632349
30108,0.22519818
30109,0.12698953
30110,0.1717674
30111,0.006353187
30112,0.049835004
30113,0.038434334
30114,0.03990594
30115,0.053218525
30116,0.012259479
30117,0.058344264
30118,0.033003263
30119,0.058083516
30120,0.08370894
30121,0.04331096
30122,0.04896216
30123,0.018757608
30124,0.08850225
30125,0.013330747
30126,0.062026404
30127,0.17137863
30128,0.046750102
30129,0.11587146
30130,0.44475737
30131,0.09150529
30132,0.079336755
30133,0.046578918
30134,0.058906164
30135,0.061402634
30136,0.08803208
30137,0.049566075
30138,0.009578639
30139,0.041673224
30140,0.23167294
30141,0.078288846
30142,0.05400383
30143,0.017750748
30144,0.047882274
30145,0.017243536
30146,0.019170899
30147,0.008045727
30148,0.040950064
30149,0.35547984
30150,0.07345965
30151,0.055902503
30152,0.058870103
30153,0.6174346
30154,0.050610766
30155,0.02828425
30156,0.14648375
30157,0.04359459
30158,0.22568057
30159,0.3333744
30160,0.081147194
30161,0.047584474
30162,0.10295676
30163,0.082345724
30164,0.15387686
30165,0.031590156
30166,0.15453798
30167,0.091032445
30168,0.01629991
30169,0.0059079533
30170,0.011671126
30171,0.010110105
30172,0.032276437
30173,0.07526011
30174,0.10541429
30175,0.0059079533
30176,0.07136597
30177,0.12540191
30178,0.22773328
30179,0.0764755
30180,0.014484247
30181,0.12596126
30182,0.20550658
30183,0.23528323
30184,0.07028691
30185,0.049080107
30186,0.020470487
30187,0.0799545
30188,0.5512176
30189,0.04157656
30190,0.06676544
30191,0.36879233
30192,0.200008
30193,0.0059079533
30194,0.009353754
30195,0.0059079533
30196,0.039066944
30197,0.053448047
30198,0.23619308
30199,0.22959895
30200,0.009353754
30201,0.06723203
30202,0.092117175
30203,0.12325853
30204,0.14191113
30205,0.11563256
30206,0.18710706
30207,0.24983059
30208,0.08668263
30209,0.009501099
30210,0.12150896
30211,0.08090046
30212,0.045873705
30213,0.25835606
30214,0.97760063
30215,0.011470615
30216,0.33651546
30217,0.012419543
30218,0.0690095
30219,0.23668468
30220,0.006068017
30221,0.05741084
30222,0.07096496
30223,0.0062534795
30224,0.07002538
30225,0.006068017
30226,0.45820913
30227,0.02875907
30228,0.058232993
30229,0.22868979
30230,0.114753336
30231,0.23564498
30232,0.24983059
30233,0.36117828
30234,0.13842764
30235,0.0818422
30236,0.08446889
30237,0.976016
30238,0.30380604
30239,0.38832706
30240,0.018294593
30241,0.15431012
30242,0.10107662
30243,0.009167997
30244,0.048361152
30245,0.0065132515
30246,0.007857868
30247,0.0077174855
30248,0.038661454
30249,0.08774311
30250,0.07917957
30251,0.05727284
30252,0.09101844
30253,0.14544411
30254,0.17452706
30255,0.12459088
30256,0.0059079533
30257,0.101779394
30258,0.2278935
30259,0.02092816
30260,0.98350966
30261,0.8715427
30262,0.73608905
30263,0.0065132515
30264,0.02031321
30265,0.011511062
30266,0.15166688
30267,0.41651717
30268,0.09957678
30269,0.013214729
30270,0.054740883
30271,0.010910911
30272,0.04159728
30273,0.0561945
30274,0.0386263
30275,0.024814745
30276,0.3290758
30277,0.013154807
30278,0.048552915
30279,0.07956957
30280,0.08218913
30281,0.050802894
30282,0.04972007
30283,0.23114777
30284,0.063560724
30285,0.014400421
30286,0.104642905
30287,0.113984585
30288,0.11998036
30289,0.98350966
30290,0.6200125
30291,0.73745626
30292,0.06222163
30293,0.02307154
30294,0.008205791
30295,0.3657976
30296,0.04788948
30297,0.24486305
30298,0.050868243
30299,0.1504898
30300,0.0059079533
30301,0.15351436
30302,0.080907136
30303,0.1156199
30304,0.2006782
30305,0.34991562
30306,0.41672823
30307,0.10843889
30308,0.08220354
30309,0.043049876
30310,0.037681933
30311,0.05792504
30312,0.05951619
30313,0.030543828
30314,0.19310929
30315,0.19402768
30316,0.06966386
30317,0.12906839
30318,0.019629642
30319,0.95188266
30320,0.979106
30321,0.98350966
30322,0.09261122
30323,0.07063238
30324,0.13669333
30325,0.011321745
30326,0.37147665
30327,0.0116642015
30328,0.0059079533
30329,0.016655963
30330,0.02824097
30331,0.083321825
30332,0.058793593
30333,0.22529794
30334,0.98203117
30335,0.03387117
30336,0.08006335
30337,0.051859356
30338,0.13030192
30339,0.06340537
30340,0.14582643
30341,0.17409448
30342,0.026046539
30343,0.0762454
30344,0.111116186
30345,0.14181232
30346,0.050070256
30347,0.03958438
30348,0.24916194
30349,0.32659772
30350,0.14544174
30351,0.08114982
30352,0.021596372
30353,0.121626586
30354,0.009353754
30355,0.06990277
30356,0.20899819
30357,0.048264712
30358,0.07113076
30359,0.029948741
30360,0.015864274
30361,0.043501753
30362,0.12575035
30363,0.45663956
30364,0.15325993
30365,0.1547316
30366,0.1329545
30367,0.12401235
30368,0.1183027
30369,0.5522477
30370,0.04808549
30371,0.019331144
30372,0.015864274
30373,0.043928135
30374,0.13314797
30375,0.101294085
30376,0.20526236
30377,0.4929527
30378,0.31973734
30379,0.13513781
30380,0.9819136
30381,0.101095475
30382,0.011132298
30383,0.08588181
30384,0.25904164
30385,0.006528037
30386,0.028413106
30387,0.44747567
30388,0.04367448
30389,0.02693708
30390,0.04792858
30391,0.016220069
30392,0.08264494
30393,0.24668339
30394,0.22783303
30395,0.26525563
30396,0.22139788
30397,0.12578589
30398,0.13331114
30399,0.21777621
30400,0.007948304
30401,0.1245824
30402,0.019677572
30403,0.033528324
30404,0.44710356
30405,0.19477126
30406,0.0768424
30407,0.5318286
30408,0.25857043
30409,0.0061509577
30410,0.101286516
30411,0.16568232
30412,0.034000084
30413,0.034867328
30414,0.008362634
30415,0.008108367
30416,0.021886298
30417,0.026673658
30418,0.06024305
30419,0.06044076
30420,0.10223073
30421,0.3035872
30422,0.7218101
30423,0.27923495
30424,0.18252046
30425,0.36130023
30426,0.12668858
30427,0.122746915
30428,0.08947266
30429,0.15221182
30430,0.26712975
30431,0.077027954
30432,0.019240785
30433,0.09083304
30434,0.10633327
30435,0.019082211
30436,0.05032026
30437,0.10330468
30438,0.026525244
30439,0.031702973
30440,0.017145706
30441,0.018226173
30442,0.020582153
30443,0.04921957
30444,0.028461585
30445,0.038346674
30446,0.155913
30447,0.10803016
30448,0.13742678
30449,0.45970112
30450,0.38856277
30451,0.283422
30452,0.16163723
30453,0.03137279
30454,0.01080616
30455,0.04994276
30456,0.105815075
30457,0.0059079533
30458,0.030023608
30459,0.98203117
30460,0.006491557
30461,0.008689763
30462,0.108539104
30463,0.05117933
30464,0.111116186
30465,0.05809145
30466,0.03860019
30467,0.0059079533
30468,0.03210513
30469,0.024842644
30470,0.054795805
30471,0.062592015
30472,0.4828677
30473,0.22953291
30474,0.16789477
30475,0.9808917
30476,0.25985777
30477,0.3646892
30478,0.20910606
30479,0.033243388
30480,0.043928135
30481,0.026829494
30482,0.074869834
30483,0.046759207
30484,0.025884368
30485,0.032908984
30486,0.36940598
30487,0.17830646
30488,0.29382485
30489,0.037529267
30490,0.06117186
30491,0.2117965
30492,0.12325853
30493,0.18404675
30494,0.017074617
30495,0.0059079533
30496,0.009942244
30497,0.115300134
30498,0.9812259
30499,0.20150916
30500,0.7338502
30501,0.2756847
30502,0.30497214
30503,0.18768747
30504,0.1850413
30505,0.1623001
30506,0.0059079533
30507,0.012300691
30508,0.009661162
30509,0.024460731
30510,0.013991958
30511,0.14026809
30512,0.144846
30513,0.29231688
30514,0.30321938
30515,0.042408545
30516,0.07861226
30517,0.25091496
30518,0.040950064
30519,0.048123658
30520,0.18759523
30521,0.036673687
30522,0.0962648
30523,0.17808442
30524,0.07196942
30525,0.14390267
30526,0.13110283
30527,0.06651121
30528,0.034679495
30529,0.13035733
30530,0.11237517
30531,0.024120392
30532,0.01834691
30533,0.068561964
30534,0.07282846
30535,0.029307442
30536,0.0062534795
30537,0.0762155
30538,0.021516781
30539,0.026112506
30540,0.022587152
30541,0.15032205
30542,0.2744157
30543,0.6256426
30544,0.11560776
30545,0.025174221
30546,0.007021816
30547,0.02800498
30548,0.06059623
30549,0.16769113
30550,0.011649967
30551,0.012419543
30552,0.07704315
30553,0.01662169
30554,0.009167997
30555,0.0116642015
30556,0.08143242
30557,0.06527227
30558,0.3696121
30559,0.022707775
30560,0.005990895
30561,0.042408545
30562,0.07345965
30563,0.08026518
30564,0.3891681
30565,0.09953659
30566,0.0059079533
30567,0.124004394
30568,0.062026404
30569,0.019642675
30570,0.063703865
30571,0.11225982
30572,0.03480902
30573,0.050478768
30574,0.010481872
30575,0.24312806
30576,0.0067459396
30577,0.008045727
30578,0.0130751
30579,0.013170684
30580,0.11639883
30581,0.06970617
30582,0.031260684
30583,0.018797997
30584,0.019508848
30585,0.052845743
30586,0.29170382
30587,0.040152807
30588,0.032118842
30589,0.07256586
30590,0.019083846
30591,0.06964909
30592,0.15547942
30593,0.038229153
30594,0.200008
30595,0.018022921
30596,0.013399164
30597,0.011824265
30598,0.07150201
30599,0.05859279
30600,0.03062121
30601,0.2580499
30602,0.09092596
30603,0.2100322
30604,0.020135995
30605,0.055274256
30606,0.08274737
30607,0.006397232
30608,0.23585549
30609,0.39270398
30610,0.08168967
30611,0.06448996
30612,0.103138484
30613,0.09968551
30614,0.09445179
30615,0.17689109
30616,0.08678554
30617,0.048694484
30618,0.9819136
30619,0.015272367
30620,0.06502863
30621,0.0059079533
30622,0.05812902
30623,0.07312373
30624,0.01662169
30625,0.015505064
30626,0.08162303
30627,0.4558391
30628,0.08419627
30629,0.17720744
30630,0.030071987
30631,0.10119695
30632,0.0059079533
30633,0.03637843
30634,0.03838597
30635,0.056705486
30636,0.03386895
30637,0.04337126
30638,0.023910519
30639,0.013991958
30640,0.0747505
30641,0.011248316
30642,0.14333846
30643,0.016401561
30644,0.06662729
30645,0.04388957
30646,0.11578865
30647,0.0072500436
30648,0.008045727
30649,0.02757602
30650,0.9808917
30651,0.059531517
30652,0.12002459
30653,0.022450529
30654,0.027582489
30655,0.05898602
30656,0.019098882
30657,0.012779599
30658,0.008689763
30659,0.18057226
30660,0.024972025
30661,0.0065132515
30662,0.006068017
30663,0.012966701
30664,0.008634833
30665,0.015272367
30666,0.030066976
30667,0.12041199
30668,0.09243358
30669,0.029978087
30670,0.02816389
30671,0.289906
30672,0.009501099
30673,0.025802074
30674,0.008478653
30675,0.014443519
30676,0.012010362
30677,0.07161888
30678,0.0063448283
30679,0.028624238
30680,0.18517753
30681,0.070158154
30682,0.016493786
30683,0.025765797
30684,0.006993964
30685,0.085299805
30686,0.19407947
30687,0.09834647
30688,0.038346674
30689,0.05216012
30690,0.016192261
30691,0.076663606
30692,0.014495996
30693,0.04884805
30694,0.18387344
30695,0.2053062
30696,0.010842026
30697,0.026567493
30698,0.011671126
30699,0.019750725
30700,0.007857868
30701,0.007021816
30702,0.014152023
30703,0.009167997
30704,0.05031559
30705,0.053315844
30706,0.063052446
30707,0.08406937
30708,0.14970198
30709,0.008205791
30710,0.23609748
30711,0.008849827
30712,0.024467556
30713,0.009661162
30714,0.0074547674
30715,0.010816685
30716,0.015658349
30717,0.014992347
30718,0.01057768
30719,0.0059079533
30720,0.022038545
30721,0.006528037
30722,0.017120976
30723,0.11292396
30724,0.020563941
30725,0.024670975
30726,0.026387295
30727,0.011708247
30728,0.0059079533
30729,0.0151264705
30730,0.006993964
30731,0.11755218
30732,0.014832283
30733,0.01492049
30734,0.006068017
30735,0.04887244
30736,0.027517313
30737,0.05908678
30738,0.013154807
30739,0.09092596
30740,0.36355156
30741,0.030380009
30742,0.04647593
30743,0.08790174
30744,0.044885095
30745,0.034714736
30746,0.008781112
30747,0.12839928
30748,0.0059079533
30749,0.11844393
30750,0.15597956
30751,0.014621363
30752,0.025940027
30753,0.03555853
30754,0.016461626
30755,0.014530015
30756,0.010713562
30757,0.02493629
30758,0.014224057
30759,0.07779258
30760,0.060395215
30761,0.03821303
30762,0.0071818796
30763,0.20956783
30764,0.017243536
30765,0.017672915
30766,0.009206099
30767,0.006068017
30768,0.026571065
30769,0.035014194
30770,0.060787134
30771,0.03269556
30772,0.027106235
30773,0.007021816
30774,0.013227343
30775,0.23277876
30776,0.18244514
30777,0.008478653
30778,0.017633017
30779,0.07788976
30780,0.018338932
30781,0.0067196903
30782,0.060044967
30783,0.033038277
30784,0.02847954
30785,0.03994779
30786,0.11162501
30787,0.011321745
30788,0.029142268
30789,0.044266734
30790,0.014242749
30791,0.037821863
30792,0.09181578
30793,0.050633654
30794,0.3191246
30795,0.03638686
30796,0.08913013
30797,0.26713702
30798,0.2496597
30799,0.019595953
30800,0.22729993
30801,0.15976171
30802,0.2732776
30803,0.035862364
30804,0.2948557
30805,0.025680233
30806,0.022114784
30807,0.27036205
30808,0.0067972247
30809,0.01317579
30810,0.01824474
30811,0.21207885
30812,0.029552698
30813,0.893591
30814,0.22322981
30815,0.0064737774
30816,0.22697522
30817,0.020885052
30818,0.025387509
30819,0.051260985
30820,0.051661506
30821,0.0059079533
30822,0.033721134
30823,0.09279107
30824,0.4943422
30825,0.73348486
30826,0.73144037
30827,0.020334153
30828,0.18167505
30829,0.12211956
30830,0.34753945
30831,0.07430796
30832,0.077922285
30833,0.04257777
30834,0.059712034
30835,0.031536803
30836,0.30931094
30837,0.12500845
30838,0.25796735
30839,0.7033965
30840,0.12404701
30841,0.01436602
30842,0.63098115
30843,0.07701712
30844,0.4234431
30845,0.10059349
30846,0.055814646
30847,0.01327827
30848,0.108421
30849,0.08906407
30850,0.11221964
30851,0.11444022
30852,0.01627271
30853,0.033180565
30854,0.13383703
30855,0.17414418
30856,0.056262787
30857,0.12261968
30858,0.103830084
30859,0.20478584
30860,0.0064737774
30861,0.02214095
30862,0.05884909
30863,0.20955558
30864,0.16237558
30865,0.28065294
30866,0.015695909
30867,0.0604503
30868,0.011133392
30869,0.014841912
30870,0.013330747
30871,0.30305916
30872,0.046020836
30873,0.092466876
30874,0.5376796
30875,0.25797498
30876,0.009925953
30877,0.16559155
30878,0.10400037
30879,0.010321809
30880,0.010737743
30881,0.017458769
30882,0.10703327
30883,0.057755332
30884,0.287647
30885,0.26574126
30886,0.006637161
30887,0.0448328
30888,0.023524176
30889,0.29347724
30890,0.07018432
30891,0.06807988
30892,0.010353436
30893,0.13677704
30894,0.034362882
30895,0.07629483
30896,0.23503087
30897,0.53282243
30898,0.17342383
30899,0.020979216
30900,0.01854846
30901,0.034035213
30902,0.044781778
30903,0.040648613
30904,0.0059079533
30905,0.18312858
30906,0.15027489
30907,0.15922935
30908,0.07790967
30909,0.11775326
30910,0.010737743
30911,0.05235027
30912,0.038228806
30913,0.0331901
30914,0.05019214
30915,0.158334
30916,0.031593315
30917,0.08928919
30918,0.0059079533
30919,0.0108899865
30920,0.03309328
30921,0.021705832
30922,0.0059079533
30923,0.020625519
30924,0.061869174
30925,0.050047144
30926,0.54392433
30927,0.20495
30928,0.03711047
30929,0.05880287
30930,0.095261805
30931,0.081490114
30932,0.035112947
30933,0.04651807
30934,0.032022968
30935,0.17371823
30936,0.032690153
30937,0.030040454
30938,0.030766353
30939,0.11619552
30940,0.07656514
30941,0.12396082
30942,0.15751408
30943,0.14585802
30944,0.047350783
30945,0.030346671
30946,0.014215983
30947,0.06641149
30948,0.056008678
30949,0.24567671
30950,0.05026228
30951,0.32706633
30952,0.07929448
30953,0.029239828
30954,0.11400025
30955,0.018808335
30956,0.026011983
30957,0.0144100655
30958,0.00864203
30959,0.09398827
30960,0.026562944
30961,0.018408826
30962,0.015121933
30963,0.025901148
30964,0.06426151
30965,0.04826628
30966,0.057240702
30967,0.08243978
30968,0.09911704
30969,0.1930388
30970,0.29701337
30971,0.071626715
30972,0.0059079533
30973,0.09889971
30974,0.02286783
30975,0.044384915
30976,0.0071818796
30977,0.0789764
30978,0.07597878
30979,0.068364754
30980,0.064915545
30981,0.14170818
30982,0.025821725
30983,0.04208787
30984,0.016546095
30985,0.0059079533
30986,0.01644897
30987,0.2018931
30988,0.100930095
30989,0.0061364365
30990,0.0061364365
30991,0.046503115
30992,0.07078628
30993,0.06173485
30994,0.093849964
30995,0.07573752
30996,0.23346631
30997,0.15167792
30998,0.17342772
30999,0.006528037
31000,0.07038304
31001,0.0059079533
31002,0.048205417
31003,0.0229121
31004,0.025920797
31005,0.031388335
31006,0.029792149
31007,0.036360186
31008,0.04508766
31009,0.011321745
31010,0.07229611
31011,0.06888992
31012,0.019827593
31013,0.058621865
31014,0.018757608
31015,0.034067973
31016,0.085843146
31017,0.01771753
31018,0.0461084
31019,0.14352587
31020,0.04225749
31021,0.14435333
31022,0.52813053
31023,0.05612584
31024,0.08044948
31025,0.046165477
31026,0.086142816
31027,0.06636723
31028,0.088856384
31029,0.031481292
31030,0.30307835
31031,0.07557603
31032,0.06939168
31033,0.034023028
31034,0.0693925
31035,0.012259479
31036,0.021886298
31037,0.018487765
31038,0.0059079533
31039,0.045392018
31040,0.43575794
31041,0.07141254
31042,0.050636508
31043,0.07651208
31044,0.5977579
31045,0.05843196
31046,0.0059079533
31047,0.106456585
31048,0.05303392
31049,0.22581783
31050,0.33285883
31051,0.053353556
31052,0.0068338993
31053,0.07130088
31054,0.09922312
31055,0.16210207
31056,0.14645495
31057,0.016935429
31058,0.078719586
31059,0.048187234
31060,0.00864203
31061,0.070215225
31062,0.011497721
31063,0.019214474
31064,0.02676428
31065,0.089206845
31066,0.055296224
31067,0.0097658895
31068,0.09273065
31069,0.13992798
31070,0.19499427
31071,0.055384614
31072,0.013307049
31073,0.11116551
31074,0.16822602
31075,0.18622927
31076,0.07450244
31077,0.077360205
31078,0.016465645
31079,0.08310733
31080,0.44726148
31081,0.006646233
31082,0.10830849
31083,0.33555028
31084,0.15408483
31085,0.0097658895
31086,0.013330747
31087,0.03469769
31088,0.079357624
31089,0.19814762
31090,0.23242927
31091,0.009239611
31092,0.07524608
31093,0.10252477
31094,0.12572932
31095,0.09029203
31096,0.1023973
31097,0.14156151
31098,0.23521465
31099,0.089285
31100,0.011954532
31101,0.053275768
31102,0.116661705
31103,0.03685024
31104,0.20693593
31105,0.98036677
31106,0.028864885
31107,0.28124687
31108,0.012419543
31109,0.060815476
31110,0.19660527
31111,0.012419543
31112,0.044596586
31113,0.046896018
31114,0.021040084
31115,0.078398325
31116,0.52909905
31117,0.044627372
31118,0.052241556
31119,0.26632738
31120,0.12924959
31121,0.25710988
31122,0.28146583
31123,0.3615979
31124,0.20539962
31125,0.10655312
31126,0.076612264
31127,0.9790602
31128,0.36141124
31129,0.44604272
31130,0.042613145
31131,0.10426988
31132,0.11119904
31133,0.018248761
31134,0.018757608
31135,0.014408799
31136,0.05662142
31137,0.0065132515
31138,0.007857868
31139,0.0059079533
31140,0.033104934
31141,0.04454443
31142,0.089835614
31143,0.09277907
31144,0.10723379
31145,0.124543205
31146,0.124248356
31147,0.13337585
31148,0.010904908
31149,0.099344335
31150,0.22472124
31151,0.015802044
31152,0.044056635
31153,0.98323333
31154,0.9824281
31155,0.7367076
31156,0.0065132515
31157,0.013991958
31158,0.105220914
31159,0.37091464
31160,0.094011515
31161,0.048317008
31162,0.058802176
31163,0.0059079533
31164,0.04832069
31165,0.05804801
31166,0.032847226
31167,0.034111053
31168,0.35313842
31169,0.013154807
31170,0.030522048
31171,0.10094145
31172,0.09765215
31173,0.02974525
31174,0.049913757
31175,0.23582081
31176,0.10775701
31177,0.025898803
31178,0.12837188
31179,0.16013841
31180,0.15369777
31181,0.98323333
31182,0.72720885
31183,0.7367076
31184,0.028905114
31185,0.08714268
31186,0.021817584
31187,0.015058873
31188,0.44863147
31189,0.08944155
31190,0.25206453
31191,0.062219404
31192,0.19638342
31193,0.0091936905
31194,0.16093439
31195,0.12231207
31196,0.12221548
31197,0.16927531
31198,0.3882844
31199,0.4477221
31200,0.097674504
31201,0.07094024
31202,0.03851625
31203,0.029860765
31204,0.0985501
31205,0.07124767
31206,0.02119207
31207,0.015112303
31208,0.17781614
31209,0.21272388
31210,0.049927242
31211,0.1524951
31212,0.0374839
31213,0.8714654
31214,0.9788297
31215,0.98323333
31216,0.15712865
31217,0.042192858
31218,0.1282119
31219,0.48858446
31220,0.01693602
31221,0.009223697
31222,0.008770639
31223,0.019487618
31224,0.020472977
31225,0.08531872
31226,0.01270309
31227,0.22373253
31228,0.98175484
31229,0.028552776
31230,0.09231658
31231,0.05798714
31232,0.093710676
31233,0.04391847
31234,0.144567
31235,0.23206277
31236,0.027823126
31237,0.117174275
31238,0.12918961
31239,0.11561922
31240,0.029287698
31241,0.012932609
31242,0.2885265
31243,0.31895995
31244,0.16797177
31245,0.09665522
31246,0.007948304
31247,0.11561005
31248,0.011750786
31249,0.11009119
31250,0.18099901
31251,0.026851693
31252,0.042097863
31253,0.0064737774
31254,0.01057768
31255,0.010681963
31256,0.016154664
31257,0.0504644
31258,0.16709623
31259,0.41628954
31260,0.18599719
31261,0.14229722
31262,0.10602422
31263,0.12937368
31264,0.085915305
31265,0.6262612
31266,0.06532864
31267,0.01997836
31268,0.017905612
31269,0.12221548
31270,0.11637155
31271,0.20070368
31272,0.3705753
31273,0.33170083
31274,0.10911348
31275,0.9816373
31276,0.12985688
31277,0.008481966
31278,0.09082484
31279,0.2278386
31280,0.009981671
31281,0.06242695
31282,0.48594305
31283,0.05303392
31284,0.008878226
31285,0.05280241
31286,0.022632835
31287,0.04381218
31288,0.26627827
31289,0.18643531
31290,0.27519792
31291,0.18185392
31292,0.09701316
31293,0.10156577
31294,0.24677846
31295,0.022785706
31296,0.18715474
31297,0.0782234
31298,0.027546974
31299,0.4994414
31300,0.23521465
31301,0.079809606
31302,0.59927815
31303,0.30322266
31304,0.08735071
31305,0.1387691
31306,0.09922966
31307,0.045828957
31308,0.009925953
31309,0.0059079533
31310,0.008108367
31311,0.014171938
31312,0.036065485
31313,0.06624429
31314,0.07125818
31315,0.095621504
31316,0.30272782
31317,0.72212845
31318,0.3194548
31319,0.19656946
31320,0.36106265
31321,0.10385047
31322,0.0741839
31323,0.06585649
31324,0.14384563
31325,0.22958696
31326,0.040393773
31327,0.011445244
31328,0.042474817
31329,0.1434524
31330,0.013768262
31331,0.03239283
31332,0.089682445
31333,0.01939966
31334,0.050769463
31335,0.0075352155
31336,0.017145706
31337,0.017854674
31338,0.021030392
31339,0.08353744
31340,0.040108692
31341,0.048022307
31342,0.1416128
31343,0.101934165
31344,0.09799674
31345,0.4852262
31346,0.44615903
31347,0.22422285
31348,0.15225871
31349,0.059011888
31350,0.021734044
31351,0.03904475
31352,0.1515162
31353,0.007021816
31354,0.98175484
31355,0.029302472
31356,0.017382054
31357,0.09289856
31358,0.05565602
31359,0.08344138
31360,0.024737861
31361,0.038978707
31362,0.018006917
31363,0.059548985
31364,0.05704784
31365,0.5348401
31366,0.25669563
31367,0.13181368
31368,0.9806154
31369,0.24850112
31370,0.36245123
31371,0.13005537
31372,0.046503115
31373,0.014171938
31374,0.047476336
31375,0.07309901
31376,0.015272367
31377,0.049424723
31378,0.36774614
31379,0.14517982
31380,0.21729423
31381,0.014279526
31382,0.082201034
31383,0.13648929
31384,0.11009468
31385,0.18961741
31386,0.056662347
31387,0.008893791
31388,0.008362343
31389,0.020146193
31390,0.09774403
31391,0.9809496
31392,0.22163658
31393,0.6262612
31394,0.25442433
31395,0.27470514
31396,0.15472722
31397,0.10996748
31398,0.20654312
31399,0.01854846
31400,0.012114596
31401,0.013996754
31402,0.03621097
31403,0.026945883
31404,0.15928848
31405,0.14864649
31406,0.14862803
31407,0.23129167
31408,0.008481966
31409,0.11003411
31410,0.25697
31411,0.020078564
31412,0.05744716
31413,0.16652867
31414,0.010293981
31415,0.006068017
31416,0.10237371
31417,0.13317502
31418,0.0392174
31419,0.15000659
31420,0.07788784
31421,0.102499336
31422,0.03393682
31423,0.15152046
31424,0.10738943
31425,0.01676689
31426,0.124438554
31427,0.008205791
31428,0.12082204
31429,0.044243935
31430,0.0113376565
31431,0.09801325
31432,0.014994154
31433,0.039142642
31434,0.022798466
31435,0.15371162
31436,0.26584676
31437,0.6926557
31438,0.1743853
31439,0.017872589
31440,0.0059079533
31441,0.055893466
31442,0.06365855
31443,0.15197058
31444,0.010737743
31445,0.0156639
31446,0.012419543
31447,0.033799447
31448,0.022079583
31449,0.0059079533
31450,0.0059079533
31451,0.089035526
31452,0.07504508
31453,0.36995265
31454,0.017811721
31455,0.014332003
31456,0.023389377
31457,0.07150339
31458,0.05292775
31459,0.36305884
31460,0.18263376
31461,0.0059079533
31462,0.17311054
31463,0.08332502
31464,0.013330747
31465,0.057129867
31466,0.15613174
31467,0.058938384
31468,0.015113501
31469,0.010481872
31470,0.21198039
31471,0.048060246
31472,0.0068338993
31473,0.012700657
31474,0.023389377
31475,0.14200571
31476,0.040688474
31477,0.04079703
31478,0.020885052
31479,0.017093228
31480,0.041065555
31481,0.24954519
31482,0.015987538
31483,0.007142456
31484,0.028498543
31485,0.028972859
31486,0.04675797
31487,0.2653306
31488,0.050525244
31489,0.17127864
31490,0.059785135
31491,0.029178964
31492,0.0059079533
31493,0.11183577
31494,0.07933617
31495,0.023479931
31496,0.23126684
31497,0.014526083
31498,0.23011939
31499,0.015511656
31500,0.058603235
31501,0.06253345
31502,0.25711942
31503,0.44881052
31504,0.07198254
31505,0.07243913
31506,0.11542341
31507,0.07178704
31508,0.0752242
31509,0.16048917
31510,0.100762144
31511,0.07549698
31512,0.9816373
31513,0.015272367
31514,0.09159133
31515,0.031224495
31516,0.052777726
31517,0.08322937
31518,0.006353187
31519,0.021414436
31520,0.07116754
31521,0.35151413
31522,0.04907287
31523,0.19499427
31524,0.04164352
31525,0.05137706
31526,0.011490797
31527,0.03637843
31528,0.025473524
31529,0.03669706
31530,0.040904317
31531,0.04977069
31532,0.021886298
31533,0.07880045
31534,0.0073660305
31535,0.09599423
31536,0.010062119
31537,0.046060998
31538,0.010621725
31539,0.048782952
31540,0.097947456
31541,0.1031999
31542,0.0059079533
31543,0.01862582
31544,0.9806154
31545,0.03463379
31546,0.13407585
31547,0.0793082
31548,0.023524176
31549,0.019136956
31550,0.034626886
31551,0.0059079533
31552,0.27080938
31553,0.012367066
31554,0.0065132515
31555,0.006068017
31556,0.0077174855
31557,0.005999302
31558,0.060360707
31559,0.117011644
31560,0.024370536
31561,0.073143944
31562,0.02216011
31563,0.021413576
31564,0.045982543
31565,0.289827
31566,0.013397987
31567,0.01057768
31568,0.03066704
31569,0.07151398
31570,0.17622975
31571,0.047521967
31572,0.039155748
31573,0.007021816
31574,0.12175873
31575,0.18616048
31576,0.11649158
31577,0.08732687
31578,0.030803196
31579,0.04637995
31580,0.010948953
31581,0.03073547
31582,0.18948202
31583,0.18041916
31584,0.006993964
31585,0.017297952
31586,0.0059079533
31587,0.011497721
31588,0.0091936905
31589,0.010141735
31590,0.0059079533
31591,0.03991345
31592,0.046153713
31593,0.07811848
31594,0.12086598
31595,0.089458406
31596,0.01165086
31597,0.21206848
31598,0.008205791
31599,0.29344898
31600,0.022277549
31601,0.010141735
31602,0.007992349
31603,0.014841912
31604,0.0060758763
31605,0.0068338993
31606,0.06761512
31607,0.0059079533
31608,0.07167295
31609,0.040159512
31610,0.060617067
31611,0.012700657
31612,0.05323795
31613,0.008893791
31614,0.024221778
31615,0.1066363
31616,0.009981671
31617,0.016628506
31618,0.006068017
31619,0.05039318
31620,0.11296583
31621,0.006528037
31622,0.008930704
31623,0.39214668
31624,0.05035406
31625,0.06193826
31626,0.09804494
31627,0.044156868
31628,0.022437446
31629,0.009515212
31630,0.15750287
31631,0.01824474
31632,0.14391112
31633,0.008478653
31634,0.13885672
31635,0.025997875
31636,0.006220263
31637,0.030427448
31638,0.021039823
31639,0.006444718
31640,0.009925953
31641,0.006220263
31642,0.009053854
31643,0.0059079533
31644,0.0059079533
31645,0.01947876
31646,0.08903799
31647,0.09288669
31648,0.016192261
31649,0.16802973
31650,0.017672915
31651,0.010737743
31652,0.036174476
31653,0.055328444
31654,0.0059079533
31655,0.030040454
31656,0.025406966
31657,0.25345534
31658,0.14790055
31659,0.008362343
31660,0.12305911
31661,0.018408826
31662,0.036205538
31663,0.018860769
31664,0.11336786
31665,0.017945921
31666,0.053829495
31667,0.05261064
31668,0.011321745
31669,0.011730417
31670,0.03178046
31671,0.05178752
31672,0.08779351
31673,0.04590637
31674,0.031066617
31675,0.3559943
31676,0.13644718
31677,0.1297319
31678,0.16113259
31679,0.19212751
31680,0.018915795
31681,0.062445305
31682,0.15582635
31683,0.116834626
31684,0.3087091
31685,0.02400908
31686,0.042650625
31687,0.0066730496
31688,0.012994743
31689,0.12749153
31690,0.014332003
31691,0.22336672
31692,0.72544473
31693,0.13135089
31694,0.0121219605
31695,0.03535976
31696,0.26195207
31697,0.09982076
31698,0.023029301
31699,0.069091044
31700,0.032795966
31701,0.108704336
31702,0.33285883
31703,0.44708475
31704,0.4798747
31705,0.006936787
31706,0.08297846
31707,0.09542045
31708,0.24292412
31709,0.039381016
31710,0.04421827
31711,0.081009634
31712,0.09932107
31713,0.29494253
31714,0.2239941
31715,0.23182452
31716,0.53329825
31717,0.23002474
31718,0.0059079533
31719,0.5246495
31720,0.022079583
31721,0.06445533
31722,0.35396835
31723,0.09228706
31724,0.04491535
31725,0.02183382
31726,0.062267143
31727,0.022352263
31728,0.10838115
31729,0.24287975
31730,0.1358208
31731,0.02874812
31732,0.06980591
31733,0.08417039
31734,0.39801845
31735,0.089149766
31736,0.006604781
31737,0.011539866
31738,0.10858136
31739,0.10336367
31740,0.1952887
31741,0.023743222
31742,0.033452608
31743,0.07803563
31744,0.02214095
31745,0.23105526
31746,0.14356029
31747,0.300267
31748,0.02031321
31749,0.04331173
31750,0.050292924
31751,0.010353436
31752,0.013330747
31753,0.53217167
31754,0.12825401
31755,0.06088806
31756,0.3357473
31757,0.43767282
31758,0.009925953
31759,0.08571573
31760,0.09666224
31761,0.0068338993
31762,0.028301837
31763,0.04117528
31764,0.03417275
31765,0.07475213
31766,0.08306439
31767,0.31895995
31768,0.492573
31769,0.016885225
31770,0.030797634
31771,0.008930704
31772,0.042655725
31773,0.037099004
31774,0.052696604
31775,0.2746088
31776,0.040348228
31777,0.022474796
31778,0.010353436
31779,0.092302285
31780,0.04292959
31781,0.12089458
31782,0.7001985
31783,0.17419216
31784,0.0059079533
31785,0.040665906
31786,0.10151237
31787,0.063444845
31788,0.020885052
31789,0.17753506
31790,0.1565449
31791,0.09619892
31792,0.06763944
31793,0.07925154
31794,0.010737743
31795,0.035759397
31796,0.025486581
31797,0.026651764
31798,0.012466146
31799,0.16036122
31800,0.06603752
31801,0.086951695
31802,0.011321745
31803,0.022038545
31804,0.0060155406
31805,0.01731555
31806,0.014841912
31807,0.033510797
31808,0.051065445
31809,0.021787245
31810,0.006353187
31811,0.029967
31812,0.5436463
31813,0.30361792
31814,0.04270717
31815,0.038549434
31816,0.0060061826
31817,0.11091436
31818,0.08095538
31819,0.04507399
31820,0.04520515
31821,0.0217667
31822,0.03673069
31823,0.119103454
31824,0.030262984
31825,0.017156305
31826,0.04454692
31827,0.10367041
31828,0.09750863
31829,0.114484385
31830,0.12907617
31831,0.13911784
31832,0.047350783
31833,0.036811143
31834,0.022613179
31835,0.03972661
31836,0.03466831
31837,0.2395415
31838,0.07850449
31839,0.33560362
31840,0.09194387
31841,0.03932533
31842,0.07844632
31843,0.008636941
31844,0.009844645
31845,0.017672915
31846,0.009399193
31847,0.07451459
31848,0.023512587
31849,0.04533724
31850,0.105533436
31851,0.039886676
31852,0.049335204
31853,0.039209355
31854,0.08722121
31855,0.17937797
31856,0.23901239
31857,0.10577531
31858,0.017145706
31859,0.07062675
31860,0.013489336
31861,0.05880287
31862,0.058923177
31863,0.07552265
31864,0.096257634
31865,0.030501835
31866,0.15131803
31867,0.030911317
31868,0.058764834
31869,0.022373646
31870,0.017427603
31871,0.22980008
31872,0.009990286
31873,0.020994144
31874,0.07594029
31875,0.00658167
31876,0.009925953
31877,0.0059079533
31878,0.017072478
31879,0.013013058
31880,0.09876652
31881,0.03421978
31882,0.13112217
31883,0.08569378
31884,0.22811814
31885,0.16832195
31886,0.18664578
31887,0.011497721
31888,0.09481427
31889,0.0109606935
31890,0.037395112
31891,0.056018677
31892,0.039808113
31893,0.0059079533
31894,0.058764834
31895,0.042560216
31896,0.011138402
31897,0.047278285
31898,0.04929495
31899,0.022082591
31900,0.007964429
31901,0.007302521
31902,0.018656047
31903,0.009667458
31904,0.013836978
31905,0.12202123
31906,0.0060758763
31907,0.045171376
31908,0.2004446
31909,0.041164543
31910,0.12565324
31911,0.43678737
31912,0.0867131
31913,0.123241775
31914,0.04532117
31915,0.08130892
31916,0.06203377
31917,0.1019772
31918,0.058956284
31919,0.024115086
31920,0.33989733
31921,0.09308125
31922,0.046525992
31923,0.077788234
31924,0.044129927
31925,0.028423646
31926,0.017854674
31927,0.022964558
31928,0.04774621
31929,0.4770156
31930,0.058475524
31931,0.057993714
31932,0.089374624
31933,0.6856445
31934,0.081160165
31935,0.008481966
31936,0.07807682
31937,0.04410416
31938,0.12675305
31939,0.30213648
31940,0.050087307
31941,0.024370536
31942,0.04388174
31943,0.11881678
31944,0.10837204
31945,0.17024086
31946,0.019499402
31947,0.12170075
31948,0.06471406
31949,0.010427703
31950,0.05238051
31951,0.014526083
31952,0.03750579
31953,0.008481966
31954,0.09876652
31955,0.06174526
31956,0.013836978
31957,0.059660017
31958,0.1503165
31959,0.20924164
31960,0.11844198
31961,0.020310422
31962,0.11606924
31963,0.19691797
31964,0.20535776
31965,0.05303392
31966,0.034927316
31967,0.020470487
31968,0.0715793
31969,0.41036454
31970,0.055013478
31971,0.1600505
31972,0.3501272
31973,0.17578804
31974,0.012114596
31975,0.0059079533
31976,0.013330747
31977,0.02378146
31978,0.063736305
31979,0.2425218
31980,0.22083645
31981,0.086821355
31982,0.11681121
31983,0.087245785
31984,0.15555519
31985,0.12597297
31986,0.19504862
31987,0.23521465
31988,0.09923163
31989,0.05268867
31990,0.095304534
31991,0.05010411
31992,0.23480967
31993,0.98036677
31994,0.089458406
31995,0.0067536472
31996,0.35122964
31997,0.0059079533
31998,0.05691013
31999,0.23304881
32000,0.014841912
32001,0.012950209
32002,0.034493867
32003,0.06381218
32004,0.007948304
32005,0.057697874
32006,0.006068017
32007,0.4968685
32008,0.04874008
32009,0.06173485
32010,0.27130404
32011,0.13076936
32012,0.21201871
32013,0.25669563
32014,0.3615979
32015,0.17386287
32016,0.07177114
32017,0.07961512
32018,0.8692979
32019,0.36287498
32020,0.385789
32021,0.006604781
32022,0.021268308
32023,0.08486356
32024,0.016040016
32025,0.0949264
32026,0.016153336
32027,0.0068338993
32028,0.031809654
32029,0.007302521
32030,0.031216739
32031,0.05906316
32032,0.089835614
32033,0.09294225
32034,0.06909728
32035,0.10823939
32036,0.17801706
32037,0.13337585
32038,0.0836342
32039,0.25829604
32040,0.015802044
32041,0.026011983
32042,0.98323333
32043,0.8743111
32044,0.7377968
32045,0.0065132515
32046,0.013442032
32047,0.1964237
32048,0.37063664
32049,0.045135807
32050,0.023813257
32051,0.026112506
32052,0.015198534
32053,0.031264946
32054,0.06385935
32055,0.013366665
32056,0.34926373
32057,0.006444718
32058,0.019952778
32059,0.0441308
32060,0.08057446
32061,0.047189236
32062,0.03426374
32063,0.23270111
32064,0.11670015
32065,0.02038666
32066,0.17743154
32067,0.17331581
32068,0.14914872
32069,0.98323333
32070,0.7250026
32071,0.7364296
32072,0.070492856
32073,0.022785706
32074,0.0059079533
32075,0.44004285
32076,0.10602935
32077,0.19816983
32078,0.059699528
32079,0.1408089
32080,0.007948304
32081,0.15069453
32082,0.08720708
32083,0.10799893
32084,0.15608655
32085,0.35039157
32086,0.48394182
32087,0.14112963
32088,0.09063768
32089,0.045767788
32090,0.039163686
32091,0.08123623
32092,0.036977075
32093,0.0156639
32094,0.15591922
32095,0.20091285
32096,0.043319497
32097,0.14041215
32098,0.0059079533
32099,0.8714654
32100,0.9788297
32101,0.98323333
32102,0.1517076
32103,0.047701508
32104,0.15588568
32105,0.48830646
32106,0.01769461
32107,0.012540594
32108,0.016699508
32109,0.007926287
32110,0.06339471
32111,0.034408875
32112,0.1992539
32113,0.98175484
32114,0.056322496
32115,0.07644462
32116,0.040961582
32117,0.11966282
32118,0.05001859
32119,0.103533685
32120,0.3064139
32121,0.023697246
32122,0.10976472
32123,0.13295323
32124,0.16456452
32125,0.04293927
32126,0.03195004
32127,0.3348572
32128,0.36033404
32129,0.108008474
32130,0.10708752
32131,0.021413576
32132,0.07397613
32133,0.009239611
32134,0.07772756
32135,0.16818336
32136,0.033499204
32137,0.016628506
32138,0.011470738
32139,0.008562842
32140,0.020729994
32141,0.04702343
32142,0.03994325
32143,0.13735522
32144,0.43678737
32145,0.17508382
32146,0.12924604
32147,0.09601163
32148,0.14908813
32149,0.08782397
32150,0.5538175
32151,0.057495605
32152,0.00908295
32153,0.008090561
32154,0.02687528
32155,0.11975874
32156,0.1774305
32157,0.20526336
32158,0.416897
32159,0.27369085
32160,0.106239274
32161,0.9816373
32162,0.13821693
32163,0.006353187
32164,0.08953841
32165,0.11617791
32166,0.013170684
32167,0.06223397
32168,0.4942052
32169,0.0362148
32170,0.03370583
32171,0.027946843
32172,0.03033355
32173,0.07026005
32174,0.29656887
32175,0.2743333
32176,0.27619767
32177,0.2759964
32178,0.12841062
32179,0.11446983
32180,0.24323711
32181,0.022785706
32182,0.13211311
32183,0.03851625
32184,0.050996974
32185,0.49141088
32186,0.22854725
32187,0.068063885
32188,0.41108754
32189,0.3035038
32190,0.14879116
32191,0.1414165
32192,0.16223025
32193,0.03416987
32194,0.009925953
32195,0.015351592
32196,0.03966289
32197,0.057059
32198,0.060587298
32199,0.09225538
32200,0.2892693
32201,0.69448334
32202,0.26052293
32203,0.23386477
32204,0.36067986
32205,0.09820971
32206,0.07610887
32207,0.06705153
32208,0.1807079
32209,0.22694278
32210,0.0675014
32211,0.021811089
32212,0.059299383
32213,0.13831039
32214,0.015511656
32215,0.019136956
32216,0.06796477
32217,0.009830222
32218,0.017145706
32219,0.013397987
32220,0.034476906
32221,0.06708691
32222,0.033904243
32223,0.05079504
32224,0.19934833
32225,0.10364394
32226,0.1001356
32227,0.48467994
32228,0.5212397
32229,0.2622715
32230,0.14189024
32231,0.006604781
32232,0.046060998
32233,0.030522048
32234,0.015296057
32235,0.11937428
32236,0.013558051
32237,0.01651739
32238,0.98175484
32239,0.07018514
32240,0.007142456
32241,0.08551037
32242,0.06518613
32243,0.15366329
32244,0.038370017
32245,0.053753536
32246,0.006353187
32247,0.007220768
32248,0.040622484
32249,0.059548985
32250,0.11177556
32251,0.5266941
32252,0.2647261
32253,0.1515673
32254,0.9806154
32255,0.2516209
32256,0.33670476
32257,0.12151178
32258,0.048509397
32259,0.07681123
32260,0.050407387
32261,0.03891455
32262,0.036037736
32263,0.05310775
32264,0.043434884
32265,0.28197935
32266,0.14517982
32267,0.227557
32268,0.028484514
32269,0.086851485
32270,0.12587765
32271,0.2083268
32272,0.20374757
32273,0.0610947
32274,0.023625871
32275,0.006491557
32276,0.11943898
32277,0.9809496
32278,0.19934833
32279,0.7355579
32280,0.24517296
32281,0.2907171
32282,0.1913776
32283,0.17793259
32284,0.08650966
32285,0.0062534795
32286,0.009515212
32287,0.01818957
32288,0.021886298
32289,0.16624296
32290,0.11549078
32291,0.14781278
32292,0.24275509
32293,0.026058743
32294,0.08772177
32295,0.289827
32296,0.039516244
32297,0.089458406
32298,0.012114596
32299,0.009925953
32300,0.07405702
32301,0.18012281
32302,0.009206099
32303,0.07813239
32304,0.11952053
32305,0.04385457
32306,0.11503368
32307,0.09560854
32308,0.05937184
32309,0.041884515
32310,0.14911489
32311,0.086217694
32312,0.051218115
32313,0.008108367
32314,0.07004171
32315,0.011166781
32316,0.094418995
32317,0.05489085
32318,0.014517856
32319,0.129467
32320,0.027080717
32321,0.044933144
32322,0.0059079533
32323,0.022118997
32324,0.15710963
32325,0.27355626
32326,0.7042214
32327,0.20368929
32328,0.03685212
32329,0.020541692
32330,0.06146362
32331,0.012419543
32332,0.07847694
32333,0.09442147
32334,0.025693255
32335,0.12438883
32336,0.012233448
32337,0.04368924
32338,0.016529664
32339,0.013489336
32340,0.058414653
32341,0.05430451
32342,0.363002
32343,0.0059079533
32344,0.014016953
32345,0.012848783
32346,0.06591176
32347,0.0687653
32348,0.4472605
32349,0.16190475
32350,0.0062534795
32351,0.22449498
32352,0.045938853
32353,0.05866031
32354,0.20382193
32355,0.05727293
32356,0.010737743
32357,0.016352272
32358,0.010481872
32359,0.20091134
32360,0.11193294
32361,0.0060758763
32362,0.012700657
32363,0.022615716
32364,0.111015484
32365,0.027314773
32366,0.05711059
32367,0.019980418
32368,0.023046488
32369,0.02784694
32370,0.2128762
32371,0.020753015
32372,0.007021816
32373,0.010078201
32374,0.022714416
32375,0.046623852
32376,0.24311
32377,0.0894452
32378,0.17773233
32379,0.11161581
32380,0.011133392
32381,0.01165086
32382,0.027546974
32383,0.07901355
32384,0.017869208
32385,0.22958696
32386,0.089458406
32387,0.1384726
32388,0.008562842
32389,0.08308001
32390,0.04554943
32391,0.009409455
32392,0.24288322
32393,0.44022197
32394,0.11675238
32395,0.08574477
32396,0.09205161
32397,0.022606071
32398,0.083454594
32399,0.15430355
32400,0.100762144
32401,0.058925
32402,0.9816373
32403,0.015121933
32404,0.081605464
32405,0.0132620325
32406,0.12200911
32407,0.049335204
32408,0.0059079533
32409,0.1621411
32410,0.3695342
32411,0.03516712
32412,0.12887086
32413,0.040348228
32414,0.041724678
32415,0.015879951
32416,0.062162567
32417,0.034402415
32418,0.006068017
32419,0.05039318
32420,0.05715033
32421,0.060896106
32422,0.0059079533
32423,0.0059079533
32424,0.05303392
32425,0.15391366
32426,0.005988402
32427,0.049722165
32428,0.008202279
32429,0.03393682
32430,0.064756826
32431,0.11435058
32432,0.009187134
32433,0.01057768
32434,0.050825804
32435,0.9806154
32436,0.023209255
32437,0.12881994
32438,0.0772537
32439,0.043928135
32440,0.031079622
32441,0.05941333
32442,0.012233448
32443,0.0146779185
32444,0.24551927
32445,0.0060155406
32446,0.02214045
32447,0.1926523
32448,0.015749566
32449,0.14511588
32450,0.006491557
32451,0.005990895
32452,0.037553553
32453,0.24497713
32454,0.02329148
32455,0.019487618
32456,0.062025435
32457,0.03290731
32458,0.006993964
32459,0.030427448
32460,0.20507413
32461,0.027811453
32462,0.012419543
32463,0.12649806
32464,0.104180835
32465,0.12535289
32466,0.08115348
32467,0.050319355
32468,0.030040454
32469,0.046287235
32470,0.0059079533
32471,0.02070289
32472,0.16637933
32473,0.1852928
32474,0.048216783
32475,0.0059079533
32476,0.0059079533
32477,0.038120046
32478,0.009053854
32479,0.016888041
32480,0.060689375
32481,0.0772537
32482,0.05450855
32483,0.006068017
32484,0.12549007
32485,0.008205791
32486,0.20566623
32487,0.00864203
32488,0.039032426
32489,0.0059079533
32490,0.02158397
32491,0.010141735
32492,0.007948304
32493,0.010193373
32494,0.007857868
32495,0.0060758763
32496,0.04958786
32497,0.00864203
32498,0.050659932
32499,0.04419716
32500,0.012700657
32501,0.02949603
32502,0.0072608185
32503,0.0069114356
32504,0.12900709
32505,0.0059079533
32506,0.007417507
32507,0.023535075
32508,0.017290028
32509,0.07363109
32510,0.012780365
32511,0.089458406
32512,0.008930704
32513,0.40461114
32514,0.09379369
32515,0.098960996
32516,0.0641111
32517,0.01165086
32518,0.056405406
32519,0.022835175
32520,0.0059079533
32521,0.14949572
32522,0.009619941
32523,0.14550357
32524,0.17723224
32525,0.034066655
32526,0.00767834
32527,0.008514589
32528,0.036137387
32529,0.0062534795
32530,0.012780365
32531,0.008722906
32532,0.009053854
32533,0.0059079533
32534,0.00864203
32535,0.031322293
32536,0.009239611
32537,0.01140375
32538,0.0059079533
32539,0.11185167
32540,0.052728586
32541,0.00623594
32542,0.22388758
32543,0.023512587
32544,0.0059079533
32545,0.035808817
32546,0.043853585
32547,0.0060155406
32548,0.014678329
32549,0.06631578
32550,0.007992349
32551,0.0098099345
32552,0.017156305
32553,0.28914392
32554,0.20924164
32555,0.13823502
32556,0.014841912
32557,0.007142456
32558,0.007857868
32559,0.035973594
32560,0.01848927
32561,0.04347798
32562,0.03482894
32563,0.02156159
32564,0.039861646
32565,0.049872063
32566,0.060892146
32567,0.031408146
32568,0.043533023
32569,0.021167215
32570,0.1317115
32571,0.0968021
32572,0.033622384
32573,0.0067823245
32574,0.34753945
32575,0.04846333
32576,0.14722455
32577,0.006491557
32578,0.12234898
32579,0.17721975
32580,0.01750637
32581,0.032959696
32582,0.11654189
32583,0.15756093
32584,0.2735986
32585,0.07118157
32586,0.14236656
32587,0.19731157
32588,0.08166191
32589,0.7257228
32590,0.16411027
32591,0.08072623
32592,0.061876364
32593,0.2864641
32594,0.116363205
32595,0.02488509
32596,0.04755031
32597,0.0163134
32598,0.037672836
32599,0.11417047
32600,0.37487403
32601,0.73348486
32602,0.5229176
32603,0.014440499
32604,0.113839865
32605,0.10279105
32606,0.29501447
32607,0.11448462
32608,0.03665202
32609,0.09367871
32610,0.13940923
32611,0.006556718
32612,0.3349926
32613,0.17968005
32614,0.2853186
32615,0.52570826
32616,0.09499129
32617,0.02031321
32618,0.5265909
32619,0.085854456
32620,0.35138172
32621,0.1308968
32622,0.04954316
32623,0.008309864
32624,0.14722455
32625,0.085883
32626,0.16637169
32627,0.12596342
32628,0.06171436
32629,0.015766984
32630,0.064322844
32631,0.23452993
32632,0.0904339
32633,0.027476849
32634,0.0733913
32635,0.09909226
32636,0.15958245
32637,0.020395137
32638,0.08439772
32639,0.0067972247
32640,0.019720165
32641,0.07646783
32642,0.24170546
32643,0.07569114
32644,0.23103225
32645,0.033471752
32646,0.051323514
32647,0.0136264665
32648,0.010201989
32649,0.309449
32650,0.1337105
32651,0.10109327
32652,0.28864503
32653,0.5372711
32654,0.09772241
32655,0.07804523
32656,0.010193373
32657,0.014957943
32658,0.057994377
32659,0.10061449
32660,0.069820486
32661,0.2560567
32662,0.38657388
32663,0.013836978
32664,0.065710105
32665,0.03494683
32666,0.01768813
32667,0.04997933
32668,0.27339265
32669,0.012903827
32670,0.047562495
32671,0.010201989
32672,0.010353436
32673,0.017456893
32674,0.04244984
32675,0.0841442
32676,0.35421884
32677,0.60154027
32678,0.17962061
32679,0.018176958
32680,0.07263692
32681,0.089413464
32682,0.062061634
32683,0.1680889
32684,0.19966573
32685,0.08970672
32686,0.098426655
32687,0.06519356
32688,0.02937445
32689,0.024530565
32690,0.012466146
32691,0.13170022
32692,0.043523505
32693,0.09814897
32694,0.014266018
32695,0.018329205
32696,0.040618237
32697,0.017861055
32698,0.012711649
32699,0.019557996
32700,0.06003207
32701,0.023609316
32702,0.025594058
32703,0.52913266
32704,0.31092975
32705,0.02665153
32706,0.016121807
32707,0.13379657
32708,0.05373101
32709,0.023299083
32710,0.023487685
32711,0.013836978
32712,0.009932251
32713,0.17371823
32714,0.02647939
32715,0.009391854
32716,0.047119893
32717,0.070462815
32718,0.054462425
32719,0.13319945
32720,0.15524293
32721,0.1381377
32722,0.031593315
32723,0.020545904
32724,0.025732443
32725,0.048609447
32726,0.042937357
32727,0.21771884
32728,0.07729084
32729,0.44497237
32730,0.115239754
32731,0.0061364365
32732,0.117078945
32733,0.04021854
32734,0.067112066
32735,0.013676913
32736,0.008525718
32737,0.054230377
32738,0.031217566
32739,0.03731239
32740,0.07304229
32741,0.05500026
32742,0.07950246
32743,0.042505056
32744,0.111557886
32745,0.16385333
32746,0.2296128
32747,0.06932501
32748,0.025493406
32749,0.08821331
32750,0.008481966
32751,0.045103867
32752,0.0263852
32753,0.008108367
32754,0.083043955
32755,0.04623922
32756,0.1320053
32757,0.028998727
32758,0.104670264
32759,0.061938863
32760,0.07501065
32761,0.026317433
32762,0.012445849
32763,0.1764639
32764,0.116363205
32765,0.034866378
32766,0.0059079533
32767,0.020471375
32768,0.014249654
32769,0.0814516
32770,0.06886577
32771,0.14167559
32772,0.09930216
32773,0.17707533
32774,0.13715681
32775,0.17907669
32776,0.011314376
32777,0.09163694
32778,0.050161187
32779,0.079109006
32780,0.10606412
32781,0.10166608
32782,0.029691486
32783,0.011034123
32784,0.042276744
32785,0.058926076
32786,0.054536257
32787,0.007038483
32788,0.0071146036
32789,0.14443062
32790,0.006444718
32791,0.060556583
32792,0.20851395
32793,0.053171102
32794,0.11713131
32795,0.41105056
32796,0.08874537
32797,0.07309343
32798,0.06880389
32799,0.08708888
32800,0.031593315
32801,0.09847891
32802,0.029447949
32803,0.008039652
32804,0.014678329
32805,0.24124105
32806,0.111872114
32807,0.040056493
32808,0.056356404
32809,0.054374818
32810,0.05121581
32811,0.0059079533
32812,0.020531416
32813,0.047332764
32814,0.45447025
32815,0.04378481
32816,0.04362305
32817,0.0775379
32818,0.7177171
32819,0.040056493
32820,0.008893791
32821,0.06975888
32822,0.054099474
32823,0.10557566
32824,0.3394268
32825,0.052379824
32826,0.010874059
32827,0.07501065
32828,0.1709868
32829,0.095618464
32830,0.1736686
32831,0.031408146
32832,0.14019842
32833,0.091582686
32834,0.008525718
32835,0.056799985
32836,0.016904272
32837,0.12915304
32838,0.044137586
32839,0.006751371
32840,0.11352247
32841,0.117454626
32842,0.21487497
32843,0.09467739
32844,0.020913694
32845,0.08320313
32846,0.14829452
32847,0.14009368
32848,0.043639526
32849,0.013086382
32850,0.05264411
32851,0.0070636817
32852,0.1307589
32853,0.52357185
32854,0.012173887
32855,0.15212694
32856,0.36006576
32857,0.14689694
32858,0.031328015
32859,0.0163134
32860,0.0059079533
32861,0.03690742
32862,0.052172888
32863,0.2289441
32864,0.20182127
32865,0.045907978
32866,0.06099079
32867,0.11653556
32868,0.12713268
32869,0.107013814
32870,0.12632725
32871,0.24274515
32872,0.09255948
32873,0.03059545
32874,0.09506254
32875,0.080323674
32876,0.25049856
32877,0.8957951
32878,0.05461671
32879,0.32529655
32880,0.012233448
32881,0.038042787
32882,0.24725378
32883,0.018001592
32884,0.037469942
32885,0.08982575
32886,0.0059079533
32887,0.04054979
32888,0.4794811
32889,0.0228049
32890,0.06617372
32891,0.23514348
32892,0.088825636
32893,0.1983899
32894,0.24964646
32895,0.31711137
32896,0.0060155406
32897,0.20146829
32898,0.051660877
32899,0.14951232
32900,0.8958557
32901,0.41072857
32902,0.48254043
32903,0.03148313
32904,0.16306125
32905,0.04614649
32906,0.01759678
32907,0.011085925
32908,0.0109606935
32909,0.005990895
32910,0.045492355
32911,0.007526095
32912,0.0380139
32913,0.06403896
32914,0.064773396
32915,0.041811656
32916,0.10390813
32917,0.10256115
32918,0.18238163
32919,0.11369426
32920,0.030625837
32921,0.07271378
32922,0.21244602
32923,0.023299083
32924,0.061875924
32925,0.98323333
32926,0.8743111
32927,0.6273229
32928,0.0065132515
32929,0.013489336
32930,0.15036525
32931,0.36135268
32932,0.09930216
32933,0.057433777
32934,0.03975967
32935,0.035380855
32936,0.039503757
32937,0.009525579
32938,0.36258215
32939,0.012780365
32940,0.03038662
32941,0.07352844
32942,0.06937847
32943,0.02967759
32944,0.053709295
32945,0.22800592
32946,0.10668832
32947,0.006979856
32948,0.11424525
32949,0.10894069
32950,0.092286415
32951,0.98323333
32952,0.8362429
32953,0.73807484
32954,0.008846057
32955,0.0059079533
32956,0.051945176
32957,0.02214095
32958,0.44863147
32959,0.077444315
32960,0.17009984
32961,0.023018403
32962,0.12575431
32963,0.0117811235
32964,0.15941884
32965,0.06395437
32966,0.119200274
32967,0.1745093
32968,0.3607883
32969,0.5375988
32970,0.083856545
32971,0.09989097
32972,0.06266445
32973,0.05036863
32974,0.06957422
32975,0.04279605
32976,0.019466646
32977,0.09205594
32978,0.1530053
32979,0.041665178
32980,0.18363398
32981,0.02156159
32982,0.97958237
32983,0.9788297
32984,0.98323333
32985,0.060500726
32986,0.037345592
32987,0.10552968
32988,0.4475385
32989,0.030724728
32990,0.011490797
32991,0.015802044
32992,0.02115161
32993,0.06470594
32994,0.036299378
32995,0.22887805
32996,0.98175484
32997,0.023707623
32998,0.094322115
32999,0.05394401
33000,0.086412035
33001,0.05394401
33002,0.09154405
33003,0.21981822
33004,0.13197996
33005,0.08917954
33006,0.14149164
33007,0.058240026
33008,0.030456744
33009,0.3083143
33010,0.29498568
33011,0.18338612
33012,0.11658605
33013,0.021154962
33014,0.09376024
33015,0.08713522
33016,0.16264783
33017,0.017205926
33018,0.021901496
33019,0.012639216
33020,0.023079144
33021,0.028941678
33022,0.029287698
33023,0.15176901
33024,0.4462203
33025,0.14612074
33026,0.12974375
33027,0.07175857
33028,0.11053665
33029,0.111931324
33030,0.5344799
33031,0.06793871
33032,0.022884512
33033,0.02874812
33034,0.02847954
33035,0.12713268
33036,0.17583518
33037,0.1250315
33038,0.36197972
33039,0.22661412
33040,0.12616631
33041,0.9816373
33042,0.16890784
33043,0.13031138
33044,0.1878137
33045,0.0104492465
33046,0.03370143
33047,0.36222586
33048,0.042127397
33049,0.020708969
33050,0.014363286
33051,0.03362427
33052,0.09126309
33053,0.26169106
33054,0.27223507
33055,0.2630776
33056,0.27820605
33057,0.11137554
33058,0.12713268
33059,0.22286661
33060,0.0225722
33061,0.16423433
33062,0.10119378
33063,0.022399299
33064,0.4994414
33065,0.15778005
33066,0.031365905
33067,0.5262425
33068,0.30976164
33069,0.20098275
33070,0.14647819
33071,0.10558174
33072,0.009780005
33073,0.008562842
33074,0.0059079533
33075,0.02096776
33076,0.051676612
33077,0.077921905
33078,0.058663297
33079,0.27485806
33080,0.6947614
33081,0.26052293
33082,0.13362093
33083,0.36184433
33084,0.11050951
33085,0.079021476
33086,0.061234433
33087,0.13616137
33088,0.22326142
33089,0.09620576
33090,0.021669175
33091,0.07581446
33092,0.1018118
33093,0.015361218
33094,0.038270142
33095,0.047403537
33096,0.019314399
33097,0.0062534795
33098,0.07914835
33099,0.046182144
33100,0.05849206
33101,0.17211917
33102,0.09203075
33103,0.08381111
33104,0.5249872
33105,0.47189975
33106,0.22727317
33107,0.14094931
33108,0.045155827
33109,0.00658167
33110,0.03791601
33111,0.12402794
33112,0.045135934
33113,0.98175484
33114,0.08226006
33115,0.012664345
33116,0.068995446
33117,0.05604084
33118,0.1783742
33119,0.028474653
33120,0.019142123
33121,0.015802044
33122,0.033247035
33123,0.011941187
33124,0.018703338
33125,0.01818957
33126,0.05473346
33127,0.07779152
33128,0.6016711
33129,0.24964646
33130,0.17399293
33131,0.9806154
33132,0.28065294
33133,0.3034441
33134,0.15465732
33135,0.040954385
33136,0.03437201
33137,0.037709136
33138,0.053709295
33139,0.02960208
33140,0.046289284
33141,0.023813257
33142,0.36130646
33143,0.10065524
33144,0.24964646
33145,0.024706664
33146,0.14978032
33147,0.13887656
33148,0.28106192
33149,0.17249227
33150,0.073723264
33151,0.021492874
33152,0.012529684
33153,0.087764375
33154,0.9809496
33155,0.2020149
33156,0.73446876
33157,0.25716585
33158,0.23384412
33159,0.19393772
33160,0.20622662
33161,0.049948376
33162,0.01479788
33163,0.023098016
33164,0.021703504
33165,0.14162904
33166,0.09583209
33167,0.12541875
33168,0.28547293
33169,0.017939495
33170,0.08746526
33171,0.24170546
33172,0.046121765
33173,0.011941187
33174,0.061977867
33175,0.19449316
33176,0.02589004
33177,0.11602484
33178,0.12771268
33179,0.06705099
33180,0.11558543
33181,0.104662195
33182,0.037454713
33183,0.010505685
33184,0.12839513
33185,0.13197996
33186,0.03707642
33187,0.016923366
33188,0.09117646
33189,0.00864203
33190,0.07911808
33191,0.029472416
33192,0.01080063
33193,0.08433155
33194,0.024786016
33195,0.051331107
33196,0.010970437
33197,0.18604176
33198,0.28841293
33199,0.59572804
33200,0.2090387
33201,0.016972987
33202,0.01644897
33203,0.01200961
33204,0.044776443
33205,0.06819979
33206,0.08533552
33207,0.015623946
33208,0.029772285
33209,0.06850051
33210,0.0059079533
33211,0.019658092
33212,0.007302521
33213,0.042854864
33214,0.03642393
33215,0.3620411
33216,0.008562842
33217,0.009619941
33218,0.010058707
33219,0.040617842
33220,0.07218419
33221,0.36295405
33222,0.17981374
33223,0.011941187
33224,0.01060931
33225,0.16895959
33226,0.011941187
33227,0.053382453
33228,0.012956305
33229,0.05213993
33230,0.13403025
33231,0.036409777
33232,0.017443163
33233,0.010353436
33234,0.28490382
33235,0.1394636
33236,0.014016953
33237,0.01750637
33238,0.098277666
33239,0.037705857
33240,0.01756827
33241,0.02286783
33242,0.0319302
33243,0.02059109
33244,0.26794893
33245,0.03505049
33246,0.0059079533
33247,0.024530565
33248,0.06353068
33249,0.054608773
33250,0.22283019
33251,0.12222527
33252,0.24995604
33253,0.13974665
33254,0.008176787
33255,0.0126844095
33256,0.03153402
33257,0.114505574
33258,0.02040017
33259,0.27987188
33260,0.08870797
33261,0.11053665
33262,0.023299083
33263,0.03238086
33264,0.05096565
33265,0.2719316
33266,0.48394367
33267,0.09416856
33268,0.08858603
33269,0.012956305
33270,0.087982625
33271,0.046433695
33272,0.08612563
33273,0.14252125
33274,0.09061766
33275,0.08409875
33276,0.9816373
33277,0.014957943
33278,0.08982575
33279,0.14642109
33280,0.07034046
33281,0.025200587
33282,0.12738498
33283,0.36184433
33284,0.06509806
33285,0.18104033
33286,0.037213515
33287,0.007948304
33288,0.061683986
33289,0.008365654
33290,0.059238512
33291,0.030183196
33292,0.036414675
33293,0.045845617
33294,0.06855903
33295,0.019971844
33296,0.026198063
33297,0.0778239
33298,0.021481976
33299,0.1008928
33300,0.038234558
33301,0.0060155406
33302,0.08030281
33303,0.050610647
33304,0.019421985
33305,0.020002602
33306,0.060396865
33307,0.9806154
33308,0.02073675
33309,0.17151305
33310,0.057548273
33311,0.0381085
33312,0.04884743
33313,0.034207933
33314,0.005990895
33315,0.0146779185
33316,0.2788564
33317,0.019697672
33318,0.0065132515
33319,0.007526095
33320,0.043701675
33321,0.24457848
33322,0.019178603
33323,0.10488908
33324,0.027639352
33325,0.021154962
33326,0.00623594
33327,0.32783744
33328,0.0225722
33329,0.016193476
33330,0.0061509577
33331,0.01786443
33332,0.051573317
33333,0.006993964
33334,0.008562842
33335,0.12062184
33336,0.049887512
33337,0.0059079533
33338,0.11125643
33339,0.14890727
33340,0.12844217
33341,0.04921191
33342,0.032779083
33343,0.03148313
33344,0.070341535
33345,0.016878016
33346,0.057494648
33347,0.12796807
33348,0.134
33349,0.006993964
33350,0.008108367
33351,0.052209187
33352,0.02286783
33353,0.009830114
33354,0.0090795485
33355,0.09395213
33356,0.06347991
33357,0.09995664
33358,0.18568295
33359,0.29062057
33360,0.008525718
33361,0.0059079533
33362,0.028484514
33363,0.007410076
33364,0.014016953
33365,0.012403295
33366,0.008794277
33367,0.008525718
33368,0.14134325
33369,0.040741045
33370,0.028761122
33371,0.012514564
33372,0.011314376
33373,0.040954385
33374,0.012780365
33375,0.012233448
33376,0.0069114356
33377,0.16433747
33378,0.03270565
33379,0.021743452
33380,0.033397883
33381,0.006751371
33382,0.111403614
33383,0.012780365
33384,0.08870797
33385,0.008722906
33386,0.40999058
33387,0.15145725
33388,0.053167306
33389,0.105156444
33390,0.01165086
33391,0.083845735
33392,0.016396493
33393,0.009990286
33394,0.18404512
33395,0.012711649
33396,0.10676864
33397,0.17563692
33398,0.029348046
33399,0.0436663
33400,0.038042765
33401,0.02156159
33402,0.008722906
33403,0.009972895
33404,0.04750081
33405,0.022180757
33406,0.009239611
33407,0.007666479
33408,0.11142601
33409,0.05794372
33410,0.24271993
33411,0.0068338993
33412,0.0059079533
33413,0.025968097
33414,0.007666479
33415,0.036906213
33416,0.013505573
33417,0.029566318
33418,0.01982278
33419,0.01165086
33420,0.037738416
33421,0.2860039
33422,0.22805147
33423,0.017443163
33424,0.19326006
33425,0.012514564
33426,0.0146779185
33427,0.035450354
33428,0.0059079533
33429,0.012385696
33430,0.042288285
33431,0.02751639
33432,0.013676913
33433,0.021155823
33434,0.031408146
33435,0.04366686
33436,0.03337976
33437,0.17844951
33438,0.032613505
33439,0.0723623
33440,0.28172487
33441,0.05504969
33442,0.12243889
33443,0.033247035
33444,0.33232787
33445,0.22592907
33446,0.006491557
33447,0.287647
33448,0.15316184
33449,0.36226133
33450,0.27083495
33451,0.098402224
33452,0.08966016
33453,0.023299083
33454,0.3299236
33455,0.893591
33456,0.19834714
33457,0.07294096
33458,0.16395359
33459,0.3778628
33460,0.12848343
33461,0.0059079533
33462,0.030758686
33463,0.0731198
33464,0.0137209585
33465,0.018703338
33466,0.11467206
33467,0.26522252
33468,0.7021484
33469,0.7001039
33470,0.046023432
33471,0.053045567
33472,0.11826196
33473,0.27102855
33474,0.077426024
33475,0.007964429
33476,0.16437824
33477,0.06978056
33478,0.03116449
33479,0.40952232
33480,0.17146069
33481,0.2887774
33482,0.87954146
33483,0.18563612
33484,0.5327956
33485,0.11372454
33486,0.29456204
33487,0.12115336
33488,0.03478831
33489,0.020870646
33490,0.18001966
33491,0.0073660305
33492,0.052279074
33493,0.09347703
33494,0.24245635
33495,0.017286375
33496,0.06361615
33497,0.13687362
33498,0.20942998
33499,0.08865584
33500,0.027476849
33501,0.018882222
33502,0.061238054
33503,0.111593954
33504,0.05013424
33505,0.03652354
33506,0.02214095
33507,0.011708207
33508,0.27062663
33509,0.1670131
33510,0.26120362
33511,0.02031321
33512,0.06964487
33513,0.01564307
33514,0.58124036
33515,0.21203016
33516,0.111780085
33517,0.41003335
33518,0.69831437
33519,0.0065132515
33520,0.08794039
33521,0.06564903
33522,0.009355148
33523,0.05999513
33524,0.014957943
33525,0.02487947
33526,0.042092275
33527,0.16713601
33528,0.08132798
33529,0.25627297
33530,0.59422976
33531,0.050960805
33532,0.05723114
33533,0.0072266595
33534,0.007948304
33535,0.028410826
33536,0.33285883
33537,0.015710423
33538,0.17183127
33539,0.039450515
33540,0.3111294
33541,0.60154027
33542,0.1973277
33543,0.01705368
33544,0.007142456
33545,0.05064194
33546,0.09088004
33547,0.022384545
33548,0.20601502
33549,0.19966573
33550,0.11213133
33551,0.1262456
33552,0.09531154
33553,0.040544767
33554,0.016465645
33555,0.022815797
33556,0.031216739
33557,0.096781634
33558,0.07668238
33559,0.081338756
33560,0.011138402
33561,0.006220263
33562,0.020947972
33563,0.0090795485
33564,0.008481966
33565,0.034066655
33566,0.059048533
33567,0.013397987
33568,0.021184992
33569,0.4971801
33570,0.3037908
33571,0.049509354
33572,0.030341187
33573,0.030425936
33574,0.11405555
33575,0.08386383
33576,0.03241777
33577,0.013836978
33578,0.017727332
33579,0.0059079533
33580,0.17198898
33581,0.041971017
33582,0.034724638
33583,0.022293195
33584,0.006604781
33585,0.06270037
33586,0.05070136
33587,0.13933682
33588,0.15208668
33589,0.15580536
33590,0.031593315
33591,0.035787143
33592,0.0059079533
33593,0.064967595
33594,0.013470636
33595,0.15669423
33596,0.02701696
33597,0.38559955
33598,0.06379865
33599,0.019818569
33600,0.11448831
33601,0.031694274
33602,0.06669026
33603,0.017575085
33604,0.008525718
33605,0.01165086
33606,0.10933515
33607,0.024059957
33608,0.029017074
33609,0.09573451
33610,0.018949341
33611,0.08107073
33612,0.071603455
33613,0.10519385
33614,0.17544234
33615,0.29508075
33616,0.06094708
33617,0.020516898
33618,0.08950566
33619,0.0059079533
33620,0.041972037
33621,0.0059079533
33622,0.099855356
33623,0.08052886
33624,0.06828831
33625,0.060204446
33626,0.13047701
33627,0.070857
33628,0.050364517
33629,0.014016953
33630,0.025901148
33631,0.16822878
33632,0.02847954
33633,0.1026336
33634,0.0738512
33635,0.009780005
33636,0.027374832
33637,0.035787143
33638,0.100214675
33639,0.05183459
33640,0.10292238
33641,0.09163694
33642,0.13714047
33643,0.14509216
33644,0.19539437
33645,0.011314376
33646,0.08689453
33647,0.008409699
33648,0.050161187
33649,0.06003207
33650,0.0724784
33651,0.06336738
33652,0.0389444
33653,0.058507714
33654,0.026858924
33655,0.06916973
33656,0.063195
33657,0.020141229
33658,0.031966157
33659,0.10050326
33660,0.011022383
33661,0.055298652
33662,0.1858701
33663,0.029752051
33664,0.10610815
33665,0.41105056
33666,0.08632598
33667,0.09390988
33668,0.058216587
33669,0.09351586
33670,0.073836
33671,0.07823895
33672,0.02283892
33673,0.009053854
33674,0.010069225
33675,0.03280115
33676,0.23426822
33677,0.06296337
33678,0.05925582
33679,0.068700895
33680,0.012982926
33681,0.0059079533
33682,0.017854674
33683,0.006751371
33684,0.053382453
33685,0.43994814
33686,0.039766405
33687,0.04920707
33688,0.072938845
33689,0.7177171
33690,0.07118942
33691,0.006553842
33692,0.08999986
33693,0.057366066
33694,0.14994761
33695,0.33371496
33696,0.025331007
33697,0.044276614
33698,0.1709868
33699,0.095618464
33700,0.20880209
33701,0.015917419
33702,0.16978064
33703,0.06677668
33704,0.030297458
33705,0.008104855
33706,0.10521923
33707,0.041496072
33708,0.0059079533
33709,0.104610056
33710,0.061634757
33711,0.22752671
33712,0.049894005
33713,0.029348046
33714,0.09870155
33715,0.12502345
33716,0.19241226
33717,0.040005606
33718,0.066796765
33719,0.006665493
33720,0.099156916
33721,0.5334498
33722,0.008758413
33723,0.12688658
33724,0.3614052
33725,0.11662142
33726,0.022524975
33727,0.013330747
33728,0.0059079533
33729,0.023567956
33730,0.039274085
33731,0.22025305
33732,0.16582003
33733,0.03558848
33734,0.07662926
33735,0.14717591
33736,0.15331905
33737,0.10298127
33738,0.121306546
33739,0.22647873
33740,0.07671068
33741,0.023775348
33742,0.10952193
33743,0.08217488
33744,0.30154806
33745,0.8708826
33746,0.030888366
33747,0.3092668
33748,0.011497721
33749,0.034198944
33750,0.208277
33751,0.0146779185
33752,0.016979415
33753,0.054055274
33754,0.029382896
33755,0.0059079533
33756,0.031990502
33757,0.38740885
33758,0.01535463
33759,0.041780565
33760,0.24961673
33761,0.10226531
33762,0.20686652
33763,0.28146583
33764,0.31024718
33765,0.021030711
33766,0.17624159
33767,0.033865094
33768,0.11490627
33769,0.9790602
33770,0.385789
33771,0.38095403
33772,0.037615042
33773,0.0982504
33774,0.05706714
33775,0.015760027
33776,0.03962974
33777,0.0323902
33778,0.03330883
33779,0.007857868
33780,0.0059079533
33781,0.028410826
33782,0.068543464
33783,0.04174393
33784,0.053917266
33785,0.10624869
33786,0.07197736
33787,0.14543808
33788,0.113227025
33789,0.06309547
33790,0.264835
33791,0.015802044
33792,0.051376726
33793,0.98323333
33794,0.8732418
33795,0.8836189
33796,0.02330162
33797,0.14138678
33798,0.36975586
33799,0.101003245
33800,0.065537795
33801,0.008362343
33802,0.03425167
33803,0.02790264
33804,0.027752155
33805,0.006397232
33806,0.32949108
33807,0.0059079533
33808,0.024962116
33809,0.06550183
33810,0.08648709
33811,0.047290824
33812,0.05389556
33813,0.22386652
33814,0.115789734
33815,0.0067823245
33816,0.050368614
33817,0.09854782
33818,0.05933729
33819,0.98323333
33820,0.72720885
33821,0.7367076
33822,0.052752983
33823,0.022785706
33824,0.48967737
33825,0.08037669
33826,0.14641806
33827,0.006646233
33828,0.093558066
33829,0.018462928
33830,0.11341419
33831,0.08551338
33832,0.100146584
33833,0.24331559
33834,0.3598353
33835,0.48421982
33836,0.12117075
33837,0.086873114
33838,0.074897
33839,0.02625102
33840,0.08261095
33841,0.04644643
33842,0.015274181
33843,0.02308168
33844,0.080838345
33845,0.12961769
33846,0.05311366
33847,0.20582788
33848,0.012540594
33849,0.97958237
33850,0.9788297
33851,0.98323333
33852,0.08810434
33853,0.015545475
33854,0.12042477
33855,0.49605352
33856,0.011490797
33857,0.015121933
33858,0.006353187
33859,0.070030905
33860,0.051367182
33861,0.22312602
33862,0.98175484
33863,0.036596883
33864,0.11733362
33865,0.06617372
33866,0.12484348
33867,0.047292314
33868,0.093770385
33869,0.17929292
33870,0.018443089
33871,0.041588653
33872,0.09002548
33873,0.092786364
33874,0.04758975
33875,0.045684125
33876,0.2946822
33877,0.30192962
33878,0.1734024
33879,0.08885403
33880,0.02127166
33881,0.06497399
33882,0.059704717
33883,0.16845766
33884,0.06804784
33885,0.053618457
33886,0.02711591
33887,0.0059079533
33888,0.02874812
33889,0.02428723
33890,0.163092
33891,0.41628954
33892,0.15530147
33893,0.120334774
33894,0.08436145
33895,0.09840769
33896,0.10477395
33897,0.5357092
33898,0.04074194
33899,0.0108899865
33900,0.0063007106
33901,0.03962506
33902,0.10961649
33903,0.18604176
33904,0.20724978
33905,0.386702
33906,0.24868912
33907,0.082636796
33908,0.9816373
33909,0.12465631
33910,0.013836978
33911,0.14677867
33912,0.23026341
33913,0.022430379
33914,0.034084182
33915,0.20510218
33916,0.021280356
33917,0.0069414866
33918,0.022337241
33919,0.022450037
33920,0.08134925
33921,0.26627827
33922,0.26799297
33923,0.25542134
33924,0.27346122
33925,0.10737764
33926,0.11044732
33927,0.15684819
33928,0.0059079533
33929,0.0059079533
33930,0.16846263
33931,0.051174793
33932,0.040346008
33933,0.5375988
33934,0.1404517
33935,0.009235383
33936,0.43738034
33937,0.29757547
33938,0.15913981
33939,0.08453887
33940,0.111710176
33941,0.03158884
33942,0.010737743
33943,0.007142456
33944,0.015922142
33945,0.060220156
33946,0.05672425
33947,0.05797572
33948,0.27799177
33949,0.60316455
33950,0.27459863
33951,0.19678257
33952,0.3860944
33953,0.08365201
33954,0.062406193
33955,0.07381401
33956,0.13443579
33957,0.256128
33958,0.069163784
33959,0.021669175
33960,0.07145586
33961,0.11301073
33962,0.033880584
33963,0.03696567
33964,0.03758617
33965,0.008562842
33966,0.0059079533
33967,0.01165086
33968,0.034423612
33969,0.04503553
33970,0.036314037
33971,0.06596939
33972,0.1851688
33973,0.104359016
33974,0.09310373
33975,0.44962862
33976,0.43665734
33977,0.21597505
33978,0.14188167
33979,0.026409054
33980,0.019322122
33981,0.017693352
33982,0.1342364
33983,0.011382796
33984,0.98175484
33985,0.044166308
33986,0.015361218
33987,0.08052886
33988,0.07095757
33989,0.12472343
33990,0.06036428
33991,0.022736391
33992,0.015802044
33993,0.030751247
33994,0.0059079533
33995,0.020331455
33996,0.051184606
33997,0.08105744
33998,0.6016711
33999,0.2163033
34000,0.14133519
34001,0.9806154
34002,0.27257437
34003,0.36122456
34004,0.099412724
34005,0.023532242
34006,0.03989507
34007,0.02076306
34008,0.074402325
34009,0.015363704
34010,0.049554534
34011,0.11650258
34012,0.33616394
34013,0.08280388
34014,0.22103356
34015,0.031686544
34016,0.122347094
34017,0.105700806
34018,0.20771258
34019,0.16978064
34020,0.0624512
34021,0.01057768
34022,0.024885044
34023,0.1011036
34024,0.9809496
34025,0.2154445
34026,0.73583597
34027,0.22565205
34028,0.22854725
34029,0.1186035
34030,0.20622662
34031,0.05036461
34032,0.0115821455
34033,0.025394334
34034,0.009515212
34035,0.038875747
34036,0.0059079533
34037,0.109448925
34038,0.13130528
34039,0.13389258
34040,0.26425645
34041,0.012540594
34042,0.056055333
34043,0.20425265
34044,0.02843581
34045,0.011941187
34046,0.009780005
34047,0.045408998
34048,0.14617583
34049,0.011649967
34050,0.10631955
34051,0.10619161
34052,0.0716776
34053,0.127233
34054,0.023098016
34055,0.11922963
34056,0.037108257
34057,0.029348046
34058,0.13256274
34059,0.1277461
34060,0.029020162
34061,0.007302521
34062,0.120906256
34063,0.0059079533
34064,0.050737545
34065,0.016843995
34066,0.10245541
34067,0.011112937
34068,0.06469951
34069,0.03989507
34070,0.16544363
34071,0.22710846
34072,0.6262612
34073,0.2122173
34074,0.012233448
34075,0.008481966
34076,0.023512587
34077,0.020541692
34078,0.032408334
34079,0.030764766
34080,0.14019576
34081,0.007142456
34082,0.025725618
34083,0.012233448
34084,0.062612645
34085,0.035770923
34086,0.0062534795
34087,0.010193373
34088,0.08484597
34089,0.041244935
34090,0.38672864
34091,0.012233448
34092,0.025404006
34093,0.017734855
34094,0.041995067
34095,0.08119169
34096,0.36198768
34097,0.16248019
34098,0.18758675
34099,0.011941187
34100,0.01356344
34101,0.013330747
34102,0.044362087
34103,0.17612828
34104,0.080596864
34105,0.009780005
34106,0.010737743
34107,0.017535187
34108,0.010353436
34109,0.3386444
34110,0.07050895
34111,0.0059079533
34112,0.022148222
34113,0.08433155
34114,0.026848277
34115,0.0063007106
34116,0.0059079533
34117,0.019697672
34118,0.030125039
34119,0.20537145
34120,0.027280644
34121,0.023512587
34122,0.046250593
34123,0.057221424
34124,0.050863326
34125,0.22535314
34126,0.093161315
34127,0.2407074
34128,0.08505974
34129,0.0061364365
34130,0.0068338993
34131,0.061999243
34132,0.14578493
34133,0.0156639
34134,0.23209494
34135,0.1597563
34136,0.01057768
34137,0.060530223
34138,0.018246178
34139,0.014224057
34140,0.30192962
34141,0.48394367
34142,0.13037156
34143,0.123833
34144,0.0059079533
34145,0.0983966
34146,0.027970368
34147,0.07322639
34148,0.1332804
34149,0.06767373
34150,0.08728818
34151,0.9816373
34152,0.015121933
34153,0.0371502
34154,0.0146779185
34155,0.04114407
34156,0.06687399
34157,0.014609205
34158,0.18628822
34159,0.4366618
34160,0.071435876
34161,0.17648436
34162,0.029433385
34163,0.13286583
34164,0.029433385
34165,0.053656798
34166,0.02608535
34167,0.011649967
34168,0.038489234
34169,0.04961253
34170,0.018654168
34171,0.05776288
34172,0.009750452
34173,0.020256093
34174,0.13357201
34175,0.028629368
34176,0.0923898
34177,0.025499508
34178,0.0110124955
34179,0.08341056
34180,0.05037658
34181,0.05941333
34182,0.9806154
34183,0.034916755
34184,0.16814883
34185,0.017399393
34186,0.017286375
34187,0.024038011
34188,0.02541398
34189,0.0059079533
34190,0.30974182
34191,0.0060155406
34192,0.007526095
34193,0.042768102
34194,0.21569292
34195,0.06384335
34196,0.082400806
34197,0.042971518
34198,0.02127166
34199,0.057183158
34200,0.27327558
34201,0.015760027
34202,0.0163134
34203,0.0069414866
34204,0.01165086
34205,0.025900848
34206,0.006993964
34207,0.0113376565
34208,0.16073395
34209,0.0230788
34210,0.015529757
34211,0.07945944
34212,0.14516024
34213,0.152235
34214,0.06617372
34215,0.059598308
34216,0.016465645
34217,0.06486109
34218,0.012956305
34219,0.0935121
34220,0.16012873
34221,0.18090454
34222,0.011497721
34223,0.023512587
34224,0.007857868
34225,0.01057768
34226,0.016742446
34227,0.014605023
34228,0.018764205
34229,0.01564198
34230,0.07546263
34231,0.031378392
34232,0.14529748
34233,0.018301968
34234,0.15077522
34235,0.29062057
34236,0.0059079533
34237,0.007992349
34238,0.007948304
34239,0.028625844
34240,0.007857868
34241,0.006637161
34242,0.018006917
34243,0.012780365
34244,0.013558051
34245,0.008525718
34246,0.084662855
34247,0.03305895
34248,0.05773363
34249,0.012700657
34250,0.042768102
34251,0.05844442
34252,0.0059079533
34253,0.0069114356
34254,0.17725883
34255,0.0104492465
34256,0.030318798
34257,0.028425416
34258,0.081880696
34259,0.02209313
34260,0.009401073
34261,0.008930704
34262,0.3724097
34263,0.065776706
34264,0.040423747
34265,0.1340987
34266,0.01165086
34267,0.072576754
34268,0.022254646
34269,0.009990286
34270,0.12199017
34271,0.016742446
34272,0.15422434
34273,0.17801706
34274,0.020620631
34275,0.009206099
34276,0.0614409
34277,0.015879951
34278,0.0062534795
34279,0.00864203
34280,0.02812953
34281,0.009239611
34282,0.13734573
34283,0.037875433
34284,0.006993964
34285,0.28559572
34286,0.016923366
34287,0.008514589
34288,0.007857868
34289,0.006068017
34290,0.04522186
34291,0.0060155406
34292,0.03309328
34293,0.0059079533
34294,0.028410826
34295,0.010353436
34296,0.01165086
34297,0.0067570223
34298,0.33045456
34299,0.2003839
34300,0.029285656
34301,0.1550165
34302,0.0146779185
34303,0.019263484
34304,0.018784976
34305,0.036205538
34306,0.04452859
34307,0.023508117
34308,0.011883556
34309,0.03178046
34310,0.11761321
34311,0.015726967
34312,0.26106903
34313,0.04074194
34314,0.055034693
34315,0.074402325
34316,0.13621897
34317,0.26384172
34318,0.03416987
34319,0.19015424
34320,0.096907265
34321,0.36067337
34322,0.089292966
34323,0.19499038
34324,0.09254842
34325,0.007948304
34326,0.13084313
34327,0.22005409
34328,0.86731124
34329,0.33100757
34330,0.09345708
34331,0.046881422
34332,0.37952873
34333,0.09755703
34334,0.0059079533
34335,0.041598488
34336,0.006491557
34337,0.0090795485
34338,0.022613179
34339,0.08056041
34340,0.33045456
34341,0.5348401
34342,0.59281445
34343,0.01041383
34344,0.02162466
34345,0.11966282
34346,0.22869676
34347,0.08107073
34348,0.043753635
34349,0.1794391
34350,0.16428556
34351,0.013963814
34352,0.3163336
34353,0.20740287
34354,0.23461337
34355,0.52570826
34356,0.13040619
34357,0.034066655
34358,0.58124036
34359,0.10408556
34360,0.30228978
34361,0.07675258
34362,0.099502146
34363,0.0060155406
34364,0.21030436
34365,0.08275852
34366,0.16403557
34367,0.047811657
34368,0.02874812
34369,0.07676654
34370,0.099175595
34371,0.29596752
34372,0.058259632
34373,0.020341951
34374,0.056056358
34375,0.11678975
34376,0.04504552
34377,0.014242749
34378,0.0059079533
34379,0.018398074
34380,0.23655821
34381,0.1310784
34382,0.27062663
34383,0.0059079533
34384,0.022127047
34385,0.034406215
34386,0.024018358
34387,0.015361218
34388,0.48516005
34389,0.18518813
34390,0.08487392
34391,0.4397933
34392,0.5372711
34393,0.09575423
34394,0.061289713
34395,0.017427603
34396,0.037099004
34397,0.024544273
34398,0.009780005
34399,0.13266538
34400,0.04558437
34401,0.05853934
34402,0.29388067
34403,0.492851
34404,0.015802044
34405,0.050960805
34406,0.031020164
34407,0.048344836
34408,0.03318879
34409,0.30264813
34410,0.019201227
34411,0.026159836
34412,0.15360239
34413,0.017727332
34414,0.34562996
34415,0.5249544
34416,0.18591584
34417,0.01705368
34418,0.018176958
34419,0.06185567
34420,0.09302072
34421,0.21225563
34422,0.18604176
34423,0.10302638
34424,0.14416578
34425,0.09421909
34426,0.006068017
34427,0.020814735
34428,0.085287064
34429,0.013710294
34430,0.019466646
34431,0.028941678
34432,0.1135785
34433,0.08243978
34434,0.08879526
34435,0.0059079533
34436,0.026942484
34437,0.015459178
34438,0.0073660305
34439,0.0146779185
34440,0.030262984
34441,0.04758975
34442,0.03318879
34443,0.058734603
34444,0.41197962
34445,0.33782083
34446,0.06076605
34447,0.049052447
34448,0.01343386
34449,0.15559502
34450,0.079784766
34451,0.059445724
34452,0.01634913
34453,0.03526873
34454,0.03528533
34455,0.13275611
34456,0.043822084
34457,0.026863547
34458,0.006604781
34459,0.037705857
34460,0.057974737
34461,0.092861794
34462,0.13113166
34463,0.14815532
34464,0.034301512
34465,0.061308246
34466,0.006751371
34467,0.045378245
34468,0.038177524
34469,0.18972676
34470,0.058259632
34471,0.48315
34472,0.10087434
34473,0.015580073
34474,0.16030885
34475,0.05150983
34476,0.053115424
34477,0.027437018
34478,0.008525718
34479,0.01165086
34480,0.09138328
34481,0.008362343
34482,0.033953063
34483,0.0060758763
34484,0.008893791
34485,0.10506702
34486,0.06596939
34487,0.055144362
34488,0.100598566
34489,0.15908436
34490,0.28372145
34491,0.07028178
34492,0.030308815
34493,0.06878244
34494,0.023079144
34495,0.02866464
34496,0.006993964
34497,0.0059079533
34498,0.1454157
34499,0.07095757
34500,0.105996095
34501,0.05114101
34502,0.110541515
34503,0.023532242
34504,0.039706934
34505,0.029497726
34506,0.005990895
34507,0.19047378
34508,0.008874725
34509,0.09995614
34510,0.03954461
34511,0.0059079533
34512,0.019474167
34513,0.020320555
34514,0.08007688
34515,0.037217926
34516,0.08727818
34517,0.08569378
34518,0.18008828
34519,0.15340714
34520,0.18359762
34521,0.006444718
34522,0.1204701
34523,0.012519413
34524,0.057366066
34525,0.05193564
34526,0.10439066
34527,0.046339687
34528,0.09735581
34529,0.061714347
34530,0.09871863
34531,0.071733296
34532,0.036399625
34533,0.013836978
34534,0.06290156
34535,0.006444718
34536,0.05356871
34537,0.2150445
34538,0.06753546
34539,0.09600598
34540,0.4470619
34541,0.06473234
34542,0.07144684
34543,0.022407075
34544,0.08077419
34545,0.04521818
34546,0.07197736
34547,0.04075272
34548,0.029087795
34549,0.23426822
34550,0.068471484
34551,0.07043983
34552,0.047773384
34553,0.076819316
34554,0.030456744
34555,0.006444718
34556,0.0073660305
34557,0.05711059
34558,0.48930472
34559,0.050688345
34560,0.053753536
34561,0.052279074
34562,0.68592256
34563,0.036617324
34564,0.0059079533
34565,0.091327555
34566,0.047623556
34567,0.16206086
34568,0.31709936
34569,0.04521818
34570,0.0090795485
34571,0.049862184
34572,0.08943083
34573,0.11007786
34574,0.20431678
34575,0.03718234
34576,0.14011565
34577,0.08382587
34578,0.05377282
34579,0.09415999
34580,0.046869993
34581,0.016088005
34582,0.08929328
34583,0.07812071
34584,0.21287878
34585,0.05287518
34586,0.014678329
34587,0.08147052
34588,0.1372952
34589,0.17726281
34590,0.047201242
34591,0.0543038
34592,0.05023501
34593,0.009053854
34594,0.120859884
34595,0.52357185
34596,0.0301295
34597,0.09669778
34598,0.4105169
34599,0.17131135
34600,0.012700657
34601,0.009239611
34602,0.0059079533
34603,0.040004123
34604,0.052172888
34605,0.23216102
34606,0.17533036
34607,0.041129094
34608,0.07662926
34609,0.1495467
34610,0.048384376
34611,0.07279803
34612,0.14989515
34613,0.22495136
34614,0.07996345
34615,0.02791241
34616,0.16168784
34617,0.084008224
34618,0.23438653
34619,0.8708826
34620,0.030888366
34621,0.29533735
34622,0.022524975
34623,0.032318864
34624,0.20739064
34625,0.0146779185
34626,0.0060758763
34627,0.057833757
34628,0.03007493
34629,0.031060033
34630,0.06302743
34631,0.37154248
34632,0.01015865
34633,0.06354188
34634,0.26424584
34635,0.092631154
34636,0.19473317
34637,0.25669563
34638,0.27388385
34639,0.22725846
34640,0.09935458
34641,0.10710814
34642,0.9790602
34643,0.48254043
34644,0.30948564
34645,0.031217566
34646,0.13917275
34647,0.033760726
34648,0.042133395
34649,0.040348228
34650,0.031365905
34651,0.007857868
34652,0.0059079533
34653,0.01627271
34654,0.057255223
34655,0.09360726
34656,0.06369093
34657,0.099655226
34658,0.064674444
34659,0.1201238
34660,0.10932009
34661,0.02329148
34662,0.08960598
34663,0.2635442
34664,0.010193373
34665,0.085287064
34666,0.98323333
34667,0.8743111
34668,0.73807484
34669,0.20691632
34670,0.44751105
34671,0.15347506
34672,0.012664345
34673,0.04404426
34674,0.008362343
34675,0.010452465
34676,0.029547844
34677,0.034244247
34678,0.0059519983
34679,0.37040928
34680,0.0098742675
34681,0.035028994
34682,0.049907453
34683,0.085179605
34684,0.0087134
34685,0.047155604
34686,0.20356086
34687,0.08701785
34688,0.033683904
34689,0.11809851
34690,0.09317913
34691,0.10139976
34692,0.98323333
34693,0.87062985
34694,0.60342574
34695,0.009053854
34696,0.011497721
34697,0.03685622
34698,0.0059079533
34699,0.008108367
34700,0.48967737
34701,0.0709174
34702,0.21231063
34703,0.040134486
34704,0.15099065
34705,0.0988838
34706,0.09545677
34707,0.12713268
34708,0.39424413
34709,0.32660455
34710,0.48421982
34711,0.08978902
34712,0.11307496
34713,0.0716228
34714,0.049767584
34715,0.055708963
34716,0.04034065
34717,0.021423906
34718,0.031686544
34719,0.106410004
34720,0.12278232
34721,0.046575285
34722,0.21198528
34723,0.013676913
34724,0.97958237
34725,0.9788297
34726,0.98323333
34727,0.06979272
34728,0.033247035
34729,0.12259657
34730,0.011138402
34731,0.4475385
34732,0.0059079533
34733,0.0059079533
34734,0.0068338993
34735,0.030456744
34736,0.071004294
34737,0.03378985
34738,0.19125411
34739,0.98175484
34740,0.056116205
34741,0.065386705
34742,0.036380537
34743,0.12278232
34744,0.03558848
34745,0.14079386
34746,0.10145246
34747,0.031601496
34748,0.1031232
34749,0.07523371
34750,0.08367047
34751,0.020625519
34752,0.3349926
34753,0.27407387
34754,0.103401944
34755,0.053441945
34756,0.02127166
34757,0.083257325
34758,0.05995057
34759,0.19169603
34760,0.058179196
34761,0.04690075
34762,0.026957
34763,0.0059079533
34764,0.02874812
34765,0.010285199
34766,0.1588183
34767,0.38697016
34768,0.13805456
34769,0.15043081
34770,0.06680773
34771,0.13759626
34772,0.12960844
34773,0.5262651
34774,0.033815656
34775,0.027280644
34776,0.046081807
34777,0.020994144
34778,0.12713268
34779,0.15258901
34780,0.26540408
34781,0.41922915
34782,0.21409523
34783,0.08762402
34784,0.9816373
34785,0.14750229
34786,0.013836978
34787,0.13832507
34788,0.20872773
34789,0.04047155
34790,0.06426275
34791,0.2586859
34792,0.03650874
34793,0.013505573
34794,0.0065657855
34795,0.034178205
34796,0.076261595
34797,0.24946536
34798,0.2537258
34799,0.2338137
34800,0.17084722
34801,0.101711385
34802,0.1449731
34803,0.20540999
34804,0.0059079533
34805,0.19070764
34806,0.105413705
34807,0.080446415
34808,0.38808367
34809,0.23577233
34810,0.045492355
34811,0.41660452
34812,0.3685286
34813,0.0061509577
34814,0.14155193
34815,0.113227025
34816,0.13770461
34817,0.028346568
34818,0.009780005
34819,0.0059079533
34820,0.012956305
34821,0.0059079533
34822,0.05509926
34823,0.07944653
34824,0.049474366
34825,0.06632931
34826,0.28821972
34827,0.6947614
34828,0.3175215
34829,0.19952409
34830,0.34836322
34831,0.09118018
34832,0.007142456
34833,0.04542986
34834,0.04956437
34835,0.124900565
34836,0.23746473
34837,0.065993264
34838,0.009001377
34839,0.06193826
34840,0.09011519
34841,0.036415264
34842,0.026950108
34843,0.04613333
34844,0.025811637
34845,0.031524014
34846,0.061178714
34847,0.08428657
34848,0.19934833
34849,0.099732935
34850,0.09187433
34851,0.48495793
34852,0.48209596
34853,0.20096944
34854,0.1368672
34855,0.06498441
34856,0.03962974
34857,0.010958477
34858,0.15938231
34859,0.015870463
34860,0.98175484
34861,0.08758715
34862,0.021488324
34863,0.08946119
34864,0.09069735
34865,0.119141
34866,0.063977845
34867,0.04640055
34868,0.015802044
34869,0.062978
34870,0.025903687
34871,0.06655328
34872,0.03757173
34873,0.5348401
34874,0.20720537
34875,0.16016228
34876,0.9806154
34877,0.24824171
34878,0.36122456
34879,0.12205408
34880,0.010941932
34881,0.0063007106
34882,0.008365654
34883,0.061806247
34884,0.0494043
34885,0.032532185
34886,0.049769074
34887,0.4377321
34888,0.07040193
34889,0.24170546
34890,0.052773938
34891,0.106190845
34892,0.08060978
34893,0.22860117
34894,0.18142524
34895,0.010203551
34896,0.0062534795
34897,0.028833304
34898,0.097180955
34899,0.9809496
34900,0.22059621
34901,0.73583597
34902,0.27563787
34903,0.25539657
34904,0.123003386
34905,0.20677225
34906,0.0059079533
34907,0.019759929
34908,0.015848808
34909,0.008260613
34910,0.021886298
34911,0.14015953
34912,0.113022596
34913,0.10481872
34914,0.2730839
34915,0.01057768
34916,0.01728387
34917,0.28147376
34918,0.008028751
34919,0.008108367
34920,0.054150462
34921,0.17515697
34922,0.012093437
34923,0.0836342
34924,0.08879356
34925,0.094354466
34926,0.15601844
34927,0.03309764
34928,0.12735261
34929,0.07128492
34930,0.024536835
34931,0.116010316
34932,0.09612004
34933,0.036102906
34934,0.0059079533
34935,0.12587577
34936,0.00864203
34937,0.11974313
34938,0.058056425
34939,0.03491967
34940,0.08015699
34941,0.012852903
34942,0.015744349
34943,0.007144131
34944,0.1508229
34945,0.23102485
34946,0.84745085
34947,0.19050035
34948,0.0060758763
34949,0.01705368
34950,0.01644897
34951,0.018974
34952,0.040042084
34953,0.04521818
34954,0.14999585
34955,0.010737743
34956,0.025725618
34957,0.0062534795
34958,0.040159237
34959,0.03750579
34960,0.005990895
34961,0.021650001
34962,0.007302521
34963,0.08605795
34964,0.04017261
34965,0.32771537
34966,0.012233448
34967,0.014016953
34968,0.019042715
34969,0.049255956
34970,0.09392873
34971,0.36878613
34972,0.18537527
34973,0.22449498
34974,0.025646005
34975,0.062162567
34976,0.1422342
34977,0.032277796
34978,0.009780005
34979,0.017535187
34980,0.3538659
34981,0.051146448
34982,0.014526083
34983,0.012700657
34984,0.024115086
34985,0.118009925
34986,0.024483977
34987,0.022584962
34988,0.0059079533
34989,0.00805589
34990,0.06076418
34991,0.21144761
34992,0.015987538
34993,0.00623594
34994,0.05329777
34995,0.0552182
34996,0.031066617
34997,0.05978015
34998,0.17507121
34999,0.078975216
35000,0.19064315
35001,0.0559198
35002,0.009994375
35003,0.015249733
35004,0.03697224
35005,0.07839439
35006,0.008260613
35007,0.24964646
35008,0.014526083
35009,0.18009603
35010,0.0059079533
35011,0.028387824
35012,0.023146527
35013,0.25613758
35014,0.41438892
35015,0.096262455
35016,0.11369984
35017,0.0090795485
35018,0.1685663
35019,0.025398733
35020,0.051802453
35021,0.09817582
35022,0.13381629
35023,0.14163807
35024,0.9816373
35025,0.015121933
35026,0.07629931
35027,0.053158235
35028,0.059238512
35029,0.022430379
35030,0.22977935
35031,0.5324497
35032,0.081605464
35033,0.1487091
35034,0.014517856
35035,0.12577577
35036,0.019314399
35037,0.07339674
35038,0.008010114
35039,0.00767834
35040,0.03221037
35041,0.054293215
35042,0.008893791
35043,0.029176833
35044,0.0664895
35045,0.021998534
35046,0.180522
35047,0.06966967
35048,0.0059079533
35049,0.017375123
35050,0.099135235
35051,0.105090626
35052,0.0883499
35053,0.9806154
35054,0.0485641
35055,0.15997514
35056,0.029976046
35057,0.0228049
35058,0.02294076
35059,0.012239357
35060,0.0059079533
35061,0.009830222
35062,0.36223397
35063,0.0060984814
35064,0.007526095
35065,0.0059079533
35066,0.015121933
35067,0.033452608
35068,0.16567612
35069,0.057517257
35070,0.14692473
35071,0.03150525
35072,0.02127166
35073,0.046697333
35074,0.36133048
35075,0.0113376565
35076,0.01057768
35077,0.0061509577
35078,0.0059079533
35079,0.02705495
35080,0.006993964
35081,0.006353187
35082,0.18584691
35083,0.03175135
35084,0.04118439
35085,0.10477651
35086,0.11788511
35087,0.13291019
35088,0.10387919
35089,0.06863906
35090,0.018700704
35091,0.09692554
35092,0.03149248
35093,0.122177
35094,0.14535919
35095,0.13271685
35096,0.022293195
35097,0.0059079533
35098,0.010353436
35099,0.020824185
35100,0.008695562
35101,0.008562842
35102,0.030227236
35103,0.011534842
35104,0.009053854
35105,0.01768813
35106,0.087092526
35107,0.03674098
35108,0.14529748
35109,0.009239611
35110,0.23157933
35111,0.008108367
35112,0.30185595
35113,0.010737743
35114,0.018349634
35115,0.021873897
35116,0.009990286
35117,0.011381702
35118,0.007857868
35119,0.01758938
35120,0.017075611
35121,0.012233448
35122,0.0059079533
35123,0.10559862
35124,0.028315865
35125,0.0457005
35126,0.012700657
35127,0.011314376
35128,0.03604339
35129,0.006993964
35130,0.007948304
35131,0.16472352
35132,0.014517856
35133,0.02745667
35134,0.0059079533
35135,0.013710294
35136,0.06756472
35137,0.08896448
35138,0.0059079533
35139,0.009515212
35140,0.008930704
35141,0.3782169
35142,0.072410695
35143,0.047292314
35144,0.14337869
35145,0.059313625
35146,0.031686544
35147,0.10661744
35148,0.011534842
35149,0.13535903
35150,0.13106692
35151,0.0059079533
35152,0.017540066
35153,0.08045944
35154,0.054241877
35155,0.017075611
35156,0.009053854
35157,0.14239298
35158,0.06779105
35159,0.29504934
35160,0.006637161
35161,0.025968097
35162,0.011534842
35163,0.038818475
35164,0.011085925
35165,0.0073660305
35166,0.021650001
35167,0.08262172
35168,0.015192088
35169,0.039720517
35170,0.32101083
35171,0.22584796
35172,0.05258547
35173,0.17965797
35174,0.013856891
35175,0.007857868
35176,0.036517844
35177,0.100632586
35178,0.09599582
35179,0.033089
35180,0.028629368
35181,0.03132432
35182,0.032183588
35183,0.09590786
35184,0.12736143
35185,0.027983814
35186,0.02088667
35187,0.312786
35188,0.021743452
35189,0.14706378
35190,0.040366482
35191,0.18488209
35192,0.14999229
35193,0.08896448
35194,0.013669283
35195,0.013558051
35196,0.21891177
35197,0.10440772
35198,0.36713248
35199,0.08553711
35200,0.25504664
35201,0.16072246
35202,0.1721756
35203,0.013856891
35204,0.011534842
35205,0.24179213
35206,0.018105742
35207,0.71760994
35208,0.28609398
35209,0.029164268
35210,0.33948502
35211,0.05937444
35212,0.016586099
35213,0.05773166
35214,0.009891239
35215,0.018606005
35216,0.0060758763
35217,0.08100415
35218,0.35008597
35219,0.5328311
35220,0.48109585
35221,0.04044519
35222,0.04491418
35223,0.022800686
35224,0.09328528
35225,0.20648041
35226,0.008108367
35227,0.0136264665
35228,0.050995354
35229,0.053977937
35230,0.108948715
35231,0.22398178
35232,0.0066416995
35233,0.34622794
35234,0.16961321
35235,0.2120599
35236,0.6240355
35237,0.11293373
35238,0.41051888
35239,0.01644897
35240,0.082353696
35241,0.31561047
35242,0.044611655
35243,0.09683794
35244,0.006220263
35245,0.17183127
35246,0.042378444
35247,0.08291486
35248,0.16182406
35249,0.03132505
35250,0.033520736
35251,0.11877618
35252,0.24861827
35253,0.03844519
35254,0.061894365
35255,0.061768975
35256,0.079178184
35257,0.0068338993
35258,0.012056629
35259,0.08140068
35260,0.12330761
35261,0.047815267
35262,0.15838894
35263,0.02192184
35264,0.04521818
35265,0.06466867
35266,0.022310793
35267,0.0146779185
35268,0.038466502
35269,0.36919853
35270,0.126491
35271,0.11436364
35272,0.4169633
35273,0.4838985
35274,0.10606412
35275,0.11876209
35276,0.044804912
35277,0.05005414
35278,0.07757417
35279,0.1116531
35280,0.018841976
35281,0.22316085
35282,0.38503477
35283,0.04669918
35284,0.04914567
35285,0.036219478
35286,0.041469667
35287,0.31552497
35288,0.0059079533
35289,0.041096073
35290,0.14014174
35291,0.25206977
35292,0.52294445
35293,0.18996952
35294,0.03162446
35295,0.018284544
35296,0.05006651
35297,0.11434024
35298,0.009239611
35299,0.033554062
35300,0.010737743
35301,0.15451986
35302,0.18987294
35303,0.100015774
35304,0.1292854
35305,0.07873378
35306,0.04734175
35307,0.024382101
35308,0.041392963
35309,0.030386172
35310,0.13843334
35311,0.041423794
35312,0.054549295
35313,0.011138402
35314,0.008794277
35315,0.043822084
35316,0.0163134
35317,0.010193373
35318,0.024962116
35319,0.04728446
35320,0.024115086
35321,0.10972081
35322,0.44938534
35323,0.35239774
35324,0.061806247
35325,0.025308333
35326,0.022402104
35327,0.15512867
35328,0.07285218
35329,0.015121933
35330,0.077368945
35331,0.007948304
35332,0.068863384
35333,0.17989495
35334,0.023515126
35335,0.0108899865
35336,0.026863547
35337,0.048464015
35338,0.04357498
35339,0.14126451
35340,0.106156155
35341,0.16436648
35342,0.038979292
35343,0.02203517
35344,0.015121933
35345,0.031345185
35346,0.028346568
35347,0.009053854
35348,0.18972676
35349,0.061999243
35350,0.3841967
35351,0.10297213
35352,0.017785959
35353,0.113724396
35354,0.03536873
35355,0.070857
35356,0.020885026
35357,0.008525718
35358,0.097156
35359,0.037996724
35360,0.015245201
35361,0.06757245
35362,0.027251946
35363,0.06687399
35364,0.04571334
35365,0.07756815
35366,0.14452009
35367,0.25364298
35368,0.04647634
35369,0.01080063
35370,0.087450564
35371,0.022430379
35372,0.0534322
35373,0.119960755
35374,0.13314578
35375,0.1146928
35376,0.0076195435
35377,0.1042789
35378,0.008801899
35379,0.007413752
35380,0.013558051
35381,0.0144100655
35382,0.2099904
35383,0.009990286
35384,0.02827482
35385,0.07370729
35386,0.062612645
35387,0.02214706
35388,0.0072229044
35389,0.059033528
35390,0.045480955
35391,0.10511715
35392,0.07161371
35393,0.17794822
35394,0.14600064
35395,0.19520722
35396,0.011314376
35397,0.09451802
35398,0.03372052
35399,0.05830209
35400,0.087945186
35401,0.036385804
35402,0.008893791
35403,0.12623304
35404,0.028943848
35405,0.11208605
35406,0.006444718
35407,0.06736271
35408,0.007302521
35409,0.005990895
35410,0.019998115
35411,0.08829542
35412,0.01564718
35413,0.028217547
35414,0.20270903
35415,0.036704235
35416,0.093754515
35417,0.44842923
35418,0.05896108
35419,0.071096875
35420,0.051875923
35421,0.11415632
35422,0.05337923
35423,0.07620206
35424,0.046543747
35425,0.19169603
35426,0.11423373
35427,0.050751448
35428,0.03118715
35429,0.058075525
35430,0.01705368
35431,0.036562704
35432,0.019161921
35433,0.018814232
35434,0.032240324
35435,0.43391454
35436,0.044311315
35437,0.04573531
35438,0.06284165
35439,0.6931631
35440,0.11138022
35441,0.0073660305
35442,0.090445295
35443,0.045724954
35444,0.18846786
35445,0.31473917
35446,0.055048537
35447,0.060446292
35448,0.13098644
35449,0.06322064
35450,0.14456038
35451,0.028005814
35452,0.16603634
35453,0.030619865
35454,0.066404715
35455,0.0059079533
35456,0.008893791
35457,0.083231546
35458,0.025255948
35459,0.0182411
35460,0.07637562
35461,0.06606179
35462,0.20924164
35463,0.033122715
35464,0.016763302
35465,0.07898241
35466,0.115320735
35467,0.17580003
35468,0.0611068
35469,0.06168293
35470,0.051803917
35471,0.050995354
35472,0.59312284
35473,0.0060713426
35474,0.11065194
35475,0.36871928
35476,0.1541832
35477,0.012700657
35478,0.0163134
35479,0.013330747
35480,0.031748906
35481,0.045674447
35482,0.2557868
35483,0.16823047
35484,0.04765509
35485,0.07379973
35486,0.08168614
35487,0.10467176
35488,0.10549329
35489,0.16190338
35490,0.22660843
35491,0.086733766
35492,0.006068017
35493,0.031030525
35494,0.057183158
35495,0.13433746
35496,0.091118135
35497,0.2956764
35498,0.8700415
35499,0.041043248
35500,0.28907034
35501,0.0059079533
35502,0.024038011
35503,0.2065427
35504,0.044984657
35505,0.030921588
35506,0.013727894
35507,0.073362134
35508,0.006068017
35509,0.41251466
35510,0.018186191
35511,0.06025456
35512,0.24904405
35513,0.12179964
35514,0.24275509
35515,0.23126684
35516,0.27299815
35517,0.020923125
35518,0.21241495
35519,0.17949875
35520,0.090819165
35521,0.9790602
35522,0.43719164
35523,0.3349926
35524,0.010978338
35525,0.116599776
35526,0.084662855
35527,0.07074896
35528,0.027594615
35529,0.0109606935
35530,0.009401073
35531,0.04750163
35532,0.007857868
35533,0.0067972247
35534,0.010586132
35535,0.04680764
35536,0.08869327
35537,0.08084887
35538,0.073447086
35539,0.061737847
35540,0.12960355
35541,0.10292581
35542,0.0059079533
35543,0.13020645
35544,0.26524976
35545,0.0059079533
35546,0.07665921
35547,0.982732
35548,0.98192674
35549,0.73428375
35550,0.0065132515
35551,0.034157388
35552,0.035926707
35553,0.1310314
35554,0.41713572
35555,0.08881444
35556,0.018426498
35557,0.036217015
35558,0.020263836
35559,0.033471752
35560,0.04786142
35561,0.0059079533
35562,0.3189579
35563,0.008481966
35564,0.014517856
35565,0.06491152
35566,0.055500142
35567,0.032959696
35568,0.019866267
35569,0.21133865
35570,0.08179597
35571,0.01909364
35572,0.20760512
35573,0.13008192
35574,0.08744681
35575,0.982732
35576,0.97874683
35577,0.6163101
35578,0.01165086
35579,0.06669026
35580,0.022893293
35581,0.0059519983
35582,0.44863147
35583,0.039204113
35584,0.21642862
35585,0.060802445
35586,0.14295468
35587,0.008481966
35588,0.048196763
35589,0.06861975
35590,0.11358942
35591,0.4300092
35592,0.3017419
35593,0.5313939
35594,0.07670344
35595,0.0977343
35596,0.049231973
35597,0.05770889
35598,0.044825472
35599,0.045248944
35600,0.010978338
35601,0.008365654
35602,0.106351
35603,0.20802848
35604,0.060619034
35605,0.15512867
35606,0.01080063
35607,0.97908103
35608,0.9788297
35609,0.982732
35610,0.05965468
35611,0.061898775
35612,0.087356
35613,0.36904126
35614,0.02127166
35615,0.00889275
35616,0.0062534795
35617,0.007948304
35618,0.013856891
35619,0.03636167
35620,0.04442956
35621,0.18006513
35622,0.98091376
35623,0.03604201
35624,0.057183374
35625,0.06560894
35626,0.07955307
35627,0.034129735
35628,0.12668666
35629,0.08403259
35630,0.043271992
35631,0.08503705
35632,0.10405097
35633,0.11260814
35634,0.034148045
35635,0.006220263
35636,0.35413924
35637,0.302065
35638,0.21242899
35639,0.050941758
35640,0.06752681
35641,0.18004082
35642,0.011803106
35643,0.027297754
35644,0.008619169
35645,0.007948304
35646,0.050793186
35647,0.037188627
35648,0.1531697
35649,0.3685737
35650,0.087506704
35651,0.12230136
35652,0.11669131
35653,0.113075726
35654,0.10942068
35655,0.5248978
35656,0.02942837
35657,0.08486117
35658,0.030455917
35659,0.042004738
35660,0.14970736
35661,0.2084767
35662,0.2668843
35663,0.44947636
35664,0.24198851
35665,0.05769327
35666,0.9816373
35667,0.15902804
35668,0.013836978
35669,0.106232956
35670,0.20925249
35671,0.029707646
35672,0.03380427
35673,0.29247656
35674,0.014949624
35675,0.013856891
35676,0.029772285
35677,0.022245314
35678,0.09477246
35679,0.27135316
35680,0.24764755
35681,0.27412143
35682,0.21520692
35683,0.11993288
35684,0.13006769
35685,0.27049255
35686,0.023461323
35687,0.19498013
35688,0.08605795
35689,0.05548347
35690,0.5375988
35691,0.25710988
35692,0.027139721
35693,0.41613054
35694,0.36214137
35695,0.0061509577
35696,0.09084903
35697,0.080459334
35698,0.06290809
35699,0.043546613
35700,0.007992349
35701,0.014517856
35702,0.027298633
35703,0.0643126
35704,0.06369733
35705,0.0765809
35706,0.27177668
35707,0.5980572
35708,0.28907034
35709,0.16120213
35710,0.3597865
35711,0.07291514
35712,0.06548631
35713,0.033410054
35714,0.090388194
35715,0.27062663
35716,0.06037996
35717,0.021073759
35718,0.06997271
35719,0.08396187
35720,0.0068338993
35721,0.05552077
35722,0.018970123
35723,0.023609316
35724,0.008562842
35725,0.02084351
35726,0.01165086
35727,0.025825629
35728,0.036499515
35729,0.041678715
35730,0.03280166
35731,0.16492867
35732,0.114353
35733,0.09973636
35734,0.59343356
35735,0.41029668
35736,0.18269782
35737,0.15342703
35738,0.029851487
35739,0.024706664
35740,0.035551168
35741,0.17152548
35742,0.01634913
35743,0.02911643
35744,0.9812535
35745,0.07844732
35746,0.016089935
35747,0.04477172
35748,0.12458839
35749,0.13511482
35750,0.050315462
35751,0.06347991
35752,0.015802044
35753,0.042056244
35754,0.022310793
35755,0.06491774
35756,0.054979675
35757,0.6016711
35758,0.22958696
35759,0.18210739
35760,0.9797743
35761,0.25957978
35762,0.3619657
35763,0.18028527
35764,0.022894075
35765,0.0127007505
35766,0.016893616
35767,0.102972835
35768,0.080885336
35769,0.06958424
35770,0.038676985
35771,0.3349926
35772,0.08792837
35773,0.31335253
35774,0.034157388
35775,0.09736563
35776,0.11500647
35777,0.15852104
35778,0.2047267
35779,0.0354129
35780,0.006068017
35781,0.010193373
35782,0.010419332
35783,0.022137728
35784,0.09624444
35785,0.9801085
35786,0.19888
35787,0.7044995
35788,0.26853737
35789,0.2551976
35790,0.11789323
35791,0.22740953
35792,0.03546734
35793,0.016509691
35794,0.012513013
35795,0.041242387
35796,0.021703504
35797,0.08903691
35798,0.049595136
35799,0.076383896
35800,0.27349868
35801,0.013856891
35802,0.0736556
35803,0.38599002
35804,0.020320555
35805,0.006444718
35806,0.053004555
35807,0.17496982
35808,0.019590084
35809,0.085048966
35810,0.11056781
35811,0.08741583
35812,0.1650312
35813,0.022800686
35814,0.098811865
35815,0.10428356
35816,0.03226818
35817,0.112610154
35818,0.006413543
35819,0.15453282
35820,0.018001063
35821,0.013397987
35822,0.13198182
35823,0.00864203
35824,0.027735945
35825,0.14731434
35826,0.04208569
35827,0.08362383
35828,0.03991012
35829,0.041139033
35830,0.008974238
35831,0.13921443
35832,0.2643053
35833,0.73583597
35834,0.19434236
35835,0.023598004
35836,0.012233448
35837,0.01705368
35838,0.015053218
35839,0.02308168
35840,0.037252653
35841,0.048632815
35842,0.12711452
35843,0.012519413
35844,0.018016893
35845,0.050994225
35846,0.03370092
35847,0.0060155406
35848,0.07690325
35849,0.052279726
35850,0.32722983
35851,0.010493292
35852,0.014517856
35853,0.0593858
35854,0.080850154
35855,0.3859036
35856,0.20851395
35857,0.05005414
35858,0.035009295
35859,0.2154744
35860,0.05356871
35861,0.049712
35862,0.13850944
35863,0.0883499
35864,0.010737743
35865,0.017427603
35866,0.010353436
35867,0.33665273
35868,0.011381702
35869,0.012700657
35870,0.0274357
35871,0.081828885
35872,0.013040372
35873,0.012153834
35874,0.0146779185
35875,0.02214706
35876,0.03236429
35877,0.15733449
35878,0.011803106
35879,0.03834318
35880,0.08486117
35881,0.017530719
35882,0.09787781
35883,0.11446118
35884,0.03372052
35885,0.20321237
35886,0.05678113
35887,0.020200325
35888,0.0109606935
35889,0.048386753
35890,0.09430926
35891,0.029766906
35892,0.24191704
35893,0.33094934
35894,0.008562842
35895,0.057254903
35896,0.03507479
35897,0.0059079533
35898,0.22725588
35899,0.41438892
35900,0.07741487
35901,0.11473584
35902,0.114626676
35903,0.053910196
35904,0.097635396
35905,0.1504515
35906,0.066419624
35907,0.10741851
35908,0.9816373
35909,0.08908351
35910,0.062174752
35911,0.047563743
35912,0.029017074
35913,0.20527846
35914,0.41051888
35915,0.04847275
35916,0.17648436
35917,0.019500924
35918,0.18095697
35919,0.006444718
35920,0.061597805
35921,0.016153336
35922,0.016465645
35923,0.06748603
35924,0.06604752
35925,0.025495943
35926,0.13325228
35927,0.005990895
35928,0.029017074
35929,0.20484051
35930,0.035000123
35931,0.0452167
35932,0.008176787
35933,0.02470219
35934,0.12379355
35935,0.16132034
35936,0.98011404
35937,0.06890429
35938,0.12498737
35939,0.075117156
35940,0.033611186
35941,0.036630932
35942,0.017851274
35943,0.006444718
35944,0.36284763
35945,0.0059079533
35946,0.0065132515
35947,0.007526095
35948,0.029112577
35949,0.011138402
35950,0.07713525
35951,0.1232096
35952,0.055594485
35953,0.10931561
35954,0.04390509
35955,0.02127166
35956,0.00623594
35957,0.049478203
35958,0.30311754
35959,0.028423646
35960,0.0061509577
35961,0.009830222
35962,0.03271856
35963,0.019590588
35964,0.02214095
35965,0.19940466
35966,0.0572288
35967,0.012233448
35968,0.013558051
35969,0.09424796
35970,0.13215342
35971,0.16110346
35972,0.07993518
35973,0.03507479
35974,0.007506415
35975,0.0839588
35976,0.021998534
35977,0.091322444
35978,0.16411676
35979,0.18797505
35980,0.006993964
35981,0.012870504
35982,0.01165086
35983,0.010353436
35984,0.017082999
35985,0.010419332
35986,0.015065528
35987,0.008722906
35988,0.020814735
35989,0.012164732
35990,0.05720013
35991,0.020867838
35992,0.06748603
35993,0.11911981
35994,0.23250188
35995,0.008108367
35996,0.33094934
35997,0.02156159
35998,0.009990286
35999,0.016878016
36000,0.030917076
36001,0.01165086
36002,0.0074547674
36003,0.0059079533
36004,0.007526095
36005,0.055608507
36006,0.021263229
36007,0.10676804
36008,0.034178205
36009,0.014095892
36010,0.006993964
36011,0.024221778
36012,0.14087872
36013,0.016893616
36014,0.07008752
36015,0.008722906
36016,0.030006278
36017,0.035755523
36018,0.09871863
36019,0.011497721
36020,0.35380766
36021,0.09909002
36022,0.10658405
36023,0.089413464
36024,0.01165086
36025,0.07025264
36026,0.03873202
36027,0.08708812
36028,0.022430379
36029,0.12447535
36030,0.1375272
36031,0.015920091
36032,0.013170684
36033,0.06661614
36034,0.052921485
36035,0.025655784
36036,0.0227293
36037,0.13591014
36038,0.07487619
36039,0.27102855
36040,0.021333266
36041,0.025655784
36042,0.006068017
36043,0.010737743
36044,0.040675897
36045,0.0104492465
36046,0.029497726
36047,0.010353436
36048,0.022352263
36049,0.3030501
36050,0.24279723
36051,0.03655795
36052,0.12024867
36053,0.018037323
36054,0.055733502
36055,0.055249866
36056,0.033971153
36057,0.039700557
36058,0.063890554
36059,0.023107648
36060,0.11697091
36061,0.019499402
36062,0.038466763
36063,0.041448545
36064,0.04909219
36065,0.28272158
36066,0.04044992
36067,0.05922663
36068,0.06835083
36069,0.18910573
36070,0.15288368
36071,0.010321809
36072,0.008317021
36073,0.028636402
36074,0.18223858
36075,0.07114101
36076,0.36979002
36077,0.08628755
36078,0.11161726
36079,0.11320284
36080,0.24407393
36081,0.007142456
36082,0.14299275
36083,0.8878803
36084,0.2575284
36085,0.05982802
36086,0.03688802
36087,0.33100757
36088,0.033943154
36089,0.019820523
36090,0.08324457
36091,0.02700675
36092,0.0163134
36093,0.07727549
36094,0.22654666
36095,0.6032121
36096,0.5225718
36097,0.07955961
36098,0.12945524
36099,0.10596437
36100,0.14363778
36101,0.022615716
36102,0.06754719
36103,0.046311136
36104,0.08707953
36105,0.10773657
36106,0.36165372
36107,0.08864415
36108,0.06304646
36109,0.5512424
36110,0.11235698
36111,0.02031321
36112,0.36259136
36113,0.016529664
36114,0.08491269
36115,0.26639566
36116,0.03570052
36117,0.103575796
36118,0.042404037
36119,0.11446605
36120,0.11281849
36121,0.10171001
36122,0.1654224
36123,0.02843581
36124,0.04602619
36125,0.15992093
36126,0.28715217
36127,0.06318497
36128,0.018933576
36129,0.060271136
36130,0.08120242
36131,0.11306834
36132,0.05032026
36133,0.082949266
36134,0.033197887
36135,0.2852036
36136,0.06325313
36137,0.12606981
36138,0.09412365
36139,0.079919614
36140,0.014841912
36141,0.40969402
36142,0.12010483
36143,0.099829935
36144,0.3094824
36145,0.38608834
36146,0.096872136
36147,0.07557603
36148,0.017427603
36149,0.038743783
36150,0.07745822
36151,0.086595185
36152,0.045948602
36153,0.030315628
36154,0.32022506
36155,0.44906402
36156,0.06126741
36157,0.092585705
36158,0.008930704
36159,0.010685267
36160,0.043928135
36161,0.33285883
36162,0.01909364
36163,0.006491557
36164,0.010481872
36165,0.062435947
36166,0.0163696
36167,0.27518588
36168,0.5311592
36169,0.12909777
36170,0.019201763
36171,0.034911096
36172,0.087843664
36173,0.13281552
36174,0.015802044
36175,0.03265582
36176,0.0059079533
36177,0.15132782
36178,0.2074431
36179,0.13988282
36180,0.14791197
36181,0.0582667
36182,0.064915545
36183,0.022038545
36184,0.03497372
36185,0.024252638
36186,0.13692518
36187,0.05984417
36188,0.09821863
36189,0.011321745
36190,0.01668191
36191,0.02158342
36192,0.01057768
36193,0.014332003
36194,0.021209668
36195,0.03477454
36196,0.01828092
36197,0.07272499
36198,0.49043125
36199,0.36330947
36200,0.030995792
36201,0.046281468
36202,0.013661162
36203,0.16246007
36204,0.11102692
36205,0.015272367
36206,0.12381627
36207,0.012114596
36208,0.059878495
36209,0.25595638
36210,0.0073660305
36211,0.03062121
36212,0.006220263
36213,0.017767325
36214,0.056625966
36215,0.1631892
36216,0.09983899
36217,0.12643601
36218,0.058359817
36219,0.041889984
36220,0.008770639
36221,0.025762763
36222,0.034697473
36223,0.22845523
36224,0.096031316
36225,0.36071336
36226,0.08940415
36227,0.083239295
36228,0.030483264
36229,0.040348228
36230,0.05107004
36231,0.046405103
36232,0.013170684
36233,0.0681663
36234,0.029097755
36235,0.069292314
36236,0.07067978
36237,0.072767
36238,0.09152015
36239,0.27540383
36240,0.033323143
36241,0.008045727
36242,0.050590344
36243,0.0059079533
36244,0.017628642
36245,0.07908522
36246,0.046863005
36247,0.079229884
36248,0.031612128
36249,0.118437484
36250,0.022575175
36251,0.014443234
36252,0.0059079533
36253,0.22376125
36254,0.0122533105
36255,0.02524629
36256,0.084895775
36257,0.044810172
36258,0.0163696
36259,0.013757364
36260,0.058114167
36261,0.07587743
36262,0.06413693
36263,0.08807838
36264,0.20735303
36265,0.14406559
36266,0.16092876
36267,0.011497721
36268,0.08205612
36269,0.04156455
36270,0.069790795
36271,0.09939433
36272,0.0120349815
36273,0.013170684
36274,0.0664283
36275,0.12360833
36276,0.007726061
36277,0.065381035
36278,0.038825408
36279,0.084180064
36280,0.017020795
36281,0.04456125
36282,0.1973023
36283,0.043550733
36284,0.08739141
36285,0.4913404
36286,0.06983729
36287,0.086015865
36288,0.043403078
36289,0.05517115
36290,0.042916857
36291,0.07679655
36292,0.07122855
36293,0.009661162
36294,0.04507399
36295,0.20426525
36296,0.102418266
36297,0.05709161
36298,0.006491557
36299,0.033866998
36300,0.013170684
36301,0.0059079533
36302,0.0059079533
36303,0.03810584
36304,0.41172966
36305,0.03667442
36306,0.053149935
36307,0.048214007
36308,0.7188166
36309,0.09765371
36310,0.005990895
36311,0.08664807
36312,0.048839338
36313,0.1860492
36314,0.31833884
36315,0.05248526
36316,0.03379813
36317,0.10731797
36318,0.08394946
36319,0.05626246
36320,0.16209085
36321,0.011470738
36322,0.08832012
36323,0.063491546
36324,0.05436522
36325,0.0059079533
36326,0.02074481
36327,0.02671752
36328,0.03609879
36329,0.033831947
36330,0.06628308
36331,0.073357664
36332,0.22646217
36333,0.061490696
36334,0.011161681
36335,0.0833715
36336,0.12766291
36337,0.17375277
36338,0.05062238
36339,0.056861628
36340,0.05296559
36341,0.04782059
36342,0.4817501
36343,0.005988402
36344,0.08623986
36345,0.35346803
36346,0.18118693
36347,0.012700657
36348,0.0163134
36349,0.008362343
36350,0.039126214
36351,0.012333417
36352,0.21103097
36353,0.14280236
36354,0.057910744
36355,0.07284279
36356,0.12125734
36357,0.09543917
36358,0.07799892
36359,0.20468114
36360,0.22938797
36361,0.060179386
36362,0.049252063
36363,0.1489895
36364,0.06484855
36365,0.33100757
36366,0.8700415
36367,0.06302339
36368,0.2810479
36369,0.012419543
36370,0.034626886
36371,0.21569607
36372,0.04428033
36373,0.04518748
36374,0.012779599
36375,0.06497187
36376,0.006068017
36377,0.4177537
36378,0.037070133
36379,0.087672345
36380,0.24292412
36381,0.09992513
36382,0.20468114
36383,0.21393053
36384,0.17641303
36385,0.021039823
36386,0.19767386
36387,0.101094946
36388,0.092286736
36389,0.9790602
36390,0.3501272
36391,0.3501272
36392,0.010321809
36393,0.12708305
36394,0.08524264
36395,0.020089464
36396,0.022709908
36397,0.011064973
36398,0.010737743
36399,0.023879973
36400,0.013366665
36401,0.015074601
36402,0.032598007
36403,0.06374109
36404,0.055806816
36405,0.07945402
36406,0.06959544
36407,0.09504305
36408,0.0734932
36409,0.013676913
36410,0.08462145
36411,0.28960413
36412,0.05741759
36413,0.982732
36414,0.98192674
36415,0.6256737
36416,0.0065132515
36417,0.030040454
36418,0.08687421
36419,0.41713572
36420,0.12448895
36421,0.007697805
36422,0.053160626
36423,0.0059079533
36424,0.013996754
36425,0.037563063
36426,0.023154266
36427,0.043771435
36428,0.35239774
36429,0.013154807
36430,0.01909364
36431,0.05683075
36432,0.047359217
36433,0.02492075
36434,0.026556496
36435,0.22976868
36436,0.062116206
36437,0.14603208
36438,0.11150032
36439,0.08950191
36440,0.982732
36441,0.97874683
36442,0.53176415
36443,0.009123594
36444,0.06008161
36445,0.023399066
36446,0.0059079533
36447,0.35304475
36448,0.021246009
36449,0.19816983
36450,0.08590852
36451,0.1578332
36452,0.006353187
36453,0.11073527
36454,0.08106402
36455,0.09681413
36456,0.39856452
36457,0.33576912
36458,0.5375988
36459,0.10807336
36460,0.08880137
36461,0.030921588
36462,0.05692489
36463,0.055451486
36464,0.044040512
36465,0.027718356
36466,0.11534887
36467,0.16290835
36468,0.08778919
36469,0.1105832
36470,0.015879951
36471,0.97908103
36472,0.9788297
36473,0.982732
36474,0.019598534
36475,0.077101745
36476,0.10444187
36477,0.412142
36478,0.028484514
36479,0.016040016
36480,0.02286783
36481,0.026107071
36482,0.054472778
36483,0.22742161
36484,0.98091376
36485,0.032832067
36486,0.070244506
36487,0.034011837
36488,0.068413
36489,0.02009889
36490,0.094838426
36491,0.096986115
36492,0.029605798
36493,0.09963163
36494,0.1513408
36495,0.07988578
36496,0.043771435
36497,0.4475957
36498,0.36713248
36499,0.1288035
36500,0.04937746
36501,0.06331958
36502,0.025779309
36503,0.20648041
36504,0.017825162
36505,0.044040512
36506,0.046892144
36507,0.013442032
36508,0.02602868
36509,0.038456272
36510,0.15499039
36511,0.41070127
36512,0.12582041
36513,0.14619824
36514,0.10238817
36515,0.12376642
36516,0.13406491
36517,0.5531622
36518,0.049252063
36519,0.035925537
36520,0.024252638
36521,0.08630242
36522,0.14875259
36523,0.24991122
36524,0.32971406
36525,0.23085628
36526,0.088853344
36527,0.9816373
36528,0.13588035
36529,0.013836978
36530,0.040605906
36531,0.18631358
36532,0.009981671
36533,0.03043894
36534,0.41929784
36535,0.029744474
36536,0.007697805
36537,0.013676913
36538,0.020699985
36539,0.10114293
36540,0.27543783
36541,0.22834827
36542,0.2547513
36543,0.25402117
36544,0.09110516
36545,0.09062562
36546,0.20289966
36547,0.022785706
36548,0.2075727
36549,0.04398345
36550,0.07654326
36551,0.4477221
36552,0.28745466
36553,0.06363695
36554,0.43690637
36555,0.33665273
36556,0.0061509577
36557,0.08830821
36558,0.11297055
36559,0.05995432
36560,0.038521636
36561,0.007410076
36562,0.021886298
36563,0.03939216
36564,0.06430006
36565,0.047948647
36566,0.12374824
36567,0.2951384
36568,0.68700624
36569,0.2810479
36570,0.17179
36571,0.33576587
36572,0.10516763
36573,0.022079583
36574,0.04662695
36575,0.08213359
36576,0.11259725
36577,0.24400362
36578,0.069423825
36579,0.051260985
36580,0.049057744
36581,0.102029756
36582,0.025059136
36583,0.05675598
36584,0.080724254
36585,0.0145018445
36586,0.017066091
36587,0.01165086
36588,0.02629213
36589,0.021423593
36590,0.049754582
36591,0.04131517
36592,0.17319989
36593,0.14018188
36594,0.12359867
36595,0.5246414
36596,0.44630802
36597,0.22537686
36598,0.19528706
36599,0.048144348
36600,0.01909364
36601,0.022002067
36602,0.105629146
36603,0.015940692
36604,0.031829253
36605,0.9812535
36606,0.059782512
36607,0.010193373
36608,0.043403078
36609,0.07770568
36610,0.11885227
36611,0.045392018
36612,0.02816389
36613,0.0059079533
36614,0.057993714
36615,0.020402221
36616,0.012045881
36617,0.015879951
36618,0.08321177
36619,0.032535058
36620,0.5266262
36621,0.23209494
36622,0.16221406
36623,0.9797743
36624,0.23411027
36625,0.33095995
36626,0.1827997
36627,0.027093032
36628,0.015432042
36629,0.016985642
36630,0.07477222
36631,0.07878782
36632,0.0312281
36633,0.05232131
36634,0.38492024
36635,0.13802153
36636,0.23480967
36637,0.012540594
36638,0.11203139
36639,0.13985515
36640,0.16855636
36641,0.15111868
36642,0.05880241
36643,0.023546932
36644,0.0059079533
36645,0.021615962
36646,0.09702687
36647,0.9801085
36648,0.17360063
36649,0.7044995
36650,0.27511305
36651,0.26896212
36652,0.11789323
36653,0.20662995
36654,0.0329901
36655,0.041031096
36656,0.006353187
36657,0.021886298
36658,0.11098859
36659,0.059888218
36660,0.037984088
36661,0.22301823
36662,0.02897125
36663,0.09453938
36664,0.37052903
36665,0.057345014
36666,0.012114596
36667,0.009925953
36668,0.111575425
36669,0.18977876
36670,0.0068338993
36671,0.11432104
36672,0.116272874
36673,0.044858888
36674,0.14488575
36675,0.032889865
36676,0.08665884
36677,0.101581104
36678,0.026323367
36679,0.15539606
36680,0.12141739
36681,0.018610785
36682,0.10573495
36683,0.00864203
36684,0.03149248
36685,0.15089945
36686,0.025006479
36687,0.08218196
36688,0.03273703
36689,0.044586267
36690,0.023211867
36691,0.11108642
36692,0.23394556
36693,0.6926557
36694,0.20342104
36695,0.0068338993
36696,0.012419543
36697,0.013397987
36698,0.016529664
36699,0.0059079533
36700,0.058740165
36701,0.02073675
36702,0.12935694
36703,0.010737743
36704,0.0091936905
36705,0.013324651
36706,0.033512108
36707,0.028530339
36708,0.009594152
36709,0.013146374
36710,0.075428694
36711,0.05602678
36712,0.3620623
36713,0.012419543
36714,0.014332003
36715,0.016197382
36716,0.031559464
36717,0.06332004
36718,0.36891425
36719,0.23014197
36720,0.011064973
36721,0.02457273
36722,0.22537744
36723,0.044586267
36724,0.055525515
36725,0.2088337
36726,0.017427603
36727,0.27426973
36728,0.029112577
36729,0.012700657
36730,0.02676428
36731,0.08880137
36732,0.01614176
36733,0.03372541
36734,0.014841912
36735,0.012540594
36736,0.039762918
36737,0.11220402
36738,0.023603791
36739,0.06966885
36740,0.020601382
36741,0.030754298
36742,0.061538313
36743,0.20889315
36744,0.007417507
36745,0.22541066
36746,0.05416349
36747,0.01165086
36748,0.062357273
36749,0.08989803
36750,0.089458406
36751,0.3210691
36752,0.3394268
36753,0.0059079533
36754,0.030593215
36755,0.038093906
36756,0.28887448
36757,0.48380828
36758,0.073463514
36759,0.13941735
36760,0.013330747
36761,0.09912455
36762,0.0920584
36763,0.06698679
36764,0.084750175
36765,0.08898374
36766,0.117393486
36767,0.9816373
36768,0.011534842
36769,0.06819146
36770,0.042086966
36771,0.061109208
36772,0.06921618
36773,0.20668894
36774,0.38547143
36775,0.038667373
36776,0.22336672
36777,0.022615716
36778,0.20438685
36779,0.01939966
36780,0.05371271
36781,0.0113376565
36782,0.021438152
36783,0.022474796
36784,0.07139726
36785,0.02824097
36786,0.017854674
36787,0.12729569
36788,0.028188746
36789,0.19121194
36790,0.04111522
36791,0.013559228
36792,0.024895934
36793,0.1073728
36794,0.10563286
36795,0.04662114
36796,0.041031096
36797,0.04701806
36798,0.98011404
36799,0.09923386
36800,0.17469297
36801,0.050586108
36802,0.06389019
36803,0.03331748
36804,0.010848973
36805,0.015200877
36806,0.35190895
36807,0.005990895
36808,0.0065132515
36809,0.006068017
36810,0.0077174855
36811,0.033405304
36812,0.22849117
36813,0.16435103
36814,0.048509397
36815,0.049849182
36816,0.27293625
36817,0.0059079533
36818,0.04507399
36819,0.030473277
36820,0.011773902
36821,0.0059079533
36822,0.17260943
36823,0.043471795
36824,0.0059079533
36825,0.027577031
36826,0.09885449
36827,0.19080812
36828,0.14358738
36829,0.055903
36830,0.06185085
36831,0.024918891
36832,0.045623202
36833,0.06918803
36834,0.1516447
36835,0.17361684
36836,0.006993964
36837,0.01769461
36838,0.013616709
36839,0.011497721
36840,0.011490797
36841,0.011445244
36842,0.013836978
36843,0.06278369
36844,0.057133965
36845,0.059011888
36846,0.074431546
36847,0.040587667
36848,0.12022129
36849,0.008205791
36850,0.33285883
36851,0.013676913
36852,0.0060758763
36853,0.017856648
36854,0.007857868
36855,0.0059079533
36856,0.018700704
36857,0.012780365
36858,0.007526095
36859,0.050561517
36860,0.032024525
36861,0.12851603
36862,0.012114596
36863,0.07364089
36864,0.022613179
36865,0.16938335
36866,0.02232986
36867,0.04683145
36868,0.008930704
36869,0.062184945
36870,0.010481872
36871,0.039155748
36872,0.1571126
36873,0.40533942
36874,0.09278018
36875,0.03635778
36876,0.050087307
36877,0.041622333
36878,0.03309328
36879,0.12062886
36880,0.026005493
36881,0.16930619
36882,0.17800328
36883,0.03643076
36884,0.028142925
36885,0.019551907
36886,0.0059079533
36887,0.014998008
36888,0.0063448283
36889,0.012780609
36890,0.021726234
36891,0.009239611
36892,0.18655954
36893,0.10758193
36894,0.006068017
36895,0.29663733
36896,0.019201763
36897,0.014526083
36898,0.006068017
36899,0.010737743
36900,0.06417509
36901,0.022079583
36902,0.029440418
36903,0.07951957
36904,0.0090795485
36905,0.25148368
36906,0.26508996
36907,0.050652597
36908,0.16770226
36909,0.01580595
36910,0.03764659
36911,0.013008033
36912,0.037832983
36913,0.047463275
36914,0.07752977
36915,0.04307692
36916,0.02963733
36917,0.0077082803
36918,0.09155308
36919,0.006286834
36920,0.019489255
36921,0.3351857
36922,0.0776144
36923,0.009538005
36924,0.040041324
36925,0.23573165
36926,0.18638381
36927,0.021886298
36928,0.04401685
36929,0.013558051
36930,0.27444652
36931,0.009836012
36932,0.335413
36933,0.011164609
36934,0.09812515
36935,0.14146861
36936,0.11639883
36937,0.009353754
36938,0.0059079533
36939,0.12598538
36940,0.0072503006
36941,0.88648146
36942,0.18594052
36943,0.040670156
36944,0.33194947
36945,0.026238669
36946,0.0092377355
36947,0.053789686
36948,0.005990895
36949,0.14647257
36950,0.20954831
36951,0.73314434
36952,0.72973263
36953,0.041384067
36954,0.07049525
36955,0.061513104
36956,0.055301104
36957,0.021565508
36958,0.06651121
36959,0.15494439
36960,0.031924434
36961,0.38811538
36962,0.19711772
36963,0.23566942
36964,0.5509019
36965,0.15536071
36966,0.38850433
36967,0.14251775
36968,0.1925911
36969,0.037832983
36970,0.07435104
36971,0.056687836
36972,0.12885895
36973,0.02307154
36974,0.16270715
36975,0.19050056
36976,0.09622111
36977,0.028636402
36978,0.05899973
36979,0.20022465
36980,0.22845526
36981,0.04958141
36982,0.027417356
36983,0.040941708
36984,0.07293645
36985,0.016016318
36986,0.022666764
36987,0.055960074
36988,0.20921934
36989,0.08246396
36990,0.21206677
36991,0.07958149
36992,0.013919241
36993,0.0059079533
36994,0.011824265
36995,0.41493177
36996,0.12173518
36997,0.008849827
36998,0.12659098
36999,0.36198643
37000,0.3704064
37001,0.0065132515
37002,0.111076884
37003,0.12731405
37004,0.018396018
37005,0.04357678
37006,0.019415576
37007,0.04745619
37008,0.09473207
37009,0.08506565
37010,0.3534671
37011,0.49209815
37012,0.014152023
37013,0.06534584
37014,0.02799281
37015,0.05061706
37016,0.33908623
37017,0.036948107
37018,0.0071818796
37019,0.04048368
37020,0.33194947
37021,0.5324819
37022,0.105520934
37023,0.009501099
37024,0.01796226
37025,0.056713086
37026,0.08790174
37027,0.03372158
37028,0.0059079533
37029,0.15633461
37030,0.20926754
37031,0.082949266
37032,0.09097124
37033,0.101169445
37034,0.010842026
37035,0.030233853
37036,0.022082591
37037,0.025303682
37038,0.04026689
37039,0.1511738
37040,0.060800556
37041,0.06533716
37042,0.006637161
37043,0.030543828
37044,0.014832283
37045,0.0059079533
37046,0.011088253
37047,0.038801577
37048,0.036840014
37049,0.03010904
37050,0.49755982
37051,0.41769925
37052,0.025402699
37053,0.058375362
37054,0.032495655
37055,0.14919896
37056,0.07695858
37057,0.03360738
37058,0.109196745
37059,0.0059079533
37060,0.015844185
37061,0.006220263
37062,0.009053854
37063,0.2166951
37064,0.010904908
37065,0.03158988
37066,0.01022965
37067,0.032624286
37068,0.063676916
37069,0.1098288
37070,0.118684664
37071,0.12822472
37072,0.049960464
37073,0.02993085
37074,0.014923632
37075,0.03498522
37076,0.044853155
37077,0.268333
37078,0.06451932
37079,0.37017593
37080,0.13815784
37081,0.13174728
37082,0.043550733
37083,0.06835083
37084,0.0059079533
37085,0.00864203
37086,0.042109936
37087,0.008478653
37088,0.015500853
37089,0.029953351
37090,0.094019026
37091,0.03998206
37092,0.040394943
37093,0.028255073
37094,0.05906317
37095,0.11811522
37096,0.30197528
37097,0.04337126
37098,0.010904908
37099,0.04739605
37100,0.031338133
37101,0.13886257
37102,0.04307692
37103,0.10624222
37104,0.015365824
37105,0.13174728
37106,0.03339386
37107,0.02981719
37108,0.011088253
37109,0.16991676
37110,0.08374629
37111,0.036564365
37112,0.019676946
37113,0.011744651
37114,0.07170051
37115,0.047776546
37116,0.10103579
37117,0.048873927
37118,0.1652218
37119,0.15236811
37120,0.14596033
37121,0.0059079533
37122,0.069231585
37123,0.0073660305
37124,0.034673925
37125,0.038895767
37126,0.08240688
37127,0.009435596
37128,0.053245682
37129,0.083281524
37130,0.07678613
37131,0.019341622
37132,0.010681963
37133,0.072246686
37134,0.007302521
37135,0.0980968
37136,0.0068338993
37137,0.042128216
37138,0.2091688
37139,0.020746667
37140,0.07574124
37141,0.5312114
37142,0.08811026
37143,0.058497492
37144,0.069146596
37145,0.05736241
37146,0.0494461
37147,0.06256814
37148,0.032463018
37149,0.009053854
37150,0.009661162
37151,0.02146478
37152,0.2945675
37153,0.12462779
37154,0.035131697
37155,0.037832983
37156,0.0456786
37157,0.0059079533
37158,0.018226173
37159,0.0067196903
37160,0.051748395
37161,0.39032274
37162,0.06885734
37163,0.038550977
37164,0.05792416
37165,0.8824436
37166,0.09285429
37167,0.08091237
37168,0.06522252
37169,0.1344339
37170,0.30716154
37171,0.03980375
37172,0.015580073
37173,0.053957712
37174,0.07266405
37175,0.090305775
37176,0.18561305
37177,0.011654082
37178,0.08062978
37179,0.04287298
37180,0.06063445
37181,0.011381702
37182,0.02676428
37183,0.038456954
37184,0.048377924
37185,0.0059079533
37186,0.09007302
37187,0.087663814
37188,0.22632492
37189,0.05647498
37190,0.02071808
37191,0.106538445
37192,0.13363476
37193,0.19206025
37194,0.060474694
37195,0.04530887
37196,0.038574208
37197,0.037047032
37198,0.61995417
37199,0.010402256
37200,0.12927124
37201,0.33602667
37202,0.15130013
37203,0.016394094
37204,0.032846354
37205,0.008849827
37206,0.044135112
37207,0.035727743
37208,0.19373098
37209,0.1750423
37210,0.038002558
37211,0.076558344
37212,0.099334985
37213,0.0909984
37214,0.10105662
37215,0.17958258
37216,0.22483954
37217,0.059076462
37218,0.021847745
37219,0.03336126
37220,0.07054118
37221,0.04619881
37222,0.33194947
37223,0.9767596
37224,0.06151667
37225,0.26067248
37226,0.008318589
37227,0.010905409
37228,0.20515808
37229,0.0059079533
37230,0.042486254
37231,0.054571513
37232,0.0060758763
37233,0.049709156
37234,0.49608567
37235,0.035697572
37236,0.053692687
37237,0.22864272
37238,0.11087717
37239,0.17441046
37240,0.20481275
37241,0.1843505
37242,0.02118174
37243,0.12624887
37244,0.10334859
37245,0.06493371
37246,0.9793365
37247,0.36879233
37248,0.33240294
37249,0.019401262
37250,0.13012113
37251,0.11155052
37252,0.021596372
37253,0.020899842
37254,0.03210513
37255,0.007857868
37256,0.009782796
37257,0.043928135
37258,0.0525384
37259,0.049202193
37260,0.032444548
37261,0.06699869
37262,0.057103626
37263,0.081711106
37264,0.055216122
37265,0.023740677
37266,0.08734143
37267,0.29415572
37268,0.020334153
37269,0.9830083
37270,0.98220307
37271,0.61474955
37272,0.0065132515
37273,0.02015818
37274,0.015631579
37275,0.08293736
37276,0.3653636
37277,0.12448895
37278,0.04874097
37279,0.011309559
37280,0.008108367
37281,0.020901699
37282,0.015935196
37283,0.022138182
37284,0.0059079533
37285,0.4124602
37286,0.0059079533
37287,0.013170684
37288,0.056138642
37289,0.06380785
37290,0.037577875
37291,0.016198149
37292,0.2426666
37293,0.04348763
37294,0.1302536
37295,0.10228102
37296,0.07137593
37297,0.9830083
37298,0.97902316
37299,0.46055123
37300,0.022417847
37301,0.05891541
37302,0.023654519
37303,0.0085575925
37304,0.41754127
37305,0.010736393
37306,0.17993432
37307,0.034922294
37308,0.15821923
37309,0.017175024
37310,0.12537898
37311,0.058329575
37312,0.10434759
37313,0.28468415
37314,0.3504003
37315,0.53725827
37316,0.07988716
37317,0.078699365
37318,0.026064316
37319,0.039925303
37320,0.08459608
37321,0.056397345
37322,0.035305828
37323,0.11818893
37324,0.15558633
37325,0.055164587
37326,0.06199132
37327,0.027653098
37328,0.8695652
37329,0.979106
37330,0.9830083
37331,0.030441305
37332,0.120194174
37333,0.36357442
37334,0.008045727
37335,0.008205791
37336,0.016040016
37337,0.015921969
37338,0.025326634
37339,0.014007903
37340,0.055143055
37341,0.236127
37342,0.9811901
37343,0.021936093
37344,0.08561068
37345,0.028188536
37346,0.08086386
37347,0.048989028
37348,0.13166615
37349,0.08614535
37350,0.06474317
37351,0.0310413
37352,0.101245075
37353,0.07930358
37354,0.021723548
37355,0.3874583
37356,0.30189747
37357,0.12490087
37358,0.021596372
37359,0.03356875
37360,0.04724506
37361,0.12864444
37362,0.015424616
37363,0.058375362
37364,0.009447204
37365,0.016394094
37366,0.01752543
37367,0.036350876
37368,0.034425974
37369,0.17376183
37370,0.37023357
37371,0.06432479
37372,0.12218443
37373,0.12303594
37374,0.12803996
37375,0.111400746
37376,0.6253332
37377,0.05529753
37378,0.03372541
37379,0.17396282
37380,0.14949784
37381,0.20170948
37382,0.37149954
37383,0.21138653
37384,0.059743866
37385,0.9819136
37386,0.14891693
37387,0.11654874
37388,0.10730637
37389,0.0059079533
37390,0.014443234
37391,0.3744319
37392,0.019339342
37393,0.0062534795
37394,0.017365366
37395,0.032060474
37396,0.0939814
37397,0.24189514
37398,0.23071903
37399,0.20827918
37400,0.15545575
37401,0.059743866
37402,0.08711041
37403,0.2192191
37404,0.024766477
37405,0.02329148
37406,0.20433998
37407,0.061138343
37408,0.07593493
37409,0.36448976
37410,0.2836525
37411,0.03498522
37412,0.3697162
37413,0.2804503
37414,0.0061509577
37415,0.05969199
37416,0.066919096
37417,0.048209734
37418,0.008108367
37419,0.01950429
37420,0.057308808
37421,0.057365116
37422,0.06448116
37423,0.27523077
37424,0.5938012
37425,0.30259055
37426,0.16344582
37427,0.35000223
37428,0.044015672
37429,0.01752543
37430,0.085170954
37431,0.08601087
37432,0.101110876
37433,0.30321938
37434,0.058249753
37435,0.0074547674
37436,0.0066594803
37437,0.08008412
37438,0.018926209
37439,0.046784464
37440,0.009501099
37441,0.030085174
37442,0.017145706
37443,0.011824265
37444,0.036334097
37445,0.0372818
37446,0.056348156
37447,0.02130169
37448,0.12659158
37449,0.13175936
37450,0.097187415
37451,0.44648325
37452,0.45643196
37453,0.18592246
37454,0.14659807
37455,0.053450007
37456,0.01998816
37457,0.08809949
37458,0.0059079533
37459,0.048216783
37460,0.98152983
37461,0.07114691
37462,0.03912215
37463,0.07864746
37464,0.15454423
37465,0.040470306
37466,0.035076566
37467,0.058740165
37468,0.009961383
37469,0.0059079533
37470,0.029171841
37471,0.077281296
37472,0.04004936
37473,0.48485398
37474,0.22878952
37475,0.15549183
37476,0.9800506
37477,0.24548069
37478,0.31821367
37479,0.14220835
37480,0.025281802
37481,0.02890995
37482,0.0059079533
37483,0.016628506
37484,0.06256482
37485,0.030562075
37486,0.06359736
37487,0.34978664
37488,0.1255101
37489,0.19477126
37490,0.0116642015
37491,0.06067945
37492,0.12673503
37493,0.1640874
37494,0.17129552
37495,0.11095578
37496,0.023740677
37497,0.0136069255
37498,0.07119039
37499,0.9803848
37500,0.14705648
37501,0.76868904
37502,0.30328482
37503,0.23086272
37504,0.110756785
37505,0.16938336
37506,0.04270215
37507,0.013409687
37508,0.013710294
37509,0.012114596
37510,0.021886298
37511,0.07890374
37512,0.090027384
37513,0.04371102
37514,0.19206025
37515,0.0116642015
37516,0.08275006
37517,0.36098993
37518,0.040470306
37519,0.010077403
37520,0.07578865
37521,0.20941207
37522,0.019745661
37523,0.090337306
37524,0.0892434
37525,0.04628964
37526,0.15332721
37527,0.047388464
37528,0.09086672
37529,0.049538806
37530,0.16497187
37531,0.15009472
37532,0.020043442
37533,0.023842208
37534,0.10366633
37535,0.12099598
37536,0.007142456
37537,0.07385431
37538,0.032022968
37539,0.01448087
37540,0.015192753
37541,0.11681797
37542,0.2239553
37543,0.62592065
37544,0.15154946
37545,0.011248316
37546,0.0060758763
37547,0.0059079533
37548,0.008689763
37549,0.06201467
37550,0.0059079533
37551,0.057372402
37552,0.14426845
37553,0.010842026
37554,0.016153336
37555,0.008893791
37556,0.009053854
37557,0.006361066
37558,0.066481255
37559,0.062741905
37560,0.3604376
37561,0.012419543
37562,0.014332003
37563,0.013397987
37564,0.063342504
37565,0.06719775
37566,0.3705741
37567,0.2090856
37568,0.012114596
37569,0.010737743
37570,0.19987072
37571,0.013330747
37572,0.09270581
37573,0.22458175
37574,0.038118675
37575,0.010842026
37576,0.010481872
37577,0.24996163
37578,0.023284754
37579,0.016980067
37580,0.07935664
37581,0.0073336805
37582,0.05061706
37583,0.025563603
37584,0.03183957
37585,0.08691888
37586,0.0073341276
37587,0.085828066
37588,0.024739997
37589,0.044070866
37590,0.06276909
37591,0.22384368
37592,0.04036101
37593,0.22668175
37594,0.06814958
37595,0.04386131
37596,0.007697805
37597,0.037993047
37598,0.11575268
37599,0.008481966
37600,0.29382485
37601,0.3387333
37602,0.0059079533
37603,0.041937836
37604,0.03870647
37605,0.0062975246
37606,0.3095685
37607,0.4910722
37608,0.11192212
37609,0.15876311
37610,0.08867881
37611,0.118746616
37612,0.05869156
37613,0.030559853
37614,0.09950346
37615,0.083324715
37616,0.9819136
37617,0.06693721
37618,0.014992347
37619,0.080552846
37620,0.0900838
37621,0.005988402
37622,0.19545278
37623,0.38513088
37624,0.044993006
37625,0.19790675
37626,0.038574208
37627,0.010681963
37628,0.15278415
37629,0.01057768
37630,0.03451589
37631,0.01436602
37632,0.009002074
37633,0.032348786
37634,0.05278284
37635,0.006220263
37636,0.08589749
37637,0.20861673
37638,0.031260684
37639,0.040694315
37640,0.02323131
37641,0.10040294
37642,0.09407599
37643,0.019469976
37644,0.029907523
37645,0.058164027
37646,0.98039037
37647,0.07270021
37648,0.16409771
37649,0.11344484
37650,0.08729116
37651,0.028721586
37652,0.010953256
37653,0.0059079533
37654,0.3798688
37655,0.013991958
37656,0.006068017
37657,0.0077174855
37658,0.03483399
37659,0.14094804
37660,0.010141735
37661,0.11636713
37662,0.021596372
37663,0.00623594
37664,0.03498522
37665,0.23585656
37666,0.012540594
37667,0.021544155
37668,0.01702737
37669,0.009041938
37670,0.023716776
37671,0.16214392
37672,0.034139473
37673,0.009545144
37674,0.09441397
37675,0.19694206
37676,0.07898058
37677,0.099671505
37678,0.054201875
37679,0.0059079533
37680,0.047258243
37681,0.08584685
37682,0.20117384
37683,0.1296476
37684,0.0071818796
37685,0.014171938
37686,0.011497721
37687,0.011497721
37688,0.0059079533
37689,0.014332003
37690,0.07505736
37691,0.10336409
37692,0.07262297
37693,0.085897915
37694,0.13574895
37695,0.008205791
37696,0.27355358
37697,0.010767833
37698,0.018408826
37699,0.023515103
37700,0.0059079533
37701,0.0059079533
37702,0.015511656
37703,0.007857868
37704,0.011824265
37705,0.075726606
37706,0.019642675
37707,0.013154807
37708,0.0077174855
37709,0.03186327
37710,0.03549567
37711,0.09160219
37712,0.059872597
37713,0.0071818796
37714,0.011248316
37715,0.18270448
37716,0.03607539
37717,0.039094824
37718,0.08791169
37719,0.010141735
37720,0.03056878
37721,0.123559244
37722,0.37912995
37723,0.091911145
37724,0.03451589
37725,0.06050163
37726,0.037299465
37727,0.024564283
37728,0.12489922
37729,0.04549176
37730,0.14469229
37731,0.21675591
37732,0.037277468
37733,0.010842026
37734,0.022129895
37735,0.04357678
37736,0.016985642
37737,0.0059079533
37738,0.02913066
37739,0.15716961
37740,0.053715862
37741,0.006068017
37742,0.2932874
37743,0.006353187
37744,0.044679116
37745,0.014526083
37746,0.0062534795
37747,0.051123947
37748,0.022056144
37749,0.047893487
37750,0.010481872
37751,0.011824265
37752,0.2703105
37753,0.2012237
37754,0.014215983
37755,0.16293058
37756,0.0059079533
37757,0.008281407
37758,0.006491557
37759,0.014931847
37760,0.02492075
37761,0.02882996
37762,0.042358633
37763,0.04307692
37764,0.013106422
37765,0.008611551
37766,0.03702385
37767,0.053354505
37768,0.03395251
37769,0.056616582
37770,0.23171386
37771,0.04044992
37772,0.009909178
37773,0.28560558
37774,0.15243556
37775,0.021886298
37776,0.043924134
37777,0.18223858
37778,0.033081982
37779,0.27407387
37780,0.08628755
37781,0.050244115
37782,0.10678302
37783,0.14023884
37784,0.22999184
37785,0.011133392
37786,0.8878803
37787,0.104538836
37788,0.022474796
37789,0.25117078
37790,0.028580828
37791,0.019376902
37792,0.037061952
37793,0.044543583
37794,0.14902666
37795,0.17343612
37796,0.73211765
37797,0.45201895
37798,0.0525384
37799,0.19873236
37800,0.20140937
37801,0.0059079533
37802,0.03361578
37803,0.06835083
37804,0.050804853
37805,0.009515212
37806,0.13654701
37807,0.06223456
37808,0.3349926
37809,0.13189512
37810,0.19473398
37811,0.53285605
37812,0.14728749
37813,0.02031321
37814,0.5989063
37815,0.0073660305
37816,0.08707787
37817,0.1589784
37818,0.030325228
37819,0.11034803
37820,0.03426169
37821,0.07549899
37822,0.021817584
37823,0.1733024
37824,0.13290063
37825,0.13855764
37826,0.13657269
37827,0.23164192
37828,0.03361048
37829,0.027417356
37830,0.02156774
37831,0.04823095
37832,0.063840665
37833,0.014836664
37834,0.02245326
37835,0.0471012
37836,0.22986886
37837,0.055018537
37838,0.2869308
37839,0.15098804
37840,0.022887485
37841,0.0059079533
37842,0.35034278
37843,0.11165409
37844,0.14193588
37845,0.385749
37846,0.4924387
37847,0.0065132515
37848,0.07794278
37849,0.13823068
37850,0.04185963
37851,0.06505829
37852,0.08847387
37853,0.14306834
37854,0.29475215
37855,0.38896695
37856,0.029900743
37857,0.034819607
37858,0.031636916
37859,0.0531882
37860,0.3038876
37861,0.025155865
37862,0.028833304
37863,0.0059079533
37864,0.15187795
37865,0.04132096
37866,0.24305333
37867,0.731813
37868,0.103889145
37869,0.0140995495
37870,0.03417553
37871,0.07330346
37872,0.0067447475
37873,0.12638225
37874,0.2048425
37875,0.104450956
37876,0.14182411
37877,0.036189977
37878,0.008123243
37879,0.044810172
37880,0.014594503
37881,0.015192753
37882,0.18069583
37883,0.04158617
37884,0.072672844
37885,0.011321745
37886,0.040485363
37887,0.0059079533
37888,0.013214729
37889,0.016815633
37890,0.029440418
37891,0.06660162
37892,0.017623892
37893,0.092241086
37894,0.49790037
37895,0.33782083
37896,0.019904334
37897,0.013941816
37898,0.15694344
37899,0.04713158
37900,0.0068338993
37901,0.05046817
37902,0.013836978
37903,0.1873181
37904,0.015761904
37905,0.03986338
37906,0.032676168
37907,0.068182796
37908,0.06427242
37909,0.13112822
37910,0.16145976
37911,0.10325998
37912,0.050561517
37913,0.01879889
37914,0.014215983
37915,0.05768666
37916,0.026868805
37917,0.011321745
37918,0.25174472
37919,0.06189134
37920,0.41515025
37921,0.087605566
37922,0.019745661
37923,0.08281706
37924,0.035932463
37925,0.08595042
37926,0.0090795485
37927,0.00864203
37928,0.011824265
37929,0.09274433
37930,0.027987866
37931,0.0061364365
37932,0.007948304
37933,0.10080339
37934,0.036933653
37935,0.08581287
37936,0.018277958
37937,0.07538821
37938,0.124301895
37939,0.31092784
37940,0.054373037
37941,0.012540594
37942,0.08522803
37943,0.015272367
37944,0.03498111
37945,0.0071818796
37946,0.12730457
37947,0.05565958
37948,0.116195366
37949,0.031612128
37950,0.12668076
37951,0.031952888
37952,0.027534625
37953,0.02981719
37954,0.13459176
37955,0.010141735
37956,0.0752399
37957,0.010681963
37958,0.028484514
37959,0.05551137
37960,0.07122855
37961,0.041473202
37962,0.10479765
37963,0.051979363
37964,0.17994729
37965,0.14259608
37966,0.20935546
37967,0.011064973
37968,0.07511504
37969,0.009170897
37970,0.05778217
37971,0.042596865
37972,0.08017182
37973,0.037759386
37974,0.048995763
37975,0.050021335
37976,0.04178116
37977,0.030131469
37978,0.035286646
37979,0.025174271
37980,0.07525711
37981,0.006413543
37982,0.10662226
37983,0.009981671
37984,0.071186654
37985,0.23311946
37986,0.022184867
37987,0.083379515
37988,0.5315519
37989,0.059785135
37990,0.07132124
37991,0.049960464
37992,0.069914706
37993,0.03988126
37994,0.07220088
37995,0.048083484
37996,0.009053854
37997,0.009355148
37998,0.2568266
37999,0.105542175
38000,0.01255233
38001,0.046737917
38002,0.035553057
38003,0.017145706
38004,0.016153336
38005,0.017854674
38006,0.019915506
38007,0.049495935
38008,0.46353385
38009,0.06096624
38010,0.049550988
38011,0.04534313
38012,0.7188166
38013,0.09373242
38014,0.013154807
38015,0.05042447
38016,0.052163806
38017,0.17468509
38018,0.29249203
38019,0.049245387
38020,0.019322122
38021,0.049759768
38022,0.0648337
38023,0.08282223
38024,0.14076081
38025,0.014931847
38026,0.1255948
38027,0.05777343
38028,0.08021029
38029,0.014526083
38030,0.02906585
38031,0.06532864
38032,0.062591866
38033,0.017667908
38034,0.074366085
38035,0.04671375
38036,0.236874
38037,0.0635539
38038,0.025154136
38039,0.09170854
38040,0.15952615
38041,0.17622975
38042,0.038825408
38043,0.059739277
38044,0.01436602
38045,0.013981591
38046,0.59312284
38047,0.02981719
38048,0.12059081
38049,0.3607842
38050,0.14183894
38051,0.0059079533
38052,0.052669603
38053,0.00864203
38054,0.045498963
38055,0.011540565
38056,0.20369814
38057,0.19084704
38058,0.038002558
38059,0.057930063
38060,0.06566445
38061,0.081711106
38062,0.07890374
38063,0.15068188
38064,0.2175291
38065,0.080973715
38066,0.06008161
38067,0.15568659
38068,0.07984293
38069,0.20917632
38070,0.9781585
38071,0.006716071
38072,0.32722983
38073,0.044040512
38074,0.20728175
38075,0.0059079533
38076,0.03066742
38077,0.042109072
38078,0.019135706
38079,0.066926554
38080,0.6063827
38081,0.03275662
38082,0.038093746
38083,0.22869676
38084,0.09972446
38085,0.15355793
38086,0.22291711
38087,0.22734295
38088,0.021039823
38089,0.0866133
38090,0.151251
38091,0.10656868
38092,0.9790602
38093,0.29504764
38094,0.41018385
38095,0.007948304
38096,0.107222795
38097,0.10079417
38098,0.01057768
38099,0.034139473
38100,0.007857868
38101,0.011730982
38102,0.045180377
38103,0.072246686
38104,0.03334279
38105,0.07817321
38106,0.07270792
38107,0.05507654
38108,0.0934662
38109,0.11171713
38110,0.023546932
38111,0.06814852
38112,0.191342
38113,0.02329265
38114,0.0264683
38115,0.982732
38116,0.98192674
38117,0.5931315
38118,0.0065132515
38119,0.02031321
38120,0.015511656
38121,0.112096585
38122,0.41713572
38123,0.051451985
38124,0.083122864
38125,0.0077174855
38126,0.008362343
38127,0.038825408
38128,0.061468992
38129,0.006823597
38130,0.006728511
38131,0.5014385
38132,0.013154807
38133,0.030522048
38134,0.06849169
38135,0.06511908
38136,0.047413304
38137,0.049103625
38138,0.2588052
38139,0.09609998
38140,0.10887881
38141,0.08949874
38142,0.049816724
38143,0.982732
38144,0.952446
38145,0.43943122
38146,0.07654326
38147,0.017802196
38148,0.41954505
38149,0.04146903
38150,0.17949587
38151,0.07711277
38152,0.11778507
38153,0.011490797
38154,0.11714242
38155,0.047073826
38156,0.09203473
38157,0.29528975
38158,0.33576912
38159,0.6310605
38160,0.11323634
38161,0.099289775
38162,0.038667373
38163,0.04307692
38164,0.0923019
38165,0.060044967
38166,0.021726234
38167,0.005990895
38168,0.111043766
38169,0.15135024
38170,0.044076376
38171,0.09325461
38172,0.021886298
38173,0.9527802
38174,0.9788297
38175,0.982732
38176,0.06410835
38177,0.11155829
38178,0.37217426
38179,0.017365366
38180,0.008205791
38181,0.01057768
38182,0.033246744
38183,0.012239357
38184,0.22874168
38185,0.98091376
38186,0.034451712
38187,0.09114862
38188,0.03939216
38189,0.08435497
38190,0.05158857
38191,0.11993377
38192,0.06130286
38193,0.06474317
38194,0.03524672
38195,0.0758334
38196,0.09484548
38197,0.020699985
38198,0.043748017
38199,0.41784936
38200,0.23591037
38201,0.17467101
38202,0.04173533
38203,0.021413576
38204,0.07998894
38205,0.059090763
38206,0.16139883
38207,0.029979592
38208,0.020904709
38209,0.008201817
38210,0.0163134
38211,0.0059079533
38212,0.02228982
38213,0.025737897
38214,0.111099474
38215,0.32822302
38216,0.108135186
38217,0.08471964
38218,0.111890264
38219,0.12504436
38220,0.10182647
38221,0.73428375
38222,0.032866154
38223,0.013075192
38224,0.1449731
38225,0.15133606
38226,0.22446014
38227,0.32777265
38228,0.24283746
38229,0.05824664
38230,0.9816373
38231,0.16390163
38232,0.11654874
38233,0.1434026
38234,0.022613179
38235,0.018926209
38236,0.36549637
38237,0.033773813
38238,0.01769461
38239,0.043344263
38240,0.03637518
38241,0.09155308
38242,0.27217987
38243,0.22843148
38244,0.27380043
38245,0.112969644
38246,0.07467753
38247,0.099716775
38248,0.24699473
38249,0.025358057
38250,0.14378415
38251,0.0934279
38252,0.0725061
38253,0.3720412
38254,0.22288284
38255,0.02990251
38256,0.41613054
38257,0.29344898
38258,0.06269655
38259,0.06473221
38260,0.033451676
38261,0.048144348
38262,0.029440418
38263,0.03307393
38264,0.072538786
38265,0.05388481
38266,0.05157517
38267,0.27307865
38268,0.6136113
38269,0.27307865
38270,0.18220699
38271,0.35034278
38272,0.07017414
38273,0.01752543
38274,0.062679395
38275,0.05626121
38276,0.14520432
38277,0.23473263
38278,0.042281173
38279,0.023963522
38280,0.006491557
38281,0.10653266
38282,0.025466876
38283,0.009041938
38284,0.08708934
38285,0.0113376565
38286,0.016493786
38287,0.030085174
38288,0.0059079533
38289,0.023740677
38290,0.027801132
38291,0.029097755
38292,0.02768199
38293,0.21103097
38294,0.109906025
38295,0.066912234
38296,0.48461208
38297,0.44630802
38298,0.20480913
38299,0.09204518
38300,0.007726061
38301,0.008893791
38302,0.03210513
38303,0.116743416
38304,0.051260985
38305,0.9812535
38306,0.036171466
38307,0.0059079533
38308,0.037393488
38309,0.10522411
38310,0.12949221
38311,0.03372541
38312,0.030483264
38313,0.0059079533
38314,0.031717498
38315,0.018338932
38316,0.021886298
38317,0.07137438
38318,0.04126443
38319,0.62196654
38320,0.18386938
38321,0.1729399
38322,0.9797743
38323,0.2411263
38324,0.32983807
38325,0.18233424
38326,0.025616998
38327,0.028636402
38328,0.026122287
38329,0.049455486
38330,0.014242749
38331,0.0060984814
38332,0.075425446
38333,0.29494253
38334,0.08146037
38335,0.25710988
38336,0.032446496
38337,0.1135858
38338,0.14154896
38339,0.17225273
38340,0.0951573
38341,0.06698679
38342,0.023546932
38343,0.0061792475
38344,0.062170323
38345,0.9801085
38346,0.12759502
38347,0.88064444
38348,0.3526258
38349,0.1945224
38350,0.116845734
38351,0.11446605
38352,0.0136369895
38353,0.012266844
38354,0.012114596
38355,0.009661162
38356,0.09504305
38357,0.08284276
38358,0.024019537
38359,0.20491573
38360,0.01909364
38361,0.05523915
38362,0.33232787
38363,0.049495935
38364,0.012114596
38365,0.009925953
38366,0.046323694
38367,0.181585
38368,0.0059079533
38369,0.10884784
38370,0.14086437
38371,0.048790984
38372,0.17105523
38373,0.046497818
38374,0.13593236
38375,0.04560779
38376,0.021817584
38377,0.1104053
38378,0.08895683
38379,0.0582023
38380,0.0062975246
38381,0.06218431
38382,0.0068779443
38383,0.15193665
38384,0.02662633
38385,0.022449749
38386,0.06304279
38387,0.016477186
38388,0.0128495265
38389,0.023211867
38390,0.13328198
38391,0.17147031
38392,0.73583597
38393,0.15712865
38394,0.012419543
38395,0.029285656
38396,0.01939966
38397,0.028833304
38398,0.0062534795
38399,0.09501038
38400,0.0872615
38401,0.010737743
38402,0.0059079533
38403,0.01057768
38404,0.0268101
38405,0.062292967
38406,0.06036105
38407,0.36291844
38408,0.012419543
38409,0.014332003
38410,0.016197382
38411,0.06097708
38412,0.06416618
38413,0.41098118
38414,0.20771766
38415,0.010737743
38416,0.22250856
38417,0.069919236
38418,0.24504636
38419,0.008629331
38420,0.010842026
38421,0.2579915
38422,0.010321809
38423,0.08054934
38424,0.030509386
38425,0.02742909
38426,0.0060758763
38427,0.012540594
38428,0.048083484
38429,0.17248385
38430,0.006949468
38431,0.022552311
38432,0.018388396
38433,0.0146291945
38434,0.07877768
38435,0.15665497
38436,0.044167724
38437,0.20842654
38438,0.06854569
38439,0.0073709404
38440,0.014425472
38441,0.040875312
38442,0.3170278
38443,0.294263
38444,0.015511656
38445,0.025597813
38446,0.028346568
38447,0.010427703
38448,0.31840226
38449,0.615996
38450,0.10828312
38451,0.10197742
38452,0.007697805
38453,0.06143911
38454,0.048315525
38455,0.097035125
38456,0.09649585
38457,0.11200575
38458,0.07988201
38459,0.9816373
38460,0.035852544
38461,0.014841912
38462,0.115302645
38463,0.06872754
38464,0.028530339
38465,0.017347988
38466,0.21103822
38467,0.492501
38468,0.026064316
38469,0.17720744
38470,0.023389377
38471,0.17790724
38472,0.009353754
38473,0.0059079533
38474,0.018972008
38475,0.021817584
38476,0.010293981
38477,0.04135144
38478,0.06344981
38479,0.017297952
38480,0.083313994
38481,0.0062534795
38482,0.006444718
38483,0.20468648
38484,0.036644816
38485,0.05049143
38486,0.09889971
38487,0.05163663
38488,0.012571789
38489,0.034451712
38490,0.98011404
38491,0.026210614
38492,0.16385064
38493,0.09876652
38494,0.018641518
38495,0.016198149
38496,0.019675849
38497,0.012419543
38498,0.40795264
38499,0.007948304
38500,0.0077174855
38501,0.015272367
38502,0.022887485
38503,0.13417867
38504,0.010904908
38505,0.10479765
38506,0.04463881
38507,0.062061597
38508,0.35122964
38509,0.02329148
38510,0.025802074
38511,0.020031625
38512,0.01411316
38513,0.044555794
38514,0.13712192
38515,0.049960464
38516,0.0059079533
38517,0.033647623
38518,0.17022727
38519,0.05372751
38520,0.088526465
38521,0.07775599
38522,0.008045727
38523,0.066926554
38524,0.014332003
38525,0.10036754
38526,0.2048425
38527,0.13718218
38528,0.006993964
38529,0.027417356
38530,0.011497721
38531,0.011497721
38532,0.017175024
38533,0.006444718
38534,0.006353187
38535,0.03379813
38536,0.12729569
38537,0.1188968
38538,0.042629883
38539,0.14533757
38540,0.3035038
38541,0.02118174
38542,0.0139025645
38543,0.014841912
38544,0.014526083
38545,0.010355
38546,0.0059079533
38547,0.0329901
38548,0.018863317
38549,0.08394373
38550,0.04771223
38551,0.011205726
38552,0.15414676
38553,0.03629879
38554,0.049709156
38555,0.0059079533
38556,0.052047696
38557,0.016599368
38558,0.12384499
38559,0.33371496
38560,0.042004354
38561,0.08021029
38562,0.09804494
38563,0.053804595
38564,0.06278369
38565,0.10764018
38566,0.024368405
38567,0.100222625
38568,0.1520213
38569,0.013214729
38570,0.0059079533
38571,0.03062121
38572,0.019629642
38573,0.014171938
38574,0.018581556
38575,0.0059079533
38576,0.15271653
38577,0.11543544
38578,0.026122287
38579,0.23735754
38580,0.019828707
38581,0.04307768
38582,0.029440418
38583,0.06356066
38584,0.029379554
38585,0.2937018
38586,0.22998226
38587,0.0163134
38588,0.10439263
38589,0.014841912
38590,0.0059079533
38591,0.006491557
38592,0.0113376565
38593,0.033233993
38594,0.011921267
38595,0.02910351
38596,0.044400577
38597,0.04307692
38598,0.03268545
38599,0.041499976
38600,0.06937458
38601,0.017511511
38602,0.028680133
38603,0.30893257
38604,0.04092967
38605,0.016981324
38606,0.22349519
38607,0.18638381
38608,0.021886298
38609,0.043924134
38610,0.20111471
38611,0.09876635
38612,0.32659772
38613,0.08628755
38614,0.19010921
38615,0.08017048
38616,0.009353754
38617,0.014332003
38618,0.011248316
38619,0.18745822
38620,0.95587033
38621,0.12165795
38622,0.017734203
38623,0.23851632
38624,0.08065935
38625,0.011473992
38626,0.016394094
38627,0.12091605
38628,0.1633357
38629,0.73314434
38630,0.4882244
38631,0.041384067
38632,0.018857898
38633,0.17506069
38634,0.20941901
38635,0.022309847
38636,0.029862255
38637,0.08194356
38638,0.009515212
38639,0.14447616
38640,0.30917367
38641,0.15238756
38642,0.1446932
38643,0.53144443
38644,0.21296418
38645,0.02031321
38646,0.4445037
38647,0.092993304
38648,0.11430383
38649,0.06648946
38650,0.03368308
38651,0.044964682
38652,0.0781699
38653,0.0633072
38654,0.1338944
38655,0.13348903
38656,0.028636402
38657,0.1859095
38658,0.27497134
38659,0.04651386
38660,0.040941708
38661,0.057283457
38662,0.063840665
38663,0.013205321
38664,0.09137495
38665,0.22366364
38666,0.22105335
38667,0.09234759
38668,0.09092596
38669,0.060044967
38670,0.021886298
38671,0.3265094
38672,0.13092615
38673,0.0081343455
38674,0.4477633
38675,0.36198643
38676,0.038145855
38677,0.1247343
38678,0.02921767
38679,0.018097255
38680,0.013879987
38681,0.100146525
38682,0.120679
38683,0.37912995
38684,0.48355794
38685,0.014230962
38686,0.08206108
38687,0.008930704
38688,0.043389443
38689,0.32067028
38690,0.0191789
38691,0.08156997
38692,0.15992093
38693,0.041785594
38694,0.008689763
38695,0.19516015
38696,0.3707625
38697,0.121459484
38698,0.038530186
38699,0.06912571
38700,0.06518607
38701,0.0059079533
38702,0.015921969
38703,0.02158794
38704,0.111998655
38705,0.19749805
38706,0.08395128
38707,0.08787796
38708,0.016527003
38709,0.06164932
38710,0.053870138
38711,0.21246618
38712,0.06690974
38713,0.078448765
38714,0.0059079533
38715,0.050659932
38716,0.015879951
38717,0.039641503
38718,0.016325977
38719,0.023152405
38720,0.06571274
38721,0.053061828
38722,0.09704419
38723,0.459241
38724,0.36382505
38725,0.017650375
38726,0.018238448
38727,0.030798249
38728,0.10925367
38729,0.035313185
38730,0.027964912
38731,0.007948304
38732,0.036270425
38733,0.13902134
38734,0.03379813
38735,0.033702627
38736,0.052233953
38737,0.04068578
38738,0.069034636
38739,0.122975476
38740,0.17399156
38741,0.09264386
38742,0.046666875
38743,0.03363122
38744,0.033815153
38745,0.069412746
38746,0.047413304
38747,0.011321745
38748,0.30421054
38749,0.03227723
38750,0.38778833
38751,0.041095007
38752,0.09155308
38753,0.07122261
38754,0.033029396
38755,0.061400514
38756,0.0061364365
38757,0.01968563
38758,0.02834766
38759,0.018578667
38760,0.10181579
38761,0.0072127827
38762,0.063703865
38763,0.045607466
38764,0.05228116
38765,0.13863772
38766,0.30197528
38767,0.057749007
38768,0.013170684
38769,0.10493229
38770,0.019221846
38771,0.028287822
38772,0.13058598
38773,0.057671327
38774,0.08464106
38775,0.0070874137
38776,0.081574544
38777,0.01813086
38778,0.02981719
38779,0.01752543
38780,0.10497452
38781,0.010141735
38782,0.024812017
38783,0.0351446
38784,0.008770639
38785,0.023878118
38786,0.05061706
38787,0.043355774
38788,0.061865248
38789,0.08281706
38790,0.06704472
38791,0.15514417
38792,0.1372004
38793,0.2593508
38794,0.0059079533
38795,0.079661205
38796,0.050021335
38797,0.041004915
38798,0.061400276
38799,0.05440529
38800,0.010310097
38801,0.04515307
38802,0.020111702
38803,0.02564077
38804,0.016817642
38805,0.12670632
38806,0.020885052
38807,0.048549138
38808,0.26774377
38809,0.050021335
38810,0.08225496
38811,0.5101433
38812,0.06569219
38813,0.06832098
38814,0.025762763
38815,0.04694854
38816,0.03609879
38817,0.077415705
38818,0.034673925
38819,0.009053854
38820,0.018915795
38821,0.22555779
38822,0.08552325
38823,0.030464793
38824,0.013754289
38825,0.015254134
38826,0.021886298
38827,0.021449964
38828,0.061612908
38829,0.48760825
38830,0.04150535
38831,0.037027046
38832,0.061065357
38833,0.8824436
38834,0.09872072
38835,0.006528037
38836,0.06950544
38837,0.03912215
38838,0.16127837
38839,0.31820157
38840,0.06747434
38841,0.0061364365
38842,0.032396477
38843,0.044602457
38844,0.07203702
38845,0.15120466
38846,0.019055786
38847,0.11490145
38848,0.030978091
38849,0.06778498
38850,0.0059079533
38851,0.01702737
38852,0.07067978
38853,0.045179613
38854,0.015797615
38855,0.058497492
38856,0.06297007
38857,0.23673674
38858,0.058197573
38859,0.021065721
38860,0.049371406
38861,0.103472434
38862,0.13608183
38863,0.038118675
38864,0.06354986
38865,0.015761904
38866,0.008039652
38867,0.05033095
38868,0.5311003
38869,0.0074464786
38870,0.14409494
38871,0.27471718
38872,0.10752593
38873,0.016394094
38874,0.008849827
38875,0.026868805
38876,0.009272674
38877,0.21720837
38878,0.22447711
38879,0.058980457
38880,0.04158885
38881,0.08352871
38882,0.11213296
38883,0.079969
38884,0.18369555
38885,0.17907907
38886,0.06794945
38887,0.01950429
38888,0.117015064
38889,0.04787785
38890,0.24215513
38891,0.8686426
38892,0.24314104
38893,0.0059079533
38894,0.019238517
38895,0.19708444
38896,0.042531867
38897,0.006353187
38898,0.018913494
38899,0.050515745
38900,0.012419543
38901,0.040617328
38902,0.6277048
38903,0.040470306
38904,0.04838912
38905,0.25044435
38906,0.09913431
38907,0.14902155
38908,0.236127
38909,0.21605672
38910,0.012540594
38911,0.11263783
38912,0.14322379
38913,0.08100278
38914,0.9793365
38915,0.31827658
38916,0.28095743
38917,0.02118174
38918,0.092234775
38919,0.09345862
38920,0.018650023
38921,0.011248316
38922,0.06198813
38923,0.007857868
38924,0.007526095
38925,0.07790431
38926,0.074948296
38927,0.060648292
38928,0.049202193
38929,0.10008163
38930,0.045669317
38931,0.09965475
38932,0.10844355
38933,0.043320842
38934,0.23594323
38935,0.015921969
38936,0.030483264
38937,0.9830083
38938,0.954227
38939,0.5287079
38940,0.015511656
38941,0.11134933
38942,0.552977
38943,0.072393976
38944,0.019783944
38945,0.052163806
38946,0.051236007
38947,0.0293713
38948,0.013741106
38949,0.49530068
38950,0.02828425
38951,0.010681963
38952,0.048225816
38953,0.0690963
38954,0.02816389
38955,0.05132827
38956,0.23135816
38957,0.11566545
38958,0.14309745
38959,0.08627238
38960,0.030453281
38961,0.9830083
38962,0.8681616
38963,0.39161465
38964,0.07877768
38965,0.015987538
38966,0.48933682
38967,0.07609821
38968,0.16744591
38969,0.0839048
38970,0.13511112
38971,0.017175024
38972,0.12967643
38973,0.05255252
38974,0.04096568
38975,0.24321666
38976,0.36830354
38977,0.69830155
38978,0.0939814
38979,0.09252873
38980,0.022019919
38981,0.026229264
38982,0.09138242
38983,0.045630287
38984,0.018066108
38985,0.102248855
38986,0.14201912
38987,0.047233503
38988,0.110934675
38989,0.007021816
38990,0.95138127
38991,0.979106
38992,0.9830083
38993,0.0067507564
38994,0.09068486
38995,0.10535118
38996,0.0059079533
38997,0.45739415
38998,0.021596372
38999,0.0060758763
39000,0.019062882
39001,0.047728326
39002,0.028346568
39003,0.31480742
39004,0.9811901
39005,0.035848636
39006,0.06625537
39007,0.04889768
39008,0.07394658
39009,0.029611543
39010,0.12661761
39011,0.06060528
39012,0.056941364
39013,0.06791521
39014,0.13612644
39015,0.1196231
39016,0.033029266
39017,0.042408545
39018,0.2901776
39019,0.27868223
39020,0.12617877
39021,0.07394009
39022,0.054798827
39023,0.12889288
39024,0.039559018
39025,0.006491557
39026,0.01752543
39027,0.019894531
39028,0.03906535
39029,0.15523882
39030,0.3369011
39031,0.15810688
39032,0.07180137
39033,0.14146931
39034,0.13239989
39035,0.08435497
39036,0.73531044
39037,0.03816272
39038,0.01879889
39039,0.011744651
39040,0.14886226
39041,0.17379749
39042,0.23289469
39043,0.30689928
39044,0.20091447
39045,0.05813579
39046,0.9819136
39047,0.149896
39048,0.096575424
39049,0.20990735
39050,0.016529664
39051,0.011432978
39052,0.33688167
39053,0.037832983
39054,0.013170684
39055,0.01623403
39056,0.033108205
39057,0.041095007
39058,0.23968442
39059,0.22298351
39060,0.18613404
39061,0.18539348
39062,0.105256885
39063,0.11331068
39064,0.23373432
39065,0.024909843
39066,0.16173148
39067,0.09276289
39068,0.034027528
39069,0.48387927
39070,0.18896848
39071,0.017519632
39072,0.41579
39073,0.18500023
39074,0.07728452
39075,0.09104359
39076,0.027211865
39077,0.032348786
39078,0.015112303
39079,0.038546406
39080,0.03816284
39081,0.047405597
39082,0.08621151
39083,0.28091064
39084,0.7140328
39085,0.27294138
39086,0.24241528
39087,0.29168108
39088,0.08193383
39089,0.0059079533
39090,0.04932112
39091,0.0343025
39092,0.09185575
39093,0.23180652
39094,0.046841294
39095,0.065533675
39096,0.050065756
39097,0.15519159
39098,0.007413752
39099,0.014141191
39100,0.019469976
39101,0.023467317
39102,0.017145706
39103,0.010413158
39104,0.01057768
39105,0.016258834
39106,0.03838573
39107,0.009477397
39108,0.23221739
39109,0.11511811
39110,0.1093824
39111,0.45913842
39112,0.48140955
39113,0.16944987
39114,0.07722025
39115,0.042906437
39116,0.0059079533
39117,0.05246273
39118,0.09428032
39119,0.035112113
39120,0.98152983
39121,0.05965919
39122,0.015511656
39123,0.048903316
39124,0.06880281
39125,0.17163116
39126,0.013387498
39127,0.01899732
39128,0.0059079533
39129,0.022184867
39130,0.014617962
39131,0.011381702
39132,0.018248761
39133,0.04387597
39134,0.04341168
39135,0.6013306
39136,0.2043266
39137,0.21753272
39138,0.9800506
39139,0.24548069
39140,0.33783326
39141,0.1022941
39142,0.02890995
39143,0.021726234
39144,0.016220069
39145,0.010066923
39146,0.018356347
39147,0.05879966
39148,0.36131316
39149,0.16066559
39150,0.25764263
39151,0.015112303
39152,0.15476279
39153,0.11926257
39154,0.08772955
39155,0.06978614
39156,0.057368398
39157,0.023740677
39158,0.008362343
39159,0.010417917
39160,0.09638235
39161,0.9803848
39162,0.16855375
39163,0.9489424
39164,0.3640441
39165,0.17080191
39166,0.12159575
39167,0.09101815
39168,0.007021816
39169,0.027985325
39170,0.012114596
39171,0.015879951
39172,0.10815029
39173,0.0980721
39174,0.02047372
39175,0.16694905
39176,0.024370536
39177,0.07861226
39178,0.27600482
39179,0.05492093
39180,0.057713553
39181,0.21255438
39182,0.082201034
39183,0.11878668
39184,0.044993006
39185,0.1924444
39186,0.1495364
39187,0.014435478
39188,0.026708914
39189,0.058714468
39190,0.06254233
39191,0.0059079533
39192,0.06926752
39193,0.008849827
39194,0.16049643
39195,0.038895767
39196,0.0059079533
39197,0.061749168
39198,0.038837884
39199,0.020307045
39200,0.017066091
39201,0.16777791
39202,0.17147031
39203,0.73412824
39204,0.1665644
39205,0.012419543
39206,0.017096085
39207,0.020041805
39208,0.02031321
39209,0.059782512
39210,0.11976449
39211,0.133289
39212,0.007948304
39213,0.0518542
39214,0.01662169
39215,0.026227742
39216,0.05546238
39217,0.048286576
39218,0.041801177
39219,0.3604376
39220,0.012419543
39221,0.014332003
39222,0.033510797
39223,0.044993006
39224,0.05601781
39225,0.48275268
39226,0.21624936
39227,0.0059079533
39228,0.22839212
39229,0.0582023
39230,0.02232325
39231,0.09079201
39232,0.17533883
39233,0.008089772
39234,0.24996163
39235,0.01057768
39236,0.096575424
39237,0.033599254
39238,0.036350876
39239,0.008318589
39240,0.020429907
39241,0.05778217
39242,0.2953052
39243,0.023603791
39244,0.0059079533
39245,0.01057768
39246,0.041720193
39247,0.056568902
39248,0.19812334
39249,0.040974207
39250,0.18232915
39251,0.04827137
39252,0.039144676
39253,0.009273371
39254,0.053862203
39255,0.017365366
39256,0.24312806
39257,0.24671881
39258,0.031947095
39259,0.05529753
39260,0.35028148
39261,0.7173766
39262,0.15551254
39263,0.12914085
39264,0.0059079533
39265,0.06287014
39266,0.081410535
39267,0.11434216
39268,0.095780775
39269,0.0868517
39270,0.083324715
39271,0.9819136
39272,0.08280714
39273,0.11690826
39274,0.058825403
39275,0.005988402
39276,0.09513092
39277,0.4154173
39278,0.0437295
39279,0.17969269
39280,0.019286487
39281,0.16183876
39282,0.0068338993
39283,0.032915894
39284,0.013991958
39285,0.006068017
39286,0.006220263
39287,0.06189134
39288,0.0793058
39289,0.015424616
39290,0.043718524
39291,0.011824265
39292,0.0059079533
39293,0.2300328
39294,0.038545337
39295,0.05730615
39296,0.0061364365
39297,0.08522803
39298,0.06994432
39299,0.04270215
39300,0.98039037
39301,0.03638908
39302,0.15025933
39303,0.050586108
39304,0.029301198
39305,0.021872558
39306,0.014608182
39307,0.006444718
39308,0.008045727
39309,0.40553543
39310,0.0062534795
39311,0.0059079533
39312,0.011321745
39313,0.13668856
39314,0.018915795
39315,0.12768665
39316,0.012412762
39317,0.051232763
39318,0.339857
39319,0.023546932
39320,0.016394094
39321,0.0059079533
39322,0.015118087
39323,0.03636933
39324,0.13550296
39325,0.048745148
39326,0.012419543
39327,0.006993964
39328,0.046327688
39329,0.17580271
39330,0.059206933
39331,0.019620493
39332,0.055550758
39333,0.021886298
39334,0.041065555
39335,0.06923706
39336,0.20068806
39337,0.091759585
39338,0.011497721
39339,0.007021816
39340,0.010141735
39341,0.010090209
39342,0.010789545
39343,0.0059079533
39344,0.014152023
39345,0.0480519
39346,0.10422452
39347,0.07008955
39348,0.08728056
39349,0.18679225
39350,0.23601511
39351,0.008045727
39352,0.015471517
39353,0.029087795
39354,0.028443165
39355,0.011161681
39356,0.011824265
39357,0.016773935
39358,0.012498484
39359,0.007697805
39360,0.00864203
39361,0.01275926
39362,0.08563788
39363,0.017822968
39364,0.069977716
39365,0.15414676
39366,0.038550977
39367,0.01724833
39368,0.015272367
39369,0.10047479
39370,0.0059079533
39371,0.32852894
39372,0.020072127
39373,0.044993006
39374,0.07507916
39375,0.011824265
39376,0.07852126
39377,0.041520197
39378,0.0059079533
39379,0.11584706
39380,0.019844916
39381,0.14965405
39382,0.20770934
39383,0.023740677
39384,0.016192261
39385,0.007948304
39386,0.013154807
39387,0.011534279
39388,0.023430912
39389,0.007857868
39390,0.16849591
39391,0.14251775
39392,0.29553005
39393,0.009917338
39394,0.01057768
39395,0.045231882
39396,0.024133567
39397,0.015272367
39398,0.056347597
39399,0.032243073
39400,0.33189124
39401,0.22940579
39402,0.02329265
39403,0.11589293
39404,0.014992347
39405,0.018408826
39406,0.036517844
39407,0.01854846
39408,0.047723807
39409,0.0064737774
39410,0.02073675
39411,0.028629368
39412,0.008785883
39413,0.0568793
39414,0.014931847
39415,0.06072788
39416,0.008076685
39417,0.031066617
39418,0.050994225
39419,0.20549315
39420,0.012364736
39421,0.16700253
39422,0.044011254
39423,0.20061626
39424,0.25869337
39425,0.028910382
39426,0.043769617
39427,0.18180013
39428,0.11446064
39429,0.23081326
39430,0.09082605
39431,0.122715
39432,0.041031074
39433,0.006068017
39434,0.013330747
39435,0.014332003
39436,0.20374757
39437,0.026779719
39438,0.95726925
39439,0.0888597
39440,0.03981022
39441,0.17900354
39442,0.10243293
39443,0.012233448
39444,0.009391854
39445,0.11511786
39446,0.1138953
39447,0.5945131
39448,0.4906191
39449,0.04700262
39450,0.07181681
39451,0.19759555
39452,0.21184832
39453,0.008362343
39454,0.04965879
39455,0.025716074
39456,0.05332682
39457,0.15137042
39458,0.28887448
39459,0.10605053
39460,0.20078464
39461,0.63509464
39462,0.13352634
39463,0.02031321
39464,0.38596627
39465,0.109497376
39466,0.13240434
39467,0.01973795
39468,0.007220768
39469,0.03570669
39470,0.115226135
39471,0.08409875
39472,0.089458406
39473,0.14497867
39474,0.17379856
39475,0.26420546
39476,0.04722996
39477,0.03633242
39478,0.07968289
39479,0.050332874
39480,0.06019943
39481,0.03192137
39482,0.03652354
39483,0.02245326
39484,0.120652124
39485,0.22371852
39486,0.31824264
39487,0.021507982
39488,0.01165086
39489,0.43604815
39490,0.10535226
39491,0.09325479
39492,0.3507376
39493,0.36147085
39494,0.0065132515
39495,0.05449482
39496,0.08613198
39497,0.008202279
39498,0.021245066
39499,0.0567643
39500,0.012413391
39501,0.09598398
39502,0.34358516
39503,0.36073902
39504,0.015802044
39505,0.013836978
39506,0.10186675
39507,0.113782495
39508,0.33858612
39509,0.008531908
39510,0.20684344
39511,0.04132096
39512,0.24370281
39513,0.48017952
39514,0.12781982
39515,0.0104492465
39516,0.03920201
39517,0.0071182814
39518,0.0728315
39519,0.015802044
39520,0.019622868
39521,0.1222413
39522,0.11704723
39523,0.07992419
39524,0.13288867
39525,0.042896993
39526,0.03178046
39527,0.031322293
39528,0.024895934
39529,0.018468846
39530,0.1627109
39531,0.06603752
39532,0.06742951
39533,0.006353187
39534,0.064262286
39535,0.039171513
39536,0.013836978
39537,0.02185713
39538,0.059048533
39539,0.055594485
39540,0.05139954
39541,0.44107473
39542,0.38851187
39543,0.033590004
39544,0.0090258
39545,0.07092093
39546,0.021670995
39547,0.015121933
39548,0.077368945
39549,0.0065657855
39550,0.24393477
39551,0.05277933
39552,0.046373915
39553,0.044810172
39554,0.006604781
39555,0.031103324
39556,0.05141553
39557,0.10215023
39558,0.14138143
39559,0.10563783
39560,0.03909541
39561,0.03437201
39562,0.03370092
39563,0.047989294
39564,0.06445526
39565,0.011138402
39566,0.30203804
39567,0.02946754
39568,0.41515025
39569,0.05258483
39570,0.0059079533
39571,0.070581675
39572,0.045160074
39573,0.045442928
39574,0.009409455
39575,0.0266502
39576,0.008176787
39577,0.017427603
39578,0.025394334
39579,0.030308815
39580,0.096461296
39581,0.027093032
39582,0.0598897
39583,0.03844519
39584,0.08790448
39585,0.14292763
39586,0.29508075
39587,0.053020824
39588,0.110452
39589,0.015590592
39590,0.015322973
39591,0.13541973
39592,0.094259836
39593,0.03384331
39594,0.031224487
39595,0.08836831
39596,0.019527862
39597,0.014016953
39598,0.009619941
39599,0.13821693
39600,0.009990286
39601,0.030119471
39602,0.01564198
39603,0.03744546
39604,0.018097343
39605,0.04519965
39606,0.049922522
39607,0.07267157
39608,0.04563766
39609,0.14649475
39610,0.104638755
39611,0.20257342
39612,0.011497721
39613,0.07965699
39614,0.0060758763
39615,0.04156455
39616,0.056583602
39617,0.04620261
39618,0.005988402
39619,0.0059079533
39620,0.038753334
39621,0.013790745
39622,0.011138402
39623,0.043537468
39624,0.04909701
39625,0.06852832
39626,0.047311634
39627,0.32047987
39628,0.0825789
39629,0.08925512
39630,0.5104838
39631,0.08665884
39632,0.065183416
39633,0.07540011
39634,0.060874403
39635,0.06189671
39636,0.08805169
39637,0.026710773
39638,0.019484242
39639,0.22715148
39640,0.03412771
39641,0.033611316
39642,0.049237065
39643,0.070907064
39644,0.016153336
39645,0.014961871
39646,0.0855214
39647,0.60538983
39648,0.0991774
39649,0.013289142
39650,0.03505409
39651,0.9684142
39652,0.075892314
39653,0.012780365
39654,0.065183416
39655,0.045724954
39656,0.20412594
39657,0.35260677
39658,0.060457982
39659,0.019322122
39660,0.03142782
39661,0.053500794
39662,0.05718446
39663,0.17346255
39664,0.05979912
39665,0.07381589
39666,0.016054733
39667,0.017998634
39668,0.025551926
39669,0.056861628
39670,0.04765509
39671,0.011381702
39672,0.06568836
39673,0.07999081
39674,0.2668843
39675,0.055494096
39676,0.022785706
39677,0.059170656
39678,0.11640545
39679,0.201688
39680,0.06450432
39681,0.025491059
39682,0.009053854
39683,0.0581564
39684,0.5314408
39685,0.0072229044
39686,0.17215388
39687,0.32734865
39688,0.06997588
39689,0.022430379
39690,0.00864203
39691,0.026868805
39692,0.022524722
39693,0.23216102
39694,0.20788866
39695,0.038979292
39696,0.056949202
39697,0.09281954
39698,0.074307635
39699,0.09431626
39700,0.15881021
39701,0.23085628
39702,0.09910058
39703,0.031961154
39704,0.12659839
39705,0.04111753
39706,0.21173652
39707,0.7260284
39708,0.02524629
39709,0.2727814
39710,0.018016098
39711,0.20247705
39712,0.0059079533
39713,0.02066284
39714,0.06551344
39715,0.012419543
39716,0.03300374
39717,0.5283788
39718,0.0452375
39719,0.06615408
39720,0.22535314
39721,0.105835244
39722,0.14746107
39723,0.22862343
39724,0.22211722
39725,0.0059079533
39726,0.12005019
39727,0.07231731
39728,0.049003817
39729,0.9790602
39730,0.38557732
39731,0.33337054
39732,0.02258451
39733,0.14115158
39734,0.049020123
39735,0.020019148
39736,0.0059079533
39737,0.01644897
39738,0.041153524
39739,0.007857868
39740,0.017825536
39741,0.098694436
39742,0.08758715
39743,0.022869011
39744,0.055683225
39745,0.0839275
39746,0.051903278
39747,0.08245934
39748,0.08415962
39749,0.058121473
39750,0.19617493
39751,0.015802044
39752,0.04683145
39753,0.982732
39754,0.98192674
39755,0.5947947
39756,0.009830222
39757,0.008481966
39758,0.10970354
39759,0.5349311
39760,0.09305024
39761,0.007526095
39762,0.06929339
39763,0.047723807
39764,0.017811377
39765,0.45333764
39766,0.04188974
39767,0.03318879
39768,0.07960801
39769,0.040886946
39770,0.049039252
39771,0.035354875
39772,0.26400813
39773,0.0957943
39774,0.095929556
39775,0.07192374
39776,0.05068453
39777,0.982732
39778,0.87062985
39779,0.41328102
39780,0.039255034
39781,0.022893293
39782,0.008108367
39783,0.44863147
39784,0.041488282
39785,0.20281143
39786,0.07219075
39787,0.13830164
39788,0.015442942
39789,0.10973286
39790,0.0573487
39791,0.079875685
39792,0.22915842
39793,0.43678272
39794,0.6093978
39795,0.1288568
39796,0.086539894
39797,0.04557367
39798,0.026710773
39799,0.042542197
39800,0.059220903
39801,0.031916216
39802,0.03660807
39803,0.08781752
39804,0.13717699
39805,0.13426495
39806,0.021703504
39807,0.87096405
39808,0.9788297
39809,0.982732
39810,0.04327201
39811,0.16415823
39812,0.011820706
39813,0.41845214
39814,0.02127166
39815,0.016040016
39816,0.025995744
39817,0.018654168
39818,0.037199058
39819,0.05552077
39820,0.30185595
39821,0.98091376
39822,0.028591443
39823,0.053213518
39824,0.047020692
39825,0.07921351
39826,0.04557367
39827,0.087356
39828,0.07073559
39829,0.033671446
39830,0.100160904
39831,0.05626412
39832,0.10656985
39833,0.27445152
39834,0.20942998
39835,0.12239883
39836,0.033280376
39837,0.051840313
39838,0.029652422
39839,0.14598069
39840,0.03062121
39841,0.01336885
39842,0.032258913
39843,0.0059079533
39844,0.0073660305
39845,0.027840264
39846,0.024801215
39847,0.18762656
39848,0.36179084
39849,0.10754533
39850,0.10495047
39851,0.12540288
39852,0.11720523
39853,0.099077865
39854,0.8804594
39855,0.044984657
39856,0.0152708
39857,0.1807174
39858,0.09723799
39859,0.20924164
39860,0.3619564
39861,0.17241964
39862,0.044986133
39863,0.9816373
39864,0.08269634
39865,0.013836978
39866,0.08830744
39867,0.15248685
39868,0.013214729
39869,0.4965492
39870,0.016225586
39871,0.013676913
39872,0.01564198
39873,0.027959168
39874,0.037917983
39875,0.24347356
39876,0.23397598
39877,0.19151941
39878,0.16858143
39879,0.08245934
39880,0.12520704
39881,0.24084443
39882,0.0068338993
39883,0.105998166
39884,0.11880075
39885,0.067064226
39886,0.3720412
39887,0.24890539
39888,0.41055223
39889,0.24961692
39890,0.05582783
39891,0.06788123
39892,0.092583165
39893,0.012074407
39894,0.013330747
39895,0.014961871
39896,0.043550733
39897,0.032021496
39898,0.047735836
39899,0.09549925
39900,0.32722983
39901,0.71437335
39902,0.26465178
39903,0.15509938
39904,0.36077777
39905,0.07131606
39906,0.081729576
39907,0.039423376
39908,0.108448096
39909,0.33041838
39910,0.0492725
39911,0.01928993
39912,0.048219755
39913,0.12530723
39914,0.03401763
39915,0.026346108
39916,0.019314399
39917,0.01165086
39918,0.015879951
39919,0.017222885
39920,0.021145217
39921,0.046625454
39922,0.18812904
39923,0.08008676
39924,0.08628802
39925,0.41249844
39926,0.43750262
39927,0.20432335
39928,0.11170946
39929,0.057845097
39930,0.022615716
39931,0.061806247
39932,0.11259173
39933,0.05476065
39934,0.9812535
39935,0.033405304
39936,0.0059079533
39937,0.068436265
39938,0.07976018
39939,0.16328594
39940,0.06952932
39941,0.047119655
39942,0.014457368
39943,0.01862582
39944,0.008770639
39945,0.01057768
39946,0.009830222
39947,0.05596171
39948,0.06404527
39949,0.6330257
39950,0.21149066
39951,0.22375432
39952,0.9797743
39953,0.25853014
39954,0.40138307
39955,0.12465543
39956,0.005988402
39957,0.021980885
39958,0.006491557
39959,0.048509397
39960,0.0060155406
39961,0.05984407
39962,0.3349926
39963,0.10929572
39964,0.23417495
39965,0.031686544
39966,0.11972706
39967,0.083486624
39968,0.11181053
39969,0.12752554
39970,0.05036461
39971,0.02329148
39972,0.019191982
39973,0.07857113
39974,0.9801085
39975,0.1916307
39976,0.9486661
39977,0.36925578
39978,0.14674145
39979,0.101315774
39980,0.092302285
39981,0.029812735
39982,0.030371204
39983,0.021886298
39984,0.05680452
39985,0.027144719
39986,0.19504862
39987,0.031782053
39988,0.07412756
39989,0.24868912
39990,0.039516244
39991,0.05907577
39992,0.15613174
39993,0.019675344
39994,0.07221612
39995,0.093400955
39996,0.033562485
39997,0.17707169
39998,0.0171221
39999,0.15292597
40000,0.08168015
40001,0.02329148
40002,0.06794612
40003,0.06938608
40004,0.06218431
40005,0.00864203
40006,0.13526428
40007,0.017734203
40008,0.026122287
40009,0.07163912
40010,0.031650655
40011,0.042560216
40012,0.019014025
40013,0.19048487
40014,0.19151941
40015,0.73446876
40016,0.18058479
40017,0.020979216
40018,0.01644897
40019,0.025997875
40020,0.06966967
40021,0.06318143
40022,0.15554485
40023,0.010737743
40024,0.05476065
40025,0.01522952
40026,0.059324928
40027,0.0497857
40028,0.3620623
40029,0.012419543
40030,0.014016953
40031,0.018037323
40032,0.04264777
40033,0.03162275
40034,0.43994814
40035,0.25342315
40036,0.18105301
40037,0.025406966
40038,0.013330747
40039,0.07724562
40040,0.1925562
40041,0.011921267
40042,0.21173537
40043,0.005988402
40044,0.01080063
40045,0.09639347
40046,0.037479237
40047,0.033611186
40048,0.007948304
40049,0.03507479
40050,0.35380766
40051,0.024536835
40052,0.007142456
40053,0.007948304
40054,0.030754298
40055,0.048004493
40056,0.28901494
40057,0.022291996
40058,0.16886707
40059,0.0655839
40060,0.039836634
40061,0.01165086
40062,0.018163582
40063,0.028803183
40064,0.008562842
40065,0.30270636
40066,0.19292393
40067,0.015511656
40068,0.04570779
40069,0.027297754
40070,0.008362343
40071,0.36067337
40072,0.84608364
40073,0.12543474
40074,0.13847642
40075,0.0059079533
40076,0.078038804
40077,0.113847315
40078,0.071333855
40079,0.09981701
40080,0.06889784
40081,0.092838734
40082,0.9816373
40083,0.14690627
40084,0.086417325
40085,0.039969444
40086,0.015802044
40087,0.058875464
40088,0.12556687
40089,0.30924886
40090,0.07820326
40091,0.20573398
40092,0.028484514
40093,0.13043146
40094,0.0097658895
40095,0.0508539
40096,0.016763302
40097,0.006068017
40098,0.011649967
40099,0.05692937
40100,0.051241416
40101,0.006220263
40102,0.006637161
40103,0.09356359
40104,0.0073660305
40105,0.20062162
40106,0.06027723
40107,0.03241555
40108,0.021998534
40109,0.041404765
40110,0.10057828
40111,0.07258167
40112,0.019314399
40113,0.011077457
40114,0.98011404
40115,0.0974994
40116,0.04701738
40117,0.02874812
40118,0.05412089
40119,0.012233448
40120,0.3319493
40121,0.0059079533
40122,0.0065132515
40123,0.006068017
40124,0.007526095
40125,0.17260283
40126,0.09477246
40127,0.27812716
40128,0.010193373
40129,0.0059079533
40130,0.01165086
40131,0.018313512
40132,0.049677856
40133,0.08974291
40134,0.03275192
40135,0.00623594
40136,0.018581556
40137,0.019348674
40138,0.1449731
40139,0.046672493
40140,0.07011417
40141,0.008531908
40142,0.016153336
40143,0.06929339
40144,0.09857056
40145,0.06648105
40146,0.18550788
40147,0.0059079533
40148,0.009285054
40149,0.010353436
40150,0.0068338993
40151,0.01522952
40152,0.01676689
40153,0.014332003
40154,0.013836978
40155,0.006220263
40156,0.07954407
40157,0.08367047
40158,0.046149172
40159,0.0059079533
40160,0.09279252
40161,0.29757547
40162,0.010737743
40163,0.0097658895
40164,0.01773094
40165,0.007857868
40166,0.016468052
40167,0.010142534
40168,0.012780365
40169,0.040098622
40170,0.012700657
40171,0.019840173
40172,0.12548095
40173,0.012259479
40174,0.012821942
40175,0.0059079533
40176,0.011649967
40177,0.015121933
40178,0.11386659
40179,0.34905618
40180,0.02412889
40181,0.026710773
40182,0.03119722
40183,0.054620788
40184,0.030262984
40185,0.009990286
40186,0.10327373
40187,0.018520689
40188,0.10009908
40189,0.15562758
40190,0.016040016
40191,0.01436602
40192,0.012259479
40193,0.03914616
40194,0.016843995
40195,0.012686417
40196,0.044810172
40197,0.007857868
40198,0.15494059
40199,0.08890739
40200,0.24393477
40201,0.007506415
40202,0.0153956385
40203,0.025655784
40204,0.0059079533
40205,0.03674828
40206,0.013676913
40207,0.0867131
40208,0.2944685
40209,0.19176918
40210,0.08892727
40211,0.017575085
40212,0.0362859
40213,0.018176958
40214,0.03311976
40215,0.022291996
40216,0.02847954
40217,0.044746425
40218,0.006491557
40219,0.008282727
40220,0.03132432
40221,0.008688459
40222,0.07374732
40223,0.0064737774
40224,0.019173494
40225,0.040948797
40226,0.03765482
40227,0.02488509
40228,0.14683697
40229,0.039990794
40230,0.028035926
40231,0.18034483
40232,0.18379453
40233,0.04350054
40234,0.20133734
40235,0.26017496
40236,0.08553711
40237,0.07230535
40238,0.041780304
40239,0.022884512
40240,0.021703504
40241,0.014016953
40242,0.11208709
40243,0.83095145
40244,0.108577296
40245,0.041153524
40246,0.12416514
40247,0.11208709
40248,0.02563718
40249,0.019466646
40250,0.016589588
40251,0.1708372
40252,0.0987508
40253,0.5266262
40254,0.38559955
40255,0.04044519
40256,0.035108905
40257,0.0931838
40258,0.23380649
40259,0.04923387
40260,0.037454713
40261,0.20789203
40262,0.035059035
40263,0.23301774
40264,0.09399261
40265,0.3013953
40266,0.60374004
40267,0.18085319
40268,0.02031321
40269,0.48503193
40270,0.041995067
40271,0.09875956
40272,0.046021946
40273,0.031650655
40274,0.13259853
40275,0.06779348
40276,0.11324928
40277,0.15043384
40278,0.02843581
40279,0.121740624
40280,0.27753338
40281,0.05036863
40282,0.031025954
40283,0.09668531
40284,0.014062714
40285,0.029433385
40286,0.095399484
40287,0.23655821
40288,0.2957812
40289,0.032663412
40290,0.25079754
40291,0.21045108
40292,0.20418529
40293,0.31624556
40294,0.36719814
40295,0.0065132515
40296,0.11017835
40297,0.0855522
40298,0.019902395
40299,0.033105515
40300,0.0067972247
40301,0.030253544
40302,0.058347873
40303,0.09052076
40304,0.1038503
40305,0.31788972
40306,0.3619657
40307,0.023079144
40308,0.081821136
40309,0.02874812
40310,0.31238404
40311,0.04958702
40312,0.08805965
40313,0.011071923
40314,0.03901102
40315,0.18986645
40316,0.5249544
40317,0.13908264
40318,0.0059079533
40319,0.0060155406
40320,0.062928855
40321,0.042166304
40322,0.015802044
40323,0.13141689
40324,0.18585461
40325,0.09108345
40326,0.111684844
40327,0.060008697
40328,0.03676776
40329,0.0390069
40330,0.011861573
40331,0.19476278
40332,0.075451314
40333,0.06747735
40334,0.008606887
40335,0.06311455
40336,0.022727588
40337,0.0068338993
40338,0.040032055
40339,0.006444718
40340,0.043701675
40341,0.085445695
40342,0.52985287
40343,0.36330947
40344,0.035444967
40345,0.04728446
40346,0.030261472
40347,0.02854806
40348,0.062420305
40349,0.014957943
40350,0.07377892
40351,0.01748782
40352,0.21486406
40353,0.029239828
40354,0.04263239
40355,0.030127749
40356,0.04922854
40357,0.03536873
40358,0.14074843
40359,0.14535075
40360,0.08816606
40361,0.061299805
40362,0.037184644
40363,0.029707646
40364,0.03372052
40365,0.03416063
40366,0.27423665
40367,0.05383218
40368,0.4365337
40369,0.058189772
40370,0.07493234
40371,0.025594058
40372,0.029374713
40373,0.02681161
40374,0.07943737
40375,0.08012162
40376,0.06285847
40377,0.052256394
40378,0.12095169
40379,0.30582872
40380,0.07854121
40381,0.023018276
40382,0.07740152
40383,0.006353187
40384,0.1417878
40385,0.013203905
40386,0.07307759
40387,0.015454677
40388,0.07516662
40389,0.01411316
40390,0.0071051954
40391,0.029379182
40392,0.0059079533
40393,0.18920925
40394,0.0059079533
40395,0.0392064
40396,0.026710145
40397,0.02978884
40398,0.02227265
40399,0.057474457
40400,0.07087048
40401,0.07052413
40402,0.04717621
40403,0.20686723
40404,0.11632575
40405,0.24386254
40406,0.011314376
40407,0.08754125
40408,0.055141654
40409,0.033675626
40410,0.041325904
40411,0.015281604
40412,0.03567345
40413,0.02219085
40414,0.0199029
40415,0.05124709
40416,0.022503486
40417,0.03236429
40418,0.051400527
40419,0.046121765
40420,0.27001357
40421,0.06892684
40422,0.10529303
40423,0.523293
40424,0.07272952
40425,0.082918055
40426,0.0611068
40427,0.08129417
40428,0.060724944
40429,0.09842466
40430,0.033247035
40431,0.008365654
40432,0.23385672
40433,0.09357924
40434,0.031326715
40435,0.053897653
40436,0.034380954
40437,0.011490797
40438,0.06171436
40439,0.43277395
40440,0.0743177
40441,0.033764564
40442,0.05480539
40443,0.9684142
40444,0.054374818
40445,0.0059079533
40446,0.07964459
40447,0.072211206
40448,0.15793784
40449,0.33285883
40450,0.052272547
40451,0.022291001
40452,0.032738563
40453,0.017459443
40454,0.051183034
40455,0.116733626
40456,0.040191438
40457,0.05569919
40458,0.062452134
40459,0.035210695
40460,0.01814691
40461,0.007948304
40462,0.015686026
40463,0.059493415
40464,0.053192973
40465,0.0182411
40466,0.11207707
40467,0.079668194
40468,0.27364746
40469,0.065785706
40470,0.017877258
40471,0.05289017
40472,0.14653309
40473,0.17929003
40474,0.06892684
40475,0.054367747
40476,0.009053854
40477,0.050995354
40478,0.4817501
40479,0.018363116
40480,0.20054543
40481,0.3847355
40482,0.090302125
40483,0.02745667
40484,0.039261352
40485,0.21068248
40486,0.1797789
40487,0.05172086
40488,0.053529494
40489,0.10359647
40490,0.08779892
40491,0.09478934
40492,0.119657025
40493,0.25563318
40494,0.031755935
40495,0.029650895
40496,0.12132244
40497,0.029260488
40498,0.14725105
40499,0.8370241
40500,0.040221784
40501,0.20169827
40502,0.012233448
40503,0.023532242
40504,0.16748028
40505,0.043809872
40506,0.031430807
40507,0.0062534795
40508,0.02462959
40509,0.5879965
40510,0.042004738
40511,0.07873378
40512,0.2089513
40513,0.07704772
40514,0.19437863
40515,0.25584474
40516,0.21405686
40517,0.020923125
40518,0.14057629
40519,0.06808745
40520,0.060482025
40521,0.8944885
40522,0.31533688
40523,0.3576989
40524,0.011490797
40525,0.1984812
40526,0.008722906
40527,0.049887512
40528,0.01644897
40529,0.02215008
40530,0.017794464
40531,0.009132026
40532,0.081338756
40533,0.070341535
40534,0.059766933
40535,0.04975807
40536,0.077680185
40537,0.041507393
40538,0.08242813
40539,0.087056525
40540,0.022785706
40541,0.103092946
40542,0.19512206
40543,0.014260525
40544,0.982732
40545,0.98192674
40546,0.7043145
40547,0.02897125
40548,0.17017676
40549,0.41189668
40550,0.12739938
40551,0.04417108
40552,0.007526095
40553,0.039023336
40554,0.04003533
40555,0.036901042
40556,0.008108367
40557,0.44502708
40558,0.030169599
40559,0.020686448
40560,0.07345853
40561,0.049724754
40562,0.04213329
40563,0.016725158
40564,0.20882714
40565,0.051619537
40566,0.18959382
40567,0.06556488
40568,0.10405263
40569,0.982732
40570,0.87062985
40571,0.3890766
40572,0.03370143
40573,0.022679787
40574,0.008108367
40575,0.52909905
40576,0.04841042
40577,0.2561233
40578,0.04293542
40579,0.12195706
40580,0.11039654
40581,0.08115578
40582,0.07656452
40583,0.22907604
40584,0.384141
40585,0.6986421
40586,0.10858792
40587,0.10833422
40588,0.026508277
40589,0.042343203
40590,0.050856616
40591,0.06565378
40592,0.0335916
40593,0.02330162
40594,0.10334874
40595,0.110523336
40596,0.035210695
40597,0.046246205
40598,0.02156159
40599,0.8958766
40600,0.9788297
40601,0.982732
40602,0.04228746
40603,0.09822324
40604,0.011138402
40605,0.36912033
40606,0.021154962
40607,0.0113376565
40608,0.009241009
40609,0.039474115
40610,0.048591077
40611,0.27987188
40612,0.98091376
40613,0.02739749
40614,0.049157012
40615,0.033089
40616,0.093184054
40617,0.033357527
40618,0.09093429
40619,0.051183034
40620,0.041217502
40621,0.10078604
40622,0.04291332
40623,0.078349516
40624,0.017437452
40625,0.25478473
40626,0.16685888
40627,0.11639399
40628,0.029361755
40629,0.018326713
40630,0.0202472
40631,0.02230854
40632,0.09140768
40633,0.014678329
40634,0.017924074
40635,0.04666531
40636,0.0059079533
40637,0.015851377
40638,0.036385804
40639,0.049261346
40640,0.12964088
40641,0.36771756
40642,0.09266719
40643,0.07572209
40644,0.11882352
40645,0.10490973
40646,0.101469375
40647,0.8804594
40648,0.056976873
40649,0.022721073
40650,0.03482894
40651,0.19386306
40652,0.10601107
40653,0.21238396
40654,0.3482181
40655,0.1407073
40656,0.09421758
40657,0.9816373
40658,0.14734828
40659,0.013836978
40660,0.07576532
40661,0.15335685
40662,0.0062534795
40663,0.011071923
40664,0.61445636
40665,0.017851152
40666,0.01436602
40667,0.0104492465
40668,0.0379366
40669,0.0856203
40670,0.26149207
40671,0.25352684
40672,0.17420915
40673,0.16007645
40674,0.093746156
40675,0.09786732
40676,0.21036978
40677,0.08680471
40678,0.105999604
40679,0.046051566
40680,0.47402355
40681,0.23077308
40682,0.018765455
40683,0.3027171
40684,0.2645766
40685,0.052248705
40686,0.07549961
40687,0.053827748
40688,0.03946608
40689,0.012956305
40690,0.02156159
40691,0.046449557
40692,0.05781373
40693,0.07810835
40694,0.08805093
40695,0.3274981
40696,0.71437335
40697,0.14135188
40698,0.20705438
40699,0.36091316
40700,0.09821156
40701,0.017427603
40702,0.045372784
40703,0.067034155
40704,0.14278683
40705,0.22713888
40706,0.059436515
40707,0.0065657855
40708,0.015101453
40709,0.13614713
40710,0.0061792475
40711,0.023285065
40712,0.019314399
40713,0.0072229044
40714,0.016972987
40715,0.015245201
40716,0.01165086
40717,0.013676913
40718,0.019973854
40719,0.013175122
40720,0.049611717
40721,0.1876783
40722,0.09501026
40723,0.15862921
40724,0.43851325
40725,0.43631148
40726,0.21179347
40727,0.12054631
40728,0.056195747
40729,0.016332952
40730,0.04660462
40731,0.06696684
40732,0.9812535
40733,0.03763813
40734,0.023299083
40735,0.038269795
40736,0.023477342
40737,0.12102556
40738,0.05701514
40739,0.030318798
40740,0.015802044
40741,0.029851487
40742,0.011154313
40743,0.046166394
40744,0.053627454
40745,0.48519453
40746,0.22887805
40747,0.22071773
40748,0.9797743
40749,0.20032416
40750,0.31257355
40751,0.1528013
40752,0.02843581
40753,0.0068370798
40754,0.018443089
40755,0.026817733
40756,0.06927833
40757,0.34622794
40758,0.13394853
40759,0.19168343
40760,0.020087862
40761,0.0962294
40762,0.065680005
40763,0.09754757
40764,0.1308876
40765,0.062985435
40766,0.022785706
40767,0.011590558
40768,0.07923331
40769,0.9801085
40770,0.1795889
40771,0.9486661
40772,0.41754398
40773,0.10304831
40774,0.09284793
40775,0.062028714
40776,0.023290377
40777,0.012780365
40778,0.06548487
40779,0.009515212
40780,0.022785706
40781,0.07584716
40782,0.06074528
40783,0.03370205
40784,0.111041725
40785,0.018992078
40786,0.031468514
40787,0.21209905
40788,0.021387659
40789,0.05164499
40790,0.194475
40791,0.0059079533
40792,0.006068017
40793,0.06228174
40794,0.10635439
40795,0.064263895
40796,0.17962134
40797,0.124342345
40798,0.039502434
40799,0.047119893
40800,0.063894294
40801,0.076337084
40802,0.066061124
40803,0.008108367
40804,0.06696684
40805,0.00864203
40806,0.09207295
40807,0.01436602
40808,0.057617098
40809,0.033878937
40810,0.021852372
40811,0.018363116
40812,0.13527381
40813,0.21598765
40814,0.88064444
40815,0.2300596
40816,0.0059079533
40817,0.07548669
40818,0.02238306
40819,0.058734603
40820,0.09428767
40821,0.0059079533
40822,0.025413308
40823,0.01644897
40824,0.009053854
40825,0.015065528
40826,0.07167851
40827,0.043701597
40828,0.28821972
40829,0.012233448
40830,0.014016953
40831,0.012354501
40832,0.048303984
40833,0.07061132
40834,0.37447616
40835,0.30310833
40836,0.0059079533
40837,0.20356086
40838,0.010434684
40839,0.011872472
40840,0.055385057
40841,0.17885855
40842,0.031991977
40843,0.15901159
40844,0.0059079533
40845,0.095666684
40846,0.05013659
40847,0.029285828
40848,0.020256093
40849,0.010193373
40850,0.051875923
40851,0.2946125
40852,0.017579846
40853,0.011490797
40854,0.01479788
40855,0.030754298
40856,0.034379426
40857,0.21403165
40858,0.04564102
40859,0.13941407
40860,0.059208695
40861,0.022800686
40862,0.035473723
40863,0.020761447
40864,0.2814482
40865,0.08870797
40866,0.1405873
40867,0.007948304
40868,0.0246418
40869,0.033247035
40870,0.008264919
40871,0.41026133
40872,0.88064444
40873,0.089948885
40874,0.1199003
40875,0.006637161
40876,0.09351936
40877,0.07711119
40878,0.06948533
40879,0.0952331
40880,0.068303995
40881,0.09755435
40882,0.9816373
40883,0.09788482
40884,0.0146779185
40885,0.06337521
40886,0.050446935
40887,0.007948304
40888,0.034432873
40889,0.10574638
40890,0.3303688
40891,0.006491557
40892,0.23007083
40893,0.168271
40894,0.026540257
40895,0.05857955
40896,0.01080063
40897,0.04806698
40898,0.05373902
40899,0.08150127
40900,0.013108551
40901,0.04954316
40902,0.0059079533
40903,0.19510792
40904,0.048174813
40905,0.05263472
40906,0.02031696
40907,0.02470219
40908,0.039020274
40909,0.07984777
40910,0.019314399
40911,0.00844808
40912,0.98011404
40913,0.074677095
40914,0.04770717
40915,0.049948376
40916,0.033015773
40917,0.03578019
40918,0.007777708
40919,0.013844013
40920,0.0146779185
40921,0.25632307
40922,0.0059079533
40923,0.0065132515
40924,0.007526095
40925,0.19956599
40926,0.008365654
40927,0.095628105
40928,0.044728484
40929,0.0368643
40930,0.21629323
40931,0.0059079533
40932,0.023079144
40933,0.01479788
40934,0.012509631
40935,0.029433385
40936,0.117972046
40937,0.04346596
40938,0.012233448
40939,0.013558051
40940,0.03136598
40941,0.085936844
40942,0.063469484
40943,0.025736997
40944,0.019402727
40945,0.016033411
40946,0.06172015
40947,0.014016953
40948,0.06748283
40949,0.11928452
40950,0.14705978
40951,0.006397232
40952,0.014830164
40953,0.046494566
40954,0.032959696
40955,0.08115578
40956,0.01758938
40957,0.13165252
40958,0.29757547
40959,0.018037323
40960,0.0059079533
40961,0.012584639
40962,0.027422303
40963,0.045845404
40964,0.029674537
40965,0.032079224
40966,0.012514564
40967,0.02969494
40968,0.10049874
40969,0.03901102
40970,0.029101882
40971,0.00684272
40972,0.016465645
40973,0.03936862
40974,0.33858612
40975,0.04404223
40976,0.00894926
40977,0.044949103
40978,0.041142583
40979,0.014473606
40980,0.009780005
40981,0.112317085
40982,0.007948304
40983,0.110854656
40984,0.006993964
40985,0.1441669
40986,0.015920091
40987,0.0597495
40988,0.008457003
40989,0.00864203
40990,0.022192199
40991,0.14274193
40992,0.100806355
40993,0.19025907
40994,0.011154313
40995,0.05296232
40996,0.029239828
40997,0.043194424
40998,0.33157638
40999,0.21686138
41000,0.07597825
41001,0.036517844
41002,0.022015812
41003,0.03924143
41004,0.050426897
41005,0.028629368
41006,0.042343203
41007,0.040948797
41008,0.16493024
41009,0.040287543
41010,0.011049642
41011,0.26140305
41012,0.13254984
41013,0.021886298
41014,0.043769617
41015,0.14153296
41016,0.21397623
41017,0.08553711
41018,0.06843978
41019,0.030190056
41020,0.014332003
41021,0.13036522
41022,0.026779719
41023,0.71760994
41024,0.12658793
41025,0.10792631
41026,0.10654129
41027,0.014637316
41028,0.036475725
41029,0.0163134
41030,0.0102062365
41031,0.31940252
41032,0.40954456
41033,0.04074194
41034,0.079882495
41035,0.01230187
41036,0.12993985
41037,0.22943142
41038,0.006491557
41039,0.012999182
41040,0.025470572
41041,0.09064069
41042,0.17414418
41043,0.09667515
41044,0.18326083
41045,0.33665892
41046,0.16793397
41047,0.3478233
41048,0.065537795
41049,0.084750205
41050,0.011161283
41051,0.042736676
41052,0.107373856
41053,0.0833715
41054,0.0872711
41055,0.034683354
41056,0.02843581
41057,0.016457027
41058,0.06826705
41059,0.16051002
41060,0.059493415
41061,0.037430737
41062,0.10632809
41063,0.042320758
41064,0.025836973
41065,0.024319027
41066,0.25049856
41067,0.25342864
41068,0.04628772
41069,0.0146779185
41070,0.20251855
41071,0.16136883
41072,0.107320644
41073,0.18054578
41074,0.33576587
41075,0.07380852
41076,0.040423747
41077,0.06341562
41078,0.014999852
41079,0.02158819
41080,0.08734905
41081,0.17878383
41082,0.37030098
41083,0.011381702
41084,0.04914567
41085,0.059616845
41086,0.019697672
41087,0.03401275
41088,0.26181123
41089,0.03416063
41090,0.059086584
41091,0.03844102
41092,0.122630455
41093,0.38491866
41094,0.15093464
41095,0.01705368
41096,0.018284544
41097,0.03704971
41098,0.09726251
41099,0.11984528
41100,0.163242
41101,0.14163807
41102,0.11512137
41103,0.023177244
41104,0.07234927
41105,0.048264384
41106,0.046599578
41107,0.03391856
41108,0.16617094
41109,0.08007688
41110,0.07720545
41111,0.0059079533
41112,0.044810172
41113,0.0274357
41114,0.029908238
41115,0.03975306
41116,0.005990895
41117,0.025220241
41118,0.019902395
41119,0.05762257
41120,0.62951946
41121,0.38673118
41122,0.025836973
41123,0.014909849
41124,0.08940415
41125,0.048469324
41126,0.0060758763
41127,0.07377892
41128,0.013836978
41129,0.030960117
41130,0.23313548
41131,0.0059079533
41132,0.041202035
41133,0.052921485
41134,0.03662041
41135,0.047802746
41136,0.08831813
41137,0.16668968
41138,0.087403305
41139,0.04099346
41140,0.019824214
41141,0.012840288
41142,0.04897839
41143,0.022474796
41144,0.3539939
41145,0.02593486
41146,0.38547143
41147,0.10297213
41148,0.035330333
41149,0.021511618
41150,0.040169112
41151,0.050094616
41152,0.018037323
41153,0.01705368
41154,0.06471406
41155,0.039235633
41156,0.06344729
41157,0.061928865
41158,0.073481254
41159,0.0929509
41160,0.27540383
41161,0.09835438
41162,0.019961309
41163,0.08253489
41164,0.021488324
41165,0.012142234
41166,0.17509124
41167,0.013203905
41168,0.068494394
41169,0.030852173
41170,0.047322303
41171,0.0072701448
41172,0.04084121
41173,0.017427603
41174,0.15849549
41175,0.048857894
41176,0.012540594
41177,0.008365654
41178,0.025667518
41179,0.05094127
41180,0.061597805
41181,0.08078827
41182,0.06297374
41183,0.190456
41184,0.0836043
41185,0.19215748
41186,0.011497721
41187,0.09920709
41188,0.03236429
41189,0.031123668
41190,0.05222082
41191,0.006914348
41192,0.029861506
41193,0.007417507
41194,0.06798428
41195,0.011490797
41196,0.06902244
41197,0.007302521
41198,0.049336832
41199,0.051597867
41200,0.17599568
41201,0.040171523
41202,0.090819165
41203,0.7014154
41204,0.05896108
41205,0.06590911
41206,0.059033528
41207,0.053314082
41208,0.0467168
41209,0.08907096
41210,0.04768824
41211,0.009515212
41212,0.22715148
41213,0.039659902
41214,0.030464793
41215,0.0686053
41216,0.04630051
41217,0.0059079533
41218,0.044890624
41219,0.39017266
41220,0.07102534
41221,0.025220241
41222,0.07256964
41223,0.9684142
41224,0.07227695
41225,0.012780365
41226,0.05289017
41227,0.034116585
41228,0.15975259
41229,0.33285883
41230,0.0711921
41231,0.023609316
41232,0.043753635
41233,0.06844957
41234,0.10935081
41235,0.09659298
41236,0.05822881
41237,0.09790037
41238,0.0202472
41239,0.011921267
41240,0.021488324
41241,0.033396564
41242,0.082125455
41243,0.04357498
41244,0.029893707
41245,0.07914155
41246,0.1238629
41247,0.294669
41248,0.07188334
41249,0.017877258
41250,0.057405774
41251,0.110098235
41252,0.22734295
41253,0.04897839
41254,0.057923105
41255,0.009053854
41256,0.027298633
41257,0.523226
41258,0.11810237
41259,0.41072857
41260,0.060907148
41261,0.0059079533
41262,0.009830222
41263,0.045344446
41264,0.032547202
41265,0.17825398
41266,0.16965102
41267,0.035507124
41268,0.07502574
41269,0.12842627
41270,0.09431626
41271,0.08648237
41272,0.16525464
41273,0.19775927
41274,0.06272441
41275,0.034116585
41276,0.12931493
41277,0.027027413
41278,0.12666075
41279,0.7275607
41280,0.025485326
41281,0.2777928
41282,0.02067635
41283,0.13923779
41284,0.011497721
41285,0.06168293
41286,0.044960648
41287,0.0059079533
41288,0.0230988
41289,0.54317045
41290,0.041505735
41291,0.05640764
41292,0.23725243
41293,0.105835244
41294,0.13509284
41295,0.2633656
41296,0.21409519
41297,0.020923125
41298,0.120148554
41299,0.107139036
41300,0.057844434
41301,0.9790602
41302,0.3501272
41303,0.3572969
41304,0.039720517
41305,0.20000798
41306,0.04634831
41307,0.006553842
41308,0.017592555
41309,0.06657773
41310,0.061340302
41311,0.021767879
41312,0.03370205
41313,0.056641214
41314,0.046740036
41315,0.09327151
41316,0.0994481
41317,0.02329148
41318,0.035326544
41319,0.16109459
41320,0.015802044
41321,0.08336692
41322,0.982732
41323,0.9556259
41324,0.6256737
41325,0.10298006
41326,0.48400876
41327,0.1381036
41328,0.04189366
41329,0.035507124
41330,0.04218314
41331,0.037672836
41332,0.008108367
41333,0.37199736
41334,0.016885225
41335,0.034714855
41336,0.08406389
41337,0.03368186
41338,0.006491557
41339,0.021199308
41340,0.20256853
41341,0.049697604
41342,0.020087862
41343,0.09784454
41344,0.09899804
41345,0.04510767
41346,0.982732
41347,0.87062985
41348,0.5343327
41349,0.038108807
41350,0.022893293
41351,0.008108367
41352,0.5438907
41353,0.036001947
41354,0.33100757
41355,0.057883363
41356,0.10725601
41357,0.013170684
41358,0.061094433
41359,0.07087426
41360,0.080502175
41361,0.18894464
41362,0.36913893
41363,0.6986421
41364,0.12016731
41365,0.10624528
41366,0.03280166
41367,0.016343633
41368,0.052229747
41369,0.06266226
41370,0.049554534
41371,0.02031321
41372,0.118253015
41373,0.12526321
41374,0.009354247
41375,0.0921517
41376,0.021703504
41377,0.97908103
41378,0.9788297
41379,0.982732
41380,0.050161187
41381,0.07198159
41382,0.52800614
41383,0.020979216
41384,0.019120283
41385,0.021703504
41386,0.046068493
41387,0.030751247
41388,0.28180516
41389,0.98091376
41390,0.03251006
41391,0.045287974
41392,0.034129735
41393,0.08338807
41394,0.050995354
41395,0.10090101
41396,0.052018244
41397,0.045106214
41398,0.059284914
41399,0.113694854
41400,0.15118882
41401,0.03291504
41402,0.22816887
41403,0.2572548
41404,0.084809415
41405,0.049721804
41406,0.014827396
41407,0.035598304
41408,0.087239996
41409,0.017579846
41410,0.017037468
41411,0.024231963
41412,0.0163134
41413,0.013170684
41414,0.02674415
41415,0.05728365
41416,0.14420399
41417,0.48237586
41418,0.08919409
41419,0.10785102
41420,0.10297213
41421,0.09591589
41422,0.106351
41423,0.6256737
41424,0.05373902
41425,0.028167237
41426,0.08852495
41427,0.1263232
41428,0.23230717
41429,0.48538193
41430,0.12179723
41431,0.07585408
41432,0.9816373
41433,0.1622045
41434,0.013836978
41435,0.10931932
41436,0.20682243
41437,0.008770639
41438,0.039566632
41439,0.7336699
41440,0.039422132
41441,0.01564198
41442,0.012796243
41443,0.014909849
41444,0.093012616
41445,0.2389526
41446,0.18286659
41447,0.18334785
41448,0.11848936
41449,0.069304034
41450,0.111152805
41451,0.24677846
41452,0.0225722
41453,0.15159899
41454,0.049769074
41455,0.008102728
41456,0.6093978
41457,0.23364514
41458,0.008688459
41459,0.29979956
41460,0.33665273
41461,0.044209193
41462,0.072869524
41463,0.12691702
41464,0.012956305
41465,0.01436602
41466,0.03507479
41467,0.055640362
41468,0.072453156
41469,0.07267157
41470,0.27260333
41471,0.68700624
41472,0.2880207
41473,0.17611735
41474,0.36091316
41475,0.09084903
41476,0.0068338993
41477,0.07676224
41478,0.10202968
41479,0.120165035
41480,0.20462893
41481,0.05467275
41482,0.029239828
41483,0.013981591
41484,0.0905204
41485,0.03401763
41486,0.019747032
41487,0.007948304
41488,0.008562842
41489,0.008974238
41490,0.01705368
41491,0.0073660305
41492,0.01165086
41493,0.013397987
41494,0.020696975
41495,0.014744901
41496,0.04357498
41497,0.17498204
41498,0.1213948
41499,0.13950354
41500,0.43851325
41501,0.38635167
41502,0.20753323
41503,0.12696935
41504,0.061999243
41505,0.057405774
41506,0.009830222
41507,0.041025985
41508,0.9812535
41509,0.042768102
41510,0.03428777
41511,0.023257405
41512,0.13275278
41513,0.0368643
41514,0.015802044
41515,0.010203551
41516,0.012700657
41517,0.016893616
41518,0.030732777
41519,0.051840313
41520,0.5344943
41521,0.23209494
41522,0.21339972
41523,0.9797743
41524,0.22617315
41525,0.3789413
41526,0.14538717
41527,0.03448484
41528,0.02843581
41529,0.006444718
41530,0.009663152
41531,0.038876217
41532,0.037111424
41533,0.36006576
41534,0.044141468
41535,0.27175757
41536,0.02330162
41537,0.14549929
41538,0.12444491
41539,0.08627813
41540,0.11934471
41541,0.055898756
41542,0.011773902
41543,0.07889375
41544,0.9801085
41545,0.18591751
41546,0.9486661
41547,0.36438465
41548,0.16034
41549,0.0764682
41550,0.051613476
41551,0.028262744
41552,0.00767834
41553,0.009515212
41554,0.02329148
41555,0.05749209
41556,0.09003987
41557,0.040271387
41558,0.15102959
41559,0.041224487
41560,0.33041838
41561,0.043194424
41562,0.009925953
41563,0.056732684
41564,0.2235304
41565,0.013170684
41566,0.006068017
41567,0.11258061
41568,0.10742307
41569,0.06082245
41570,0.20582788
41571,0.10509492
41572,0.08625596
41573,0.022785706
41574,0.040546577
41575,0.10118629
41576,0.035177484
41577,0.008108367
41578,0.07955427
41579,0.00864203
41580,0.034654856
41581,0.03435242
41582,0.049685497
41583,0.026959818
41584,0.02228982
41585,0.0070729037
41586,0.04405393
41587,0.16411676
41588,0.20408863
41589,0.88064444
41590,0.25148982
41591,0.01644897
41592,0.006353187
41593,0.006491557
41594,0.012233448
41595,0.039422132
41596,0.107164316
41597,0.010737743
41598,0.025413308
41599,0.0059079533
41600,0.009053854
41601,0.011085925
41602,0.0688023
41603,0.046391692
41604,0.27799177
41605,0.012233448
41606,0.014016953
41607,0.010904908
41608,0.04795964
41609,0.050590966
41610,0.41750917
41611,0.3210691
41612,0.0059079533
41613,0.22449498
41614,0.023524176
41615,0.0115821455
41616,0.053715743
41617,0.15128213
41618,0.04768824
41619,0.20794265
41620,0.011022383
41621,0.024221778
41622,0.009830222
41623,0.0800146
41624,0.043582503
41625,0.017775059
41626,0.020256093
41627,0.017459067
41628,0.028943848
41629,0.35416058
41630,0.041734677
41631,0.012780365
41632,0.0059079533
41633,0.021155642
41634,0.073457815
41635,0.2653306
41636,0.045733735
41637,0.11845466
41638,0.048967574
41639,0.0059079533
41640,0.05412089
41641,0.045145478
41642,0.020761447
41643,0.30559945
41644,0.17742598
41645,0.012117429
41646,0.028510321
41647,0.023879973
41648,0.0059079533
41649,0.42997772
41650,0.88064444
41651,0.10338256
41652,0.17314073
41653,0.014186798
41654,0.092854336
41655,0.03221037
41656,0.0835611
41657,0.051198047
41658,0.08344314
41659,0.16036676
41660,0.9816373
41661,0.03631281
41662,0.008225945
41663,0.044960648
41664,0.073465265
41665,0.33048564
41666,0.012656993
41667,0.24275024
41668,0.21508609
41669,0.01436602
41670,0.055755947
41671,0.011490797
41672,0.01874475
41673,0.051774006
41674,0.10401902
41675,0.014830164
41676,0.050100323
41677,0.016979415
41678,0.23494421
41679,0.0724985
41680,0.06532864
41681,0.013184788
41682,0.0061364365
41683,0.059303124
41684,0.06654503
41685,0.020592524
41686,0.98011404
41687,0.013203914
41688,0.11474901
41689,0.034836583
41690,0.03989507
41691,0.028789572
41692,0.01429314
41693,0.007948304
41694,0.0146779185
41695,0.202415
41696,0.017459067
41697,0.005990895
41698,0.20691632
41699,0.06461843
41700,0.03150525
41701,0.0486874
41702,0.24890071
41703,0.008219598
41704,0.046528425
41705,0.251004
41706,0.046760306
41707,0.012233448
41708,0.0068338993
41709,0.062212955
41710,0.13504818
41711,0.009679356
41712,0.0621055
41713,0.0231607
41714,0.029137406
41715,0.103461206
41716,0.1279434
41717,0.011497721
41718,0.011497721
41719,0.006637161
41720,0.0113376565
41721,0.015065528
41722,0.0059079533
41723,0.009830222
41724,0.019902395
41725,0.03296277
41726,0.019402727
41727,0.08831123
41728,0.15844382
41729,0.24953455
41730,0.018037323
41731,0.01652892
41732,0.006353187
41733,0.006637161
41734,0.016177662
41735,0.020310422
41736,0.006683093
41737,0.012780365
41738,0.008525718
41739,0.030509386
41740,0.014625441
41741,0.021507982
41742,0.013836978
41743,0.10530409
41744,0.048890814
41745,0.024786016
41746,0.063626185
41747,0.0059079533
41748,0.42997772
41749,0.062635794
41750,0.02947093
41751,0.06193826
41752,0.029108386
41753,0.020499734
41754,0.057272367
41755,0.0090795485
41756,0.13307028
41757,0.14753543
41758,0.016040016
41759,0.010737743
41760,0.0059079533
41761,0.029706044
41762,0.006068017
41763,0.02156159
41764,0.021703504
41765,0.11673739
41766,0.077426024
41767,0.026122287
41768,0.25169468
41769,0.014561901
41770,0.025655784
41771,0.03674828
41772,0.03437201
41773,0.32101083
41774,0.14243984
41775,0.0059079533
41776,0.08403883
41777,0.018037323
