Index,demand
0,0.03496146
1,0.028803902
2,0.026340865
3,0.042193186
4,0.07977757
5,0.013074
6,0.029111402
7,0.14742889
8,0.028032131
9,0.058573183
10,0.030873043
11,0.24099761
12,0.18395317
13,0.03213591
14,0.13938738
15,0.0896864
16,0.15189418
17,0.036508176
18,0.079908036
19,0.035947066
20,0.013252556
21,0.021899708
22,0.10029283
23,0.026665436
24,0.45182216
25,0.12930764
26,0.029648203
27,0.0785537
28,0.05150929
29,0.012907774
30,0.022158254
31,0.039204657
32,0.029996464
33,0.105284244
34,0.21587518
35,0.49347645
36,0.060616925
37,0.037951574
38,0.077253185
39,0.13139613
40,0.011678669
41,0.019063342
42,0.015474083
43,0.038294137
44,0.030775571
45,0.05699349
46,0.061789174
47,0.42478824
48,0.09218119
49,0.10813477
50,0.27884337
51,0.053791497
52,0.020776173
53,0.19052209
54,0.012690822
55,0.049092747
56,0.12141182
57,0.029945128
58,0.03919887
59,0.035450175
60,0.020397112
61,0.0673511
62,0.06279932
63,0.05193164
64,0.027196264
65,0.38938218
66,0.02834016
67,0.03829419
68,0.05061669
69,0.0639506
70,0.02483336
71,0.035816632
72,0.0099038
73,0.03206108
74,0.05676709
75,0.023700776
76,0.04793397
77,0.10136624
78,0.15287402
79,0.09354464
80,0.036735028
81,0.013404339
82,0.015165532
83,0.06143268
84,0.0789742
85,0.04672431
86,0.13446623
87,0.4414212
88,0.08081101
89,0.026104694
90,0.020973329
91,0.07134081
92,0.06047495
93,0.11424496
94,0.15544832
95,0.016576344
96,0.013432925
97,0.031376746
98,0.011841273
99,0.01097562
100,0.030678807
101,0.02586589
102,0.027370749
103,0.14560622
104,0.052581087
105,0.032856062
106,0.029787267
107,0.07944062
108,0.5069047
109,0.044024162
110,0.017607212
111,0.015275501
112,0.039455716
113,0.04778757
114,0.02310741
115,0.12227075
116,0.15599178
117,0.1220201
118,0.12444117
119,0.056171212
120,0.025146205
121,0.033165727
122,0.035297357
123,0.04497527
124,0.009237757
125,0.048041232
126,0.051220346
127,0.20660959
128,0.01600257
129,0.04201855
130,0.03665439
131,0.02025872
132,0.029398657
133,0.031841755
134,0.049643483
135,0.024097567
136,0.06834924
137,0.12535094
138,0.24724312
139,0.036081687
140,0.042578425
141,0.10231092
142,0.07163925
143,0.015253953
144,0.10923976
145,0.02423896
146,0.012673344
147,0.028165132
148,0.11382099
149,0.027853355
150,0.024712775
151,0.03372576
152,0.0599769
153,0.081824616
154,0.1430971
155,0.12632681
156,0.23173267
157,0.071985655
158,0.048020303
159,0.014314137
160,0.05720669
161,0.050311908
162,0.08138613
163,0.041599885
164,0.6328417
165,0.13294259
166,0.02695739
167,0.13329406
168,0.06404441
169,0.052880436
170,0.017084317
171,0.025773585
172,0.0113551635
173,0.04571029
174,0.019213462
175,0.024050277
176,0.07746517
177,0.047471754
178,0.09248697
179,0.07131233
180,0.12928623
181,0.23672153
182,0.42473298
183,0.06872336
184,0.022448022
185,0.0814367
186,0.018790623
187,0.057097193
188,0.010836236
189,0.053816725
190,0.03867576
191,0.14382298
192,0.034733057
193,0.12083588
194,0.046094682
195,0.060521945
196,0.017696017
197,0.019064536
198,0.12458621
199,0.03395155
200,0.070156306
201,0.0347836
202,0.012280248
203,0.04305335
204,0.029683465
205,0.062308516
206,0.09228682
207,0.13582666
208,0.12433257
209,0.16088912
210,0.1381181
211,0.12966803
212,0.014714083
213,0.10788102
214,0.054849654
215,0.011720182
216,0.033889543
217,0.0976047
218,0.059341144
219,0.024522703
220,0.049864214
221,0.028899852
222,0.013370055
223,0.06044277
224,0.10796506
225,0.035783697
226,0.07605054
227,0.019259652
228,0.03212275
229,0.054461956
230,0.042000778
231,0.058585126
232,0.06554338
233,0.13832647
234,0.2836126
235,0.13054241
236,0.13484481
237,0.07416364
238,0.085323125
239,0.089588664
240,0.10085958
241,0.069114976
242,0.021118209
243,0.25780213
244,0.060794372
245,0.10501129
246,0.06018589
247,0.10877464
248,0.019136548
249,0.031893846
250,0.011691868
251,0.019266376
252,0.03299191
253,0.037396498
254,0.12999827
255,0.06643806
256,0.057568915
257,0.13527326
258,0.4883573
259,0.12117333
260,0.016841112
261,0.2244966
262,0.069532685
263,0.37306845
264,0.16315067
265,0.08081844
266,0.02102105
267,0.051611688
268,0.025672445
269,0.097695746
270,0.23994955
271,0.059484825
272,0.36195615
273,0.12009929
274,0.08825872
275,0.016066322
276,0.029313304
277,0.055575177
278,0.08506586
279,0.016370278
280,0.1385132
281,0.2531158
282,0.14114913
283,0.081291005
284,0.04053534
285,0.12797506
286,0.1800852
287,0.24831487
288,0.08193645
289,0.07209043
290,0.023191914
291,0.045114566
292,0.5288795
293,0.033713315
294,0.06068225
295,0.25923157
296,0.25988063
297,0.01850146
298,0.017560175
299,0.05087585
300,0.05593728
301,0.14463016
302,0.24211879
303,0.10768631
304,0.11678673
305,0.24843101
306,0.24302055
307,0.14962222
308,0.2605019
309,0.3755472
310,0.098907374
311,0.019063931
312,0.05652071
313,0.08882554
314,0.057307865
315,0.20597531
316,0.7891598
317,0.038394276
318,0.04969111
319,0.3800016
320,0.01653522
321,0.052166674
322,0.26739338
323,0.025045594
324,0.051441036
325,0.082930736
326,0.017406054
327,0.05159092
328,0.15020448
329,0.050201725
330,0.10505646
331,0.15732943
332,0.15521364
333,0.26965278
334,0.25567475
335,0.15653767
336,0.025020022
337,0.24294785
338,0.21528204
339,0.12870216
340,0.7038516
341,0.42267743
342,0.31720287
343,0.02820423
344,0.15154238
345,0.042395964
346,0.03113689
347,0.014349473
348,0.018739752
349,0.07169687
350,0.011854019
351,0.012030532
352,0.0310628
353,0.070878536
354,0.12245656
355,0.11726274
356,0.13662143
357,0.09777831
358,0.15016705
359,0.11229508
360,0.029548462
361,0.12570472
362,0.24291849
363,0.016032306
364,0.047974464
365,0.6753572
366,0.83996564
367,0.433089
368,0.011036185
369,0.027904542
370,0.019665353
371,0.063002005
372,0.27150124
373,0.07033299
374,0.025566936
375,0.095236205
376,0.028655916
377,0.060197476
378,0.09329253
379,0.0688366
380,0.01383399
381,0.25344983
382,0.016731739
383,0.03243774
384,0.13670418
385,0.13534737
386,0.085637294
387,0.060501903
388,0.10902615
389,0.07038965
390,0.02672904
391,0.12518355
392,0.09814127
393,0.09700837
394,0.67336154
395,0.8704694
396,0.42830172
397,0.05707484
398,0.03654177
399,0.0861899
400,0.10931798
401,0.2569689
402,0.044322092
403,0.09449221
404,0.031883005
405,0.057242483
406,0.13347425
407,0.24564543
408,0.102115855
409,0.5141472
410,0.2551646
411,0.1374411
412,0.14380941
413,0.101889625
414,0.06705391
415,0.12423226
416,0.050105784
417,0.039059002
418,0.029062312
419,0.12867862
420,0.12536392
421,0.06475991
422,0.07597393
423,0.026605496
424,0.7985811
425,0.98653674
426,0.9310872
427,0.073571526
428,0.04119121
429,0.22941305
430,0.1459887
431,0.03177082
432,0.01185732
433,0.021174328
434,0.021689152
435,0.045566898
436,0.12627801
437,0.057260003
438,0.38466024
439,0.5083542
440,0.08745141
441,0.12791726
442,0.11748213
443,0.24767955
444,0.08999512
445,0.22858852
446,0.099964105
447,0.032878175
448,0.10332164
449,0.11795746
450,0.11771131
451,0.045604255
452,0.024493186
453,0.32613513
454,0.3974879
455,0.1364517
456,0.06825655
457,0.027604818
458,0.21411136
459,0.067632
460,0.2646498
461,0.030279983
462,0.051181562
463,0.052715063
464,0.027577896
465,0.030593315
466,0.047121692
467,0.052181233
468,0.24768683
469,0.6651764
470,0.42080075
471,0.39423364
472,0.13761218
473,0.1843392
474,0.24434644
475,0.45404884
476,0.070678964
477,0.030863285
478,0.031798862
479,0.04034073
480,0.23305123
481,0.17582624
482,0.08344374
483,0.2717412
484,0.27069554
485,0.24053107
486,1.0
487,0.12207719
488,0.02849232
489,0.1282229
490,0.23594327
491,0.02140796
492,0.050292287
493,0.35459968
494,0.009911932
495,0.072642505
496,0.057029665
497,0.04282451
498,0.0580759
499,0.23457281
500,0.39223874
501,0.42130157
502,0.5586169
503,0.4052653
504,0.1510158
505,0.14372589
506,0.26146016
507,0.016854798
508,0.026936227
509,0.16750385
510,0.08974452
511,0.04759532
512,0.18854494
513,0.16445719
514,0.5090444
515,0.17660163
516,0.014587043
517,0.06884912
518,0.11145698
519,0.10603688
520,0.076442204
521,0.0142921
522,0.013709047
523,0.016846033
524,0.036679775
525,0.08226533
526,0.11204948
527,0.11994182
528,0.15983889
529,0.40405944
530,0.72709846
531,0.44863442
532,0.4032522
533,0.6110134
534,0.10937728
535,0.0196118
536,0.07006863
537,0.07124414
538,0.12850988
539,0.20152059
540,0.075400785
541,0.022932943
542,0.0645416
543,0.13830465
544,0.018037263
545,0.009556463
546,0.056113195
547,0.118254304
548,0.023172602
549,0.016439632
550,0.045977734
551,0.01877668
552,0.015188394
553,0.04288427
554,0.088954665
555,0.059576053
556,0.111176476
557,0.2696435
558,0.40051097
559,0.3562244
560,0.7710065
561,0.6614208
562,0.37143996
563,0.119954035
564,0.0502266
565,0.030140072
566,0.057076186
567,0.11533027
568,0.015627082
569,0.036875345
570,0.4362455
571,0.051327106
572,0.017900607
573,0.064135596
574,0.063053325
575,0.10182799
576,0.03987546
577,0.04907387
578,0.020547288
579,0.059380293
580,0.017638065
581,0.02281841
582,0.038653772
583,0.10688185
584,0.1276028
585,0.5330133
586,0.3725495
587,0.25361288
588,0.8193832
589,0.39721245
590,0.4515483
591,0.1606982
592,0.057896562
593,0.03231807
594,0.05508987
595,0.05345035
596,0.05395254
597,0.055234272
598,0.048832845
599,0.42236215
600,0.10129075
601,0.24992149
602,0.024396896
603,0.082776785
604,0.110889435
605,0.13502504
606,0.25224453
607,0.04677842
608,0.027760316
609,0.051550146
610,0.17218857
611,0.5144781
612,0.35882142
613,0.26359236
614,0.1484262
615,0.3594568
616,0.17731684
617,0.07824793
618,0.03608845
619,0.03748465
620,0.03171157
621,0.12093698
622,0.22645356
623,0.05958739
624,0.26588452
625,0.046145473
626,0.06508889
627,0.1791544
628,0.04605166
629,0.020462831
630,0.13611938
631,0.15920797
632,0.030457795
633,0.24541691
634,0.25963292
635,0.082829714
636,0.104687
637,0.031466946
638,0.08968944
639,0.082157634
640,0.031741194
641,0.1198341
642,0.21228701
643,0.053342104
644,0.019738533
645,0.012899112
646,0.12545832
647,0.0121170385
648,0.022784904
649,0.064949036
650,0.04076616
651,0.035328425
652,0.14300908
653,0.046688363
654,0.053336
655,0.014308958
656,0.056828056
657,0.1809117
658,0.3694989
659,0.4095079
660,0.031986177
661,0.027398301
662,0.024030544
663,0.02414383
664,0.05362046
665,0.016280273
666,0.065814056
667,0.14811315
668,0.01518954
669,0.024631446
670,0.015326011
671,0.025223007
672,0.10041929
673,0.12337953
674,0.2629103
675,0.019031104
676,0.017978987
677,0.04216362
678,0.10331053
679,0.11739795
680,0.25442123
681,0.058558036
682,0.018330274
683,0.0125439875
684,0.112282686
685,0.031952213
686,0.014722672
687,0.07681863
688,0.13295592
689,0.06402467
690,0.019718593
691,0.0146277705
692,0.27442965
693,0.028668875
694,0.03623494
695,0.23368068
696,0.08092512
697,0.04959941
698,0.021709004
699,0.04088032
700,0.08134954
701,0.37315387
702,0.046057887
703,0.022765208
704,0.038915843
705,0.058952685
706,0.063389726
707,0.13223553
708,0.060945455
709,0.16424242
710,0.0846944
711,0.02786461
712,0.05495189
713,0.060257927
714,0.029864302
715,0.15486291
716,0.038872212
717,0.016592648
718,0.09863737
719,0.01928226
720,0.11028976
721,0.061740678
722,0.016950916
723,0.27075297
724,0.54486287
725,0.21671231
726,0.056669272
727,0.09984374
728,0.04641359
729,0.094320685
730,0.091606975
731,0.09476143
732,0.66520554
733,0.07069791
734,0.016751843
735,0.10272132
736,0.075521044
737,0.063146405
738,0.14868855
739,0.43341425
740,0.07330145
741,0.12742554
742,0.022467805
743,0.034439236
744,0.03632529
745,0.109833665
746,0.039583813
747,0.009731223
748,0.02741213
749,0.059503224
750,0.04371167
751,0.035892613
752,0.046211436
753,0.02116794
754,0.108507775
755,0.042459235
756,0.03633708
757,0.015301834
758,0.04032157
759,0.07546004
760,0.13701622
761,0.01779474
762,0.055600863
763,0.4566691
764,0.06582234
765,0.114772186
766,0.03652498
767,0.05514324
768,0.0533816
769,0.17153366
770,0.031039111
771,0.016608078
772,0.013630143
773,0.051057667
774,0.12374052
775,0.020590529
776,0.21962056
777,0.042745344
778,0.027166383
779,0.054167885
780,0.25730386
781,0.023331262
782,0.016935391
783,0.01956901
784,0.062821254
785,0.036650706
786,0.24563538
787,0.066834405
788,0.010054881
789,0.015581849
790,0.06270575
791,0.13841832
792,0.105644196
793,0.06876726
794,0.049263254
795,0.030258304
796,0.049585458
797,0.06536708
798,0.23707688
799,0.113649964
800,0.0114221
801,0.041143756
802,0.013548186
803,0.01369805
804,0.020248223
805,0.013143463
806,0.017582742
807,0.012244807
808,0.016429026
809,0.01863194
810,0.025608214
811,0.022225086
812,0.038249046
813,0.05462069
814,0.11630117
815,0.009932402
816,0.012762201
817,0.101619564
818,0.16903816
819,0.038876668
820,0.035672396
821,0.014032182
822,0.028632946
823,0.02660553
824,0.013181571
825,0.014213026
826,0.009923102
827,0.014656675
828,0.012316116
829,0.012002119
830,0.050982863
831,0.031468656
832,0.018977076
833,0.01606016
834,0.011611568
835,0.015904104
836,0.010918983
837,0.07535985
838,0.043000735
839,0.06279013
840,0.011715802
841,0.030573092
842,0.01249687
843,0.08016804
844,0.012613285
845,0.012611194
846,0.012064488
847,0.093108416
848,0.05921966
849,0.05981536
850,0.078440346
851,0.010860948
852,0.105794676
853,0.03196179
854,0.018540401
855,0.04603353
856,0.0691574
857,0.12376535
858,0.027812203
859,0.031371757
860,0.02984018
861,0.02291763
862,0.01930589
863,0.0136572765
864,0.013182668
865,0.015580693
866,0.033014007
867,0.019544138
868,0.036348693
869,0.05547663
870,0.027453559
871,0.12912658
872,0.019991295
873,0.026496487
874,0.020271651
875,0.01705291
876,0.01705409
877,0.0607428
878,0.028425196
879,0.015219854
880,0.03712148
881,0.012392621
882,0.012995794
883,0.08010497
884,0.07742135
885,0.018777974
886,0.08546941
887,0.016261023
888,0.049828663
889,0.025211655
890,0.03455902
891,0.025444502
892,0.039648578
893,0.013074
894,0.026112314
895,0.028795542
896,0.029468255
897,0.117525175
898,0.030343924
899,0.04728959
900,0.09949087
901,0.11833757
902,0.18272343
903,0.02537149
904,0.03367542
905,0.15878056
906,0.05088805
907,0.40364093
908,0.046518926
909,0.09737736
910,0.04062222
911,0.010887462
912,0.013313336
913,0.17385477
914,0.027754394
915,0.46178883
916,0.10857092
917,0.029634945
918,0.10702421
919,0.039520226
920,0.026755426
921,0.02850389
922,0.022452388
923,0.023844702
924,0.10441596
925,0.11568978
926,0.09655529
927,0.4483992
928,0.03590497
929,0.04317183
930,0.027434085
931,0.055715475
932,0.1454695
933,0.015670728
934,0.039258897
935,0.030819394
936,0.05955491
937,0.0604855
938,0.44614136
939,0.0965241
940,0.07216433
941,0.42142278
942,0.048120737
943,0.43067935
944,0.012690822
945,0.042516224
946,0.12636209
947,0.031511206
948,0.029346691
949,0.036660712
950,0.02143631
951,0.073786564
952,0.08173033
953,0.051710196
954,0.027130898
955,0.041557346
956,0.29504052
957,0.028221894
958,0.025323061
959,0.043903455
960,0.04391379
961,0.0660075
962,0.028565796
963,0.03874669
964,0.034495577
965,0.03173479
966,0.023091802
967,0.048585773
968,0.11008408
969,0.13736054
970,0.012569477
971,0.008254715
972,0.01500091
973,0.09665591
974,0.20530833
975,0.011966452
976,0.04377982
977,0.14372444
978,0.26351914
979,0.07257345
980,0.04182485
981,0.021519326
982,0.018024195
983,0.009845047
984,0.05380005
985,0.014970047
986,0.059893735
987,0.22905159
988,0.2526482
989,0.023334987
990,0.028180683
991,0.011788582
992,0.01097562
993,0.023976684
994,0.03846179
995,0.13632777
996,0.021985969
997,0.07598386
998,0.027013283
999,0.02113023
1000,0.09215397
1001,0.5077179
1002,0.010376027
1003,0.038442954
1004,0.011847654
1005,0.015185512
1006,0.035024773
1007,0.053604625
1008,0.02090362
1009,0.09181512
1010,0.15191713
1011,0.11605343
1012,0.099557206
1013,0.055627882
1014,0.012138366
1015,0.03000988
1016,0.036120314
1017,0.038792137
1018,0.009237757
1019,0.04591338
1020,0.05719625
1021,0.20834385
1022,0.015389001
1023,0.041288313
1024,0.035414428
1025,0.022088613
1026,0.02936732
1027,0.033537634
1028,0.0451486
1029,0.017407006
1030,0.08469486
1031,0.1301487
1032,0.16859093
1033,0.042573836
1034,0.056522373
1035,0.06978728
1036,0.10864392
1037,0.061773658
1038,0.019821186
1039,0.09406499
1040,0.01566835
1041,0.028505342
1042,0.113404535
1043,0.029261582
1044,0.027800538
1045,0.03948343
1046,0.08015915
1047,0.09222257
1048,0.24273875
1049,0.2159905
1050,0.23334429
1051,0.07387335
1052,0.053810723
1053,0.02450438
1054,0.058711544
1055,0.05354068
1056,0.080580495
1057,0.042202674
1058,0.61486024
1059,0.12461847
1060,0.0133357
1061,0.12723044
1062,0.07323712
1063,0.054450456
1064,0.027793547
1065,0.023328904
1066,0.0121003315
1067,0.05338987
1068,0.022177493
1069,0.013005787
1070,0.02266821
1071,0.028734567
1072,0.09501588
1073,0.04834018
1074,0.091455065
1075,0.06817888
1076,0.12620178
1077,0.14323635
1078,0.40974653
1079,0.06765744
1080,0.031312473
1081,0.07967261
1082,0.01934651
1083,0.053563382
1084,0.029650576
1085,0.055862878
1086,0.030818652
1087,0.14607948
1088,0.066844895
1089,0.089930095
1090,0.040853508
1091,0.07448971
1092,0.03437547
1093,0.01687843
1094,0.014932223
1095,0.1247168
1096,0.012386402
1097,0.037732746
1098,0.078898214
1099,0.04467001
1100,0.012004017
1101,0.012966914
1102,0.030743025
1103,0.042237885
1104,0.062857404
1105,0.09795319
1106,0.13659346
1107,0.12477725
1108,0.15411349
1109,0.13316591
1110,0.14212665
1111,0.015527443
1112,0.10897857
1113,0.01407692
1114,0.05878304
1115,0.011632818
1116,0.031997617
1117,0.09320365
1118,0.048013933
1119,0.022905316
1120,0.050087456
1121,0.028693855
1122,0.013427579
1123,0.059479296
1124,0.12346215
1125,0.036706842
1126,0.06509065
1127,0.019140365
1128,0.039464768
1129,0.076087736
1130,0.01717925
1131,0.042188782
1132,0.062785104
1133,0.06899837
1134,0.13970368
1135,0.41659093
1136,0.13315685
1137,0.13049407
1138,0.07082777
1139,0.094756
1140,0.09071682
1141,0.10464987
1142,0.06221205
1143,0.022591295
1144,0.025954233
1145,0.2506445
1146,0.06355046
1147,0.09248638
1148,0.059482493
1149,0.084955186
1150,0.018779417
1151,0.02922103
1152,0.011616646
1153,0.031097706
1154,0.038364537
1155,0.13398196
1156,0.067274705
1157,0.06598789
1158,0.12951055
1159,0.5686998
1160,0.119979374
1161,0.019664954
1162,0.22633743
1163,0.07404441
1164,0.2705387
1165,0.25454035
1166,0.07770269
1167,0.052482367
1168,0.03341122
1169,0.089828834
1170,0.24088886
1171,0.056375023
1172,0.25832948
1173,0.09888385
1174,0.08694608
1175,0.017316813
1176,0.013167107
1177,0.018489754
1178,0.023082392
1179,0.079537265
1180,0.083665974
1181,0.02224676
1182,0.14109653
1183,0.16337186
1184,0.14118822
1185,0.09221833
1186,0.045591637
1187,0.13090207
1188,0.24724026
1189,0.26650307
1190,0.069295056
1191,0.012330542
1192,0.058636982
1193,0.02365736
1194,0.051029645
1195,0.5280412
1196,0.04344491
1197,0.082857
1198,0.26804933
1199,0.25302294
1200,0.019267032
1201,0.013485837
1202,0.04779973
1203,0.06044158
1204,0.17747675
1205,0.15196843
1206,0.100645944
1207,0.11677335
1208,0.24448033
1209,0.24202925
1210,0.15664425
1211,0.2653122
1212,0.3750147
1213,0.099383436
1214,0.01867238
1215,0.052988127
1216,0.08315986
1217,0.058771316
1218,0.19713284
1219,0.8012719
1220,0.039736554
1221,0.05940331
1222,0.38036072
1223,0.01650809
1224,0.04049397
1225,0.2675742
1226,0.02519069
1227,0.019564217
1228,0.048363388
1229,0.09029664
1230,0.01974288
1231,0.05579137
1232,0.010421266
1233,0.14451262
1234,0.052108005
1235,0.09910015
1236,0.16536592
1237,0.17742917
1238,0.26493788
1239,0.35688367
1240,0.2616636
1241,0.029511098
1242,0.24565366
1243,0.21395622
1244,0.1465097
1245,0.7544076
1246,0.39675897
1247,0.3166211
1248,0.011059861
1249,0.02949201
1250,0.1264991
1251,0.04211675
1252,0.03202393
1253,0.020499293
1254,0.014024076
1255,0.08189824
1256,0.013475108
1257,0.03147862
1258,0.07226833
1259,0.11708992
1260,0.1261739
1261,0.13088539
1262,0.10526582
1263,0.15064901
1264,0.118748814
1265,0.029418234
1266,0.14657892
1267,0.2536818
1268,0.013728974
1269,0.05351393
1270,0.74715036
1271,0.8663111
1272,0.42728972
1273,0.010980022
1274,0.030432867
1275,0.018185338
1276,0.06785642
1277,0.27182937
1278,0.09054691
1279,0.024585487
1280,0.09826671
1281,0.013471786
1282,0.06692046
1283,0.09649893
1284,0.071366705
1285,0.012638057
1286,0.25251165
1287,0.016731739
1288,0.034051765
1289,0.13147807
1290,0.14803693
1291,0.079058714
1292,0.052615657
1293,0.121259436
1294,0.06930116
1295,0.028348602
1296,0.13018848
1297,0.09820045
1298,0.12743846
1299,0.63981223
1300,0.922719
1301,0.4447961
1302,0.0155921085
1303,0.050758995
1304,0.039492242
1305,0.20815113
1306,0.092371434
1307,0.17297429
1308,0.05008994
1309,0.087708734
1310,0.025585458
1311,0.056747667
1312,0.12733202
1313,0.24971671
1314,0.13111681
1315,0.48057187
1316,0.2536346
1317,0.14637116
1318,0.16045628
1319,0.10218491
1320,0.08634562
1321,0.13003005
1322,0.04803553
1323,0.041946754
1324,0.02765028
1325,0.12641938
1326,0.12703091
1327,0.07179724
1328,0.07069191
1329,0.027315428
1330,0.78883296
1331,0.98636746
1332,0.9344303
1333,0.04390004
1334,0.2259701
1335,0.2349641
1336,0.036436435
1337,0.020999229
1338,0.020902405
1339,0.050132502
1340,0.12199905
1341,0.05684179
1342,0.42216465
1343,0.5159075
1344,0.08792266
1345,0.13966078
1346,0.11598516
1347,0.18105227
1348,0.09454054
1349,0.35361817
1350,0.08975698
1351,0.03306932
1352,0.10641019
1353,0.12195583
1354,0.11822448
1355,0.036620565
1356,0.45772055
1357,0.3925149
1358,0.1292698
1359,0.0696027
1360,0.024397608
1361,0.1315941
1362,0.011957785
1363,0.067496575
1364,0.19773445
1365,0.029097361
1366,0.050104786
1367,0.054485478
1368,0.027279947
1369,0.024151092
1370,0.047422662
1371,0.056044623
1372,0.40097177
1373,0.6343504
1374,0.42769164
1375,0.26002255
1376,0.13610624
1377,0.19329122
1378,0.24200588
1379,0.41783363
1380,0.07211931
1381,0.032379564
1382,0.034385014
1383,0.034154844
1384,0.16061354
1385,0.25325078
1386,0.06793934
1387,0.2751299
1388,0.2719136
1389,0.24071878
1390,1.0
1391,0.119241424
1392,0.026041092
1393,0.10762699
1394,0.17159279
1395,0.022357417
1396,0.053182334
1397,0.38441378
1398,0.07552494
1399,0.055149555
1400,0.041145217
1401,0.056885462
1402,0.14156069
1403,0.38656622
1404,0.28071392
1405,0.56982523
1406,0.4261623
1407,0.1692253
1408,0.2408655
1409,0.25934026
1410,0.028595088
1411,0.14931259
1412,0.0762629
1413,0.047976136
1414,0.24371801
1415,0.2632005
1416,0.06434267
1417,0.49485958
1418,0.24229215
1419,0.011605953
1420,0.06675423
1421,0.10574306
1422,0.08868689
1423,0.055163935
1424,0.012597326
1425,0.013548678
1426,0.015162437
1427,0.035650473
1428,0.08764722
1429,0.10926181
1430,0.1179719
1431,0.15202728
1432,0.42020646
1433,0.73515064
1434,0.45537862
1435,0.3869877
1436,0.59657097
1437,0.11056872
1438,0.02051123
1439,0.06067398
1440,0.06913196
1441,0.1266834
1442,0.19949594
1443,0.0894
1444,0.024338312
1445,0.060973033
1446,0.1263629
1447,0.016084159
1448,0.051527463
1449,0.096542545
1450,0.015920065
1451,0.041705437
1452,0.016689537
1453,0.020793151
1454,0.020767918
1455,0.048233774
1456,0.09587412
1457,0.064555205
1458,0.11080659
1459,0.2700031
1460,0.26548052
1461,0.34129217
1462,0.76210356
1463,0.6580678
1464,0.3891911
1465,0.124169245
1466,0.045458026
1467,0.029291619
1468,0.056379396
1469,0.10838963
1470,0.019561127
1471,0.033241797
1472,0.49308044
1473,0.05059964
1474,0.016923366
1475,0.059158523
1476,0.04608383
1477,0.091163106
1478,0.03561562
1479,0.05492812
1480,0.021548636
1481,0.045615323
1482,0.040273324
1483,0.10736894
1484,0.12501307
1485,0.52431077
1486,0.40260002
1487,0.23343834
1488,0.80961037
1489,0.37162456
1490,0.46388897
1491,0.14904578
1492,0.05315728
1493,0.030245757
1494,0.053149525
1495,0.061154697
1496,0.05520241
1497,0.045217335
1498,0.05407534
1499,0.4304764
1500,0.09389307
1501,0.3538323
1502,0.024762422
1503,0.09292991
1504,0.095104486
1505,0.1227683
1506,0.16980182
1507,0.046156958
1508,0.055257004
1509,0.25415832
1510,0.5093974
1511,0.38053197
1512,0.4105091
1513,0.14077419
1514,0.3883236
1515,0.17580909
1516,0.054926526
1517,0.020453207
1518,0.032230932
1519,0.023905061
1520,0.12628663
1521,0.22570051
1522,0.05176899
1523,0.2690489
1524,0.030472346
1525,0.065671936
1526,0.16004287
1527,0.04001886
1528,0.017512368
1529,0.12994911
1530,0.15363199
1531,0.035851084
1532,0.23873192
1533,0.19210882
1534,0.08233828
1535,0.10756888
1536,0.029281916
1537,0.086956166
1538,0.07291053
1539,0.02981759
1540,0.09006043
1541,0.20076436
1542,0.040410414
1543,0.02526278
1544,0.12275589
1545,0.012958781
1546,0.012885444
1547,0.07999669
1548,0.03781812
1549,0.0385372
1550,0.15127988
1551,0.047656078
1552,0.049184944
1553,0.014725143
1554,0.059157215
1555,0.18597977
1556,0.386241
1557,0.2707385
1558,0.03454989
1559,0.019215664
1560,0.052021757
1561,0.018797256
1562,0.07339045
1563,0.11825842
1564,0.0137041705
1565,0.018941049
1566,0.015245237
1567,0.043818075
1568,0.018405909
1569,0.10361805
1570,0.12257263
1571,0.2604122
1572,0.02017382
1573,0.018881612
1574,0.039958976
1575,0.102434605
1576,0.1115734
1577,0.25538027
1578,0.057010278
1579,0.025773494
1580,0.01318141
1581,0.115143895
1582,0.0319408
1583,0.014923916
1584,0.07858401
1585,0.13997482
1586,0.06606221
1587,0.024178904
1588,0.013527224
1589,0.20529747
1590,0.018376902
1591,0.02371891
1592,0.038607202
1593,0.14077953
1594,0.07684281
1595,0.049519263
1596,0.02082784
1597,0.039212327
1598,0.09497188
1599,0.27240428
1600,0.038692366
1601,0.030755956
1602,0.055094615
1603,0.04996889
1604,0.058903296
1605,0.13855413
1606,0.05755764
1607,0.1446586
1608,0.08978884
1609,0.030253755
1610,0.014707235
1611,0.056895193
1612,0.050126974
1613,0.23457895
1614,0.040214483
1615,0.016592648
1616,0.09972203
1617,0.018454256
1618,0.11846921
1619,0.06466894
1620,0.012267307
1621,0.012784392
1622,0.27252597
1623,0.5697606
1624,0.13025354
1625,0.070657015
1626,0.09221143
1627,0.053233474
1628,0.034431662
1629,0.096454754
1630,0.09194299
1631,0.0958403
1632,0.5972864
1633,0.06624426
1634,0.01674612
1635,0.08755306
1636,0.085945666
1637,0.043685447
1638,0.12858328
1639,0.45790818
1640,0.06988724
1641,0.11473515
1642,0.023274811
1643,0.015950073
1644,0.029425759
1645,0.04429015
1646,0.109757416
1647,0.03987873
1648,0.02479343
1649,0.06869481
1650,0.045980275
1651,0.026431141
1652,0.04953256
1653,0.014239004
1654,0.015559618
1655,0.10521598
1656,0.034195375
1657,0.01651661
1658,0.044313215
1659,0.076756544
1660,0.12799793
1661,0.021729806
1662,0.040785957
1663,0.42298588
1664,0.053618036
1665,0.104151025
1666,0.04417754
1667,0.062330194
1668,0.055684272
1669,0.014853201
1670,0.023150254
1671,0.2548702
1672,0.037171494
1673,0.016640518
1674,0.07026733
1675,0.111600526
1676,0.026759688
1677,0.014136209
1678,0.22210291
1679,0.046267416
1680,0.023381392
1681,0.053313356
1682,0.35270637
1683,0.018462528
1684,0.011621522
1685,0.01715529
1686,0.014483334
1687,0.061801843
1688,0.011106715
1689,0.039024465
1690,0.16274866
1691,0.06431399
1692,0.010054881
1693,0.015055967
1694,0.019690925
1695,0.06857373
1696,0.21677385
1697,0.09799913
1698,0.06633183
1699,0.059905186
1700,0.027549097
1701,0.063394345
1702,0.016909422
1703,0.058908306
1704,0.24216904
1705,0.120181456
1706,0.0114221
1707,0.036980007
1708,0.013207842
1709,0.017133221
1710,0.015120958
1711,0.014542555
1712,0.017636877
1713,0.011560033
1714,0.016503016
1715,0.017763501
1716,0.03459317
1717,0.052744333
1718,0.11969262
1719,0.009838835
1720,0.012466016
1721,0.12996985
1722,0.011458904
1723,0.13349941
1724,0.015751466
1725,0.03362879
1726,0.019486643
1727,0.0391155
1728,0.011831541
1729,0.015713627
1730,0.014493279
1731,0.012298279
1732,0.012002119
1733,0.05123901
1734,0.03377678
1735,0.021171922
1736,0.037806116
1737,0.017104652
1738,0.010509774
1739,0.016459906
1740,0.011844783
1741,0.09781371
1742,0.03758564
1743,0.07112834
1744,0.01200621
1745,0.011710585
1746,0.03581573
1747,0.012374597
1748,0.022263994
1749,0.016868027
1750,0.07472053
1751,0.013905711
1752,0.012626635
1753,0.012064488
1754,0.08375888
1755,0.06211419
1756,0.058760203
1757,0.06432167
1758,0.010387965
1759,0.11933898
1760,0.030931821
1761,0.012953562
1762,0.047000192
1763,0.014788784
1764,0.07266398
1765,0.14250833
1766,0.025295734
1767,0.03538738
1768,0.03761674
1769,0.027969228
1770,0.026477097
1771,0.011113511
1772,0.013501232
1773,0.013624517
1774,0.013345329
1775,0.012298889
1776,0.035899736
1777,0.013559247
1778,0.012358588
1779,0.04067036
1780,0.048568144
1781,0.027960194
1782,0.011460106
1783,0.16292039
1784,0.022596793
1785,0.021174211
1786,0.035731837
1787,0.009391925
1788,0.017105946
1789,0.056314882
1790,0.03541801
1791,0.01543863
1792,0.031863183
1793,0.03234781
1794,0.012972687
1795,0.030502554
1796,0.079879835
1797,0.10598949
1798,0.011909249
1799,0.019040145
1800,0.096749075
1801,0.019562567
1802,0.032586165
1803,0.028228642
1804,0.021159418
1805,0.030559003
1806,0.053468615
1807,0.013074
1808,0.031597637
1809,0.026718922
1810,0.029269869
1811,0.107798025
1812,0.0555232
1813,0.022836057
1814,0.06103145
1815,0.027025975
1816,0.22252348
1817,0.17949496
1818,0.15173593
1819,0.072672814
1820,0.13647822
1821,0.044815104
1822,0.08123415
1823,0.034041308
1824,0.024484267
1825,0.020621615
1826,0.06652453
1827,0.05043485
1828,0.4703902
1829,0.12955531
1830,0.029398633
1831,0.079637565
1832,0.041541312
1833,0.008495119
1834,0.0091306
1835,0.027373057
1836,0.030196637
1837,0.04081184
1838,0.01870929
1839,0.013865602
1840,0.10773627
1841,0.23063342
1842,0.23774749
1843,0.43661454
1844,0.036543015
1845,0.0948262
1846,0.15578765
1847,0.011126892
1848,0.010783281
1849,0.043148037
1850,0.08194716
1851,0.058779664
1852,0.4464818
1853,0.07849392
1854,0.107361056
1855,0.53933555
1856,0.0543372
1857,0.4317605
1858,0.012334871
1859,0.05094153
1860,0.15523419
1861,0.030929474
1862,0.033973843
1863,0.039197613
1864,0.022002347
1865,0.022508495
1866,0.06561801
1867,0.09157871
1868,0.053213626
1869,0.10292724
1870,0.24632482
1871,0.030497935
1872,0.03644275
1873,0.04286386
1874,0.105052345
1875,0.03006295
1876,0.031790372
1877,0.06865816
1878,0.025292676
1879,0.124197334
1880,0.045082115
1881,0.14979859
1882,0.035467062
1883,0.03330936
1884,0.01320299
1885,0.1387984
1886,0.11503646
1887,0.047469627
1888,0.12843041
1889,0.36874473
1890,0.009628656
1891,0.083250046
1892,0.0257453
1893,0.019344576
1894,0.0152224125
1895,0.044918276
1896,0.008342651
1897,0.065927766
1898,0.08045097
1899,0.12759033
1900,0.25751957
1901,0.023218978
1902,0.015414243
1903,0.035464272
1904,0.017701328
1905,0.027737333
1906,0.15170413
1907,0.01693024
1908,0.053360775
1909,0.03624246
1910,0.030194273
1911,0.0927254
1912,0.446393
1913,0.049995866
1914,0.018222203
1915,0.013939397
1916,0.040558178
1917,0.050008796
1918,0.022563182
1919,0.11606374
1920,0.1585581
1921,0.10796683
1922,0.10847737
1923,0.05770582
1924,0.008750299
1925,0.0299843
1926,0.042787563
1927,0.037577145
1928,0.03850221
1929,0.05985793
1930,0.20005444
1931,0.015630651
1932,0.040075224
1933,0.03513955
1934,0.024474652
1935,0.026931616
1936,0.030965982
1937,0.04781652
1938,0.01911181
1939,0.084710605
1940,0.115651675
1941,0.37988922
1942,0.044118796
1943,0.05371847
1944,0.05249643
1945,0.1079753
1946,0.06515373
1947,0.013793679
1948,0.08759761
1949,0.01716182
1950,0.02856027
1951,0.12447796
1952,0.032143842
1953,0.028423838
1954,0.03374062
1955,0.062136333
1956,0.08851676
1957,0.23794852
1958,0.12521839
1959,0.1382341
1960,0.07141846
1961,0.0525956
1962,0.01472131
1963,0.060744412
1964,0.07478607
1965,0.06594048
1966,0.04087051
1967,0.59283686
1968,0.20571853
1969,0.025250802
1970,0.12383485
1971,0.05287157
1972,0.04378341
1973,0.02382949
1974,0.017182125
1975,0.011314228
1976,0.051713437
1977,0.022184229
1978,0.0310863
1979,0.018774059
1980,0.083978936
1981,0.057727072
1982,0.085159704
1983,0.06753467
1984,0.123234704
1985,0.23100245
1986,0.27348003
1987,0.06190324
1988,0.021101803
1989,0.07535607
1990,0.028410614
1991,0.010780569
1992,0.025667503
1993,0.068594284
1994,0.031101774
1995,0.1208499
1996,0.044274144
1997,0.09854196
1998,0.037566148
1999,0.060513284
2000,0.03936363
2001,0.023377815
2002,0.023459911
2003,0.14234218
2004,0.0123468395
2005,0.074846886
2006,0.056972038
2007,0.012364144
2008,0.03248809
2009,0.037263017
2010,0.065973796
2011,0.09764901
2012,0.1474573
2013,0.12363837
2014,0.24746047
2015,0.13846874
2016,0.14177895
2017,0.017045183
2018,0.101938285
2019,0.014174269
2020,0.05378341
2021,0.03373474
2022,0.07682592
2023,0.042388
2024,0.034594685
2025,0.052717954
2026,0.025225576
2027,0.019441947
2028,0.057567924
2029,0.12749472
2030,0.029644439
2031,0.054247294
2032,0.018971954
2033,0.051394284
2034,0.07650987
2035,0.023772862
2036,0.042458046
2037,0.04990462
2038,0.08050213
2039,0.14464629
2040,0.43952557
2041,0.12569267
2042,0.13270809
2043,0.070480496
2044,0.096289195
2045,0.08204876
2046,0.10376252
2047,0.06570423
2048,0.011807818
2049,0.021102063
2050,0.36745378
2051,0.06300121
2052,0.097473934
2053,0.061750397
2054,0.082510285
2055,0.017617054
2056,0.030522978
2057,0.032208454
2058,0.04337948
2059,0.14953169
2060,0.06834122
2061,0.07177961
2062,0.12771168
2063,0.5376417
2064,0.13079274
2065,0.017402127
2066,0.14497234
2067,0.070826516
2068,0.2640579
2069,0.2506685
2070,0.087461084
2071,0.051634777
2072,0.03265707
2073,0.0946615
2074,0.15642206
2075,0.06644856
2076,0.25290135
2077,0.1074348
2078,0.10003926
2079,0.017240696
2080,0.018030424
2081,0.028802313
2082,0.05454071
2083,0.07645908
2084,0.016926238
2085,0.13753428
2086,0.17199036
2087,0.1417308
2088,0.102221414
2089,0.046167728
2090,0.13899437
2091,0.17836113
2092,0.26507965
2093,0.084524445
2094,0.012775263
2095,0.05624123
2096,0.023501404
2097,0.04402787
2098,0.51388085
2099,0.03562599
2100,0.08538069
2101,0.27161562
2102,0.24716818
2103,0.019737732
2104,0.015579437
2105,0.014470633
2106,0.05347302
2107,0.054488566
2108,0.15886457
2109,0.14355321
2110,0.10321684
2111,0.10871998
2112,0.24829708
2113,0.15324974
2114,0.16109735
2115,0.19326852
2116,0.29266763
2117,0.09681843
2118,0.052479886
2119,0.086719565
2120,0.05962431
2121,0.20379081
2122,0.85805035
2123,0.0114913825
2124,0.04196321
2125,0.045784596
2126,0.38327596
2127,0.044541415
2128,0.2608651
2129,0.018454138
2130,0.05007485
2131,0.08944505
2132,0.017709324
2133,0.05352092
2134,0.14855497
2135,0.054742638
2136,0.1082209
2137,0.2536129
2138,0.16352077
2139,0.20062457
2140,0.35392392
2141,0.18522443
2142,0.02724973
2143,0.23285726
2144,0.11260575
2145,0.1328035
2146,0.7115113
2147,0.3851626
2148,0.3004768
2149,0.010980022
2150,0.029775621
2151,0.12716089
2152,0.017335568
2153,0.031345118
2154,0.021124927
2155,0.017850615
2156,0.016009498
2157,0.082644165
2158,0.012428339
2159,0.012030532
2160,0.031221444
2161,0.073519476
2162,0.11714497
2163,0.1190242
2164,0.12621361
2165,0.0979732
2166,0.23672262
2167,0.2228334
2168,0.028651534
2169,0.15629773
2170,0.25383323
2171,0.014495952
2172,0.05416883
2173,0.7410198
2174,0.89025885
2175,0.4186599
2176,0.011049549
2177,0.025142286
2178,0.01902564
2179,0.07343132
2180,0.2652099
2181,0.09113724
2182,0.01853214
2183,0.013301476
2184,0.08061313
2185,0.09330364
2186,0.078183785
2187,0.013540829
2188,0.24897924
2189,0.016643118
2190,0.030483617
2191,0.12979636
2192,0.12680495
2193,0.10545025
2194,0.055018686
2195,0.12713264
2196,0.07345429
2197,0.027653165
2198,0.10870184
2199,0.09649309
2200,0.1137324
2201,0.7407928
2202,0.9010244
2203,0.46660882
2204,0.022908635
2205,0.04300346
2206,0.034925576
2207,0.01178551
2208,0.124804534
2209,0.10583232
2210,0.19585714
2211,0.051836804
2212,0.07678275
2213,0.025993785
2214,0.064479046
2215,0.12603359
2216,0.25328663
2217,0.23782308
2218,0.5312416
2219,0.2551328
2220,0.2427526
2221,0.15582496
2222,0.11291369
2223,0.082761675
2224,0.12522136
2225,0.052319586
2226,0.041637078
2227,0.023821203
2228,0.12061403
2229,0.12339122
2230,0.0824159
2231,0.07296561
2232,0.025148438
2233,0.79582655
2234,0.9857654
2235,0.93426675
2236,0.06209578
2237,0.03676129
2238,0.22267897
2239,0.16214977
2240,0.025355643
2241,0.01181986
2242,0.033964705
2243,0.029846491
2244,0.042879596
2245,0.12656228
2246,0.058184627
2247,0.38243833
2248,0.5286584
2249,0.088689804
2250,0.14523765
2251,0.110507645
2252,0.17269109
2253,0.10886518
2254,0.3251096
2255,0.10248423
2256,0.03447976
2257,0.106865786
2258,0.11667517
2259,0.10656469
2260,0.03801046
2261,0.021143036
2262,0.32455572
2263,0.40732142
2264,0.24122725
2265,0.07278027
2266,0.024405073
2267,0.12743062
2268,0.011957785
2269,0.06741747
2270,0.18222475
2271,0.029794045
2272,0.048619393
2273,0.051052485
2274,0.029051837
2275,0.03407882
2276,0.046207864
2277,0.05284537
2278,0.25271574
2279,0.62532496
2280,0.26582807
2281,0.26103783
2282,0.14238577
2283,0.25760183
2284,0.16835509
2285,0.47136799
2286,0.06828551
2287,0.048969224
2288,0.033500656
2289,0.048342697
2290,0.14849411
2291,0.17359845
2292,0.08942241
2293,0.23671174
2294,0.38278052
2295,0.2379037
2296,1.0
2297,0.118914574
2298,0.021996673
2299,0.11144598
2300,0.14052518
2301,0.046683505
2302,0.36234617
2303,0.085024185
2304,0.04873283
2305,0.046259146
2306,0.05970549
2307,0.14064056
2308,0.4129694
2309,0.43461484
2310,0.565238
2311,0.43530196
2312,0.16876142
2313,0.14891742
2314,0.261171
2315,0.028684797
2316,0.13557571
2317,0.07546662
2318,0.047027007
2319,0.24454834
2320,0.2605282
2321,0.07066217
2322,0.42462084
2323,0.24857803
2324,0.06340437
2325,0.10812144
2326,0.091140404
2327,0.057206877
2328,0.0127689205
2329,0.013730582
2330,0.018579531
2331,0.03665857
2332,0.08081413
2333,0.11454112
2334,0.11785352
2335,0.16335005
2336,0.41848293
2337,0.7508581
2338,0.45607436
2339,0.27563328
2340,0.5856077
2341,0.10921896
2342,0.07546708
2343,0.095686354
2344,0.12707403
2345,0.19607764
2346,0.09443221
2347,0.023564465
2348,0.009876177
2349,0.056791306
2350,0.14074434
2351,0.052647244
2352,0.10733625
2353,0.01622506
2354,0.040868156
2355,0.022315338
2356,0.029632248
2357,0.015158725
2358,0.040133707
2359,0.086247735
2360,0.06682423
2361,0.10500475
2362,0.26106632
2363,0.26511475
2364,0.35399535
2365,0.74932915
2366,0.6980013
2367,0.3917264
2368,0.124299794
2369,0.051426113
2370,0.025287922
2371,0.05997812
2372,0.11755595
2373,0.017301895
2374,0.012038403
2375,0.03976344
2376,0.4789368
2377,0.041855026
2378,0.01507952
2379,0.056941595
2380,0.043488797
2381,0.09185841
2382,0.035747264
2383,0.050148252
2384,0.04728826
2385,0.017871018
2386,0.023397012
2387,0.04287328
2388,0.10964523
2389,0.14054325
2390,0.48863053
2391,0.4055876
2392,0.14764248
2393,0.79261386
2394,0.40386856
2395,0.46970013
2396,0.1525877
2397,0.051238187
2398,0.032926552
2399,0.05080171
2400,0.053316105
2401,0.05370786
2402,0.42484176
2403,0.0982358
2404,0.25639758
2405,0.028811622
2406,0.10343365
2407,0.09109004
2408,0.10766362
2409,0.16459575
2410,0.04463862
2411,0.030686608
2412,0.07548689
2413,0.18048832
2414,0.49961323
2415,0.3835357
2416,0.45321718
2417,0.24838787
2418,0.37527868
2419,0.17266016
2420,0.053046394
2421,0.037149794
2422,0.014192297
2423,0.01728625
2424,0.014748057
2425,0.03116076
2426,0.024184471
2427,0.1420183
2428,0.13342896
2429,0.05195406
2430,0.25872165
2431,0.024236226
2432,0.06689266
2433,0.26159513
2434,0.041654076
2435,0.01488371
2436,0.013025249
2437,0.12897405
2438,0.15413369
2439,0.032429375
2440,0.23739696
2441,0.19166882
2442,0.077716455
2443,0.098908246
2444,0.07933809
2445,0.07750163
2446,0.029836744
2447,0.12541538
2448,0.11943746
2449,0.040798675
2450,0.019528618
2451,0.012968469
2452,0.11678599
2453,0.013037991
2454,0.011952913
2455,0.06879241
2456,0.011837477
2457,0.039859056
2458,0.039006077
2459,0.1658789
2460,0.046920933
2461,0.05302241
2462,0.014725143
2463,0.05614588
2464,0.18743327
2465,0.38330963
2466,0.42771575
2467,0.06071397
2468,0.057646845
2469,0.015628418
2470,0.070893325
2471,0.12103183
2472,0.013532217
2473,0.021014791
2474,0.014860011
2475,0.03372983
2476,0.026213579
2477,0.012755983
2478,0.015466338
2479,0.10652864
2480,0.122484066
2481,0.38084865
2482,0.020261211
2483,0.039060403
2484,0.10012646
2485,0.11807169
2486,0.2553644
2487,0.060412794
2488,0.015842509
2489,0.10758453
2490,0.021365296
2491,0.077421784
2492,0.22417824
2493,0.08543361
2494,0.017196879
2495,0.019091362
2496,0.01318136
2497,0.29862082
2498,0.021297526
2499,0.02469041
2500,0.03799651
2501,0.13677011
2502,0.07749953
2503,0.046564296
2504,0.026539965
2505,0.03497049
2506,0.08743553
2507,0.17888294
2508,0.04351183
2509,0.020621495
2510,0.04071265
2511,0.050944757
2512,0.055367023
2513,0.16427653
2514,0.067266665
2515,0.25856048
2516,0.097248465
2517,0.030947393
2518,0.05662529
2519,0.04944625
2520,0.032687724
2521,0.14512038
2522,0.042441137
2523,0.016592648
2524,0.08562509
2525,0.022896428
2526,0.10951271
2527,0.07684771
2528,0.012866405
2529,0.27494353
2530,0.54250395
2531,0.1258096
2532,0.064310364
2533,0.013914582
2534,0.10035239
2535,0.058157507
2536,0.03637293
2537,0.08905445
2538,0.09219802
2539,0.06602617
2540,0.7699852
2541,0.07291439
2542,0.017641108
2543,0.079307415
2544,0.07514765
2545,0.016290087
2546,0.0392925
2547,0.14483508
2548,0.44286197
2549,0.09004936
2550,0.13663185
2551,0.02326245
2552,0.030054389
2553,0.04517361
2554,0.10879754
2555,0.038202442
2556,0.029622901
2557,0.04244111
2558,0.058414083
2559,0.04223786
2560,0.048953716
2561,0.023013989
2562,0.107329905
2563,0.044043615
2564,0.03636202
2565,0.015014001
2566,0.03054077
2567,0.08009015
2568,0.12741567
2569,0.022205723
2570,0.04455185
2571,0.4315005
2572,0.05575199
2573,0.091487765
2574,0.034441903
2575,0.037251912
2576,0.06249646
2577,0.051380638
2578,0.014715603
2579,0.025646752
2580,0.22094421
2581,0.037302155
2582,0.016699547
2583,0.053767305
2584,0.100144714
2585,0.021140842
2586,0.012598602
2587,0.12270224
2588,0.04058913
2589,0.02232084
2590,0.055961702
2591,0.36578932
2592,0.014937436
2593,0.011621522
2594,0.01999217
2595,0.015269667
2596,0.051755644
2597,0.010773853
2598,0.03643024
2599,0.12614538
2600,0.06491573
2601,0.016956687
2602,0.07750016
2603,0.13705066
2604,0.09284054
2605,0.068269186
2606,0.057398498
2607,0.06407882
2608,0.021276025
2609,0.050024696
2610,0.26127923
2611,0.11472871
2612,0.0114221
2613,0.041264277
2614,0.012993644
2615,0.014683085
2616,0.015106719
2617,0.014753021
2618,0.02471134
2619,0.011619356
2620,0.016260434
2621,0.015971942
2622,0.021942392
2623,0.038462695
2624,0.05399345
2625,0.10273213
2626,0.042675525
2627,0.012808373
2628,0.110209435
2629,0.011618964
2630,0.1459458
2631,0.021122525
2632,0.018162996
2633,0.034917872
2634,0.0197318
2635,0.03401912
2636,0.011220684
2637,0.027993299
2638,0.018658413
2639,0.014496636
2640,0.012002119
2641,0.06513449
2642,0.024230376
2643,0.033224847
2644,0.015386463
2645,0.042208202
2646,0.016892245
2647,0.01572945
2648,0.011168578
2649,0.10265896
2650,0.037128665
2651,0.057249848
2652,0.012072323
2653,0.011635364
2654,0.029452492
2655,0.073212944
2656,0.014702388
2657,0.012315009
2658,0.071179464
2659,0.06217277
2660,0.057953194
2661,0.013633788
2662,0.010657571
2663,0.09309567
2664,0.035978794
2665,0.013128887
2666,0.06264762
2667,0.016665846
2668,0.07879545
2669,0.11638935
2670,0.028685063
2671,0.026001478
2672,0.029200898
2673,0.03940784
2674,0.028128609
2675,0.02750941
2676,0.011551373
2677,0.012223568
2678,0.013934344
2679,0.017396607
2680,0.012415727
2681,0.038252037
2682,0.01261194
2683,0.013174178
2684,0.059673898
2685,0.13617872
2686,0.018538818
2687,0.054128718
2688,0.024429567
2689,0.015892567
2690,0.030336501
2691,0.02996504
2692,0.017297646
2693,0.029893441
2694,0.041972958
2695,0.08193085
2696,0.025380706
2697,0.078722015
2698,0.04963067
2699,0.018452758
2700,0.028451463
2701,0.026324598
2702,0.06673692
2703,0.030541303
2704,0.08928072
2705,0.036640517
2706,0.0747504
2707,0.029635664
2708,0.06397072
2709,0.22598751
2710,0.29909074
2711,0.020863485
2712,0.02311939
2713,0.03351762
2714,0.1390102
2715,0.16052975
2716,0.032504905
2717,0.0878228
2718,0.03714932
2719,0.025705496
2720,0.052332547
2721,0.020014932
2722,0.012114555
2723,0.099644355
2724,0.083223775
2725,0.5528005
2726,0.12695427
2727,0.02683066
2728,0.20255587
2729,0.038140602
2730,0.008495119
2731,0.02765242
2732,0.03436876
2733,0.03140252
2734,0.02108355
2735,0.0141598955
2736,0.11614321
2737,0.16025649
2738,0.44265005
2739,0.46238792
2740,0.032206565
2741,0.044940844
2742,0.09917244
2743,0.11694786
2744,0.010605747
2745,0.044362135
2746,0.03183552
2747,0.062446877
2748,0.027887201
2749,0.29050046
2750,0.08035326
2751,0.3354257
2752,0.48619118
2753,0.06523307
2754,0.25961915
2755,0.010189625
2756,0.0136373835
2757,0.05216572
2758,0.12729073
2759,0.03456861
2760,0.032911733
2761,0.034323927
2762,0.02398635
2763,0.010378518
2764,0.08551534
2765,0.071973935
2766,0.056661718
2767,0.028749915
2768,0.043027814
2769,0.3723526
2770,0.027244808
2771,0.0232532
2772,0.041619632
2773,0.08969561
2774,0.03398989
2775,0.037722796
2776,0.035199333
2777,0.17100795
2778,0.035445657
2779,0.22726308
2780,0.034980256
2781,0.025673538
2782,0.011349554
2783,0.44890913
2784,0.09693858
2785,0.05262486
2786,0.31250712
2787,0.26456884
2788,0.08252832
2789,0.042120934
2790,0.012677305
2791,0.017211955
2792,0.021301387
2793,0.016709471
2794,0.009845047
2795,0.038707107
2796,0.008342651
2797,0.045125324
2798,0.065950796
2799,0.06863708
2800,0.23065007
2801,0.40796876
2802,0.015664285
2803,0.031119518
2804,0.020834321
2805,0.024603294
2806,0.16186464
2807,0.0622106
2808,0.044253703
2809,0.030998157
2810,0.11421139
2811,0.44972277
2812,0.050178215
2813,0.0135926325
2814,0.018530615
2815,0.041600283
2816,0.049947903
2817,0.021434631
2818,0.011146109
2819,0.099535994
2820,0.12964761
2821,0.09716361
2822,0.11919199
2823,0.056841403
2824,0.031588823
2825,0.033443704
2826,0.040038098
2827,0.0622953
2828,0.061665677
2829,0.11977574
2830,0.016122648
2831,0.04067816
2832,0.03590883
2833,0.022513028
2834,0.034742113
2835,0.032248788
2836,0.047411457
2837,0.021002665
2838,0.10903603
2839,0.22805132
2840,0.2389413
2841,0.061410356
2842,0.04261229
2843,0.039570805
2844,0.12179212
2845,0.061463
2846,0.024430238
2847,0.08204291
2848,0.017767519
2849,0.02540708
2850,0.118351765
2851,0.036343068
2852,0.032731548
2853,0.030641766
2854,0.010167623
2855,0.06121388
2856,0.0800472
2857,0.238227
2858,0.1165898
2859,0.22971527
2860,0.06929559
2861,0.04607746
2862,0.016628575
2863,0.05826903
2864,0.054313906
2865,0.08748669
2866,0.03195017
2867,0.5807419
2868,0.11395895
2869,0.013407949
2870,0.12978412
2871,0.064078555
2872,0.052469727
2873,0.019270217
2874,0.07542525
2875,0.021917727
2876,0.012852648
2877,0.019374095
2878,0.018200815
2879,0.08038601
2880,0.06896362
2881,0.080825225
2882,0.08014006
2883,0.12994699
2884,0.23759492
2885,0.40640357
2886,0.06855832
2887,0.023535976
2888,0.076782875
2889,0.01913997
2890,0.05146809
2891,0.0105568115
2892,0.026944662
2893,0.04889533
2894,0.03658757
2895,0.12406888
2896,0.0542664
2897,0.12073055
2898,0.040164467
2899,0.049801588
2900,0.05214634
2901,0.024786867
2902,0.016677786
2903,0.14545088
2904,0.012367578
2905,0.03419647
2906,0.06780867
2907,0.05496412
2908,0.01792869
2909,0.033268277
2910,0.038144767
2911,0.06252538
2912,0.09699636
2913,0.14457929
2914,0.12275939
2915,0.25275084
2916,0.13801277
2917,0.13816625
2918,0.01432563
2919,0.11212162
2920,0.05149553
2921,0.036792517
2922,0.08072183
2923,0.039342478
2924,0.058692984
2925,0.028470362
2926,0.047420803
2927,0.093120195
2928,0.028510576
2929,0.045890562
2930,0.023653023
2931,0.034224965
2932,0.017206475
2933,0.07553981
2934,0.021622151
2935,0.042515263
2936,0.061839774
2937,0.06964284
2938,0.14380665
2939,0.43402985
2940,0.13153845
2941,0.22542895
2942,0.07311272
2943,0.098645054
2944,0.08398855
2945,0.10444433
2946,0.059789997
2947,0.012158717
2948,0.011936052
2949,0.025410963
2950,0.26387784
2951,0.06856308
2952,0.09035716
2953,0.06479667
2954,0.083174825
2955,0.018553473
2956,0.034219094
2957,0.0115988115
2958,0.02837575
2959,0.04137703
2960,0.15396483
2961,0.06779383
2962,0.070551485
2963,0.12681231
2964,0.53797185
2965,0.120864764
2966,0.016380686
2967,0.16907912
2968,0.071588434
2969,0.26321346
2970,0.19450115
2971,0.086229935
2972,0.020791162
2973,0.050013643
2974,0.11821205
2975,0.23015763
2976,0.05544492
2977,0.23904662
2978,0.1108045
2979,0.09219136
2980,0.017198866
2981,0.013167107
2982,0.017513635
2983,0.02855032
2984,0.04917333
2985,0.08834869
2986,0.022271728
2987,0.13961214
2988,0.25095704
2989,0.1415736
2990,0.098581284
2991,0.04474374
2992,0.1297097
2993,0.15289907
2994,0.2541357
2995,0.07290353
2996,0.015540689
2997,0.06306619
2998,0.020334175
2999,0.04814463
3000,0.4816922
3001,0.03154173
3002,0.113333665
3003,0.381243
3004,0.25705743
3005,0.015257421
3006,0.015579437
3007,0.013658731
3008,0.049738955
3009,0.05468275
3010,0.1455748
3011,0.24392836
3012,0.104263194
3013,0.11348945
3014,0.24505872
3015,0.23786181
3016,0.17275254
3017,0.1919214
3018,0.3683805
3019,0.09745041
3020,0.009660364
3021,0.019476926
3022,0.05470325
3023,0.08631624
3024,0.059882715
3025,0.19785091
3026,0.88634324
3027,0.048097156
3028,0.04960756
3029,0.37647524
3030,0.017984966
3031,0.04996867
3032,0.25321844
3033,0.02159529
3034,0.049708005
3035,0.09473487
3036,0.017985519
3037,0.058887634
3038,0.15291446
3039,0.047686156
3040,0.10935789
3041,0.19031319
3042,0.15051185
3043,0.19991675
3044,0.37174484
3045,0.2002896
3046,0.024096206
3047,0.2272554
3048,0.21109962
3049,0.13445184
3050,0.7142484
3051,0.40594995
3052,0.2818056
3053,0.011051887
3054,0.028707666
3055,0.13059296
3056,0.017269013
3057,0.04111807
3058,0.020830348
3059,0.013110669
3060,0.08585539
3061,0.0119626615
3062,0.011756598
3063,0.031205999
3064,0.07081108
3065,0.12385054
3066,0.11708615
3067,0.13517903
3068,0.103442125
3069,0.23551266
3070,0.11389737
3071,0.030034868
3072,0.11644208
3073,0.14868513
3074,0.0160774
3075,0.057431143
3076,0.682681
3077,0.93436193
3078,0.43470317
3079,0.012788112
3080,0.03345758
3081,0.06747979
3082,0.26509595
3083,0.07987332
3084,0.06449373
3085,0.013551506
3086,0.08251376
3087,0.094518736
3088,0.07500029
3089,0.012679451
3090,0.24984789
3091,0.016643118
3092,0.03492832
3093,0.12564361
3094,0.12697
3095,0.07022834
3096,0.0636219
3097,0.12781532
3098,0.16095036
3099,0.027335914
3100,0.11089625
3101,0.09839455
3102,0.10180631
3103,0.67935467
3104,0.88676363
3105,0.4920702
3106,0.01557004
3107,0.050411846
3108,0.01178551
3109,0.09628568
3110,0.10232533
3111,0.2506681
3112,0.047871232
3113,0.083040744
3114,0.035652142
3115,0.0899723
3116,0.13684864
3117,0.24744089
3118,0.19155177
3119,0.5235425
3120,0.26042983
3121,0.14575727
3122,0.14555568
3123,0.10592367
3124,0.07056489
3125,0.1263061
3126,0.049619954
3127,0.040592235
3128,0.13432102
3129,0.12375283
3130,0.08494583
3131,0.06941791
3132,0.8214654
3133,0.982889
3134,0.9357373
3135,0.035719734
3136,0.04428917
3137,0.13244386
3138,0.013923018
3139,0.15301475
3140,0.029393531
3141,0.0333976
3142,0.029020872
3143,0.04001073
3144,0.12139513
3145,0.056567404
3146,0.41631007
3147,0.5755904
3148,0.08644547
3149,0.12678991
3150,0.1092523
3151,0.17436863
3152,0.09125316
3153,0.22729084
3154,0.1043246
3155,0.039029047
3156,0.10223099
3157,0.11421479
3158,0.11274653
3159,0.047604885
3160,0.34898388
3161,0.42707002
3162,0.24613355
3163,0.0703295
3164,0.027043555
3165,0.11746851
3166,0.011957785
3167,0.06364199
3168,0.18621524
3169,0.03180933
3170,0.051879592
3171,0.05278375
3172,0.027731622
3173,0.030550713
3174,0.046805207
3175,0.053504847
3176,0.25845098
3177,0.65056074
3178,0.27017373
3179,0.26637933
3180,0.13737829
3181,0.18660292
3182,0.16021837
3183,0.47688332
3184,0.090224355
3185,0.033037923
3186,0.039250113
3187,0.036620475
3188,0.14822558
3189,0.17228127
3190,0.090328425
3191,0.19605868
3192,0.37687534
3193,0.23551354
3194,1.0
3195,0.2254639
3196,0.022833657
3197,0.08658613
3198,0.16930012
3199,0.033012576
3200,0.045428466
3201,0.22296025
3202,0.10349602
3203,0.045602582
3204,0.046505984
3205,0.063545026
3206,0.23693608
3207,0.38039696
3208,0.27673718
3209,0.554169
3210,0.278127
3211,0.16664635
3212,0.1457359
3213,0.25334832
3214,0.014952357
3215,0.031749595
3216,0.13113126
3217,0.07768288
3218,0.047682296
3219,0.17851827
3220,0.27380264
3221,0.065350816
3222,0.5233829
3223,0.2466306
3224,0.052798774
3225,0.18898714
3226,0.08811191
3227,0.05925772
3228,0.014863832
3229,0.03922063
3230,0.07933297
3231,0.11220863
3232,0.11202564
3233,0.1569888
3234,0.28031877
3235,0.7531105
3236,0.48621804
3237,0.3794723
3238,0.58500165
3239,0.10876467
3240,0.08081706
3241,0.07219204
3242,0.12788118
3243,0.2647896
3244,0.12589827
3245,0.023398522
3246,0.06264386
3247,0.13260382
3248,0.10095415
3249,0.026683511
3250,0.015348664
3251,0.035788137
3252,0.02354756
3253,0.021371841
3254,0.017860088
3255,0.040297024
3256,0.082733825
3257,0.06895777
3258,0.10705589
3259,0.19389653
3260,0.2635251
3261,0.35591114
3262,0.7784279
3263,0.66435
3264,0.2815971
3265,0.12841016
3266,0.0436604
3267,0.02514168
3268,0.06705449
3269,0.11893905
3270,0.01896393
3271,0.012157088
3272,0.03323448
3273,0.4360184
3274,0.04823833
3275,0.016871346
3276,0.056254387
3277,0.047510576
3278,0.10388574
3279,0.03149282
3280,0.049073648
3281,0.03514165
3282,0.052367575
3283,0.01860051
3284,0.018154979
3285,0.038889017
3286,0.10988425
3287,0.12552875
3288,0.4984127
3289,0.4072891
3290,0.13702476
3291,0.76871586
3292,0.41531017
3293,0.46708804
3294,0.1221526
3295,0.057621513
3296,0.044848025
3297,0.056074016
3298,0.047744587
3299,0.03866458
3300,0.057497777
3301,0.44660032
3302,0.099933535
3303,0.26079392
3304,0.02794947
3305,0.10306131
3306,0.10672063
3307,0.11076737
3308,0.16396625
3309,0.04528203
3310,0.029583445
3311,0.014329913
3312,0.062498838
3313,0.17817654
3314,0.5073836
3315,0.35651976
3316,0.41909385
3317,0.15490848
3318,0.38676953
3319,0.17165487
3320,0.062182244
3321,0.03313356
3322,0.014305715
3323,0.020155614
3324,0.014746126
3325,0.030525498
3326,0.12939835
3327,0.12526356
3328,0.05351938
3329,0.2039269
3330,0.022750987
3331,0.079078905
3332,0.2410357
3333,0.038701247
3334,0.013861606
3335,0.012899776
3336,0.13331528
3337,0.15284985
3338,0.031158768
3339,0.13900453
3340,0.25981456
3341,0.07743416
3342,0.103042945
3343,0.03001634
3344,0.07812
3345,0.08241285
3346,0.03362148
3347,0.12123323
3348,0.110592954
3349,0.035352077
3350,0.021330643
3351,0.011876214
3352,0.12282252
3353,0.012191403
3354,0.06857521
3355,0.03949037
3356,0.03958267
3357,0.2417611
3358,0.045561694
3359,0.05820402
3360,0.055603325
3361,0.19153163
3362,0.37216175
3363,0.42890647
3364,0.045289733
3365,0.013650548
3366,0.018843826
3367,0.024098448
3368,0.05575631
3369,0.07948572
3370,0.11871874
3371,0.0137041705
3372,0.024483325
3373,0.014883105
3374,0.03499529
3375,0.019714883
3376,0.018308764
3377,0.10118093
3378,0.113953784
3379,0.37249818
3380,0.019834502
3381,0.020021748
3382,0.039191023
3383,0.10076283
3384,0.11213763
3385,0.25604415
3386,0.06425781
3387,0.015827991
3388,0.013244119
3389,0.12643978
3390,0.031848874
3391,0.0154453525
3392,0.08927386
3393,0.10785363
3394,0.064967886
3395,0.019465556
3396,0.013442175
3397,0.27126476
3398,0.026440755
3399,0.03615607
3400,0.15094964
3401,0.07860679
3402,0.050053194
3403,0.020452676
3404,0.03801441
3405,0.11398929
3406,0.2740143
3407,0.045993257
3408,0.021257037
3409,0.036706813
3410,0.04244476
3411,0.05763963
3412,0.13641518
3413,0.068784654
3414,0.20523867
3415,0.097398885
3416,0.02958251
3417,0.014143047
3418,0.062410593
3419,0.064732336
3420,0.026467772
3421,0.12867485
3422,0.0485751
3423,0.10671855
3424,0.02307381
3425,0.11648496
3426,0.06705411
3427,0.012331479
3428,0.012526858
3429,0.26644284
3430,0.5188608
3431,0.21723415
3432,0.059462395
3433,0.08611725
3434,0.052978724
3435,0.030721216
3436,0.076406345
3437,0.08794505
3438,0.090114646
3439,0.71981174
3440,0.06969763
3441,0.088985346
3442,0.087500565
3443,0.03711621
3444,0.1169148
3445,0.4519167
3446,0.071840875
3447,0.117167786
3448,0.023908604
3449,0.039955366
3450,0.11861256
3451,0.03987942
3452,0.02493117
3453,0.04864648
3454,0.062456097
3455,0.066503964
3456,0.050088357
3457,0.014274164
3458,0.01745391
3459,0.0906885
3460,0.039774973
3461,0.036947396
3462,0.032967076
3463,0.088741854
3464,0.09881735
3465,0.020238688
3466,0.04883327
3467,0.44942904
3468,0.05546196
3469,0.10271738
3470,0.038741887
3471,0.036422454
3472,0.05562175
3473,0.055903107
3474,0.012838021
3475,0.25899678
3476,0.037051607
3477,0.010206888
3478,0.010206888
3479,0.021318741
3480,0.06348978
3481,0.092730604
3482,0.02334054
3483,0.15719926
3484,0.05194445
3485,0.05232891
3486,0.2533035
3487,0.025360657
3488,0.026349345
3489,0.051681533
3490,0.011068677
3491,0.039833453
3492,0.12562123
3493,0.06431514
3494,0.010002332
3495,0.014352639
3496,0.016358087
3497,0.010812235
3498,0.0678225
3499,0.11791339
3500,0.08856824
3501,0.074476644
3502,0.062461182
3503,0.028287277
3504,0.05853844
3505,0.022185825
3506,0.04105928
3507,0.1946799
3508,0.12242311
3509,0.0114221
3510,0.041851845
3511,0.012843497
3512,0.0129947495
3513,0.013802107
3514,0.019305699
3515,0.012896662
3516,0.011439438
3517,0.016327258
3518,0.01438609
3519,0.022017548
3520,0.040335592
3521,0.052150432
3522,0.1147082
3523,0.12796451
3524,0.14689632
3525,0.012152225
3526,0.039556794
3527,0.013449617
3528,0.019129101
3529,0.02685929
3530,0.011157973
3531,0.016494626
3532,0.028418506
3533,0.014734989
3534,0.016489174
3535,0.104556896
3536,0.02435563
3537,0.031561937
3538,0.041830238
3539,0.019366594
3540,0.018778449
3541,0.08445178
3542,0.028010441
3543,0.053849854
3544,0.011408715
3545,0.03071096
3546,0.020789165
3547,0.021558886
3548,0.09320196
3549,0.015297877
3550,0.009657057
3551,0.012315009
3552,0.113846354
3553,0.0525122
3554,0.059191383
3555,0.0637291
3556,0.013633788
3557,0.115733825
3558,0.033436332
3559,0.015123819
3560,0.01579921
3561,0.07156089
3562,0.016925277
3563,0.076408416
3564,0.0151633285
3565,0.12336618
3566,0.019802853
3567,0.023431735
3568,0.026805859
3569,0.026009716
3570,0.014740424
3571,0.013665749
3572,0.013424586
3573,0.013231398
3574,0.012113635
3575,0.041945007
3576,0.01479771
3577,0.03597436
3578,0.0487138
3579,0.13525519
3580,0.019226575
3581,0.019395128
3582,0.014251
3583,0.01678986
3584,0.0535779
3585,0.025353424
3586,0.014998913
3587,0.028747246
3588,0.016877016
3589,0.029229376
3590,0.04591762
3591,0.09478936
3592,0.019890284
3593,0.0826163
3594,0.013551973
3595,0.034775686
3596,0.028340677
3597,0.03065939
3598,0.039102726
3599,0.031521183
3600,0.02998824
3601,0.03079556
3602,0.06763249
3603,0.038314246
3604,0.010718401
3605,0.030705435
3606,0.041914605
3607,0.03113392
3608,0.09834021
3609,0.3002395
3610,0.29917124
3611,0.02053072
3612,0.043208715
3613,0.3334069
3614,0.056063242
3615,0.24425988
3616,0.05204417
3617,0.22903644
3618,0.058792528
3619,0.02206293
3620,0.04299899
3621,0.0147324195
3622,0.012114555
3623,0.19824934
3624,0.033684786
3625,0.511096
3626,0.10322525
3627,0.095064916
3628,0.036713984
3629,0.022277003
3630,0.045497682
3631,0.032830715
3632,0.016988916
3633,0.013274215
3634,0.09690351
3635,0.13961542
3636,0.5033237
3637,0.43295813
3638,0.02989613
3639,0.033339497
3640,0.09624782
3641,0.25218529
3642,0.010451855
3643,0.077370755
3644,0.032858938
3645,0.05324733
3646,0.048507784
3647,0.45652702
3648,0.07706973
3649,0.3681818
3650,0.485707
3651,0.063601054
3652,0.42111537
3653,0.010189625
3654,0.04838257
3655,0.24348728
3656,0.03527362
3657,0.037112713
3658,0.030467577
3659,0.033441074
3660,0.022350408
3661,0.061370187
3662,0.07456607
3663,0.057231367
3664,0.029083498
3665,0.045831054
3666,0.290846
3667,0.030422684
3668,0.02707159
3669,0.03875253
3670,0.058758494
3671,0.053435348
3672,0.028696956
3673,0.03962056
3674,0.04269437
3675,0.07702253
3676,0.022738969
3677,0.035306692
3678,0.14521089
3679,0.033432234
3680,0.23389173
3681,0.03048872
3682,0.011249621
3683,0.015091778
3684,0.013980548
3685,0.5291111
3686,0.11610311
3687,0.04699731
3688,0.2548152
3689,0.4520898
3690,0.009628656
3691,0.07093769
3692,0.033369385
3693,0.012793009
3694,0.023404764
3695,0.021268358
3696,0.016838452
3697,0.009765211
3698,0.04345356
3699,0.008342651
3700,0.04655515
3701,0.06710333
3702,0.058362756
3703,0.24200049
3704,0.31891242
3705,0.018715907
3706,0.028281286
3707,0.025383852
3708,0.023795135
3709,0.026899323
3710,0.17557873
3711,0.020996878
3712,0.04751669
3713,0.041580778
3714,0.14547835
3715,0.4992997
3716,0.0323089
3717,0.015959779
3718,0.041740682
3719,0.049976863
3720,0.025125638
3721,0.10861118
3722,0.18268093
3723,0.09526297
3724,0.1212438
3725,0.08299764
3726,0.028332189
3727,0.034159962
3728,0.029587517
3729,0.07137519
3730,0.048653726
3731,0.063379824
3732,0.20491904
3733,0.014702732
3734,0.039714012
3735,0.03594436
3736,0.019965779
3737,0.0337597
3738,0.030498907
3739,0.053137176
3740,0.021002665
3741,0.075203046
3742,0.13886842
3743,0.23184842
3744,0.04449554
3745,0.040835205
3746,0.04391171
3747,0.10421224
3748,0.067687765
3749,0.017851109
3750,0.08195832
3751,0.029425858
3752,0.029529834
3753,0.10670761
3754,0.027827475
3755,0.03338466
3756,0.028865999
3757,0.061836995
3758,0.08717255
3759,0.14067045
3760,0.119002625
3761,0.13936888
3762,0.074633956
3763,0.045641467
3764,0.016313998
3765,0.05835052
3766,0.054768726
3767,0.08129635
3768,0.032642502
3769,0.5531082
3770,0.074873276
3771,0.022219814
3772,0.01690986
3773,0.13374853
3774,0.06703871
3775,0.038486607
3776,0.018965296
3777,0.014618048
3778,0.0797998
3779,0.012989254
3780,0.027725706
3781,0.019661168
3782,0.085277796
3783,0.06046446
3784,0.087947376
3785,0.07690772
3786,0.12403692
3787,0.23375577
3788,0.44343948
3789,0.068328686
3790,0.027188737
3791,0.077527225
3792,0.017211245
3793,0.07326294
3794,0.06877192
3795,0.03688232
3796,0.123611726
3797,0.050674513
3798,0.109262496
3799,0.050108198
3800,0.043555826
3801,0.021105452
3802,0.018074928
3803,0.124053344
3804,0.011741903
3805,0.032948356
3806,0.07642494
3807,0.013873914
3808,0.036900617
3809,0.037386287
3810,0.062354676
3811,0.09659582
3812,0.13683835
3813,0.119573504
3814,0.2411872
3815,0.13071828
3816,0.14187476
3817,0.015388832
3818,0.11181015
3819,0.05152198
3820,0.0506951
3821,0.09238432
3822,0.033158723
3823,0.02675148
3824,0.05690329
3825,0.029911127
3826,0.013454578
3827,0.046181325
3828,0.08713861
3829,0.030559195
3830,0.050673738
3831,0.019772233
3832,0.043945547
3833,0.073088184
3834,0.026517276
3835,0.043251485
3836,0.055329412
3837,0.06328296
3838,0.14218196
3839,0.42841372
3840,0.12803939
3841,0.13322791
3842,0.073134966
3843,0.09726806
3844,0.09947203
3845,0.1014744
3846,0.067164436
3847,0.011812872
3848,0.01168243
3849,0.016162453
3850,0.26258424
3851,0.067262635
3852,0.09241688
3853,0.06345851
3854,0.09156887
3855,0.022836724
3856,0.026388653
3857,0.011410671
3858,0.019198248
3859,0.04468197
3860,0.16979198
3861,0.06645499
3862,0.058136944
3863,0.13129541
3864,0.5576281
3865,0.12167917
3866,0.018087782
3867,0.22407715
3868,0.07157691
3869,0.19352697
3870,0.28182608
3871,0.08622803
3872,0.021845467
3873,0.051154807
3874,0.031953372
3875,0.113504976
3876,0.13988212
3877,0.0530199
3878,0.24982978
3879,0.08852746
3880,0.082008764
3881,0.016655019
3882,0.013167107
3883,0.030071374
3884,0.052381966
3885,0.07987293
3886,0.019265506
3887,0.13497464
3888,0.15406278
3889,0.13932608
3890,0.0932391
3891,0.04304239
3892,0.13074006
3893,0.16986278
3894,0.26202095
3895,0.07327622
3896,0.06361685
3897,0.050834354
3898,0.544743
3899,0.03491079
3900,0.10819632
3901,0.27226138
3902,0.25314072
3903,0.014869898
3904,0.016791863
3905,0.0163336
3906,0.048918333
3907,0.07796289
3908,0.14189649
3909,0.24122994
3910,0.10470344
3911,0.10987496
3912,0.24292243
3913,0.17010602
3914,0.15489951
3915,0.1559605
3916,0.3650997
3917,0.097357206
3918,0.018381713
3919,0.056937117
3920,0.11405185
3921,0.058085803
3922,0.26709607
3923,0.89001346
3924,0.052205622
3925,0.047009815
3926,0.38529825
3927,0.016281279
3928,0.052456908
3929,0.2537181
3930,0.019126046
3931,0.05181989
3932,0.08236763
3933,0.022500537
3934,0.08816463
3935,0.010392082
3936,0.2663078
3937,0.052340608
3938,0.10348524
3939,0.15585151
3940,0.14875303
3941,0.25395578
3942,0.379747
3943,0.20887569
3944,0.025881149
3945,0.23224102
3946,0.1115301
3947,0.13923267
3948,0.7623326
3949,0.43160343
3950,0.30667678
3951,0.010840739
3952,0.030769981
3953,0.12895611
3954,0.042350072
3955,0.022979397
3956,0.013080089
3957,0.022846846
3958,0.013374044
3959,0.06612043
3960,0.011797993
3961,0.031221444
3962,0.0666587
3963,0.112844124
3964,0.12363582
3965,0.12954046
3966,0.102882825
3967,0.23435071
3968,0.21891116
3969,0.0268294
3970,0.11450165
3971,0.23668766
3972,0.017478399
3973,0.06390739
3974,0.75635815
3975,0.95679986
3976,0.4550875
3977,0.026679259
3978,0.08207586
3979,0.24516091
3980,0.07930447
3981,0.067793995
3982,0.013302134
3983,0.07850709
3984,0.0953372
3985,0.072779335
3986,0.012638057
3987,0.2522361
3988,0.016643118
3989,0.031388246
3990,0.1302377
3991,0.12330474
3992,0.06476704
3993,0.055851467
3994,0.14248985
3995,0.17515904
3996,0.029554833
3997,0.108142555
3998,0.08996388
3999,0.11466342
4000,0.77466667
4001,0.8335711
4002,0.50899523
4003,0.020256372
4004,0.052094433
4005,0.029545456
4006,0.15946376
4007,0.107381776
4008,0.23877478
4009,0.047360025
4010,0.07786476
4011,0.026224243
4012,0.09261901
4013,0.13025394
4014,0.2471111
4015,0.18382238
4016,0.51302814
4017,0.2698327
4018,0.14740404
4019,0.15740128
4020,0.10579979
4021,0.06765111
4022,0.12816228
4023,0.04855012
4024,0.041659337
4025,0.024068668
4026,0.16434194
4027,0.22465053
4028,0.08417186
4029,0.07941498
4030,0.025472306
4031,0.8821738
4032,0.98614055
4033,0.93752676
4034,0.03240961
4035,0.04722575
4036,0.1267869
4037,0.013960705
4038,0.13980575
4039,0.02994923
4040,0.026039923
4041,0.020689735
4042,0.042068336
4043,0.12031558
4044,0.056386486
4045,0.4215856
4046,0.5670401
4047,0.08807112
4048,0.13571309
4049,0.11605171
4050,0.24716127
4051,0.07737118
4052,0.23047486
4053,0.10828488
4054,0.030558728
4055,0.10356846
4056,0.12084574
4057,0.104387574
4058,0.040274717
4059,0.4880998
4060,0.43201363
4061,0.19235992
4062,0.070120126
4063,0.027258193
4064,0.1100177
4065,0.08196893
4066,0.20516981
4067,0.028613908
4068,0.046502203
4069,0.055491075
4070,0.025185227
4071,0.046262052
4072,0.05147043
4073,0.26159042
4074,0.6548414
4075,0.28084475
4076,0.2668057
4077,0.16473992
4078,0.18531165
4079,0.24357083
4080,0.48437268
4081,0.11281846
4082,0.03239216
4083,0.034981918
4084,0.036184125
4085,0.1316438
4086,0.15519617
4087,0.09589318
4088,0.29835573
4089,0.26670998
4090,0.17119648
4091,1.0
4092,0.12423055
4093,0.025279203
4094,0.102023475
4095,0.1374828
4096,0.041200425
4097,0.045130223
4098,0.11748943
4099,0.08252979
4100,0.045606382
4101,0.06249745
4102,0.06366307
4103,0.15673378
4104,0.42241275
4105,0.27737942
4106,0.56080294
4107,0.40599236
4108,0.15560336
4109,0.1545118
4110,0.3912677
4111,0.015357784
4112,0.027364016
4113,0.14841643
4114,0.08342057
4115,0.047510564
4116,0.270698
4117,0.26817542
4118,0.06547916
4119,0.55387765
4120,0.25679526
4121,0.06824328
4122,0.13711146
4123,0.09878937
4124,0.049156163
4125,0.012594357
4126,0.015786905
4127,0.026445482
4128,0.061185785
4129,0.09044644
4130,0.10966243
4131,0.119192325
4132,0.14793576
4133,0.4172557
4134,0.78241694
4135,0.46259838
4136,0.27537093
4137,0.5775591
4138,0.11262285
4139,0.07854076
4140,0.102546774
4141,0.1233036
4142,0.19208208
4143,0.11791946
4144,0.0233774
4145,0.06675073
4146,0.1385093
4147,0.017761474
4148,0.05947075
4149,0.096353345
4150,0.025999542
4151,0.036603972
4152,0.022459006
4153,0.015397177
4154,0.04081038
4155,0.081036136
4156,0.067562126
4157,0.10552259
4158,0.18694423
4159,0.19490881
4160,0.3579957
4161,0.74435604
4162,0.6821954
4163,0.38709816
4164,0.124609284
4165,0.0127322655
4166,0.043364156
4167,0.020006137
4168,0.062171746
4169,0.122238524
4170,0.0120205665
4171,0.030022731
4172,0.44570628
4173,0.05070604
4174,0.017923666
4175,0.05766152
4176,0.048800144
4177,0.11691136
4178,0.03666451
4179,0.053855717
4180,0.025616378
4181,0.041158944
4182,0.10958481
4183,0.12066323
4184,0.5402608
4185,0.40360785
4186,0.14405471
4187,0.76462
4188,0.40843174
4189,0.44190744
4190,0.13076535
4191,0.059207786
4192,0.030913662
4193,0.047724046
4194,0.051815365
4195,0.050414234
4196,0.038821574
4197,0.062109247
4198,0.42887396
4199,0.09993707
4200,0.37346393
4201,0.023380544
4202,0.1041428
4203,0.106233545
4204,0.109739035
4205,0.17765975
4206,0.044596512
4207,0.028449412
4208,0.019501349
4209,0.0595454
4210,0.1801353
4211,0.5305207
4212,0.3547096
4213,0.42522502
4214,0.15378946
4215,0.37591884
4216,0.16887598
4217,0.07655797
4218,0.031821836
4219,0.014305715
4220,0.020217262
4221,0.01817065
4222,0.03338885
4223,0.123648316
4224,0.12617877
4225,0.062749945
4226,0.20000134
4227,0.022846717
4228,0.066739805
4229,0.25224805
4230,0.046139203
4231,0.014250673
4232,0.019205553
4233,0.13900448
4234,0.14939739
4235,0.032645565
4236,0.14597015
4237,0.25548545
4238,0.08431942
4239,0.10785152
4240,0.029210242
4241,0.10097594
4242,0.08333973
4243,0.038076915
4244,0.1216926
4245,0.115686536
4246,0.036376517
4247,0.025254047
4248,0.013152237
4249,0.13915667
4250,0.0120032625
4251,0.061923575
4252,0.03817474
4253,0.045355022
4254,0.17037553
4255,0.048667163
4256,0.051572323
4257,0.0133182155
4258,0.05401589
4259,0.16612302
4260,0.37996906
4261,0.43107423
4262,0.053516723
4263,0.013923954
4264,0.015584668
4265,0.016943717
4266,0.024060445
4267,0.051783983
4268,0.023835165
4269,0.0800474
4270,0.12613545
4271,0.013859034
4272,0.021401742
4273,0.014744357
4274,0.036063723
4275,0.018563788
4276,0.10807041
4277,0.11172792
4278,0.2744031
4279,0.026506308
4280,0.01860264
4281,0.03627813
4282,0.097598664
4283,0.13183573
4284,0.25379938
4285,0.07649408
4286,0.01490878
4287,0.115649715
4288,0.031504203
4289,0.0153594995
4290,0.09008741
4291,0.11733309
4292,0.06353755
4293,0.013853832
4294,0.016514871
4295,0.023896901
4296,0.27224517
4297,0.037559938
4298,0.14127852
4299,0.08440643
4300,0.051349156
4301,0.020881347
4302,0.038236767
4303,0.112219475
4304,0.2592684
4305,0.047600195
4306,0.020921474
4307,0.036517903
4308,0.040183797
4309,0.057191987
4310,0.23222676
4311,0.06820352
4312,0.26772317
4313,0.10169019
4314,0.026879791
4315,0.061419494
4316,0.047166433
4317,0.031759728
4318,0.23171225
4319,0.052683566
4320,0.10400802
4321,0.023113355
4322,0.11231935
4323,0.060887855
4324,0.012526858
4325,0.26820254
4326,0.33156615
4327,0.12487445
4328,0.06743481
4329,0.10220506
4330,0.04587408
4331,0.034718607
4332,0.08295462
4333,0.08602865
4334,0.094609246
4335,0.69736975
4336,0.08593545
4337,0.08159576
4338,0.072691076
4339,0.037310537
4340,0.13463648
4341,0.45254314
4342,0.07078969
4343,0.124513894
4344,0.023050882
4345,0.03417457
4346,0.018255344
4347,0.04646691
4348,0.10977816
4349,0.038070258
4350,0.02590015
4351,0.055180073
4352,0.04398508
4353,0.016881406
4354,0.05298954
4355,0.015687915
4356,0.11887409
4357,0.042506106
4358,0.035526425
4359,0.07925753
4360,0.11177688
4361,0.022356281
4362,0.06616637
4363,0.48655295
4364,0.07013441
4365,0.100754105
4366,0.03848309
4367,0.03698411
4368,0.062473137
4369,0.059287608
4370,0.023405414
4371,0.40310764
4372,0.03253383
4373,0.0101882415
4374,0.018373635
4375,0.057889733
4376,0.09178666
4377,0.018950863
4378,0.11816824
4379,0.03722301
4380,0.024023123
4381,0.011322399
4382,0.052465618
4383,0.34775287
4384,0.030096611
4385,0.018336352
4386,0.012837609
4387,0.023282552
4388,0.054406513
4389,0.010893031
4390,0.03700091
4391,0.132201
4392,0.07494588
4393,0.0197511
4394,0.013736009
4395,0.016291577
4396,0.07924988
4397,0.13958098
4398,0.10200794
4399,0.065995835
4400,0.067336574
4401,0.02752858
4402,0.062050257
4403,0.016898206
4404,0.053402994
4405,0.19981061
4406,0.10480226
4407,0.0114221
4408,0.014216573
4409,0.0533532
4410,0.012837075
4411,0.014405939
4412,0.018326093
4413,0.011560033
4414,0.011439438
4415,0.016360955
4416,0.016452536
4417,0.021757456
4418,0.041866828
4419,0.06461018
4420,0.11852859
4421,0.11945267
4422,0.17456903
4423,0.014133179
4424,0.044558
4425,0.013850334
4426,0.025655372
4427,0.022372805
4428,0.016106857
4429,0.01450471
4430,0.014482401
4431,0.011769571
4432,0.07338127
4433,0.03139141
4434,0.051189758
4435,0.016115446
4436,0.016919175
4437,0.014691994
4438,0.08974956
4439,0.02556614
4440,0.050029367
4441,0.012314359
4442,0.011617527
4443,0.027511315
4444,0.023051856
4445,0.06604625
4446,0.012315009
4447,0.01197143
4448,0.109201096
4449,0.07144115
4450,0.062220156
4451,0.06371406
4452,0.10712058
4453,0.033537734
4454,0.0118675
4455,0.010278272
4456,0.07624757
4457,0.015017464
4458,0.07186711
4459,0.011970886
4460,0.11959601
4461,0.018774819
4462,0.023660636
4463,0.025292456
4464,0.011502519
4465,0.013490953
4466,0.050344132
4467,0.01231739
4468,0.013056951
4469,0.056183875
4470,0.060673203
4471,0.0306617
4472,0.16578549
4473,0.024321044
4474,0.024542063
4475,0.009391925
4476,0.01973238
4477,0.053965468
4478,0.019559724
4479,0.019382149
4480,0.031186698
4481,0.029519374
4482,0.012419034
4483,0.012995794
4484,0.017450571
4485,0.02756774
4486,0.06912722
4487,0.111443974
4488,0.017718919
4489,0.08686134
4490,0.019138243
4491,0.022130668
4492,0.032656156
4493,0.014587778
4494,0.02823166
4495,0.028787136
4496,0.049043402
4497,0.012989082
4498,0.030691404
4499,0.03143024
4500,0.030336471
4501,0.060931284
4502,0.08230732
4503,0.033229582
4504,0.029320111
4505,0.11370437
4506,0.03408076
4507,0.25030175
4508,0.3047808
4509,0.024016993
4510,0.036132902
4511,0.25709388
4512,0.05273224
4513,0.1769127
4514,0.060820006
4515,0.2981978
4516,0.037801754
4517,0.042398788
4518,0.012170437
4519,0.025153395
4520,0.18191445
4521,0.030381486
4522,0.61320394
4523,0.10676381
4524,0.13689654
4525,0.03871346
4526,0.021655047
4527,0.03764144
4528,0.02795544
4529,0.022885166
4530,0.013939941
4531,0.12986009
4532,0.076635666
4533,0.4748917
4534,0.41806895
4535,0.033846505
4536,0.0441149
4537,0.08795339
4538,0.15136221
4539,0.047629353
4540,0.041374046
4541,0.059850145
4542,0.05706303
4543,0.45863986
4544,0.17924568
4545,0.14766689
4546,0.46931812
4547,0.20268367
4548,0.3623044
4549,0.052032452
4550,0.26624364
4551,0.04044618
4552,0.04407232
4553,0.0365177
4554,0.035451498
4555,0.022338819
4556,0.16073887
4557,0.10469963
4558,0.05176167
4559,0.030405978
4560,0.056772728
4561,0.19586492
4562,0.02473667
4563,0.041048445
4564,0.056730773
4565,0.06216762
4566,0.02718437
4567,0.04667541
4568,0.094360664
4569,0.11222285
4570,0.029881457
4571,0.038228434
4572,0.26850155
4573,0.03687267
4574,0.2356559
4575,0.038367387
4576,0.021187535
4577,0.008254715
4578,0.014554602
4579,0.46979728
4580,0.09060165
4581,0.0117556155
4582,0.052587233
4583,0.25887942
4584,0.48467195
4585,0.009610009
4586,0.082501814
4587,0.042667948
4588,0.011435119
4589,0.016833859
4590,0.036339395
4591,0.008342651
4592,0.04053878
4593,0.06158599
4594,0.06215949
4595,0.26968879
4596,0.45354754
4597,0.016177418
4598,0.0133403735
4599,0.034303367
4600,0.01118798
4601,0.010656964
4602,0.01850076
4603,0.027080115
4604,0.15591814
4605,0.019588022
4606,0.047596637
4607,0.043762177
4608,0.021575253
4609,0.16978364
4610,0.631367
4611,0.03534124
4612,0.0170075
4613,0.021551877
4614,0.051099997
4615,0.047958225
4616,0.02420767
4617,0.023767537
4618,0.013848151
4619,0.104645506
4620,0.25770307
4621,0.09830142
4622,0.10660298
4623,0.06342397
4624,0.027973454
4625,0.031918664
4626,0.030939354
4627,0.054145906
4628,0.064753376
4629,0.05978284
4630,0.19973797
4631,0.015633464
4632,0.040413037
4633,0.0391496
4634,0.02043554
4635,0.019085214
4636,0.03138125
4637,0.046825416
4638,0.020467829
4639,0.06659691
4640,0.13507676
4641,0.2462285
4642,0.04441881
4643,0.039889775
4644,0.045534678
4645,0.11123914
4646,0.10228984
4647,0.021786192
4648,0.082170494
4649,0.029156571
4650,0.026582262
4651,0.011254119
4652,0.11833787
4653,0.029095437
4654,0.03411533
4655,0.02811675
4656,0.07355632
4657,0.0887279
4658,0.22378752
4659,0.13093595
4660,0.21448615
4661,0.06871931
4662,0.045499112
4663,0.016099645
4664,0.05668634
4665,0.046963975
4666,0.08097482
4667,0.038033083
4668,0.5761454
4669,0.1835196
4670,0.022056846
4671,0.11436384
4672,0.056957383
4673,0.042153724
4674,0.021702923
4675,0.0146141155
4676,0.01110177
4677,0.05493395
4678,0.013355251
4679,0.028458087
4680,0.021048646
4681,0.10090538
4682,0.054984126
4683,0.09114477
4684,0.07233381
4685,0.122005254
4686,0.22130744
4687,0.44987136
4688,0.0729617
4689,0.027543416
4690,0.07472353
4691,0.016770497
4692,0.053337656
4693,0.056832045
4694,0.042271364
4695,0.1318482
4696,0.047513273
4697,0.10104551
4698,0.05307975
4699,0.044243164
4700,0.01711597
4701,0.016532302
4702,0.1301467
4703,0.012365495
4704,0.033595715
4705,0.07651444
4706,0.034727123
4707,0.014052858
4708,0.032897152
4709,0.039207056
4710,0.05694991
4711,0.09496388
4712,0.13628529
4713,0.124670826
4714,0.23639694
4715,0.1306979
4716,0.13966367
4717,0.015638836
4718,0.12578164
4719,0.014868163
4720,0.053997166
4721,0.044883028
4722,0.091638155
4723,0.034239247
4724,0.033331368
4725,0.060175527
4726,0.028923329
4727,0.012588304
4728,0.059249483
4729,0.09576599
4730,0.029570606
4731,0.060303465
4732,0.0105318185
4733,0.01744783
4734,0.032693546
4735,0.07172019
4736,0.024885982
4737,0.04409166
4738,0.06925921
4739,0.07091753
4740,0.13908194
4741,0.41971165
4742,0.1209288
4743,0.13354956
4744,0.08234025
4745,0.09743865
4746,0.086809665
4747,0.112718694
4748,0.05842733
4749,0.011737651
4750,0.021905748
4751,0.27830824
4752,0.066219315
4753,0.10151175
4754,0.064051226
4755,0.10194703
4756,0.017365698
4757,0.024920478
4758,0.011373212
4759,0.022357572
4760,0.023051072
4761,0.04286974
4762,0.14938012
4763,0.069065295
4764,0.057238396
4765,0.12396469
4766,0.5740038
4767,0.11827712
4768,0.21915585
4769,0.07038173
4770,0.2686205
4771,0.18490525
4772,0.102189645
4773,0.08471507
4774,0.026296364
4775,0.11255114
4776,0.23826213
4777,0.051663976
4778,0.19158095
4779,0.11396513
4780,0.10793985
4781,0.017366454
4782,0.0332308
4783,0.052617867
4784,0.08756482
4785,0.01968128
4786,0.13102727
4787,0.14585002
4788,0.13887958
4789,0.09290935
4790,0.04150971
4791,0.12782569
4792,0.19266243
4793,0.26522246
4794,0.08190843
4795,0.077319615
4796,0.023161517
4797,0.012077852
4798,0.052257255
4799,0.52398133
4800,0.04592756
4801,0.065258555
4802,0.39628178
4803,0.25292918
4804,0.013744204
4805,0.029117433
4806,0.046338968
4807,0.061036415
4808,0.14147708
4809,0.24627171
4810,0.10502857
4811,0.11372511
4812,0.23436269
4813,0.14801934
4814,0.16872542
4815,0.1922985
4816,0.26772645
4817,0.098545045
4818,0.05533749
4819,0.106487796
4820,0.057156898
4821,0.26416808
4822,0.9381448
4823,0.06827124
4824,0.070087954
4825,0.3818239
4826,0.016154911
4827,0.050974518
4828,0.25723338
4829,0.017598594
4830,0.022070948
4831,0.050626297
4832,0.08988387
4833,0.018594842
4834,0.110021144
4835,0.2702976
4836,0.050870743
4837,0.10378271
4838,0.18621159
4839,0.15505807
4840,0.18396056
4841,0.3801138
4842,0.26640582
4843,0.1829362
4844,0.20055398
4845,0.15317565
4846,0.71481
4847,0.41245207
4848,0.3157984
4849,0.011030902
4850,0.0394959
4851,0.14399265
4852,0.030901846
4853,0.012014588
4854,0.013338206
4855,0.015997343
4856,0.06752009
4857,0.011797993
4858,0.031833965
4859,0.07236888
4860,0.11910899
4861,0.1180067
4862,0.12676635
4863,0.107602164
4864,0.23429033
4865,0.12214105
4866,0.027026176
4867,0.10195001
4868,0.1801257
4869,0.01675693
4870,0.09071899
4871,0.8284295
4872,0.97389144
4873,0.49254522
4874,0.010769551
4875,0.025089968
4876,0.09454185
4877,0.2678489
4878,0.08774661
4879,0.06826563
4880,0.013227801
4881,0.086202174
4882,0.104899555
4883,0.07143727
4884,0.012624526
4885,0.24460125
4886,0.016513996
4887,0.041450728
4888,0.12159796
4889,0.12626931
4890,0.06616272
4891,0.051662095
4892,0.13377185
4893,0.118089065
4894,0.02979458
4895,0.11961171
4896,0.09986165
4897,0.10267889
4898,0.84990966
4899,0.85309803
4900,0.5156493
4901,0.021179643
4902,0.071994275
4903,0.026636418
4904,0.01178551
4905,0.13875675
4906,0.08808127
4907,0.23345463
4908,0.04710257
4909,0.09204698
4910,0.033570375
4911,0.0699549
4912,0.12752497
4913,0.1535267
4914,0.1563203
4915,0.5160571
4916,0.28065223
4917,0.16771822
4918,0.13922216
4919,0.10368285
4920,0.09127558
4921,0.122455694
4922,0.051501866
4923,0.04249706
4924,0.17147343
4925,0.13512512
4926,0.09970764
4927,0.089228116
4928,0.031095693
4929,0.8683624
4930,0.98766816
4931,0.9448583
4932,0.035415534
4933,0.063724615
4934,0.22438796
4935,0.18784726
4936,0.023442803
4937,0.024955489
4938,0.024442699
4939,0.042185035
4940,0.1390469
4941,0.057633623
4942,0.38080353
4943,0.57994676
4944,0.10178465
4945,0.13209246
4946,0.11576506
4947,0.16908385
4948,0.0841937
4949,0.2260229
4950,0.19402494
4951,0.03045925
4952,0.13106036
4953,0.11264168
4954,0.12482164
4955,0.037757736
4956,0.026288446
4957,0.46921867
4958,0.39815965
4959,0.25608277
4960,0.07469125
4961,0.036055837
4962,0.098228276
4963,0.011864728
4964,0.07534727
4965,0.20173822
4966,0.03233352
4967,0.04689545
4968,0.049999047
4969,0.021680107
4970,0.037648518
4971,0.05021702
4972,0.04994788
4973,0.362223
4974,0.6606005
4975,0.27349767
4976,0.2674441
4977,0.14201173
4978,0.19058949
4979,0.16662821
4980,0.50416315
4981,0.10022988
4982,0.026749153
4983,0.03935902
4984,0.034356866
4985,0.14771046
4986,0.23428382
4987,0.09458051
4988,0.22525182
4989,0.26716092
4990,0.17171125
4991,1.0
4992,0.14286338
4993,0.02261736
4994,0.110349484
4995,0.17434692
4996,0.04791719
4997,0.046864014
4998,0.1084752
4999,0.07142304
5000,0.050397772
5001,0.07263613
5002,0.06083047
5003,0.13176724
5004,0.41414002
5005,0.27349648
5006,0.5959338
5007,0.27880946
5008,0.15187728
5009,0.1483612
5010,0.2616593
5011,0.028852368
5012,0.15957215
5013,0.07489971
5014,0.047428146
5015,0.26883528
5016,0.25254396
5017,0.060073365
5018,0.5822703
5019,0.26076415
5020,0.071319185
5021,0.111240685
5022,0.09458841
5023,0.050255857
5024,0.016627772
5025,0.018990183
5026,0.0480613
5027,0.08257001
5028,0.10664948
5029,0.11373569
5030,0.15228264
5031,0.26956394
5032,0.80175555
5033,0.48472583
5034,0.26813504
5035,0.583022
5036,0.11352537
5037,0.02802807
5038,0.07721247
5039,0.08584274
5040,0.2300479
5041,0.2052104
5042,0.0808732
5043,0.023487229
5044,0.07218106
5045,0.12287254
5046,0.017511422
5047,0.051519636
5048,0.09687496
5049,0.020700531
5050,0.03677742
5051,0.017623043
5052,0.013929102
5053,0.042024843
5054,0.08076876
5055,0.08078232
5056,0.114940174
5057,0.25294647
5058,0.1996172
5059,0.3506451
5060,0.73672855
5061,0.66983926
5062,0.367949
5063,0.12067078
5064,0.011430805
5065,0.044687245
5066,0.021344895
5067,0.055047084
5068,0.12341624
5069,0.01183107
5070,0.026953375
5071,0.52442783
5072,0.057257045
5073,0.017475124
5074,0.05674747
5075,0.04386425
5076,0.099804506
5077,0.029650072
5078,0.05194617
5079,0.025135761
5080,0.0191949
5081,0.01922573
5082,0.04231157
5083,0.10456673
5084,0.1272488
5085,0.5527153
5086,0.3929299
5087,0.1419598
5088,0.7585426
5089,0.3690498
5090,0.44381887
5091,0.12856244
5092,0.03420249
5093,0.045374084
5094,0.06440792
5095,0.052137308
5096,0.067228064
5097,0.4304223
5098,0.17686869
5099,0.2548558
5100,0.021587428
5101,0.10439963
5102,0.112442285
5103,0.12409415
5104,0.19096348
5105,0.04491924
5106,0.030679455
5107,0.014412811
5108,0.075917676
5109,0.16715202
5110,0.5213307
5111,0.35212767
5112,0.4455425
5113,0.24024147
5114,0.27836907
5115,0.1667484
5116,0.06052642
5117,0.031320866
5118,0.014305715
5119,0.01973608
5120,0.03151682
5121,0.02466523
5122,0.13662733
5123,0.14131753
5124,0.05340896
5125,0.20204327
5126,0.033966
5127,0.06834059
5128,0.33777848
5129,0.06543408
5130,0.015783064
5131,0.01509588
5132,0.14862292
5133,0.14429176
5134,0.03136654
5135,0.21950552
5136,0.19040433
5137,0.084839396
5138,0.105773136
5139,0.027582169
5140,0.08743802
5141,0.07220809
5142,0.034475606
5143,0.1181148
5144,0.119086884
5145,0.04875712
5146,0.025033979
5147,0.012012731
5148,0.21842223
5149,0.012007196
5150,0.015570981
5151,0.080940045
5152,0.055296067
5153,0.049153097
5154,0.17713986
5155,0.047796678
5156,0.054166608
5157,0.012044479
5158,0.055679988
5159,0.18036547
5160,0.35393468
5161,0.43526047
5162,0.05361764
5163,0.023832943
5164,0.053860053
5165,0.08459867
5166,0.13755094
5167,0.013511989
5168,0.024844492
5169,0.014881328
5170,0.045646686
5171,0.016139457
5172,0.012356123
5173,0.10949658
5174,0.11431797
5175,0.39597672
5176,0.037821107
5177,0.020442033
5178,0.03667291
5179,0.10046858
5180,0.13004091
5181,0.38485593
5182,0.05175303
5183,0.0130519355
5184,0.11607176
5185,0.03444806
5186,0.015180821
5187,0.110735424
5188,0.1137176
5189,0.06312277
5190,0.018460179
5191,0.21198669
5192,0.027919715
5193,0.019507641
5194,0.03577621
5195,0.14572267
5196,0.07751803
5197,0.04807835
5198,0.023146112
5199,0.03598946
5200,0.09198343
5201,0.25558472
5202,0.043805245
5203,0.018116618
5204,0.03953455
5205,0.043701384
5206,0.057632733
5207,0.22689416
5208,0.06251222
5209,0.18836701
5210,0.09849811
5211,0.025735721
5212,0.06384208
5213,0.057468634
5214,0.026812492
5215,0.13682225
5216,0.06861835
5217,0.01600492
5218,0.11610175
5219,0.023062855
5220,0.1088168
5221,0.07357435
5222,0.013218388
5223,0.013682268
5224,0.26728374
5225,0.5074499
5226,0.121014476
5227,0.07561087
5228,0.015085206
5229,0.10174262
5230,0.03886715
5231,0.028682856
5232,0.09808648
5233,0.09179804
5234,0.085818805
5235,0.80087787
5236,0.025118606
5237,0.0737735
5238,0.015356001
5239,0.07699641
5240,0.07161004
5241,0.020214632
5242,0.033010114
5243,0.1611419
5244,0.45738265
5245,0.0738302
5246,0.15286045
5247,0.025787776
5248,0.026809424
5249,0.038085226
5250,0.106740065
5251,0.037100513
5252,0.024558853
5253,0.05769547
5254,0.05475231
5255,0.019180704
5256,0.022324389
5257,0.051969215
5258,0.018023571
5259,0.11617532
5260,0.043236226
5261,0.014925381
5262,0.02887601
5263,0.080161534
5264,0.114208385
5265,0.025339244
5266,0.066604696
5267,0.4787204
5268,0.060111452
5269,0.112289086
5270,0.08016982
5271,0.058647428
5272,0.022324182
5273,0.41087002
5274,0.02884633
5275,0.016236968
5276,0.06445962
5277,0.12276603
5278,0.026938492
5279,0.11182737
5280,0.0414612
5281,0.031990517
5282,0.05124692
5283,0.3381307
5284,0.024135247
5285,0.0098725315
5286,0.019475028
5287,0.023589399
5288,0.07253019
5289,0.012891453
5290,0.040922463
5291,0.13839246
5292,0.077161945
5293,0.014271017
5294,0.024533235
5295,0.06513559
5296,0.09393766
5297,0.09904352
5298,0.073742114
5299,0.08295082
5300,0.030740453
5301,0.055106077
5302,0.016359283
5303,0.053892557
5304,0.25968
5305,0.13834848
5306,0.010910155
5307,0.054261886
5308,0.012989349
5309,0.014048694
5310,0.022663476
5311,0.020841813
5312,0.022810837
5313,0.012421716
5314,0.01121384
5315,0.019944899
5316,0.017933436
5317,0.018272914
5318,0.04006527
5319,0.06300647
5320,0.12596199
5321,0.009809651
5322,0.0690366
5323,0.0127885165
5324,0.13899322
5325,0.012534557
5326,0.19100808
5327,0.013249169
5328,0.01894519
5329,0.039248243
5330,0.0150804855
5331,0.015007909
5332,0.030676197
5333,0.03232276
5334,0.03173239
5335,0.013267245
5336,0.014717423
5337,0.066426374
5338,0.022897618
5339,0.031498823
5340,0.04372453
5341,0.016534962
5342,0.011137713
5343,0.10736658
5344,0.031677596
5345,0.051285993
5346,0.030521037
5347,0.018672166
5348,0.08387189
5349,0.012030973
5350,0.011745831
5351,0.13177769
5352,0.059316542
5353,0.05891741
5354,0.06396657
5355,0.013601553
5356,0.1502879
5357,0.03260954
5358,0.012628468
5359,0.09615622
5360,0.015093494
5361,0.06794487
5362,0.13632773
5363,0.02661136
5364,0.024799889
5365,0.036670722
5366,0.025063317
5367,0.026620623
5368,0.014886381
5369,0.012883881
5370,0.012436191
5371,0.044763044
5372,0.012470328
5373,0.012335584
5374,0.050065476
5375,0.0827935
5376,0.028495697
5377,0.012787548
5378,0.010455139
5379,0.12638506
5380,0.024730802
5381,0.016025748
5382,0.04153749
5383,0.05863502
5384,0.02079197
5385,0.01567101
5386,0.03311087
5387,0.02609379
5388,0.031854942
5389,0.01201884
5390,0.016571607
5391,0.030098964
5392,0.083737105
5393,0.1214111
5394,0.01588533
5395,0.08607923
5396,0.014515405
5397,0.018648105
5398,0.013519738
5399,0.017889922
5400,0.0427601
5401,0.021310594
5402,0.028419591
5403,0.05870316
5404,0.012989082
5405,0.037371438
5406,0.031264752
5407,0.03290665
5408,0.1006645
5409,0.044381425
5410,0.046287995
5411,0.02966921
5412,0.06364024
5413,0.31394765
5414,0.30305243
5415,0.02043466
5416,0.048569094
5417,0.23904623
5418,0.10441049
5419,0.28750387
5420,0.0395023
5421,0.15981653
5422,0.03985954
5423,0.05573933
5424,0.013271742
5425,0.024611514
5426,0.0144689325
5427,0.012038758
5428,0.23230806
5429,0.028921101
5430,0.6323589
5431,0.10644748
5432,0.032909926
5433,0.22097553
5434,0.041002616
5435,0.022625612
5436,0.020474352
5437,0.036252797
5438,0.029686224
5439,0.019814499
5440,0.18184556
5441,0.07603693
5442,0.4526062
5443,0.50390995
5444,0.049903557
5445,0.13112432
5446,0.16603152
5447,0.010673319
5448,0.009695441
5449,0.055353023
5450,0.03197683
5451,0.045206733
5452,0.04948697
5453,0.50303024
5454,0.09781687
5455,0.24416976
5456,0.5348921
5457,0.14013435
5458,0.01642855
5459,0.4459328
5460,0.05384211
5461,0.258558
5462,0.04418456
5463,0.03992197
5464,0.039461467
5465,0.031005314
5466,0.06187841
5467,0.07491433
5468,0.034558292
5469,0.09215592
5470,0.4292415
5471,0.030899813
5472,0.024890022
5473,0.039524972
5474,0.045069158
5475,0.05657402
5476,0.024784848
5477,0.039622083
5478,0.05678715
5479,0.10207771
5480,0.02796662
5481,0.04822938
5482,0.22120495
5483,0.043467775
5484,0.22698538
5485,0.04109867
5486,0.033442024
5487,0.02112701
5488,0.014284061
5489,0.01615843
5490,0.47552264
5491,0.049009416
5492,0.16653599
5493,0.35348
5494,0.009610009
5495,0.06752497
5496,0.037990153
5497,0.0216893
5498,0.022203369
5499,0.0095135225
5500,0.036178816
5501,0.008342651
5502,0.065449804
5503,0.06584464
5504,0.08210921
5505,0.24450342
5506,0.29139954
5507,0.016068945
5508,0.015940595
5509,0.035894144
5510,0.0104481485
5511,0.022534065
5512,0.02511263
5513,0.027392076
5514,0.23196955
5515,0.024552135
5516,0.04569906
5517,0.012108406
5518,0.0479568
5519,0.031713363
5520,0.27095604
5521,0.7293067
5522,0.035539776
5523,0.017055642
5524,0.02228987
5525,0.040239103
5526,0.04083374
5527,0.016160836
5528,0.024271308
5529,0.01108191
5530,0.12028722
5531,0.256632
5532,0.10561
5533,0.11789264
5534,0.11094041
5535,0.027837852
5536,0.034956444
5537,0.033759546
5538,0.044858776
5539,0.05579008
5540,0.05676267
5541,0.20767123
5542,0.016656127
5543,0.04025728
5544,0.03487161
5545,0.019633759
5546,0.022000067
5547,0.032897733
5548,0.04637488
5549,0.020923851
5550,0.020656716
5551,0.072689846
5552,0.12855074
5553,0.14603488
5554,0.03578056
5555,0.040234953
5556,0.037066884
5557,0.11321484
5558,0.092266984
5559,0.01730118
5560,0.08267515
5561,0.028920779
5562,0.011254119
5563,0.100176
5564,0.026560666
5565,0.03024558
5566,0.03179146
5567,0.068651356
5568,0.075126916
5569,0.13737397
5570,0.13321365
5571,0.21515878
5572,0.072997496
5573,0.045664947
5574,0.017376022
5575,0.05894927
5576,0.059016824
5577,0.10151994
5578,0.046562582
5579,0.5596023
5580,0.111294635
5581,0.12906297
5582,0.054411214
5583,0.07496593
5584,0.018779723
5585,0.013951199
5586,0.011476703
5587,0.012572962
5588,0.058030497
5589,0.024107976
5590,0.01163087
5591,0.028734764
5592,0.021630814
5593,0.105111964
5594,0.054521862
5595,0.09030027
5596,0.07253987
5597,0.121903755
5598,0.22058953
5599,0.44008765
5600,0.07195561
5601,0.03421082
5602,0.08052052
5603,0.02474458
5604,0.050420377
5605,0.057528436
5606,0.046907015
5607,0.12842403
5608,0.03952154
5609,0.124456
5610,0.04653047
5611,0.05938142
5612,0.03482905
5613,0.0165839
5614,0.13963722
5615,0.01150552
5616,0.03237226
5617,0.104897805
5618,0.037850507
5619,0.012650785
5620,0.025093345
5621,0.046483994
5622,0.06246742
5623,0.09363862
5624,0.13170588
5625,0.12192674
5626,0.22708489
5627,0.13173239
5628,0.13654701
5629,0.020354617
5630,0.10860134
5631,0.014468327
5632,0.049799144
5633,0.051666465
5634,0.07740972
5635,0.03254045
5636,0.018073156
5637,0.055111375
5638,0.031287096
5639,0.08373535
5640,0.11227866
5641,0.05747151
5642,0.0105318185
5643,0.017696911
5644,0.029743962
5645,0.07426783
5646,0.047091324
5647,0.0839318
5648,0.06910032
5649,0.13878179
5650,0.46732646
5651,0.12412287
5652,0.12905279
5653,0.074274726
5654,0.17302531
5655,0.08973341
5656,0.12190544
5657,0.06569074
5658,0.011612522
5659,0.018080533
5660,0.29201666
5661,0.067080066
5662,0.091794685
5663,0.06316465
5664,0.08489203
5665,0.018681234
5666,0.023658017
5667,0.011373212
5668,0.025950242
5669,0.02063421
5670,0.04041591
5671,0.1677866
5672,0.06916785
5673,0.056862842
5674,0.12955831
5675,0.6064493
5676,0.1299313
5677,0.017879818
5678,0.2209739
5679,0.07032873
5680,0.2491048
5681,0.17533588
5682,0.08843419
5683,0.019740669
5684,0.053547118
5685,0.09777746
5686,0.16665243
5687,0.04380131
5688,0.19353457
5689,0.110822655
5690,0.086844996
5691,0.015784316
5692,0.030319402
5693,0.050110586
5694,0.08092641
5695,0.026065486
5696,0.13569242
5697,0.13938163
5698,0.1402256
5699,0.117423326
5700,0.04373451
5701,0.13633916
5702,0.1862337
5703,0.2635648
5704,0.08544113
5705,0.059223026
5706,0.024313822
5707,0.053187385
5708,0.52731174
5709,0.03680316
5710,0.06291628
5711,0.3810258
5712,0.25317612
5713,0.01476848
5714,0.013618697
5715,0.050247185
5716,0.058937665
5717,0.18005745
5718,0.2257231
5719,0.10365569
5720,0.10647894
5721,0.23542811
5722,0.17293268
5723,0.16438228
5724,0.18001218
5725,0.26871404
5726,0.09804412
5727,0.05496169
5728,0.10867796
5729,0.053790197
5730,0.30480856
5731,0.92867374
5732,0.0677354
5733,0.051353022
5734,0.3808843
5735,0.016794708
5736,0.053383306
5737,0.24424365
5738,0.021756543
5739,0.05135858
5740,0.080562964
5741,0.020625172
5742,0.09441967
5743,0.013552047
5744,0.25358865
5745,0.052059412
5746,0.1033521
5747,0.17811888
5748,0.1457511
5749,0.19388096
5750,0.3785014
5751,0.26421636
5752,0.024382574
5753,0.24007729
5754,0.31642056
5755,0.22087564
5756,0.76005787
5757,0.4022254
5758,0.4601524
5759,0.038292173
5760,0.15095434
5761,0.039901357
5762,0.021009693
5763,0.012202728
5764,0.013299359
5765,0.018460827
5766,0.013266638
5767,0.07933755
5768,0.011513369
5769,0.011797993
5770,0.031833965
5771,0.07086248
5772,0.12103369
5773,0.1149397
5774,0.13422464
5775,0.10397095
5776,0.23763803
5777,0.11981559
5778,0.026122745
5779,0.119194105
5780,0.25266457
5781,0.18575
5782,0.8992165
5783,0.97179866
5784,0.49350622
5785,0.010810946
5786,0.022723395
5787,0.031884223
5788,0.076681785
5789,0.26873448
5790,0.0800475
5791,0.0646304
5792,0.012457588
5793,0.062036052
5794,0.10485475
5795,0.06971353
5796,0.012679451
5797,0.23671955
5798,0.016643118
5799,0.034266725
5800,0.12721592
5801,0.121858805
5802,0.0648243
5803,0.05627357
5804,0.14409776
5805,0.0909013
5806,0.027335688
5807,0.11012984
5808,0.1123961
5809,0.101424366
5810,0.8955122
5811,0.88363814
5812,0.5709509
5813,0.015214966
5814,0.1163029
5815,0.027570013
5816,0.1421792
5817,0.11383672
5818,0.2602102
5819,0.11330517
5820,0.026166888
5821,0.09291214
5822,0.13274196
5823,0.23635386
5824,0.1423266
5825,0.5222148
5826,0.28334564
5827,0.1558328
5828,0.13984148
5829,0.10496542
5830,0.08347256
5831,0.12297422
5832,0.04796708
5833,0.046738725
5834,0.1738987
5835,0.14230926
5836,0.08722968
5837,0.08480428
5838,0.028873889
5839,0.91316783
5840,0.98684084
5841,0.93905574
5842,0.03915962
5843,0.047060292
5844,0.35392162
5845,0.14188856
5846,0.030233571
5847,0.030822055
5848,0.024651257
5849,0.04108899
5850,0.11451427
5851,0.055832826
5852,0.42179042
5853,0.57867974
5854,0.095813856
5855,0.129032
5856,0.11529925
5857,0.16703455
5858,0.090422034
5859,0.22721796
5860,0.10570839
5861,0.036951814
5862,0.12214948
5863,0.111116946
5864,0.11482379
5865,0.036039155
5866,0.45362362
5867,0.40630987
5868,0.25314477
5869,0.08136672
5870,0.03188536
5871,0.105501905
5872,0.08068826
5873,0.19838989
5874,0.031981625
5875,0.05112155
5876,0.05328573
5877,0.021425454
5878,0.035291817
5879,0.050268985
5880,0.053415574
5881,0.25864318
5882,0.6524388
5883,0.42804164
5884,0.2700906
5885,0.1563733
5886,0.2016208
5887,0.24106142
5888,0.47920537
5889,0.17558978
5890,0.025643392
5891,0.05459069
5892,0.033498444
5893,0.14188205
5894,0.25764436
5895,0.09679851
5896,0.216092
5897,0.26831064
5898,0.14201874
5899,1.0
5900,0.124470934
5901,0.019059606
5902,0.11631158
5903,0.1656573
5904,0.022829738
5905,0.054984868
5906,0.093297146
5907,0.07111703
5908,0.059076667
5909,0.07055653
5910,0.058472663
5911,0.1362305
5912,0.41191435
5913,0.2790436
5914,0.59277964
5915,0.43407518
5916,0.1618943
5917,0.14640276
5918,0.26370054
5919,0.15548706
5920,0.07835291
5921,0.047655042
5922,0.43479836
5923,0.37512752
5924,0.06476639
5925,0.56488156
5926,0.37413755
5927,0.07068104
5928,0.10536107
5929,0.11100646
5930,0.052021183
5931,0.018269757
5932,0.02938973
5933,0.044342745
5934,0.09921071
5935,0.109568454
5936,0.1169175
5937,0.14246973
5938,0.28557512
5939,0.88209194
5940,0.4788612
5941,0.396978
5942,0.612551
5943,0.12446068
5944,0.0829065
5945,0.066421285
5946,0.16040234
5947,0.24965033
5948,0.08523122
5949,0.023485506
5950,0.009876177
5951,0.07190928
5952,0.13395074
5953,0.015254176
5954,0.05846977
5955,0.096867464
5956,0.027530754
5957,0.036421686
5958,0.023343544
5959,0.014605753
5960,0.04019561
5961,0.08330757
5962,0.059387125
5963,0.105849296
5964,0.2598421
5965,0.2587205
5966,0.33996627
5967,0.7614526
5968,0.673873
5969,0.27778116
5970,0.13474098
5971,0.011471412
5972,0.043582197
5973,0.019191133
5974,0.056240864
5975,0.117221996
5976,0.011952088
5977,0.02682716
5978,0.51956
5979,0.05737239
5980,0.017441321
5981,0.057000224
5982,0.047946155
5983,0.12446686
5984,0.030990588
5985,0.06569968
5986,0.018795708
5987,0.04369614
5988,0.0180319
5989,0.022628637
5990,0.04186389
5991,0.107333325
5992,0.12241103
5993,0.51938397
5994,0.40434736
5995,0.14428695
5996,0.75758594
5997,0.37668335
5998,0.44733366
5999,0.23237349
6000,0.053925052
6001,0.03242338
6002,0.035861745
6003,0.05108392
6004,0.050636288
6005,0.04351645
6006,0.06223428
6007,0.4141903
6008,0.19449505
6009,0.26350486
6010,0.022771679
6011,0.10617896
6012,0.11189468
6013,0.12319004
6014,0.20182031
6015,0.039530188
6016,0.026232425
6017,0.06531033
6018,0.1687427
6019,0.5748565
6020,0.36612326
6021,0.42177945
6022,0.14642632
6023,0.27399918
6024,0.16309564
6025,0.06656154
6026,0.031571813
6027,0.02612691
6028,0.14823003
6029,0.12647675
6030,0.052624516
6031,0.24565344
6032,0.023540588
6033,0.06581624
6034,0.24629876
6035,0.061862674
6036,0.013767801
6037,0.1328376
6038,0.14682685
6039,0.03253734
6040,0.0102640595
6041,0.21768865
6042,0.19142172
6043,0.0881408
6044,0.106297396
6045,0.024379231
6046,0.093276605
6047,0.07528829
6048,0.032711916
6049,0.13577537
6050,0.108304486
6051,0.037638042
6052,0.025271257
6053,0.012703558
6054,0.3393611
6055,0.012007196
6056,0.015700107
6057,0.09797529
6058,0.035551667
6059,0.048870686
6060,0.17354059
6061,0.04717284
6062,0.054627627
6063,0.013238379
6064,0.06065822
6065,0.18885398
6066,0.38513687
6067,0.4158499
6068,0.059803747
6069,0.019675186
6070,0.023897583
6071,0.06548079
6072,0.01574503
6073,0.06635701
6074,0.15701918
6075,0.013539762
6076,0.027755972
6077,0.014400789
6078,0.031223014
6079,0.018764166
6080,0.10190897
6081,0.11413243
6082,0.39559004
6083,0.038443375
6084,0.023013687
6085,0.03820855
6086,0.09227064
6087,0.11569488
6088,0.4088538
6089,0.051624827
6090,0.11770819
6091,0.035535365
6092,0.015894894
6093,0.121883795
6094,0.13367307
6095,0.08198491
6096,0.022242516
6097,0.012852987
6098,0.27648613
6099,0.02816921
6100,0.018076874
6101,0.037522368
6102,0.1570608
6103,0.08012593
6104,0.048429262
6105,0.027588831
6106,0.036438514
6107,0.0923388
6108,0.34246868
6109,0.046600815
6110,0.00936792
6111,0.022451017
6112,0.036027923
6113,0.05697592
6114,0.058044933
6115,0.22608246
6116,0.059353493
6117,0.25085273
6118,0.12005563
6119,0.02991286
6120,0.06376098
6121,0.044276625
6122,0.027655752
6123,0.23985103
6124,0.1003444
6125,0.01779231
6126,0.11046996
6127,0.060099564
6128,0.011576257
6129,0.013631045
6130,0.27020723
6131,0.51379764
6132,0.12575008
6133,0.08033339
6134,0.10982656
6135,0.042770904
6136,0.034270428
6137,0.0956682
6138,0.084267154
6139,0.10398796
6140,0.81391466
6141,0.07132868
6142,0.01686557
6143,0.08588371
6144,0.062706
6145,0.023025976
6146,0.037373897
6147,0.13512503
6148,0.44255313
6149,0.09520106
6150,0.11143436
6151,0.027942754
6152,0.020074088
6153,0.037832852
6154,0.10679902
6155,0.040919416
6156,0.03002447
6157,0.0678471
6158,0.053502332
6159,0.026298435
6160,0.019460449
6161,0.056636177
6162,0.021935664
6163,0.11312751
6164,0.043027326
6165,0.038672302
6166,0.013554555
6167,0.030429576
6168,0.08000135
6169,0.11703032
6170,0.022158625
6171,0.05310577
6172,0.47155496
6173,0.061015405
6174,0.1023505
6175,0.058929898
6176,0.05343979
6177,0.023457497
6178,0.40662724
6179,0.030871892
6180,0.011266145
6181,0.010681736
6182,0.01034451
6183,0.051375855
6184,0.10587808
6185,0.020289432
6186,0.012192368
6187,0.114002176
6188,0.034900967
6189,0.050848622
6190,0.35621688
6191,0.06514385
6192,0.02111197
6193,0.019735092
6194,0.022325533
6195,0.06258288
6196,0.011582769
6197,0.040587127
6198,0.15576947
6199,0.109516054
6200,0.0140324645
6201,0.027087333
6202,0.06318534
6203,0.10384219
6204,0.09500413
6205,0.077839166
6206,0.06662858
6207,0.028947743
6208,0.065540805
6209,0.016773771
6210,0.06803746
6211,0.26197618
6212,0.13783781
6213,0.05561376
6214,0.013731021
6215,0.01740335
6216,0.021140482
6217,0.017884906
6218,0.01939139
6219,0.0122929225
6220,0.016763048
6221,0.01121384
6222,0.015460236
6223,0.01903318
6224,0.0411023
6225,0.09065694
6226,0.14506741
6227,0.009809651
6228,0.06850076
6229,0.12588067
6230,0.011700559
6231,0.18212354
6232,0.012114764
6233,0.044174377
6234,0.015348435
6235,0.015020411
6236,0.02865661
6237,0.022816112
6238,0.024470503
6239,0.03177899
6240,0.014514359
6241,0.061008137
6242,0.023499707
6243,0.03150173
6244,0.015072279
6245,0.04415282
6246,0.016509347
6247,0.0114829745
6248,0.027850846
6249,0.09418641
6250,0.032510214
6251,0.051354565
6252,0.014584906
6253,0.009426219
6254,0.011391928
6255,0.028436879
6256,0.011886224
6257,0.012557514
6258,0.025158696
6259,0.07628296
6260,0.013748771
6261,0.013550592
6262,0.12560073
6263,0.062293157
6264,0.07960951
6265,0.063381836
6266,0.013601553
6267,0.1856318
6268,0.037716463
6269,0.012243549
6270,0.091154635
6271,0.017702686
6272,0.075637184
6273,0.13697301
6274,0.029503724
6275,0.013181435
6276,0.027097357
6277,0.028198266
6278,0.025754042
6279,0.027682783
6280,0.014446306
6281,0.015245023
6282,0.016055025
6283,0.013054578
6284,0.0125415865
6285,0.01224396
6286,0.04002564
6287,0.012658668
6288,0.052017264
6289,0.07075426
6290,0.14885649
6291,0.017232528
6292,0.037097238
6293,0.036938157
6294,0.06194256
6295,0.030288849
6296,0.015832962
6297,0.039947063
6298,0.01759357
6299,0.033594936
6300,0.012056923
6301,0.01296356
6302,0.030296491
6303,0.092406705
6304,0.11850767
6305,0.017727207
6306,0.08729652
6307,0.017571466
6308,0.028488172
6309,0.0393189
6310,0.029430708
6311,0.09902007
6312,0.01284958
6313,0.02888397
6314,0.035227556
6315,0.030070076
6316,0.04498201
6317,0.0664649
6318,0.047500838
6319,0.01048587
6320,0.045028057
6321,0.03427967
6322,0.04802104
6323,0.048398994
6324,0.31328467
6325,0.304306
6326,0.11119263
6327,0.41615883
6328,0.051252097
6329,0.31875786
6330,0.14447746
6331,0.12790579
6332,0.036382716
6333,0.1160556
6334,0.013318526
6335,0.02879577
6336,0.011415699
6337,0.27054656
6338,0.026682692
6339,0.7536696
6340,0.12560391
6341,0.15169062
6342,0.04104185
6343,0.02198892
6344,0.02053092
6345,0.04035109
6346,0.022617364
6347,0.029124629
6348,0.13787283
6349,0.113678604
6350,0.5750733
6351,0.5568795
6352,0.089402705
6353,0.069446355
6354,0.11277922
6355,0.17736594
6356,0.010501568
6357,0.010219315
6358,0.021554423
6359,0.04409308
6360,0.03436389
6361,0.04243641
6362,0.097252496
6363,0.03066062
6364,0.500384
6365,0.111168176
6366,0.27638212
6367,0.6181048
6368,0.10235873
6369,0.018870499
6370,0.49618703
6371,0.025364175
6372,0.07039509
6373,0.25293732
6374,0.04733746
6375,0.06949509
6376,0.03451384
6377,0.038519137
6378,0.030129801
6379,0.16017672
6380,0.107614696
6381,0.028103096
6382,0.07470451
6383,0.40557832
6384,0.030724727
6385,0.026162
6386,0.06623603
6387,0.042241335
6388,0.058852047
6389,0.026468236
6390,0.04540616
6391,0.08306127
6392,0.028813446
6393,0.049324475
6394,0.113999665
6395,0.3793508
6396,0.041217953
6397,0.032589577
6398,0.0133256465
6399,0.011918332
6400,0.00947695
6401,0.0125675835
6402,0.46040866
6403,0.1193225
6404,0.050244648
6405,0.31884682
6406,0.52219856
6407,0.080607355
6408,0.037992116
6409,0.02218134
6410,0.015313094
6411,0.009607281
6412,0.041584954
6413,0.010114163
6414,0.06778897
6415,0.060296997
6416,0.109814785
6417,0.36195695
6418,0.42665678
6419,0.01735004
6420,0.28041753
6421,0.036950585
6422,0.0108678695
6423,0.032106634
6424,0.026419606
6425,0.25190067
6426,0.018750422
6427,0.044478048
6428,0.012000601
6429,0.043231003
6430,0.01890956
6431,0.17947406
6432,0.7219301
6433,0.010143489
6434,0.033222437
6435,0.03599426
6436,0.041924927
6437,0.042344112
6438,0.020633884
6439,0.011578394
6440,0.10525303
6441,0.19338202
6442,0.12536943
6443,0.08536636
6444,0.09957014
6445,0.024799075
6446,0.031308983
6447,0.035253625
6448,0.045616437
6449,0.076643676
6450,0.059371904
6451,0.19221035
6452,0.022453645
6453,0.034878567
6454,0.03489361
6455,0.023273941
6456,0.029966341
6457,0.030750604
6458,0.046021126
6459,0.009822335
6460,0.07632712
6461,0.020714903
6462,0.025881639
6463,0.078565545
6464,0.14551017
6465,0.18599267
6466,0.03555317
6467,0.04383498
6468,0.05344129
6469,0.12501375
6470,0.065764666
6471,0.022148823
6472,0.058235727
6473,0.026745109
6474,0.014746313
6475,0.028248742
6476,0.11608162
6477,0.0320034
6478,0.029600931
6479,0.030927101
6480,0.06335721
6481,0.08516463
6482,0.22323193
6483,0.200887
6484,0.14299299
6485,0.07333187
6486,0.045501992
6487,0.017240018
6488,0.057243995
6489,0.047872346
6490,0.011459079
6491,0.012782606
6492,0.09646922
6493,0.043306645
6494,0.57353467
6495,0.123768896
6496,0.035324194
6497,0.013178817
6498,0.12342127
6499,0.04118419
6500,0.089322165
6501,0.022714471
6502,0.016754216
6503,0.011036024
6504,0.055462196
6505,0.011714086
6506,0.0188312
6507,0.024529843
6508,0.11156305
6509,0.06041884
6510,0.085527495
6511,0.08295619
6512,0.12099809
6513,0.22654597
6514,0.46484026
6515,0.07299318
6516,0.03764038
6517,0.080997
6518,0.025809703
6519,0.06396688
6520,0.078162
6521,0.060433846
6522,0.12711473
6523,0.038828224
6524,0.12836197
6525,0.05797947
6526,0.0563679
6527,0.032815486
6528,0.014043145
6529,0.018751385
6530,0.14640127
6531,0.013435586
6532,0.02859312
6533,0.09048398
6534,0.04317646
6535,0.012046857
6536,0.02649129
6537,0.073720194
6538,0.06411917
6539,0.095773265
6540,0.12976149
6541,0.12112101
6542,0.38011023
6543,0.13489814
6544,0.13816044
6545,0.021369362
6546,0.11467668
6547,0.016344255
6548,0.051982462
6549,0.037415553
6550,0.092652336
6551,0.044040192
6552,0.017915394
6553,0.052849587
6554,0.036773108
6555,0.06206638
6556,0.082338944
6557,0.036535207
6558,0.051747024
6559,0.010403225
6560,0.025836261
6561,0.072910115
6562,0.016833713
6563,0.050808344
6564,0.07549531
6565,0.064020276
6566,0.13887645
6567,0.4765305
6568,0.1216218
6569,0.13498537
6570,0.07312693
6571,0.09928902
6572,0.086631805
6573,0.099993385
6574,0.07718522
6575,0.011455227
6576,0.019066539
6577,0.29272652
6578,0.0729976
6579,0.116200715
6580,0.06560618
6581,0.08727175
6582,0.018514043
6583,0.024222301
6584,0.04596729
6585,0.18063693
6586,0.07233992
6587,0.06691699
6588,0.12533109
6589,0.5498921
6590,0.11030791
6591,0.01764207
6592,0.34885463
6593,0.07042169
6594,0.25798252
6595,0.25104353
6596,0.085608676
6597,0.05187086
6598,0.08840432
6599,0.16344336
6600,0.0505263
6601,0.15145805
6602,0.10109159
6603,0.011421994
6604,0.0802902
6605,0.01571728
6606,0.025574418
6607,0.05500844
6608,0.08560408
6609,0.019424723
6610,0.13760377
6611,0.1459262
6612,0.13507852
6613,0.101896904
6614,0.045652065
6615,0.12451083
6616,0.18528092
6617,0.26426223
6618,0.095730186
6619,0.0118482215
6620,0.058715817
6621,0.027685508
6622,0.015403538
6623,0.05623177
6624,0.51494014
6625,0.049214404
6626,0.08217355
6627,0.39818355
6628,0.25031275
6629,0.017927205
6630,0.015440661
6631,0.013160113
6632,0.050588395
6633,0.054300845
6634,0.23682667
6635,0.23685078
6636,0.10281996
6637,0.10876572
6638,0.23395859
6639,0.17260015
6640,0.16770202
6641,0.18526042
6642,0.35873294
6643,0.09757846
6644,0.02751949
6645,0.05424619
6646,0.11323251
6647,0.05704219
6648,0.38884452
6649,0.9578523
6650,0.07924663
6651,0.04967652
6652,0.38362327
6653,0.016903194
6654,0.051974785
6655,0.25802964
6656,0.020022308
6657,0.05400349
6658,0.07874951
6659,0.018880088
6660,0.06452385
6661,0.45254862
6662,0.049112383
6663,0.1030623
6664,0.25539663
6665,0.15813702
6666,0.2645892
6667,0.3675942
6668,0.26009023
6669,0.18172699
6670,0.34617713
6671,0.22714193
6672,0.7686583
6673,0.45122212
6674,0.45098653
6675,0.0118157
6676,0.027825609
6677,0.15608954
6678,0.038950875
6679,0.021215739
6680,0.019062888
6681,0.013232728
6682,0.07690441
6683,0.011513369
6684,0.011797993
6685,0.032506328
6686,0.07180737
6687,0.11933987
6688,0.11664469
6689,0.12751424
6690,0.10407191
6691,0.24296546
6692,0.12891546
6693,0.030777268
6694,0.13178888
6695,0.17995755
6696,0.021277158
6697,0.15892953
6698,0.9111373
6699,0.9808709
6700,0.45116428
6701,0.010623065
6702,0.026738305
6703,0.020933924
6704,0.07594128
6705,0.26553142
6706,0.094037406
6707,0.020657247
6708,0.071853235
6709,0.012836877
6710,0.061507057
6711,0.094029054
6712,0.07088862
6713,0.013471683
6714,0.26291624
6715,0.016353933
6716,0.03241286
6717,0.12717257
6718,0.12483026
6719,0.07943734
6720,0.054359704
6721,0.13921799
6722,0.16885173
6723,0.010617738
6724,0.02724351
6725,0.09447382
6726,0.12681212
6727,0.17711724
6728,0.929732
6729,0.94818664
6730,0.6033913
6731,0.0172068
6732,0.11043606
6733,0.028308833
6734,0.24312043
6735,0.100955606
6736,0.24960813
6737,0.044983633
6738,0.10612742
6739,0.028893461
6740,0.103866145
6741,0.11665631
6742,0.23788002
6743,0.12959486
6744,0.5245303
6745,0.28121772
6746,0.13954479
6747,0.14532076
6748,0.10504203
6749,0.07086985
6750,0.12600146
6751,0.05350211
6752,0.04498608
6753,0.16220756
6754,0.14084588
6755,0.0872534
6756,0.083958596
6757,0.03134055
6758,0.888593
6759,0.98817724
6760,0.94871897
6761,0.050318386
6762,0.047020745
6763,0.22131535
6764,0.015152427
6765,0.18698236
6766,0.022473115
6767,0.012002882
6768,0.020663006
6769,0.034475047
6770,0.04125347
6771,0.11981734
6772,0.057443682
6773,0.4185836
6774,0.57942694
6775,0.088278644
6776,0.12389654
6777,0.11246146
6778,0.17283086
6779,0.07786886
6780,0.31381857
6781,0.10537966
6782,0.031685885
6783,0.1070904
6784,0.13206284
6785,0.11481314
6786,0.039312836
6787,0.026225118
6788,0.43907443
6789,0.39361665
6790,0.2628925
6791,0.10390956
6792,0.029081536
6793,0.107125424
6794,0.07288494
6795,0.25924724
6796,0.03714506
6797,0.05122853
6798,0.051845066
6799,0.03732022
6800,0.050039656
6801,0.051239535
6802,0.256285
6803,0.66155136
6804,0.41014713
6805,0.26524144
6806,0.1354038
6807,0.18695822
6808,0.24987966
6809,0.5088767
6810,0.1867308
6811,0.028962383
6812,0.047291763
6813,0.035593607
6814,0.14833306
6815,0.20100132
6816,0.09121064
6817,0.31649086
6818,0.27358016
6819,0.18040806
6820,1.0
6821,0.18989223
6822,0.016362583
6823,0.19459334
6824,0.14496604
6825,0.022277407
6826,0.048671637
6827,0.10510123
6828,0.07342752
6829,0.068059064
6830,0.060217816
6831,0.06380562
6832,0.13600728
6833,0.4103175
6834,0.27331996
6835,0.57820743
6836,0.4643673
6837,0.22257814
6838,0.1537472
6839,0.25877762
6840,0.16289522
6841,0.08896731
6842,0.046638954
6843,0.43517068
6844,0.2645688
6845,0.065131426
6846,0.60478747
6847,0.34043977
6848,0.011434336
6849,0.07654659
6850,0.094818786
6851,0.09369016
6852,0.056468304
6853,0.014126558
6854,0.021590326
6855,0.03692908
6856,0.06805263
6857,0.111314535
6858,0.11271299
6859,0.12915933
6860,0.3858453
6861,0.93391037
6862,0.52189636
6863,0.396384
6864,0.58358204
6865,0.12677024
6866,0.07846449
6867,0.067360334
6868,0.14881773
6869,0.20036717
6870,0.07369957
6871,0.024330983
6872,0.068639345
6873,0.12362654
6874,0.018180616
6875,0.050842773
6876,0.09626778
6877,0.017139051
6878,0.04620657
6879,0.024551043
6880,0.0137180025
6881,0.043005344
6882,0.084503785
6883,0.061315816
6884,0.10869344
6885,0.25749692
6886,0.2535053
6887,0.34147868
6888,0.7038082
6889,0.67163646
6890,0.38280317
6891,0.12368216
6892,0.0103985155
6893,0.056947805
6894,0.018297998
6895,0.053948727
6896,0.11466475
6897,0.016891882
6898,0.5882293
6899,0.12610234
6900,0.016662644
6901,0.060180765
6902,0.04804307
6903,0.11473907
6904,0.03220842
6905,0.058251318
6906,0.041836932
6907,0.01739565
6908,0.018968076
6909,0.040885486
6910,0.10543554
6911,0.12792979
6912,0.55678684
6913,0.40062892
6914,0.15011346
6915,0.73988116
6916,0.41176504
6917,0.45071596
6918,0.12632982
6919,0.043466195
6920,0.03094262
6921,0.03460778
6922,0.051491823
6923,0.04829506
6924,0.037399653
6925,0.069722496
6926,0.4243733
6927,0.19141649
6928,0.35610452
6929,0.021796132
6930,0.100054204
6931,0.099930964
6932,0.13713108
6933,0.19135244
6934,0.046628736
6935,0.02873309
6936,0.057600692
6937,0.23944862
6938,0.5778989
6939,0.36237487
6940,0.4540327
6941,0.22229466
6942,0.37193227
6943,0.16705288
6944,0.07718671
6945,0.031751134
6946,0.02213152
6947,0.032702092
6948,0.026182191
6949,0.13048486
6950,0.12802094
6951,0.05810656
6952,0.35070482
6953,0.021947851
6954,0.06391118
6955,0.3342987
6956,0.050024603
6957,0.009720459
6958,0.013338587
6959,0.13070452
6960,0.22073679
6961,0.03267009
6962,0.21769789
6963,0.25488263
6964,0.08008326
6965,0.10671583
6966,0.025506519
6967,0.08863722
6968,0.08461667
6969,0.02870705
6970,0.12407347
6971,0.087931044
6972,0.04117266
6973,0.030159896
6974,0.0118557215
6975,0.2088514
6976,0.012007196
6977,0.09731413
6978,0.036410835
6979,0.04269229
6980,0.16524084
6981,0.046690997
6982,0.054278158
6983,0.014725143
6984,0.07673361
6985,0.1878204
6986,0.37958065
6987,0.43000957
6988,0.061630994
6989,0.014845903
6990,0.023956211
6991,0.053829256
6992,0.015620429
6993,0.0677959
6994,0.14190651
6995,0.013215806
6996,0.029325698
6997,0.014872186
6998,0.022027405
6999,0.01324078
7000,0.10527306
7001,0.10958077
7002,0.3907308
7003,0.028870149
7004,0.040831327
7005,0.09271728
7006,0.1130395
7007,0.40328598
7008,0.06710469
7009,0.025819201
7010,0.0127557535
7011,0.11483725
7012,0.03565008
7013,0.015785879
7014,0.10595105
7015,0.20896012
7016,0.07983096
7017,0.025247784
7018,0.012611869
7019,0.2727682
7020,0.025274288
7021,0.03429923
7022,0.14760672
7023,0.080120966
7024,0.05050088
7025,0.022016706
7026,0.04112158
7027,0.07218132
7028,0.26378345
7029,0.040829282
7030,0.009283803
7031,0.024521139
7032,0.043534365
7033,0.057358667
7034,0.06306707
7035,0.24314474
7036,0.056930657
7037,0.25757173
7038,0.10488102
7039,0.02808053
7040,0.05447155
7041,0.044700697
7042,0.02765109
7043,0.2249346
7044,0.0159163
7045,0.14927469
7046,0.01889228
7047,0.10811308
7048,0.058273077
7049,0.01125355
7050,0.013533889
7051,0.2649923
7052,0.5009983
7053,0.2012344
7054,0.08413122
7055,0.0151065225
7056,0.094765685
7057,0.036045186
7058,0.029948274
7059,0.10868526
7060,0.09403433
7061,0.10202001
7062,0.805714
7063,0.07417949
7064,0.020462135
7065,0.07690559
7066,0.08545146
7067,0.019149905
7068,0.040849738
7069,0.15794496
7070,0.42523128
7071,0.11156457
7072,0.12024196
7073,0.02683933
7074,0.025065074
7075,0.03905054
7076,0.105753936
7077,0.048210304
7078,0.027422609
7079,0.075321734
7080,0.04357373
7081,0.026228573
7082,0.01546477
7083,0.094132155
7084,0.017653923
7085,0.11668114
7086,0.043928664
7087,0.040467605
7088,0.014999577
7089,0.03238865
7090,0.114861034
7091,0.12722209
7092,0.021033056
7093,0.07564314
7094,0.54301864
7095,0.072515026
7096,0.09992059
7097,0.038955696
7098,0.06654009
7099,0.05646952
7100,0.015505358
7101,0.30785075
7102,0.03510537
7103,0.009989216
7104,0.016013654
7105,0.05094306
7106,0.104192
7107,0.019635271
7108,0.11355251
7109,0.039029654
7110,0.023107296
7111,0.05247468
7112,0.35535702
7113,0.10020644
7114,0.025914833
7115,0.020620747
7116,0.016026914
7117,0.07534703
7118,0.0409496
7119,0.0094270995
7120,0.17524704
7121,0.09032241
7122,0.016977157
7123,0.062702686
7124,0.12916762
7125,0.09615317
7126,0.0680596
7127,0.05994629
7128,0.029803867
7129,0.06086
7130,0.016334038
7131,0.08391154
7132,0.26006237
7133,0.11829407
7134,0.01077087
7135,0.011189552
7136,0.05573081
7137,0.018397436
7138,0.02229094
7139,0.01773641
7140,0.018526891
7141,0.013012259
7142,0.0164314
7143,0.01121384
7144,0.025301322
7145,0.015520434
7146,0.018156648
7147,0.057639264
7148,0.060188875
7149,0.12401208
7150,0.080213286
7151,0.1504556
7152,0.14939925
7153,0.011905948
7154,0.051090747
7155,0.015865425
7156,0.016245974
7157,0.032120172
7158,0.024511136
7159,0.017843228
7160,0.03164593
7161,0.014337808
7162,0.014859409
7163,0.012072681
7164,0.011769571
7165,0.07084937
7166,0.0235836
7167,0.031322133
7168,0.015040044
7169,0.013862903
7170,0.045699425
7171,0.01855951
7172,0.01081955
7173,0.108215936
7174,0.024031745
7175,0.055649295
7176,0.013590543
7177,0.009342104
7178,0.011350533
7179,0.027868556
7180,0.011886224
7181,0.023012755
7182,0.117329285
7183,0.015436751
7184,0.07963507
7185,0.012263231
7186,0.14170928
7187,0.060976997
7188,0.065021865
7189,0.051276132
7190,0.19050781
7191,0.0393832
7192,0.013710285
7193,0.011099713
7194,0.08796884
7195,0.016674273
7196,0.078947775
7197,0.010416968
7198,0.1256206
7199,0.02750929
7200,0.01291443
7201,0.026369102
7202,0.025134293
7203,0.031869777
7204,0.027502475
7205,0.025608687
7206,0.02050154
7207,0.017867165
7208,0.012127133
7209,0.012328952
7210,0.040421683
7211,0.012744092
7212,0.012369647
7213,0.010783689
7214,0.04771529
7215,0.061884705
7216,0.029143102
7217,0.010902639
7218,0.19141753
7219,0.017257381
7220,0.06606014
7221,0.009391925
7222,0.020920096
7223,0.02928345
7224,0.07613439
7225,0.026239682
7226,0.032206215
7227,0.032849506
7228,0.012651888
7229,0.0128481705
7230,0.014272005
7231,0.027723223
7232,0.09073547
7233,0.13686997
7234,0.093746565
7235,0.015457357
7236,0.017805757
7237,0.028219124
7238,0.07750051
7239,0.020893373
7240,0.03246108
7241,0.046175092
7242,0.012553402
7243,0.029497098
7244,0.033984702
7245,0.027844978
7246,0.05911549
7247,0.1021469
7248,0.038857564
7249,0.010508963
7250,0.03221764
7251,0.021522872
7252,0.08318805
7253,0.048341937
7254,0.06904302
7255,0.22280745
7256,0.29577172
7257,0.021218874
7258,0.1006384
7259,0.2819189
7260,0.049469538
7261,0.451058
7262,0.09532428
7263,0.11759735
7264,0.034497365
7265,0.02127367
7266,0.10493689
7267,0.034108218
7268,0.014337947
7269,0.011466125
7270,0.15079731
7271,0.028638132
7272,0.8058169
7273,0.1539891
7274,0.039876133
7275,0.027202846
7276,0.14550687
7277,0.04392048
7278,0.022573246
7279,0.015102957
7280,0.04902208
7281,0.030470854
7282,0.013878617
7283,0.021573683
7284,0.028759576
7285,0.114523046
7286,0.12816374
7287,0.5021473
7288,0.50190604
7289,0.04186323
7290,0.05712536
7291,0.1961878
7292,0.14686175
7293,0.01921713
7294,0.047022656
7295,0.040090404
7296,0.04298933
7297,0.060457394
7298,0.4965288
7299,0.11044881
7300,0.39377677
7301,0.6064779
7302,0.06387545
7303,0.024143677
7304,0.48906076
7305,0.057844378
7306,0.29146513
7307,0.05989997
7308,0.04609809
7309,0.03254558
7310,0.035554703
7311,0.2066416
7312,0.10912581
7313,0.064774625
7314,0.032664094
7315,0.048105925
7316,0.41199043
7317,0.03387305
7318,0.025098188
7319,0.07686465
7320,0.033910066
7321,0.06375794
7322,0.086873144
7323,0.054899134
7324,0.10665913
7325,0.02710393
7326,0.054574665
7327,0.21185108
7328,0.1722393
7329,0.07755403
7330,0.030768864
7331,0.008254715
7332,0.015199895
7333,0.5383082
7334,0.12135867
7335,0.061320685
7336,0.45048228
7337,0.53926784
7338,0.08242881
7339,0.05049998
7340,0.01690006
7341,0.015091089
7342,0.032984674
7343,0.011474992
7344,0.11200504
7345,0.06170465
7346,0.016155196
7347,0.060930885
7348,0.24068661
7349,0.45289445
7350,0.011413174
7351,0.01369579
7352,0.0137472395
7353,0.058160067
7354,0.011040775
7355,0.023609318
7356,0.04910324
7357,0.029932996
7358,0.26977208
7359,0.024966158
7360,0.049764045
7361,0.009779598
7362,0.043166023
7363,0.03741206
7364,0.022113893
7365,0.21191381
7366,0.5931548
7367,0.02431242
7368,0.058930404
7369,0.01477513
7370,0.019088233
7371,0.044617712
7372,0.0523568
7373,0.011872102
7374,0.022910595
7375,0.014318683
7376,0.120138064
7377,0.18257484
7378,0.122886084
7379,0.0783154
7380,0.05723106
7381,0.02429593
7382,0.03146343
7383,0.033609446
7384,0.040155534
7385,0.07765301
7386,0.058290504
7387,0.19043282
7388,0.018018996
7389,0.04018164
7390,0.034273855
7391,0.02777256
7392,0.033411607
7393,0.032350086
7394,0.04646851
7395,0.020707404
7396,0.024537954
7397,0.09611561
7398,0.13906023
7399,0.24952558
7400,0.038390204
7401,0.040877454
7402,0.05730318
7403,0.11645875
7404,0.065747395
7405,0.022166813
7406,0.060546376
7407,0.016356187
7408,0.024936857
7409,0.05391998
7410,0.11616784
7411,0.027437912
7412,0.027092129
7413,0.030391874
7414,0.06058139
7415,0.07228976
7416,0.1375685
7417,0.14605755
7418,0.2196089
7419,0.074178316
7420,0.03983253
7421,0.01622312
7422,0.075824596
7423,0.055936195
7424,0.012373004
7425,0.0944285
7426,0.04371291
7427,0.6145397
7428,0.11333161
7429,0.022299964
7430,0.12615825
7431,0.04224829
7432,0.04815426
7433,0.017362969
7434,0.016531643
7435,0.010719137
7436,0.096403256
7437,0.02038163
7438,0.013455836
7439,0.028976092
7440,0.027140023
7441,0.094822936
7442,0.04936295
7443,0.16210632
7444,0.06984377
7445,0.121949404
7446,0.34383947
7447,0.4081943
7448,0.07198361
7449,0.027772667
7450,0.0753375
7451,0.021417296
7452,0.049604822
7453,0.010337692
7454,0.09327809
7455,0.05877506
7456,0.109457694
7457,0.058765933
7458,0.12839359
7459,0.043232124
7460,0.047342014
7461,0.03181517
7462,0.016106244
7463,0.017639482
7464,0.13549028
7465,0.011816266
7466,0.028815573
7467,0.088536695
7468,0.029522127
7469,0.014752031
7470,0.025590532
7471,0.05501939
7472,0.06475615
7473,0.09538846
7474,0.13998455
7475,0.12167651
7476,0.22392352
7477,0.12704755
7478,0.1452555
7479,0.016694209
7480,0.13677216
7481,0.05286828
7482,0.05838863
7483,0.09267049
7484,0.053765774
7485,0.056476835
7486,0.04751119
7487,0.053174477
7488,0.08106282
7489,0.03235238
7490,0.059815034
7491,0.010312699
7492,0.020869343
7493,0.025862468
7494,0.025920896
7495,0.07577587
7496,0.017547049
7497,0.04360015
7498,0.08300255
7499,0.063882135
7500,0.13047864
7501,0.4670492
7502,0.1273318
7503,0.14493766
7504,0.08840422
7505,0.10520958
7506,0.07887681
7507,0.10196874
7508,0.06166864
7509,0.018210532
7510,0.26056835
7511,0.07229945
7512,0.11356812
7513,0.05408813
7514,0.0840399
7515,0.01840355
7516,0.0185437
7517,0.030356523
7518,0.04517828
7519,0.16501467
7520,0.07227372
7521,0.06428341
7522,0.12876551
7523,0.598942
7524,0.11436055
7525,0.01968331
7526,0.32962134
7527,0.07331157
7528,0.26628762
7529,0.26018092
7530,0.08410113
7531,0.07284101
7532,0.031918235
7533,0.08599254
7534,0.18019159
7535,0.04144168
7536,0.17768513
7537,0.094519846
7538,0.082788475
7539,0.016632618
7540,0.016621178
7541,0.05455712
7542,0.08200413
7543,0.018038053
7544,0.13588287
7545,0.147406
7546,0.13829938
7547,0.10912975
7548,0.044950545
7549,0.13988094
7550,0.18678282
7551,0.25775442
7552,0.072047666
7553,0.011596652
7554,0.09382066
7555,0.037775103
7556,0.054536957
7557,0.45892045
7558,0.036702633
7559,0.08716678
7560,0.38512045
7561,0.23753433
7562,0.017816585
7563,0.016638111
7564,0.01207224
7565,0.015545735
7566,0.0457253
7567,0.053812012
7568,0.15653835
7569,0.17906305
7570,0.17536078
7571,0.10715331
7572,0.23268211
7573,0.23248613
7574,0.17740051
7575,0.2595545
7576,0.36265045
7577,0.09948149
7578,0.084690705
7579,0.09062113
7580,0.057451166
7581,0.29849157
7582,0.964343
7583,0.0854373
7584,0.040169153
7585,0.3868887
7586,0.01782267
7587,0.054758474
7588,0.25306278
7589,0.017940361
7590,0.018811058
7591,0.057507616
7592,0.08352922
7593,0.027689025
7594,0.071555994
7595,0.26579714
7596,0.051274415
7597,0.10221716
7598,0.25545096
7599,0.15420826
7600,0.20058154
7601,0.37263972
7602,0.1922363
7603,0.024349295
7604,0.24387138
7605,0.34957516
7606,0.2430864
7607,0.7783818
7608,0.439748
7609,0.4295524
7610,0.010769551
7611,0.030371357
7612,0.15623622
7613,0.045082405
7614,0.01623155
7615,0.013609633
7616,0.009931607
7617,0.07285036
7618,0.0116694
7619,0.032445326
7620,0.07369837
7621,0.11855155
7622,0.11537129
7623,0.12592506
7624,0.09563509
7625,0.23683196
7626,0.14002317
7627,0.030065345
7628,0.1216147
7629,0.2566913
7630,0.026262995
7631,0.13161045
7632,0.9367613
7633,0.97830373
7634,0.5386317
7635,0.010623065
7636,0.023302564
7637,0.08230662
7638,0.29511422
7639,0.09236889
7640,0.06307431
7641,0.06814147
7642,0.08875244
7643,0.07190873
7644,0.012446913
7645,0.40066412
7646,0.016610883
7647,0.031336345
7648,0.11890787
7649,0.11939469
7650,0.068636134
7651,0.05819903
7652,0.21439858
7653,0.17356029
7654,0.010617738
7655,0.026936863
7656,0.18045293
7657,0.13274765
7658,0.11803839
7659,0.96202964
7660,0.93131053
7661,0.7188299
7662,0.01191798
7663,0.014836526
7664,0.05632749
7665,0.027862921
7666,0.17590132
7667,0.1207741
7668,0.25882992
7669,0.0462562
7670,0.110256284
7671,0.033267293
7672,0.10617943
7673,0.1288431
7674,0.15268469
7675,0.12938598
7676,0.53214705
7677,0.29445744
7678,0.22061922
7679,0.13912964
7680,0.104589716
7681,0.065742895
7682,0.12480321
7683,0.05177965
7684,0.05118057
7685,0.027560545
7686,0.14972267
7687,0.13650005
7688,0.086920515
7689,0.0925845
7690,0.042236917
7691,0.940707
7692,0.98905253
7693,0.95221114
7694,0.05792356
7695,0.04338913
7696,0.3508073
7697,0.014210421
7698,0.15258902
7699,0.03133082
7700,0.01833151
7701,0.027547944
7702,0.04435123
7703,0.11667953
7704,0.058514953
7705,0.42708355
7706,0.5966898
7707,0.08789074
7708,0.12715071
7709,0.112059355
7710,0.23998812
7711,0.07789034
7712,0.31523767
7713,0.11161467
7714,0.03767848
7715,0.10026633
7716,0.11213354
7717,0.10767253
7718,0.03957888
7719,0.029101891
7720,0.4382777
7721,0.3822303
7722,0.25296143
7723,0.10152138
7724,0.029035244
7725,0.10732329
7726,0.066827044
7727,0.25832716
7728,0.032093093
7729,0.05170515
7730,0.0503153
7731,0.028072676
7732,0.03046155
7733,0.046684764
7734,0.058057636
7735,0.2517001
7736,0.6506004
7737,0.42700502
7738,0.2649184
7739,0.15709226
7740,0.24349132
7741,0.24713828
7742,0.47774354
7743,0.098779485
7744,0.02665345
7745,0.061430518
7746,0.04811673
7747,0.13764037
7748,0.19802982
7749,0.096854605
7750,0.44247162
7751,0.26513746
7752,0.16098492
7753,1.0
7754,0.10835744
7755,0.017450253
7756,0.11694005
7757,0.13456596
7758,0.020912088
7759,0.061394393
7760,0.21337362
7761,0.08959553
7762,0.053420942
7763,0.04679485
7764,0.06471214
7765,0.21863905
7766,0.4015897
7767,0.26409143
7768,0.5887973
7769,0.4699628
7770,0.15599202
7771,0.15102345
7772,0.3875196
7773,0.03148791
7774,0.15412045
7775,0.076016195
7776,0.049479585
7777,0.40422508
7778,0.36887097
7779,0.075876534
7780,0.51713806
7781,0.37251243
7782,0.08664272
7783,0.096572205
7784,0.09243749
7785,0.062875934
7786,0.01281253
7787,0.018782567
7788,0.031230582
7789,0.07540334
7790,0.10543485
7791,0.11206502
7792,0.14003775
7793,0.37715244
7794,0.92462707
7795,0.48260292
7796,0.37056074
7797,0.580338
7798,0.11392166
7799,0.022984935
7800,0.077784665
7801,0.091735825
7802,0.123061426
7803,0.24799614
7804,0.07514271
7805,0.023137925
7806,0.08204453
7807,0.15184096
7808,0.017660242
7809,0.04823574
7810,0.08785914
7811,0.016192574
7812,0.05918784
7813,0.023345098
7814,0.013752643
7815,0.048115965
7816,0.08484451
7817,0.060829647
7818,0.102401234
7819,0.2615895
7820,0.2537887
7821,0.34930405
7822,0.753174
7823,0.6591308
7824,0.28579763
7825,0.13485402
7826,0.01025203
7827,0.0457838
7828,0.020259256
7829,0.055802245
7830,0.117860764
7831,0.016518582
7832,0.0117949685
7833,0.026957002
7834,0.69812804
7835,0.12311015
7836,0.017311767
7837,0.058493212
7838,0.06348469
7839,0.11245273
7840,0.033630233
7841,0.05364719
7842,0.016895622
7843,0.047424275
7844,0.018922627
7845,0.039682463
7846,0.102897756
7847,0.12498925
7848,0.54856956
7849,0.36561367
7850,0.21463685
7851,0.78117037
7852,0.4218236
7853,0.43623212
7854,0.13061923
7855,0.042102993
7856,0.037893753
7857,0.031217959
7858,0.05300237
7859,0.04877206
7860,0.038783953
7861,0.06617443
7862,0.4330772
7863,0.18343432
7864,0.3720763
7865,0.021447055
7866,0.09536824
7867,0.113697976
7868,0.12505807
7869,0.23012298
7870,0.046369143
7871,0.03299291
7872,0.06479423
7873,0.23895147
7874,0.6108697
7875,0.36508662
7876,0.4674322
7877,0.147137
7878,0.37223262
7879,0.1879101
7880,0.07921747
7881,0.035582907
7882,0.0143342605
7883,0.014623578
7884,0.012189788
7885,0.03228547
7886,0.027873095
7887,0.1446612
7888,0.11913776
7889,0.11459286
7890,0.20010613
7891,0.021101248
7892,0.06812359
7893,0.33681357
7894,0.044795
7895,0.009720459
7896,0.013438471
7897,0.013702411
7898,0.12997045
7899,0.22162019
7900,0.031916466
7901,0.34790343
7902,0.25680342
7903,0.07545456
7904,0.1002936
7905,0.025528122
7906,0.099686444
7907,0.075774625
7908,0.032612767
7909,0.121344656
7910,0.099857725
7911,0.04685632
7912,0.013493306
7913,0.321592
7914,0.012007196
7915,0.11327637
7916,0.01142074
7917,0.036942024
7918,0.052167006
7919,0.15897886
7920,0.04859568
7921,0.055649042
7922,0.014326006
7923,0.058539275
7924,0.18499409
7925,0.38021258
7926,0.4290127
7927,0.075602315
7928,0.013435582
7929,0.018215796
7930,0.023988655
7931,0.05482228
7932,0.059385918
7933,0.13440613
7934,0.013153096
7935,0.048054278
7936,0.015827693
7937,0.028581684
7938,0.018030547
7939,0.012717456
7940,0.01765553
7941,0.100343205
7942,0.11805285
7943,0.3780502
7944,0.023164645
7945,0.018483078
7946,0.039460283
7947,0.09301135
7948,0.11009203
7949,0.39106613
7950,0.08686997
7951,0.015500538
7952,0.14273216
7953,0.038029633
7954,0.09007169
7955,0.21968363
7956,0.07323545
7957,0.027962223
7958,0.012399418
7959,0.2151683
7960,0.018860346
7961,0.03558744
7962,0.13842593
7963,0.07446073
7964,0.05197553
7965,0.020745445
7966,0.039178982
7967,0.08349369
7968,0.27862605
7969,0.042291634
7970,0.024813255
7971,0.03884338
7972,0.054912604
7973,0.06216333
7974,0.22530429
7975,0.05992521
7976,0.20352471
7977,0.11035296
7978,0.03307991
7979,0.04953491
7980,0.043522075
7981,0.031712193
7982,0.14663413
7983,0.0159163
7984,0.115788825
7985,0.017420854
7986,0.107809916
7987,0.06875708
7988,0.0112836575
7989,0.012461743
7990,0.2639832
7991,0.49626422
7992,0.19646005
7993,0.08130527
7994,0.014840031
7995,0.09078315
7996,0.042030875
7997,0.032760072
7998,0.111605525
7999,0.13402756
8000,0.1160428
8001,0.8473066
8002,0.016152125
8003,0.07699539
8004,0.017451068
8005,0.0740621
8006,0.083439395
8007,0.017919999
8008,0.0375003
8009,0.13951823
8010,0.44870982
8011,0.09261067
8012,0.11898112
8013,0.02470821
8014,0.047309354
8015,0.017037211
8016,0.032828197
8017,0.11647393
8018,0.047687296
8019,0.02914611
8020,0.06705827
8021,0.051259555
8022,0.025981154
8023,0.079038315
8024,0.01718605
8025,0.12050919
8026,0.04331897
8027,0.055161245
8028,0.013554555
8029,0.032716073
8030,0.11132078
8031,0.11451567
8032,0.021579424
8033,0.037244536
8034,0.08079841
8035,0.5127671
8036,0.06590415
8037,0.10008712
8038,0.04093788
8039,0.049928386
8040,0.060387578
8041,0.053579427
8042,0.4482943
8043,0.033426397
8044,0.01597268
8045,0.05017019
8046,0.123668425
8047,0.019533442
8048,0.10959955
8049,0.041626558
8050,0.034598514
8051,0.055051543
8052,0.34903166
8053,0.07809605
8054,0.031749714
8055,0.011379906
8056,0.030725613
8057,0.061259806
8058,0.010778244
8059,0.03799723
8060,0.24210072
8061,0.10750014
8062,0.06566918
8063,0.13284075
8064,0.11085607
8065,0.070915796
8066,0.06174072
8067,0.052215766
8068,0.1527654
8069,0.25514722
8070,0.1241566
8071,0.010752223
8072,0.009564836
8073,0.052634846
8074,0.015494541
8075,0.024342444
8076,0.01393311
8077,0.013366036
8078,0.015275261
8079,0.0121671315
8080,0.016616413
8081,0.01121384
8082,0.022915138
8083,0.012940387
8084,0.018092724
8085,0.060587764
8086,0.06099929
8087,0.15130745
8088,0.13259481
8089,0.19074148
8090,0.012114764
8091,0.013014534
8092,0.03848707
8093,0.01620735
8094,0.02282196
8095,0.022887923
8096,0.017261527
8097,0.031174643
8098,0.014303421
8099,0.011840151
8100,0.011849803
8101,0.056799803
8102,0.033488113
8103,0.015278326
8104,0.065074965
8105,0.02326439
8106,0.027616976
8107,0.010349405
8108,0.1090507
8109,0.027681673
8110,0.057131115
8111,0.013280714
8112,0.009342104
8113,0.011391928
8114,0.025354277
8115,0.011811002
8116,0.08386397
8117,0.08632967
8118,0.14836854
8119,0.05935831
8120,0.079412505
8121,0.054959282
8122,0.011203421
8123,0.1759382
8124,0.034701616
8125,0.0126366345
8126,0.08764192
8127,0.018113133
8128,0.078638986
8129,0.010681367
8130,0.12049012
8131,0.017407753
8132,0.024871282
8133,0.034162905
8134,0.028586827
8135,0.014091016
8136,0.020438414
8137,0.012294151
8138,0.040409893
8139,0.012417487
8140,0.012182868
8141,0.033900317
8142,0.067653514
8143,0.032623477
8144,0.16552077
8145,0.019404842
8146,0.00930781
8147,0.022255471
8148,0.024518123
8149,0.061715882
8150,0.028727377
8151,0.015292456
8152,0.03213535
8153,0.033098776
8154,0.012533769
8155,0.10877685
8156,0.16095039
8157,0.0137972655
8158,0.015313449
8159,0.08469958
8160,0.013916669
8161,0.019279271
8162,0.031311534
8163,0.06826671
8164,0.028193537
8165,0.025854971
8166,0.064079344
8167,0.031409208
8168,0.07761087
8169,0.07661498
8170,0.031512786
8171,0.04437657
8172,0.041436277
8173,0.25251612
8174,0.3101009
8175,0.30020437
8176,0.0514023
8177,0.26361722
8178,0.15875845
8179,0.22615671
8180,0.03575896
8181,0.021570327
8182,0.020629616
8183,0.09323733
8184,0.013293058
8185,0.023479307
8186,0.016675815
8187,0.26130128
8188,0.024319122
8189,0.7643696
8190,0.24796082
8191,0.046653155
8192,0.026945999
8193,0.21670702
8194,0.044472385
8195,0.02089784
8196,0.05435415
8197,0.030596448
8198,0.016033916
8199,0.013690352
8200,0.030565567
8201,0.12320973
8202,0.10493422
8203,0.518184
8204,0.47556764
8205,0.034067076
8206,0.05757114
8207,0.21234271
8208,0.26697275
8209,0.016715942
8210,0.045921046
8211,0.033781845
8212,0.045754157
8213,0.05957096
8214,0.0324905
8215,0.46712565
8216,0.08987045
8217,0.15693454
8218,0.56161505
8219,0.08665151
8220,0.021447362
8221,0.48155898
8222,0.04922938
8223,0.43694365
8224,0.038646568
8225,0.043424815
8226,0.048844855
8227,0.03741581
8228,0.028838435
8229,0.12927018
8230,0.090468094
8231,0.065637015
8232,0.032376233
8233,0.027200112
8234,0.039701264
8235,0.38928238
8236,0.036056366
8237,0.057288766
8238,0.03027691
8239,0.05605563
8240,0.029626044
8241,0.057805594
8242,0.032493457
8243,0.11259585
8244,0.02549952
8245,0.05133573
8246,0.11456675
8247,0.37224105
8248,0.042152073
8249,0.032667294
8250,0.008254715
8251,0.013778004
8252,0.59527934
8253,0.10449865
8254,0.052414197
8255,0.42925087
8256,0.33210394
8257,0.01300397
8258,0.009410982
8259,0.083210774
8260,0.038157362
8261,0.01688462
8262,0.021716446
8263,0.023616863
8264,0.0308
8265,0.10666988
8266,0.05754672
8267,0.06596427
8268,0.16246456
8269,0.47132832
8270,0.014052923
8271,0.013866677
8272,0.010860678
8273,0.02715318
8274,0.029401772
8275,0.028162776
8276,0.24149919
8277,0.022638101
8278,0.072833985
8279,0.011979285
8280,0.034914173
8281,0.046940025
8282,0.022333868
8283,0.1508272
8284,0.6205557
8285,0.026179494
8286,0.0586188
8287,0.01705416
8288,0.016909728
8289,0.05662987
8290,0.051813874
8291,0.011749531
8292,0.02715907
8293,0.023435846
8294,0.1132504
8295,0.15243074
8296,0.09939809
8297,0.07010128
8298,0.10054761
8299,0.024721688
8300,0.03459938
8301,0.037463505
8302,0.04581752
8303,0.10285933
8304,0.06467424
8305,0.19456968
8306,0.020136174
8307,0.037761133
8308,0.03518004
8309,0.035719417
8310,0.021282192
8311,0.036438946
8312,0.04557223
8313,0.020984631
8314,0.094615385
8315,0.15242438
8316,0.181998
8317,0.03572393
8318,0.054172523
8319,0.041291714
8320,0.12030392
8321,0.09756983
8322,0.01610181
8323,0.056622226
8324,0.014495144
8325,0.015630806
8326,0.04776465
8327,0.13798696
8328,0.02720734
8329,0.025871538
8330,0.03215221
8331,0.062489737
8332,0.072318725
8333,0.22897805
8334,0.21700367
8335,0.21934867
8336,0.06547289
8337,0.043719336
8338,0.024400495
8339,0.05753529
8340,0.04767395
8341,0.012729968
8342,0.10262812
8343,0.044381544
8344,0.5656452
8345,0.12781692
8346,0.021770002
8347,0.1137511
8348,0.043689474
8349,0.040733982
8350,0.017496072
8351,0.011047235
8352,0.012594412
8353,0.08277689
8354,0.012635749
8355,0.026303053
8356,0.040379927
8357,0.09988213
8358,0.04875119
8359,0.090211764
8360,0.06989045
8361,0.12181991
8362,0.36226487
8363,0.4229174
8364,0.07024937
8365,0.032645456
8366,0.086782224
8367,0.024001759
8368,0.047089692
8369,0.025977567
8370,0.010566233
8371,0.08152575
8372,0.059774697
8373,0.12117091
8374,0.07096527
8375,0.15019561
8376,0.0406105
8377,0.046203367
8378,0.019921605
8379,0.01775239
8380,0.18092912
8381,0.0118789775
8382,0.027584838
8383,0.07531602
8384,0.011706388
8385,0.024785927
8386,0.06275898
8387,0.0642498
8388,0.09387438
8389,0.22647986
8390,0.118744
8391,0.24394855
8392,0.14387113
8393,0.13791955
8394,0.016843164
8395,0.11246316
8396,0.020890428
8397,0.057629753
8398,0.015535099
8399,0.036501557
8400,0.08181666
8401,0.03560258
8402,0.019994145
8403,0.099613026
8404,0.03935557
8405,0.057561625
8406,0.0739372
8407,0.047754154
8408,0.059147984
8409,0.010878826
8410,0.028740367
8411,0.079179496
8412,0.043108147
8413,0.09108326
8414,0.064032845
8415,0.14707121
8416,0.44779038
8417,0.13270691
8418,0.13106382
8419,0.06982789
8420,0.18076053
8421,0.08238362
8422,0.10080444
8423,0.06411956
8424,0.01902736
8425,0.2580849
8426,0.07130245
8427,0.11048096
8428,0.061890393
8429,0.10338391
8430,0.018815232
8431,0.031065702
8432,0.022036212
8433,0.021563644
8434,0.04375188
8435,0.1652837
8436,0.07053444
8437,0.058919795
8438,0.1265037
8439,0.5825237
8440,0.12105728
8441,0.022981225
8442,0.20026188
8443,0.07933916
8444,0.26038456
8445,0.26361668
8446,0.0732915
8447,0.017527306
8448,0.05798533
8449,0.03155506
8450,0.08223607
8451,0.15662797
8452,0.055413645
8453,0.19688028
8454,0.07301649
8455,0.082820565
8456,0.015693642
8457,0.022783348
8458,0.054903958
8459,0.082336456
8460,0.01768079
8461,0.13794132
8462,0.15449536
8463,0.137436
8464,0.09858857
8465,0.046289947
8466,0.12341327
8467,0.17709824
8468,0.2731796
8469,0.068078004
8470,0.011596652
8471,0.060076434
8472,0.057245426
8473,0.4958358
8474,0.043379538
8475,0.084836155
8476,0.39420566
8477,0.2504419
8478,0.014817911
8479,0.017477218
8480,0.014039126
8481,0.05323324
8482,0.061575048
8483,0.17239445
8484,0.23231043
8485,0.012276688
8486,0.1064105
8487,0.11057947
8488,0.23619317
8489,0.16447136
8490,0.15662597
8491,0.2589184
8492,0.36377925
8493,0.10529539
8494,0.057543684
8495,0.08026811
8496,0.05950017
8497,0.2783603
8498,0.96222174
8499,0.07989441
8500,0.043713175
8501,0.38831544
8502,0.021077016
8503,0.056581393
8504,0.36044976
8505,0.017957628
8506,0.05419031
8507,0.07834388
8508,0.019572064
8509,0.06555201
8510,0.4629683
8511,0.047044244
8512,0.103153065
8513,0.24349253
8514,0.20123889
8515,0.25422376
8516,0.38404173
8517,0.27595294
8518,0.023371516
8519,0.25947085
8520,0.20855363
8521,0.15833685
8522,0.77736276
8523,0.40050325
8524,0.46825767
8525,0.010832262
8526,0.026818845
8527,0.13831407
8528,0.016662588
8529,0.03933322
8530,0.029239466
8531,0.01904726
8532,0.01303944
8533,0.013134477
8534,0.01212942
8535,0.060428172
8536,0.011749237
8537,0.03231332
8538,0.07460177
8539,0.121688046
8540,0.12039722
8541,0.12586123
8542,0.09622043
8543,0.2389569
8544,0.21791063
8545,0.028787972
8546,0.100789994
8547,0.19358234
8548,0.019053796
8549,0.14511944
8550,0.9635045
8551,0.90699714
8552,0.55740064
8553,0.010623065
8554,0.025740242
8555,0.017275257
8556,0.08150563
8557,0.42316934
8558,0.072905496
8559,0.01811314
8560,0.06659001
8561,0.013532466
8562,0.066190764
8563,0.09950636
8564,0.07173758
8565,0.012238094
8566,0.38200843
8567,0.0160575
8568,0.034548964
8569,0.12554547
8570,0.12141901
8571,0.08244822
8572,0.055685434
8573,0.21005331
8574,0.19037534
8575,0.025576329
8576,0.18824628
8577,0.13361351
8578,0.21069595
8579,0.9611694
8580,0.9056349
8581,0.64174116
8582,0.015350155
8583,0.060382444
8584,0.031260088
8585,0.17358218
8586,0.09263359
8587,0.25663957
8588,0.047899645
8589,0.0994157
8590,0.027300065
8591,0.103347614
8592,0.1213432
8593,0.13377292
8594,0.12804297
8595,0.5230859
8596,0.4572894
8597,0.23188889
8598,0.16713923
8599,0.105237395
8600,0.067526266
8601,0.13814701
8602,0.049202416
8603,0.048861638
8604,0.14616583
8605,0.14628755
8606,0.08324539
8607,0.12971388
8608,0.040516164
8609,0.8897874
8610,0.98860306
8611,0.9491448
8612,0.059603747
8613,0.045711163
8614,0.3152066
8615,0.24288164
8616,0.023610046
8617,0.021331336
8618,0.0423847
8619,0.11496185
8620,0.05749489
8621,0.42302307
8622,0.60111886
8623,0.089567006
8624,0.13078041
8625,0.10959238
8626,0.1680113
8627,0.07818779
8628,0.3189341
8629,0.21107486
8630,0.029927814
8631,0.11394135
8632,0.104065835
8633,0.13259509
8634,0.03935849
8635,0.043032985
8636,0.45249528
8637,0.29939887
8638,0.24418755
8639,0.06621835
8640,0.029348927
8641,0.10647627
8642,0.09582476
8643,0.24830818
8644,0.032138012
8645,0.0537682
8646,0.05132976
8647,0.029047588
8648,0.028836092
8649,0.04840861
8650,0.05538817
8651,0.25633097
8652,0.65309054
8653,0.41746673
8654,0.27281967
8655,0.15066499
8656,0.19853005
8657,0.18093914
8658,0.5200889
8659,0.07455118
8660,0.031162094
8661,0.04028128
8662,0.12293846
8663,0.2033903
8664,0.09994416
8665,0.328048
8666,0.26450187
8667,0.2362246
8668,1.0
8669,0.116905846
8670,0.016668454
8671,0.14197873
8672,0.23543389
8673,0.021300467
8674,0.06653271
8675,0.2621773
8676,0.076444566
8677,0.04746202
8678,0.047557462
8679,0.060901977
8680,0.21040311
8681,0.38020128
8682,0.41098797
8683,0.5681106
8684,0.42626703
8685,0.16819005
8686,0.16067164
8687,0.25678855
8688,0.014108424
8689,0.027428363
8690,0.1487433
8691,0.074161
8692,0.05319771
8693,0.2978953
8694,0.36201435
8695,0.06764133
8696,0.5575488
8697,0.3496068
8698,0.010334215
8699,0.0843962
8700,0.09715422
8701,0.082746215
8702,0.06465214
8703,0.01687014
8704,0.03414049
8705,0.08653297
8706,0.10900052
8707,0.11310903
8708,0.13333587
8709,0.37390938
8710,0.8334457
8711,0.48388913
8712,0.39170673
8713,0.5826244
8714,0.1067898
8715,0.0406119
8716,0.08012269
8717,0.0793147
8718,0.14341556
8719,0.25752383
8720,0.07560458
8721,0.029271707
8722,0.081332445
8723,0.22466901
8724,0.019558564
8725,0.009556463
8726,0.062500924
8727,0.094977155
8728,0.015904097
8729,0.04560198
8730,0.022535665
8731,0.014377382
8732,0.050252892
8733,0.08490415
8734,0.0678614
8735,0.114398174
8736,0.24386981
8737,0.24365984
8738,0.33845487
8739,0.7657059
8740,0.65034735
8741,0.35971892
8742,0.13004144
8743,0.0103985155
8744,0.046619177
8745,0.021116598
8746,0.0534659
8747,0.12966006
8748,0.01694417
8749,0.011888239
8750,0.02940387
8751,0.5516349
8752,0.12811945
8753,0.017218709
8754,0.058518168
8755,0.05031263
8756,0.1907595
8757,0.037622817
8758,0.08155607
8759,0.023882376
8760,0.04485922
8761,0.02192108
8762,0.019005086
8763,0.040221702
8764,0.10061154
8765,0.1286908
8766,0.56011456
8767,0.39339873
8768,0.21600983
8769,0.77378505
8770,0.43427408
8771,0.4334181
8772,0.23872337
8773,0.041933745
8774,0.03288667
8775,0.03358186
8776,0.0593471
8777,0.049207285
8778,0.016572861
8779,0.03607588
8780,0.07198267
8781,0.4240837
8782,0.18502714
8783,0.35695451
8784,0.021737125
8785,0.09428461
8786,0.11495667
8787,0.15146482
8788,0.16888458
8789,0.046929047
8790,0.04310675
8791,0.052588247
8792,0.14071451
8793,0.6071619
8794,0.35609975
8795,0.47496483
8796,0.24005418
8797,0.26672083
8798,0.1882603
8799,0.06899667
8800,0.03538029
8801,0.01958948
8802,0.014663139
8803,0.032000493
8804,0.027575837
8805,0.13453083
8806,0.119564675
8807,0.1637382
8808,0.26336825
8809,0.019398425
8810,0.065139845
8811,0.36569208
8812,0.04003453
8813,0.009821172
8814,0.013925698
8815,0.013486486
8816,0.13064721
8817,0.22109409
8818,0.034915023
8819,0.20794567
8820,0.2595325
8821,0.08640772
8822,0.10840657
8823,0.024560953
8824,0.1094136
8825,0.07350716
8826,0.03202603
8827,0.12355205
8828,0.128469
8829,0.041614335
8830,0.01395079
8831,0.34657598
8832,0.012007196
8833,0.015259474
8834,0.10057102
8835,0.011653271
8836,0.03588565
8837,0.05809703
8838,0.14732186
8839,0.04832423
8840,0.055717915
8841,0.0143288635
8842,0.054922957
8843,0.19510694
8844,0.37877548
8845,0.41945046
8846,0.07181967
8847,0.013435582
8848,0.019254038
8849,0.019878073
8850,0.023602106
8851,0.062432494
8852,0.014736591
8853,0.06785824
8854,0.1617636
8855,0.013215806
8856,0.12268366
8857,0.015256722
8858,0.031866424
8859,0.01849113
8860,0.012228513
8861,0.01759086
8862,0.09830773
8863,0.12106245
8864,0.3943159
8865,0.018195974
8866,0.018370418
8867,0.040466636
8868,0.09814679
8869,0.11061745
8870,0.38129362
8871,0.07775547
8872,0.014820751
8873,0.21956052
8874,0.052541737
8875,0.014585397
8876,0.07792836
8877,0.12713332
8878,0.08655882
8879,0.013006829
8880,0.020266598
8881,0.012459197
8882,0.20893572
8883,0.021336962
8884,0.032798696
8885,0.13628808
8886,0.08487151
8887,0.053587895
8888,0.019796459
8889,0.036891945
8890,0.09285827
8891,0.35666943
8892,0.04269218
8893,0.009283803
8894,0.02092103
8895,0.039096065
8896,0.044056132
8897,0.064989194
8898,0.24336646
8899,0.05855438
8900,0.2683286
8901,0.16547282
8902,0.027083596
8903,0.05962029
8904,0.042395163
8905,0.028476177
8906,0.17563352
8907,0.0159163
8908,0.13278626
8909,0.01953059
8910,0.10634115
8911,0.06543584
8912,0.012737269
8913,0.01367244
8914,0.26846635
8915,0.5769593
8916,0.20443338
8917,0.08540155
8918,0.07968015
8919,0.038154714
8920,0.029834943
8921,0.094422854
8922,0.098773815
8923,0.098193936
8924,0.93570817
8925,0.014048706
8926,0.079649545
8927,0.019068377
8928,0.11015475
8929,0.099671654
8930,0.01730331
8931,0.03593356
8932,0.1299629
8933,0.52347064
8934,0.08562856
8935,0.22119388
8936,0.021068422
8937,0.016615437
8938,0.02883304
8939,0.0134216845
8940,0.032072082
8941,0.11804735
8942,0.050370876
8943,0.030627944
8944,0.080248825
8945,0.07162093
8946,0.05207574
8947,0.026207449
8948,0.018313065
8949,0.059050784
8950,0.016585719
8951,0.12878434
8952,0.04286526
8953,0.044238888
8954,0.014090345
8955,0.028020129
8956,0.08666215
8957,0.12678622
8958,0.021270894
8959,0.046935868
8960,0.056246582
8961,0.530488
8962,0.061145052
8963,0.10193122
8964,0.0417797
8965,0.039477333
8966,0.071108975
8967,0.06484973
8968,0.030431965
8969,0.49124494
8970,0.037841216
8971,0.0090879435
8972,0.011940332
8973,0.015984658
8974,0.05143439
8975,0.1315933
8976,0.019493999
8977,0.10686681
8978,0.054100096
8979,0.03902227
8980,0.0099978205
8981,0.05106006
8982,0.36112458
8983,0.03676564
8984,0.032645065
8985,0.010181951
8986,0.021136852
8987,0.014933012
8988,0.06488818
8989,0.011828774
8990,0.04883635
8991,0.0094270995
8992,0.24648556
8993,0.088322185
8994,0.014118506
8995,0.01807144
8996,0.024865888
8997,0.011951301
8998,0.076855265
8999,0.13020273
9000,0.10518649
9001,0.09805363
9002,0.058787502
9003,0.02729956
9004,0.06354352
9005,0.014387067
9006,0.06876273
9007,0.24162081
9008,0.11517778
9009,0.01077087
9010,0.009564836
9011,0.04211478
9012,0.013012125
9013,0.020688308
9014,0.013128807
9015,0.014313131
9016,0.01569159
9017,0.012343174
9018,0.014282663
9019,0.01121384
9020,0.016039494
9021,0.021357032
9022,0.043901328
9023,0.05383706
9024,0.13797139
9025,0.009963539
9026,0.15358762
9027,0.2538638
9028,0.025243226
9029,0.014035878
9030,0.023667734
9031,0.020037267
9032,0.022285739
9033,0.032439053
9034,0.017285617
9035,0.056560263
9036,0.012072681
9037,0.011769571
9038,0.05399323
9039,0.033424743
9040,0.015301276
9041,0.052259408
9042,0.021019772
9043,0.0233675
9044,0.010398162
9045,0.1292679
9046,0.026100159
9047,0.05354581
9048,0.009342104
9049,0.011391928
9050,0.030651823
9051,0.011886224
9052,0.09227008
9053,0.0114511205
9054,0.021194912
9055,0.13479172
9056,0.06212586
9057,0.07345366
9058,0.04797759
9059,0.17329372
9060,0.03180197
9061,0.012195216
9062,0.08123325
9063,0.016521124
9064,0.07448933
9065,0.010368213
9066,0.11316866
9067,0.02390511
9068,0.022344148
9069,0.034585077
9070,0.029184919
9071,0.030035315
9072,0.014367288
9073,0.0136202015
9074,0.016492723
9075,0.01197737
9076,0.012607316
9077,0.040761065
9078,0.012131901
9079,0.013308652
9080,0.037231434
9081,0.08096325
9082,0.030241126
9083,0.009611479
9084,0.19098479
9085,0.024467094
9086,0.019102927
9087,0.03279843
9088,0.010011378
9089,0.017602747
9090,0.02842606
9091,0.056096476
9092,0.027436523
9093,0.028465953
9094,0.033644028
9095,0.01548065
9096,0.027982011
9097,0.10036343
9098,0.15543304
9099,0.013029235
9100,0.08784305
9101,0.02555419
9102,0.035869446
9103,0.038185988
9104,0.028617386
9105,0.037803542
9106,0.0315499
9107,0.009844134
9108,0.06461625
9109,0.041164905
9110,0.008254715
9111,0.07121991
9112,0.034789287
9113,0.05485225
9114,0.048428204
9115,0.284037
9116,0.30820677
9117,0.013292194
9118,0.26974577
9119,0.0533825
9120,0.18942186
9121,0.089548215
9122,0.14477633
9123,0.034408033
9124,0.020573521
9125,0.04333441
9126,0.013293058
9127,0.030276792
9128,0.012806208
9129,0.009636349
9130,0.14936562
9131,0.024160633
9132,0.7425478
9133,0.11579332
9134,0.04134994
9135,0.027197296
9136,0.13693698
9137,0.047354586
9138,0.02200787
9139,0.04742193
9140,0.01566427
9141,0.021106765
9142,0.031157654
9143,0.11310073
9144,0.09563036
9145,0.45737064
9146,0.46231577
9147,0.034403253
9148,0.11289964
9149,0.2956815
9150,0.16931339
9151,0.04430803
9152,0.050661262
9153,0.054869756
9154,0.07013678
9155,0.033431225
9156,0.45290014
9157,0.10665476
9158,0.23041613
9159,0.45524037
9160,0.12113876
9161,0.02128548
9162,0.54594946
9163,0.00995708
9164,0.061153658
9165,0.32928917
9166,0.038875412
9167,0.055687256
9168,0.055930004
9169,0.036847115
9170,0.0094091
9171,0.023000121
9172,0.066121176
9173,0.081102476
9174,0.033075217
9175,0.026899444
9176,0.2918736
9177,0.44986466
9178,0.050987333
9179,0.024711367
9180,0.04879954
9181,0.03396797
9182,0.044186532
9183,0.028602356
9184,0.0425218
9185,0.03160559
9186,0.09949908
9187,0.088802405
9188,0.092739545
9189,0.03779369
9190,0.31818852
9191,0.06958384
9192,0.031566314
9193,0.021459987
9194,0.015223954
9195,0.013190825
9196,0.012613914
9197,0.01383024
9198,0.01584773
9199,0.47526512
9200,0.08092968
9201,0.057087842
9202,0.40460294
9203,0.3423891
9204,0.07984918
9205,0.045183685
9206,0.012490495
9207,0.021811819
9208,0.014556177
9209,0.039449196
9210,0.008342651
9211,0.0558193
9212,0.062755786
9213,0.09725647
9214,0.35452178
9215,0.50388694
9216,0.015436895
9217,0.024090102
9218,0.04526679
9219,0.011261223
9220,0.010274326
9221,0.026555253
9222,0.02380504
9223,0.03217623
9224,0.18357903
9225,0.024586428
9226,0.048897
9227,0.013761196
9228,0.046277832
9229,0.10890619
9230,0.5618392
9231,0.025750032
9232,0.066832736
9233,0.020662243
9234,0.022319281
9235,0.04295032
9236,0.05596364
9237,0.0154264765
9238,0.024720557
9239,0.105692394
9240,0.15352075
9241,0.095218055
9242,0.15643917
9243,0.07418868
9244,0.023854367
9245,0.033050366
9246,0.035487987
9247,0.045669083
9248,0.10530635
9249,0.060071435
9250,0.18809225
9251,0.01624506
9252,0.03865384
9253,0.03177666
9254,0.03566846
9255,0.018993841
9256,0.035600133
9257,0.045577817
9258,0.07728534
9259,0.020666296
9260,0.018146558
9261,0.102692455
9262,0.14044724
9263,0.17176707
9264,0.05270088
9265,0.046565734
9266,0.035186417
9267,0.10825292
9268,0.075712785
9269,0.013785083
9270,0.013743364
9271,0.045812
9272,0.17227417
9273,0.028359676
9274,0.02536104
9275,0.031972308
9276,0.07962818
9277,0.085973464
9278,0.23545712
9279,0.12549238
9280,0.22614083
9281,0.06986774
9282,0.04421058
9283,0.01845085
9284,0.060310476
9285,0.04839774
9286,0.107476756
9287,0.053466044
9288,0.4558884
9289,0.12458006
9290,0.018149478
9291,0.013178817
9292,0.09808326
9293,0.039395995
9294,0.03686689
9295,0.022775132
9296,0.011260227
9297,0.08002065
9298,0.0134649305
9299,0.01729905
9300,0.027949193
9301,0.101899005
9302,0.055142574
9303,0.0888767
9304,0.06850583
9305,0.14561169
9306,0.22439592
9307,0.45225233
9308,0.06638176
9309,0.026977934
9310,0.094057396
9311,0.01801863
9312,0.048046544
9313,0.026007188
9314,0.07802222
9315,0.058779508
9316,0.11094004
9317,0.04990763
9318,0.13119659
9319,0.050715882
9320,0.044330154
9321,0.029017773
9322,0.01543777
9323,0.018254539
9324,0.15184833
9325,0.029929286
9326,0.055626504
9327,0.011714506
9328,0.027704384
9329,0.05522277
9330,0.068432555
9331,0.09401309
9332,0.21067794
9333,0.122428164
9334,0.18482594
9335,0.1349058
9336,0.1386047
9337,0.014918464
9338,0.12740532
9339,0.020371547
9340,0.059084892
9341,0.037549138
9342,0.07696143
9343,0.035812456
9344,0.016440338
9345,0.08741954
9346,0.03618295
9347,0.058564235
9348,0.092981815
9349,0.03125863
9350,0.072971456
9351,0.02214659
9352,0.026903449
9353,0.01624978
9354,0.07553182
9355,0.023719495
9356,0.041533474
9357,0.09527488
9358,0.070566155
9359,0.15108359
9360,0.49417338
9361,0.12776363
9362,0.14112173
9363,0.073628105
9364,0.115801804
9365,0.08830094
9366,0.09836498
9367,0.06309165
9368,0.011418395
9369,0.015874043
9370,0.25976315
9371,0.07846277
9372,0.08837144
9373,0.054417472
9374,0.08475574
9375,0.01843085
9376,0.025333183
9377,0.021574369
9378,0.043096818
9379,0.18161274
9380,0.06923165
9381,0.06311829
9382,0.13218495
9383,0.61523896
9384,0.1150131
9385,0.025737748
9386,0.20781034
9387,0.06961408
9388,0.26137787
9389,0.2931338
9390,0.07825563
9391,0.020851608
9392,0.053649396
9393,0.093968436
9394,0.15305384
9395,0.046915557
9396,0.25152147
9397,0.06956091
9398,0.078515954
9399,0.017171033
9400,0.03134393
9401,0.05405489
9402,0.08218236
9403,0.019357627
9404,0.13606778
9405,0.13765341
9406,0.13962248
9407,0.099563375
9408,0.045696005
9409,0.141687
9410,0.24675135
9411,0.2578737
9412,0.07021985
9413,0.011638045
9414,0.057330698
9415,0.024604758
9416,0.012921713
9417,0.075588755
9418,0.46996388
9419,0.03880968
9420,0.08633248
9421,0.38400158
9422,0.19216627
9423,0.014592541
9424,0.01872664
9425,0.01207224
9426,0.015545735
9427,0.050034292
9428,0.06501625
9429,0.16770856
9430,0.23647194
9431,0.10437886
9432,0.109369114
9433,0.22867092
9434,0.2364418
9435,0.14744924
9436,0.25340647
9437,0.36390638
9438,0.12663314
9439,0.023257932
9440,0.05643142
9441,0.0761204
9442,0.058596533
9443,0.27018163
9444,0.9626247
9445,0.08020485
9446,0.042999752
9447,0.3883734
9448,0.03145084
9449,0.054246385
9450,0.27135733
9451,0.019223377
9452,0.053664126
9453,0.08474567
9454,0.018424055
9455,0.06492475
9456,0.010392082
9457,0.28246698
9458,0.050933924
9459,0.10265259
9460,0.25228935
9461,0.15429567
9462,0.25972307
9463,0.3854276
9464,0.2796962
9465,0.025377095
9466,0.17065133
9467,0.19727881
9468,0.17961273
9469,0.7749865
9470,0.4203606
9471,0.30251315
9472,0.030380217
9473,0.13881089
9474,0.01670937
9475,0.047641657
9476,0.025753729
9477,0.022529835
9478,0.013968395
9479,0.014499216
9480,0.066055
9481,0.012698186
9482,0.013504145
9483,0.032267224
9484,0.07663293
9485,0.11987687
9486,0.1218681
9487,0.12417092
9488,0.09698374
9489,0.16889504
9490,0.22029386
9491,0.030461796
9492,0.13195492
9493,0.2446919
9494,0.016891781
9495,0.053567946
9496,0.9693451
9497,0.9085434
9498,0.5452085
9499,0.010623065
9500,0.024245784
9501,0.017568845
9502,0.063368246
9503,0.39689827
9504,0.07822095
9505,0.020765673
9506,0.06260125
9507,0.0142564885
9508,0.06300065
9509,0.1014738
9510,0.070814945
9511,0.012446913
9512,0.40097332
9513,0.016610883
9514,0.032322105
9515,0.119474955
9516,0.12687355
9517,0.08367325
9518,0.059222095
9519,0.21081775
9520,0.18863553
9521,0.34732506
9522,0.12767534
9523,0.103312194
9524,0.97503316
9525,0.79764503
9526,0.6081554
9527,0.014009864
9528,0.06625774
9529,0.029605953
9530,0.013907791
9531,0.23606995
9532,0.11748603
9533,0.24693926
9534,0.047596
9535,0.09955247
9536,0.02552068
9537,0.107272245
9538,0.12170054
9539,0.14396998
9540,0.13266589
9541,0.5010912
9542,0.28037483
9543,0.16996145
9544,0.16337742
9545,0.103087395
9546,0.086589694
9547,0.12037584
9548,0.052181803
9549,0.04826962
9550,0.029124532
9551,0.14597486
9552,0.22822873
9553,0.09519293
9554,0.090083204
9555,0.03314525
9556,0.894942
9557,0.98860306
9558,0.9491448
9559,0.07582288
9560,0.05765914
9561,0.19533591
9562,0.017542308
9563,0.25530073
9564,0.023222888
9565,0.013368258
9566,0.021009913
9567,0.028079052
9568,0.042933576
9569,0.11786385
9570,0.057681225
9571,0.38521087
9572,0.6321178
9573,0.1087681
9574,0.12754646
9575,0.11153457
9576,0.16833773
9577,0.08955105
9578,0.3212846
9579,0.11794539
9580,0.03021649
9581,0.116695
9582,0.11198095
9583,0.123603195
9584,0.054996625
9585,0.027719313
9586,0.4517915
9587,0.38034248
9588,0.23882085
9589,0.06621208
9590,0.036056656
9591,0.11195957
9592,0.08499841
9593,0.2549674
9594,0.03247889
9595,0.056817453
9596,0.049716786
9597,0.034611475
9598,0.03814285
9599,0.055452142
9600,0.051723246
9601,0.35787892
9602,0.6550798
9603,0.39505816
9604,0.2658684
9605,0.13581423
9606,0.19161768
9607,0.23969762
9608,0.5219119
9609,0.07094477
9610,0.02835114
9611,0.04783838
9612,0.044985946
9613,0.204817
9614,0.1917957
9615,0.097705774
9616,0.333785
9617,0.20291355
9618,0.23456384
9619,1.0
9620,0.13624367
9621,0.22941811
9622,0.22222802
9623,0.020284023
9624,0.055662025
9625,0.40932208
9626,0.08247108
9627,0.04986271
9628,0.04569795
9629,0.061114404
9630,0.2092556
9631,0.39872295
9632,0.2909024
9633,0.5396795
9634,0.46944857
9635,0.18373041
9636,0.23433456
9637,0.38890558
9638,0.014164572
9639,0.02846755
9640,0.23405887
9641,0.08136515
9642,0.050492577
9643,0.41996932
9644,0.26421744
9645,0.067639224
9646,0.5778909
9647,0.3722413
9648,0.010334215
9649,0.084585115
9650,0.11008577
9651,0.08655589
9652,0.057633597
9653,0.012347758
9654,0.017454393
9655,0.033260796
9656,0.07632815
9657,0.11428321
9658,0.1130462
9659,0.13967524
9660,0.4227843
9661,0.9648453
9662,0.48947993
9663,0.3773432
9664,0.5887425
9665,0.11635642
9666,0.018704582
9667,0.07647485
9668,0.06714107
9669,0.2008824
9670,0.25247774
9671,0.07860839
9672,0.025509031
9673,0.07326966
9674,0.22544713
9675,0.021021713
9676,0.009556463
9677,0.050424848
9678,0.09473812
9679,0.026891353
9680,0.014613258
9681,0.040145084
9682,0.02100072
9683,0.0133589795
9684,0.042488944
9685,0.08607699
9686,0.070296615
9687,0.11303678
9688,0.26070875
9689,0.25691172
9690,0.36273518
9691,0.7581158
9692,0.6524349
9693,0.3790616
9694,0.15080404
9695,0.043244973
9696,0.020536546
9697,0.05833866
9698,0.11546975
9699,0.01903901
9700,0.027203662
9701,0.7059729
9702,0.04758676
9703,0.017210245
9704,0.07950092
9705,0.051068064
9706,0.17962457
9707,0.0660867
9708,0.020003403
9709,0.059074614
9710,0.01792176
9711,0.020732602
9712,0.040702168
9713,0.101775676
9714,0.11884274
9715,0.5828006
9716,0.36093628
9717,0.22127259
9718,0.78313553
9719,0.43097574
9720,0.4410342
9721,0.2414219
9722,0.042180926
9723,0.031011194
9724,0.057808977
9725,0.04767892
9726,0.016615996
9727,0.037332084
9728,0.06193733
9729,0.42043084
9730,0.1841377
9731,0.35058963
9732,0.02127559
9733,0.10359643
9734,0.10877839
9735,0.15403852
9736,0.165318
9737,0.04751291
9738,0.028387861
9739,0.05814557
9740,0.14139155
9741,0.62386113
9742,0.3439738
9743,0.4724353
9744,0.24954377
9745,0.38049114
9746,0.1695229
9747,0.07757259
9748,0.036242817
9749,0.016108172
9750,0.014663139
9751,0.013164312
9752,0.03693633
9753,0.02548225
9754,0.123940766
9755,0.11929697
9756,0.15548189
9757,0.26473802
9758,0.021507086
9759,0.08228616
9760,0.012135225
9761,0.23269263
9762,0.039125677
9763,0.014088756
9764,0.012271356
9765,0.13324259
9766,0.1512869
9767,0.031708173
9768,0.0102640595
9769,0.20680888
9770,0.25740832
9771,0.092009276
9772,0.10516282
9773,0.1292697
9774,0.074244246
9775,0.03202145
9776,0.12648185
9777,0.12264609
9778,0.036119524
9779,0.011736944
9780,0.22441426
9781,0.0122181
9782,0.011720381
9783,0.015636496
9784,0.10438479
9785,0.0385483
9786,0.04419765
9787,0.16141318
9788,0.04936344
9789,0.05358744
9790,0.011886549
9791,0.05923919
9792,0.2552697
9793,0.37579054
9794,0.42568722
9795,0.074715555
9796,0.013435582
9797,0.024278784
9798,0.027194029
9799,0.02294535
9800,0.061985012
9801,0.014776055
9802,0.07043403
9803,0.18292403
9804,0.014461955
9805,0.106139846
9806,0.015564343
9807,0.032035004
9808,0.018775934
9809,0.013600761
9810,0.017719984
9811,0.10003488
9812,0.11727996
9813,0.39402762
9814,0.018584069
9815,0.018524589
9816,0.036778558
9817,0.097184695
9818,0.13374753
9819,0.26430407
9820,0.0934754
9821,0.014583574
9822,0.21055703
9823,0.04518351
9824,0.090231135
9825,0.14328387
9826,0.08609275
9827,0.015470875
9828,0.018447388
9829,0.012668233
9830,0.20470357
9831,0.017233448
9832,0.035355207
9833,0.14631574
9834,0.07664765
9835,0.04862561
9836,0.030665569
9837,0.0407797
9838,0.09107736
9839,0.3543273
9840,0.04747818
9841,0.010808251
9842,0.04050785
9843,0.042252302
9844,0.06295039
9845,0.22783452
9846,0.06969118
9847,0.26378313
9848,0.10778334
9849,0.028839557
9850,0.04989937
9851,0.050682947
9852,0.03372518
9853,0.26105887
9854,0.08110042
9855,0.115321666
9856,0.020372773
9857,0.107802466
9858,0.061192755
9859,0.0112836575
9860,0.012884701
9861,0.43665177
9862,0.61103964
9863,0.20126364
9864,0.09124589
9865,0.014956086
9866,0.09751877
9867,0.046763454
9868,0.03284957
9869,0.12373762
9870,0.0894316
9871,0.09648477
9872,0.9832428
9873,0.01639643
9874,0.06998117
9875,0.079374485
9876,0.084641844
9877,0.017902585
9878,0.038432214
9879,0.1419493
9880,0.3425757
9881,0.08575492
9882,0.2209791
9883,0.023136104
9884,0.03754822
9885,0.012991122
9886,0.03757972
9887,0.11981023
9888,0.037252788
9889,0.031451628
9890,0.07167535
9891,0.05038238
9892,0.01850062
9893,0.071035065
9894,0.017904395
9895,0.1364544
9896,0.04475497
9897,0.047232706
9898,0.01500736
9899,0.027701933
9900,0.091831505
9901,0.14864689
9902,0.06541158
9903,0.49404404
9904,0.07795983
9905,0.11466561
9906,0.041070286
9907,0.06227581
9908,0.09266019
9909,0.026751414
9910,0.5341565
9911,0.05142161
9912,0.009989216
9913,0.009129339
9914,0.060891487
9915,0.15811592
9916,0.022746332
9917,0.012586629
9918,0.11561062
9919,0.06006702
9920,0.026296912
9921,0.04938466
9922,0.36882955
9923,0.024379523
9924,0.021208957
9925,0.019491564
9926,0.019424818
9927,0.05782529
9928,0.04465354
9929,0.011216935
9930,0.24733399
9931,0.10586799
9932,0.012762104
9933,0.01900879
9934,0.011951301
9935,0.07867728
9936,0.16931511
9937,0.10881155
9938,0.08937549
9939,0.059390463
9940,0.027098106
9941,0.048325967
9942,0.06630636
9943,0.24590759
9944,0.12714094
9945,0.013279416
9946,0.04925396
9947,0.01256469
9948,0.014135132
9949,0.015003042
9950,0.015637243
9951,0.012201022
9952,0.01121384
9953,0.015372813
9954,0.021232553
9955,0.022902595
9956,0.059313513
9957,0.052534457
9958,0.13695335
9959,0.0136040095
9960,0.012337073
9961,0.20295987
9962,0.19563507
9963,0.012114764
9964,0.012952985
9965,0.022096109
9966,0.037317064
9967,0.018041056
9968,0.013884524
9969,0.023524918
9970,0.029623443
9971,0.021580296
9972,0.08804748
9973,0.01424046
9974,0.011840151
9975,0.01317837
9976,0.026343986
9977,0.032246735
9978,0.049903963
9979,0.01621704
9980,0.011708746
9981,0.12940608
9982,0.033904325
9983,0.06620001
9984,0.02614932
9985,0.011811002
9986,0.080536164
9987,0.025147496
9988,0.012056622
9989,0.16783184
9990,0.07458899
9991,0.093595944
9992,0.06251017
9993,0.013509307
9994,0.16881195
9995,0.031890493
9996,0.013989248
9997,0.009704693
9998,0.10487202
9999,0.07847429
10000,0.011201674
10001,0.111383475
10002,0.017170144
10003,0.026121559
10004,0.029640513
10005,0.02790256
10006,0.048750654
10007,0.01378582
10008,0.013127211
10009,0.015669884
10010,0.059075944
10011,0.012228243
10012,0.0144480355
10013,0.039059073
10014,0.08301771
10015,0.032813977
10016,0.15351395
10017,0.020987602
10018,0.01949943
10019,0.011052126
10020,0.017936038
10021,0.022923209
10022,0.074452996
10023,0.019927787
10024,0.021353183
10025,0.032441914
10026,0.015387543
10027,0.013754028
10028,0.026889306
10029,0.11087666
10030,0.18158345
10031,0.10174388
10032,0.019229017
10033,0.02912896
10034,0.028090568
10035,0.123731084
10036,0.03458469
10037,0.022728525
10038,0.03568523
10039,0.036145452
10040,0.03416434
10041,0.10163332
10042,0.03542721
10043,0.028750496
10044,0.02223024
10045,0.10169061
10046,0.054442737
10047,0.072424
10048,0.34539995
10049,0.29989636
10050,0.021190569
10051,0.020963488
10052,0.034399044
10053,0.012222984
10054,0.2993795
10055,0.05227205
10056,0.236356
10057,0.07475875
10058,0.2141299
10059,0.03471431
10060,0.02036457
10061,0.03901886
10062,0.029709961
10063,0.0129088275
10064,0.15334527
10065,0.02420769
10066,0.6015283
10067,0.25569668
10068,0.03529543
10069,0.027011482
10070,0.11696002
10071,0.03934601
10072,0.00900785
10073,0.041359056
10074,0.061039403
10075,0.012622434
10076,0.02916608
10077,0.094734795
10078,0.21429263
10079,0.55230063
10080,0.51933074
10081,0.13360031
10082,0.11440956
10083,0.28895873
10084,0.010409494
10085,0.022641564
10086,0.03889988
10087,0.05059535
10088,0.010740713
10089,0.12307113
10090,0.46662524
10091,0.10792906
10092,0.22695231
10093,0.58322877
10094,0.11536961
10095,0.015847381
10096,0.46408314
10097,0.054639447
10098,0.43924147
10099,0.032893814
10100,0.054457195
10101,0.043149147
10102,0.04003688
10103,0.022002213
10104,0.15292746
10105,0.065635815
10106,0.048196815
10107,0.030113975
10108,0.11324994
10109,0.2808383
10110,0.052533455
10111,0.028060686
10112,0.040725086
10113,0.03424386
10114,0.047870383
10115,0.027668899
10116,0.035390083
10117,0.028856015
10118,0.10945845
10119,0.02493714
10120,0.048096985
10121,0.11318265
10122,0.068456985
10123,0.26026696
10124,0.01986364
10125,0.038096942
10126,0.032727625
10127,0.02217908
10128,0.015082415
10129,0.014485151
10130,0.015863275
10131,0.5112004
10132,0.09090085
10133,0.056018278
10134,0.46930343
10135,0.32196647
10136,0.068463065
10137,0.03483392
10138,0.013850365
10139,0.016460294
10140,0.022229614
10141,0.009554739
10142,0.03639054
10143,0.008342651
10144,0.011076025
10145,0.051782895
10146,0.08449387
10147,0.08943636
10148,0.22347136
10149,0.49990562
10150,0.015053356
10151,0.013991852
10152,0.041167762
10153,0.016029088
10154,0.014553503
10155,0.023746489
10156,0.023933807
10157,0.039981917
10158,0.2524937
10159,0.023623385
10160,0.047359172
10161,0.036690637
10162,0.03293229
10163,0.11525794
10164,0.49099186
10165,0.03153895
10166,0.055494115
10167,0.022357494
10168,0.022145351
10169,0.041646916
10170,0.058630664
10171,0.012244615
10172,0.025814889
10173,0.015635848
10174,0.12652008
10175,0.16982444
10176,0.103902854
10177,0.08507876
10178,0.076678805
10179,0.026987895
10180,0.031952657
10181,0.033479843
10182,0.039328657
10183,0.10151831
10184,0.06392454
10185,0.18796083
10186,0.016226167
10187,0.03974362
10188,0.03519824
10189,0.047139395
10190,0.026946928
10191,0.059060592
10192,0.04528027
10193,0.010379087
10194,0.09072928
10195,0.01995965
10196,0.09773055
10197,0.23896956
10198,0.21363325
10199,0.036881898
10200,0.044594046
10201,0.03287834
10202,0.10105809
10203,0.050165597
10204,0.01604979
10205,0.03647285
10206,0.1629302
10207,0.027946014
10208,0.022775875
10209,0.030715235
10210,0.07041107
10211,0.07276045
10212,0.2305026
10213,0.20431316
10214,0.22262007
10215,0.06747641
10216,0.048220698
10217,0.02750731
10218,0.062268246
10219,0.06825093
10220,0.10654553
10221,0.05454272
10222,0.58933157
10223,0.12149408
10224,0.023596836
10225,0.10767556
10226,0.041412607
10227,0.04883818
10228,0.011583075
10229,0.079070084
10230,0.021917919
10231,0.0122878915
10232,0.0188374
10233,0.021309685
10234,0.11202257
10235,0.048964687
10236,0.08608448
10237,0.07513872
10238,0.12044555
10239,0.37110123
10240,0.45084754
10241,0.08591947
10242,0.026101436
10243,0.109048516
10244,0.033530828
10245,0.053193733
10246,0.010319045
10247,0.010566233
10248,0.08104653
10249,0.050430134
10250,0.12801448
10251,0.08076662
10252,0.12458067
10253,0.045929126
10254,0.05609431
10255,0.029504554
10256,0.01643496
10257,0.017466085
10258,0.12817544
10259,0.0116695175
10260,0.029314617
10261,0.05526062
10262,0.012019778
10263,0.012873973
10264,0.04663312
10265,0.06521379
10266,0.09393258
10267,0.14722034
10268,0.120878756
10269,0.18496954
10270,0.12992631
10271,0.16243693
10272,0.014850724
10273,0.106171876
10274,0.0254161
10275,0.061445903
10276,0.011367947
10277,0.033433657
10278,0.07540853
10279,0.03318402
10280,0.018837338
10281,0.061105546
10282,0.04202745
10283,0.015620058
10284,0.05361732
10285,0.07747904
10286,0.029643206
10287,0.05335169
10288,0.010263942
10289,0.017675152
10290,0.02601713
10291,0.072476685
10292,0.022919212
10293,0.04242002
10294,0.08942341
10295,0.06588864
10296,0.15492885
10297,0.48146853
10298,0.12821594
10299,0.12780665
10300,0.08210398
10301,0.11538383
10302,0.10203802
10303,0.11627633
10304,0.06527557
10305,0.018788593
10306,0.36706486
10307,0.06585751
10308,0.07173027
10309,0.056396555
10310,0.08420508
10311,0.017982695
10312,0.027562967
10313,0.011140681
10314,0.018686619
10315,0.05101662
10316,0.26978716
10317,0.06999374
10318,0.05658264
10319,0.12658302
10320,0.55938834
10321,0.115513295
10322,0.019731516
10323,0.124208555
10324,0.07977787
10325,0.2597428
10326,0.28378382
10327,0.09294229
10328,0.018693527
10329,0.05098302
10330,0.11052373
10331,0.23591901
10332,0.047032956
10333,0.15394165
10334,0.069204114
10335,0.070490204
10336,0.013419795
10337,0.017921198
10338,0.034371197
10339,0.05787969
10340,0.083855286
10341,0.01745184
10342,0.13360761
10343,0.15983233
10344,0.1442517
10345,0.113031715
10346,0.054051127
10347,0.13456611
10348,0.24616045
10349,0.28865308
10350,0.08024181
10351,0.011638045
10352,0.06053153
10353,0.021384727
10354,0.011737436
10355,0.063793436
10356,0.45637766
10357,0.034516923
10358,0.08054117
10359,0.38733846
10360,0.22664447
10361,0.017797412
10362,0.01273907
10363,0.0548544
10364,0.07049477
10365,0.18467943
10366,0.25117287
10367,0.106094584
10368,0.106009156
10369,0.24081367
10370,0.16165431
10371,0.15954147
10372,0.2573605
10373,0.35953286
10374,0.13092065
10375,0.0113814715
10376,0.01861025
10377,0.057282258
10378,0.0952081
10379,0.058972698
10380,0.19733438
10381,0.9690737
10382,0.09416551
10383,0.044396996
10384,0.36507827
10385,0.031635433
10386,0.05185212
10387,0.2624149
10388,0.018489957
10389,0.025469
10390,0.059818156
10391,0.086410545
10392,0.018273609
10393,0.05999747
10394,0.4862665
10395,0.049237043
10396,0.101989366
10397,0.26237556
10398,0.15069625
10399,0.27155158
10400,0.3691998
10401,0.29595995
10402,0.024481786
10403,0.3639709
10404,0.18760222
10405,0.21403584
10406,0.7855205
10407,0.3040138
10408,0.43028235
10409,0.026322246
10410,0.14419019
10411,0.016620742
10412,0.04738974
10413,0.02051574
10414,0.016068378
10415,0.013976213
10416,0.06444195
10417,0.011461409
10418,0.013426249
10419,0.034714475
10420,0.071257636
10421,0.11888358
10422,0.11721171
10423,0.121686764
10424,0.097901665
10425,0.243345
10426,0.14787519
10427,0.028407196
10428,0.10186481
10429,0.24747203
10430,0.02110368
10431,0.052137688
10432,0.971814
10433,0.9569275
10434,0.5421293
10435,0.010529502
10436,0.023252804
10437,0.015985759
10438,0.048118796
10439,0.3974455
10440,0.06883397
10441,0.06280431
10442,0.013004978
10443,0.07683302
10444,0.102311835
10445,0.070157245
10446,0.013341253
10447,0.4272294
10448,0.0160575
10449,0.03501726
10450,0.11799736
10451,0.11664143
10452,0.08878556
10453,0.051856373
10454,0.21062607
10455,0.16994835
10456,0.010599091
10457,0.024103954
10458,0.34517044
10459,0.106929645
10460,0.10603099
10461,0.9675328
10462,0.8113758
10463,0.63294464
10464,0.013818234
10465,0.04948254
10466,0.02762017
10467,0.18881108
10468,0.097176686
10469,0.24592845
10470,0.04734217
10471,0.090018354
10472,0.03463965
10473,0.10829986
10474,0.12506121
10475,0.15053317
10476,0.14046985
10477,0.51721317
10478,0.46258894
10479,0.24680789
10480,0.16635692
10481,0.10699687
10482,0.102828644
10483,0.11961359
10484,0.04937845
10485,0.05285943
10486,0.13108976
10487,0.21793559
10488,0.12929721
10489,0.12054058
10490,0.031426586
10491,0.9727999
10492,0.9879162
10493,0.95820343
10494,0.10681542
10495,0.046816524
10496,0.19380724
10497,0.24173188
10498,0.02813675
10499,0.02295355
10500,0.03366224
10501,0.049914286
10502,0.112465195
10503,0.05984278
10504,0.41174185
10505,0.7807464
10506,0.10577721
10507,0.14660609
10508,0.105682224
10509,0.18812543
10510,0.074366055
10511,0.31338513
10512,0.11832505
10513,0.0357427
10514,0.103038274
10515,0.11233023
10516,0.09887464
10517,0.04103046
10518,0.024363628
10519,0.42332822
10520,0.37344256
10521,0.23972157
10522,0.0644915
10523,0.027901923
10524,0.1053872
10525,0.0709215
10526,0.37011498
10527,0.038695354
10528,0.055048082
10529,0.054149467
10530,0.04140476
10531,0.052216504
10532,0.058640175
10533,0.37826598
10534,0.6549372
10535,0.4168643
10536,0.3179397
10537,0.12765881
10538,0.28013372
10539,0.18564841
10540,0.5143637
10541,0.07231815
10542,0.027595917
10543,0.050092384
10544,0.037086617
10545,0.1424282
10546,0.19476424
10547,0.117796406
10548,0.32988682
10549,0.35824957
10550,0.24287789
10551,1.0
10552,0.19516166
10553,0.22137123
10554,0.22919112
10555,0.049050454
10556,0.3214417
10557,0.080564044
10558,0.05415488
10559,0.044784416
10560,0.060286857
10561,0.22748181
10562,0.44045612
10563,0.4149171
10564,0.5876612
10565,0.45412058
10566,0.17952077
10567,0.23234914
10568,0.2522291
10569,0.013994083
10570,0.15295577
10571,0.086328655
10572,0.04666296
10573,0.41175646
10574,0.2129874
10575,0.06622249
10576,0.57671803
10577,0.36035836
10578,0.0114628505
10579,0.08729567
10580,0.11005357
10581,0.08547785
10582,0.020741982
10583,0.032751057
10584,0.07572037
10585,0.10577985
10586,0.10959524
10587,0.2385345
10588,0.45135596
10589,0.8964029
10590,0.48875296
10591,0.37208962
10592,0.6161948
10593,0.11711339
10594,0.020908866
10595,0.076257154
10596,0.06808715
10597,0.12403108
10598,0.24836116
10599,0.0718391
10600,0.030107725
10601,0.07308289
10602,0.12551251
10603,0.027764808
10604,0.048947427
10605,0.08776972
10606,0.02741212
10607,0.015428857
10608,0.048235126
10609,0.023648392
10610,0.013794771
10611,0.040942155
10612,0.08638502
10613,0.068955526
10614,0.105376944
10615,0.38936323
10616,0.25587073
10617,0.3321642
10618,0.7679174
10619,0.6810264
10620,0.37863514
10621,0.14193088
10622,0.01025203
10623,0.020516092
10624,0.05719697
10625,0.09454255
10626,0.017598756
10627,0.0117949685
10628,0.031315576
10629,0.6087601
10630,0.04974781
10631,0.017316386
10632,0.15143414
10633,0.050445784
10634,0.098938465
10635,0.040268816
10636,0.06715446
10637,0.019070111
10638,0.049990587
10639,0.017620167
10640,0.023423426
10641,0.041606296
10642,0.102953896
10643,0.13222376
10644,0.5801499
10645,0.3669847
10646,0.16037485
10647,0.8043564
10648,0.4390699
10649,0.45447457
10650,0.38973323
10651,0.05760825
10652,0.03308845
10653,0.04284612
10654,0.055116706
10655,0.04971916
10656,0.0379127
10657,0.078350805
10658,0.42494044
10659,0.10351058
10660,0.34480044
10661,0.02672256
10662,0.10557918
10663,0.110319674
10664,0.12443474
10665,0.13611226
10666,0.056881055
10667,0.030647818
10668,0.05815739
10669,0.14317179
10670,0.73253345
10671,0.35984075
10672,0.4794483
10673,0.3645824
10674,0.26751414
10675,0.17373146
10676,0.08549118
10677,0.037374157
10678,0.019319117
10679,0.049391575
10680,0.027234089
10681,0.116981976
10682,0.10973997
10683,0.115774445
10684,0.35322565
10685,0.021165563
10686,0.06576073
10687,0.012271735
10688,0.24403556
10689,0.044624384
10690,0.1329167
10691,0.16166027
10692,0.03509399
10693,0.20430633
10694,0.25522122
10695,0.093056396
10696,0.11801468
10697,0.025698017
10698,0.13011216
10699,0.07233943
10700,0.033830978
10701,0.13442433
10702,0.110279396
10703,0.036212042
10704,0.011664987
10705,0.20136808
10706,0.012253755
10707,0.012705821
10708,0.016602064
10709,0.12414166
10710,0.01142074
10711,0.03778181
10712,0.05250797
10713,0.14223053
10714,0.04966206
10715,0.052139997
10716,0.014340085
10717,0.05462179
10718,0.17590883
10719,0.37752825
10720,0.4499816
10721,0.07024779
10722,0.013435582
10723,0.014189349
10724,0.0289293
10725,0.02391693
10726,0.056679774
10727,0.0147787295
10728,0.07373057
10729,0.18245403
10730,0.013140586
10731,0.034855645
10732,0.015228354
10733,0.02753172
10734,0.018105445
10735,0.017759487
10736,0.100804485
10737,0.114032306
10738,0.38564783
10739,0.01819188
10740,0.018586215
10741,0.046474583
10742,0.09924177
10743,0.14305894
10744,0.39279762
10745,0.0889308
10746,0.014658031
10747,0.11267498
10748,0.040706962
10749,0.015523111
10750,0.0729471
10751,0.11279747
10752,0.08041946
10753,0.013406595
10754,0.012978077
10755,0.018210584
10756,0.013045937
10757,0.20501716
10758,0.017857917
10759,0.033160694
10760,0.13626972
10761,0.07682738
10762,0.05080186
10763,0.03799629
10764,0.041047513
10765,0.09086926
10766,0.31511414
10767,0.04540244
10768,0.009283803
10769,0.01988058
10770,0.057782907
10771,0.04181689
10772,0.0625439
10773,0.23782845
10774,0.06262953
10775,0.2565716
10776,0.10785847
10777,0.030673478
10778,0.04963494
10779,0.056142323
10780,0.027667437
10781,0.36357749
10782,0.116673104
10783,0.027953718
10784,0.10643371
10785,0.06650236
10786,0.013176993
10787,0.01358971
10788,0.45277947
10789,0.63535583
10790,0.2137701
10791,0.090169735
10792,0.08302954
10793,0.05813447
10794,0.036392607
10795,0.09495494
10796,0.110446416
10797,0.091185816
10798,0.90475225
10799,0.016180689
10800,0.07197132
10801,0.07369702
10802,0.08732712
10803,0.015659004
10804,0.03823239
10805,0.14629348
10806,0.44146165
10807,0.076678395
10808,0.1648624
10809,0.023248447
10810,0.03226177
10811,0.033801608
10812,0.105300754
10813,0.040367175
10814,0.031580623
10815,0.059920177
10816,0.052261617
10817,0.080145046
10818,0.019708749
10819,0.11565554
10820,0.050790384
10821,0.03969531
10822,0.015061728
10823,0.030468918
10824,0.08685148
10825,0.089627765
10826,0.02075319
10827,0.026243428
10828,0.054451432
10829,0.53060657
10830,0.10148502
10831,0.08884944
10832,0.053655554
10833,0.044239942
10834,0.079260446
10835,0.08342077
10836,0.02095306
10837,0.0252165
10838,0.45638305
10839,0.037414275
10840,0.009039086
10841,0.05130098
10842,0.10144322
10843,0.1303707
10844,0.05523499
10845,0.029478598
10846,0.047321085
10847,0.3417743
10848,0.021467952
10849,0.027253592
10850,0.025134541
10851,0.055771146
10852,0.040232092
10853,0.009342982
10854,0.16225523
10855,0.08216319
10856,0.009653876
10857,0.01449308
10858,0.061778475
10859,0.14152879
10860,0.10710397
10861,0.06485947
10862,0.05515798
10863,0.024433319
10864,0.05297488
10865,0.057147525
10866,0.18236509
10867,0.11385892
10868,0.010703469
10869,0.013062389
10870,0.013512358
10871,0.0136393355
10872,0.015660027
10873,0.012495445
10874,0.01815414
10875,0.011592078
10876,0.011424745
10877,0.015622612
10878,0.015851622
10879,0.013935068
10880,0.022887163
10881,0.036787875
10882,0.0528104
10883,0.14100038
10884,0.011145615
10885,0.013566801
10886,0.13296446
10887,0.24439564
10888,0.022906706
10889,0.015486558
10890,0.035295244
10891,0.014504033
10892,0.015636282
10893,0.029208165
10894,0.025266744
10895,0.010925425
10896,0.016633105
10897,0.0501456
10898,0.014502227
10899,0.011840151
10900,0.011689738
10901,0.05708206
10902,0.025419433
10903,0.031642754
10904,0.052775998
10905,0.0106051685
10906,0.13245729
10907,0.04503163
10908,0.060340382
10909,0.011555129
10910,0.009342104
10911,0.027745588
10912,0.012320762
10913,0.08131927
10914,0.017273482
10915,0.00957294
10916,0.0114511205
10917,0.012060467
10918,0.011585772
10919,0.22881852
10920,0.064218745
10921,0.076650426
10922,0.06309174
10923,0.013409366
10924,0.009446189
10925,0.0120024495
10926,0.13222238
10927,0.029448722
10928,0.014594641
10929,0.0798872
10930,0.015317214
10931,0.07570442
10932,0.011319281
10933,0.19482376
10934,0.021308934
10935,0.024435021
10936,0.027319007
10937,0.027883705
10938,0.010386914
10939,0.012852651
10940,0.012403608
10941,0.016596178
10942,0.015929181
10943,0.04578131
10944,0.013597068
10945,0.051595762
10946,0.06978664
10947,0.03197658
10948,0.22746079
10949,0.03274462
10950,0.022589149
10951,0.010230345
10952,0.014093651
10953,0.017681474
10954,0.063680656
10955,0.01860578
10956,0.029535685
10957,0.016712317
10958,0.02148075
10959,0.012832156
10960,0.013941482
10961,0.0310276
10962,0.11427481
10963,0.19320555
10964,0.08377792
10965,0.01943542
10966,0.039392475
10967,0.05957256
10968,0.035112027
10969,0.026378594
10970,0.034300413
10971,0.08374784
10972,0.08740321
10973,0.035839282
10974,0.06274539
10975,0.03675381
10976,0.028022997
10977,0.021983014
10978,0.06770754
10979,0.058197632
10980,0.053053644
10981,0.20692436
10982,0.3058693
10983,0.020332985
10984,0.031352766
10985,0.0131381145
10986,0.32055315
10987,0.04946739
10988,0.16785362
10989,0.122544356
10990,0.113476746
10991,0.033714425
10992,0.021313785
10993,0.02036457
10994,0.03198346
10995,0.117242746
10996,0.024285512
10997,0.6039113
10998,0.17209943
10999,0.027011482
11000,0.1649991
11001,0.054349095
11002,0.023035986
11003,0.020114705
11004,0.054582495
11005,0.054295424
11006,0.015772449
11007,0.013902137
11008,0.034529705
11009,0.10267199
11010,0.15714663
11011,0.5217936
11012,0.41702536
11013,0.04006807
11014,0.10572906
11015,0.020837532
11016,0.1930575
11017,0.17215055
11018,0.012657647
11019,0.040287558
11020,0.04698437
11021,0.050789587
11022,0.096651986
11023,0.46133396
11024,0.066977434
11025,0.194981
11026,0.5630169
11027,0.14061794
11028,0.51372427
11029,0.07262087
11030,0.530715
11031,0.03345576
11032,0.05537399
11033,0.039101943
11034,0.04037279
11035,0.027041532
11036,0.07500747
11037,0.067112364
11038,0.041812398
11039,0.042939354
11040,0.28044927
11041,0.052777495
11042,0.027412344
11043,0.055257197
11044,0.065132454
11045,0.025984835
11046,0.031835724
11047,0.009613492
11048,0.029381623
11049,0.09112683
11050,0.023948945
11051,0.09591776
11052,0.21461736
11053,0.17732467
11054,0.020076199
11055,0.06276918
11056,0.08746053
11057,0.032503735
11058,0.02648947
11059,0.014282206
11060,0.5518593
11061,0.096787885
11062,0.06306045
11063,0.57891625
11064,0.43700975
11065,0.070456125
11066,0.030573064
11067,0.016730992
11068,0.020218257
11069,0.009554739
11070,0.039611984
11071,0.010114163
11072,0.06427651
11073,0.086124316
11074,0.082116194
11075,0.17263739
11076,0.53011954
11077,0.009878663
11078,0.020245858
11079,0.03985625
11080,0.011919838
11081,0.010404505
11082,0.025567655
11083,0.018735329
11084,0.041781615
11085,0.2472741
11086,0.019127747
11087,0.044007104
11088,0.011326836
11089,0.011936365
11090,0.08378558
11091,0.02244207
11092,0.11918989
11093,0.44629028
11094,0.029986586
11095,0.05756604
11096,0.017274288
11097,0.0241078
11098,0.03850685
11099,0.06310609
11100,0.023497678
11101,0.015384635
11102,0.024209969
11103,0.012025711
11104,0.12275273
11105,0.14002472
11106,0.09090356
11107,0.06931721
11108,0.05675633
11109,0.02925573
11110,0.03639006
11111,0.057790563
11112,0.06612183
11113,0.105513446
11114,0.05959698
11115,0.12387085
11116,0.020631038
11117,0.038755316
11118,0.035575278
11119,0.033556238
11120,0.04789447
11121,0.047980536
11122,0.020256424
11123,0.08192563
11124,0.17593183
11125,0.24623984
11126,0.036146775
11127,0.034243785
11128,0.03315557
11129,0.08421101
11130,0.05021407
11131,0.016284375
11132,0.06260764
11133,0.03767904
11134,0.24797776
11135,0.027118964
11136,0.027376918
11137,0.03869087
11138,0.06428037
11139,0.08205864
11140,0.2334553
11141,0.2007012
11142,0.21732041
11143,0.066519536
11144,0.04809193
11145,0.027018549
11146,0.061923236
11147,0.08565096
11148,0.012212946
11149,0.09637246
11150,0.050318524
11151,0.6003781
11152,0.11405935
11153,0.018821144
11154,0.013039337
11155,0.11446202
11156,0.03889866
11157,0.035754986
11158,0.025982333
11159,0.01255385
11160,0.06393615
11161,0.023748184
11162,0.025129836
11163,0.029380439
11164,0.130485
11165,0.063759066
11166,0.09036171
11167,0.0816799
11168,0.11894238
11169,0.20796289
11170,0.45127434
11171,0.08628731
11172,0.024448333
11173,0.10927281
11174,0.02597419
11175,0.054985337
11176,0.010319045
11177,0.010566233
11178,0.08584173
11179,0.041452087
11180,0.12655468
11181,0.048778795
11182,0.1234062
11183,0.037921727
11184,0.048684873
11185,0.028419636
11186,0.015710287
11187,0.14440896
11188,0.011730298
11189,0.03264815
11190,0.05250871
11191,0.014009748
11192,0.031619094
11193,0.052397724
11194,0.065289676
11195,0.0977164
11196,0.1392159
11197,0.1157958
11198,0.2550054
11199,0.14583175
11200,0.1524477
11201,0.015470761
11202,0.11567543
11203,0.028096542
11204,0.06779258
11205,0.011314159
11206,0.032545913
11207,0.1233124
11208,0.030778369
11209,0.021683017
11210,0.04824415
11211,0.029989596
11212,0.06008387
11213,0.08737374
11214,0.027539764
11215,0.05022277
11216,0.015323005
11217,0.026448352
11218,0.08936787
11219,0.039409168
11220,0.042631578
11221,0.09077976
11222,0.068548374
11223,0.21835145
11224,0.3285554
11225,0.12838519
11226,0.12644318
11227,0.07666054
11228,0.10642981
11229,0.088323556
11230,0.101311475
11231,0.07398983
11232,0.011244006
11233,0.011520446
11234,0.01593049
11235,0.3620648
11236,0.07084736
11237,0.07305192
11238,0.056489725
11239,0.105763234
11240,0.016959118
11241,0.029904144
11242,0.02422511
11243,0.07014447
11244,0.31112742
11245,0.06956976
11246,0.0571219
11247,0.124566875
11248,0.6549573
11249,0.11662777
11250,0.018755727
11251,0.21314782
11252,0.08633414
11253,0.24743298
11254,0.28866675
11255,0.094699
11256,0.020206949
11257,0.052251745
11258,0.030600451
11259,0.09865987
11260,0.15429144
11261,0.03999462
11262,0.1616998
11263,0.07494556
11264,0.060023528
11265,0.016332256
11266,0.01300511
11267,0.018090699
11268,0.04206311
11269,0.0603582
11270,0.08443282
11271,0.01807939
11272,0.14715004
11273,0.16429298
11274,0.15028958
11275,0.11716491
11276,0.06292088
11277,0.1310213
11278,0.25455672
11279,0.2580631
11280,0.06450564
11281,0.011638045
11282,0.07890212
11283,0.024854917
11284,0.060861927
11285,0.47644475
11286,0.04216869
11287,0.082301885
11288,0.39577988
11289,0.23856099
11290,0.014156864
11291,0.058314994
11292,0.06456239
11293,0.15650894
11294,0.25885352
11295,0.012276688
11296,0.103200585
11297,0.10117492
11298,0.15084594
11299,0.14432603
11300,0.15412034
11301,0.18985397
11302,0.35862544
11303,0.114987984
11304,0.05330205
11305,0.07513197
11306,0.057026
11307,0.28392544
11308,0.96911955
11309,0.09416551
11310,0.049656592
11311,0.35366523
11312,0.02143723
11313,0.05903104
11314,0.2621978
11315,0.019327885
11316,0.064321496
11317,0.09668799
11318,0.018812142
11319,0.05980226
11320,0.010392082
11321,0.47940695
11322,0.050990004
11323,0.102098554
11324,0.25951576
11325,0.1393463
11326,0.2607647
11327,0.36921683
11328,0.29279286
11329,0.02582753
11330,0.18934317
11331,0.18850128
11332,0.19275829
11333,0.80543554
11334,0.32495052
11335,0.4440433
11336,0.027516158
11337,0.12931535
11338,0.050613537
11339,0.023156675
11340,0.019424796
11341,0.0131021505
11342,0.015896682
11343,0.07589785
11344,0.011471974
11345,0.01258213
11346,0.03610411
11347,0.076343596
11348,0.120488204
11349,0.12002385
11350,0.12401549
11351,0.10165095
11352,0.22656018
11353,0.20088546
11354,0.02923099
11355,0.117197864
11356,0.25707814
11357,0.02514859
11358,0.0474565
11359,0.9497329
11360,0.8123733
11361,0.5778779
11362,0.010529502
11363,0.0246405
11364,0.059311293
11365,0.40176022
11366,0.07959607
11367,0.06577954
11368,0.103704944
11369,0.09901045
11370,0.093901284
11371,0.012238094
11372,0.40973237
11373,0.016610883
11374,0.030291744
11375,0.1475189
11376,0.11860509
11377,0.08993378
11378,0.054321762
11379,0.20230938
11380,0.16836901
11381,0.023441087
11382,0.12972212
11383,0.11149131
11384,0.098290846
11385,0.9781896
11386,0.80231416
11387,0.73728335
11388,0.01443259
11389,0.05249759
11390,0.025430674
11391,0.24110831
11392,0.10079112
11393,0.24795827
11394,0.046532627
11395,0.083939984
11396,0.03562444
11397,0.10660774
11398,0.124407195
11399,0.1609669
11400,0.1323265
11401,0.5170371
11402,0.4768165
11403,0.24224861
11404,0.15784815
11405,0.10173468
11406,0.073929265
11407,0.118130736
11408,0.053149626
11409,0.044629186
11410,0.021475641
11411,0.12531124
11412,0.12934524
11413,0.09709462
11414,0.08712118
11415,0.030011576
11416,0.90828156
11417,0.9898635
11418,0.9572638
11419,0.081525534
11420,0.045362025
11421,0.19139165
11422,0.23776607
11423,0.024207165
11424,0.019148165
11425,0.03404865
11426,0.050138716
11427,0.11795538
11428,0.05890637
11429,0.4034302
11430,0.7457099
11431,0.1011609
11432,0.11996761
11433,0.10688292
11434,0.18445067
11435,0.08900754
11436,0.34003124
11437,0.10719344
11438,0.033701908
11439,0.10680188
11440,0.124508865
11441,0.09163827
11442,0.04031543
11443,0.031709626
11444,0.30635315
11445,0.3760384
11446,0.1462424
11447,0.06476823
11448,0.027111558
11449,0.098987095
11450,0.085121594
11451,0.2606859
11452,0.030325688
11453,0.05326436
11454,0.054202452
11455,0.040170647
11456,0.034175728
11457,0.05544511
11458,0.058319785
11459,0.3512254
11460,0.6876205
11461,0.41208705
11462,0.20195408
11463,0.1380349
11464,0.21359646
11465,0.16040689
11466,0.5491144
11467,0.06961159
11468,0.029263306
11469,0.04020815
11470,0.051765252
11471,0.1354914
11472,0.1652471
11473,0.09878913
11474,0.437407
11475,0.36820903
11476,0.24383755
11477,1.0
11478,0.19352242
11479,0.015832482
11480,0.15158361
11481,0.21799013
11482,0.0193466
11483,0.04043999
11484,0.18061875
11485,0.07780428
11486,0.044944882
11487,0.05174883
11488,0.073558606
11489,0.13972953
11490,0.4001989
11491,0.44006658
11492,0.5802291
11493,0.42957345
11494,0.16746537
11495,0.23330408
11496,0.2613922
11497,0.014569071
11498,0.044566546
11499,0.12643759
11500,0.08729359
11501,0.4146666
11502,0.20534918
11503,0.05920525
11504,0.5063714
11505,0.376542
11506,0.010334215
11507,0.08542486
11508,0.112354085
11509,0.09803569
11510,0.05624684
11511,0.025613477
11512,0.03226745
11513,0.0713976
11514,0.12092812
11515,0.11188835
11516,0.23802742
11517,0.4377269
11518,0.79712796
11519,0.48018062
11520,0.37292993
11521,0.60248065
11522,0.10619987
11523,0.076409556
11524,0.06931656
11525,0.1263409
11526,0.17760114
11527,0.07482714
11528,0.028513843
11529,0.098565236
11530,0.13890302
11531,0.026650434
11532,0.009556463
11533,0.040946495
11534,0.08677406
11535,0.023636613
11536,0.046971455
11537,0.013553814
11538,0.0402599
11539,0.080543324
11540,0.06478583
11541,0.102997124
11542,0.25370345
11543,0.25188798
11544,0.33766463
11545,0.74054414
11546,0.64760005
11547,0.38133457
11548,0.13309771
11549,0.021954123
11550,0.059565004
11551,0.124260865
11552,0.016497761
11553,0.0117949685
11554,0.028758567
11555,0.7365114
11556,0.045396153
11557,0.017052902
11558,0.06574565
11559,0.0601617
11560,0.112072505
11561,0.03418544
11562,0.05792146
11563,0.017864639
11564,0.024225175
11565,0.04392081
11566,0.10209616
11567,0.12729591
11568,0.5865803
11569,0.3662887
11570,0.1474087
11571,0.8125362
11572,0.40515617
11573,0.45868972
11574,0.18638347
11575,0.043918546
11576,0.032240063
11577,0.03411945
11578,0.053482946
11579,0.05038424
11580,0.036619194
11581,0.061205693
11582,0.44100484
11583,0.1888862
11584,0.37222877
11585,0.021618089
11586,0.1011232
11587,0.11336619
11588,0.14885011
11589,0.20668109
11590,0.04821095
11591,0.030869167
11592,0.014232854
11593,0.059032086
11594,0.1431716
11595,0.76226526
11596,0.3499746
11597,0.46725702
11598,0.25172862
11599,0.3606272
11600,0.16751781
11601,0.08743252
11602,0.037825294
11603,0.01953962
11604,0.013222801
11605,0.048913367
11606,0.026609356
11607,0.11931705
11608,0.11219447
11609,0.0996698
11610,0.23880008
11611,0.02157421
11612,0.068061516
11613,0.24320944
11614,0.036260895
11615,0.0122292265
11616,0.1276277
11617,0.22729082
11618,0.031211685
11619,0.21549948
11620,0.18459028
11621,0.081804715
11622,0.10713932
11623,0.12894453
11624,0.084081404
11625,0.033027604
11626,0.14122884
11627,0.11832001
11628,0.03528872
11629,0.011643672
11630,0.21930578
11631,0.011720381
11632,0.022701541
11633,0.10212178
11634,0.054568265
11635,0.1635089
11636,0.051572636
11637,0.054069858
11638,0.05769799
11639,0.17235559
11640,0.38295498
11641,0.45954338
11642,0.08470582
11643,0.013412489
11644,0.02098356
11645,0.024670735
11646,0.053000275
11647,0.021459399
11648,0.07017233
11649,0.15959963
11650,0.030085431
11651,0.026467288
11652,0.032461964
11653,0.01784034
11654,0.012291225
11655,0.017632404
11656,0.101639874
11657,0.11107411
11658,0.39976037
11659,0.018382834
11660,0.019079406
11661,0.041443557
11662,0.09475115
11663,0.13005632
11664,0.40041518
11665,0.09806567
11666,0.019252472
11667,0.107409604
11668,0.012965932
11669,0.041566864
11670,0.07447187
11671,0.1415946
11672,0.062701
11673,0.014880265
11674,0.0129153645
11675,0.015545008
11676,0.012484805
11677,0.20305793
11678,0.018162474
11679,0.03404871
11680,0.13340802
11681,0.08844823
11682,0.049110983
11683,0.027160596
11684,0.03996297
11685,0.08856601
11686,0.3882954
11687,0.041749336
11688,0.009283803
11689,0.0137763955
11690,0.017408188
11691,0.05314062
11692,0.04158043
11693,0.06427344
11694,0.2172557
11695,0.060976055
11696,0.25685143
11697,0.09743647
11698,0.032356534
11699,0.015006537
11700,0.054244854
11701,0.04316622
11702,0.027360931
11703,0.33928534
11704,0.097028166
11705,0.022133267
11706,0.10885362
11707,0.072709374
11708,0.0112836575
11709,0.012503137
11710,0.4717567
11711,0.6192872
11712,0.12153535
11713,0.08552032
11714,0.085942306
11715,0.05936365
11716,0.036424376
11717,0.0986725
11718,0.08963274
11719,0.08819881
11720,0.8342992
11721,0.06822117
11722,0.06904598
11723,0.07430267
11724,0.01524533
11725,0.052993134
11726,0.13779333
11727,0.4389625
11728,0.07297976
11729,0.12656683
11730,0.023170227
11731,0.03430798
11732,0.037275683
11733,0.104553476
11734,0.03911307
11735,0.03526698
11736,0.094035596
11737,0.06962532
11738,0.0640589
11739,0.027484825
11740,0.026173512
11741,0.057253804
11742,0.11652445
11743,0.040190734
11744,0.014586258
11745,0.03577574
11746,0.077396415
11747,0.11965661
11748,0.021711174
11749,0.059969448
11750,0.54057705
11751,0.13766228
11752,0.1007045
11753,0.011064699
11754,0.0437237
11755,0.036003634
11756,0.06042932
11757,0.0701784
11758,0.014501289
11759,0.018709512
11760,0.32308874
11761,0.03324132
11762,0.056963176
11763,0.1517186
11764,0.019362973
11765,0.1925032
11766,0.052043956
11767,0.026273238
11768,0.048674684
11769,0.34193885
11770,0.030735014
11771,0.030766876
11772,0.0098725315
11773,0.020469887
11774,0.023503706
11775,0.05648723
11776,0.012080297
11777,0.038233425
11778,0.1450826
11779,0.084584266
11780,0.014838506
11781,0.014309031
11782,0.05724353
11783,0.14059627
11784,0.09556172
11785,0.06432193
11786,0.053634092
11787,0.024697669
11788,0.061494987
11789,0.12765384
11790,0.1472796
11791,0.14745781
11792,0.010752223
11793,0.012873372
11794,0.05135499
11795,0.019080028
11796,0.0137992855
11797,0.019725274
11798,0.014141683
11799,0.011386816
11800,0.011005024
11801,0.016676195
11802,0.015656712
11803,0.01324663
11804,0.021522114
11805,0.039756894
11806,0.06071148
11807,0.13191909
11808,0.013566801
11809,0.11276857
11810,0.013719249
11811,0.19435443
11812,0.011905326
11813,0.020361936
11814,0.038602635
11815,0.01360367
11816,0.013140705
11817,0.030881666
11818,0.019148858
11819,0.011033533
11820,0.016041132
11821,0.036094658
11822,0.013363187
11823,0.0117110545
11824,0.057442114
11825,0.024769984
11826,0.043475486
11827,0.015319628
11828,0.04702103
11829,0.016626721
11830,0.018228779
11831,0.011708746
11832,0.13640471
11833,0.039494406
11834,0.05849969
11835,0.012499992
11836,0.009342104
11837,0.011391928
11838,0.02841499
11839,0.012261314
11840,0.018222436
11841,0.07940592
11842,0.0154008875
11843,0.242009
11844,0.05979882
11845,0.08334868
11846,0.06619791
11847,0.010427564
11848,0.10983553
11849,0.034243517
11850,0.012912884
11851,0.009704693
11852,0.08994497
11853,0.016650151
11854,0.07888844
11855,0.11839642
11856,0.01776891
11857,0.033776063
11858,0.0384463
11859,0.027272714
11860,0.014367288
11861,0.013171262
11862,0.012519152
11863,0.014917484
11864,0.036893334
11865,0.012814343
11866,0.052307747
11867,0.06892584
11868,0.03669583
11869,0.009527364
11870,0.21237186
11871,0.02421733
11872,0.015973499
11873,0.031058738
11874,0.00930781
11875,0.018631164
11876,0.07146636
11877,0.025328197
11878,0.021591961
11879,0.031335827
11880,0.015349639
11881,0.013015163
11882,0.028943
11883,0.10061839
11884,0.23729435
11885,0.018293126
11886,0.07598363
11887,0.019262385
11888,0.028283259
11889,0.040087342
11890,0.042734463
11891,0.036081973
11892,0.03146851
11893,0.03426171
11894,0.028169723
11895,0.026310856
11896,0.104046784
11897,0.045895413
11898,0.02934768
11899,0.021305626
11900,0.022591485
11901,0.07518183
11902,0.03388157
11903,0.060951278
11904,0.12296268
11905,0.29888985
11906,0.07837592
11907,0.031896267
11908,0.43262815
11909,0.051909596
11910,0.24435689
11911,0.0757521
11912,0.20634286
11913,0.03422854
11914,0.02040332
11915,0.034877293
11916,0.10514647
11917,0.02520958
11918,0.6392541
11919,0.19651622
11920,0.08806654
11921,0.1980349
11922,0.0377829
11923,0.016901724
11924,0.047775015
11925,0.034848873
11926,0.015861498
11927,0.013613535
11928,0.033378437
11929,0.10119168
11930,0.106340595
11931,0.4851658
11932,0.4302582
11933,0.033375435
11934,0.08306542
11935,0.020881893
11936,0.16771206
11937,0.24621905
11938,0.011193239
11939,0.018666131
11940,0.03784981
11941,0.045294903
11942,0.04780244
11943,0.07772017
11944,0.4444467
11945,0.07934456
11946,0.22947988
11947,0.5252432
11948,0.1382767
11949,0.020153726
11950,0.53416127
11951,0.05094449
11952,0.5299157
11953,0.034403473
11954,0.04681965
11955,0.06452053
11956,0.03876092
11957,0.027616099
11958,0.09674636
11959,0.08410155
11960,0.025473328
11961,0.03466824
11962,0.35461655
11963,0.052907974
11964,0.026783694
11965,0.05298645
11966,0.1032
11967,0.023931399
11968,0.025471844
11969,0.009613492
11970,0.028595312
11971,0.082853235
11972,0.100950286
11973,0.10002832
11974,0.032353546
11975,0.23637453
11976,0.01917481
11977,0.034549564
11978,0.034195386
11979,0.022095991
11980,0.013660512
11981,0.44924927
11982,0.121130936
11983,0.06244815
11984,0.43096066
11985,0.4259511
11986,0.009410982
11987,0.06527607
11988,0.03645194
11989,0.012927308
11990,0.016730992
11991,0.022332639
11992,0.016130319
11993,0.009554739
11994,0.04042087
11995,0.011545095
11996,0.010114163
11997,0.10807575
11998,0.06560192
11999,0.08941527
12000,0.16255522
12001,0.47990617
12002,0.012564367
12003,0.015494527
12004,0.051414024
12005,0.011695179
12006,0.014470046
12007,0.025216963
12008,0.019379381
12009,0.034185134
12010,0.2533525
12011,0.017471328
12012,0.05061543
12013,0.011964844
12014,0.040942747
12015,0.04158996
12016,0.11614636
12017,0.4415812
12018,0.010063652
12019,0.034512766
12020,0.049499888
12021,0.01676822
12022,0.022600453
12023,0.034683127
12024,0.056239974
12025,0.01331359
12026,0.022416698
12027,0.013616177
12028,0.1244345
12029,0.12818769
12030,0.110317856
12031,0.08090231
12032,0.06030951
12033,0.028329484
12034,0.039834466
12035,0.052480027
12036,0.048930515
12037,0.11428741
12038,0.07664775
12039,0.19987947
12040,0.016084816
12041,0.04032001
12042,0.036536045
12043,0.036381666
12044,0.038479358
12045,0.06959036
12046,0.020707404
12047,0.016733196
12048,0.09730886
12049,0.18511736
12050,0.258034
12051,0.043856613
12052,0.04516559
12053,0.03034421
12054,0.11900178
12055,0.04631302
12056,0.016045067
12057,0.059709225
12058,0.014865037
12059,0.027120799
12060,0.144404
12061,0.027799904
12062,0.027937734
12063,0.041144386
12064,0.068767786
12065,0.087849356
12066,0.22781235
12067,0.2206233
12068,0.23482446
12069,0.07010636
12070,0.049507916
12071,0.0278853
12072,0.06137965
12073,0.053735454
12074,0.09881695
12075,0.046113085
12076,0.5757582
12077,0.1282105
12078,0.020912727
12079,0.111649565
12080,0.056666736
12081,0.045669947
12082,0.023664325
12083,0.013902329
12084,0.093909085
12085,0.018694539
12086,0.027178211
12087,0.027585858
12088,0.11644265
12089,0.059892997
12090,0.09298463
12091,0.07524746
12092,0.12258272
12093,0.23106931
12094,0.46205628
12095,0.076274246
12096,0.03035065
12097,0.09014262
12098,0.025221065
12099,0.06443486
12100,0.025934208
12101,0.010566233
12102,0.06732587
12103,0.03941439
12104,0.10810369
12105,0.03921589
12106,0.105061196
12107,0.033678986
12108,0.061722
12109,0.027824614
12110,0.14719374
12111,0.011835051
12112,0.033911455
12113,0.05267313
12114,0.030514728
12115,0.012540662
12116,0.012330852
12117,0.030928785
12118,0.040895127
12119,0.06444905
12120,0.09370266
12121,0.14905617
12122,0.116223924
12123,0.25392902
12124,0.23270588
12125,0.15115237
12126,0.023973878
12127,0.13486512
12128,0.021784239
12129,0.067485906
12130,0.032537345
12131,0.12580317
12132,0.033958673
12133,0.023329811
12134,0.05610084
12135,0.03374092
12136,0.02022032
12137,0.058368064
12138,0.07865647
12139,0.036545563
12140,0.048090022
12141,0.0892867
12142,0.032102842
12143,0.055320445
12144,0.09184766
12145,0.08167947
12146,0.15121013
12147,0.3117577
12148,0.11973283
12149,0.12581639
12150,0.069477096
12151,0.095687255
12152,0.08816328
12153,0.1030572
12154,0.07939129
12155,0.022604661
12156,0.37074482
12157,0.05939406
12158,0.08807129
12159,0.048144296
12160,0.11125131
12161,0.023386568
12162,0.019935159
12163,0.019518344
12164,0.051344667
12165,0.32409066
12166,0.06784739
12167,0.06383882
12168,0.12006742
12169,0.6551812
12170,0.11708291
12171,0.017295165
12172,0.20628579
12173,0.071218625
12174,0.18983994
12175,0.28324005
12176,0.08427429
12177,0.020148493
12178,0.05400709
12179,0.09956614
12180,0.15197963
12181,0.042722847
12182,0.17089923
12183,0.08255728
12184,0.07396907
12185,0.014781083
12186,0.018360559
12187,0.039738882
12188,0.072471276
12189,0.08564184
12190,0.017243445
12191,0.13788453
12192,0.13577875
12193,0.15583125
12194,0.09940175
12195,0.04958927
12196,0.13020797
12197,0.1915931
12198,0.25806716
12199,0.062314264
12200,0.06292727
12201,0.029266266
12202,0.06387122
12203,0.5684963
12204,0.039671287
12205,0.06557945
12206,0.38618445
12207,0.24768832
12208,0.014607368
12209,0.065263405
12210,0.057210382
12211,0.26013795
12212,0.25810382
12213,0.104085475
12214,0.108127385
12215,0.21404293
12216,0.21670409
12217,0.16903798
12218,0.18204026
12219,0.3548008
12220,0.1041027
12221,0.05426569
12222,0.07538312
12223,0.058447614
12224,0.29007378
12225,0.955135
12226,0.0854373
12227,0.047008537
12228,0.36867058
12229,0.017733777
12230,0.051439885
12231,0.26403573
12232,0.018439827
12233,0.08717829
12234,0.09166835
12235,0.020284293
12236,0.08307683
12237,0.010392082
12238,0.4877304
12239,0.052187987
12240,0.10226346
12241,0.2591802
12242,0.14542282
12243,0.26047263
12244,0.3650782
12245,0.3137113
12246,0.024925293
12247,0.24159473
12248,0.11414438
12249,0.21011603
12250,0.7701287
12251,0.45266902
12252,0.3265408
12253,0.026978152
12254,0.22047327
12255,0.022178547
12256,0.026387302
12257,0.0131021505
12258,0.06545658
12259,0.0126883425
12260,0.011676761
12261,0.030829139
12262,0.069765404
12263,0.119035594
12264,0.1164666
12265,0.13474104
12266,0.09966641
12267,0.23817042
12268,0.19413981
12269,0.030027037
12270,0.096802965
12271,0.19747531
12272,0.047334976
12273,0.9712718
12274,0.7927597
12275,0.5552033
12276,0.02662882
12277,0.020827534
12278,0.06644675
12279,0.40302613
12280,0.09376238
12281,0.0642971
12282,0.0136561245
12283,0.08802454
12284,0.10084105
12285,0.07648661
12286,0.013540829
12287,0.41386107
12288,0.016419044
12289,0.032520723
12290,0.12333568
12291,0.12417297
12292,0.080986746
12293,0.05613882
12294,0.23424621
12295,0.1661216
12296,0.02415676
12297,0.221118
12298,0.1190988
12299,0.10116892
12300,0.97660834
12301,0.81886625
12302,0.7264572
12303,0.066873945
12304,0.025238175
12305,0.012943137
12306,0.34710822
12307,0.117814116
12308,0.36293417
12309,0.04614579
12310,0.08053989
12311,0.03253839
12312,0.10277644
12313,0.12602882
12314,0.16374025
12315,0.14578605
12316,0.5175912
12317,0.47393364
12318,0.24641874
12319,0.2197998
12320,0.10662764
12321,0.071011245
12322,0.12163921
12323,0.049006294
12324,0.04766804
12325,0.020830868
12326,0.137425
12327,0.1465078
12328,0.07625038
12329,0.10373347
12330,0.027311277
12331,0.9673231
12332,0.98922026
12333,0.95404613
12334,0.08110807
12335,0.04143153
12336,0.363353
12337,0.013677288
12338,0.25075477
12339,0.023941299
12340,0.011903661
12341,0.020661762
12342,0.04317918
12343,0.112685226
12344,0.05644267
12345,0.4045794
12346,0.73869157
12347,0.093555994
12348,0.12091569
12349,0.107276104
12350,0.1686583
12351,0.07386669
12352,0.34643188
12353,0.1252003
12354,0.038361322
12355,0.10548971
12356,0.11319567
12357,0.09000737
12358,0.044817407
12359,0.026933176
12360,0.41896984
12361,0.27395067
12362,0.21624337
12363,0.07078905
12364,0.09763141
12365,0.08813931
12366,0.25419015
12367,0.031545382
12368,0.05409305
12369,0.053304814
12370,0.026277104
12371,0.059564993
12372,0.0539212
12373,0.3725341
12374,0.6497585
12375,0.41992778
12376,0.2638274
12377,0.1364088
12378,0.2571826
12379,0.23648791
12380,0.5658328
12381,0.065353476
12382,0.028897969
12383,0.040643297
12384,0.03994109
12385,0.12890251
12386,0.17204882
12387,0.21007249
12388,0.30815208
12389,0.26757118
12390,0.24195574
12391,1.0
12392,0.19672841
12393,0.017849525
12394,0.19371864
12395,0.24962036
12396,0.054192822
12397,0.17560045
12398,0.076632485
12399,0.03940229
12400,0.04711844
12401,0.0593885
12402,0.23294409
12403,0.37815094
12404,0.3155631
12405,0.569104
12406,0.27822438
12407,0.16974153
12408,0.15339614
12409,0.38803515
12410,0.014296988
12411,0.1602169
12412,0.080452405
12413,0.06666549
12414,0.4159126
12415,0.2820927
12416,0.05926257
12417,0.5570707
12418,0.36278534
12419,0.090985484
12420,0.09713296
12421,0.098111734
12422,0.047155805
12423,0.012189607
12424,0.022719815
12425,0.030598681
12426,0.085037075
12427,0.10885426
12428,0.112757586
12429,0.16650693
12430,0.40854827
12431,0.79780316
12432,0.47480476
12433,0.36575413
12434,0.61131155
12435,0.10817608
12436,0.09851856
12437,0.06363293
12438,0.13828431
12439,0.19517535
12440,0.07485347
12441,0.027731355
12442,0.0710673
12443,0.14713162
12444,0.009556463
12445,0.04199401
12446,0.099179134
12447,0.024046252
12448,0.041461613
12449,0.01841153
12450,0.024516184
12451,0.009778492
12452,0.013689933
12453,0.0396614
12454,0.08488068
12455,0.067898534
12456,0.101334944
12457,0.25150383
12458,0.2523756
12459,0.34340316
12460,0.748172
12461,0.61438805
12462,0.38388112
12463,0.12814409
12464,0.043347564
12465,0.021850692
12466,0.060079932
12467,0.11167259
12468,0.017903024
12469,0.029124929
12470,0.8275341
12471,0.049329143
12472,0.061415385
12473,0.049372528
12474,0.12292507
12475,0.03360057
12476,0.062412143
12477,0.01697033
12478,0.048388153
12479,0.01739208
12480,0.018774807
12481,0.043537606
12482,0.10747388
12483,0.124157496
12484,0.58389735
12485,0.3977024
12486,0.14632717
12487,0.92414826
12488,0.42968315
12489,0.43391076
12490,0.18091346
12491,0.010691339
12492,0.044490166
12493,0.03362783
12494,0.03500921
12495,0.056169603
12496,0.05193736
12497,0.041160077
12498,0.077931635
12499,0.44291127
12500,0.20134866
12501,0.37206158
12502,0.02226179
12503,0.102624014
12504,0.12772618
12505,0.13855743
12506,0.17154196
12507,0.051336534
12508,0.029322583
12509,0.012381228
12510,0.051325727
12511,0.15923963
12512,0.7365247
12513,0.26914772
12514,0.47384468
12515,0.34256244
12516,0.3677972
12517,0.24294846
12518,0.09585597
12519,0.038844172
12520,0.019590043
12521,0.014623578
12522,0.039623912
12523,0.025309088
12524,0.13431732
12525,0.12303594
12526,0.1070364
12527,0.3432574
12528,0.021115907
12529,0.06868212
12530,0.33992958
12531,0.037343755
12532,0.014212945
12533,0.017962363
12534,0.013536028
12535,0.12402754
12536,0.13650814
12537,0.034013078
12538,0.21158555
12539,0.24748068
12540,0.08906245
12541,0.115248665
12542,0.028245578
12543,0.11265178
12544,0.08663632
12545,0.033636305
12546,0.13631746
12547,0.12265715
12548,0.036823086
12549,0.019425124
12550,0.011489773
12551,0.21417245
12552,0.017053861
12553,0.105205946
12554,0.036098614
12555,0.060286485
12556,0.16633724
12557,0.050412253
12558,0.054334674
12559,0.011886549
12560,0.05618116
12561,0.24268338
12562,0.39184856
12563,0.4986169
12564,0.078528225
12565,0.023327082
12566,0.024420634
12567,0.051567737
12568,0.07100958
12569,0.14044577
12570,0.02063131
12571,0.019002913
12572,0.02851162
12573,0.016871754
12574,0.012437328
12575,0.09936978
12576,0.110462934
12577,0.3762267
12578,0.01645185
12579,0.019429617
12580,0.041342724
12581,0.09755774
12582,0.14091241
12583,0.40700155
12584,0.0988725
12585,0.015575722
12586,0.12759797
12587,0.038586434
12588,0.015310665
12589,0.07329911
12590,0.14084011
12591,0.06099115
12592,0.01187926
12593,0.013181585
12594,0.015266906
12595,0.012502641
12596,0.1988103
12597,0.020951044
12598,0.032823503
12599,0.13571133
12600,0.086550325
12601,0.04730378
12602,0.02494333
12603,0.03842809
12604,0.068924144
12605,0.37616718
12606,0.04721291
12607,0.009283803
12608,0.018413264
12609,0.04555389
12610,0.046664152
12611,0.08069421
12612,0.12768628
12613,0.061487887
12614,0.25625733
12615,0.10125884
12616,0.043644696
12617,0.014642889
12618,0.05051881
12619,0.044484597
12620,0.026699437
12621,0.25230488
12622,0.086652964
12623,0.10895239
12624,0.028873287
12625,0.10849607
12626,0.07860998
12627,0.011234903
12628,0.01225292
12629,0.45581505
12630,0.6770647
12631,0.13410029
12632,0.08494643
12633,0.086096294
12634,0.058909927
12635,0.03528995
12636,0.17884576
12637,0.08852591
12638,0.115642145
12639,0.81429875
12640,0.015525739
12641,0.07308506
12642,0.03006464
12643,0.09154574
12644,0.07204498
12645,0.018594695
12646,0.10730317
12647,0.41866684
12648,0.081993125
12649,0.12637596
12650,0.023524957
12651,0.040222548
12652,0.0121914
12653,0.0326164
12654,0.104968704
12655,0.037755318
12656,0.010885831
12657,0.03056215
12658,0.08663051
12659,0.08226101
12660,0.06432073
12661,0.019335302
12662,0.05200551
12663,0.023063885
12664,0.116668776
12665,0.052704226
12666,0.019492019
12667,0.03218794
12668,0.078320704
12669,0.10728559
12670,0.022507185
12671,0.04912509
12672,0.5599594
12673,0.10538552
12674,0.116358146
12675,0.04560447
12676,0.057142254
12677,0.052936293
12678,0.058245137
12679,0.015965229
12680,0.029857669
12681,0.3224265
12682,0.032675438
12683,0.009989216
12684,0.011431856
12685,0.015783656
12686,0.041680843
12687,0.100717425
12688,0.012567504
12689,0.112121046
12690,0.051519144
12691,0.02858963
12692,0.050053865
12693,0.33875465
12694,0.022257822
12695,0.020435043
12696,0.019063937
12697,0.055024516
12698,0.039222054
12699,0.1453138
12700,0.08319573
12701,0.014304704
12702,0.014264766
12703,0.016844502
12704,0.074398525
12705,0.22331768
12706,0.09434706
12707,0.06890202
12708,0.071207106
12709,0.030200403
12710,0.06535105
12711,0.016494172
12712,0.07312505
12713,0.2218697
12714,0.13297172
12715,0.011185252
12716,0.011591837
12717,0.012413525
12718,0.03988747
12719,0.013827997
12720,0.015221965
12721,0.01652479
12722,0.014204008
12723,0.017565418
12724,0.012371246
12725,0.020519642
12726,0.016099548
12727,0.011684329
12728,0.02139111
12729,0.041225046
12730,0.071031444
12731,0.124040484
12732,0.009851047
12733,0.013389947
12734,0.013220761
12735,0.13484617
12736,0.18773066
12737,0.01242853
12738,0.020837665
12739,0.014751521
12740,0.03781228
12741,0.013741961
12742,0.012783627
12743,0.029558273
12744,0.019139068
12745,0.011178868
12746,0.014840018
12747,0.030790603
12748,0.009653876
12749,0.011840151
12750,0.011689738
12751,0.04819444
12752,0.028933516
12753,0.034406237
12754,0.04680559
12755,0.016260328
12756,0.016312538
12757,0.010296862
12758,0.12872203
12759,0.028206863
12760,0.053853102
12761,0.012075755
12762,0.009342104
12763,0.011391928
12764,0.03585773
12765,0.012171371
12766,0.022985352
12767,0.06411596
12768,0.023253044
12769,0.013556178
12770,0.19799161
12771,0.06831747
12772,0.08346437
12773,0.053133585
12774,0.09445157
12775,0.033682384
12776,0.012113174
12777,0.009704693
12778,0.08902215
12779,0.020162359
12780,0.105443105
12781,0.010398321
12782,0.14872566
12783,0.016853658
12784,0.025567176
12785,0.024934731
12786,0.03184988
12787,0.030261058
12788,0.024933085
12789,0.013704169
12790,0.011956729
12791,0.037085302
12792,0.01324906
12793,0.050586347
12794,0.07501059
12795,0.054467615
12796,0.15033706
12797,0.028507965
12798,0.02349674
12799,0.00930781
12800,0.014006979
12801,0.023748174
12802,0.07470791
12803,0.026779875
12804,0.017333988
12805,0.03112376
12806,0.016187439
12807,0.047622733
12808,0.016467683
12809,0.031284235
12810,0.089763016
12811,0.15044652
12812,0.018460013
12813,0.07300049
12814,0.026838599
12815,0.04202049
12816,0.05231903
12817,0.04666928
12818,0.028335726
12819,0.054058835
12820,0.034922276
12821,0.03070381
12822,0.028900128
12823,0.09341927
12824,0.031293813
12825,0.029475663
12826,0.0659676
12827,0.03397647
12828,0.060273174
12829,0.075997055
12830,0.3014411
12831,0.30928284
12832,0.057298392
12833,0.0147648975
12834,0.30145374
12835,0.05409937
12836,0.4207113
12837,0.10413139
12838,0.10515074
12839,0.047782004
12840,0.053984907
12841,0.10994777
12842,0.027958395
12843,0.7541672
12844,0.113379605
12845,0.07392713
12846,0.19944644
12847,0.06534918
12848,0.024676722
12849,0.07351251
12850,0.032510415
12851,0.01413963
12852,0.013813635
12853,0.037870046
12854,0.08054296
12855,0.12055415
12856,0.51320845
12857,0.39339176
12858,0.03264962
12859,0.020881893
12860,0.21580558
12861,0.1328582
12862,0.025281077
12863,0.067316875
12864,0.03825932
12865,0.05023335
12866,0.09044471
12867,0.4348796
12868,0.086021855
12869,0.22148152
12870,0.5694863
12871,0.11972677
12872,0.46879625
12873,0.014877624
12874,0.054643463
12875,0.34800768
12876,0.051389974
12877,0.041323036
12878,0.052152425
12879,0.032302804
12880,0.022980072
12881,0.070675544
12882,0.0794579
12883,0.04753203
12884,0.026074886
12885,0.026141563
12886,0.054650545
12887,0.25584236
12888,0.05496611
12889,0.02785566
12890,0.054334473
12891,0.06990202
12892,0.07292158
12893,0.030696549
12894,0.029089218
12895,0.07841799
12896,0.026053727
12897,0.07609569
12898,0.13894597
12899,0.03854364
12900,0.28371438
12901,0.03248444
12902,0.03689672
12903,0.021566993
12904,0.0146595985
12905,0.014375553
12906,0.5348851
12907,0.12498279
12908,0.057832412
12909,0.49486056
12910,0.47667748
12911,0.06356272
12912,0.0433232
12913,0.016852664
12914,0.02509522
12915,0.013640545
12916,0.009809769
12917,0.034633223
12918,0.073492534
12919,0.010114163
12920,0.08112847
12921,0.06414864
12922,0.12468448
12923,0.29110712
12924,0.43469
12925,0.012476022
12926,0.053756677
12927,0.019516611
12928,0.010424174
12929,0.015939493
12930,0.03487116
12931,0.2403182
12932,0.019674437
12933,0.03868474
12934,0.011362976
12935,0.012690382
12936,0.043217447
12937,0.09503435
12938,0.5062541
12939,0.03360248
12940,0.061793845
12941,0.014027508
12942,0.016255712
12943,0.03996023
12944,0.05731548
12945,0.01257101
12946,0.023408785
12947,0.027884621
12948,0.11372053
12949,0.15364937
12950,0.10356584
12951,0.083859555
12952,0.05331771
12953,0.027801683
12954,0.03933717
12955,0.04375576
12956,0.04889762
12957,0.103417896
12958,0.09021081
12959,0.18783484
12960,0.014626359
12961,0.041132353
12962,0.034865905
12963,0.02459171
12964,0.028710067
12965,0.034598213
12966,0.0506989
12967,0.017014425
12968,0.11249962
12969,0.18965213
12970,0.2584767
12971,0.035091255
12972,0.036828578
12973,0.032171175
12974,0.103388876
12975,0.055575218
12976,0.016038824
12977,0.08166919
12978,0.027559577
12979,0.13119973
12980,0.026879016
12981,0.034769714
12982,0.039482336
12983,0.0102214925
12984,0.06476056
12985,0.08623986
12986,0.22734459
12987,0.20243353
12988,0.22307411
12989,0.08213764
12990,0.052872963
12991,0.018919233
12992,0.060631335
12993,0.054973472
12994,0.011488139
12995,0.10889807
12996,0.042648576
12997,0.5672948
12998,0.13514437
12999,0.12464215
13000,0.053089622
13001,0.0355037
13002,0.020900846
13003,0.016787296
13004,0.12490108
13005,0.041155834
13006,0.019113101
13007,0.02523381
13008,0.11115135
13009,0.050611917
13010,0.08508666
13011,0.07445174
13012,0.118435234
13013,0.23431785
13014,0.47627687
13015,0.07297086
13016,0.024957217
13017,0.09294214
13018,0.021025551
13019,0.0495552
13020,0.023801737
13021,0.010566233
13022,0.07901274
13023,0.043507967
13024,0.114368
13025,0.03285609
13026,0.11552594
13027,0.033973448
13028,0.052969426
13029,0.032033186
13030,0.01622205
13031,0.018195502
13032,0.12605761
13033,0.015638355
13034,0.07159234
13035,0.053820726
13036,0.031163197
13037,0.011330308
13038,0.012659125
13039,0.03301004
13040,0.03772121
13041,0.068551205
13042,0.09488309
13043,0.14423518
13044,0.11456355
13045,0.25107926
13046,0.22642781
13047,0.14231452
13048,0.025758667
13049,0.10324519
13050,0.063545875
13051,0.013413262
13052,0.032875583
13053,0.120971546
13054,0.049007174
13055,0.019431146
13056,0.04456519
13057,0.0298269
13058,0.015483618
13059,0.04902612
13060,0.076647736
13061,0.04186353
13062,0.0168969
13063,0.025966354
13064,0.073520705
13065,0.020200334
13066,0.043807976
13067,0.09135913
13068,0.089063294
13069,0.24035437
13070,0.35165793
13071,0.121801555
13072,0.1295771
13073,0.07330557
13074,0.09802342
13075,0.089682996
13076,0.10230308
13077,0.060266018
13078,0.012215298
13079,0.015804064
13080,0.36750633
13081,0.066225454
13082,0.07641297
13083,0.052425545
13084,0.079684414
13085,0.015766013
13086,0.021580085
13087,0.019148367
13088,0.029903417
13089,0.04263386
13090,0.19563708
13091,0.068099946
13092,0.05864609
13093,0.12811376
13094,0.6291779
13095,0.114025734
13096,0.018459136
13097,0.20847751
13098,0.07107002
13099,0.25836927
13100,0.19994503
13101,0.07493651
13102,0.017701617
13103,0.045397002
13104,0.10200652
13105,0.12244708
13106,0.036183827
13107,0.15571116
13108,0.06770059
13109,0.07159173
13110,0.018743964
13111,0.036879964
13112,0.058865014
13113,0.08361582
13114,0.019005414
13115,0.13355044
13116,0.13924766
13117,0.16567034
13118,0.104152225
13119,0.04996651
13120,0.12543453
13121,0.1621959
13122,0.25254154
13123,0.06686463
13124,0.011638045
13125,0.08281428
13126,0.024152176
13127,0.06497031
13128,0.6071138
13129,0.038789667
13130,0.08687757
13131,0.3949879
13132,0.16616286
13133,0.014607368
13134,0.056837823
13135,0.07458041
13136,0.26150686
13137,0.26268867
13138,0.10256667
13139,0.11133228
13140,0.14264062
13141,0.1434793
13142,0.15133557
13143,0.18310975
13144,0.3758643
13145,0.12059984
13146,0.021929946
13147,0.05437618
13148,0.06500987
13149,0.05839157
13150,0.24833016
13151,0.8164692
13152,0.07989441
13153,0.043877594
13154,0.3714371
13155,0.016238965
13156,0.053440828
13157,0.26306424
13158,0.0268394
13159,0.05607759
13160,0.0859106
13161,0.020644212
13162,0.100209765
13163,0.011251114
13164,0.4953457
13165,0.05068079
13166,0.10415172
13167,0.26438373
13168,0.14302328
13169,0.25916427
13170,0.37242106
13171,0.37632418
13172,0.24339795
13173,0.11205857
13174,0.1257681
13175,0.7255694
13176,0.43184736
13177,0.4872036
13178,0.03032898
13179,0.2021611
13180,0.0464975
13181,0.023328751
13182,0.07936901
13183,0.011513369
13184,0.011797993
13185,0.03307986
13186,0.069990814
13187,0.11999857
13188,0.1165603
13189,0.1261281
13190,0.09570007
13191,0.23712876
13192,0.1386174
13193,0.03603473
13194,0.11679705
13195,0.25975594
13196,0.046477273
13197,0.9654656
13198,0.7701161
13199,0.58674324
13200,0.010623065
13201,0.025064705
13202,0.018323988
13203,0.073163986
13204,0.418148
13205,0.10933214
13206,0.063757725
13207,0.012088533
13208,0.08602235
13209,0.10100125
13210,0.07150644
13211,0.013463895
13212,0.38804302
13213,0.016610883
13214,0.031821456
13215,0.12876472
13216,0.12238279
13217,0.06793606
13218,0.05828957
13219,0.23623735
13220,0.30095965
13221,0.02402231
13222,0.20348401
13223,0.13044639
13224,0.100519195
13225,0.97417545
13226,0.8524512
13227,0.6447511
13228,0.014004313
13229,0.049425803
13230,0.025663916
13231,0.014608277
13232,0.3755089
13233,0.113486305
13234,0.25495476
13235,0.049909268
13236,0.08278616
13237,0.024974793
13238,0.1141608
13239,0.116669886
13240,0.14923872
13241,0.18850003
13242,0.5171117
13243,0.2899244
13244,0.2445664
13245,0.1422335
13246,0.1062907
13247,0.07794958
13248,0.122393526
13249,0.04838942
13250,0.043810565
13251,0.020203292
13252,0.1333249
13253,0.1354224
13254,0.08261845
13255,0.120238006
13256,0.028404055
13257,0.9363829
13258,0.9889453
13259,0.9491448
13260,0.1359399
13261,0.041274935
13262,0.18135485
13263,0.24134947
13264,0.024491638
13265,0.032307774
13266,0.020376
13267,0.04299114
13268,0.11680302
13269,0.0596483
13270,0.41686544
13271,0.75916326
13272,0.09047247
13273,0.12711246
13274,0.10934471
13275,0.17164183
13276,0.07302601
13277,0.34318125
13278,0.12425871
13279,0.033230692
13280,0.10751943
13281,0.111956716
13282,0.10568241
13283,0.04181481
13284,0.025244977
13285,0.428523
13286,0.38013098
13287,0.22747621
13288,0.070117004
13289,0.098951295
13290,0.095989235
13291,0.25153986
13292,0.030384133
13293,0.055481765
13294,0.054912854
13295,0.043060657
13296,0.034172084
13297,0.05614222
13298,0.05640149
13299,0.25298953
13300,0.63312405
13301,0.26494524
13302,0.26269913
13303,0.12793119
13304,0.1794754
13305,0.15296485
13306,0.5450828
13307,0.06328628
13308,0.027789643
13309,0.03780847
13310,0.036111586
13311,0.14524506
13312,0.16530833
13313,0.1913632
13314,0.29288307
13315,0.27124253
13316,0.23365238
13317,1.0
13318,0.20554504
13319,0.015548241
13320,0.22595531
13321,0.24856028
13322,0.019032365
13323,0.044337608
13324,0.14515294
13325,0.0767522
13326,0.043102335
13327,0.05537984
13328,0.066048376
13329,0.21882024
13330,0.400258
13331,0.28389704
13332,0.5396187
13333,0.2837408
13334,0.16308783
13335,0.23549327
13336,0.25749767
13337,0.015117914
13338,0.03138478
13339,0.17500411
13340,0.16132727
13341,0.065499805
13342,0.43108413
13343,0.272756
13344,0.057030194
13345,0.53031147
13346,0.3398514
13347,0.08403713
13348,0.12092054
13349,0.09634096
13350,0.045255333
13351,0.013338128
13352,0.013630116
13353,0.023413606
13354,0.031315856
13355,0.07805741
13356,0.10524837
13357,0.11856823
13358,0.16494574
13359,0.4179302
13360,0.80022633
13361,0.48136568
13362,0.36530876
13363,0.5701549
13364,0.10409823
13365,0.081094034
13366,0.08122717
13367,0.13131787
13368,0.1729262
13369,0.0768935
13370,0.024806049
13371,0.067329966
13372,0.12861623
13373,0.009556463
13374,0.040357687
13375,0.113302775
13376,0.022169596
13377,0.046069425
13378,0.018881174
13379,0.019849107
13380,0.009662987
13381,0.014230858
13382,0.03852994
13383,0.0837896
13384,0.06790299
13385,0.103503495
13386,0.2516086
13387,0.25163102
13388,0.35530704
13389,0.72531277
13390,0.6585341
13391,0.36824948
13392,0.14708892
13393,0.05034129
13394,0.02146024
13395,0.060736243
13396,0.12283155
13397,0.018108161
13398,0.027523048
13399,0.83933336
13400,0.042738095
13401,0.017006924
13402,0.064813145
13403,0.052946575
13404,0.21523605
13405,0.03166408
13406,0.05922992
13407,0.054194752
13408,0.017538184
13409,0.01801796
13410,0.05524392
13411,0.10351489
13412,0.119498394
13413,0.57211053
13414,0.37546268
13415,0.13032272
13416,0.85636705
13417,0.40913013
13418,0.43402138
13419,0.2459596
13420,0.040832575
13421,0.035889577
13422,0.030008066
13423,0.05820654
13424,0.054701418
13425,0.03956274
13426,0.06762171
13427,0.43097356
13428,0.18356322
13429,0.35937154
13430,0.020394126
13431,0.086994365
13432,0.122628815
13433,0.14279634
13434,0.16143477
13435,0.046719667
13436,0.031119324
13437,0.012638905
13438,0.055929605
13439,0.15676557
13440,0.7555725
13441,0.3434154
13442,0.506219
13443,0.3618694
13444,0.2624568
13445,0.24239422
13446,0.086715356
13447,0.03661665
13448,0.014663139
13449,0.05818174
13450,0.027847137
13451,0.13827649
13452,0.12538068
13453,0.10363503
13454,0.2592804
13455,0.024722349
13456,0.0712032
13457,0.012138455
13458,0.24235375
13459,0.037803233
13460,0.014319832
13461,0.13859598
13462,0.2355383
13463,0.036216646
13464,0.0102640595
13465,0.13454303
13466,0.17943135
13467,0.07731193
13468,0.12125489
13469,0.04564497
13470,0.12626684
13471,0.08606097
13472,0.039276857
13473,0.14809611
13474,0.121249706
13475,0.03640942
13476,0.011643672
13477,0.3114978
13478,0.011720381
13479,0.01576651
13480,0.1056863
13481,0.033650856
13482,0.047690846
13483,0.1325871
13484,0.048135787
13485,0.055122577
13486,0.011886549
13487,0.057714082
13488,0.16339344
13489,0.37487066
13490,0.44960973
13491,0.07888533
13492,0.013435582
13493,0.024104975
13494,0.023863396
13495,0.05208033
13496,0.080933884
13497,0.14395131
13498,0.013419318
13499,0.023188604
13500,0.02041368
13501,0.032576244
13502,0.015789416
13503,0.013333906
13504,0.095867984
13505,0.113833
13506,0.39898303
13507,0.016717955
13508,0.018989924
13509,0.040338054
13510,0.091521606
13511,0.1340737
13512,0.3797871
13513,0.093052305
13514,0.014861569
13515,0.117468044
13516,0.048043624
13517,0.07422191
13518,0.14882374
13519,0.05551342
13520,0.012978077
13521,0.01698846
13522,0.01261926
13523,0.17955339
13524,0.028919287
13525,0.015404992
13526,0.03181015
13527,0.13984501
13528,0.07570833
13529,0.04752614
13530,0.02075718
13531,0.039559253
13532,0.07934222
13533,0.3735004
13534,0.041328985
13535,0.019401668
13536,0.040255822
13537,0.062117897
13538,0.06271745
13539,0.13699168
13540,0.069251664
13541,0.19957346
13542,0.106666036
13543,0.031759445
13544,0.01481906
13545,0.05285921
13546,0.04253362
13547,0.031318367
13548,0.24054158
13549,0.1399501
13550,0.020832613
13551,0.10780997
13552,0.06523303
13553,0.01125355
13554,0.012366177
13555,0.4524822
13556,0.74360573
13557,0.122728325
13558,0.090868935
13559,0.013948289
13560,0.08972058
13561,0.06227655
13562,0.035161864
13563,0.20202656
13564,0.07097742
13565,0.11552869
13566,0.94879824
13567,0.0167144
13568,0.06325194
13569,0.017734746
13570,0.083224505
13571,0.07094998
13572,0.018320434
13573,0.042159073
13574,0.110878035
13575,0.43788448
13576,0.07331149
13577,0.23792477
13578,0.023211388
13579,0.031330906
13580,0.055670686
13581,0.0328843
13582,0.103943154
13583,0.034960695
13584,0.026170747
13585,0.07977838
13586,0.05710988
13587,0.02636718
13588,0.01642846
13589,0.049344372
13590,0.01797516
13591,0.15374677
13592,0.040590193
13593,0.018329237
13594,0.035332367
13595,0.079383366
13596,0.12500665
13597,0.024748398
13598,0.061854236
13599,0.5864869
13600,0.1374483
13601,0.17901473
13602,0.04157823
13603,0.07652714
13604,0.051285185
13605,0.37989962
13606,0.034026083
13607,0.011266145
13608,0.009989216
13609,0.016113238
13610,0.041408695
13611,0.10214868
13612,0.01914122
13613,0.1331352
13614,0.05326214
13615,0.027374208
13616,0.049582433
13617,0.3532763
13618,0.022233045
13619,0.017427912
13620,0.015509026
13621,0.019451492
13622,0.061282866
13623,0.051776208
13624,0.12276923
13625,0.08056813
13626,0.014193258
13627,0.014489956
13628,0.016105294
13629,0.0597092
13630,0.12485833
13631,0.08894907
13632,0.0648827
13633,0.06445503
13634,0.029856691
13635,0.066496
13636,0.016382337
13637,0.12809698
13638,0.23127109
13639,0.11535815
13640,0.053766444
13641,0.013067051
13642,0.013065186
13643,0.023959167
13644,0.016183237
13645,0.018129708
13646,0.011536318
13647,0.014709215
13648,0.015796967
13649,0.021897573
13650,0.036709923
13651,0.06065884
13652,0.1265987
13653,0.014089552
13654,0.19283651
13655,0.011920448
13656,0.26535064
13657,0.012114764
13658,0.022807518
13659,0.037249707
13660,0.013143779
13661,0.02112341
13662,0.019196767
13663,0.021378437
13664,0.015028237
13665,0.028656216
13666,0.014404657
13667,0.012072681
13668,0.046489626
13669,0.024525566
13670,0.032660443
13671,0.052113142
13672,0.01599897
13673,0.015933491
13674,0.011595552
13675,0.13191923
13676,0.025763204
13677,0.04992946
13678,0.01598739
13679,0.009342104
13680,0.011734545
13681,0.009210933
13682,0.029964345
13683,0.016367992
13684,0.08154468
13685,0.015408176
13686,0.1704345
13687,0.050582673
13688,0.065216504
13689,0.06925796
13690,0.01354887
13691,0.089964695
13692,0.03790527
13693,0.012400947
13694,0.085777275
13695,0.017068218
13696,0.08914475
13697,0.1170657
13698,0.025111375
13699,0.02275952
13700,0.032376096
13701,0.028244963
13702,0.01603336
13703,0.012536981
13704,0.012799326
13705,0.012190122
13706,0.04617993
13707,0.012255453
13708,0.05961396
13709,0.09111941
13710,0.05608134
13711,0.17707758
13712,0.01490107
13713,0.026252942
13714,0.02207049
13715,0.03499564
13716,0.009600735
13717,0.027766386
13718,0.064147346
13719,0.02251613
13720,0.020225443
13721,0.02953844
13722,0.017901232
13723,0.035252754
13724,0.013197314
13725,0.016766451
13726,0.035586845
13727,0.110826015
13728,0.11772239
13729,0.01892149
13730,0.060802214
13731,0.018661808
13732,0.026658457
13733,0.05739691
13734,0.049074546
13735,0.042772662
13736,0.07067551
13737,0.03117805
13738,0.072329685
13739,0.03282203
13740,0.028677268
13741,0.063942745
13742,0.036585134
13743,0.026925575
13744,0.021383991
13745,0.02584752
13746,0.09659575
13747,0.04075979
13748,0.06440273
13749,0.0422102
13750,0.14308232
13751,0.3029076
13752,0.022902437
13753,0.013234747
13754,0.28085703
13755,0.06303772
13756,0.1907349
13757,0.08155059
13758,0.08183255
13759,0.020629616
13760,0.019219417
13761,0.12854572
13762,0.024465429
13763,0.7766225
13764,0.14214717
13765,0.05532753
13766,0.22243203
13767,0.0451989
13768,0.025640506
13769,0.0214948
13770,0.10236157
13771,0.030309293
13772,0.015986497
13773,0.014694463
13774,0.042019475
13775,0.110192046
13776,0.11539405
13777,0.5519824
13778,0.5379517
13779,0.045320172
13780,0.11865463
13781,0.23642848
13782,0.025214395
13783,0.03778376
13784,0.034718946
13785,0.07658924
13786,0.09647062
13787,0.43351945
13788,0.09377715
13789,0.39641497
13790,0.51738906
13791,0.020460347
13792,0.46341887
13793,0.051090445
13794,0.41795376
13795,0.04490202
13796,0.06626011
13797,0.03972575
13798,0.03400654
13799,0.022314187
13800,0.10635512
13801,0.10482277
13802,0.04332191
13803,0.033256914
13804,0.042281594
13805,0.23355544
13806,0.05843566
13807,0.026953546
13808,0.055084314
13809,0.067556046
13810,0.071790755
13811,0.028982004
13812,0.030124541
13813,0.02488633
13814,0.1111566
13815,0.02253181
13816,0.059466504
13817,0.21054286
13818,0.28418574
13819,0.020380905
13820,0.07139348
13821,0.02238504
13822,0.46403787
13823,0.087599255
13824,0.1029513
13825,0.33803955
13826,0.32811388
13827,0.07064143
13828,0.03955546
13829,0.016529964
13830,0.022493256
13831,0.009607281
13832,0.044743266
13833,0.011545095
13834,0.073492534
13835,0.099842325
13836,0.06232541
13837,0.074822895
13838,0.18665016
13839,0.42888343
13840,0.01470754
13841,0.015551796
13842,0.05567937
13843,0.015522044
13844,0.011129854
13845,0.026852429
13846,0.021263007
13847,0.046307277
13848,0.36871502
13849,0.019438604
13850,0.043593314
13851,0.08710733
13852,0.11258666
13853,0.4946228
13854,0.010143489
13855,0.035660107
13856,0.057367124
13857,0.02251822
13858,0.03509613
13859,0.05207216
13860,0.011928449
13861,0.015297355
13862,0.024269909
13863,0.13269739
13864,0.15963487
13865,0.09824119
13866,0.0903631
13867,0.05923716
13868,0.011841105
13869,0.02751887
13870,0.03622878
13871,0.044236157
13872,0.043518037
13873,0.10636793
13874,0.06612262
13875,0.1855981
13876,0.016159413
13877,0.041768324
13878,0.03699959
13879,0.022027314
13880,0.027435957
13881,0.03377459
13882,0.046451896
13883,0.0769749
13884,0.01992337
13885,0.085376345
13886,0.23920985
13887,0.26277584
13888,0.03901479
13889,0.047839172
13890,0.031629186
13891,0.10778536
13892,0.051653646
13893,0.012332289
13894,0.10783316
13895,0.027072208
13896,0.1314842
13897,0.027792469
13898,0.043914974
13899,0.032682594
13900,0.010181874
13901,0.06312503
13902,0.0889491
13903,0.23448718
13904,0.20393829
13905,0.21866144
13906,0.070073925
13907,0.04865359
13908,0.022645598
13909,0.06594501
13910,0.051392183
13911,0.012669189
13912,0.11254056
13913,0.038938727
13914,0.5929237
13915,0.12713109
13916,0.12266245
13917,0.05916233
13918,0.036088847
13919,0.02375696
13920,0.01814492
13921,0.0123743
13922,0.08310328
13923,0.028303772
13924,0.017408451
13925,0.016584834
13926,0.08104761
13927,0.055681847
13928,0.084578946
13929,0.071304485
13930,0.1211384
13931,0.2339342
13932,0.39571702
13933,0.07545767
13934,0.023139976
13935,0.09025958
13936,0.017859716
13937,0.050046526
13938,0.010558525
13939,0.024165994
13940,0.0855897
13941,0.057731334
13942,0.10772073
13943,0.030135173
13944,0.10376717
13945,0.031907856
13946,0.047517855
13947,0.032526918
13948,0.017822873
13949,0.01776357
13950,0.15136524
13951,0.040414456
13952,0.057684623
13953,0.02738691
13954,0.02044136
13955,0.029443305
13956,0.037146747
13957,0.06529452
13958,0.08703977
13959,0.13414016
13960,0.12434199
13961,0.2512126
13962,0.20923963
13963,0.16694805
13964,0.017670063
13965,0.10760137
13966,0.07297442
13967,0.011012363
13968,0.033731323
13969,0.10631939
13970,0.035278082
13971,0.024367347
13972,0.04551098
13973,0.030366603
13974,0.05261408
13975,0.06882914
13976,0.03341946
13977,0.060218975
13978,0.01764222
13979,0.026859468
13980,0.028500646
13981,0.080518104
13982,0.025131477
13983,0.043237504
13984,0.093904
13985,0.06719233
13986,0.1612416
13987,0.32965583
13988,0.12564658
13989,0.12680624
13990,0.07252915
13991,0.09423461
13992,0.1079201
13993,0.10245802
13994,0.06010492
13995,0.011592455
13996,0.01904267
13997,0.26938492
13998,0.062399574
13999,0.0768531
14000,0.0518859
14001,0.083937146
14002,0.018563423
14003,0.022087714
14004,0.044228643
14005,0.19512954
14006,0.07074229
14007,0.058817975
14008,0.1268689
14009,0.6482093
14010,0.115087494
14011,0.018431861
14012,0.20083709
14013,0.07653562
14014,0.25991932
14015,0.18775336
14016,0.08415529
14017,0.04929255
14018,0.10451907
14019,0.12926489
14020,0.042358775
14021,0.16530629
14022,0.06948559
14023,0.07332459
14024,0.019987332
14025,0.02203305
14026,0.056018863
14027,0.080978796
14028,0.016188057
14029,0.13109839
14030,0.1350236
14031,0.14511971
14032,0.09819099
14033,0.056119688
14034,0.13201614
14035,0.24340105
14036,0.25095633
14037,0.06311332
14038,0.011638045
14039,0.06352822
14040,0.024184069
14041,0.011850301
14042,0.084412366
14043,0.60042685
14044,0.0376688
14045,0.08717987
14046,0.3922171
14047,0.22594069
14048,0.014628684
14049,0.017770316
14050,0.048705738
14051,0.055442415
14052,0.25977343
14053,0.27113137
14054,0.10369106
14055,0.11312706
14056,0.14353484
14057,0.15123768
14058,0.14709401
14059,0.18415608
14060,0.36268562
14061,0.19159833
14062,0.056930996
14063,0.07450849
14064,0.05878222
14065,0.24856916
14066,0.9523375
14067,0.07989441
14068,0.044800512
14069,0.3788855
14070,0.018901683
14071,0.05052524
14072,0.2636351
14073,0.05847983
14074,0.08880207
14075,0.024953512
14076,0.09161024
14077,0.49264273
14078,0.05096827
14079,0.10758218
14080,0.2615062
14081,0.23429501
14082,0.2639117
14083,0.35755846
14084,0.3920348
14085,0.026255744
14086,0.3526455
14087,0.19720836
14088,0.18896617
14089,0.7741453
14090,0.4201834
14091,0.43466327
14092,0.027838748
14093,0.20513561
14094,0.048175596
14095,0.029937826
14096,0.015314752
14097,0.08189069
14098,0.01147938
14099,0.011797993
14100,0.033799447
14101,0.07432232
14102,0.114840075
14103,0.12202656
14104,0.13105309
14105,0.0945724
14106,0.2343149
14107,0.14260167
14108,0.030221114
14109,0.09507362
14110,0.25858682
14111,0.016528277
14112,0.042588755
14113,0.9710041
14114,0.79376984
14115,0.6038007
14116,0.010623065
14117,0.024785731
14118,0.020408494
14119,0.08625502
14120,0.41566786
14121,0.08104791
14122,0.066336624
14123,0.012107917
14124,0.069609866
14125,0.1033807
14126,0.07570096
14127,0.013749636
14128,0.39783776
14129,0.016321696
14130,0.031311374
14131,0.11997541
14132,0.121874414
14133,0.07205965
14134,0.057901677
14135,0.2197136
14136,0.17757452
14137,0.023777837
14138,0.119662195
14139,0.11827908
14140,0.10417195
14141,0.96142495
14142,0.81575084
14143,0.632022
14144,0.014275129
14145,0.05198027
14146,0.028116759
14147,0.012982889
14148,0.3810212
14149,0.09300153
14150,0.26059175
14151,0.04723081
14152,0.08847834
14153,0.02268776
14154,0.1116836
14155,0.12447339
14156,0.14024252
14157,0.25301057
14158,0.5176132
14159,0.4634167
14160,0.24407804
14161,0.15938668
14162,0.105673864
14163,0.07358698
14164,0.12096133
14165,0.049354296
14166,0.04971109
14167,0.020262627
14168,0.1187634
14169,0.121176064
14170,0.08592461
14171,0.085734636
14172,0.02396547
14173,0.9370764
14174,0.9888487
14175,0.9504625
14176,0.13735536
14177,0.042420637
14178,0.093096204
14179,0.3633879
14180,0.020197604
14181,0.04486191
14182,0.029904291
14183,0.043163434
14184,0.11237343
14185,0.058465995
14186,0.41374183
14187,0.7650823
14188,0.08928241
14189,0.12023428
14190,0.12514596
14191,0.16965917
14192,0.076407865
14193,0.31798032
14194,0.12683061
14195,0.035932556
14196,0.10852032
14197,0.12739515
14198,0.099217355
14199,0.03725125
14200,0.021532692
14201,0.42859998
14202,0.283987
14203,0.15938112
14204,0.06587209
14205,0.1075744
14206,0.0834026
14207,0.24958624
14208,0.0299083
14209,0.051578455
14210,0.053322796
14211,0.030078435
14212,0.037196826
14213,0.054603733
14214,0.060635448
14215,0.34546444
14216,0.6391451
14217,0.2652282
14218,0.26311532
14219,0.13662395
14220,0.19711547
14221,0.23548989
14222,0.49966243
14223,0.070402995
14224,0.026749203
14225,0.05568392
14226,0.043368693
14227,0.2352352
14228,0.24398856
14229,0.095318645
14230,0.43187588
14231,0.28818136
14232,0.22487192
14233,1.0
14234,0.19165337
14235,0.022296017
14236,0.21215248
14237,0.25434703
14238,0.020500686
14239,0.04673078
14240,0.25049463
14241,0.009786421
14242,0.08455388
14243,0.0450345
14244,0.042662654
14245,0.06280821
14246,0.14208548
14247,0.41377535
14248,0.28072488
14249,0.5272137
14250,0.4189776
14251,0.16080812
14252,0.23288357
14253,0.25453392
14254,0.028157575
14255,0.15756305
14256,0.08822072
14257,0.057346523
14258,0.43194452
14259,0.27774915
14260,0.08196426
14261,0.58916026
14262,0.33933985
14263,0.010334215
14264,0.08774348
14265,0.1330779
14266,0.08321338
14267,0.040480904
14268,0.01876195
14269,0.019685611
14270,0.032370362
14271,0.10179464
14272,0.11080832
14273,0.10935363
14274,0.1491707
14275,0.40572602
14276,0.79990506
14277,0.51333547
14278,0.26945806
14279,0.5732516
14280,0.114389434
14281,0.019389676
14282,0.07451479
14283,0.07695246
14284,0.124763295
14285,0.17526112
14286,0.08558554
14287,0.026282428
14288,0.07236216
14289,0.14181627
14290,0.042072084
14291,0.089175195
14292,0.022507047
14293,0.040436253
14294,0.009751478
14295,0.014948938
14296,0.040681742
14297,0.08599179
14298,0.06655648
14299,0.10857365
14300,0.26267192
14301,0.1784873
14302,0.3337596
14303,0.7343852
14304,0.631967
14305,0.3623715
14306,0.1333827
14307,0.024235748
14308,0.053091586
14309,0.10001791
14310,0.021890173
14311,0.027700452
14312,0.9419959
14313,0.046499643
14314,0.01901169
14315,0.06439719
14316,0.051561657
14317,0.110945016
14318,0.03211953
14319,0.06974589
14320,0.02632106
14321,0.06183606
14322,0.016964901
14323,0.016661165
14324,0.055694953
14325,0.10377323
14326,0.12017093
14327,0.5799204
14328,0.39923444
14329,0.14136854
14330,0.9109874
14331,0.40325126
14332,0.4335997
14333,0.2403045
14334,0.052265704
14335,0.03441324
14336,0.027827792
14337,0.06540577
14338,0.06259233
14339,0.07014749
14340,0.41799292
14341,0.107794724
14342,0.37501624
14343,0.02213883
14344,0.087656
14345,0.11264204
14346,0.12340085
14347,0.24563853
14348,0.049375653
14349,0.027307231
14350,0.012172405
14351,0.056413025
14352,0.17126946
14353,0.76483154
14354,0.36653376
14355,0.5094545
14356,0.36150214
14357,0.36410007
14358,0.1686829
14359,0.09194877
14360,0.050573714
14361,0.016548332
14362,0.039863344
14363,0.028628645
14364,0.13481963
14365,0.1300466
14366,0.06993604
14367,0.2575702
14368,0.024244482
14369,0.064484775
14370,0.014489794
14371,0.2466253
14372,0.036740582
14373,0.016260484
14374,0.013531788
14375,0.13513076
14376,0.22963898
14377,0.034630146
14378,0.32246956
14379,0.2489966
14380,0.07610237
14381,0.107047655
14382,0.031765457
14383,0.11776901
14384,0.08555325
14385,0.045914292
14386,0.13661669
14387,0.12971424
14388,0.035664964
14389,0.012731039
14390,0.18159884
14391,0.02101019
14392,0.116637886
14393,0.044182472
14394,0.15854788
14395,0.04959477
14396,0.054147225
14397,0.014733226
14398,0.05891813
14399,0.18264675
14400,0.37812784
14401,0.45300117
14402,0.081112
14403,0.022962237
14404,0.02490421
14405,0.05234267
14406,0.070764095
14407,0.14024065
14408,0.013215806
14409,0.024050148
14410,0.015352866
14411,0.029079704
14412,0.012478723
14413,0.017702311
14414,0.10467675
14415,0.11974532
14416,0.3993771
14417,0.017183369
14418,0.016773459
14419,0.042751644
14420,0.099059016
14421,0.110161774
14422,0.4016516
14423,0.105192766
14424,0.0144552
14425,0.19439025
14426,0.057063665
14427,0.074323215
14428,0.11217031
14429,0.051302686
14430,0.022395596
14431,0.2524748
14432,0.017151142
14433,0.029210381
14434,0.13982432
14435,0.07766096
14436,0.056991264
14437,0.023129772
14438,0.03860477
14439,0.07871171
14440,0.36330128
14441,0.041436527
14442,0.017185874
14443,0.05295911
14444,0.059791278
14445,0.25129774
14446,0.059040442
14447,0.20595363
14448,0.17143515
14449,0.03230648
14450,0.014719715
14451,0.06266257
14452,0.043277
14453,0.029046647
14454,0.24184544
14455,0.080789976
14456,0.14209644
14457,0.10800939
14458,0.063390724
14459,0.0132615
14460,0.013867711
14461,0.472358
14462,0.63832587
14463,0.20455857
14464,0.08811184
14465,0.020226013
14466,0.095142044
14467,0.060959887
14468,0.03600282
14469,0.10168208
14470,0.08918464
14471,0.090309024
14472,0.9650524
14473,0.052536756
14474,0.1106633
14475,0.09074582
14476,0.037402987
14477,0.13088194
14478,0.34706235
14479,0.07653522
14480,0.13917091
14481,0.023198463
14482,0.024293626
14483,0.042755906
14484,0.031260107
14485,0.10518364
14486,0.037371084
14487,0.032563794
14488,0.080248825
14489,0.0853557
14490,0.06183793
14491,0.02979311
14492,0.052118048
14493,0.017153287
14494,0.122214206
14495,0.04046645
14496,0.015300729
14497,0.05631045
14498,0.0748802
14499,0.11098244
14500,0.021022838
14501,0.026653921
14502,0.065810174
14503,0.6269773
14504,0.076149546
14505,0.1327682
14506,0.048758563
14507,0.040293913
14508,0.07864632
14509,0.061678782
14510,0.014414167
14511,0.026396176
14512,0.2534073
14513,0.036825992
14514,0.015820721
14515,0.05263103
14516,0.19636127
14517,0.022596968
14518,0.013322314
14519,0.115417115
14520,0.056926273
14521,0.022567587
14522,0.04967809
14523,0.34474835
14524,0.018349258
14525,0.015786307
14526,0.012526626
14527,0.058233242
14528,0.044829108
14529,0.1143907
14530,0.07348519
14531,0.022305766
14532,0.019399896
14533,0.055315778
14534,0.15913528
14535,0.06898986
14536,0.070133366
14537,0.073159315
14538,0.031528838
14539,0.059782524
14540,0.06956263
14541,0.25145602
14542,0.12172843
14543,0.054191757
14544,0.013356957
14545,0.014470018
14546,0.022279974
14547,0.013017093
14548,0.018499484
14549,0.012480963
14550,0.015098191
14551,0.014271286
14552,0.017795285
14553,0.034655947
14554,0.05802339
14555,0.12724483
14556,0.013833213
14557,0.1335479
14558,0.01205919
14559,0.19608779
14560,0.011864554
14561,0.019518018
14562,0.037772804
14563,0.013909055
14564,0.014549169
14565,0.01786564
14566,0.019400645
14567,0.010966821
14568,0.014807583
14569,0.015284945
14570,0.014610328
14571,0.014408014
14572,0.049374342
14573,0.009575239
14574,0.03547979
14575,0.03385972
14576,0.04366542
14577,0.017471097
14578,0.010349405
14579,0.124381095
14580,0.028127695
14581,0.051354937
14582,0.011391928
14583,0.028468106
14584,0.0121361585
14585,0.016827257
14586,0.12678629
14587,0.011704436
14588,0.17208026
14589,0.054211814
14590,0.06420664
14591,0.0787924
14592,0.111242875
14593,0.036884632
14594,0.012568369
14595,0.07811592
14596,0.016862826
14597,0.093693696
14598,0.010416968
14599,0.11538676
14600,0.025051998
14601,0.023821805
14602,0.031775456
14603,0.024243122
14604,0.024615815
14605,0.014441676
14606,0.012583925
14607,0.011837074
14608,0.043778345
14609,0.012759268
14610,0.0155036915
14611,0.058207195
14612,0.08097548
14613,0.035410274
14614,0.12729207
14615,0.01490107
14616,0.021368822
14617,0.0366032
14618,0.041071158
14619,0.010048122
14620,0.021002058
14621,0.053707488
14622,0.026084132
14623,0.022088386
14624,0.032327116
14625,0.01927682
14626,0.03373199
14627,0.0122861555
14628,0.031965
14629,0.10067601
14630,0.1903857
14631,0.06832669
14632,0.01857033
14633,0.020552276
14634,0.082391575
14635,0.039973196
14636,0.038770087
14637,0.036340233
14638,0.034081023
14639,0.032362767
14640,0.029006444
14641,0.16360974
14642,0.03534066
14643,0.028292574
14644,0.021540955
14645,0.06302824
14646,0.034307625
14647,0.09340843
14648,0.041547712
14649,0.22820593
14650,0.30212656
14651,0.020662375
14652,0.03495936
14653,0.31441543
14654,0.09588165
14655,0.21125886
14656,0.291244
14657,0.12899481
14658,0.036768377
14659,0.02036457
14660,0.009569835
14661,0.08533822
14662,0.15113664
14663,0.72855103
14664,0.1931749
14665,0.0358496
14666,0.31053165
14667,0.041383058
14668,0.01282096
14669,0.030712841
14670,0.020084858
14671,0.07813511
14672,0.030558897
14673,0.013865661
14674,0.08700861
14675,0.07209036
14676,0.13991404
14677,0.5559353
14678,0.49768347
14679,0.09282676
14680,0.21497427
14681,0.13877524
14682,0.01998426
14683,0.03952534
14684,0.030572552
14685,0.063232586
14686,0.05440787
14687,0.43836096
14688,0.121976785
14689,0.18951687
14690,0.52408767
14691,0.12777516
14692,0.019199312
14693,0.4925652
14694,0.05868622
14695,0.43168822
14696,0.03938386
14697,0.041062057
14698,0.03757152
14699,0.0224213
14700,0.106500976
14701,0.11318319
14702,0.091058284
14703,0.04239599
14704,0.27140644
14705,0.053677477
14706,0.01078718
14707,0.032820493
14708,0.042191226
14709,0.06774256
14710,0.10381238
14711,0.02927564
14712,0.044096276
14713,0.03545202
14714,0.10348613
14715,0.024910783
14716,0.16396306
14717,0.23169956
14718,0.01996745
14719,0.046352584
14720,0.022827325
14721,0.010860381
14722,0.48594528
14723,0.12437875
14724,0.10619798
14725,0.42325845
14726,0.31495607
14727,0.09957809
14728,0.05129022
14729,0.021777363
14730,0.009763549
14731,0.038543053
14732,0.011583141
14733,0.08568562
14734,0.08196699
14735,0.04898966
14736,0.09175164
14737,0.15453409
14738,0.42272663
14739,0.2914013
14740,0.048319142
14741,0.01856
14742,0.033575688
14743,0.025278239
14744,0.041317455
14745,0.32883015
14746,0.021070557
14747,0.045325767
14748,0.080490515
14749,0.04239009
14750,0.11128199
14751,0.47222802
14752,0.034510113
14753,0.06398533
14754,0.016233742
14755,0.015951738
14756,0.040828098
14757,0.05214512
14758,0.019979646
14759,0.01520873
14760,0.026573226
14761,0.106089
14762,0.1831581
14763,0.09407329
14764,0.08959615
14765,0.05164625
14766,0.014258428
14767,0.032627143
14768,0.031631354
14769,0.032562494
14770,0.039006177
14771,0.10551226
14772,0.06387946
14773,0.18416479
14774,0.015155916
14775,0.041699838
14776,0.03660979
14777,0.020503223
14778,0.01898006
14779,0.034256734
14780,0.04642976
14781,0.020712782
14782,0.025229096
14783,0.07907322
14784,0.26200202
14785,0.25608584
14786,0.044862967
14787,0.041116152
14788,0.032627553
14789,0.11219005
14790,0.064001456
14791,0.016015843
14792,0.05690214
14793,0.016783135
14794,0.03280991
14795,0.13780393
14796,0.03182126
14797,0.051048264
14798,0.035718463
14799,0.011220112
14800,0.063664645
14801,0.07363708
14802,0.2199014
14803,0.123754755
14804,0.2033867
14805,0.07058961
14806,0.05108178
14807,0.01756388
14808,0.087645575
14809,0.05504364
14810,0.012726053
14811,0.012310293
14812,0.105374455
14813,0.047652952
14814,0.56291693
14815,0.12714177
14816,0.023518356
14817,0.1278585
14818,0.04999833
14819,0.043639462
14820,0.018944817
14821,0.08390955
14822,0.010605879
14823,0.018400898
14824,0.019183276
14825,0.09796866
14826,0.059842557
14827,0.0857666
14828,0.08631523
14829,0.119926155
14830,0.21775989
14831,0.47401
14832,0.073906355
14833,0.025242427
14834,0.08354299
14835,0.024897069
14836,0.05182253
14837,0.010531092
14838,0.021989483
14839,0.10032396
14840,0.057436433
14841,0.108786546
14842,0.028566761
14843,0.11226438
14844,0.037215956
14845,0.044103526
14846,0.032657124
14847,0.12869917
14848,0.039902065
14849,0.05671024
14850,0.030297033
14851,0.012038404
14852,0.012981656
14853,0.030204868
14854,0.041624606
14855,0.07262075
14856,0.09428996
14857,0.23553579
14858,0.11554165
14859,0.25101388
14860,0.14022702
14861,0.15155385
14862,0.016652163
14863,0.104118824
14864,0.014057656
14865,0.080876835
14866,0.044058736
14867,0.095046066
14868,0.04375317
14869,0.021320038
14870,0.04389037
14871,0.027238093
14872,0.046658657
14873,0.07272911
14874,0.037757892
14875,0.057457402
14876,0.015197289
14877,0.020094458
14878,0.08658648
14879,0.025309043
14880,0.051028077
14881,0.09303931
14882,0.07080197
14883,0.24028267
14884,0.34294432
14885,0.12356671
14886,0.12666324
14887,0.08411146
14888,0.09601318
14889,0.10800838
14890,0.09768529
14891,0.06588846
14892,0.025696032
14893,0.35913593
14894,0.06410774
14895,0.090907834
14896,0.0758558
14897,0.017906256
14898,0.01628386
14899,0.02083286
14900,0.043406658
14901,0.19680096
14902,0.067840695
14903,0.071161166
14904,0.14759736
14905,0.6511509
14906,0.121764526
14907,0.019990373
14908,0.20726334
14909,0.075953424
14910,0.25822946
14911,0.20725451
14912,0.087019034
14913,0.0478779
14914,0.11693363
14915,0.23126642
14916,0.039120264
14917,0.1279614
14918,0.084184386
14919,0.07938627
14920,0.016407935
14921,0.024923842
14922,0.054805428
14923,0.07758261
14924,0.017679602
14925,0.13624331
14926,0.14402552
14927,0.16293614
14928,0.0915425
14929,0.08656438
14930,0.1411538
14931,0.18514018
14932,0.24970214
14933,0.06874538
14934,0.061930493
14935,0.02424604
14936,0.011768714
14937,0.06503367
14938,0.54357606
14939,0.05886228
14940,0.0869899
14941,0.39347422
14942,0.2372598
14943,0.014508024
14944,0.017606923
14945,0.01207224
14946,0.05867825
14947,0.054871146
14948,0.26196387
14949,0.2580544
14950,0.10589336
14951,0.10932981
14952,0.21494845
14953,0.15431973
14954,0.1486888
14955,0.20178956
14956,0.35280406
14957,0.12756541
14958,0.06396351
14959,0.08628436
14960,0.061579153
14961,0.28203452
14962,0.9643528
14963,0.09290808
14964,0.041832216
14965,0.3748115
14966,0.016219905
14967,0.056075316
14968,0.26302528
14969,0.017333845
14970,0.025258096
14971,0.055385508
14972,0.087184384
14973,0.028123086
14974,0.08277011
14975,0.4900819
14976,0.05167446
14977,0.10723298
14978,0.26463237
14979,0.14851606
14980,0.25682747
14981,0.36393777
14982,0.37678775
14983,0.022790076
14984,0.22792758
14985,0.11918749
14986,0.1196419
14987,0.7799547
14988,0.27517626
14989,0.3199788
14990,0.03878768
14991,0.20760886
14992,0.06439738
14993,0.016828
14994,0.01376465
14995,0.076744124
14996,0.011412654
14997,0.011718157
14998,0.033022985
14999,0.07901665
15000,0.113901176
15001,0.12048404
15002,0.12596302
15003,0.09848914
15004,0.2265274
15005,0.13125552
15006,0.029660419
15007,0.091281466
15008,0.2589154
15009,0.016245192
15010,0.04630229
15011,0.97587687
15012,0.78467447
15013,0.6021896
15014,0.024286786
15015,0.018969202
15016,0.10222497
15017,0.4030839
15018,0.09315005
15019,0.064015865
15020,0.011233607
15021,0.014057349
15022,0.06436708
15023,0.10176442
15024,0.09423635
15025,0.014042798
15026,0.43407866
15027,0.016481759
15028,0.031088328
15029,0.12564984
15030,0.12269949
15031,0.08168357
15032,0.057508327
15033,0.23816994
15034,0.17032883
15035,0.025372753
15036,0.1850752
15037,0.12882993
15038,0.11326619
15039,0.9802362
15040,0.79585624
15041,0.7415748
15042,0.014989607
15043,0.12713091
15044,0.02858302
15045,0.01164624
15046,0.28463054
15047,0.09197882
15048,0.3448365
15049,0.04710546
15050,0.10196652
15051,0.022064209
15052,0.11061145
15053,0.1288554
15054,0.13579126
15055,0.25223875
15056,0.5150003
15057,0.48291087
15058,0.24353936
15059,0.16604671
15060,0.10443969
15061,0.06483023
15062,0.12108304
15063,0.051937263
15064,0.043624423
15065,0.021394052
15066,0.13294221
15067,0.116633736
15068,0.06842341
15069,0.110548966
15070,0.02578103
15071,0.9649106
15072,0.9891396
15073,0.95702285
15074,0.12262576
15075,0.057075184
15076,0.13656847
15077,0.3672345
15078,0.026138837
15079,0.022578146
15080,0.021719519
15081,0.042656243
15082,0.115961745
15083,0.062135115
15084,0.39505342
15085,0.8751605
15086,0.09682524
15087,0.13175392
15088,0.109541595
15089,0.24251321
15090,0.07797743
15091,0.32852536
15092,0.2120774
15093,0.04177952
15094,0.123116545
15095,0.10719307
15096,0.10760818
15097,0.046601623
15098,0.024867894
15099,0.2714601
15100,0.26387995
15101,0.18456931
15102,0.07448578
15103,0.02373744
15104,0.115291
15105,0.08510243
15106,0.24631289
15107,0.030232422
15108,0.050244074
15109,0.058899257
15110,0.031822123
15111,0.04741602
15112,0.053508233
15113,0.058177132
15114,0.39637515
15115,0.6614051
15116,0.38320887
15117,0.19455464
15118,0.12911953
15119,0.18318313
15120,0.21797006
15121,0.52635115
15122,0.06850189
15123,0.040293124
15124,0.041588828
15125,0.16246235
15126,0.24693014
15127,0.12809536
15128,0.3176485
15129,0.28323397
15130,0.23103593
15131,1.0
15132,0.13185638
15133,0.016437901
15134,0.21912964
15135,0.24306788
15136,0.04789544
15137,0.3770918
15138,0.084584616
15139,0.043724027
15140,0.044486403
15141,0.055952303
15142,0.13793245
15143,0.3820286
15144,0.27167335
15145,0.5107636
15146,0.26751247
15147,0.15886857
15148,0.22969298
15149,0.26723024
15150,0.015862698
15151,0.13439287
15152,0.07683587
15153,0.051197253
15154,0.42797488
15155,0.27517182
15156,0.064058304
15157,0.61015475
15158,0.356966
15159,0.010334215
15160,0.079689234
15161,0.13196103
15162,0.09616746
15163,0.04680606
15164,0.020933999
15165,0.015772587
15166,0.033048097
15167,0.08877459
15168,0.10305604
15169,0.10753814
15170,0.14268212
15171,0.40332544
15172,0.8020716
15173,0.47778457
15174,0.39619735
15175,0.5641421
15176,0.10588759
15177,0.019046051
15178,0.07400198
15179,0.10309103
15180,0.13949347
15181,0.17656456
15182,0.08602357
15183,0.025812732
15184,0.06538466
15185,0.22404173
15186,0.044235267
15187,0.121790744
15188,0.02216874
15189,0.016054053
15190,0.041082002
15191,0.01789048
15192,0.018872973
15193,0.014248271
15194,0.042640187
15195,0.08429254
15196,0.08398347
15197,0.10279803
15198,0.25707883
15199,0.17787085
15200,0.336887
15201,0.73032737
15202,0.64416003
15203,0.27042466
15204,0.14896443
15205,0.046756
15206,0.023047661
15207,0.055347543
15208,0.10776796
15209,0.017676223
15210,0.027237635
15211,0.9542051
15212,0.038712777
15213,0.017145406
15214,0.13057412
15215,0.063181154
15216,0.098413974
15217,0.03202899
15218,0.055278163
15219,0.024672946
15220,0.058664333
15221,0.018445775
15222,0.021475941
15223,0.05199234
15224,0.10445106
15225,0.1309228
15226,0.57427055
15227,0.40324894
15228,0.21289423
15229,0.84371287
15230,0.41778177
15231,0.4478975
15232,0.24701302
15233,0.03964039
15234,0.030548653
15235,0.026943702
15236,0.056881953
15237,0.052151937
15238,0.036717314
15239,0.07208233
15240,0.4248167
15241,0.098640904
15242,0.36850032
15243,0.026269028
15244,0.08791042
15245,0.11418687
15246,0.11779702
15247,0.18857329
15248,0.056093834
15249,0.027468441
15250,0.058432437
15251,0.16911648
15252,0.7898378
15253,0.36978346
15254,0.49655828
15255,0.36149025
15256,0.26326257
15257,0.24618182
15258,0.1015466
15259,0.042305928
15260,0.019381534
15261,0.03456794
15262,0.12843862
15263,0.1501462
15264,0.059893366
15265,0.18401277
15266,0.065712385
15267,0.013111118
15268,0.26765507
15269,0.037374187
15270,0.0146399485
15271,0.0128829265
15272,0.15284324
15273,0.23657472
15274,0.03436441
15275,0.0102640595
15276,0.21316838
15277,0.25107062
15278,0.08692078
15279,0.10962669
15280,0.030212063
15281,0.10568918
15282,0.0859451
15283,0.034700144
15284,0.12792279
15285,0.11368463
15286,0.036795516
15287,0.011643672
15288,0.1706871
15289,0.014256529
15290,0.10555213
15291,0.038369104
15292,0.16882573
15293,0.047476493
15294,0.060792215
15295,0.054901086
15296,0.16278575
15297,0.37524542
15298,0.515947
15299,0.08556077
15300,0.018218022
15301,0.026898053
15302,0.02574113
15303,0.06031813
15304,0.024702407
15305,0.0749252
15306,0.102016434
15307,0.01326918
15308,0.024570154
15309,0.01468387
15310,0.03144486
15311,0.017939892
15312,0.012228513
15313,0.10314629
15314,0.11590312
15315,0.40883344
15316,0.016429754
15317,0.01773622
15318,0.047828764
15319,0.09926413
15320,0.107387014
15321,0.38981596
15322,0.10709444
15323,0.014750588
15324,0.012924986
15325,0.14545102
15326,0.040442888
15327,0.08716962
15328,0.11149039
15329,0.061044123
15330,0.012129467
15331,0.013372318
15332,0.019926652
15333,0.012526201
15334,0.31052208
15335,0.01696103
15336,0.035585925
15337,0.12959333
15338,0.07750274
15339,0.0504078
15340,0.027106881
15341,0.046349864
15342,0.07751823
15343,0.3745715
15344,0.03633011
15345,0.020883957
15346,0.04463952
15347,0.047389835
15348,0.079569764
15349,0.24052796
15350,0.056551613
15351,0.2301395
15352,0.120736815
15353,0.029862033
15354,0.052394398
15355,0.047057215
15356,0.028500875
15357,0.17039835
15358,0.09335855
15359,0.0159163
15360,0.12895106
15361,0.01742587
15362,0.10600985
15363,0.061355904
15364,0.013643628
15365,0.45864293
15366,0.60578746
15367,0.19487639
15368,0.08876014
15369,0.014319206
15370,0.087106675
15371,0.0580373
15372,0.037329413
15373,0.20430592
15374,0.08968398
15375,0.09570211
15376,0.90161765
15377,0.016919136
15378,0.05815303
15379,0.021347674
15380,0.073567264
15381,0.08699812
15382,0.01608238
15383,0.04896385
15384,0.14107025
15385,0.33195087
15386,0.066824086
15387,0.18207741
15388,0.023233786
15389,0.035942763
15390,0.106222205
15391,0.040833075
15392,0.032175474
15393,0.09317811
15394,0.06947209
15395,0.0622956
15396,0.029819485
15397,0.049460072
15398,0.02598473
15399,0.12061348
15400,0.055446014
15401,0.014912312
15402,0.04436472
15403,0.08291043
15404,0.094453484
15405,0.02662128
15406,0.025405154
15407,0.056572493
15408,0.7328809
15409,0.063848846
15410,0.13933118
15411,0.065848604
15412,0.034610692
15413,0.06561669
15414,0.059074454
15415,0.013250082
15416,0.026800336
15417,0.38403937
15418,0.047104
15419,0.009895652
15420,0.013086438
15421,0.048534263
15422,0.113958195
15423,0.01950994
15424,0.11858427
15425,0.044371508
15426,0.019598186
15427,0.048212197
15428,0.3647692
15429,0.022544706
15430,0.017571406
15431,0.010580537
15432,0.022412764
15433,0.050654568
15434,0.040540323
15435,0.12017114
15436,0.08637883
15437,0.018238792
15438,0.015544797
15439,0.059703752
15440,0.11530465
15441,0.11023425
15442,0.062197555
15443,0.08220075
15444,0.031477246
15445,0.053480934
15446,0.14866559
15447,0.24307182
15448,0.11265325
15449,0.011310539
15450,0.012332305
15451,0.042563573
15452,0.013685874
15453,0.023602268
15454,0.01984116
15455,0.016536584
15456,0.018525768
15457,0.012219679
15458,0.021403832
15459,0.014836316
15460,0.011937859
15461,0.022068225
15462,0.03933109
15463,0.052938
15464,0.11295842
15465,0.09342963
15466,0.1251812
15467,0.011951673
15468,0.3378134
15469,0.019413276
15470,0.03788156
15471,0.015084157
15472,0.018192038
15473,0.018634558
15474,0.02193694
15475,0.029043773
15476,0.0146275265
15477,0.014375779
15478,0.05032189
15479,0.029765991
15480,0.03258206
15481,0.04383126
15482,0.016282756
15483,0.011373799
15484,0.010296862
15485,0.11012077
15486,0.023468088
15487,0.05255157
15488,0.009342104
15489,0.011391928
15490,0.02776891
15491,0.012289116
15492,0.10593539
15493,0.015558914
15494,0.012021777
15495,0.2620366
15496,0.05832006
15497,0.069820344
15498,0.07232233
15499,0.07684861
15500,0.03516074
15501,0.012722963
15502,0.09187613
15503,0.018724898
15504,0.10636758
15505,0.010398321
15506,0.112588674
15507,0.01754643
15508,0.024350492
15509,0.037496258
15510,0.025498524
15511,0.010546969
15512,0.0136020295
15513,0.012659337
15514,0.012564501
15515,0.045742497
15516,0.012337811
15517,0.013410292
15518,0.06780952
15519,0.0654129
15520,0.030726317
15521,0.12919042
15522,0.022323675
15523,0.026091278
15524,0.016028693
15525,0.05363664
15526,0.027924236
15527,0.018673556
15528,0.03637275
15529,0.022411333
15530,0.034373265
15531,0.012611318
15532,0.03735682
15533,0.11271366
15534,0.25237295
15535,0.06829867
15536,0.016896272
15537,0.029588077
15538,0.034729287
15539,0.041037686
15540,0.031070918
15541,0.03555994
15542,0.029979464
15543,0.097353436
15544,0.03322628
15545,0.02128495
15546,0.11109203
15547,0.031587698
15548,0.19994731
15549,0.03708191
15550,0.31754118
15551,0.3031793
15552,0.035744634
15553,0.31479844
15554,0.057196688
15555,0.42807627
15556,0.1515177
15557,0.10448257
15558,0.035060328
15559,0.020573521
15560,0.08268015
15561,0.013131702
15562,0.1489307
15563,0.1863093
15564,0.025170822
15565,0.608299
15566,0.123372085
15567,0.03295229
15568,0.21222305
15569,0.038368564
15570,0.043125473
15571,0.02010734
15572,0.058328018
15573,0.036875468
15574,0.015935441
15575,0.019013764
15576,0.116727404
15577,0.47099996
15578,0.4539701
15579,0.039903495
15580,0.11086103
15581,0.1316722
15582,0.019245889
15583,0.036751594
15584,0.032417927
15585,0.057221763
15586,0.04267635
15587,0.41485637
15588,0.13357773
15589,0.1647004
15590,0.50859743
15591,0.107471436
15592,0.019886957
15593,0.45811832
15594,0.024983184
15595,0.05320005
15596,0.51640296
15597,0.037924834
15598,0.092790216
15599,0.031075086
15600,0.043095317
15601,0.071376406
15602,0.11492855
15603,0.04709354
15604,0.02294002
15605,0.037661422
15606,0.35802084
15607,0.04858116
15608,0.031022426
15609,0.046186924
15610,0.0511291
15611,0.07683777
15612,0.034490153
15613,0.032927524
15614,0.009613492
15615,0.03194346
15616,0.07759416
15617,0.026096035
15618,0.07189251
15619,0.12874518
15620,0.039229255
15621,0.21975745
15622,0.02003836
15623,0.032949828
15624,0.068311736
15625,0.022068853
15626,0.011939906
15627,0.42675465
15628,0.11596309
15629,0.073315814
15630,0.2771255
15631,0.3606183
15632,0.074807875
15633,0.05397025
15634,0.013179629
15635,0.024761755
15636,0.015950149
15637,0.010278853
15638,0.033481352
15639,0.014455689
15640,0.053897187
15641,0.06536599
15642,0.09523799
15643,0.23332767
15644,0.38371485
15645,0.009958498
15646,0.015442334
15647,0.02660383
15648,0.044028766
15649,0.0125964815
15650,0.02075417
15651,0.03220557
15652,0.26353538
15653,0.020504383
15654,0.07781791
15655,0.011921531
15656,0.06798907
15657,0.19862503
15658,0.49658
15659,0.037952986
15660,0.057794273
15661,0.01677005
15662,0.017596614
15663,0.039959088
15664,0.04941081
15665,0.0116898045
15666,0.024874864
15667,0.012915369
15668,0.1041487
15669,0.14571474
15670,0.09629563
15671,0.07972242
15672,0.06051774
15673,0.033516407
15674,0.033269815
15675,0.03198022
15676,0.06970857
15677,0.10533185
15678,0.0608671
15679,0.10664672
15680,0.020452851
15681,0.055109933
15682,0.03624948
15683,0.018439457
15684,0.020236613
15685,0.033643574
15686,0.04539097
15687,0.017329825
15688,0.07349085
15689,0.29438812
15690,0.2582979
15691,0.052268233
15692,0.04474508
15693,0.028681898
15694,0.11986617
15695,0.066748284
15696,0.013243257
15697,0.0555703
15698,0.021003041
15699,0.028211337
15700,0.16482407
15701,0.033025585
15702,0.036773715
15703,0.035183262
15704,0.1499439
15705,0.0852076
15706,0.23376793
15707,0.20241272
15708,0.14187889
15709,0.07115444
15710,0.054580178
15711,0.016714005
15712,0.0667278
15713,0.05334269
15714,0.011526159
15715,0.21491328
15716,0.063944355
15717,0.6031731
15718,0.1220535
15719,0.1325783
15720,0.052441634
15721,0.038192913
15722,0.022509152
15723,0.09822596
15724,0.015019131
15725,0.01687687
15726,0.0303796
15727,0.09850979
15728,0.057934996
15729,0.08716316
15730,0.074514106
15731,0.11898514
15732,0.23009925
15733,0.47373018
15734,0.07911814
15735,0.030511377
15736,0.088121
15737,0.02456056
15738,0.0588886
15739,0.024272097
15740,0.09226353
15741,0.050554514
15742,0.1059022
15743,0.030077927
15744,0.103517406
15745,0.031602714
15746,0.07218996
15747,0.036314584
15748,0.024845207
15749,0.16657943
15750,0.01239261
15751,0.034415144
15752,0.05421249
15753,0.045295447
15754,0.013306754
15755,0.026545485
15756,0.036469005
15757,0.064506285
15758,0.09162681
15759,0.15094249
15760,0.13089567
15761,0.37036765
15762,0.13953881
15763,0.16635843
15764,0.018362999
15765,0.10670904
15766,0.013868036
15767,0.061049
15768,0.032838143
15769,0.114786126
15770,0.043993767
15771,0.02548277
15772,0.043153588
15773,0.028364737
15774,0.042962134
15775,0.07416434
15776,0.03224927
15777,0.054302488
15778,0.031677417
15779,0.090643264
15780,0.028768701
15781,0.043771625
15782,0.09509994
15783,0.08292503
15784,0.15404114
15785,0.48797143
15786,0.1294496
15787,0.12793823
15788,0.07487163
15789,0.09780474
15790,0.09054605
15791,0.1046736
15792,0.05978814
15793,0.011555676
15794,0.023545042
15795,0.36823273
15796,0.059894472
15797,0.09011446
15798,0.052838273
15799,0.074562095
15800,0.01864951
15801,0.018272066
15802,0.018441595
15803,0.0492808
15804,0.24139386
15805,0.06782045
15806,0.059320107
15807,0.15047102
15808,0.6563816
15809,0.117294975
15810,0.020318046
15811,0.3695227
15812,0.07125679
15813,0.26017568
15814,0.2413863
15815,0.08525263
15816,0.051775
15817,0.02879923
15818,0.10294327
15819,0.15529986
15820,0.051231004
15821,0.13635337
15822,0.10134029
15823,0.07516491
15824,0.016394658
15825,0.013381313
15826,0.022161353
15827,0.0205937
15828,0.07204219
15829,0.076685056
15830,0.017956434
15831,0.1294366
15832,0.13800997
15833,0.14517012
15834,0.09386406
15835,0.07634447
15836,0.14598282
15837,0.19561021
15838,0.24499466
15839,0.07131786
15840,0.063258424
15841,0.032727525
15842,0.13163352
15843,0.5877352
15844,0.046717256
15845,0.08043194
15846,0.37711796
15847,0.14996597
15848,0.014628684
15849,0.061183903
15850,0.25916627
15851,0.25217828
15852,0.012276688
15853,0.10348222
15854,0.10691841
15855,0.22231658
15856,0.15955651
15857,0.16217846
15858,0.18497755
15859,0.37463963
15860,0.1258674
15861,0.06025604
15862,0.084657945
15863,0.059825756
15864,0.2943966
15865,0.88818294
15866,0.0850887
15867,0.040115573
15868,0.37306824
15869,0.054446243
15870,0.26361448
15871,0.017163068
15872,0.017908674
15873,0.050227944
15874,0.089535154
15875,0.018956993
15876,0.0680481
15877,0.010392082
15878,0.48505148
15879,0.04831633
15880,0.11059117
15881,0.19991276
15882,0.13651133
15883,0.19634385
15884,0.35372737
15885,0.37873772
15886,0.025539692
15887,0.23544529
15888,0.187651
15889,0.10706018
15890,0.77537215
15891,0.40216222
15892,0.3239474
15893,0.029774366
15894,0.19977236
15895,0.074454315
15896,0.016344521
15897,0.013779812
15898,0.06330145
15899,0.011718157
15900,0.03554374
15901,0.08463506
15902,0.11229071
15903,0.12287273
15904,0.1250463
15905,0.100200504
15906,0.2201108
15907,0.12101912
15908,0.023400014
15909,0.10181393
15910,0.35352737
15911,0.01635269
15912,0.048507467
15913,0.97133684
15914,0.78939825
15915,0.7391354
15916,0.024368703
15917,0.01746396
15918,0.09795489
15919,0.40421706
15920,0.09463015
15921,0.07621715
15922,0.07052543
15923,0.09316419
15924,0.08846253
15925,0.012865979
15926,0.42037308
15927,0.016725216
15928,0.033928398
15929,0.11600394
15930,0.12822023
15931,0.07111912
15932,0.05105071
15933,0.35489842
15934,0.31033325
15935,0.026704058
15936,0.10893646
15937,0.11001036
15938,0.10063128
15939,0.9757034
15940,0.86473817
15941,0.73212415
15942,0.01966081
15943,0.061226107
15944,0.024893617
15945,0.381364
15946,0.08821639
15947,0.36043265
15948,0.052922294
15949,0.09759803
15950,0.021806594
15951,0.11897784
15952,0.15740281
15953,0.15112504
15954,0.20389342
15955,0.52166724
15956,0.495384
15957,0.23784602
15958,0.16812918
15959,0.102179945
15960,0.068598606
15961,0.121196546
15962,0.05157072
15963,0.04483908
15964,0.019845072
15965,0.15502316
15966,0.13388205
15967,0.10142544
15968,0.09934585
15969,0.025767025
15970,0.9644717
15971,0.9903299
15972,0.9518856
15973,0.12141654
15974,0.05982033
15975,0.19671673
15976,0.3526073
15977,0.022835014
15978,0.023266576
15979,0.029956203
15980,0.043945227
15981,0.11241674
15982,0.058148295
15983,0.3708045
15984,0.9122444
15985,0.10950308
15986,0.12879059
15987,0.1085437
15988,0.1578382
15989,0.0776382
15990,0.34453145
15991,0.21053158
15992,0.037792612
15993,0.115132175
15994,0.1106566
15995,0.11404931
15996,0.059391443
15997,0.44228968
15998,0.20289207
15999,0.18636808
16000,0.1025292
16001,0.023335904
16002,0.105567634
16003,0.09807648
16004,0.24974878
16005,0.030831767
16006,0.05013326
16007,0.05260669
16008,0.024987888
16009,0.035121866
16010,0.048659865
16011,0.05961816
16012,0.26076734
16013,0.6496441
16014,0.26666415
16015,0.2630135
16016,0.1303996
16017,0.19079255
16018,0.2321591
16019,0.5339902
16020,0.06787752
16021,0.030318905
16022,0.03942106
16023,0.051132005
16024,0.14353155
16025,0.25781837
16026,0.09971771
16027,0.30462843
16028,0.26607364
16029,0.16436957
16030,1.0
16031,0.12649602
16032,0.016846081
16033,0.2140579
16034,0.2523553
16035,0.048977673
16036,0.17257082
16037,0.09501285
16038,0.042749785
16039,0.04243761
16040,0.057407208
16041,0.13773702
16042,0.40667745
16043,0.28130105
16044,0.5131516
16045,0.27175498
16046,0.16249357
16047,0.13908127
16048,0.2612467
16049,0.14102848
16050,0.09971287
16051,0.054925013
16052,0.45340967
16053,0.28230342
16054,0.060739856
16055,0.030762363
16056,0.51731336
16057,0.38856193
16058,0.08168043
16059,0.12323967
16060,0.077232
16061,0.056638967
16062,0.012991457
16063,0.012207495
16064,0.016690163
16065,0.037171625
16066,0.080697544
16067,0.114122644
16068,0.11268016
16069,0.16114113
16070,0.40577
16071,0.7997418
16072,0.4287681
16073,0.36398908
16074,0.57209414
16075,0.104887046
16076,0.021780983
16077,0.077343546
16078,0.06814955
16079,0.14791429
16080,0.24849436
16081,0.07814921
16082,0.025746133
16083,0.067134835
16084,0.13179491
16085,0.017058674
16086,0.036958802
16087,0.09975278
16088,0.016007118
16089,0.037611954
16090,0.018828785
16091,0.014065584
16092,0.048062965
16093,0.0816926
16094,0.068552494
16095,0.10302923
16096,0.26228505
16097,0.1788802
16098,0.35067785
16099,0.7348513
16100,0.6583509
16101,0.38643894
16102,0.13105099
16103,0.054904822
16104,0.04092353
16105,0.052408442
16106,0.113939546
16107,0.96457785
16108,0.046763156
16109,0.025839591
16110,0.074936256
16111,0.053372525
16112,0.10443011
16113,0.033272695
16114,0.059598044
16115,0.019367104
16116,0.05788314
16117,0.017682483
16118,0.018790916
16119,0.043329205
16120,0.10805078
16121,0.11970032
16122,0.5919976
16123,0.40889126
16124,0.2105817
16125,0.9228267
16126,0.43326747
16127,0.44900894
16128,0.24328235
16129,0.04584399
16130,0.03199014
16131,0.028468529
16132,0.051495805
16133,0.051618714
16134,0.071157396
16135,0.42758116
16136,0.17834443
16137,0.35705715
16138,0.023615912
16139,0.09289672
16140,0.109538056
16141,0.13805668
16142,0.17202905
16143,0.0633656
16144,0.02871056
16145,0.059809364
16146,0.1700638
16147,0.7690068
16148,0.3674083
16149,0.50303423
16150,0.24117574
16151,0.36855155
16152,0.24181058
16153,0.10101791
16154,0.03895716
16155,0.014218558
16156,0.020623948
16157,0.014623578
16158,0.043966305
16159,0.024630003
16160,0.1281231
16161,0.13535869
16162,0.051626198
16163,0.19186348
16164,0.070036545
16165,0.012228495
16166,0.3632132
16167,0.030981338
16168,0.019602193
16169,0.013307772
16170,0.15170704
16171,0.24346538
16172,0.032969654
16173,0.0102640595
16174,0.34881267
16175,0.18341815
16176,0.08339098
16177,0.104829244
16178,0.026611568
16179,0.10472829
16180,0.0863437
16181,0.0353068
16182,0.11848645
16183,0.11435949
16184,0.037932154
16185,0.029307026
16186,0.011602275
16187,0.13750915
16188,0.012248312
16189,0.011720381
16190,0.111693345
16191,0.03551622
16192,0.037271675
16193,0.17241365
16194,0.047525663
16195,0.050869823
16196,0.012156137
16197,0.057871677
16198,0.17931189
16199,0.36883295
16200,0.47859606
16201,0.11205417
16202,0.027722137
16203,0.052173574
16204,0.022076163
16205,0.08184525
16206,0.11356603
16207,0.013581964
16208,0.024440793
16209,0.015184275
16210,0.034316037
16211,0.017626444
16212,0.012478723
16213,0.017585622
16214,0.0996514
16215,0.12932093
16216,0.406312
16217,0.016543224
16218,0.017490083
16219,0.04144384
16220,0.10505634
16221,0.10959635
16222,0.40939957
16223,0.14170793
16224,0.017753022
16225,0.1079749
16226,0.041166726
16227,0.015501004
16228,0.08511786
16229,0.11231737
16230,0.059543736
16231,0.020714445
16232,0.019345915
16233,0.21790835
16234,0.014872178
16235,0.033463795
16236,0.1352833
16237,0.07510667
16238,0.05239218
16239,0.022820001
16240,0.040136375
16241,0.06772551
16242,0.37188923
16243,0.037046917
16244,0.01938576
16245,0.04233929
16246,0.042823933
16247,0.08100997
16248,0.16014574
16249,0.059380636
16250,0.2538153
16251,0.10301476
16252,0.030478599
16253,0.014701382
16254,0.053860914
16255,0.05917768
16256,0.029831095
16257,0.24858576
16258,0.13442144
16259,0.022834739
16260,0.10656025
16261,0.05841715
16262,0.01369998
16263,0.4592412
16264,0.5737194
16265,0.12227769
16266,0.07871752
16267,0.015288574
16268,0.08687307
16269,0.057490278
16270,0.123787805
16271,0.09120514
16272,0.08536337
16273,0.95840156
16274,0.016415607
16275,0.063362256
16276,0.017500492
16277,0.08000239
16278,0.07046928
16279,0.039013013
16280,0.13761173
16281,0.3342907
16282,0.07115497
16283,0.13756281
16284,0.024408974
16285,0.04855418
16286,0.10581559
16287,0.057259206
16288,0.031160174
16289,0.08624954
16290,0.07380175
16291,0.06143345
16292,0.02199865
16293,0.018411607
16294,0.05314817
16295,0.015429802
16296,0.01639545
16297,0.11770404
16298,0.045081068
16299,0.04749931
16300,0.015635634
16301,0.03308992
16302,0.07280597
16303,0.116900235
16304,0.039414167
16305,0.7334454
16306,0.05902449
16307,0.13143185
16308,0.03573308
16309,0.05515059
16310,0.05821155
16311,0.01624881
16312,0.41611868
16313,0.037030376
16314,0.016693622
16315,0.013109546
16316,0.04760969
16317,0.10654919
16318,0.016211906
16319,0.122296415
16320,0.03977204
16321,0.04809607
16322,0.33495814
16323,0.02174214
16324,0.024076274
16325,0.011310134
16326,0.017101105
16327,0.01661384
16328,0.050642926
16329,0.01135023
16330,0.039311875
16331,0.13675845
16332,0.07664059
16333,0.014675639
16334,0.016220681
16335,0.059205998
16336,0.23074557
16337,0.09316002
16338,0.07435375
16339,0.06694165
16340,0.031619523
16341,0.051601827
16342,0.12436285
16343,0.25171003
16344,0.2180312
16345,0.01147428
16346,0.0127364155
16347,0.012902072
16348,0.018748155
16349,0.017544415
16350,0.01379027
16351,0.023295972
16352,0.0117364265
16353,0.015855864
16354,0.019783052
16355,0.011681099
16356,0.018860472
16357,0.03935291
16358,0.06940357
16359,0.13206635
16360,0.009809651
16361,0.13704273
16362,0.011177607
16363,0.2599552
16364,0.012725858
16365,0.013175886
16366,0.013409855
16367,0.03567999
16368,0.01950712
16369,0.011895388
16370,0.027934898
16371,0.021472706
16372,0.014408014
16373,0.011840151
16374,0.04913549
16375,0.027293457
16376,0.03220403
16377,0.04871585
16378,0.0143734105
16379,0.011373799
16380,0.017869525
16381,0.010349405
16382,0.115732044
16383,0.0303529
16384,0.049516138
16385,0.011391928
16386,0.02768265
16387,0.09529671
16388,0.011745831
16389,0.20219193
16390,0.07401316
16391,0.06314628
16392,0.06446555
16393,0.013509307
16394,0.07564248
16395,0.034729905
16396,0.012400947
16397,0.08451068
16398,0.018942233
16399,0.08253352
16400,0.010398321
16401,0.13782386
16402,0.017832657
16403,0.025170308
16404,0.039776117
16405,0.023932984
16406,0.010386914
16407,0.013514757
16408,0.012202172
16409,0.011895396
16410,0.040574454
16411,0.014172885
16412,0.059823256
16413,0.06334988
16414,0.010902639
16415,0.17148882
16416,0.02147852
16417,0.026950072
16418,0.015634969
16419,0.017268015
16420,0.06256753
16421,0.028132766
16422,0.024771916
16423,0.04206259
16424,0.030068137
16425,0.03589884
16426,0.0188874
16427,0.103595525
16428,0.19520004
16429,0.09317919
16430,0.018284807
16431,0.030028494
16432,0.040461376
16433,0.030012736
16434,0.041198313
16435,0.024924692
16436,0.02938307
16437,0.028291946
16438,0.0642555
16439,0.03213366
16440,0.030018508
16441,0.09589725
16442,0.031572323
16443,0.06795977
16444,0.035206627
16445,0.14283594
16446,0.16646717
16447,0.020228203
16448,0.031612005
16449,0.23489189
16450,0.071011
16451,0.31084475
16452,0.15435693
16453,0.16991134
16454,0.034995884
16455,0.02036457
16456,0.05628384
16457,0.013321603
16458,0.18311056
16459,0.012435447
16460,0.12744959
16461,0.023801146
16462,0.7174025
16463,0.21057308
16464,0.1047527
16465,0.0880893
16466,0.043608338
16467,0.014110807
16468,0.034287002
16469,0.10994441
16470,0.12249809
16471,0.39791536
16472,0.44470537
16473,0.02080393
16474,0.10631391
16475,0.10590557
16476,0.019245613
16477,0.03875369
16478,0.04217959
16479,0.06352337
16480,0.010877225
16481,0.048020404
16482,0.439507
16483,0.12265453
16484,0.11768311
16485,0.5516614
16486,0.08196559
16487,0.025349397
16488,0.4537111
16489,0.0539679
16490,0.5906068
16491,0.04832581
16492,0.058088843
16493,0.032179072
16494,0.03937136
16495,0.1003627
16496,0.09431926
16497,0.059405603
16498,0.026009787
16499,0.028510781
16500,0.042302925
16501,0.3898646
16502,0.04640436
16503,0.02953014
16504,0.05858319
16505,0.04855299
16506,0.11103597
16507,0.049612083
16508,0.105201624
16509,0.056568686
16510,0.22846667
16511,0.22584604
16512,0.027189797
16513,0.046585664
16514,0.025598409
16515,0.021064023
16516,0.43896732
16517,0.13989434
16518,0.06758834
16519,0.26075822
16520,0.42873552
16521,0.08573019
16522,0.04327032
16523,0.016820306
16524,0.024349527
16525,0.013045251
16526,0.048447628
16527,0.0114698745
16528,0.008342651
16529,0.010114163
16530,0.06880471
16531,0.067488834
16532,0.2611152
16533,0.43146357
16534,0.015481267
16535,0.024903992
16536,0.05026389
16537,0.011144805
16538,0.029097477
16539,0.24065915
16540,0.041739725
16541,0.04470898
16542,0.011886224
16543,0.045119394
16544,0.021007504
16545,0.31509036
16546,0.48297715
16547,0.06447463
16548,0.017683439
16549,0.04242904
16550,0.04739793
16551,0.016107244
16552,0.023892548
16553,0.116589025
16554,0.1400892
16555,0.100471646
16556,0.08933376
16557,0.07194363
16558,0.03244202
16559,0.034286834
16560,0.032570478
16561,0.043037664
16562,0.107449256
16563,0.05887351
16564,0.18856509
16565,0.015696034
16566,0.04947824
16567,0.035784643
16568,0.021679072
16569,0.032985568
16570,0.03440731
16571,0.045337074
16572,0.015730942
16573,0.019629793
16574,0.056899015
16575,0.19512613
16576,0.2484783
16577,0.03738759
16578,0.03842866
16579,0.028062312
16580,0.12122778
16581,0.056935634
16582,0.015002489
16583,0.059134297
16584,0.03042215
16585,0.15444458
16586,0.033786006
16587,0.034824118
16588,0.033341303
16589,0.15630299
16590,0.085155845
16591,0.23375432
16592,0.20760211
16593,0.21802998
16594,0.08305876
16595,0.053976443
16596,0.02865791
16597,0.058643818
16598,0.05060005
16599,0.107978195
16600,0.04931524
16601,0.57089037
16602,0.11254796
16603,0.027524946
16604,0.1121003
16605,0.054019306
16606,0.057268012
16607,0.019820368
16608,0.010647275
16609,0.012690297
16610,0.10786484
16611,0.02569853
16612,0.014996765
16613,0.02142671
16614,0.10786455
16615,0.051643435
16616,0.08256699
16617,0.070815705
16618,0.12566017
16619,0.22615881
16620,0.46040636
16621,0.06851722
16622,0.03633822
16623,0.09331718
16624,0.025189351
16625,0.06494488
16626,0.022044845
16627,0.010566233
16628,0.09153214
16629,0.05997848
16630,0.10989606
16631,0.032458432
16632,0.11623094
16633,0.029034754
16634,0.05507769
16635,0.04277966
16636,0.15236555
16637,0.0115182055
16638,0.030235283
16639,0.064004764
16640,0.055716936
16641,0.013459434
16642,0.02854566
16643,0.033227727
16644,0.081873134
16645,0.08958967
16646,0.14777035
16647,0.12961623
16648,0.25275066
16649,0.1421927
16650,0.18153162
16651,0.018967493
16652,0.10292751
16653,0.059868407
16654,0.011415923
16655,0.03308984
16656,0.09118528
16657,0.035849493
16658,0.021285791
16659,0.05605844
16660,0.030408746
16661,0.06096353
16662,0.10027312
16663,0.027601639
16664,0.073477164
16665,0.018601263
16666,0.029783253
16667,0.09111685
16668,0.02724994
16669,0.04355025
16670,0.12556688
16671,0.06925874
16672,0.15580799
16673,0.48820636
16674,0.123527125
16675,0.13056761
16676,0.06962387
16677,0.10629421
16678,0.08722704
16679,0.10112487
16680,0.059205383
16681,0.021701923
16682,0.29478133
16683,0.07681947
16684,0.09071193
16685,0.062101826
16686,0.082549304
16687,0.015108759
16688,0.021617195
16689,0.018561104
16690,0.028334474
16691,0.042919178
16692,0.2167166
16693,0.07042069
16694,0.06462491
16695,0.12500173
16696,0.6042471
16697,0.115259826
16698,0.018063292
16699,0.2293292
16700,0.07191018
16701,0.27166912
16702,0.19384535
16703,0.08678975
16704,0.02197189
16705,0.04802078
16706,0.027494853
16707,0.10303864
16708,0.21291104
16709,0.042267818
16710,0.24405885
16711,0.07102541
16712,0.07519837
16713,0.012843203
16714,0.019438943
16715,0.028647479
16716,0.07128993
16717,0.0808531
16718,0.017276164
16719,0.13565324
16720,0.13324498
16721,0.24317652
16722,0.10171307
16723,0.05765381
16724,0.15456073
16725,0.18728879
16726,0.3257365
16727,0.06959763
16728,0.08134786
16729,0.024766913
16730,0.06506673
16731,0.56509197
16732,0.047196038
16733,0.08426468
16734,0.38591376
16735,0.1657113
16736,0.014520582
16737,0.017616512
16738,0.011863428
16739,0.054514665
16740,0.05448148
16741,0.25928035
16742,0.25521538
16743,0.012276688
16744,0.10354635
16745,0.10357552
16746,0.23530558
16747,0.15144454
16748,0.15302204
16749,0.25725013
16750,0.3567181
16751,0.12206201
16752,0.06548527
16753,0.11404569
16754,0.060114596
16755,0.19805196
16756,0.8989305
16757,0.09292757
16758,0.044661764
16759,0.37820536
16760,0.05598565
16761,0.2501849
16762,0.055333927
16763,0.08409688
16764,0.017476438
16765,0.0593145
16766,0.010392082
16767,0.47412646
16768,0.05260808
16769,0.10638195
16770,0.26245755
16771,0.14871097
16772,0.19533958
16773,0.38966268
16774,0.35778946
16775,0.025733104
16776,0.22811846
16777,0.10631317
16778,0.17836128
16779,0.79774255
16780,0.2846504
16781,0.33305565
16782,0.03563365
16783,0.23218046
16784,0.05313982
16785,0.028919566
16786,0.0128816245
16787,0.06962323
16788,0.0129048815
16789,0.011718157
16790,0.03209975
16791,0.078646325
16792,0.117770396
16793,0.11775954
16794,0.12603502
16795,0.11103332
16796,0.21425755
16797,0.1218726
16798,0.12295132
16799,0.25712687
16800,0.016406117
16801,0.049545065
16802,0.97617173
16803,0.80977273
16804,0.6348505
16805,0.024097893
16806,0.01756914
16807,0.1112384
16808,0.4173202
16809,0.08778217
16810,0.018204002
16811,0.0639307
16812,0.012458946
16813,0.07289808
16814,0.09276603
16815,0.07714128
16816,0.012841371
16817,0.42640206
16818,0.016555957
16819,0.033214092
16820,0.1323939
16821,0.12333171
16822,0.086121105
16823,0.063478254
16824,0.23899356
16825,0.2998205
16826,0.025158064
16827,0.11491429
16828,0.1308528
16829,0.20815377
16830,0.978506
16831,0.8703321
16832,0.73093754
16833,0.015538244
16834,0.047023438
16835,0.02583707
16836,0.3892432
16837,0.100211345
16838,0.2829057
16839,0.047663476
16840,0.09866458
16841,0.025247581
16842,0.1441208
16843,0.13631707
16844,0.15779182
16845,0.2015098
16846,0.51988864
16847,0.5209849
16848,0.23808664
16849,0.15650043
16850,0.10089463
16851,0.07362197
16852,0.1973403
16853,0.052578304
16854,0.043061793
16855,0.022027034
16856,0.13691144
16857,0.11984597
16858,0.09444159
16859,0.124006376
16860,0.02345745
16861,0.9416173
16862,0.9889561
16863,0.956131
16864,0.12578079
16865,0.055187397
16866,0.22065
16867,0.2612032
16868,0.020642674
16869,0.026301404
16870,0.023920557
16871,0.044015806
16872,0.11240635
16873,0.05870247
16874,0.42065698
16875,0.9524886
16876,0.09773092
16877,0.121520065
16878,0.11263393
16879,0.16921481
16880,0.07346234
16881,0.33393976
16882,0.21018201
16883,0.035624392
16884,0.10770122
16885,0.10915074
16886,0.1096538
16887,0.04950031
16888,0.022562869
16889,0.2762978
16890,0.29725295
16891,0.19108054
16892,0.10936492
16893,0.025196468
16894,0.09802383
16895,0.0677041
16896,0.24955985
16897,0.029161356
16898,0.049116302
16899,0.06886224
16900,0.024300776
16901,0.02565325
16902,0.05222642
16903,0.07137196
16904,0.35792473
16905,0.648863
16906,0.26872322
16907,0.24696355
16908,0.12941931
16909,0.16755609
16910,0.24235511
16911,0.57462585
16912,0.061106414
16913,0.03720836
16914,0.037053477
16915,0.12244661
16916,0.24736391
16917,0.13117942
16918,0.32195416
16919,0.26148713
16920,0.23156126
16921,1.0
16922,0.2049121
16923,0.015854513
16924,0.13385455
16925,0.24405196
16926,0.021313408
16927,0.05344621
16928,0.15229137
16929,0.093157604
16930,0.043999404
16931,0.043740466
16932,0.0560745
16933,0.14100738
16934,0.38595638
16935,0.29088777
16936,0.48727062
16937,0.2718483
16938,0.15100741
16939,0.13271987
16940,0.3704154
16941,0.026930304
16942,0.16005558
16943,0.080871165
16944,0.06364772
16945,0.43408397
16946,0.26474273
16947,0.067212336
16948,0.03048745
16949,0.5515357
16950,0.37392756
16951,0.07845279
16952,0.121845335
16953,0.08535615
16954,0.059912093
16955,0.013208299
16956,0.03466569
16957,0.077837445
16958,0.10490058
16959,0.10219966
16960,0.16013874
16961,0.40401727
16962,0.78214324
16963,0.44385806
16964,0.346252
16965,0.5551389
16966,0.102329634
16967,0.078877516
16968,0.07800634
16969,0.2104123
16970,0.16585939
16971,0.06840332
16972,0.023185603
16973,0.07640056
16974,0.117810965
16975,0.016799645
16976,0.0458403
16977,0.09659762
16978,0.022141444
16979,0.037982415
16980,0.018662568
16981,0.014924758
16982,0.04486026
16983,0.08197029
16984,0.06759444
16985,0.10520454
16986,0.25913373
16987,0.25013697
16988,0.33944365
16989,0.73526996
16990,0.65695524
16991,0.29117057
16992,0.1301639
16993,0.05812518
16994,0.030838992
16995,0.05625002
16996,0.09582752
16997,0.016733883
16998,0.0117949685
16999,0.032344416
17000,0.96482456
17001,0.046209175
17002,0.018907657
17003,0.06343811
17004,0.06379397
17005,0.1141462
17006,0.032471914
17007,0.063485496
17008,0.017745737
17009,0.048125423
17010,0.017466826
17011,0.02048845
17012,0.042714573
17013,0.104151174
17014,0.12253143
17015,0.57816505
17016,0.3973357
17017,0.22874422
17018,0.9374005
17019,0.41894847
17020,0.43752426
17021,0.2381081
17022,0.036110885
17023,0.030446678
17024,0.028858742
17025,0.056360986
17026,0.050615963
17027,0.050030842
17028,0.10042877
17029,0.4149438
17030,0.17672537
17031,0.3404683
17032,0.02155087
17033,0.09123198
17034,0.11962624
17035,0.11655229
17036,0.1550041
17037,0.05136603
17038,0.027725058
17039,0.016198399
17040,0.052341845
17041,0.16750738
17042,0.8214874
17043,0.36478674
17044,0.5062477
17045,0.25459266
17046,0.36213845
17047,0.17712645
17048,0.11758849
17049,0.0388029
17050,0.014252165
17051,0.019046249
17052,0.028410697
17053,0.12769312
17054,0.13375194
17055,0.05679724
17056,0.25935093
17057,0.06857883
17058,0.012271735
17059,0.35828996
17060,0.041876934
17061,0.014939695
17062,0.15574332
17063,0.23467569
17064,0.032254495
17065,0.0102640595
17066,0.32489738
17067,0.17592485
17068,0.08622875
17069,0.12265446
17070,0.030142438
17071,0.10282393
17072,0.08415548
17073,0.03971597
17074,0.11002721
17075,0.122531556
17076,0.038141154
17077,0.011643672
17078,0.18358645
17079,0.01173327
17080,0.11722814
17081,0.03717344
17082,0.13893226
17083,0.046203215
17084,0.055344224
17085,0.014494169
17086,0.061645012
17087,0.1872668
17088,0.37172416
17089,0.4759672
17090,0.11589841
17091,0.029731005
17092,0.052022986
17093,0.016739976
17094,0.098625
17095,0.16158187
17096,0.019354869
17097,0.024532372
17098,0.01466248
17099,0.03480117
17100,0.0132217575
17101,0.016973596
17102,0.09782926
17103,0.11266788
17104,0.40456888
17105,0.018134166
17106,0.017882336
17107,0.040128004
17108,0.09322764
17109,0.11351907
17110,0.39417315
17111,0.13044804
17112,0.017721971
17113,0.14893106
17114,0.038777478
17115,0.07632561
17116,0.1374678
17117,0.052310005
17118,0.032183107
17119,0.20181581
17120,0.017563997
17121,0.017040776
17122,0.029643279
17123,0.13311778
17124,0.077285506
17125,0.048539955
17126,0.020664034
17127,0.048383538
17128,0.06831221
17129,0.266963
17130,0.039325148
17131,0.02771002
17132,0.05194594
17133,0.04322668
17134,0.07025993
17135,0.18422171
17136,0.05911678
17137,0.2500348
17138,0.11478136
17139,0.030907555
17140,0.015608486
17141,0.048946384
17142,0.06063749
17143,0.029586494
17144,0.26147255
17145,0.13407508
17146,0.018857911
17147,0.10471012
17148,0.057510298
17149,0.013604422
17150,0.4227042
17151,0.5992787
17152,0.19694886
17153,0.0757641
17154,0.015052972
17155,0.08210764
17156,0.091902256
17157,0.102794915
17158,0.09084929
17159,0.09457068
17160,0.83941984
17161,0.01646239
17162,0.061182402
17163,0.07185035
17164,0.071196996
17165,0.017880535
17166,0.0465784
17167,0.11383967
17168,0.43868437
17169,0.07219418
17170,0.1446341
17171,0.023965424
17172,0.03992501
17173,0.042622678
17174,0.10451511
17175,0.03904513
17176,0.029013036
17177,0.0931976
17178,0.0694516
17179,0.06693221
17180,0.020029066
17181,0.05872035
17182,0.013876267
17183,0.017978033
17184,0.11928955
17185,0.042202022
17186,0.05685866
17187,0.014738922
17188,0.029145408
17189,0.07113429
17190,0.104573116
17191,0.023253366
17192,0.03964582
17193,0.7738411
17194,0.055542763
17195,0.10660256
17196,0.047955893
17197,0.038889967
17198,0.07332652
17199,0.058933977
17200,0.01721634
17201,0.024455275
17202,0.27971888
17203,0.04658237
17204,0.009895652
17205,0.009039086
17206,0.011021628
17207,0.016005235
17208,0.013532369
17209,0.04220666
17210,0.11953777
17211,0.019263187
17212,0.011968004
17213,0.13600545
17214,0.03608967
17215,0.021355687
17216,0.045028865
17217,0.3451944
17218,0.022641543
17219,0.0098725315
17220,0.017392287
17221,0.05125294
17222,0.010536593
17223,0.036142275
17224,0.14055744
17225,0.07477359
17226,0.014427457
17227,0.022444915
17228,0.060423955
17229,0.11686884
17230,0.11054229
17231,0.06211316
17232,0.05946539
17233,0.03356825
17234,0.04944943
17235,0.014215057
17236,0.13199997
17237,0.2497096
17238,0.1322729
17239,0.010703469
17240,0.012212971
17241,0.03866929
17242,0.013315589
17243,0.019864103
17244,0.014289519
17245,0.012750696
17246,0.023221001
17247,0.020500142
17248,0.026544051
17249,0.011681099
17250,0.025109865
17251,0.04983947
17252,0.05555541
17253,0.12767254
17254,0.009809651
17255,0.12380604
17256,0.011381138
17257,0.20153703
17258,0.011903534
17259,0.03382599
17260,0.014265402
17261,0.012548163
17262,0.01802554
17263,0.022444054
17264,0.021875871
17265,0.030313939
17266,0.015616778
17267,0.011840151
17268,0.053393394
17269,0.023748629
17270,0.032753225
17271,0.054299925
17272,0.017659578
17273,0.014569924
17274,0.010296862
17275,0.12714739
17276,0.03294396
17277,0.04956737
17278,0.009342104
17279,0.011391928
17280,0.030757511
17281,0.08858881
17282,0.09305474
17283,0.011704436
17284,0.20012064
17285,0.06608352
17286,0.07404244
17287,0.081694715
17288,0.013409366
17289,0.088826455
17290,0.03682767
17291,0.012214022
17292,0.010173318
17293,0.11087062
17294,0.08263651
17295,0.010398321
17296,0.13201092
17297,0.017790945
17298,0.023546433
17299,0.052450385
17300,0.024403227
17301,0.025243264
17302,0.013697536
17303,0.012519152
17304,0.011924873
17305,0.046194457
17306,0.019363562
17307,0.06444465
17308,0.06887086
17309,0.009527364
17310,0.24060905
17311,0.022765936
17312,0.030925794
17313,0.016136369
17314,0.009349204
17315,0.015854849
17316,0.061379116
17317,0.029134927
17318,0.020906165
17319,0.035191286
17320,0.025826238
17321,0.04469822
17322,0.020735506
17323,0.027196322
17324,0.10456521
17325,0.19739145
17326,0.08117058
17327,0.018582338
17328,0.028597152
17329,0.019557843
17330,0.035390362
17331,0.11964551
17332,0.030205531
17333,0.03127823
17334,0.07075457
17335,0.029592445
17336,0.02124953
17337,0.14907335
17338,0.06306045
17339,0.03520185
17340,0.117706664
17341,0.28943756
17342,0.020305295
17343,0.028293453
17344,0.025644869
17345,0.23316774
17346,0.05102381
17347,0.26128033
17348,0.12378564
17349,0.08459007
17350,0.03508021
17351,0.02036457
17352,0.013419533
17353,0.012131027
17354,0.01160487
17355,0.3148406
17356,0.024229346
17357,0.59947455
17358,0.21082842
17359,0.028940286
17360,0.18459854
17361,0.032422915
17362,0.09103014
17363,0.080395855
17364,0.0148997
17365,0.022095492
17366,0.10351282
17367,0.20724554
17368,0.45921323
17369,0.41571975
17370,0.13815127
17371,0.22611676
17372,0.039274953
17373,0.034254283
17374,0.05298748
17375,0.010553216
17376,0.04772536
17377,0.036038153
17378,0.42926902
17379,0.111848176
17380,0.1929031
17381,0.448777
17382,0.057606272
17383,0.016927032
17384,0.44865638
17385,0.056605585
17386,0.60670584
17387,0.07163635
17388,0.08168411
17389,0.030669713
17390,0.04317133
17391,0.022188257
17392,0.10030436
17393,0.06976092
17394,0.05564997
17395,0.02832385
17396,0.026416326
17397,0.044018865
17398,0.39556825
17399,0.051899727
17400,0.04638182
17401,0.04542881
17402,0.048657227
17403,0.10512718
17404,0.041665718
17405,0.031252302
17406,0.028597308
17407,0.10525214
17408,0.022354005
17409,0.046780713
17410,0.13752429
17411,0.19081952
17412,0.031981003
17413,0.039995465
17414,0.024238573
17415,0.021689815
17416,0.012373667
17417,0.48554337
17418,0.14462735
17419,0.09610927
17420,0.40345004
17421,0.33500466
17422,0.011081034
17423,0.106110215
17424,0.041358482
17425,0.014905433
17426,0.023197535
17427,0.015102615
17428,0.009554739
17429,0.03569915
17430,0.008384046
17431,0.08775202
17432,0.075753085
17433,0.08742711
17434,0.10650832
17435,0.23239417
17436,0.39252716
17437,0.015402527
17438,0.026799694
17439,0.047238637
17440,0.016217617
17441,0.023784516
17442,0.019738337
17443,0.029485324
17444,0.25413027
17445,0.04577122
17446,0.0125547405
17447,0.06480856
17448,0.06905896
17449,0.203989
17450,0.44090328
17451,0.03655007
17452,0.051546056
17453,0.017689269
17454,0.044101182
17455,0.06496793
17456,0.011719752
17457,0.049918767
17458,0.012534151
17459,0.17585799
17460,0.16413353
17461,0.096239775
17462,0.09148978
17463,0.055672616
17464,0.011419272
17465,0.027805157
17466,0.032459516
17467,0.036853556
17468,0.10603062
17469,0.061214764
17470,0.19082853
17471,0.015300962
17472,0.042530928
17473,0.037930485
17474,0.026919926
17475,0.019679325
17476,0.039879046
17477,0.043314084
17478,0.022318667
17479,0.02052659
17480,0.058151614
17481,0.19817697
17482,0.25519705
17483,0.04448302
17484,0.036714002
17485,0.024567
17486,0.116078
17487,0.065527916
17488,0.016402869
17489,0.05948112
17490,0.013913863
17491,0.028478445
17492,0.16052282
17493,0.030026482
17494,0.0428965
17495,0.042061325
17496,0.065425515
17497,0.075005405
17498,0.226227
17499,0.2005022
17500,0.2287887
17501,0.082291834
17502,0.051076055
17503,0.026482953
17504,0.061669447
17505,0.054747425
17506,0.012349896
17507,0.108628996
17508,0.050111257
17509,0.5863401
17510,0.11224338
17511,0.035379298
17512,0.11358089
17513,0.04847049
17514,0.059831228
17515,0.016788723
17516,0.11729576
17517,0.01586251
17518,0.018145971
17519,0.099369474
17520,0.05464595
17521,0.08479689
17522,0.06814218
17523,0.12985621
17524,0.23595458
17525,0.3037683
17526,0.08024922
17527,0.025383381
17528,0.0927857
17529,0.025614846
17530,0.05204113
17531,0.077722214
17532,0.050366685
17533,0.12007523
17534,0.027721396
17535,0.114953
17536,0.033775687
17537,0.060811732
17538,0.055593174
17539,0.018735338
17540,0.15007843
17541,0.011795939
17542,0.034966253
17543,0.07456703
17544,0.039895717
17545,0.014987629
17546,0.031062799
17547,0.037213884
17548,0.066833325
17549,0.08566347
17550,0.13980958
17551,0.12174362
17552,0.24853468
17553,0.2378636
17554,0.18063538
17555,0.015137154
17556,0.12085508
17557,0.074910834
17558,0.033285834
17559,0.091197535
17560,0.05243936
17561,0.027768394
17562,0.015600609
17563,0.05048152
17564,0.06682163
17565,0.0247385
17566,0.0965594
17567,0.011281769
17568,0.025451932
17569,0.025904821
17570,0.1095442
17571,0.019089324
17572,0.050254572
17573,0.10269997
17574,0.066051945
17575,0.15027818
17576,0.31231087
17577,0.12469494
17578,0.13294883
17579,0.0709675
17580,0.10743672
17581,0.08532893
17582,0.10073472
17583,0.06035531
17584,0.011692186
17585,0.017553333
17586,0.30645064
17587,0.065091334
17588,0.1093268
17589,0.073227055
17590,0.07788348
17591,0.02530487
17592,0.019815395
17593,0.032806072
17594,0.041110333
17595,0.28654093
17596,0.06895869
17597,0.0858611
17598,0.13120973
17599,0.6434328
17600,0.114249445
17601,0.018332997
17602,0.36891368
17603,0.08428309
17604,0.2598579
17605,0.19232604
17606,0.07388797
17607,0.036681082
17608,0.04689541
17609,0.10786413
17610,0.15065841
17611,0.04958251
17612,0.23133495
17613,0.06756246
17614,0.08530043
17615,0.016466616
17616,0.02552193
17617,0.027832713
17618,0.06944566
17619,0.08022226
17620,0.017517202
17621,0.12992619
17622,0.14140983
17623,0.16843767
17624,0.095320866
17625,0.04962786
17626,0.13982488
17627,0.24521522
17628,0.33084413
17629,0.06908347
17630,0.07709479
17631,0.024325715
17632,0.013487005
17633,0.05619116
17634,0.51954603
17635,0.08335829
17636,0.3846675
17637,0.23295796
17638,0.014575993
17639,0.012978241
17640,0.01401686
17641,0.073137015
17642,0.054462317
17643,0.25443342
17644,0.25328296
17645,0.10362843
17646,0.09857628
17647,0.14079943
17648,0.13844356
17649,0.1538446
17650,0.17968942
17651,0.359688
17652,0.121780775
17653,0.05642703
17654,0.078646645
17655,0.05829945
17656,0.27362886
17657,0.8234597
17658,0.052179094
17659,0.3807761
17660,0.056365766
17661,0.25819692
17662,0.015362425
17663,0.05449114
17664,0.083283305
17665,0.017279757
17666,0.066290684
17667,0.010440846
17668,0.48594764
17669,0.0492835
17670,0.10350659
17671,0.2577741
17672,0.13747546
17673,0.25279596
17674,0.37043878
17675,0.37108904
17676,0.1501528
17677,0.18723278
17678,0.1896479
17679,0.8627745
17680,0.31004295
17681,0.49169704
17682,0.027431928
17683,0.20169671
17684,0.051164586
17685,0.024192747
17686,0.017379273
17687,0.013937522
17688,0.073621504
17689,0.012900044
17690,0.035649527
17691,0.077092744
17692,0.11523235
17693,0.1299426
17694,0.12833473
17695,0.09961025
17696,0.22828433
17697,0.20777649
17698,0.11231853
17699,0.34446484
17700,0.022788174
17701,0.058936443
17702,0.97567534
17703,0.82823026
17704,0.7343854
17705,0.010529502
17706,0.024562383
17707,0.017483065
17708,0.11279349
17709,0.42756376
17710,0.08195245
17711,0.0173606
17712,0.063050926
17713,0.013963108
17714,0.06717152
17715,0.099609405
17716,0.07703926
17717,0.013947234
17718,0.42236918
17719,0.017174805
17720,0.03160035
17721,0.20919478
17722,0.123720646
17723,0.08051323
17724,0.057485763
17725,0.23957592
17726,0.30105385
17727,0.026600482
17728,0.12384928
17729,0.1229345
17730,0.105440676
17731,0.97931254
17732,0.8710259
17733,0.6362665
17734,0.013974448
17735,0.05033202
17736,0.024650529
17737,0.2794842
17738,0.10025774
17739,0.2621734
17740,0.087173864
17741,0.031917125
17742,0.136257
17743,0.1267416
17744,0.16505465
17745,0.19614069
17746,0.52820104
17747,0.51424354
17748,0.2244664
17749,0.14877157
17750,0.10306943
17751,0.06515291
17752,0.11798839
17753,0.06205738
17754,0.04748676
17755,0.1424485
17756,0.14521888
17757,0.06957843
17758,0.11695926
17759,0.024190648
17760,0.86417395
17761,0.99010247
17762,0.958017
17763,0.15546302
17764,0.06205086
17765,0.19387917
17766,0.26169226
17767,0.029826475
17768,0.03368559
17769,0.03919866
17770,0.11191207
17771,0.059271812
17772,0.3710364
17773,0.9532964
17774,0.091585964
17775,0.1315714
17776,0.10639898
17777,0.16988973
17778,0.07585804
17779,0.34918866
17780,0.10846431
17781,0.037318915
17782,0.10266233
17783,0.109902285
17784,0.12624578
17785,0.04595345
17786,0.023937063
17787,0.27718702
17788,0.3765716
17789,0.17438388
17790,0.08526591
17791,0.09478726
17792,0.06294096
17793,0.25941893
17794,0.031224636
17795,0.04529291
17796,0.055592075
17797,0.043764275
17798,0.032245807
17799,0.053797215
17800,0.058476053
17801,0.36025986
17802,0.56033784
17803,0.26647156
17804,0.25695363
17805,0.12678052
17806,0.17904787
17807,0.16830567
17808,0.54657537
17809,0.054413076
17810,0.026014557
17811,0.05003454
17812,0.03833521
17813,0.12390983
17814,0.1880328
17815,0.13253284
17816,0.50833344
17817,0.29342613
17818,0.23326662
17819,1.0
17820,0.12458533
17821,0.024798471
17822,0.14715873
17823,0.24993771
17824,0.023685744
17825,0.08130956
17826,0.17413853
17827,0.0926354
17828,0.042631906
17829,0.042963207
17830,0.057970792
17831,0.23404318
17832,0.40176308
17833,0.3083119
17834,0.5206843
17835,0.41896912
17836,0.15792474
17837,0.1511969
17838,0.24871548
17839,0.02551947
17840,0.14637342
17841,0.08821952
17842,0.07647714
17843,0.43864205
17844,0.28428522
17845,0.078014195
17846,0.03048745
17847,0.53932637
17848,0.37361586
17849,0.07670884
17850,0.12262509
17851,0.08499443
17852,0.053690817
17853,0.012132761
17854,0.032541156
17855,0.06923078
17856,0.13656245
17857,0.119772986
17858,0.15147789
17859,0.41792983
17860,0.7702219
17861,0.46024904
17862,0.3695966
17863,0.55781466
17864,0.11012495
17865,0.07891612
17866,0.062463533
17867,0.12601982
17868,0.17598578
17869,0.08672278
17870,0.026352167
17871,0.10951315
17872,0.11914915
17873,0.017274981
17874,0.04508853
17875,0.098640226
17876,0.026644379
17877,0.015088281
17878,0.021810578
17879,0.018411389
17880,0.04153523
17881,0.084233984
17882,0.073921405
17883,0.106837064
17884,0.25527164
17885,0.18899958
17886,0.34425104
17887,0.7424968
17888,0.64937687
17889,0.28369138
17890,0.12583499
17891,0.05495362
17892,0.027776547
17893,0.051768877
17894,0.0945035
17895,0.015646521
17896,0.0117949685
17897,0.031693757
17898,0.9691653
17899,0.047439594
17900,0.017533347
17901,0.08487168
17902,0.06947081
17903,0.112644956
17904,0.030324478
17905,0.060916655
17906,0.017724052
17907,0.04509184
17908,0.019435713
17909,0.019106189
17910,0.03994397
17911,0.1044498
17912,0.12746246
17913,0.6136212
17914,0.3869423
17915,0.22425506
17916,0.9231028
17917,0.40436012
17918,0.435642
17919,0.23131204
17920,0.04119066
17921,0.030403094
17922,0.027401276
17923,0.057713907
17924,0.05154151
17925,0.040258463
17926,0.08178882
17927,0.42037597
17928,0.16549684
17929,0.3562183
17930,0.023886401
17931,0.10580694
17932,0.11180835
17933,0.119017035
17934,0.122167386
17935,0.05106052
17936,0.030174151
17937,0.05205452
17938,0.16246378
17939,0.82154715
17940,0.36878017
17941,0.5505942
17942,0.34724218
17943,0.2606656
17944,0.2435006
17945,0.11145308
17946,0.049336825
17947,0.020540863
17948,0.0145236505
17949,0.034146804
17950,0.029448964
17951,0.11763657
17952,0.11721007
17953,0.056340415
17954,0.15673815
17955,0.021099398
17956,0.06539185
17957,0.012135225
17958,0.36729923
17959,0.034733508
17960,0.013411119
17961,0.013511627
17962,0.13828038
17963,0.23652218
17964,0.03478756
17965,0.0102640595
17966,0.21321753
17967,0.21779709
17968,0.086735286
17969,0.10576342
17970,0.02914694
17971,0.11895762
17972,0.07712559
17973,0.041572526
17974,0.11750915
17975,0.12327786
17976,0.03596672
17977,0.018193051
17978,0.106360726
17979,0.10336861
17980,0.042628992
17981,0.12731801
17982,0.04652876
17983,0.051329445
17984,0.018759476
17985,0.05830086
17986,0.18807146
17987,0.3726647
17988,0.5475364
17989,0.11719667
17990,0.018097056
17991,0.0316423
17992,0.046971764
17993,0.022978568
17994,0.06938916
17995,0.11286501
17996,0.0134943705
17997,0.01995156
17998,0.014819394
17999,0.01766446
18000,0.012478723
18001,0.017708085
18002,0.10264844
18003,0.1130883
18004,0.4361582
18005,0.022475025
18006,0.016626379
18007,0.04515041
18008,0.09265286
18009,0.11423807
18010,0.39815384
18011,0.12800053
18012,0.015068993
18013,0.14891715
18014,0.059596643
18015,0.08707495
18016,0.13160859
18017,0.022512576
18018,0.20642035
18019,0.0329722
18020,0.13027537
18021,0.07609966
18022,0.054072253
18023,0.02062062
18024,0.040762786
18025,0.07449953
18026,0.2558494
18027,0.039521758
18028,0.019228691
18029,0.04492824
18030,0.050086837
18031,0.098791376
18032,0.17681266
18033,0.06137381
18034,0.24962677
18035,0.10938776
18036,0.032402236
18037,0.015491382
18038,0.050058067
18039,0.050019845
18040,0.03221526
18041,0.25984696
18042,0.13644955
18043,0.02241568
18044,0.10581471
18045,0.05678301
18046,0.012413644
18047,0.012461743
18048,0.44523543
18049,0.60836905
18050,0.20753203
18051,0.07954007
18052,0.085942104
18053,0.061300315
18054,0.030915672
18055,0.09271191
18056,0.09761925
18057,0.09009569
18058,0.9149721
18059,0.06817308
18060,0.01660549
18061,0.06541313
18062,0.07509153
18063,0.018036725
18064,0.054858554
18065,0.10920709
18066,0.436611
18067,0.06740847
18068,0.23190928
18069,0.021333357
18070,0.04583772
18071,0.037847023
18072,0.106401004
18073,0.038180534
18074,0.039050326
18075,0.09415937
18076,0.0666831
18077,0.05995986
18078,0.021067305
18079,0.022502428
18080,0.05426235
18081,0.016079163
18082,0.12064888
18083,0.03950117
18084,0.04225968
18085,0.014967344
18086,0.029333752
18087,0.08198779
18088,0.12263306
18089,0.031962894
18090,0.03414456
18091,0.7926408
18092,0.054081902
18093,0.22100168
18094,0.060688958
18095,0.039354187
18096,0.05948477
18097,0.0519659
18098,0.013952589
18099,0.27037737
18100,0.033460926
18101,0.009895652
18102,0.015842335
18103,0.04681708
18104,0.097628966
18105,0.017734708
18106,0.13690877
18107,0.04066347
18108,0.017359136
18109,0.048246905
18110,0.3643983
18111,0.022909043
18112,0.017276492
18113,0.0113515295
18114,0.020066936
18115,0.014545839
18116,0.05355605
18117,0.03513671
18118,0.14180061
18119,0.07586404
18120,0.017522559
18121,0.060830288
18122,0.15519738
18123,0.09968708
18124,0.064501256
18125,0.07880292
18126,0.05601779
18127,0.058188204
18128,0.1413552
18129,0.23324424
18130,0.12150538
18131,0.010912279
18132,0.045877393
18133,0.012700556
18134,0.014032398
18135,0.014912415
18136,0.012375179
18137,0.02169658
18138,0.016995931
18139,0.019745586
18140,0.042817112
18141,0.054549206
18142,0.13230126
18143,0.009809651
18144,0.14771193
18145,0.012203237
18146,0.19263805
18147,0.034083143
18148,0.01656095
18149,0.012459943
18150,0.019321617
18151,0.02077562
18152,0.016416261
18153,0.032643396
18154,0.011840151
18155,0.073558405
18156,0.024332196
18157,0.036634106
18158,0.020534862
18159,0.04497345
18160,0.014851913
18161,0.011373799
18162,0.012968687
18163,0.010296862
18164,0.10354283
18165,0.03015313
18166,0.049263306
18167,0.009342104
18168,0.030247925
18169,0.015965171
18170,0.11017742
18171,0.25645748
18172,0.073182486
18173,0.089121476
18174,0.06663463
18175,0.08376777
18176,0.032763958
18177,0.012546212
18178,0.11712726
18179,0.08367184
18180,0.010681367
18181,0.15222156
18182,0.026178189
18183,0.025734166
18184,0.033183224
18185,0.052709002
18186,0.024442568
18187,0.024150157
18188,0.010386914
18189,0.01619562
18190,0.012277028
18191,0.011540285
18192,0.04438874
18193,0.0144468155
18194,0.010734936
18195,0.06702566
18196,0.08084282
18197,0.010821278
18198,0.009527364
18199,0.24514924
18200,0.018893262
18201,0.021446358
18202,0.016797459
18203,0.02817574
18204,0.009793771
18205,0.013997435
18206,0.014995941
18207,0.058999997
18208,0.02174498
18209,0.015373175
18210,0.036601882
18211,0.03635187
18212,0.012185426
18213,0.012771377
18214,0.028738802
18215,0.12527262
18216,0.21544689
18217,0.018784052
18218,0.07958117
18219,0.018662285
18220,0.013008268
18221,0.02919138
18222,0.036473844
18223,0.16447774
18224,0.026848238
18225,0.029966474
18226,0.10610267
18227,0.03072123
18228,0.02104058
18229,0.17357221
18230,0.041722316
18231,0.0904933
18232,0.041869543
18233,0.29500377
18234,0.30245566
18235,0.030930044
18236,0.11501402
18237,0.0588465
18238,0.32410312
18239,0.09816629
18240,0.107294835
18241,0.02036457
18242,0.03884666
18243,0.093661174
18244,0.014513051
18245,0.19937535
18246,0.024000404
18247,0.6148128
18248,0.16376673
18249,0.03177919
18250,0.10950582
18251,0.0579698
18252,0.010779962
18253,0.060332254
18254,0.020236146
18255,0.0670422
18256,0.033394076
18257,0.014912016
18258,0.01583943
18259,0.10880756
18260,0.22073057
18261,0.43441334
18262,0.49190015
18263,0.050792534
18264,0.18345302
18265,0.019473363
18266,0.07685502
18267,0.043633852
18268,0.06293757
18269,0.1020832
18270,0.44238788
18271,0.097117744
18272,0.1361443
18273,0.47981438
18274,0.06217558
18275,0.019812917
18276,0.49021497
18277,0.055043787
18278,0.7079517
18279,0.07312932
18280,0.0558821
18281,0.03796329
18282,0.04217914
18283,0.08128846
18284,0.15348238
18285,0.055414144
18286,0.025863523
18287,0.028483642
18288,0.045842323
18289,0.26896828
18290,0.037952974
18291,0.03792802
18292,0.044337668
18293,0.05313276
18294,0.06338023
18295,0.029822718
18296,0.03262437
18297,0.06918184
18298,0.054906175
18299,0.11660175
18300,0.23183008
18301,0.027921474
18302,0.04952381
18303,0.02106774
18304,0.021418676
18305,0.45495665
18306,0.1164843
18307,0.089534424
18308,0.24253555
18309,0.29158443
18310,0.11396926
18311,0.03834639
18312,0.016328858
18313,0.023943614
18314,0.019980444
18315,0.009617451
18316,0.008342651
18317,0.08855935
18318,0.011871166
18319,0.10305206
18320,0.076940365
18321,0.074211515
18322,0.16061836
18323,0.4161615
18324,0.015346909
18325,0.020663112
18326,0.047449294
18327,0.010840537
18328,0.024995085
18329,0.016855642
18330,0.20070796
18331,0.04300277
18332,0.011827205
18333,0.051567435
18334,0.09840418
18335,0.027658047
18336,0.081564955
18337,0.3953816
18338,0.03691204
18339,0.062497158
18340,0.011800307
18341,0.02254448
18342,0.050326206
18343,0.07546201
18344,0.011031294
18345,0.02823568
18346,0.020091752
18347,0.1451456
18348,0.18307014
18349,0.097055905
18350,0.11206455
18351,0.05730704
18352,0.030481156
18353,0.034349326
18354,0.03386223
18355,0.03752948
18356,0.12264481
18357,0.082782835
18358,0.1840544
18359,0.015533727
18360,0.0419247
18361,0.036398493
18362,0.02202315
18363,0.019922184
18364,0.036582205
18365,0.044839375
18366,0.0174809
18367,0.053956054
18368,0.19641832
18369,0.34472224
18370,0.035214208
18371,0.038154297
18372,0.030775184
18373,0.11559143
18374,0.066100225
18375,0.014334843
18376,0.056684487
18377,0.16345592
18378,0.027912037
18379,0.0319845
18380,0.03918271
18381,0.0128788855
18382,0.13323945
18383,0.07371697
18384,0.22933823
18385,0.20147882
18386,0.21390118
18387,0.06859246
18388,0.061257046
18389,0.026957124
18390,0.06281667
18391,0.048535842
18392,0.012212946
18393,0.112728424
18394,0.049915895
18395,0.6078915
18396,0.1240336
18397,0.027152296
18398,0.113889754
18399,0.06765995
18400,0.048321802
18401,0.02205897
18402,0.14015253
18403,0.022150487
18404,0.017120054
18405,0.025019549
18406,0.108886994
18407,0.06732492
18408,0.12095311
18409,0.074155524
18410,0.13630684
18411,0.23068795
18412,0.460685
18413,0.0702551
18414,0.024758443
18415,0.11035006
18416,0.01731022
18417,0.05102139
18418,0.010319045
18419,0.021542901
18420,0.010566233
18421,0.10848835
18422,0.04830014
18423,0.10623827
18424,0.03220429
18425,0.11614118
18426,0.035178367
18427,0.05119404
18428,0.03650911
18429,0.1735229
18430,0.05045897
18431,0.07528784
18432,0.030868279
18433,0.033335157
18434,0.036792733
18435,0.06591971
18436,0.08418165
18437,0.15117353
18438,0.12782444
18439,0.22759499
18440,0.14140895
18441,0.14739113
18442,0.015562538
18443,0.105562314
18444,0.013426623
18445,0.075152904
18446,0.011314159
18447,0.03656649
18448,0.073229484
18449,0.020132415
18450,0.051003173
18451,0.029408798
18452,0.013170316
18453,0.051213317
18454,0.06913202
18455,0.024854066
18456,0.05435292
18457,0.027001048
18458,0.10236442
18459,0.023091253
18460,0.051892046
18461,0.112421684
18462,0.064375795
18463,0.15027648
18464,0.33443782
18465,0.1298013
18466,0.14388044
18467,0.070730895
18468,0.10527174
18469,0.08352185
18470,0.100421295
18471,0.064420976
18472,0.011616456
18473,0.01882331
18474,0.19948871
18475,0.06706645
18476,0.07868137
18477,0.06297696
18478,0.0792877
18479,0.019299626
18480,0.026879987
18481,0.02888235
18482,0.038386263
18483,0.29230693
18484,0.070819676
18485,0.07150079
18486,0.117881455
18487,0.6221736
18488,0.117850274
18489,0.023176933
18490,0.36724362
18491,0.08619492
18492,0.26669684
18493,0.19275653
18494,0.08050747
18495,0.022095969
18496,0.049436655
18497,0.09347264
18498,0.03311775
18499,0.12381033
18500,0.1536865
18501,0.050120845
18502,0.24773194
18503,0.09454935
18504,0.07168587
18505,0.016337493
18506,0.019254023
18507,0.019383833
18508,0.07092275
18509,0.082447894
18510,0.017908424
18511,0.13734403
18512,0.13867265
18513,0.2355754
18514,0.09683883
18515,0.057965104
18516,0.13778147
18517,0.18155245
18518,0.36339933
18519,0.08295331
18520,0.05780117
18521,0.03685596
18522,0.011829494
18523,0.05827748
18524,0.47334293
18525,0.04441404
18526,0.07577489
18527,0.39219913
18528,0.1774778
18529,0.017278038
18530,0.013463546
18531,0.013462158
18532,0.049774114
18533,0.05324409
18534,0.25527483
18535,0.25149104
18536,0.10266308
18537,0.09957529
18538,0.15898764
18539,0.14775947
18540,0.1640856
18541,0.18536423
18542,0.36829677
18543,0.11327866
18544,0.01979965
18545,0.059970763
18546,0.093953885
18547,0.056612417
18548,0.3727957
18549,0.9191585
18550,0.09483629
18551,0.045134187
18552,0.3826973
18553,0.05638875
18554,0.3702429
18555,0.073060796
18556,0.084817134
18557,0.01776628
18558,0.06423338
18559,0.49409926
18560,0.050069567
18561,0.10447533
18562,0.25904676
18563,0.13317774
18564,0.25673762
18565,0.38371095
18566,0.3853115
18567,0.024248239
18568,0.23206359
18569,0.18624142
18570,0.09295106
18571,0.9255524
18572,0.29513958
18573,0.43598723
18574,0.025437836
18575,0.1507507
18576,0.055411533
18577,0.022538843
18578,0.020240389
18579,0.011977127
18580,0.013893592
18581,0.06850795
18582,0.011399543
18583,0.011578874
18584,0.034874473
18585,0.14871879
18586,0.11642225
18587,0.12013329
18588,0.118966326
18589,0.10238034
18590,0.2350742
18591,0.22187768
18592,0.023748768
18593,0.10923681
18594,0.2549477
18595,0.0575709
18596,0.9765768
18597,0.9148648
18598,0.7282942
18599,0.024231456
18600,0.10878143
18601,0.42700005
18602,0.08887222
18603,0.017354034
18604,0.073811784
18605,0.01222505
18606,0.066741526
18607,0.10562367
18608,0.08103621
18609,0.01228685
18610,0.43521813
18611,0.016096514
18612,0.03255491
18613,0.11887884
18614,0.119098164
18615,0.0747316
18616,0.0631798
18617,0.2492914
18618,0.29805234
18619,0.023198789
18620,0.118895955
18621,0.10555157
18622,0.18724662
18623,0.9795656
18624,0.7791923
18625,0.5657644
18626,0.014009359
18627,0.06435214
18628,0.027777638
18629,0.31389362
18630,0.098229945
18631,0.25673634
18632,0.083028056
18633,0.024038585
18634,0.1300846
18635,0.11793474
18636,0.1663258
18637,0.1839734
18638,0.53046626
18639,0.4823176
18640,0.23162098
18641,0.1570024
18642,0.10229762
18643,0.062067322
18644,0.12136298
18645,0.053245395
18646,0.050324343
18647,0.13432895
18648,0.14989856
18649,0.07237487
18650,0.086536184
18651,0.023970824
18652,0.7818427
18653,0.99035555
18654,0.9599679
18655,0.12666315
18656,0.043427043
18657,0.12386151
18658,0.37740457
18659,0.019020066
18660,0.03176276
18661,0.031952746
18662,0.036527406
18663,0.11153007
18664,0.06215169
18665,0.4013712
18666,0.9674912
18667,0.08597516
18668,0.12025475
18669,0.10742575
18670,0.172602
18671,0.076579206
18672,0.34532365
18673,0.21632151
18674,0.03534859
18675,0.09951797
18676,0.109854266
18677,0.10997781
18678,0.039002523
18679,0.026093816
18680,0.26628184
18681,0.29473346
18682,0.18636727
18683,0.08362822
18684,0.023327079
18685,0.10855466
18686,0.06536746
18687,0.24970767
18688,0.027013283
18689,0.04561007
18690,0.0512669
18691,0.033945482
18692,0.027826447
18693,0.062051322
18694,0.053617094
18695,0.38703853
18696,0.65500945
18697,0.26657414
18698,0.17555036
18699,0.13496454
18700,0.1772997
18701,0.15347165
18702,0.5761953
18703,0.060865432
18704,0.031873234
18705,0.06252069
18706,0.032083176
18707,0.12136618
18708,0.18915522
18709,0.13018507
18710,0.47327617
18711,0.2718641
18712,0.23272869
18713,1.0
18714,0.14747643
18715,0.018984983
18716,0.13426596
18717,0.24835789
18718,0.03636214
18719,0.064288594
18720,0.40381262
18721,0.09187793
18722,0.040602878
18723,0.046304878
18724,0.05579152
18725,0.23616648
18726,0.38331303
18727,0.41207406
18728,0.50536585
18729,0.42261803
18730,0.14931242
18731,0.14777464
18732,0.3761814
18733,0.13916506
18734,0.073907964
18735,0.057232197
18736,0.46321264
18737,0.2854531
18738,0.065072484
18739,0.030315524
18740,0.5271905
18741,0.31358582
18742,0.010752671
18743,0.07532987
18744,0.12601186
18745,0.09442415
18746,0.059508104
18747,0.01239044
18748,0.014000834
18749,0.017632185
18750,0.034851283
18751,0.07471003
18752,0.10235838
18753,0.122540474
18754,0.1549609
18755,0.39668527
18756,0.774279
18757,0.454643
18758,0.3643404
18759,0.56991065
18760,0.10663905
18761,0.01828702
18762,0.078644134
18763,0.072754994
18764,0.15286244
18765,0.18083383
18766,0.071043156
18767,0.027457487
18768,0.11286083
18769,0.12762535
18770,0.017411359
18771,0.009556463
18772,0.05886327
18773,0.09740387
18774,0.022065878
18775,0.02068163
18776,0.043853875
18777,0.01850829
18778,0.01815313
18779,0.04022757
18780,0.0794274
18781,0.07451203
18782,0.1007592
18783,0.35018805
18784,0.17988613
18785,0.34925604
18786,0.7495766
18787,0.6507015
18788,0.26884368
18789,0.13439783
18790,0.059711255
18791,0.023499332
18792,0.05540063
18793,0.094086684
18794,0.016749585
18795,0.011562438
18796,0.030062107
18797,0.9685258
18798,0.04632904
18799,0.017705806
18800,0.061644297
18801,0.059569295
18802,0.12170357
18803,0.031449705
18804,0.056694787
18805,0.042371534
18806,0.025283096
18807,0.025467016
18808,0.039195783
18809,0.10687164
18810,0.120524466
18811,0.63149583
18812,0.3668189
18813,0.23942047
18814,0.98255813
18815,0.40294528
18816,0.432998
18817,0.23856944
18818,0.010611502
18819,0.03757899
18820,0.039524555
18821,0.025902636
18822,0.060708225
18823,0.050329845
18824,0.017591866
18825,0.042596254
18826,0.07930628
18827,0.40616
18828,0.09340956
18829,0.3746686
18830,0.021854788
18831,0.098932326
18832,0.11301059
18833,0.11449045
18834,0.20515443
18835,0.05555194
18836,0.029153304
18837,0.05084265
18838,0.15132444
18839,0.9197172
18840,0.34553102
18841,0.5606999
18842,0.2517453
18843,0.37474787
18844,0.16708694
18845,0.1253243
18846,0.03763364
18847,0.0145236505
18848,0.03474764
18849,0.027155055
18850,0.10578174
18851,0.12602876
18852,0.05092911
18853,0.24706104
18854,0.021052232
18855,0.05928918
18856,0.012171327
18857,0.25864717
18858,0.03604601
18859,0.014334425
18860,0.01360025
18861,0.13751522
18862,0.23002005
18863,0.034550637
18864,0.0102640595
18865,0.32237685
18866,0.25200167
18867,0.10722125
18868,0.10711739
18869,0.030707104
18870,0.10591177
18871,0.08235733
18872,0.03812158
18873,0.12739962
18874,0.11228534
18875,0.037389714
18876,0.011643672
18877,0.19462706
18878,0.11105882
18879,0.039949264
18880,0.13628162
18881,0.047882177
18882,0.056103047
18883,0.012946089
18884,0.05654175
18885,0.20176461
18886,0.37597764
18887,0.52395624
18888,0.096312925
18889,0.018337656
18890,0.027944688
18891,0.045612853
18892,0.06791597
18893,0.12163817
18894,0.014021799
18895,0.02479036
18896,0.01515029
18897,0.01785542
18898,0.012437328
18899,0.017526405
18900,0.101095825
18901,0.11438966
18902,0.43728504
18903,0.017809533
18904,0.017641671
18905,0.04472302
18906,0.087202735
18907,0.11108272
18908,0.4012436
18909,0.13415016
18910,0.014494868
18911,0.012662701
18912,0.20260791
18913,0.04830665
18914,0.016289916
18915,0.08021477
18916,0.13903742
18917,0.05502419
18918,0.01936647
18919,0.20190874
18920,0.02100024
18921,0.03362898
18922,0.12861554
18923,0.074637644
18924,0.051396776
18925,0.037992403
18926,0.07395089
18927,0.25666767
18928,0.03913942
18929,0.025333656
18930,0.04416873
18931,0.040235694
18932,0.061711624
18933,0.19966584
18934,0.057765845
18935,0.23693973
18936,0.08800358
18937,0.029907532
18938,0.022841832
18939,0.04873807
18940,0.066555336
18941,0.042044524
18942,0.25857678
18943,0.19582039
18944,0.024746615
18945,0.10323581
18946,0.058280863
18947,0.013565726
18948,0.44589755
18949,0.62423986
18950,0.12334782
18951,0.081846476
18952,0.014945169
18953,0.09161431
18954,0.0550469
18955,0.03675719
18956,0.09422624
18957,0.093425654
18958,0.09352877
18959,0.8420338
18960,0.065821685
18961,0.01690949
18962,0.065239765
18963,0.08250165
18964,0.01765043
18965,0.12549812
18966,0.30400324
18967,0.0671633
18968,0.15316169
18969,0.060906943
18970,0.032628626
18971,0.104235955
18972,0.037825514
18973,0.03369594
18974,0.09489857
18975,0.069381244
18976,0.057933107
18977,0.019629663
18978,0.01836545
18979,0.055464048
18980,0.014776912
18981,0.13054435
18982,0.044506963
18983,0.03007503
18984,0.0741386
18985,0.09755145
18986,0.023834588
18987,0.03537913
18988,0.8075925
18989,0.053058524
18990,0.11566907
18991,0.047976766
18992,0.034192044
18993,0.056354035
18994,0.054220222
18995,0.017525248
18996,0.017926013
18997,0.41742435
18998,0.029495947
18999,0.009895652
19000,0.009039086
19001,0.009895652
19002,0.015857777
19003,0.013513349
19004,0.04596291
19005,0.101713
19006,0.02221868
19007,0.011915101
19008,0.13191694
19009,0.042508285
19010,0.0099978205
19011,0.048169035
19012,0.25810057
19013,0.018247584
19014,0.0098725315
19015,0.01999149
19016,0.012174666
19017,0.05743817
19018,0.010442658
19019,0.035354227
19020,0.009342982
19021,0.16933769
19022,0.066522144
19023,0.009733105
19024,0.014113878
19025,0.014751145
19026,0.016168283
19027,0.060705524
19028,0.14240392
19029,0.0845617
19030,0.05952325
19031,0.06378437
19032,0.048852377
19033,0.05802341
19034,0.0924904
19035,0.23917058
19036,0.19186442
19037,0.012284353
19038,0.03675249
19039,0.013117484
19040,0.0155526465
19041,0.013039762
19042,0.01229338
19043,0.022489313
19044,0.010772484
19045,0.016089313
19046,0.016052356
19047,0.011513679
19048,0.022616986
19049,0.05431258
19050,0.060157213
19051,0.130136
19052,0.009809651
19053,0.012630435
19054,0.13104513
19055,0.013361445
19056,0.25206125
19057,0.011882219
19058,0.03923317
19059,0.013222258
19060,0.0126651395
19061,0.027697274
19062,0.027110571
19063,0.017193913
19064,0.03315925
19065,0.022116706
19066,0.06968802
19067,0.030138517
19068,0.034751922
19069,0.014422894
19070,0.04801855
19071,0.015643178
19072,0.01617704
19073,0.011005305
19074,0.11794464
19075,0.025994845
19076,0.048619114
19077,0.027158163
19078,0.011597632
19079,0.016494652
19080,0.096149705
19081,0.025614044
19082,0.01199635
19083,0.011513302
19084,0.26110497
19085,0.06625569
19086,0.063863605
19087,0.083495446
19088,0.01311319
19089,0.07435429
19090,0.029203951
19091,0.014165717
19092,0.16470894
19093,0.024573453
19094,0.112396166
19095,0.15737946
19096,0.023369623
19097,0.025167959
19098,0.06565261
19099,0.026485061
19100,0.022624535
19101,0.012331012
19102,0.011918175
19103,0.011832575
19104,0.04684316
19105,0.013105078
19106,0.012057402
19107,0.08063233
19108,0.07277886
19109,0.16304672
19110,0.018920695
19111,0.00930781
19112,0.014838023
19113,0.05386693
19114,0.021489818
19115,0.039111666
19116,0.015284407
19117,0.05653743
19118,0.012412482
19119,0.14933524
19120,0.19598064
19121,0.091578215
19122,0.018654346
19123,0.013031377
19124,0.033005163
19125,0.020953607
19126,0.037855763
19127,0.05367913
19128,0.026812948
19129,0.02841351
19130,0.028758274
19131,0.067946024
19132,0.030058162
19133,0.01048587
19134,0.1656585
19135,0.08541406
19136,0.031355653
19137,0.10561487
19138,0.30089703
19139,0.2648302
19140,0.061398726
19141,0.1667725
19142,0.1047831
19143,0.17095414
19144,0.034531683
19145,0.04270529
19146,0.03432128
19147,0.014550521
19148,0.11125442
19149,0.027354734
19150,0.5734441
19151,0.18043984
19152,0.0114820665
19153,0.11141247
19154,0.029508533
19155,0.066744685
19156,0.034491993
19157,0.016120449
19158,0.015645847
19159,0.10006726
19160,0.20146742
19161,0.27930248
19162,0.46896142
19163,0.040132355
19164,0.11541752
19165,0.12486225
19166,0.016940482
19167,0.04374344
19168,0.055503104
19169,0.052641153
19170,0.10513967
19171,0.030331587
19172,0.43014747
19173,0.08747045
19174,0.10772286
19175,0.4450639
19176,0.020082815
19177,0.57375836
19178,0.016244441
19179,0.054297354
19180,0.5095425
19181,0.05044468
19182,0.04714373
19183,0.0370302
19184,0.043445043
19185,0.11026625
19186,0.061686225
19187,0.034614168
19188,0.026931163
19189,0.026507875
19190,0.04035864
19191,0.23415372
19192,0.036173128
19193,0.034139413
19194,0.041443598
19195,0.0634661
19196,0.06611439
19197,0.032075536
19198,0.079977795
19199,0.049305927
19200,0.14084043
19201,0.15069045
19202,0.01996745
19203,0.04607966
19204,0.016024893
19205,0.017081963
19206,0.43696615
19207,0.123312615
19208,0.053278297
19209,0.38196018
19210,0.39375824
19211,0.12355928
19212,0.039989807
19213,0.0144425705
19214,0.015660822
19215,0.013798449
19216,0.009554739
19217,0.034949034
19218,0.010114163
19219,0.06243486
19220,0.10974808
19221,0.14109641
19222,0.13214953
19223,0.41124186
19224,0.012684692
19225,0.020347953
19226,0.058676824
19227,0.0108345
19228,0.026773533
19229,0.02256834
19230,0.025946962
19231,0.30469874
19232,0.018076349
19233,0.042199925
19234,0.04418267
19235,0.046789818
19236,0.022360656
19237,0.16315371
19238,0.405944
19239,0.051474407
19240,0.056766763
19241,0.016341452
19242,0.016912369
19243,0.051333763
19244,0.05998705
19245,0.026961878
19246,0.14226846
19247,0.17640537
19248,0.11537488
19249,0.09754739
19250,0.07375538
19251,0.029578242
19252,0.05287695
19253,0.030713178
19254,0.03873393
19255,0.11936927
19256,0.06652177
19257,0.18560536
19258,0.0151904365
19259,0.04237009
19260,0.03477481
19261,0.023384606
19262,0.017848235
19263,0.03450044
19264,0.04524968
19265,0.01925106
19266,0.06304292
19267,0.1925031
19268,0.36664137
19269,0.04213623
19270,0.03984295
19271,0.026268356
19272,0.08395377
19273,0.08837392
19274,0.02015846
19275,0.079447895
19276,0.029728888
19277,0.12975128
19278,0.029356068
19279,0.030869659
19280,0.036790386
19281,0.0110406885
19282,0.10977885
19283,0.07111231
19284,0.23270544
19285,0.20163277
19286,0.21105674
19287,0.07050636
19288,0.061304506
19289,0.019794786
19290,0.06016492
19291,0.04525872
19292,0.012212946
19293,0.11462342
19294,0.04604433
19295,0.6092445
19296,0.12657873
19297,0.022125063
19298,0.122251116
19299,0.047172844
19300,0.017859763
19301,0.013494715
19302,0.12067871
19303,0.022278577
19304,0.012905497
19305,0.015057701
19306,0.02379309
19307,0.09771296
19308,0.049400277
19309,0.15574977
19310,0.06859822
19311,0.118007585
19312,0.2288738
19313,0.44424963
19314,0.07132393
19315,0.031328794
19316,0.09030703
19317,0.02237732
19318,0.05041619
19319,0.010319045
19320,0.021662874
19321,0.010566233
19322,0.086916454
19323,0.070268646
19324,0.09821979
19325,0.029656531
19326,0.08346141
19327,0.04036939
19328,0.059651095
19329,0.034312986
19330,0.18226562
19331,0.021700816
19332,0.06603226
19333,0.026998082
19334,0.011568944
19335,0.035398062
19336,0.043555163
19337,0.07369519
19338,0.08726686
19339,0.13827157
19340,0.1183893
19341,0.23776707
19342,0.14630505
19343,0.16264415
19344,0.01574971
19345,0.10647045
19346,0.053925965
19347,0.03195324
19348,0.07848204
19349,0.024283787
19350,0.046179593
19351,0.0274197
19352,0.062016003
19353,0.07711829
19354,0.030641511
19355,0.067232184
19356,0.0366293
19357,0.02552308
19358,0.10423915
19359,0.017644664
19360,0.04229786
19361,0.14033437
19362,0.06383904
19363,0.13398957
19364,0.3292798
19365,0.119757414
19366,0.22669797
19367,0.07168328
19368,0.10463482
19369,0.08194773
19370,0.11562678
19371,0.07808031
19372,0.011721204
19373,0.015477437
19374,0.33987644
19375,0.06441082
19376,0.09021759
19377,0.059744313
19378,0.0732784
19379,0.018011399
19380,0.022611788
19381,0.051233713
19382,0.33909604
19383,0.07083211
19384,0.06352767
19385,0.1338275
19386,0.6249757
19387,0.11809405
19388,0.020481424
19389,0.3565068
19390,0.075512975
19391,0.2714955
19392,0.19020124
19393,0.08712456
19394,0.025037847
19395,0.072185405
19396,0.032029282
19397,0.10499794
19398,0.13838835
19399,0.0505893
19400,0.17701508
19401,0.06769151
19402,0.07301554
19403,0.030512568
19404,0.023349239
19405,0.06870444
19406,0.07981326
19407,0.02162534
19408,0.13578476
19409,0.14145012
19410,0.15234742
19411,0.09947109
19412,0.045801558
19413,0.12245472
19414,0.17721497
19415,0.35919023
19416,0.08313534
19417,0.011638045
19418,0.057038292
19419,0.024411783
19420,0.012641078
19421,0.055387594
19422,0.510461
19423,0.041231155
19424,0.08457868
19425,0.40066054
19426,0.19011307
19427,0.018244173
19428,0.013296443
19429,0.046840444
19430,0.053933628
19431,0.2586507
19432,0.35273403
19433,0.103820994
19434,0.10370719
19435,0.24278167
19436,0.14889327
19437,0.15171152
19438,0.2581438
19439,0.36169824
19440,0.12025199
19441,0.055558737
19442,0.075907096
19443,0.061676223
19444,0.26090887
19445,0.89585984
19446,0.045308642
19447,0.28463754
19448,0.056447223
19449,0.19435698
19450,0.053610705
19451,0.086292066
19452,0.017275821
19453,0.058521055
19454,0.010988954
19455,0.49904618
19456,0.057624117
19457,0.1020082
19458,0.25962412
19459,0.14244455
19460,0.25814483
19461,0.35931906
19462,0.41327363
19463,0.027271867
19464,0.16599588
19465,0.20365134
19466,0.112658784
19467,0.9067108
19468,0.4117176
19469,0.429786
19470,0.025656536
19471,0.22874406
19472,0.04930732
19473,0.017496454
19474,0.013360854
19475,0.077996686
19476,0.011718157
19477,0.035611067
19478,0.07403713
19479,0.12547408
19480,0.11805896
19481,0.12383494
19482,0.09579888
19483,0.34951872
19484,0.3058059
19485,0.023804668
19486,0.10078697
19487,0.34425482
19488,0.01643351
19489,0.06259316
19490,0.9729864
19491,0.9026375
19492,0.61814547
19493,0.010529502
19494,0.017576419
19495,0.12866902
19496,0.4197983
19497,0.09457343
19498,0.017164748
19499,0.061591543
19500,0.012289072
19501,0.012613371
19502,0.06294074
19503,0.10187592
19504,0.076947995
19505,0.012405519
19506,0.42982674
19507,0.01656862
19508,0.03317106
19509,0.12634121
19510,0.121589296
19511,0.06788987
19512,0.061093953
19513,0.33611402
19514,0.33674625
19515,0.023370428
19516,0.09882407
19517,0.110785045
19518,0.09581327
19519,0.9765117
19520,0.7950112
19521,0.5752603
19522,0.065041825
19523,0.028021531
19524,0.013155985
19525,0.3144626
19526,0.085347526
19527,0.19086897
19528,0.049534418
19529,0.087317176
19530,0.03102998
19531,0.13192645
19532,0.121238925
19533,0.13966334
19534,0.14883639
19535,0.52364707
19536,0.50094754
19537,0.22158538
19538,0.15726525
19539,0.10058426
19540,0.061502077
19541,0.11994309
19542,0.057180453
19543,0.059977822
19544,0.023070605
19545,0.11943011
19546,0.1480606
19547,0.063194625
19548,0.12135209
19549,0.02798203
19550,0.77713823
19551,0.98912364
19552,0.9550226
19553,0.1365038
19554,0.045967452
19555,0.2013757
19556,0.0133719435
19557,0.38622367
19558,0.022334049
19559,0.027728416
19560,0.021674765
19561,0.038637474
19562,0.12125514
19563,0.058378287
19564,0.40136334
19565,0.965138
19566,0.08503054
19567,0.12693582
19568,0.115125574
19569,0.16388063
19570,0.08881655
19571,0.34670687
19572,0.22018173
19573,0.038521163
19574,0.0989904
19575,0.12494182
19576,0.11077639
19577,0.03796635
19578,0.027801529
19579,0.26409033
19580,0.30741283
19581,0.19342421
19582,0.08312829
19583,0.09471423
19584,0.064850844
19585,0.26679152
19586,0.034285784
19587,0.04257167
19588,0.052497465
19589,0.031737763
19590,0.034697194
19591,0.05212085
19592,0.051254373
19593,0.35607263
19594,0.6571612
19595,0.26926115
19596,0.17790082
19597,0.1350556
19598,0.1782331
19599,0.1517843
19600,0.5616327
19601,0.061679896
19602,0.03217637
19603,0.041553177
19604,0.037327886
19605,0.12203392
19606,0.18336095
19607,0.19346729
19608,0.4175627
19609,0.36555558
19610,0.17644878
19611,1.0
19612,0.1805699
19613,0.016953217
19614,0.14382052
19615,0.2430567
19616,0.022336775
19617,0.057767995
19618,0.31927794
19619,0.073483706
19620,0.041376315
19621,0.043355152
19622,0.057587158
19623,0.22375637
19624,0.40289524
19625,0.28276786
19626,0.5128072
19627,0.3909775
19628,0.1519211
19629,0.14767666
19630,0.39188066
19631,0.032156263
19632,0.13596076
19633,0.087077685
19634,0.05333003
19635,0.47194234
19636,0.26198968
19637,0.05576012
19638,0.529309
19639,0.40907326
19640,0.074337155
19641,0.10898844
19642,0.08767335
19643,0.06397926
19644,0.012140152
19645,0.01704137
19646,0.047343824
19647,0.073215425
19648,0.10296142
19649,0.108285114
19650,0.13915686
19651,0.39802366
19652,0.77461493
19653,0.43885893
19654,0.35371906
19655,0.60183847
19656,0.10796284
19657,0.10634093
19658,0.06699175
19659,0.14341326
19660,0.24937202
19661,0.07493906
19662,0.029986471
19663,0.069759086
19664,0.11847049
19665,0.022101242
19666,0.009556463
19667,0.047113728
19668,0.09801239
19669,0.019060709
19670,0.016156793
19671,0.038281962
19672,0.019034348
19673,0.0154537475
19674,0.039057326
19675,0.08037251
19676,0.083231546
19677,0.103466175
19678,0.25424144
19679,0.16036539
19680,0.35214123
19681,0.74805814
19682,0.6533207
19683,0.26563883
19684,0.116638914
19685,0.054864254
19686,0.023705367
19687,0.062720396
19688,0.09729928
19689,0.01724115
19690,0.0117949685
19691,0.9675494
19692,0.043694377
19693,0.01737859
19694,0.06770971
19695,0.061880022
19696,0.11390133
19697,0.028973654
19698,0.054200105
19699,0.041424934
19700,0.018231463
19701,0.022313366
19702,0.0389308
19703,0.10377837
19704,0.118294634
19705,0.6446185
19706,0.36509877
19707,0.22720239
19708,0.936457
19709,0.39255765
19710,0.45087272
19711,0.23984903
19712,0.04514446
19713,0.034344517
19714,0.029071784
19715,0.056333087
19716,0.051381465
19717,0.031764057
19718,0.078522585
19719,0.4090166
19720,0.09388372
19721,0.35717762
19722,0.021615047
19723,0.09345847
19724,0.0967073
19725,0.1283184
19726,0.12603815
19727,0.05331557
19728,0.026558476
19729,0.012381228
19730,0.054331966
19731,0.15107383
19732,0.95105195
19733,0.35359743
19734,0.5921571
19735,0.33253354
19736,0.26496202
19737,0.23075199
19738,0.13565983
19739,0.04168301
19740,0.022244569
19741,0.0145236505
19742,0.042237185
19743,0.0271122
19744,0.11852069
19745,0.1176109
19746,0.055520162
19747,0.2513673
19748,0.019518375
19749,0.06569419
19750,0.25943664
19751,0.033102334
19752,0.0145839155
19753,0.013119163
19754,0.12846486
19755,0.23875788
19756,0.03266571
19757,0.0102640595
19758,0.20888567
19759,0.2503181
19760,0.09048653
19761,0.105266176
19762,0.039016694
19763,0.106953785
19764,0.08666369
19765,0.053117428
19766,0.12808305
19767,0.10569378
19768,0.03614975
19769,0.017796792
19770,0.19428076
19771,0.01563525
19772,0.108600475
19773,0.036383756
19774,0.13231415
19775,0.051237315
19776,0.056107152
19777,0.012052941
19778,0.063651815
19779,0.18621473
19780,0.380774
19781,0.5326094
19782,0.13037352
19783,0.017411146
19784,0.03111964
19785,0.045928907
19786,0.015167796
19787,0.07436242
19788,0.12069036
19789,0.013067636
19790,0.024502592
19791,0.017643075
19792,0.019232327
19793,0.012478723
19794,0.01759086
19795,0.09977588
19796,0.12106945
19797,0.45004702
19798,0.017221998
19799,0.017327707
19800,0.03841717
19801,0.09942157
19802,0.109410904
19803,0.39548355
19804,0.13447443
19805,0.12820031
19806,0.039443586
19807,0.08009891
19808,0.08206714
19809,0.060289484
19810,0.0155123845
19811,0.012655325
19812,0.2816399
19813,0.016501166
19814,0.034559295
19815,0.13153577
19816,0.0789072
19817,0.05065291
19818,0.018902143
19819,0.03572098
19820,0.06752837
19821,0.26268053
19822,0.042175442
19823,0.018990403
19824,0.045081504
19825,0.04339597
19826,0.055902574
19827,0.19667289
19828,0.06657874
19829,0.24324426
19830,0.09487082
19831,0.026970994
19832,0.05560452
19833,0.051783074
19834,0.045016695
19835,0.28435245
19836,0.19341262
19837,0.019368477
19838,0.10743187
19839,0.06679102
19840,0.012386051
19841,0.012294314
19842,0.46026948
19843,0.75099623
19844,0.19616418
19845,0.080098905
19846,0.09853364
19847,0.053482108
19848,0.035197753
19849,0.09557553
19850,0.102998614
19851,0.094577104
19852,0.8403083
19853,0.01646239
19854,0.06088367
19855,0.014186376
19856,0.06795395
19857,0.06921356
19858,0.018308848
19859,0.04297026
19860,0.10520562
19861,0.30384928
19862,0.08821864
19863,0.14203353
19864,0.024231339
19865,0.0492818
19866,0.014494302
19867,0.033807516
19868,0.11249491
19869,0.03709317
19870,0.031639878
19871,0.09171058
19872,0.06627097
19873,0.058332678
19874,0.025518563
19875,0.020913005
19876,0.053914964
19877,0.015554165
19878,0.14101472
19879,0.057900216
19880,0.02792805
19881,0.075228825
19882,0.093266584
19883,0.022447053
19884,0.04085863
19885,0.9685294
19886,0.06521372
19887,0.11198416
19888,0.06621396
19889,0.034269452
19890,0.054370213
19891,0.053790063
19892,0.025798103
19893,0.016653225
19894,0.31974536
19895,0.023083158
19896,0.009895652
19897,0.015842335
19898,0.0134098865
19899,0.04640985
19900,0.09891406
19901,0.022060188
19902,0.011952562
19903,0.13027081
19904,0.042057484
19905,0.02060262
19906,0.0099978205
19907,0.047348797
19908,0.34114042
19909,0.019196417
19910,0.0098725315
19911,0.018225726
19912,0.013724688
19913,0.056604825
19914,0.03558016
19915,0.14168696
19916,0.0731632
19917,0.01423622
19918,0.015998017
19919,0.06206275
19920,0.23457222
19921,0.08827012
19922,0.083911374
19923,0.062267255
19924,0.045019813
19925,0.061018016
19926,0.021045465
19927,0.132959
19928,0.1615806
19929,0.3443605
19930,0.011925023
19931,0.014168261
19932,0.014326605
19933,0.02080486
19934,0.013615126
19935,0.012650635
19936,0.019669358
19937,0.012917881
19938,0.01597623
19939,0.014192399
19940,0.02442328
19941,0.04485386
19942,0.05555639
19943,0.11617434
19944,0.118609965
19945,0.28035775
19946,0.037626993
19947,0.015462931
19948,0.028291851
19949,0.025139965
19950,0.010925425
19951,0.015529245
19952,0.0468311
19953,0.015432015
19954,0.014375779
19955,0.011840151
19956,0.011689738
19957,0.05931581
19958,0.027052505
19959,0.03409745
19960,0.016352067
19961,0.05516168
19962,0.016271962
19963,0.016203891
19964,0.010296862
19965,0.112545945
19966,0.023424191
19967,0.049491607
19968,0.011391928
19969,0.031088797
19970,0.012331433
19971,0.01611213
19972,0.12550473
19973,0.012398332
19974,0.26270393
19975,0.07300831
19976,0.063719735
19977,0.06585438
19978,0.07300648
19979,0.032102764
19980,0.01248748
19981,0.10582725
19982,0.016785147
19983,0.0911959
19984,0.16627635
19985,0.019754823
19986,0.028284822
19987,0.027347969
19988,0.044384785
19989,0.023874888
19990,0.014487698
19991,0.010386914
19992,0.015952714
19993,0.012327949
19994,0.012545354
19995,0.043642264
19996,0.013414305
19997,0.069068946
19998,0.07057356
19999,0.19461232
20000,0.016305288
20001,0.0110935215
20002,0.013923145
20003,0.01725856
20004,0.053512845
20005,0.027368555
20006,0.017734157
20007,0.03706554
20008,0.039830964
20009,0.012771377
20010,0.031962134
20011,0.1781137
20012,0.19191675
20013,0.0114511205
20014,0.11178249
20015,0.018662285
20016,0.028470213
20017,0.03247335
20018,0.020893373
20019,0.033336435
20020,0.044453017
20021,0.028144246
20022,0.105000675
20023,0.03334402
20024,0.021856813
20025,0.13303016
20026,0.03748091
20027,0.04268747
20028,0.041110005
20029,0.10323531
20030,0.06751765
20031,0.28267846
20032,0.4143495
20033,0.072673075
20034,0.18656646
20035,0.034414664
20036,0.05238578
20037,0.030151712
20038,0.014412272
20039,0.104658715
20040,0.027327038
20041,0.7112999
20042,0.08640753
20043,0.027289411
20044,0.10580028
20045,0.04362834
20046,0.013194541
20047,0.053405434
20048,0.029678144
20049,0.023354804
20050,0.10523865
20051,0.10743031
20052,0.48693395
20053,0.43429035
20054,0.028316084
20055,0.11359729
20056,0.24199581
20057,0.019219957
20058,0.055625573
20059,0.03759977
20060,0.060885575
20061,0.055861693
20062,0.38397384
20063,0.109158464
20064,0.10523267
20065,0.4504627
20066,0.59391654
20067,0.06342212
20068,0.5123602
20069,0.041038655
20070,0.056169145
20071,0.036202207
20072,0.049979962
20073,0.10596283
20074,0.07469259
20075,0.027323972
20076,0.026898883
20077,0.039352376
20078,0.41420585
20079,0.044907752
20080,0.040418163
20081,0.064711645
20082,0.060999487
20083,0.06446062
20084,0.031418774
20085,0.10372024
20086,0.023983138
20087,0.042607073
20088,0.21155103
20089,0.1348284
20090,0.01996745
20091,0.039874483
20092,0.015535206
20093,0.020183148
20094,0.023437062
20095,0.50075626
20096,0.086461194
20097,0.049099073
20098,0.26793548
20099,0.40929592
20100,0.009410982
20101,0.11165885
20102,0.06729669
20103,0.016161995
20104,0.021790037
20105,0.01761989
20106,0.036275044
20107,0.010114163
20108,0.05948728
20109,0.07298098
20110,0.05949926
20111,0.22525182
20112,0.43389595
20113,0.020410022
20114,0.06521285
20115,0.010656964
20116,0.018667983
20117,0.02883254
20118,0.27157146
20119,0.041526172
20120,0.034148943
20121,0.04329134
20122,0.17039941
20123,0.33327842
20124,0.0867318
20125,0.070353955
20126,0.016402528
20127,0.015781417
20128,0.044890545
20129,0.0662211
20130,0.024647374
20131,0.12760696
20132,0.13617723
20133,0.075704135
20134,0.10072653
20135,0.07134987
20136,0.03070598
20137,0.037301358
20138,0.029575998
20139,0.041081324
20140,0.11636518
20141,0.07544559
20142,0.18266346
20143,0.016238911
20144,0.040791158
20145,0.037584696
20146,0.029656487
20147,0.023182478
20148,0.03365971
20149,0.048104815
20150,0.020291027
20151,0.05361156
20152,0.18878783
20153,0.25734615
20154,0.04529546
20155,0.04137398
20156,0.02486811
20157,0.100273766
20158,0.0737595
20159,0.057301484
20160,0.026721632
20161,0.16309689
20162,0.033191264
20163,0.029217796
20164,0.032226186
20165,0.010882485
20166,0.08079292
20167,0.071728505
20168,0.21277712
20169,0.20144883
20170,0.2116765
20171,0.06740097
20172,0.0604718
20173,0.016378382
20174,0.07489526
20175,0.045405146
20176,0.011956605
20177,0.12574898
20178,0.04403579
20179,0.57839733
20180,0.12616351
20181,0.019713536
20182,0.12314046
20183,0.042305708
20184,0.035316136
20185,0.017615769
20186,0.01678096
20187,0.010850804
20188,0.09371124
20189,0.017417511
20190,0.016923053
20191,0.09727154
20192,0.046958473
20193,0.086845525
20194,0.074631676
20195,0.13306685
20196,0.36987555
20197,0.4370584
20198,0.13854621
20199,0.030906769
20200,0.10709405
20201,0.023416042
20202,0.048738286
20203,0.024043469
20204,0.010566233
20205,0.1086738
20206,0.048143804
20207,0.106204644
20208,0.03251984
20209,0.09615236
20210,0.03595424
20211,0.04084968
20212,0.033413038
20213,0.015530536
20214,0.016847137
20215,0.16942509
20216,0.012575977
20217,0.03350354
20218,0.08076953
20219,0.024446268
20220,0.0117563885
20221,0.034488287
20222,0.04537838
20223,0.08086626
20224,0.084084906
20225,0.14361076
20226,0.11484546
20227,0.16742146
20228,0.21896942
20229,0.2456504
20230,0.016597617
20231,0.10545014
20232,0.052745197
20233,0.013046576
20234,0.044788558
20235,0.07523669
20236,0.04350354
20237,0.030637594
20238,0.07297559
20239,0.07742456
20240,0.026534367
20241,0.052562624
20242,0.034539666
20243,0.02573457
20244,0.09170171
20245,0.017107816
20246,0.04499391
20247,0.12938993
20248,0.068782166
20249,0.14133064
20250,0.30060202
20251,0.12280641
20252,0.2066953
20253,0.08313195
20254,0.09750069
20255,0.07863426
20256,0.11910728
20257,0.06691018
20258,0.018788593
20259,0.32177055
20260,0.06706938
20261,0.09708675
20262,0.053287063
20263,0.07869829
20264,0.01543468
20265,0.017915457
20266,0.038541555
20267,0.04490501
20268,0.3265583
20269,0.08044344
20270,0.06847606
20271,0.12558359
20272,0.627576
20273,0.113220535
20274,0.018180247
20275,0.3271701
20276,0.071770765
20277,0.26685584
20278,0.20571412
20279,0.068764746
20280,0.009263728
20281,0.020318545
20282,0.053897694
20283,0.03153571
20284,0.10550661
20285,0.18482015
20286,0.04052705
20287,0.24028477
20288,0.072011314
20289,0.011189464
20290,0.07704637
20291,0.03129016
20292,0.05989113
20293,0.08182494
20294,0.021788523
20295,0.1395158
20296,0.15415129
20297,0.2480221
20298,0.10683982
20299,0.060100254
20300,0.13073498
20301,0.2543673
20302,0.33582264
20303,0.075504564
20304,0.057912648
20305,0.024237245
20306,0.015932744
20307,0.053049926
20308,0.49936014
20309,0.035457447
20310,0.08534958
20311,0.3908828
20312,0.22246873
20313,0.013613777
20314,0.0155134965
20315,0.014288165
20316,0.0461401
20317,0.052673258
20318,0.25502923
20319,0.3484221
20320,0.10333122
20321,0.10157508
20322,0.23945661
20323,0.14000887
20324,0.14108734
20325,0.23816983
20326,0.3665088
20327,0.103554726
20328,0.05268061
20329,0.078908525
20330,0.075896464
20331,0.26846448
20332,0.8047493
20333,0.091059126
20334,0.03602271
20335,0.27732095
20336,0.056534458
20337,0.20498061
20338,0.018412111
20339,0.052241806
20340,0.08422572
20341,0.017029624
20342,0.057275154
20343,0.52044594
20344,0.06010572
20345,0.10047844
20346,0.19006129
20347,0.15291846
20348,0.24765757
20349,0.39508605
20350,0.43905562
20351,0.026214622
20352,0.18503433
20353,0.18800265
20354,0.10967908
20355,0.835356
20356,0.43223208
20357,0.43613228
20358,0.010623065
20359,0.028449347
20360,0.2139076
20361,0.04662989
20362,0.02244368
20363,0.021628123
20364,0.06785413
20365,0.010626571
20366,0.011621479
20367,0.011718157
20368,0.037659418
20369,0.07300806
20370,0.11485559
20371,0.112508886
20372,0.118941896
20373,0.095146276
20374,0.31625646
20375,0.2199403
20376,0.026370306
20377,0.101657555
20378,0.19801351
20379,0.016379833
20380,0.052937564
20381,0.97037804
20382,0.89588434
20383,0.65094763
20384,0.021332439
20385,0.1042461
20386,0.4082393
20387,0.07892326
20388,0.015184024
20389,0.06202942
20390,0.01315055
20391,0.060380638
20392,0.091531985
20393,0.06939237
20394,0.013406362
20395,0.4218361
20396,0.016419044
20397,0.03310429
20398,0.1337014
20399,0.12354618
20400,0.06970849
20401,0.056890216
20402,0.33357987
20403,0.3154916
20404,0.023594743
20405,0.12566912
20406,0.11807646
20407,0.100269966
20408,0.97697705
20409,0.7688269
20410,0.73061806
20411,0.013851931
20412,0.0647314
20413,0.027279299
20414,0.3979174
20415,0.07491237
20416,0.25516695
20417,0.047809117
20418,0.10210159
20419,0.034011263
20420,0.1300155
20421,0.12961003
20422,0.16781001
20423,0.13883086
20424,0.52041227
20425,0.49805826
20426,0.22409661
20427,0.14456628
20428,0.09838625
20429,0.06256443
20430,0.120072365
20431,0.054074388
20432,0.06183672
20433,0.12518865
20434,0.13976134
20435,0.0648878
20436,0.1786482
20437,0.025602322
20438,0.84503776
20439,0.9881912
20440,0.9551353
20441,0.14355507
20442,0.039964605
20443,0.224058
20444,0.013274598
20445,0.3889434
20446,0.022011478
20447,0.020352252
20448,0.019901
20449,0.036575217
20450,0.11468549
20451,0.06074047
20452,0.3686563
20453,0.9647405
20454,0.08861364
20455,0.12863275
20456,0.107841045
20457,0.22546908
20458,0.07954045
20459,0.31930953
20460,0.22194304
20461,0.038585883
20462,0.10169111
20463,0.10805251
20464,0.10200238
20465,0.060324438
20466,0.026445031
20467,0.26726106
20468,0.2879106
20469,0.1930314
20470,0.073605366
20471,0.022351323
20472,0.105525665
20473,0.094878726
20474,0.19635612
20475,0.0338835
20476,0.05060449
20477,0.051121518
20478,0.02420026
20479,0.027247995
20480,0.05272938
20481,0.054624304
20482,0.35778078
20483,0.62434065
20484,0.40136456
20485,0.25712246
20486,0.12839046
20487,0.18850723
20488,0.15972273
20489,0.60433006
20490,0.06344027
20491,0.052357044
20492,0.032164104
20493,0.124706894
20494,0.13010065
20495,0.16423485
20496,0.38514945
20497,0.37396032
20498,0.18082307
20499,1.0
20500,0.15148276
20501,0.016532006
20502,0.15168038
20503,0.22972038
20504,0.020220507
20505,0.061707143
20506,0.39870855
20507,0.07125135
20508,0.040693175
20509,0.043051388
20510,0.056315843
20511,0.18348514
20512,0.4026341
20513,0.27102503
20514,0.49955752
20515,0.26771793
20516,0.15927815
20517,0.149143
20518,0.3830568
20519,0.23334657
20520,0.087774225
20521,0.050785825
20522,0.45746386
20523,0.19306289
20524,0.05326218
20525,0.49214566
20526,0.3019939
20527,0.010334215
20528,0.08264489
20529,0.12857285
20530,0.09623493
20531,0.049086902
20532,0.01557192
20533,0.03503327
20534,0.08491991
20535,0.10271837
20536,0.11287641
20537,0.13829853
20538,0.41112095
20539,0.78045845
20540,0.42871705
20541,0.35375935
20542,0.56951696
20543,0.103586085
20544,0.07894047
20545,0.06599423
20546,0.14394611
20547,0.19906342
20548,0.077257454
20549,0.028430894
20550,0.08002526
20551,0.13142432
20552,0.018227842
20553,0.009556463
20554,0.047135353
20555,0.098467074
20556,0.02299583
20557,0.03466611
20558,0.013984658
20559,0.039337486
20560,0.08244875
20561,0.06733836
20562,0.10481727
20563,0.36776733
20564,0.24587084
20565,0.33658984
20566,0.7282778
20567,0.61562955
20568,0.27681038
20569,0.13400923
20570,0.047224358
20571,0.020230418
20572,0.0625031
20573,0.11991476
20574,0.01679032
20575,0.011658012
20576,0.030338582
20577,0.96768785
20578,0.048199285
20579,0.024666376
20580,0.07824534
20581,0.05274026
20582,0.1083147
20583,0.030108018
20584,0.04988253
20585,0.017578699
20586,0.040978547
20587,0.01836826
20588,0.018725226
20589,0.042194426
20590,0.10639066
20591,0.1321644
20592,0.6149699
20593,0.39608216
20594,0.23739557
20595,0.9380386
20596,0.40260026
20597,0.4403242
20598,0.24716456
20599,0.03571867
20600,0.025901271
20601,0.06659696
20602,0.048500177
20603,0.017595982
20604,0.033508006
20605,0.06756598
20606,0.42588106
20607,0.07905309
20608,0.35335082
20609,0.02130543
20610,0.103510685
20611,0.12633494
20612,0.118014485
20613,0.16095668
20614,0.046290144
20615,0.012404319
20616,0.056117013
20617,0.16056864
20618,0.91707253
20619,0.34695107
20620,0.6184519
20621,0.25462124
20622,0.35228515
20623,0.1709859
20624,0.12256265
20625,0.036125965
20626,0.014623578
20627,0.030195316
20628,0.029559107
20629,0.11877049
20630,0.11329054
20631,0.069228806
20632,0.32956427
20633,0.021156529
20634,0.06509477
20635,0.014721049
20636,0.35477108
20637,0.0350106
20638,0.015830135
20639,0.012072125
20640,0.19003478
20641,0.366825
20642,0.030423325
20643,0.0102640595
20644,0.20947191
20645,0.24858202
20646,0.07742989
20647,0.10787755
20648,0.03078656
20649,0.09608516
20650,0.09421425
20651,0.040467568
20652,0.12747908
20653,0.10574524
20654,0.04032222
20655,0.020996436
20656,0.011643672
20657,0.12599646
20658,0.014856561
20659,0.10200201
20660,0.011823388
20661,0.036583934
20662,0.14502749
20663,0.049697842
20664,0.05148316
20665,0.013510813
20666,0.054129742
20667,0.18999602
20668,0.36997965
20669,0.5415518
20670,0.12405062
20671,0.013341945
20672,0.027422711
20673,0.04502336
20674,0.014942807
20675,0.09792416
20676,0.15729672
20677,0.013187085
20678,0.024244076
20679,0.015354312
20680,0.028339298
20681,0.015918655
20682,0.018076692
20683,0.10167563
20684,0.10868841
20685,0.44566083
20686,0.017360032
20687,0.017270818
20688,0.0439011
20689,0.10121692
20690,0.1311794
20691,0.40087646
20692,0.12967145
20693,0.014385878
20694,0.12904422
20695,0.033542436
20696,0.016450133
20697,0.07664728
20698,0.09001747
20699,0.05596696
20700,0.018532168
20701,0.012518809
20702,0.2578614
20703,0.021412645
20704,0.016807659
20705,0.030161351
20706,0.1370767
20707,0.07872362
20708,0.050979864
20709,0.019872567
20710,0.035770275
20711,0.07904453
20712,0.27072835
20713,0.04022205
20714,0.009283803
20715,0.02191254
20716,0.048978083
20717,0.0401151
20718,0.05469134
20719,0.25503886
20720,0.065098956
20721,0.22977191
20722,0.083414376
20723,0.026421906
20724,0.015544266
20725,0.052989833
20726,0.06771199
20727,0.03600522
20728,0.19164409
20729,0.0159163
20730,0.16999833
20731,0.024008501
20732,0.10475948
20733,0.07263443
20734,0.011325053
20735,0.4561502
20736,0.7790224
20737,0.12994833
20738,0.08009287
20739,0.01478511
20740,0.09677604
20741,0.05902317
20742,0.037626803
20743,0.08974733
20744,0.10667028
20745,0.08624937
20746,0.9522999
20747,0.01646239
20748,0.06897768
20749,0.089680836
20750,0.08861308
20751,0.018392494
20752,0.0596258
20753,0.11972125
20754,0.42578524
20755,0.07582632
20756,0.119348004
20757,0.023234906
20758,0.048229106
20759,0.012802392
20760,0.031638913
20761,0.1060632
20762,0.04266637
20763,0.027673988
20764,0.058525134
20765,0.05316367
20766,0.02205731
20767,0.053875998
20768,0.013205081
20769,0.018524596
20770,0.136396
20771,0.042707615
20772,0.06124226
20773,0.015022268
20774,0.027349701
20775,0.07506164
20776,0.07796403
20777,0.02493117
20778,0.052326266
20779,0.9656889
20780,0.05112326
20781,0.11293917
20782,0.035951372
20783,0.051945284
20784,0.059169713
20785,0.0194111
20786,0.018682247
20787,0.42345926
20788,0.02500401
20789,0.0114380475
20790,0.015842335
20791,0.046451297
20792,0.09827528
20793,0.021943402
20794,0.011952562
20795,0.12287806
20796,0.03918249
20797,0.018201973
20798,0.045838937
20799,0.34157348
20800,0.023067925
20801,0.022855075
20802,0.018907422
20803,0.013638882
20804,0.057959642
20805,0.0325796
20806,0.13911597
20807,0.0767737
20808,0.016489599
20809,0.016068023
20810,0.010521925
20811,0.059977096
20812,0.22400746
20813,0.113533475
20814,0.07077935
20815,0.060033288
20816,0.05036141
20817,0.06342755
20818,0.0167046
20819,0.13191509
20820,0.2421973
20821,0.30881906
20822,0.011189552
20823,0.014214198
20824,0.016664773
20825,0.014574498
20826,0.018194387
20827,0.012691665
20828,0.01163733
20829,0.015824346
20830,0.015973711
20831,0.011746066
20832,0.022495795
20833,0.053694606
20834,0.057794005
20835,0.0999435
20836,0.012532276
20837,0.125462
20838,0.011479704
20839,0.26877418
20840,0.012877763
20841,0.012116596
20842,0.035371322
20843,0.013713338
20844,0.017204495
20845,0.031380534
20846,0.015550215
20847,0.03288727
20848,0.053735238
20849,0.026446626
20850,0.03408661
20851,0.05375539
20852,0.016759494
20853,0.012914014
20854,0.020653373
20855,0.010368713
20856,0.13086402
20857,0.023179617
20858,0.050629996
20859,0.012421848
20860,0.02760275
20861,0.015262093
20862,0.11233422
20863,0.01199635
20864,0.011745831
20865,0.38020828
20866,0.062133443
20867,0.0675939
20868,0.070847064
20869,0.032120906
20870,0.012092464
20871,0.11465836
20872,0.017332103
20873,0.08893398
20874,0.18881881
20875,0.017172754
20876,0.024081275
20877,0.028424863
20878,0.0433687
20879,0.02472629
20880,0.022695387
20881,0.012519152
20882,0.011838144
20883,0.042890053
20884,0.014998235
20885,0.083860315
20886,0.06644787
20887,0.0340797
20888,0.010839925
20889,0.1925777
20890,0.015873559
20891,0.016076721
20892,0.027866604
20893,0.015156624
20894,0.017996984
20895,0.05288603
20896,0.033505317
20897,0.015782174
20898,0.038207825
20899,0.036449615
20900,0.028380888
20901,0.16400078
20902,0.19495729
20903,0.01843452
20904,0.09373206
20905,0.018069664
20906,0.035761718
20907,0.03635216
20908,0.026696239
20909,0.027883334
20910,0.030509382
20911,0.03236014
20912,0.1154696
20913,0.029635767
20914,0.11275512
20915,0.046826884
20916,0.057966676
20917,0.030887181
20918,0.1648399
20919,0.302346
20920,0.12982427
20921,0.059323847
20922,0.3224831
20923,0.10802646
20924,0.21751843
20925,0.036423862
20926,0.02036457
20927,0.03750437
20928,0.013560569
20929,0.027268127
20930,0.012414593
20931,0.104052186
20932,0.023674855
20933,0.59622544
20934,0.10453284
20935,0.10498652
20936,0.037143167
20937,0.012903697
20938,0.023173722
20939,0.049234886
20940,0.026853066
20941,0.031714845
20942,0.062375743
20943,0.08667488
20944,0.38434595
20945,0.3950625
20946,0.029733682
20947,0.056403495
20948,0.08922067
20949,0.31119853
20950,0.05047543
20951,0.04261137
20952,0.055429988
20953,0.030390903
20954,0.44106543
20955,0.10655431
20956,0.09777674
20957,0.43654683
20958,0.080630325
20959,0.6060737
20960,0.053622082
20961,0.5472285
20962,0.05662271
20963,0.04755356
20964,0.028512364
20965,0.09437127
20966,0.07494009
20967,0.09844292
20968,0.055547617
20969,0.043718427
20970,0.0407718
20971,0.39548564
20972,0.04680397
20973,0.046387102
20974,0.07889011
20975,0.053461175
20976,0.06035154
20977,0.041143928
20978,0.03662492
20979,0.105436526
20980,0.02590904
20981,0.048103906
20982,0.1805967
20983,0.079534836
20984,0.0899792
20985,0.01996745
20986,0.03163666
20987,0.036833096
20988,0.018369628
20989,0.40615964
20990,0.08659684
20991,0.054170378
20992,0.09978296
20993,0.37285158
20994,0.08188839
20995,0.06127616
20996,0.012892288
20997,0.0256577
20998,0.01623048
20999,0.009554739
21000,0.049064662
21001,0.0113669885
21002,0.052640747
21003,0.10197169
21004,0.06237024
21005,0.108328536
21006,0.24034648
21007,0.020219807
21008,0.07780387
21009,0.02483468
21010,0.019784847
21011,0.030434428
21012,0.2587446
21013,0.017647741
21014,0.040041544
21015,0.043555666
21016,0.043435223
21017,0.021368582
21018,0.08191849
21019,0.47427914
21020,0.046379954
21021,0.058677476
21022,0.020714795
21023,0.014823894
21024,0.04510995
21025,0.10501086
21026,0.023717256
21027,0.014581891
21028,0.13261206
21029,0.1488182
21030,0.09160518
21031,0.11566705
21032,0.059669036
21033,0.011637486
21034,0.034277946
21035,0.032720573
21036,0.028669752
21037,0.03584205
21038,0.11621393
21039,0.06294308
21040,0.1875092
21041,0.01532824
21042,0.03898143
21043,0.03570471
21044,0.02031235
21045,0.017374367
21046,0.03166641
21047,0.046209697
21048,0.029039862
21049,0.055367924
21050,0.18309088
21051,0.3468094
21052,0.042213745
21053,0.05160032
21054,0.026779942
21055,0.09889714
21056,0.06624397
21057,0.021147005
21058,0.054785304
21059,0.030092271
21060,0.17546837
21061,0.04428647
21062,0.028110461
21063,0.03564059
21064,0.0099913515
21065,0.14151733
21066,0.07602373
21067,0.23144946
21068,0.20746987
21069,0.33396843
21070,0.07246189
21071,0.04951286
21072,0.026159769
21073,0.07276849
21074,0.055419866
21075,0.013585684
21076,0.107154004
21077,0.050547194
21078,0.5297647
21079,0.120497584
21080,0.020016154
21081,0.11341845
21082,0.04479949
21083,0.03248504
21084,0.01406623
21085,0.017014962
21086,0.011106489
21087,0.012690297
21088,0.06947995
21089,0.017893972
21090,0.017761754
21091,0.09874814
21092,0.04927555
21093,0.09581494
21094,0.06935672
21095,0.118139006
21096,0.20659474
21097,0.44420815
21098,0.06893396
21099,0.023288686
21100,0.09317654
21101,0.016823344
21102,0.046660785
21103,0.023546236
21104,0.010566233
21105,0.090085275
21106,0.06948945
21107,0.110990606
21108,0.030264067
21109,0.08120372
21110,0.03425789
21111,0.037016015
21112,0.02880468
21113,0.015547821
21114,0.017446384
21115,0.22046094
21116,0.012333237
21117,0.029688682
21118,0.07853286
21119,0.02530646
21120,0.03450571
21121,0.037467
21122,0.069558054
21123,0.08837148
21124,0.125987
21125,0.11958021
21126,0.25048175
21127,0.22297111
21128,0.17424309
21129,0.01529922
21130,0.10538072
21131,0.057475336
21132,0.011696628
21133,0.038622826
21134,0.0881557
21135,0.020045977
21136,0.051429518
21137,0.027716342
21138,0.05527398
21139,0.06684724
21140,0.025289964
21141,0.05473205
21142,0.028431293
21143,0.01700664
21144,0.11371909
21145,0.022190034
21146,0.041556004
21147,0.13995036
21148,0.06857676
21149,0.13087745
21150,0.49170882
21151,0.12288979
21152,0.12499785
21153,0.079445004
21154,0.09271869
21155,0.08321492
21156,0.1143971
21157,0.06607545
21158,0.015956253
21159,0.20882104
21160,0.063720696
21161,0.097028404
21162,0.04541282
21163,0.079969004
21164,0.018077131
21165,0.022046747
21166,0.016414901
21167,0.03369543
21168,0.042853124
21169,0.33436295
21170,0.06975024
21171,0.05915998
21172,0.11912166
21173,0.6513514
21174,0.11507898
21175,0.019314049
21176,0.36740673
21177,0.06885777
21178,0.27069834
21179,0.2855405
21180,0.07352154
21181,0.05236385
21182,0.039475713
21183,0.13102438
21184,0.18455565
21185,0.039712097
21186,0.225257
21187,0.07038363
21188,0.07339421
21189,0.023759922
21190,0.023845995
21191,0.055769913
21192,0.0772704
21193,0.017968286
21194,0.12925813
21195,0.13787524
21196,0.18817678
21197,0.14882909
21198,0.058787007
21199,0.13327509
21200,0.1814551
21201,0.35263994
21202,0.069103144
21203,0.011848942
21204,0.056413636
21205,0.022902787
21206,0.012946765
21207,0.054652717
21208,0.5322632
21209,0.03163837
21210,0.11038193
21211,0.35682416
21212,0.20957822
21213,0.014575993
21214,0.0199902
21215,0.0500215
21216,0.0628027
21217,0.25823867
21218,0.3818707
21219,0.012276688
21220,0.1087043
21221,0.104185954
21222,0.22842957
21223,0.13604727
21224,0.144919
21225,0.17506258
21226,0.34934905
21227,0.09987447
21228,0.04751296
21229,0.082109936
21230,0.06071095
21231,0.2651496
21232,0.7916351
21233,0.09428929
21234,0.03823356
21235,0.36192906
21236,0.017089903
21237,0.06238606
21238,0.17750731
21239,0.05322134
21240,0.08382789
21241,0.01643612
21242,0.058889136
21243,0.010392082
21244,0.5148252
21245,0.058107294
21246,0.10768385
21247,0.2593724
21248,0.15366131
21249,0.25234088
21250,0.38815597
21251,0.41278687
21252,0.023619255
21253,0.13923465
21254,0.20884813
21255,0.0931306
21256,0.85885495
21257,0.4346451
21258,0.42893735
21259,0.010623065
21260,0.029043332
21261,0.23430763
21262,0.04626326
21263,0.025567796
21264,0.021625932
21265,0.066116855
21266,0.01258706
21267,0.011718157
21268,0.036790214
21269,0.07625321
21270,0.10811321
21271,0.111521825
21272,0.12069968
21273,0.09222607
21274,0.32189754
21275,0.20055215
21276,0.02304712
21277,0.11144994
21278,0.2526211
21279,0.016077053
21280,0.07370338
21281,0.981437
21282,0.9618461
21283,0.764069
21284,0.024180299
21285,0.01884874
21286,0.15045494
21287,0.41710922
21288,0.112927854
21289,0.015577188
21290,0.09712538
21291,0.012245651
21292,0.059739705
21293,0.09223886
21294,0.07073104
21295,0.01388871
21296,0.4412373
21297,0.016555957
21298,0.03377614
21299,0.21791631
21300,0.120872445
21301,0.069113694
21302,0.05747595
21303,0.34817168
21304,0.31329346
21305,0.02350291
21306,0.11259468
21307,0.11072034
21308,0.09323641
21309,0.98231745
21310,0.76494914
21311,0.6580562
21312,0.013796918
21313,0.06639166
21314,0.027212799
21315,0.39923087
21316,0.061604638
21317,0.35890862
21318,0.048337106
21319,0.09527851
21320,0.030271871
21321,0.119814195
21322,0.120176025
21323,0.14922947
21324,0.14198685
21325,0.5175784
21326,0.49989268
21327,0.22951561
21328,0.14775184
21329,0.09937203
21330,0.06186739
21331,0.11963531
21332,0.0587223
21333,0.090720646
21334,0.21316138
21335,0.118825026
21336,0.066484496
21337,0.115811124
21338,0.026070027
21339,0.77581984
21340,0.9904533
21341,0.9649384
21342,0.15493384
21343,0.0529987
21344,0.19998164
21345,0.38272604
21346,0.020315088
21347,0.037744194
21348,0.1204929
21349,0.05905368
21350,0.39608747
21351,0.97435737
21352,0.087745905
21353,0.1271124
21354,0.10987037
21355,0.16882618
21356,0.076322794
21357,0.33508974
21358,0.21370453
21359,0.0333807
21360,0.09995782
21361,0.110192634
21362,0.111061715
21363,0.04803654
21364,0.028402539
21365,0.27965415
21366,0.28049383
21367,0.1836622
21368,0.08350842
21369,0.09043249
21370,0.06679477
21371,0.24400017
21372,0.03297417
21373,0.050018623
21374,0.05190656
21375,0.03312007
21376,0.054639325
21377,0.0501113
21378,0.39055383
21379,0.65064317
21380,0.37835175
21381,0.25476596
21382,0.1278235
21383,0.16909
21384,0.15052779
21385,0.5992224
21386,0.06393979
21387,0.03960579
21388,0.03567906
21389,0.12634727
21390,0.18541086
21391,0.17114763
21392,0.33406612
21393,0.26458308
21394,0.22357903
21395,1.0
21396,0.23241939
21397,0.016391542
21398,0.14208809
21399,0.20484972
21400,0.018600805
21401,0.05694239
21402,0.48699412
21403,0.07146228
21404,0.04274456
21405,0.041551676
21406,0.057722162
21407,0.1276827
21408,0.4141401
21409,0.41237625
21410,0.525067
21411,0.26354304
21412,0.16444829
21413,0.13207564
21414,0.23885472
21415,0.025490897
21416,0.23975295
21417,0.07491928
21418,0.060545165
21419,0.44151253
21420,0.26304173
21421,0.04368537
21422,0.518785
21423,0.28613824
21424,0.010305033
21425,0.07700397
21426,0.11523004
21427,0.096139096
21428,0.012397867
21429,0.016122228
21430,0.034958895
21431,0.068175815
21432,0.10282542
21433,0.10745602
21434,0.1377887
21435,0.37854898
21436,0.73523515
21437,0.43808982
21438,0.3646542
21439,0.55389184
21440,0.11789085
21441,0.016419673
21442,0.0744642
21443,0.070162274
21444,0.13963707
21445,0.24982263
21446,0.07220011
21447,0.029094074
21448,0.07443576
21449,0.12964904
21450,0.009556463
21451,0.06083403
21452,0.11531049
21453,0.021945434
21454,0.015974881
21455,0.037172448
21456,0.015877
21457,0.013718668
21458,0.039544944
21459,0.080914125
21460,0.06736132
21461,0.10242404
21462,0.3465262
21463,0.17502901
21464,0.35435426
21465,0.7253295
21466,0.6593016
21467,0.36467844
21468,0.13625059
21469,0.04221695
21470,0.023934804
21471,0.058116876
21472,0.12738945
21473,0.016667565
21474,0.0117949685
21475,0.027478237
21476,0.9760326
21477,0.05669908
21478,0.018177522
21479,0.08224769
21480,0.063729234
21481,0.18553191
21482,0.061763126
21483,0.01847227
21484,0.03471302
21485,0.020027556
21486,0.01689444
21487,0.041938413
21488,0.10162929
21489,0.12027501
21490,0.6312382
21491,0.3718113
21492,0.21910723
21493,0.9903926
21494,0.39106506
21495,0.4402429
21496,0.23803477
21497,0.073366776
21498,0.028818442
21499,0.058335822
21500,0.05134272
21501,0.034451567
21502,0.073551014
21503,0.4159009
21504,0.08746293
21505,0.34906533
21506,0.021913487
21507,0.102734216
21508,0.118399955
21509,0.1318968
21510,0.16096222
21511,0.036320947
21512,0.02493614
21513,0.01335428
21514,0.05074823
21515,0.14962056
21516,0.97258574
21517,0.36446622
21518,0.63612354
21519,0.2536416
21520,0.26179725
21521,0.24902232
21522,0.10292906
21523,0.032592032
21524,0.014136954
21525,0.028814765
21526,0.0301617
21527,0.14707056
21528,0.12095649
21529,0.05667816
21530,0.25067368
21531,0.021062601
21532,0.065242045
21533,0.012135225
21534,0.35222197
21535,0.030349152
21536,0.0145130055
21537,0.012072125
21538,0.124093816
21539,0.22995345
21540,0.03561266
21541,0.0102640595
21542,0.21053775
21543,0.240788
21544,0.084404066
21545,0.10679265
21546,0.03167944
21547,0.1277773
21548,0.10814634
21549,0.03747889
21550,0.12058347
21551,0.1124131
21552,0.03560265
21553,0.023931267
21554,0.11409065
21555,0.011774666
21556,0.016716428
21557,0.09390644
21558,0.036975205
21559,0.13806649
21560,0.046112563
21561,0.049491458
21562,0.013704757
21563,0.0555597
21564,0.24816447
21565,0.36336812
21566,0.5921998
21567,0.1279633
21568,0.04801784
21569,0.07106031
21570,0.11265375
21571,0.013070467
21572,0.024217898
21573,0.014691826
21574,0.031893726
21575,0.100621454
21576,0.11424788
21577,0.4469171
21578,0.01630823
21579,0.017538061
21580,0.04781714
21581,0.09367502
21582,0.11997372
21583,0.39826703
21584,0.13004008
21585,0.014230761
21586,0.14845273
21587,0.036738854
21588,0.019324025
21589,0.0872465
21590,0.09581641
21591,0.05894119
21592,0.012129467
21593,0.01796675
21594,0.012586982
21595,0.26675943
21596,0.016326083
21597,0.031167826
21598,0.13350812
21599,0.08028342
21600,0.050327793
21601,0.01997895
21602,0.0346013
21603,0.07385127
21604,0.2646151
21605,0.046381008
21606,0.017850446
21607,0.04607958
21608,0.041110676
21609,0.055650245
21610,0.25406057
21611,0.06843754
21612,0.14990215
21613,0.10211025
21614,0.02938494
21615,0.054523885
21616,0.06387871
21617,0.02954852
21618,0.26106063
21619,0.09473976
21620,0.14431661
21621,0.01883419
21622,0.10387538
21623,0.08056765
21624,0.011325053
21625,0.013582188
21626,0.44592
21627,0.7724946
21628,0.1951629
21629,0.0859392
21630,0.015110389
21631,0.09774474
21632,0.059270583
21633,0.034498446
21634,0.09745632
21635,0.10246614
21636,0.08419412
21637,0.9255284
21638,0.084154755
21639,0.016587196
21640,0.07575999
21641,0.06819137
21642,0.022273611
21643,0.06124103
21644,0.108272746
21645,0.44091305
21646,0.06609523
21647,0.13580027
21648,0.045603476
21649,0.012992348
21650,0.102931716
21651,0.038509373
21652,0.026781285
21653,0.0616284
21654,0.061323296
21655,0.027078195
21656,0.055140696
21657,0.017129436
21658,0.12985885
21659,0.04255627
21660,0.060040154
21661,0.015075335
21662,0.025270475
21663,0.10551113
21664,0.081553854
21665,0.023216845
21666,0.031163063
21667,0.051739458
21668,0.9874222
21669,0.04992309
21670,0.19966948
21671,0.051239226
21672,0.04148301
21673,0.05225931
21674,0.06494611
21675,0.01493648
21676,0.022520289
21677,0.28188348
21678,0.023185715
21679,0.009895652
21680,0.015666433
21681,0.013899833
21682,0.04545033
21683,0.18164994
21684,0.017692706
21685,0.011952562
21686,0.12620962
21687,0.036651053
21688,0.02190786
21689,0.047861397
21690,0.3574147
21691,0.024101272
21692,0.018853277
21693,0.056148365
21694,0.033018485
21695,0.17275006
21696,0.06574721
21697,0.019805899
21698,0.01596943
21699,0.010521925
21700,0.061925914
21701,0.164753
21702,0.09521618
21703,0.07661298
21704,0.06972847
21705,0.033658054
21706,0.057835884
21707,0.014994759
21708,0.12847261
21709,0.17550045
21710,0.22484887
21711,0.012006711
21712,0.03164555
21713,0.013424919
21714,0.01880725
21715,0.0128723495
21716,0.015332985
21717,0.022587791
21718,0.016805718
21719,0.014944135
21720,0.02185647
21721,0.05782595
21722,0.053367596
21723,0.108614355
21724,0.013406741
21725,0.012105964
21726,0.102758855
21727,0.33019474
21728,0.01271592
21729,0.012877763
21730,0.07002025
21731,0.012116596
21732,0.037342988
21733,0.018189523
21734,0.0178931
21735,0.032771118
21736,0.010966821
21737,0.015296129
21738,0.029281516
21739,0.013467008
21740,0.014631645
21741,0.0469329
21742,0.025608594
21743,0.047230992
21744,0.016449612
21745,0.011373799
21746,0.017199125
21747,0.010296862
21748,0.10891445
21749,0.031654608
21750,0.056609087
21751,0.011637163
21752,0.029554475
21753,0.016861336
21754,0.1257926
21755,0.016029386
21756,0.013040199
21757,0.011954957
21758,0.37924355
21759,0.062419783
21760,0.062334135
21761,0.0697304
21762,0.071601294
21763,0.03188014
21764,0.09058907
21765,0.016048053
21766,0.09096439
21767,0.013528312
21768,0.17203966
21769,0.017519167
21770,0.0230446
21771,0.031572804
21772,0.052871004
21773,0.021848803
21774,0.010386914
21775,0.0130621
21776,0.0124777565
21777,0.054258067
21778,0.013238557
21779,0.011831117
21780,0.08411257
21781,0.08245098
21782,0.010821278
21783,0.17305121
21784,0.017727802
21785,0.023381991
21786,0.025661334
21787,0.013915773
21788,0.016507197
21789,0.059755053
21790,0.02172742
21791,0.017771922
21792,0.033955514
21793,0.03431583
21794,0.011971255
21795,0.027773285
21796,0.17332584
21797,0.2019766
21798,0.102528915
21799,0.011148157
21800,0.017202761
21801,0.045545463
21802,0.04742234
21803,0.053618576
21804,0.033219777
21805,0.030420264
21806,0.11284382
21807,0.02982718
21808,0.029747123
21809,0.02107933
21810,0.020156989
21811,0.121469855
21812,0.033581153
21813,0.1165671
21814,0.20014988
21815,0.2962702
21816,0.020751735
21817,0.032133956
21818,0.35912538
21819,0.087467216
21820,0.32786953
21821,0.09295122
21822,0.23637992
21823,0.02036457
21824,0.03705816
21825,0.021686342
21826,0.015960826
21827,0.2122041
21828,0.023379471
21829,0.715223
21830,0.11377743
21831,0.08756976
21832,0.032364544
21833,0.026889963
21834,0.06213082
21835,0.10689899
21836,0.43510294
21837,0.39888462
21838,0.03672258
21839,0.1025351
21840,0.1215902
21841,0.09936198
21842,0.05404825
21843,0.034942057
21844,0.06266698
21845,0.08232053
21846,0.028795538
21847,0.44949663
21848,0.1052273
21849,0.23092565
21850,0.4636748
21851,0.1135078
21852,0.5323299
21853,0.06548065
21854,0.5132994
21855,0.044063136
21856,0.04246975
21857,0.03132769
21858,0.051979207
21859,0.20402151
21860,0.06524317
21861,0.031362236
21862,0.082815446
21863,0.058942348
21864,0.39918298
21865,0.037490774
21866,0.057240926
21867,0.060423538
21868,0.066401996
21869,0.027604526
21870,0.053460002
21871,0.06713336
21872,0.023528183
21873,0.044442758
21874,0.2106603
21875,0.089400604
21876,0.11851718
21877,0.019901188
21878,0.033771068
21879,0.025258625
21880,0.016398381
21881,0.34168997
21882,0.08380539
21883,0.011032973
21884,0.086785465
21885,0.2650177
21886,0.38594088
21887,0.08250043
21888,0.04965527
21889,0.012550586
21890,0.01802136
21891,0.015790088
21892,0.009554739
21893,0.049595024
21894,0.05789733
21895,0.05955787
21896,0.06849165
21897,0.2253454
21898,0.25383812
21899,0.0113953445
21900,0.27864495
21901,0.047428317
21902,0.010656964
21903,0.0249637
21904,0.018405575
21905,0.02982369
21906,0.25402164
21907,0.018642077
21908,0.044011716
21909,0.041059647
21910,0.089867026
21911,0.020872112
21912,0.10923124
21913,0.5273931
21914,0.051119354
21915,0.062193725
21916,0.014361714
21917,0.02080742
21918,0.042930152
21919,0.056840494
21920,0.022530392
21921,0.13210206
21922,0.13839206
21923,0.07925565
21924,0.114107214
21925,0.05709288
21926,0.07284204
21927,0.034525562
21928,0.03456541
21929,0.0348039
21930,0.1657035
21931,0.0787098
21932,0.18407261
21933,0.019416733
21934,0.040365264
21935,0.03051086
21936,0.02380038
21937,0.017979927
21938,0.030846877
21939,0.044932976
21940,0.022646636
21941,0.051719956
21942,0.17449483
21943,0.25773036
21944,0.03792298
21945,0.040591873
21946,0.02683717
21947,0.0990574
21948,0.054460615
21949,0.0205175
21950,0.057985242
21951,0.030429909
21952,0.24182244
21953,0.0414535
21954,0.029154722
21955,0.035454806
21956,0.011212542
21957,0.13665077
21958,0.07022352
21959,0.3618498
21960,0.20303485
21961,0.3770709
21962,0.06832869
21963,0.051643718
21964,0.025349917
21965,0.057549886
21966,0.046905413
21967,0.011459079
21968,0.11526647
21969,0.056618232
21970,0.53707635
21971,0.112987034
21972,0.0168947
21973,0.11289727
21974,0.05083603
21975,0.033612344
21976,0.017709594
21977,0.017083205
21978,0.05006813
21979,0.021443652
21980,0.015510246
21981,0.09907669
21982,0.05565401
21983,0.159912
21984,0.070697196
21985,0.12756333
21986,0.33529365
21987,0.4561427
21988,0.07248586
21989,0.02895808
21990,0.09155241
21991,0.04122098
21992,0.08199848
21993,0.059702028
21994,0.116619356
21995,0.0474062
21996,0.08109459
21997,0.035062995
21998,0.043023136
21999,0.03143756
22000,0.14716417
22001,0.061958287
22002,0.023054866
22003,0.014255797
22004,0.031648133
22005,0.036423
22006,0.080752574
22007,0.09566002
22008,0.13351923
22009,0.11807
22010,0.23487064
22011,0.20652904
22012,0.24894227
22013,0.01850742
22014,0.10367555
22015,0.0133071225
22016,0.05988061
22017,0.067447744
22018,0.031391032
22019,0.027364774
22020,0.04308994
22021,0.02903137
22022,0.012976484
22023,0.054035258
22024,0.06576558
22025,0.02562845
22026,0.050403137
22027,0.02387487
22028,0.025141643
22029,0.11509325
22030,0.042705968
22031,0.1326041
22032,0.071222395
22033,0.13089661
22034,0.508484
22035,0.12732929
22036,0.12237519
22037,0.073764905
22038,0.0947062
22039,0.0801968
22040,0.09571957
22041,0.07348225
22042,0.01974188
22043,0.23931439
22044,0.07252852
22045,0.09966731
22046,0.05761835
22047,0.07157449
22048,0.021264302
22049,0.033095393
22050,0.039915226
22051,0.2306824
22052,0.06890885
22053,0.07141072
22054,0.12561479
22055,0.6531812
22056,0.11566742
22057,0.017752992
22058,0.32610816
22059,0.08467292
22060,0.19230351
22061,0.29724196
22062,0.0659421
22063,0.009263728
22064,0.01984595
22065,0.05695442
22066,0.03545861
22067,0.12688044
22068,0.18625775
22069,0.0389004
22070,0.22818862
22071,0.06262492
22072,0.08259876
22073,0.0155032845
22074,0.02028123
22075,0.029819323
22076,0.056636307
22077,0.08213948
22078,0.017686801
22079,0.12568821
22080,0.15421598
22081,0.19076833
22082,0.116397545
22083,0.052450277
22084,0.13440116
22085,0.1870979
22086,0.33434296
22087,0.06890451
22088,0.012093528
22089,0.054255206
22090,0.011861986
22091,0.05724707
22092,0.52710015
22093,0.0357411
22094,0.09990294
22095,0.39311182
22096,0.22119695
22097,0.014575993
22098,0.053050913
22099,0.0640137
22100,0.2575586
22101,0.377054
22102,0.012276688
22103,0.10471412
22104,0.10477454
22105,0.13555177
22106,0.15213527
22107,0.1431764
22108,0.18573463
22109,0.37121487
22110,0.09758196
22111,0.056549832
22112,0.08237446
22113,0.05963026
22114,0.26045117
22115,0.82186
22116,0.09410133
22117,0.041386142
22118,0.36446506
22119,0.015897116
22120,0.068279654
22121,0.25771672
22122,0.05533036
22123,0.08333588
22124,0.020041265
22125,0.0646552
22126,0.010392082
22127,0.5200596
22128,0.30944803
22129,0.10466662
22130,0.26086628
22131,0.14077309
22132,0.19060056
22133,0.38248086
22134,0.43127462
22135,0.02732649
22136,0.1701653
22137,0.19115597
22138,0.11792001
22139,0.95546216
22140,0.3259232
22141,0.45180067
22142,0.010623065
22143,0.028942281
22144,0.12396346
22145,0.052878566
22146,0.022607736
22147,0.01878932
22148,0.066325925
22149,0.010626571
22150,0.012903317
22151,0.011718157
22152,0.03542299
22153,0.094164625
22154,0.11667997
22155,0.12097997
22156,0.12077947
22157,0.09747102
22158,0.3213615
22159,0.19278446
22160,0.104634106
22161,0.2431705
22162,0.016061611
22163,0.059316676
22164,0.98200923
22165,0.9286302
22166,0.756647
22167,0.016008373
22168,0.12321785
22169,0.41060117
22170,0.07955485
22171,0.015914809
22172,0.07862634
22173,0.06957278
22174,0.09036904
22175,0.071494855
22176,0.012405519
22177,0.4364233
22178,0.016555957
22179,0.031551525
22180,0.2118843
22181,0.13879599
22182,0.06334289
22183,0.054196287
22184,0.35711566
22185,0.15537164
22186,0.023514904
22187,0.10698201
22188,0.118894115
22189,0.09929492
22190,0.9842105
22191,0.690682
22192,0.7392152
22193,0.013595468
22194,0.050901398
22195,0.011689489
22196,0.4164759
22197,0.06325928
22198,0.25748953
22199,0.04807899
22200,0.093685955
22201,0.028749138
22202,0.124050766
22203,0.13618872
22204,0.16748948
22205,0.15599467
22206,0.5161397
22207,0.5145249
22208,0.22618547
22209,0.13619478
22210,0.1076667
22211,0.06217524
22212,0.11922916
22213,0.06251328
22214,0.053504065
22215,0.022382213
22216,0.13293743
22217,0.13493699
22218,0.068083614
22219,0.08862312
22220,0.77655554
22221,0.9917552
22222,0.9651693
22223,0.17627354
22224,0.04304072
22225,0.22110984
22226,0.016677164
22227,0.38504267
22228,0.01905423
22229,0.042389806
22230,0.121254474
22231,0.05708998
22232,0.39489946
22233,0.9746638
22234,0.08836481
22235,0.12939449
22236,0.11166627
22237,0.1625155
22238,0.07778424
22239,0.34469014
22240,0.21480553
22241,0.031255748
22242,0.10218185
22243,0.11168811
22244,0.10993894
22245,0.046280216
22246,0.047188714
22247,0.4323856
22248,0.3841349
22249,0.22215249
22250,0.075407594
22251,0.022189071
22252,0.10207601
22253,0.070505
22254,0.17298846
22255,0.030965699
22256,0.050307818
22257,0.04914526
22258,0.047939293
22259,0.05621568
22260,0.38766438
22261,0.6295652
22262,0.26021144
22263,0.24151881
22264,0.14199354
22265,0.17922407
22266,0.2349062
22267,0.6368895
22268,0.069536455
22269,0.044430602
22270,0.032189596
22271,0.120122045
22272,0.19090596
22273,0.17137598
22274,0.33252162
22275,0.26604638
22276,0.16670851
22277,1.0
22278,0.11552222
22279,0.016124537
22280,0.17336616
22281,0.15098584
22282,0.019882433
22283,0.06635096
22284,0.3187077
22285,0.068408616
22286,0.039761815
22287,0.04218651
22288,0.059705436
22289,0.1434914
22290,0.41802898
22291,0.27811077
22292,0.52741337
22293,0.27069733
22294,0.15380222
22295,0.14815006
22296,0.37533015
22297,0.0150120845
22298,0.02525683
22299,0.23018184
22300,0.077467315
22301,0.063174866
22302,0.46031773
22303,0.25433454
22304,0.049448077
22305,0.47684592
22306,0.36969003
22307,0.07666039
22308,0.10357805
22309,0.09500653
22310,0.041460574
22311,0.015838804
22312,0.016282372
22313,0.032808527
22314,0.071725234
22315,0.10645473
22316,0.10498622
22317,0.19493099
22318,0.3966334
22319,0.78334194
22320,0.45786467
22321,0.38241526
22322,0.56231713
22323,0.11262375
22324,0.07521979
22325,0.07605043
22326,0.1312152
22327,0.25995362
22328,0.07377603
22329,0.027848143
22330,0.06331771
22331,0.11817012
22332,0.049164675
22333,0.093656525
22334,0.0202508
22335,0.016108548
22336,0.03702623
22337,0.018227883
22338,0.095599756
22339,0.013776722
22340,0.03960291
22341,0.08087895
22342,0.06299095
22343,0.10546123
22344,0.23990045
22345,0.24835366
22346,0.3529615
22347,0.73769253
22348,0.66285384
22349,0.26582527
22350,0.12759857
22351,0.023203926
22352,0.056791365
22353,0.1144361
22354,0.017039102
22355,0.029030837
22356,0.9758399
22357,0.055955816
22358,0.017385222
22359,0.068559
22360,0.06677495
22361,0.10958319
22362,0.031545077
22363,0.055229805
22364,0.040334757
22365,0.020044852
22366,0.017578458
22367,0.039395854
22368,0.10369092
22369,0.117319174
22370,0.6331244
22371,0.40696135
22372,0.22414507
22373,0.9907921
22374,0.27845672
22375,0.43230715
22376,0.23475468
22377,0.045220923
22378,0.03257381
22379,0.02884379
22380,0.05722012
22381,0.048518453
22382,0.037756268
22383,0.08356401
22384,0.4189296
22385,0.084829256
22386,0.37424687
22387,0.020240458
22388,0.10350676
22389,0.12580639
22390,0.1094894
22391,0.23972589
22392,0.043597635
22393,0.026846072
22394,0.049918607
22395,0.14288199
22396,0.97275746
22397,0.34053075
22398,0.5991378
22399,0.25356233
22400,0.26788363
22401,0.16671309
22402,0.10399218
22403,0.036369372
22404,0.014273481
22405,0.02284254
22406,0.0279608
22407,0.026025007
22408,0.12616421
22409,0.12625726
22410,0.052064884
22411,0.25980118
22412,0.021571111
22413,0.065264486
22414,0.2627261
22415,0.030570896
22416,0.12761432
22417,0.23696016
22418,0.030045522
22419,0.20930357
22420,0.17806211
22421,0.07781145
22422,0.10699294
22423,0.025834493
22424,0.1033398
22425,0.07465768
22426,0.11110316
22427,0.11379406
22428,0.03590264
22429,0.011643672
22430,0.19881861
22431,0.011774666
22432,0.1000392
22433,0.03298049
22434,0.036779623
22435,0.13847482
22436,0.04718293
22437,0.048291817
22438,0.055961102
22439,0.16988297
22440,0.3753013
22441,0.57044923
22442,0.10142107
22443,0.013844657
22444,0.017933661
22445,0.024637243
22446,0.05005454
22447,0.068967625
22448,0.10419198
22449,0.0136354435
22450,0.024226705
22451,0.014779929
22452,0.030747415
22453,0.019280767
22454,0.012341756
22455,0.10063597
22456,0.11754224
22457,0.46259835
22458,0.017579578
22459,0.017327707
22460,0.04644757
22461,0.09144492
22462,0.11973382
22463,0.38090008
22464,0.11989066
22465,0.013979684
22466,0.2064037
22467,0.013306556
22468,0.038677063
22469,0.015396252
22470,0.07520801
22471,0.11076971
22472,0.06158272
22473,0.0151721
22474,0.012578189
22475,0.264592
22476,0.028851962
22477,0.016551647
22478,0.031195972
22479,0.13162878
22480,0.07998324
22481,0.050217155
22482,0.020225806
22483,0.036384277
22484,0.06792899
22485,0.25636315
22486,0.04795744
22487,0.02181882
22488,0.052931085
22489,0.037551463
22490,0.076561235
22491,0.27576524
22492,0.059620537
22493,0.22253981
22494,0.095998265
22495,0.028969025
22496,0.047646414
22497,0.050657623
22498,0.030203978
22499,0.27010548
22500,0.0159163
22501,0.19273151
22502,0.021917453
22503,0.104716375
22504,0.08157048
22505,0.01381353
22506,0.45661283
22507,0.77403784
22508,0.20096157
22509,0.090890914
22510,0.0148262605
22511,0.0992251
22512,0.05649793
22513,0.03730232
22514,0.098187946
22515,0.13263595
22516,0.096715115
22517,0.84904975
22518,0.0715117
22519,0.016682034
22520,0.075330794
22521,0.07930194
22522,0.018274076
22523,0.045065083
22524,0.10911172
22525,0.32864144
22526,0.07063591
22527,0.16737296
22528,0.02352543
22529,0.057929922
22530,0.104948565
22531,0.047063824
22532,0.030734703
22533,0.06489039
22534,0.06640519
22535,0.023712158
22536,0.018213281
22537,0.073341854
22538,0.016822927
22539,0.112853654
22540,0.042144906
22541,0.04169409
22542,0.015022268
22543,0.027112119
22544,0.09225262
22545,0.08733869
22546,0.025489036
22547,0.028637076
22548,0.03764976
22549,0.9862425
22550,0.044571716
22551,0.1320805
22552,0.06149243
22553,0.03563606
22554,0.049220297
22555,0.0495899
22556,0.014161558
22557,0.017464073
22558,0.2657961
22559,0.025826251
22560,0.015666433
22561,0.04682566
22562,0.11273589
22563,0.019441525
22564,0.011952562
22565,0.12880135
22566,0.035061777
22567,0.029275002
22568,0.047312237
22569,0.34915984
22570,0.025557084
22571,0.017594531
22572,0.019755749
22573,0.013724688
22574,0.074981906
22575,0.0313867
22576,0.009342982
22577,0.17741816
22578,0.07000482
22579,0.018088458
22580,0.010521925
22581,0.063812435
22582,0.15913224
22583,0.083836466
22584,0.0680334
22585,0.08877261
22586,0.03293177
22587,0.01658745
22588,0.08652024
22589,0.25433105
22590,0.20618865
22591,0.011189552
22592,0.014517996
22593,0.033274792
22594,0.013326599
22595,0.013680811
22596,0.0142019605
22597,0.012821578
22598,0.023238244
22599,0.016487291
22600,0.011814032
22601,0.016497789
22602,0.011472286
22603,0.021409849
22604,0.047977187
22605,0.06009476
22606,0.12498259
22607,0.08919025
22608,0.14265662
22609,0.011673411
22610,0.012139689
22611,0.03508743
22612,0.015396484
22613,0.0151034035
22614,0.01634837
22615,0.03293821
22616,0.014693225
22617,0.029169306
22618,0.013798434
22619,0.01477345
22620,0.011798755
22621,0.057261396
22622,0.030322032
22623,0.034767672
22624,0.01500134
22625,0.04578558
22626,0.016476331
22627,0.0115946345
22628,0.014827314
22629,0.010505672
22630,0.109607965
22631,0.051616415
22632,0.011595766
22633,0.02521754
22634,0.01616888
22635,0.124594994
22636,0.01199635
22637,0.3552181
22638,0.06272491
22639,0.060318377
22640,0.06565742
22641,0.011203421
22642,0.07460687
22643,0.033215802
22644,0.09131467
22645,0.13679595
22646,0.010398321
22647,0.1829654
22648,0.015165736
22649,0.028422387
22650,0.052961245
22651,0.010285618
22652,0.014366616
22653,0.012276084
22654,0.056881465
22655,0.012715018
22656,0.012201022
22657,0.08394343
22658,0.08904496
22659,0.009527364
22660,0.14522117
22661,0.018374315
22662,0.022929909
22663,0.016272455
22664,0.02703093
22665,0.016238732
22666,0.016361034
22667,0.05821856
22668,0.021685079
22669,0.015610348
22670,0.03422889
22671,0.033670235
22672,0.012064528
22673,0.012748284
22674,0.019048465
22675,0.029828306
22676,0.16255964
22677,0.19862081
22678,0.020229531
22679,0.10091085
22680,0.01713284
22681,0.032002185
22682,0.048080906
22683,0.10094405
22684,0.047949888
22685,0.11477798
22686,0.02212785
22687,0.12370468
22688,0.03248006
22689,0.08408247
22690,0.028484298
22691,0.16266002
22692,0.2974432
22693,0.031995468
22694,0.13818504
22695,0.2948843
22696,0.09718469
22697,0.16364528
22698,0.02036457
22699,0.059030566
22700,0.02105738
22701,0.026127778
22702,0.014472889
22703,0.15369613
22704,0.025340626
22705,0.6452427
22706,0.21420242
22707,0.027319157
22708,0.08435108
22709,0.05000756
22710,0.045398116
22711,0.030348914
22712,0.015298593
22713,0.030243922
22714,0.057914328
22715,0.17448528
22716,0.45685744
22717,0.41643167
22718,0.033471067
22719,0.044601165
22720,0.14820829
22721,0.1805679
22722,0.015937794
22723,0.05282392
22724,0.050033357
22725,0.053138644
22726,0.030213019
22727,0.42561102
22728,0.08303946
22729,0.15598178
22730,0.47165433
22731,0.10971941
22732,0.4824656
22733,0.052393567
22734,0.51731235
22735,0.043702997
22736,0.033544045
22737,0.07548076
22738,0.11112409
22739,0.06345194
22740,0.027752804
22741,0.03176264
22742,0.04181928
22743,0.3201958
22744,0.03785291
22745,0.035654508
22746,0.09935709
22747,0.069945686
22748,0.08570574
22749,0.029966613
22750,0.033105265
22751,0.06119223
22752,0.0564091
22753,0.11260639
22754,0.049107898
22755,0.10348484
22756,0.042430717
22757,0.030528476
22758,0.27399412
22759,0.08911943
22760,0.06288641
22761,0.3077329
22762,0.29246756
22763,0.010854727
22764,0.0093174195
22765,0.091403924
22766,0.039018128
22767,0.012494333
22768,0.0131807625
22769,0.037650034
22770,0.0738924
22771,0.06693278
22772,0.1252808
22773,0.23421103
22774,0.0113953445
22775,0.015434485
22776,0.023195758
22777,0.040681094
22778,0.010656964
22779,0.027634244
22780,0.01950783
22781,0.03901013
22782,0.27754158
22783,0.018586088
22784,0.039561983
22785,0.08763069
22786,0.037595525
22787,0.11308266
22788,0.5156676
22789,0.09800951
22790,0.05381753
22791,0.016123764
22792,0.023194404
22793,0.04430255
22794,0.06247265
22795,0.012470024
22796,0.023569286
22797,0.12089944
22798,0.17275505
22799,0.06951675
22800,0.105993144
22801,0.059497893
22802,0.011637486
22803,0.042999532
22804,0.03901269
22805,0.033890665
22806,0.036598764
22807,0.009153638
22808,0.12069083
22809,0.06666652
22810,0.18410711
22811,0.017617624
22812,0.041125197
22813,0.033952706
22814,0.017445358
22815,0.02631124
22816,0.043666996
22817,0.023468606
22818,0.05045082
22819,0.16018662
22820,0.35072416
22821,0.052190028
22822,0.04105688
22823,0.028754594
22824,0.08567592
22825,0.0491806
22826,0.01566743
22827,0.061528914
22828,0.019049788
22829,0.047740735
22830,0.24181645
22831,0.030314008
22832,0.032961532
22833,0.055011205
22834,0.011231245
22835,0.15672846
22836,0.07079264
22837,0.22550885
22838,0.3506896
22839,0.3313622
22840,0.07404648
22841,0.05175022
22842,0.028784702
22843,0.06060282
22844,0.04873679
22845,0.11591639
22846,0.0488681
22847,0.61605775
22848,0.11372498
22849,0.020196438
22850,0.12130134
22851,0.03934872
22852,0.03656435
22853,0.017704053
22854,0.013402112
22855,0.0745746
22856,0.017837921
22857,0.017426027
22858,0.027793445
22859,0.1063256
22860,0.08128948
22861,0.16482265
22862,0.075756975
22863,0.12524654
22864,0.3321429
22865,0.45116654
22866,0.07310157
22867,0.02584165
22868,0.079259336
22869,0.017740292
22870,0.046571832
22871,0.06631877
22872,0.053121082
22873,0.12370517
22874,0.034234487
22875,0.09792934
22876,0.034768537
22877,0.05098513
22878,0.028867707
22879,0.14552869
22880,0.012357217
22881,0.055653874
22882,0.027086388
22883,0.012142312
22884,0.043805476
22885,0.03687937
22886,0.07902474
22887,0.09626099
22888,0.13177355
22889,0.121647865
22890,0.24856415
22891,0.14295818
22892,0.24584503
22893,0.014167408
22894,0.1056677
22895,0.013319836
22896,0.0562719
22897,0.035191778
22898,0.07549883
22899,0.03300269
22900,0.022686595
22901,0.04542117
22902,0.027061256
22903,0.046082817
22904,0.066924684
22905,0.024777213
22906,0.07082722
22907,0.018483512
22908,0.023586784
22909,0.10553654
22910,0.021885157
22911,0.043673187
22912,0.12288549
22913,0.062959395
22914,0.15552627
22915,0.31464547
22916,0.1200304
22917,0.12283265
22918,0.07194058
22919,0.09553503
22920,0.08725336
22921,0.09474031
22922,0.066439666
22923,0.011368179
22924,0.3875358
22925,0.10419406
22926,0.08752703
22927,0.054547682
22928,0.068448626
22929,0.021590792
22930,0.017701682
22931,0.03290472
22932,0.039296176
22933,0.23187195
22934,0.06944781
22935,0.065275624
22936,0.11955996
22937,0.6480143
22938,0.11678324
22939,0.021319957
22940,0.36703542
22941,0.0986216
22942,0.20203942
22943,0.19936626
22944,0.07255401
22945,0.019328363
22946,0.054000326
22947,0.039615393
22948,0.115406096
22949,0.16623041
22950,0.038464323
22951,0.12375443
22952,0.064993545
22953,0.07815803
22954,0.021307228
22955,0.055856332
22956,0.07862321
22957,0.017179938
22958,0.13671975
22959,0.1495234
22960,0.2520336
22961,0.12025636
22962,0.04776974
22963,0.12938459
22964,0.17642866
22965,0.33754963
22966,0.08376117
22967,0.053370226
22968,0.06289702
22969,0.5889699
22970,0.03385832
22971,0.11333014
22972,0.38581902
22973,0.14671504
22974,0.014628684
22975,0.020215925
22976,0.014049311
22977,0.05918633
22978,0.06512138
22979,0.25646383
22980,0.25436705
22981,0.012276688
22982,0.10782742
22983,0.10934892
22984,0.15164402
22985,0.16318433
22986,0.14466363
22987,0.16884711
22988,0.34790915
22989,0.09611722
22990,0.06845863
22991,0.08429266
22992,0.0510782
22993,0.18550433
22994,0.88682514
22995,0.09428929
22996,0.04003806
22997,0.38021567
22998,0.017333008
22999,0.05567193
23000,0.25622252
23001,0.016910613
23002,0.017639779
23003,0.05970902
23004,0.07911247
23005,0.016492967
23006,0.0636369
23007,0.010392082
23008,0.5379344
23009,0.0578643
23010,0.10757199
23011,0.26280904
23012,0.14979611
23013,0.20096746
23014,0.3942736
23015,0.41129562
23016,0.1518709
23017,0.10930414
23018,0.1830352
23019,0.94577366
23020,0.3123229
23021,0.3176352
23022,0.029267041
23023,0.2290365
23024,0.10604161
23025,0.026607694
23026,0.021341503
23027,0.077759825
23028,0.01143397
23029,0.011718157
23030,0.034605857
23031,0.07490416
23032,0.11208716
23033,0.12163407
23034,0.13042983
23035,0.100696675
23036,0.23613
23037,0.34279978
23038,0.024559954
23039,0.119391456
23040,0.24966635
23041,0.015924519
23042,0.05445334
23043,0.978333
23044,0.810964
23045,0.62950504
23046,0.010529502
23047,0.023136519
23048,0.104731396
23049,0.4232302
23050,0.09323969
23051,0.015537318
23052,0.06979176
23053,0.029256776
23054,0.011233607
23055,0.07026409
23056,0.10097819
23057,0.07531114
23058,0.013449676
23059,0.4552531
23060,0.016682474
23061,0.030374734
23062,0.21387573
23063,0.13614668
23064,0.06534562
23065,0.05584731
23066,0.3541656
23067,0.16940905
23068,0.024290496
23069,0.10636259
23070,0.11094594
23071,0.10357612
23072,0.9767157
23073,0.7643957
23074,0.7331141
23075,0.014615446
23076,0.046329327
23077,0.025409954
23078,0.42714143
23079,0.07190801
23080,0.24675831
23081,0.054095905
23082,0.102907054
23083,0.024802636
23084,0.111374184
23085,0.1311728
23086,0.15998128
23087,0.20422071
23088,0.5165856
23089,0.5279653
23090,0.23682275
23091,0.1517312
23092,0.11039958
23093,0.062213235
23094,0.117086105
23095,0.056525253
23096,0.05398228
23097,0.111145206
23098,0.17203009
23099,0.07345051
23100,0.116488375
23101,0.03050817
23102,0.76993227
23103,0.99079233
23104,0.9601515
23105,0.15617302
23106,0.05733239
23107,0.22098005
23108,0.3871209
23109,0.022799656
23110,0.04150272
23111,0.1132483
23112,0.061272033
23113,0.3731075
23114,0.97188455
23115,0.0825945
23116,0.12858985
23117,0.10843219
23118,0.16856684
23119,0.07825417
23120,0.34198782
23121,0.2181976
23122,0.031829827
23123,0.09021449
23124,0.11037158
23125,0.100308485
23126,0.051556192
23127,0.10018488
23128,0.26618055
23129,0.31274077
23130,0.13951726
23131,0.07914649
23132,0.022307718
23133,0.07900938
23134,0.07215669
23135,0.15276949
23136,0.02885293
23137,0.051145222
23138,0.051477745
23139,0.02110988
23140,0.027480718
23141,0.047035858
23142,0.05624325
23143,0.35454583
23144,0.6335752
23145,0.2616848
23146,0.25050327
23147,0.12955435
23148,0.18042457
23149,0.14810322
23150,0.65759426
23151,0.06988013
23152,0.036238704
23153,0.030734984
23154,0.13096075
23155,0.17569624
23156,0.16017663
23157,0.33170286
23158,0.26091385
23159,0.13140427
23160,1.0
23161,0.12164525
23162,0.016494341
23163,0.12305911
23164,0.20991595
23165,0.018330906
23166,0.059527505
23167,0.2497879
23168,0.07003685
23169,0.03992712
23170,0.04399971
23171,0.05441113
23172,0.13331605
23173,0.38774163
23174,0.19799437
23175,0.48881572
23176,0.26629287
23177,0.13271198
23178,0.13049147
23179,0.26317084
23180,0.024237147
23181,0.165361
23182,0.088124916
23183,0.053919967
23184,0.4560957
23185,0.2515587
23186,0.040174708
23187,0.4663458
23188,0.26159754
23189,0.010334215
23190,0.078879304
23191,0.10281227
23192,0.09243928
23193,0.038027342
23194,0.013235769
23195,0.014867002
23196,0.03478421
23197,0.06373978
23198,0.10593774
23199,0.110940054
23200,0.13749698
23201,0.41720465
23202,0.81511503
23203,0.3985447
23204,0.36558938
23205,0.57721204
23206,0.1307195
23207,0.022808738
23208,0.0765769
23209,0.06718332
23210,0.20740992
23211,0.2601931
23212,0.07467059
23213,0.038213365
23214,0.070695706
23215,0.10860948
23216,0.01849638
23217,0.050275166
23218,0.090729795
23219,0.021941537
23220,0.034548666
23221,0.016752794
23222,0.09578771
23223,0.014430779
23224,0.03852306
23225,0.08420772
23226,0.057914134
23227,0.1064308
23228,0.2535347
23229,0.24145946
23230,0.34810498
23231,0.74730366
23232,0.6596511
23233,0.26350632
23234,0.20335302
23235,0.04105999
23236,0.057781637
23237,0.11759968
23238,0.01675942
23239,0.030583862
23240,0.9739365
23241,0.050509866
23242,0.017052002
23243,0.084457286
23244,0.060157135
23245,0.11378445
23246,0.031907152
23247,0.052480277
23248,0.018179923
23249,0.03472123
23250,0.019915227
23251,0.017348953
23252,0.042438935
23253,0.102335684
23254,0.12138818
23255,0.6556388
23256,0.395188
23257,0.23950559
23258,0.98889655
23259,0.2996592
23260,0.4362962
23261,0.23237984
23262,0.039091643
23263,0.03200055
23264,0.029024582
23265,0.073107526
23266,0.047399316
23267,0.039062805
23268,0.06635273
23269,0.43705443
23270,0.17125933
23271,0.26582596
23272,0.023832843
23273,0.11225884
23274,0.13081503
23275,0.13188106
23276,0.2409135
23277,0.041733842
23278,0.009635636
23279,0.024249248
23280,0.012462821
23281,0.05511418
23282,0.14949857
23283,0.9706288
23284,0.3664056
23285,0.5731915
23286,0.25014207
23287,0.28227988
23288,0.16024862
23289,0.2077626
23290,0.037583176
23291,0.014218558
23292,0.020831002
23293,0.0145236505
23294,0.023388274
23295,0.12307218
23296,0.12125186
23297,0.0599778
23298,0.17524374
23299,0.019829243
23300,0.06623647
23301,0.012346122
23302,0.34635085
23303,0.031381916
23304,0.122996524
23305,0.24718828
23306,0.035736736
23307,0.2195164
23308,0.17477508
23309,0.081036925
23310,0.10840276
23311,0.023784474
23312,0.10445841
23313,0.08100479
23314,0.033294983
23315,0.12251719
23316,0.10552161
23317,0.03789165
23318,0.017861258
23319,0.12466427
23320,0.011774666
23321,0.011720381
23322,0.016543819
23323,0.08796189
23324,0.03987517
23325,0.13862294
23326,0.046330247
23327,0.050155528
23328,0.012211839
23329,0.061160572
23330,0.19121161
23331,0.289078
23332,0.60628045
23333,0.12034505
23334,0.05512097
23335,0.016629292
23336,0.06939953
23337,0.11736835
23338,0.012924362
23339,0.024633994
23340,0.0142289605
23341,0.031182952
23342,0.018331084
23343,0.012478723
23344,0.016787982
23345,0.09855943
23346,0.11306336
23347,0.43379146
23348,0.016528081
23349,0.020574315
23350,0.040065676
23351,0.090901844
23352,0.11801971
23353,0.40458834
23354,0.12859827
23355,0.20535582
23356,0.03498864
23357,0.015375787
23358,0.10587196
23359,0.11950693
23360,0.06372203
23361,0.012978077
23362,0.0185019
23363,0.014843993
23364,0.2625087
23365,0.029326044
23366,0.017563997
23367,0.016968083
23368,0.030007841
23369,0.13374892
23370,0.07265046
23371,0.05268142
23372,0.021199508
23373,0.03920406
23374,0.05937306
23375,0.37268326
23376,0.04458675
23377,0.02011961
23378,0.065633096
23379,0.038371574
23380,0.059893854
23381,0.25229022
23382,0.059156723
23383,0.13523231
23384,0.09060531
23385,0.024915336
23386,0.026673108
23387,0.044179074
23388,0.048653506
23389,0.040577997
23390,0.36105603
23391,0.2360434
23392,0.020909665
23393,0.10427034
23394,0.068820715
23395,0.0112836575
23396,0.012461743
23397,0.45232457
23398,0.74629515
23399,0.1981931
23400,0.08836588
23401,0.10192148
23402,0.08338155
23403,0.03630351
23404,0.11601681
23405,0.13280782
23406,0.09782157
23407,0.92794365
23408,0.07415357
23409,0.015808145
23410,0.073493555
23411,0.07226772
23412,0.026088048
23413,0.03848079
23414,0.115885146
23415,0.4215468
23416,0.08427782
23417,0.15874073
23418,0.023424398
23419,0.04743556
23420,0.105590016
23421,0.03914269
23422,0.031648416
23423,0.056143947
23424,0.065150835
23425,0.020177504
23426,0.018111574
23427,0.06011454
23428,0.021793693
23429,0.14096658
23430,0.040076584
23431,0.041924946
23432,0.015157432
23433,0.029536676
23434,0.08681569
23435,0.084702134
23436,0.020533785
23437,0.03406979
23438,0.98642033
23439,0.04302909
23440,0.11102099
23441,0.054909356
23442,0.033284422
23443,0.061946146
23444,0.04947286
23445,0.0144487135
23446,0.016971895
23447,0.20252432
23448,0.02493519
23449,0.0155540155
23450,0.047331773
23451,0.119384915
23452,0.015648134
23453,0.12489498
23454,0.037940193
23455,0.020813365
23456,0.05023602
23457,0.33476114
23458,0.017483952
23459,0.02129553
23460,0.060791813
23461,0.03408618
23462,0.17772967
23463,0.0691332
23464,0.014530171
23465,0.010521925
23466,0.0797783
23467,0.1583983
23468,0.10298873
23469,0.06813577
23470,0.07134014
23471,0.030668814
23472,0.060212173
23473,0.016887674
23474,0.08161087
23475,0.18728966
23476,0.22981694
23477,0.011148157
23478,0.03531489
23479,0.014623256
23480,0.013277324
23481,0.01395175
23482,0.025309155
23483,0.014024058
23484,0.014566828
23485,0.011172446
23486,0.015838716
23487,0.020599397
23488,0.02159243
23489,0.06419798
23490,0.05697304
23491,0.12201185
23492,0.012147358
23493,0.10168715
23494,0.18941061
23495,0.012877763
23496,0.012253112
23497,0.03750458
23498,0.016116668
23499,0.013982919
23500,0.032698967
23501,0.015456101
23502,0.0303969
23503,0.014697505
23504,0.014375779
23505,0.011840151
23506,0.011689738
23507,0.0753963
23508,0.027834248
23509,0.034255326
23510,0.014459023
23511,0.01652434
23512,0.010505672
23513,0.13825476
23514,0.025934868
23515,0.05938254
23516,0.011637163
23517,0.011391928
23518,0.027532525
23519,0.09541425
23520,0.014822713
23521,0.01199635
23522,0.3865881
23523,0.059501704
23524,0.054653816
23525,0.06897974
23526,0.013346656
23527,0.011203421
23528,0.070060916
23529,0.03193002
23530,0.1066626
23531,0.09809161
23532,0.17057003
23533,0.017914604
23534,0.024116062
23535,0.027723849
23536,0.040265657
23537,0.010386914
23538,0.01360725
23539,0.0123103345
23540,0.04850315
23541,0.012489919
23542,0.012476917
23543,0.08496451
23544,0.06352108
23545,0.24551295
23546,0.01484838
23547,0.01679824
23548,0.017373567
23549,0.013930759
23550,0.018159743
23551,0.062610686
23552,0.021586075
23553,0.016081871
23554,0.034253754
23555,0.035366163
23556,0.011971255
23557,0.012748284
23558,0.024376515
23559,0.035327997
23560,0.16499129
23561,0.18337506
23562,0.015443562
23563,0.106005445
23564,0.019375714
23565,0.034521945
23566,0.08908728
23567,0.03594528
23568,0.049297452
23569,0.027975561
23570,0.03308257
23571,0.03554312
23572,0.0928756
23573,0.029981293
23574,0.034903582
23575,0.022041725
23576,0.1335796
23577,0.03320063
23578,0.052757885
23579,0.17572111
23580,0.19971567
23581,0.03876772
23582,0.10810311
23583,0.055490516
23584,0.4099454
23585,0.10104642
23586,0.14304112
23587,0.03696026
23588,0.069741406
23589,0.024219014
23590,0.0154726645
23591,0.07544827
23592,0.024231568
23593,0.76895875
23594,0.14058848
23595,0.036452997
23596,0.02620772
23597,0.08341161
23598,0.04342589
23599,0.023933139
23600,0.038716715
23601,0.030140951
23602,0.09996065
23603,0.21082833
23604,0.50088394
23605,0.44882172
23606,0.041172225
23607,0.27282122
23608,0.17892301
23609,0.019632671
23610,0.043864116
23611,0.03754095
23612,0.05862463
23613,0.06476373
23614,0.03123082
23615,0.44387108
23616,0.10683792
23617,0.14732781
23618,0.60674304
23619,0.0970227
23620,0.47924295
23621,0.016708307
23622,0.05309435
23623,0.5200291
23624,0.049923945
23625,0.051794212
23626,0.030710852
23627,0.07648027
23628,0.10374528
23629,0.06239559
23630,0.06109551
23631,0.026552059
23632,0.059290618
23633,0.19910298
23634,0.045808773
23635,0.029908737
23636,0.05050274
23637,0.080563866
23638,0.08070156
23639,0.024723593
23640,0.02986159
23641,0.032388583
23642,0.08028193
23643,0.029452367
23644,0.061973296
23645,0.14702323
23646,0.03555948
23647,0.18343735
23648,0.01996745
23649,0.033618085
23650,0.039765313
23651,0.015426743
23652,0.43337885
23653,0.11664941
23654,0.05777876
23655,0.26869166
23656,0.4319061
23657,0.010854727
23658,0.0093174195
23659,0.072289735
23660,0.033011302
23661,0.012494333
23662,0.010114163
23663,0.060171157
23664,0.10213052
23665,0.1587698
23666,0.24194627
23667,0.015305356
23668,0.28209966
23669,0.035307504
23670,0.027868573
23671,0.03076819
23672,0.36829147
23673,0.017727576
23674,0.038240027
23675,0.04790536
23676,0.04274337
23677,0.10395174
23678,0.46673143
23679,0.074689664
23680,0.060498636
23681,0.024454556
23682,0.06748261
23683,0.063724585
23684,0.01149932
23685,0.013538381
23686,0.027114445
23687,0.015657026
23688,0.10141945
23689,0.14728417
23690,0.07708232
23691,0.105060786
23692,0.074286595
23693,0.011637486
23694,0.034153994
23695,0.036576506
23696,0.029109638
23697,0.03344934
23698,0.009153638
23699,0.11224052
23700,0.062173262
23701,0.18363221
23702,0.026640223
23703,0.03924349
23704,0.03476536
23705,0.02183818
23706,0.017176695
23707,0.030058298
23708,0.043160845
23709,0.020761736
23710,0.02142038
23711,0.0442204
23712,0.15283298
23713,0.34056416
23714,0.043526098
23715,0.03505647
23716,0.031019902
23717,0.10307313
23718,0.045513116
23719,0.08132274
23720,0.013744098
23721,0.035089053
23722,0.25461343
23723,0.028640795
23724,0.027205572
23725,0.04350136
23726,0.009949949
23727,0.15501788
23728,0.08650239
23729,0.22610171
23730,0.19968161
23731,0.35387906
23732,0.06816676
23733,0.059864476
23734,0.028008264
23735,0.07663355
23736,0.04678805
23737,0.11146162
23738,0.048419215
23739,0.56673616
23740,0.11309593
23741,0.1133895
23742,0.047567386
23743,0.019043313
23744,0.011200464
23745,0.012690297
23746,0.05361564
23747,0.026912257
23748,0.021515448
23749,0.017986305
23750,0.021370893
23751,0.09616924
23752,0.074695244
23753,0.09016302
23754,0.09224118
23755,0.12212078
23756,0.3310513
23757,0.43645146
23758,0.07121005
23759,0.03548839
23760,0.07497732
23761,0.01721641
23762,0.046890642
23763,0.021255085
23764,0.010566233
23765,0.061581057
23766,0.046973567
23767,0.11726868
23768,0.035575777
23769,0.10471518
23770,0.034738403
23771,0.042266533
23772,0.03136839
23773,0.014035995
23774,0.13621047
23775,0.014956596
23776,0.05604183
23777,0.026672017
23778,0.014246972
23779,0.03885565
23780,0.036936395
23781,0.06991296
23782,0.098204836
23783,0.12761363
23784,0.12438837
23785,0.25644597
23786,0.23790517
23787,0.17527625
23788,0.0140107395
23789,0.115898475
23790,0.013138008
23791,0.06361882
23792,0.03615129
23793,0.07644309
23794,0.04083686
23795,0.019869832
23796,0.044347726
23797,0.033102762
23798,0.0140661
23799,0.055100057
23800,0.077932216
23801,0.024941934
23802,0.061324596
23803,0.022044912
23804,0.025479736
23805,0.014160544
23806,0.014512926
23807,0.09371866
23808,0.017438434
23809,0.040367562
23810,0.14234008
23811,0.07896034
23812,0.13715512
23813,0.31438872
23814,0.124544345
23815,0.12431033
23816,0.0735146
23817,0.09407216
23818,0.078908436
23819,0.095048405
23820,0.076378345
23821,0.012451412
23822,0.020540198
23823,0.20225286
23824,0.08204063
23825,0.07108781
23826,0.05620303
23827,0.06652534
23828,0.01803847
23829,0.021268385
23830,0.019697113
23831,0.030553674
23832,0.0426939
23833,0.33141658
23834,0.07194281
23835,0.054339267
23836,0.12935401
23837,0.6713592
23838,0.11462454
23839,0.01792327
23840,0.3252034
23841,0.07134909
23842,0.18639767
23843,0.28707016
23844,0.072402194
23845,0.019935777
23846,0.050717738
23847,0.037671145
23848,0.12735294
23849,0.14281593
23850,0.044560544
23851,0.1454268
23852,0.06173734
23853,0.07629782
23854,0.017861797
23855,0.023389278
23856,0.0571392
23857,0.08261069
23858,0.017022094
23859,0.12982073
23860,0.15664738
23861,0.24849437
23862,0.10159798
23863,0.04787242
23864,0.123217255
23865,0.22999826
23866,0.3383234
23867,0.08414392
23868,0.011990474
23869,0.05381332
23870,0.027283495
23871,0.011768714
23872,0.06262822
23873,0.54189926
23874,0.033993695
23875,0.10338376
23876,0.3741283
23877,0.13584661
23878,0.027133783
23879,0.058799718
23880,0.05955101
23881,0.25027052
23882,0.2525299
23883,0.012276688
23884,0.105798915
23885,0.10674212
23886,0.16030371
23887,0.23691921
23888,0.1339574
23889,0.17686552
23890,0.3492583
23891,0.09830558
23892,0.014864529
23893,0.059895154
23894,0.117585704
23895,0.05512726
23896,0.17523134
23897,0.96956533
23898,0.040602062
23899,0.37855753
23900,0.017545559
23901,0.056204207
23902,0.26552773
23903,0.01598823
23904,0.055139326
23905,0.0770672
23906,0.017001754
23907,0.05916436
23908,0.011082756
23909,0.55235064
23910,0.05749485
23911,0.10285612
23912,0.26525444
23913,0.14463687
23914,0.1904846
23915,0.39030197
23916,0.44384855
23917,0.24953018
23918,0.19826263
23919,0.1283629
23920,0.859088
23921,0.29274765
23922,0.4709162
23923,0.010623065
23924,0.02559597
23925,0.13117413
23926,0.04780678
23927,0.023513522
23928,0.018531142
23929,0.06324745
23930,0.011534685
23931,0.011718157
23932,0.042165786
23933,0.07551625
23934,0.11299731
23935,0.11322333
23936,0.1266637
23937,0.0973622
23938,0.2345549
23939,0.31816387
23940,0.028177325
23941,0.09865199
23942,0.29147276
23943,0.016071199
23944,0.051135853
23945,0.98144686
23946,0.8446088
23947,0.73109126
23948,0.020647053
23949,0.11109485
23950,0.43303624
23951,0.07777621
23952,0.01568584
23953,0.0634167
23954,0.011192212
23955,0.06395026
23956,0.09487747
23957,0.07071702
23958,0.01228685
23959,0.45477015
23960,0.015982542
23961,0.034522947
23962,0.118188486
23963,0.12800294
23964,0.06356752
23965,0.058506418
23966,0.32300875
23967,0.30033255
23968,0.025204103
23969,0.108750544
23970,0.12278909
23971,0.0982792
23972,0.97986454
23973,0.791909
23974,0.63274914
23975,0.014469856
23976,0.04710359
23977,0.028164556
23978,0.41543666
23979,0.07955716
23980,0.2572625
23981,0.050030116
23982,0.09022123
23983,0.029201021
23984,0.1285937
23985,0.14975128
23986,0.14446518
23987,0.27221286
23988,0.52196836
23989,0.5632453
23990,0.33485574
23991,0.14774081
23992,0.101661794
23993,0.066461556
23994,0.15254307
23995,0.08065645
23996,0.047789823
23997,0.122571155
23998,0.15573812
23999,0.08567434
24000,0.09400866
24001,0.025094388
24002,0.856715
24003,0.9909237
24004,0.96259284
24005,0.17221203
24006,0.053317413
24007,0.19887918
24008,0.37877354
24009,0.022589177
24010,0.012260086
24011,0.020733133
24012,0.052201383
24013,0.11209167
24014,0.061034895
24015,0.36797884
24016,0.9716651
24017,0.06928023
24018,0.13375612
24019,0.1039825
24020,0.14955598
24021,0.08964144
24022,0.35224038
24023,0.22263683
24024,0.03699304
24025,0.085791714
24026,0.111530274
24027,0.10820336
24028,0.04160048
24029,0.037196454
24030,0.26772103
24031,0.3631748
24032,0.24538875
24033,0.099798605
24034,0.08780019
24035,0.0116391275
24036,0.088571094
24037,0.15310763
24038,0.029950475
24039,0.052037347
24040,0.053342547
24041,0.021454122
24042,0.050402023
24043,0.050748188
24044,0.3553951
24045,0.62855726
24046,0.24850021
24047,0.23504703
24048,0.13921088
24049,0.16539562
24050,0.23329264
24051,0.7282227
24052,0.06285264
24053,0.028935395
24054,0.05117472
24055,0.0339705
24056,0.16125214
24057,0.19335899
24058,0.23405303
24059,0.47299936
24060,0.26780102
24061,0.18215683
24062,1.0
24063,0.13596918
24064,0.01777059
24065,0.22187424
24066,0.22857773
24067,0.024376627
24068,0.051613957
24069,0.37617844
24070,0.06977192
24071,0.040082872
24072,0.044755932
24073,0.05788444
24074,0.1384087
24075,0.41221988
24076,0.28892145
24077,0.5079811
24078,0.27122402
24079,0.1440594
24080,0.1338935
24081,0.25106826
24082,0.024862831
24083,0.17573391
24084,0.07953195
24085,0.053489026
24086,0.45358342
24087,0.25155407
24088,0.048045173
24089,0.46555242
24090,0.26539695
24091,0.010334215
24092,0.08191538
24093,0.11662113
24094,0.09664985
24095,0.012017217
24096,0.037577264
24097,0.06563761
24098,0.107636645
24099,0.10984297
24100,0.15238617
24101,0.40298125
24102,0.76246876
24103,0.44277924
24104,0.35423535
24105,0.57925457
24106,0.10761184
24107,0.06936581
24108,0.06366134
24109,0.1464603
24110,0.19325627
24111,0.07618693
24112,0.029608425
24113,0.08146822
24114,0.12270823
24115,0.01727576
24116,0.009556463
24117,0.047629908
24118,0.08660454
24119,0.027704883
24120,0.018629778
24121,0.03573143
24122,0.018391278
24123,0.01482952
24124,0.038392648
24125,0.08044455
24126,0.059104398
24127,0.1032156
24128,0.24285679
24129,0.1528747
24130,0.35428378
24131,0.73345906
24132,0.6673925
24133,0.28830773
24134,0.2221529
24135,0.06001203
24136,0.114462644
24137,0.017802486
24138,0.013480264
24139,0.9746371
24140,0.05524913
24141,0.018362522
24142,0.09247831
24143,0.059638124
24144,0.10205419
24145,0.033858147
24146,0.05981257
24147,0.017411413
24148,0.0418119
24149,0.010264209
24150,0.02560712
24151,0.016404577
24152,0.042184155
24153,0.10833088
24154,0.12561275
24155,0.6262008
24156,0.3973579
24157,0.23469841
24158,0.9839284
24159,0.42539358
24160,0.44072974
24161,0.23166119
24162,0.035314508
24163,0.026306499
24164,0.057307567
24165,0.050257217
24166,0.022427011
24167,0.03873488
24168,0.07105044
24169,0.4443793
24170,0.17576362
24171,0.3743203
24172,0.026296753
24173,0.10007812
24174,0.124862894
24175,0.12380181
24176,0.2358782
24177,0.040559016
24178,0.053801242
24179,0.13643584
24180,0.97136056
24181,0.36255866
24182,0.5904637
24183,0.25495338
24184,0.2969081
24185,0.15364812
24186,0.11652293
24187,0.04019216
24188,0.01796521
24189,0.02487528
24190,0.11971401
24191,0.12238703
24192,0.061340768
24193,0.1853553
24194,0.020990048
24195,0.06405021
24196,0.014265197
24197,0.25282207
24198,0.035289958
24199,0.016115569
24200,0.12868975
24201,0.24619053
24202,0.036524773
24203,0.20650437
24204,0.14135861
24205,0.08139888
24206,0.10900508
24207,0.025230726
24208,0.10436278
24209,0.085076585
24210,0.031383265
24211,0.12400279
24212,0.1152137
24213,0.03993648
24214,0.011643672
24215,0.14624488
24216,0.011774666
24217,0.16667223
24218,0.01142074
24219,0.036599956
24220,0.12887658
24221,0.04821962
24222,0.049399696
24223,0.05494603
24224,0.18077578
24225,0.3725506
24226,0.57903975
24227,0.11191876
24228,0.014126638
24229,0.017313335
24230,0.024106251
24231,0.053834286
24232,0.07989579
24233,0.15602522
24234,0.0134093445
24235,0.023119723
24236,0.015644312
24237,0.030165352
24238,0.018407952
24239,0.013889044
24240,0.021991935
24241,0.010889873
24242,0.10367321
24243,0.11669716
24244,0.4042094
24245,0.01961142
24246,0.018416608
24247,0.03919674
24248,0.100621946
24249,0.10902897
24250,0.3981427
24251,0.10974404
24252,0.01578427
24253,0.012884042
24254,0.21485604
24255,0.014274724
24256,0.035588596
24257,0.015315994
24258,0.07476189
24259,0.19809064
24260,0.059463512
24261,0.018574174
24262,0.012543301
24263,0.26484692
24264,0.028965842
24265,0.01658508
24266,0.03082575
24267,0.14435382
24268,0.08212675
24269,0.047972847
24270,0.020870833
24271,0.037470978
24272,0.06520682
24273,0.33987522
24274,0.046013054
24275,0.036597118
24276,0.044876505
24277,0.041113973
24278,0.06001083
24279,0.25539923
24280,0.06254318
24281,0.24411424
24282,0.08703845
24283,0.026229827
24284,0.04408338
24285,0.04307574
24286,0.032156546
24287,0.2610353
24288,0.1466597
24289,0.020548755
24290,0.1037977
24291,0.06282276
24292,0.012503137
24293,0.46808937
24294,0.6248772
24295,0.19201386
24296,0.08914746
24297,0.013669656
24298,0.110755965
24299,0.06018152
24300,0.039284047
24301,0.12065909
24302,0.09858286
24303,0.09606609
24304,0.9237704
24305,0.01646239
24306,0.08992133
24307,0.01730759
24308,0.10736272
24309,0.06985018
24310,0.024194174
24311,0.035189398
24312,0.11821128
24313,0.3098579
24314,0.084479794
24315,0.21138288
24316,0.02256207
24317,0.051930383
24318,0.10565304
24319,0.037203398
24320,0.03154359
24321,0.05753714
24322,0.065566026
24323,0.024974542
24324,0.018106263
24325,0.06109627
24326,0.023000142
24327,0.12746456
24328,0.042216923
24329,0.03756535
24330,0.029425833
24331,0.08962472
24332,0.110283494
24333,0.023668235
24334,0.035324596
24335,0.98688996
24336,0.04087884
24337,0.13132574
24338,0.06202681
24339,0.035019755
24340,0.05816931
24341,0.049676795
24342,0.014087118
24343,0.19669557
24344,0.032197237
24345,0.015645774
24346,0.04838034
24347,0.22287323
24348,0.016903333
24349,0.011952562
24350,0.18345492
24351,0.037991382
24352,0.044739004
24353,0.3680532
24354,0.0304186
24355,0.017571611
24356,0.0098725315
24357,0.01948243
24358,0.013269042
24359,0.056918617
24360,0.03543379
24361,0.17503884
24362,0.078236416
24363,0.010730735
24364,0.06975427
24365,0.15228327
24366,0.1074678
24367,0.08307867
24368,0.06598027
24369,0.053784445
24370,0.017442975
24371,0.08009156
24372,0.17410299
24373,0.24068247
24374,0.011189552
24375,0.039559543
24376,0.014647466
24377,0.013055794
24378,0.014067141
24379,0.0117656095
24380,0.019418819
24381,0.01742419
24382,0.01121384
24383,0.015862832
24384,0.020108186
24385,0.012097138
24386,0.019295031
24387,0.057239577
24388,0.053080577
24389,0.1284888
24390,0.009809651
24391,0.076890886
24392,0.011386432
24393,0.25864983
24394,0.019993218
24395,0.04423583
24396,0.013168044
24397,0.028106542
24398,0.040000293
24399,0.014245555
24400,0.009653876
24401,0.023059368
24402,0.014738594
24403,0.011840151
24404,0.011689738
24405,0.08643383
24406,0.035527535
24407,0.034907095
24408,0.013739909
24409,0.042025078
24410,0.021832619
24411,0.020031206
24412,0.022392286
24413,0.0119141
24414,0.14606926
24415,0.030669313
24416,0.051780935
24417,0.012089576
24418,0.011391928
24419,0.02912369
24420,0.012534941
24421,0.014725552
24422,0.0805026
24423,0.014523724
24424,0.01315362
24425,0.012207247
24426,0.01188235
24427,0.3810992
24428,0.060563125
24429,0.07155141
24430,0.10381497
24431,0.009446189
24432,0.07199906
24433,0.032609314
24434,0.12858953
24435,0.122188434
24436,0.18290795
24437,0.016492667
24438,0.024722794
24439,0.03787951
24440,0.0360086
24441,0.028001592
24442,0.024924299
24443,0.012269636
24444,0.04798359
24445,0.012702104
24446,0.01279855
24447,0.08564973
24448,0.08299415
24449,0.02785148
24450,0.19759147
24451,0.01484838
24452,0.025929905
24453,0.015566897
24454,0.020115899
24455,0.053758457
24456,0.014125564
24457,0.03494124
24458,0.03500826
24459,0.011971255
24460,0.030432042
24461,0.23316506
24462,0.16772881
24463,0.019016776
24464,0.10528412
24465,0.03032959
24466,0.03843142
24467,0.049542345
24468,0.030872649
24469,0.046771698
24470,0.03395497
24471,0.010277047
24472,0.15004084
24473,0.060945332
24474,0.058479354
24475,0.08957454
24476,0.06960101
24477,0.030501809
24478,0.013259958
24479,0.1815788
24480,0.04307593
24481,0.24053985
24482,0.06500491
24483,0.12564321
24484,0.02107933
24485,0.020613974
24486,0.10374128
24487,0.02004508
24488,0.028149413
24489,0.013046818
24490,0.09541396
24491,0.025416164
24492,0.6251969
24493,0.21761061
24494,0.026809247
24495,0.10720359
24496,0.044338934
24497,0.036729723
24498,0.012479397
24499,0.013791136
24500,0.032606535
24501,0.10297289
24502,0.3840248
24503,0.4623251
24504,0.4295065
24505,0.031555317
24506,0.098298766
24507,0.14574695
24508,0.12975727
24509,0.010440788
24510,0.019937038
24511,0.06065124
24512,0.038263552
24513,0.08345731
24514,0.095316604
24515,0.069514185
24516,0.4376623
24517,0.09823467
24518,0.31663555
24519,0.4944807
24520,0.10485579
24521,0.016159689
24522,0.4491395
24523,0.021539371
24524,0.048920676
24525,0.52197653
24526,0.09757591
24527,0.044933796
24528,0.029881263
24529,0.09698734
24530,0.06649142
24531,0.05540492
24532,0.066329874
24533,0.028330049
24534,0.026990818
24535,0.06932243
24536,0.17718405
24537,0.036139626
24538,0.035547636
24539,0.05142685
24540,0.10325336
24541,0.08837417
24542,0.025040867
24543,0.027545098
24544,0.029224405
24545,0.07443042
24546,0.024474552
24547,0.042573098
24548,0.11993488
24549,0.043506373
24550,0.22416547
24551,0.030986793
24552,0.03726396
24553,0.024034461
24554,0.021879937
24555,0.018661223
24556,0.01590641
24557,0.45597953
24558,0.10774004
24559,0.08863908
24560,0.12941484
24561,0.20775521
24562,0.07594898
24563,0.03930515
24564,0.029805385
24565,0.07312049
24566,0.060650047
24567,0.14355743
24568,0.24791624
24569,0.015481267
24570,0.2904028
24571,0.036588077
24572,0.010656964
24573,0.030206406
24574,0.2743293
24575,0.028156783
24576,0.0368181
24577,0.01299011
24578,0.05065083
24579,0.03694719
24580,0.021000847
24581,0.11435064
24582,0.48125952
24583,0.09486608
24584,0.07072913
24585,0.013021089
24586,0.02431055
24587,0.06457927
24588,0.062816225
24589,0.011772639
24590,0.02409752
24591,0.011324025
24592,0.104975566
24593,0.15050106
24594,0.09389972
24595,0.087630264
24596,0.08204738
24597,0.011637486
24598,0.033439446
24599,0.043362528
24600,0.02600723
24601,0.035405703
24602,0.11666297
24603,0.06528627
24604,0.33670458
24605,0.020302802
24606,0.039541453
24607,0.03570868
24608,0.025297914
24609,0.01768633
24610,0.031106686
24611,0.04779375
24612,0.026844913
24613,0.02443204
24614,0.05066212
24615,0.25608718
24616,0.35100076
24617,0.038228016
24618,0.04126547
24619,0.03288998
24620,0.09094552
24621,0.0678896
24622,0.07593363
24623,0.016152965
24624,0.013702672
24625,0.05303731
24626,0.25039762
24627,0.029373799
24628,0.025218591
24629,0.045897096
24630,0.009856386
24631,0.13928479
24632,0.07776438
24633,0.3723789
24634,0.332611
24635,0.3312447
24636,0.077189505
24637,0.047449667
24638,0.026683427
24639,0.07387109
24640,0.04576079
24641,0.113828525
24642,0.063117154
24643,0.60969716
24644,0.09660243
24645,0.020657584
24646,0.12740298
24647,0.043067005
24648,0.03355653
24649,0.016962541
24650,0.010938194
24651,0.012690297
24652,0.04743615
24653,0.02892009
24654,0.022447674
24655,0.021469787
24656,0.018693976
24657,0.025787292
24658,0.09710608
24659,0.08412335
24660,0.091690466
24661,0.076637805
24662,0.11902022
24663,0.33567286
24664,0.4527101
24665,0.07599589
24666,0.033295922
24667,0.08891203
24668,0.022921363
24669,0.048439868
24670,0.025238551
24671,0.059367556
24672,0.043921124
24673,0.12774964
24674,0.033150915
24675,0.118316665
24676,0.037912566
24677,0.04059497
24678,0.030049244
24679,0.014896509
24680,0.13704622
24681,0.02552677
24682,0.079353675
24683,0.026904078
24684,0.01321162
24685,0.028799515
24686,0.036843363
24687,0.06367811
24688,0.09820372
24689,0.13307057
24690,0.11544463
24691,0.38004172
24692,0.22902472
24693,0.2487689
24694,0.013784191
24695,0.10407211
24696,0.012464877
24697,0.07457253
24698,0.0373962
24699,0.07306315
24700,0.031243252
24701,0.020140199
24702,0.059512604
24703,0.036806006
24704,0.021462634
24705,0.055009518
24706,0.072191484
24707,0.025120137
24708,0.0933798
24709,0.02755437
24710,0.015286652
24711,0.11239531
24712,0.01665533
24713,0.04207463
24714,0.13765801
24715,0.07159494
24716,0.13163017
24717,0.34844974
24718,0.12471686
24719,0.12511657
24720,0.07280915
24721,0.16800329
24722,0.08236013
24723,0.0851944
24724,0.066631824
24725,0.012239989
24726,0.011520446
24727,0.026077723
24728,0.28576803
24729,0.06285491
24730,0.08907085
24731,0.054515444
24732,0.06921886
24733,0.018132843
24734,0.021047575
24735,0.030049296
24736,0.042880546
24737,0.33577403
24738,0.07973893
24739,0.05690149
24740,0.12676664
24741,0.6346634
24742,0.117073484
24743,0.02482884
24744,0.3601808
24745,0.07404134
24746,0.2557786
24747,0.28743628
24748,0.073585585
24749,0.062414862
24750,0.040526357
24751,0.11799474
24752,0.14223608
24753,0.043387245
24754,0.15312448
24755,0.06892809
24756,0.011189464
24757,0.08247765
24758,0.026518263
24759,0.06637773
24760,0.09415611
24761,0.017072191
24762,0.12912074
24763,0.13576725
24764,0.2516682
24765,0.099237375
24766,0.045142617
24767,0.12352184
24768,0.21561827
24769,0.33049265
24770,0.08643538
24771,0.017892247
24772,0.06541935
24773,0.03027912
24774,0.012139318
24775,0.06611318
24776,0.5763629
24777,0.034918044
24778,0.11780104
24779,0.38318452
24780,0.13362764
24781,0.03147671
24782,0.0149835
24783,0.047987454
24784,0.064106666
24785,0.2545679
24786,0.3514947
24787,0.012276688
24788,0.17484455
24789,0.11004731
24790,0.21652168
24791,0.22900477
24792,0.14343046
24793,0.18315937
24794,0.36658752
24795,0.10184763
24796,0.056834314
24797,0.09882582
24798,0.057957634
24799,0.2471928
24800,0.9654308
24801,0.0943048
24802,0.04648641
24803,0.3839532
24804,0.030423008
24805,0.05269503
24806,0.1996819
24807,0.016713647
24808,0.059831485
24809,0.083109
24810,0.017798102
24811,0.07482448
24812,0.01290488
24813,0.56904304
24814,0.3159107
24815,0.1028323
24816,0.26207656
24817,0.13283029
24818,0.2514317
24819,0.36292142
24820,0.34124058
24821,0.027597664
24822,0.22966632
24823,0.1897704
24824,0.10975348
24825,0.95540583
24826,0.29701146
24827,0.33241555
24828,0.010623065
24829,0.028654737
24830,0.21565004
24831,0.06414546
24832,0.022910964
24833,0.02164761
24834,0.013241792
24835,0.059130836
24836,0.012647495
24837,0.011578874
24838,0.039980967
24839,0.13859303
24840,0.119105674
24841,0.1168254
24842,0.12784182
24843,0.10094281
24844,0.34592542
24845,0.21354625
24846,0.028114256
24847,0.10542178
24848,0.25735387
24849,0.013492637
24850,0.051460028
24851,0.9822799
24852,0.98919815
24853,0.6188409
24854,0.024102274
24855,0.01849529
24856,0.10860027
24857,0.4348232
24858,0.094022855
24859,0.06678788
24860,0.064786814
24861,0.085149094
24862,0.06825375
24863,0.013061836
24864,0.44774026
24865,0.016455146
24866,0.033830293
24867,0.1290892
24868,0.12329741
24869,0.06298122
24870,0.05997412
24871,0.32350147
24872,0.29985893
24873,0.026840964
24874,0.10708063
24875,0.10642682
24876,0.09796888
24877,0.982819
24878,0.79531157
24879,0.63429755
24880,0.04231135
24881,0.02512241
24882,0.011765017
24883,0.4117739
24884,0.084994875
24885,0.2586113
24886,0.04698119
24887,0.10141676
24888,0.02446719
24889,0.15464628
24890,0.12722307
24891,0.13961084
24892,0.29751673
24893,0.51568735
24894,0.52847403
24895,0.3705844
24896,0.13962191
24897,0.10168982
24898,0.062547244
24899,0.120028876
24900,0.0784221
24901,0.043614265
24902,0.022680966
24903,0.13457757
24904,0.16777395
24905,0.08176676
24906,0.1122542
24907,0.026880618
24908,0.8946132
24909,0.99195284
24910,0.96518844
24911,0.12387486
24912,0.046088137
24913,0.21996027
24914,0.39679593
24915,0.01893914
24916,0.012639236
24917,0.019409094
24918,0.020484693
24919,0.055071756
24920,0.11459401
24921,0.06316509
24922,0.39791632
24923,0.97522897
24924,0.07917349
24925,0.12929967
24926,0.109555736
24927,0.1595265
24928,0.07512787
24929,0.34350646
24930,0.15073946
24931,0.034528185
24932,0.10268831
24933,0.10258564
24934,0.1121781
24935,0.04813422
24936,0.031379115
24937,0.26506257
24938,0.25907755
24939,0.17883384
24940,0.08317482
24941,0.023251055
24942,0.07690002
24943,0.086878195
24944,0.25025064
24945,0.030046374
24946,0.055528063
24947,0.049864147
24948,0.02468524
24949,0.050078683
24950,0.05127736
24951,0.35626
24952,0.6281503
24953,0.36810297
24954,0.1594867
24955,0.12899214
24956,0.17873861
24957,0.1585219
24958,0.61486113
24959,0.08084201
24960,0.037052948
24961,0.032227773
24962,0.23336874
24963,0.17779812
24964,0.33374724
24965,0.45483354
24966,0.37394503
24967,0.23803623
24968,1.0
24969,0.14265755
24970,0.020365601
24971,0.21886005
24972,0.24371216
24973,0.025130244
24974,0.049771365
24975,0.25096917
24976,0.07377645
24977,0.04341445
24978,0.044623815
24979,0.057230074
24980,0.1290752
24981,0.378657
24982,0.287329
24983,0.5256428
24984,0.2645347
24985,0.13588934
24986,0.12624706
24987,0.36203754
24988,0.026443858
24989,0.18054016
24990,0.073136605
24991,0.053978607
24992,0.41205698
24993,0.2612386
24994,0.05111545
24995,0.48268116
24996,0.2600075
24997,0.010284412
24998,0.07920254
24999,0.12163175
25000,0.07928725
25001,0.012132761
25002,0.013083645
25003,0.012078036
25004,0.044021938
25005,0.074958615
25006,0.10553266
25007,0.112823136
25008,0.13183373
25009,0.41053134
25010,0.7941031
25011,0.42777473
25012,0.37366694
25013,0.5619867
25014,0.10683664
25015,0.074251056
25016,0.06303737
25017,0.14086176
25018,0.20157291
25019,0.07276334
25020,0.029894035
25021,0.00979206
25022,0.1085103
25023,0.08306934
25024,0.01775845
25025,0.05521496
25026,0.10106754
25027,0.01610549
25028,0.036469713
25029,0.015855826
25030,0.01886148
25031,0.0149996495
25032,0.04004474
25033,0.08690745
25034,0.05882418
25035,0.1051706
25036,0.3551137
25037,0.23193538
25038,0.35228118
25039,0.76096666
25040,0.6627378
25041,0.36773944
25042,0.21521062
25043,0.043797866
25044,0.02233485
25045,0.061459754
25046,0.13194117
25047,0.018122373
25048,0.032568917
25049,0.9740368
25050,0.06477978
25051,0.018339649
25052,0.067558475
25053,0.067569524
25054,0.12664342
25055,0.03499525
25056,0.054706022
25057,0.01610863
25058,0.040012754
25059,0.027075736
25060,0.0175873
25061,0.04022809
25062,0.10350446
25063,0.11824088
25064,0.63369644
25065,0.39214817
25066,0.23714018
25067,0.99135727
25068,0.4003499
25069,0.44962013
25070,0.24126048
25071,0.0370947
25072,0.038846046
25073,0.05373376
25074,0.04813473
25075,0.035811033
25076,0.06469059
25077,0.47249627
25078,0.17633744
25079,0.36770612
25080,0.024966344
25081,0.10431681
25082,0.11230906
25083,0.121034876
25084,0.2549545
25085,0.049805086
25086,0.025421852
25087,0.05104785
25088,0.14128947
25089,0.97357285
25090,0.34760374
25091,0.6472947
25092,0.34712538
25093,0.31564817
25094,0.16548039
25095,0.2073985
25096,0.0372679
25097,0.022911247
25098,0.015011841
25099,0.012189788
25100,0.029618481
25101,0.025547571
25102,0.14265831
25103,0.12256498
25104,0.0921904
25105,0.27490163
25106,0.02125703
25107,0.068015754
25108,0.013148763
25109,0.3685571
25110,0.0303126
25111,0.014167935
25112,0.13206747
25113,0.24703614
25114,0.034377027
25115,0.0102640595
25116,0.20846702
25117,0.15836832
25118,0.07941448
25119,0.10934877
25120,0.024285682
25121,0.10353452
25122,0.09459334
25123,0.03141209
25124,0.13362955
25125,0.10614355
25126,0.04477103
25127,0.025840584
25128,0.011698598
25129,0.21472035
25130,0.011774666
25131,0.10745473
25132,0.03328077
25133,0.036053244
25134,0.1515212
25135,0.0496035
25136,0.059503812
25137,0.012084213
25138,0.05790709
25139,0.17500119
25140,0.37203923
25141,0.6024259
25142,0.11877845
25143,0.014189349
25144,0.016840193
25145,0.01603415
25146,0.024162304
25147,0.05636973
25148,0.014716302
25149,0.07071777
25150,0.21639267
25151,0.013186929
25152,0.020627465
25153,0.014795888
25154,0.018226273
25155,0.014790685
25156,0.018228192
25157,0.104529634
25158,0.118772015
25159,0.42754
25160,0.018199382
25161,0.01704076
25162,0.04027389
25163,0.092492335
25164,0.1171531
25165,0.40277952
25166,0.129344
25167,0.014568879
25168,0.22536437
25169,0.0213351
25170,0.03365226
25171,0.07489591
25172,0.15319899
25173,0.0615968
25174,0.013678392
25175,0.018252227
25176,0.012612083
25177,0.25911638
25178,0.02945723
25179,0.017393922
25180,0.030841386
25181,0.13809492
25182,0.090660155
25183,0.055018026
25184,0.024516935
25185,0.038216684
25186,0.063294776
25187,0.3645912
25188,0.046774507
25189,0.022092812
25190,0.03790676
25191,0.043373015
25192,0.057540253
25193,0.25695536
25194,0.060056344
25195,0.23590766
25196,0.098104805
25197,0.029919151
25198,0.0588155
25199,0.056193046
25200,0.03076789
25201,0.2626334
25202,0.0159163
25203,0.14235522
25204,0.021792214
25205,0.11612743
25206,0.076435186
25207,0.012503137
25208,0.45468932
25209,0.61287487
25210,0.120358
25211,0.086037494
25212,0.11515319
25213,0.055195358
25214,0.04106161
25215,0.17467262
25216,0.10474268
25217,0.09469519
25218,0.9192531
25219,0.01646239
25220,0.085920475
25221,0.014437717
25222,0.09030231
25223,0.07080983
25224,0.018832305
25225,0.034539632
25226,0.10876191
25227,0.42709613
25228,0.07488453
25229,0.21048833
25230,0.021142552
25231,0.09515075
25232,0.029082824
25233,0.10507985
25234,0.035871245
25235,0.029925898
25236,0.054648455
25237,0.07391314
25238,0.025762139
25239,0.016862335
25240,0.0760948
25241,0.023763536
25242,0.14320648
25243,0.044644285
25244,0.0405179
25245,0.02006991
25246,0.026015198
25247,0.0911061
25248,0.101742335
25249,0.021261746
25250,0.036443736
25251,0.9886609
25252,0.045425512
25253,0.12577358
25254,0.06098935
25255,0.033712126
25256,0.048795376
25257,0.05377916
25258,0.014309174
25259,0.016821142
25260,0.2673944
25261,0.03671733
25262,0.009895652
25263,0.048398923
25264,0.14254041
25265,0.01563111
25266,0.011915101
25267,0.09920404
25268,0.038342074
25269,0.022427341
25270,0.055478755
25271,0.3540834
25272,0.023400843
25273,0.017380266
25274,0.0098725315
25275,0.0113515295
25276,0.01221368
25277,0.07385761
25278,0.010495198
25279,0.0336494
25280,0.24961567
25281,0.06777504
25282,0.012780145
25283,0.015262497
25284,0.075739264
25285,0.15532096
25286,0.11665563
25287,0.07357839
25288,0.06773379
25289,0.04096461
25290,0.050117582
25291,0.01893862
25292,0.06509351
25293,0.24741107
25294,0.2268966
25295,0.011379255
25296,0.044479955
25297,0.021636046
25298,0.01277309
25299,0.012899253
25300,0.012077169
25301,0.019543402
25302,0.01589595
25303,0.016397143
25304,0.010981309
25305,0.015576609
25306,0.01548834
25307,0.011681099
25308,0.02019682
25309,0.04331778
25310,0.052672762
25311,0.112060495
25312,0.009809651
25313,0.012147358
25314,0.11530153
25315,0.34617049
25316,0.039825324
25317,0.0134261735
25318,0.014081771
25319,0.030189112
25320,0.010966821
25321,0.02911352
25322,0.014285174
25323,0.015417444
25324,0.011840151
25325,0.12179166
25326,0.031712808
25327,0.04029168
25328,0.012941893
25329,0.043821387
25330,0.01658068
25331,0.012193449
25332,0.017211176
25333,0.011112666
25334,0.14288831
25335,0.026279947
25336,0.056356616
25337,0.011532021
25338,0.0111593995
25339,0.042370684
25340,0.0117931655
25341,0.017134914
25342,0.07736811
25343,0.011537017
25344,0.3935095
25345,0.06510681
25346,0.064452946
25347,0.0985129
25348,0.082189895
25349,0.02846473
25350,0.012421622
25351,0.011100883
25352,0.10375714
25353,0.018744832
25354,0.107573725
25355,0.18641038
25356,0.01738924
25357,0.047918174
25358,0.031777345
25359,0.041173544
25360,0.025724312
25361,0.012286553
25362,0.045285467
25363,0.012795637
25364,0.012501731
25365,0.0112751685
25366,0.088691995
25367,0.06481815
25368,0.028745873
25369,0.19905575
25370,0.02289371
25371,0.027866442
25372,0.00930781
25373,0.0138154
25374,0.02685347
25375,0.055783164
25376,0.021623487
25377,0.014947346
25378,0.03374059
25379,0.033845585
25380,0.011971255
25381,0.018125547
25382,0.02722314
25383,0.23885722
25384,0.24926984
25385,0.021772934
25386,0.19781959
25387,0.020378074
25388,0.09316092
25389,0.03011349
25390,0.03695067
25391,0.012517956
25392,0.027682755
25393,0.030270925
25394,0.039644033
25395,0.04258715
25396,0.029603988
25397,0.030600354
25398,0.021943718
25399,0.12732047
25400,0.052736875
25401,0.052624505
25402,0.030096242
25403,0.11706054
25404,0.07322036
25405,0.09626919
25406,0.031305764
25407,0.21789998
25408,0.056308415
25409,0.35415575
25410,0.09175348
25411,0.22067507
25412,0.03493791
25413,0.022477102
25414,0.0206183
25415,0.05694166
25416,0.012101892
25417,0.22119635
25418,0.5965575
25419,0.13462397
25420,0.026972327
25421,0.10851829
25422,0.038474888
25423,0.024867877
25424,0.047543954
25425,0.029368442
25426,0.022490164
25427,0.0289794
25428,0.15736222
25429,0.37291184
25430,0.5085533
25431,0.43509087
25432,0.030565266
25433,0.043009788
25434,0.1353084
25435,0.13012217
25436,0.010714577
25437,0.06484539
25438,0.047983415
25439,0.086801395
25440,0.05223022
25441,0.036630698
25442,0.41821963
25443,0.08005164
25444,0.21871045
25445,0.49587756
25446,0.108954385
25447,0.019829325
25448,0.4390159
25449,0.05643855
25450,0.5810196
25451,0.063549206
25452,0.05060055
25453,0.03209172
25454,0.049827628
25455,0.05545917
25456,0.0918659
25457,0.05123562
25458,0.029097963
25459,0.04105107
25460,0.2602342
25461,0.036580067
25462,0.039251555
25463,0.05034569
25464,0.07975265
25465,0.08459126
25466,0.029052505
25467,0.028746977
25468,0.026109619
25469,0.039171282
25470,0.112750486
25471,0.14062905
25472,0.04365619
25473,0.014118837
25474,0.015984733
25475,0.45372486
25476,0.11859394
25477,0.052223306
25478,0.25272712
25479,0.3888981
25480,0.11472579
25481,0.06914251
25482,0.016274508
25483,0.021643031
25484,0.033109486
25485,0.058256973
25486,0.09804643
25487,0.22896211
25488,0.44073132
25489,0.015504425
25490,0.28014487
25491,0.037358634
25492,0.02547876
25493,0.016176386
25494,0.038429208
25495,0.25347468
25496,0.019304715
25497,0.04098816
25498,0.011716111
25499,0.03750089
25500,0.03575037
25501,0.022212738
25502,0.116396494
25503,0.3581716
25504,0.09333992
25505,0.10352225
25506,0.016179832
25507,0.018958395
25508,0.048314363
25509,0.06480327
25510,0.023867648
25511,0.12398992
25512,0.115553446
25513,0.08998298
25514,0.16013667
25515,0.06191322
25516,0.03208428
25517,0.042390894
25518,0.030149912
25519,0.036624826
25520,0.009216519
25521,0.12352805
25522,0.0658576
25523,0.3303624
25524,0.016045999
25525,0.0387882
25526,0.03560224
25527,0.033170454
25528,0.016675599
25529,0.03279807
25530,0.049255848
25531,0.022737596
25532,0.045248732
25533,0.25827307
25534,0.37500888
25535,0.032545872
25536,0.0404895
25537,0.08853354
25538,0.09344101
25539,0.01832322
25540,0.080218524
25541,0.016038746
25542,0.033991728
25543,0.23971722
25544,0.027999705
25545,0.022744164
25546,0.034832686
25547,0.009919267
25548,0.1394941
25549,0.07754667
25550,0.332121
25551,0.36392134
25552,0.34785303
25553,0.06723621
25554,0.046374112
25555,0.021168392
25556,0.07282848
25557,0.0439776
25558,0.12971132
25559,0.06276848
25560,0.58266246
25561,0.10298154
25562,0.12540677
25563,0.058501042
25564,0.035461653
25565,0.017336875
25566,0.047500096
25567,0.017900717
25568,0.027644854
25569,0.09741766
25570,0.07783758
25571,0.09435145
25572,0.08490371
25573,0.122541316
25574,0.3310861
25575,0.4598935
25576,0.06959301
25577,0.033512678
25578,0.08903062
25579,0.017522717
25580,0.043709267
25581,0.07418537
25582,0.055757225
25583,0.1280847
25584,0.04314365
25585,0.11868252
25586,0.046269264
25587,0.044367272
25588,0.031312045
25589,0.22608899
25590,0.011881085
25591,0.026182562
25592,0.08924012
25593,0.026295988
25594,0.011739925
25595,0.02697364
25596,0.035610333
25597,0.066283196
25598,0.096504584
25599,0.12703389
25600,0.11425189
25601,0.34739804
25602,0.21477765
25603,0.24605247
25604,0.014228882
25605,0.10705465
25606,0.05602452
25607,0.042548407
25608,0.07099496
25609,0.053149905
25610,0.033646923
25611,0.055294044
25612,0.06878715
25613,0.024436139
25614,0.071536854
25615,0.028444583
25616,0.1153001
25617,0.0168096
25618,0.04223771
25619,0.1484736
25620,0.068898775
25621,0.21646528
25622,0.48956904
25623,0.12246673
25624,0.2121149
25625,0.0729383
25626,0.089726366
25627,0.07918893
25628,0.09794535
25629,0.06389821
25630,0.0314278
25631,0.20339993
25632,0.06507331
25633,0.088852
25634,0.065634415
25635,0.07599141
25636,0.021253763
25637,0.019153267
25638,0.043532066
25639,0.33735803
25640,0.0704613
25641,0.056498565
25642,0.12586923
25643,0.7328507
25644,0.11682026
25645,0.019308949
25646,0.34648338
25647,0.07266518
25648,0.24653226
25649,0.29246274
25650,0.080414474
25651,0.023516241
25652,0.05516978
25653,0.124866135
25654,0.16521071
25655,0.04260072
25656,0.20164561
25657,0.059472572
25658,0.0765797
25659,0.016622372
25660,0.018074106
25661,0.08275078
25662,0.11348095
25663,0.016495861
25664,0.12738922
25665,0.15355198
25666,0.25231567
25667,0.09945329
25668,0.043319993
25669,0.122947015
25670,0.16344449
25671,0.29407352
25672,0.062720604
25673,0.058886323
25674,0.026939118
25675,0.13938175
25676,0.630847
25677,0.03458946
25678,0.12385285
25679,0.3816157
25680,0.15434098
25681,0.020890146
25682,0.015557148
25683,0.04677642
25684,0.069991
25685,0.35360324
25686,0.34412262
25687,0.012087808
25688,0.17624788
25689,0.10879422
25690,0.2161273
25691,0.13209026
25692,0.14093044
25693,0.18302454
25694,0.35955176
25695,0.09563241
25696,0.06410396
25697,0.07908926
25698,0.074467696
25699,0.26436594
25700,0.98270315
25701,0.048323665
25702,0.38925827
25703,0.051746223
25704,0.2538416
25705,0.055338897
25706,0.08463511
25707,0.01662513
25708,0.068152204
25709,0.01119341
25710,0.5722959
25711,0.059723735
25712,0.10314656
25713,0.26015252
25714,0.14334984
25715,0.25662455
25716,0.3522166
25717,0.4067162
25718,0.027117718
25719,0.24220665
25720,0.18864259
25721,0.122409955
25722,0.9740505
25723,0.4626404
25724,0.51360655
25725,0.0105731515
25726,0.029303834
25727,0.13311948
25728,0.04753589
25729,0.022487279
25730,0.025983512
25731,0.013162683
25732,0.01519961
25733,0.058617078
25734,0.010641037
25735,0.011376467
25736,0.011573766
25737,0.04519983
25738,0.13842386
25739,0.11224501
25740,0.118103124
25741,0.12710129
25742,0.17783791
25743,0.32190588
25744,0.1936214
25745,0.028672786
25746,0.09660257
25747,0.26851404
25748,0.015046133
25749,0.06359913
25750,0.9806151
25751,0.9882895
25752,0.7454485
25753,0.024309782
25754,0.016386181
25755,0.11983408
25756,0.44106317
25757,0.093032
25758,0.015793776
25759,0.07702331
25760,0.029919239
25761,0.0111379735
25762,0.014106539
25763,0.06076594
25764,0.093887135
25765,0.070679665
25766,0.013969396
25767,0.44780275
25768,0.016699675
25769,0.033430863
25770,0.12482924
25771,0.123740934
25772,0.06255559
25773,0.055237576
25774,0.24461898
25775,0.3007068
25776,0.10802339
25777,0.102685414
25778,0.10190319
25779,0.9843836
25780,0.82642955
25781,0.7433897
25782,0.013799173
25783,0.04093432
25784,0.025017565
25785,0.014705532
25786,0.45282224
25787,0.08488802
25788,0.25895613
25789,0.047181845
25790,0.11814117
25791,0.13378647
25792,0.11721516
25793,0.15752557
25794,0.2801574
25795,0.5081947
25796,0.49210536
25797,0.22328606
25798,0.14635706
25799,0.113509
25800,0.064917654
25801,0.1235467
25802,0.058320094
25803,0.04315276
25804,0.12789446
25805,0.1316263
25806,0.09268762
25807,0.110272415
25808,0.02692601
25809,0.95283896
25810,0.99192345
25811,0.96624064
25812,0.12823056
25813,0.04224007
25814,0.31939068
25815,0.016262932
25816,0.3962619
25817,0.011630977
25818,0.018269446
25819,0.020836344
25820,0.043340173
25821,0.11589661
25822,0.059626963
25823,0.3741473
25824,0.97726077
25825,0.08073201
25826,0.12628943
25827,0.10795442
25828,0.1633577
25829,0.07383465
25830,0.3401314
25831,0.22332512
25832,0.04515992
25833,0.10295372
25834,0.115955964
25835,0.11265106
25836,0.04198873
25837,0.025766108
25838,0.26219633
25839,0.25951445
25840,0.16774899
25841,0.08315554
25842,0.023273213
25843,0.09918783
25844,0.069585636
25845,0.23801771
25846,0.033999108
25847,0.05041196
25848,0.052056927
25849,0.023440676
25850,0.048015438
25851,0.072789446
25852,0.3809641
25853,0.63914037
25854,0.25812405
25855,0.18967484
25856,0.12992826
25857,0.15281628
25858,0.12697864
25859,0.60967535
25860,0.076855734
25861,0.04417493
25862,0.030559206
25863,0.15590739
25864,0.19517052
25865,0.23353244
25866,0.45621657
25867,0.27960154
25868,0.24343467
25869,1.0
25870,0.116933495
25871,0.020533228
25872,0.20716935
25873,0.24946618
25874,0.020396812
25875,0.06153295
25876,0.2524932
25877,0.009781212
25878,0.07191513
25879,0.039034035
25880,0.042658977
25881,0.059448652
25882,0.14227913
25883,0.40797415
25884,0.27124393
25885,0.522316
25886,0.26805672
25887,0.14685903
25888,0.14324836
25889,0.36736366
25890,0.01404864
25891,0.028405536
25892,0.12636483
25893,0.07678089
25894,0.048064683
25895,0.4361069
25896,0.2418836
25897,0.049619485
25898,0.48801672
25899,0.2883699
25900,0.010328061
25901,0.07870303
25902,0.13376872
25903,0.08629017
25904,0.01275311
25905,0.012905955
25906,0.036307935
25907,0.08398738
25908,0.10689353
25909,0.11487182
25910,0.141646
25911,0.43478158
25912,0.76081294
25913,0.40004745
25914,0.35354987
25915,0.5437575
25916,0.11209472
25917,0.01826715
25918,0.0751193
25919,0.06633762
25920,0.14943042
25921,0.25882784
25922,0.065079294
25923,0.029207153
25924,0.07354236
25925,0.11325396
25926,0.018403938
25927,0.009600112
25928,0.059645142
25929,0.11411238
25930,0.026869927
25931,0.03321705
25932,0.01843388
25933,0.019593362
25934,0.015746187
25935,0.0400396
25936,0.0946815
25937,0.062301163
25938,0.1036945
25939,0.24746297
25940,0.14315765
25941,0.35437652
25942,0.7529104
25943,0.6456024
25944,0.26631168
25945,0.22002073
25946,0.048140842
25947,0.019553456
25948,0.054799873
25949,0.12174018
25950,0.017279726
25951,0.029340755
25952,0.9753154
25953,0.05799244
25954,0.018814748
25955,0.16063184
25956,0.05908349
25957,0.21313891
25958,0.059200592
25959,0.05331394
25960,0.016752435
25961,0.038228877
25962,0.102450386
25963,0.11767385
25964,0.6120576
25965,0.3952111
25966,0.22586057
25967,0.9938914
25968,0.3915511
25969,0.43983394
25970,0.16097404
25971,0.038117614
25972,0.032663804
25973,0.025461238
25974,0.0523593
25975,0.049885433
25976,0.03744344
25977,0.05934899
25978,0.49451038
25979,0.17631602
25980,0.35953313
25981,0.022857722
25982,0.106619395
25983,0.11653405
25984,0.13552602
25985,0.19080876
25986,0.053982764
25987,0.028454361
25988,0.013929752
25989,0.05485403
25990,0.14566608
25991,0.97573173
25992,0.36020374
25993,0.7413211
25994,0.36332104
25995,0.2734576
25996,0.16179387
25997,0.20924921
25998,0.018012224
25999,0.030159341
26000,0.03692006
26001,0.1277746
26002,0.12143331
26003,0.06034985
26004,0.3134414
26005,0.023750281
26006,0.067622855
26007,0.012530501
26008,0.35038653
26009,0.034229342
26010,0.12896864
26011,0.24313712
26012,0.032332104
26013,0.010243782
26014,0.21658109
26015,0.17391366
26016,0.09219852
26017,0.117227554
26018,0.10223799
26019,0.074617445
26020,0.033671267
26021,0.12845396
26022,0.12267317
26023,0.023663906
26024,0.0114694955
26025,0.21946377
26026,0.011754388
26027,0.014768396
26028,0.11676108
26029,0.011400462
26030,0.0368756
26031,0.12882192
26032,0.048939057
26033,0.049795035
26034,0.011999067
26035,0.062942944
26036,0.1746909
26037,0.37318152
26038,0.59485805
26039,0.0957859
26040,0.017817905
26041,0.01787139
26042,0.02491488
26043,0.05850516
26044,0.013987765
26045,0.06572588
26046,0.23415805
26047,0.013281776
26048,0.025151422
26049,0.014923093
26050,0.027793821
26051,0.013355568
26052,0.017756918
26053,0.09949806
26054,0.11404362
26055,0.43122587
26056,0.019058853
26057,0.017168665
26058,0.041575197
26059,0.09218045
26060,0.1275224
26061,0.39569837
26062,0.13599256
26063,0.014106454
26064,0.013070502
26065,0.22546679
26066,0.019256152
26067,0.03971747
26068,0.07306635
26069,0.15454637
26070,0.058856722
26071,0.012683373
26072,0.018630037
26073,0.0122546265
26074,0.21491744
26075,0.028646227
26076,0.017119383
26077,0.017097453
26078,0.034168426
26079,0.12796947
26080,0.0878636
26081,0.048468407
26082,0.021496681
26083,0.0357877
26084,0.07053923
26085,0.3833299
26086,0.04391363
26087,0.026370062
26088,0.03931959
26089,0.056498062
26090,0.19681002
26091,0.061487313
26092,0.24042587
26093,0.0897437
26094,0.029083677
26095,0.016521439
26096,0.054569285
26097,0.052054968
26098,0.028761115
26099,0.21393034
26100,0.10352011
26101,0.01589602
26102,0.24996765
26103,0.021853432
26104,0.1160859
26105,0.06581259
26106,0.012583875
26107,0.3418391
26108,0.5937149
26109,0.11024698
26110,0.09256553
26111,0.013750394
26112,0.1172661
26113,0.04983455
26114,0.040296137
26115,0.1694388
26116,0.14991552
26117,0.09947796
26118,0.981149
26119,0.08827165
26120,0.016939009
26121,0.07347197
26122,0.08369071
26123,0.018017907
26124,0.03514847
26125,0.11223209
26126,0.34900007
26127,0.08581191
26128,0.19668119
26129,0.023311647
26130,0.014920468
26131,0.10327296
26132,0.029790513
26133,0.10510866
26134,0.035904318
26135,0.009689211
26136,0.02784023
26137,0.052589748
26138,0.07568196
26139,0.026010357
26140,0.06389558
26141,0.15282269
26142,0.039405182
26143,0.05226654
26144,0.015588104
26145,0.029299702
26146,0.08603807
26147,0.12443714
26148,0.020959029
26149,0.03439985
26150,0.99049795
26151,0.04809035
26152,0.14012875
26153,0.051029995
26154,0.03515501
26155,0.051005702
26156,0.05362434
26157,0.014132202
26158,0.028099438
26159,0.2626524
26160,0.034089956
26161,0.010538486
26162,0.0111356685
26163,0.009947206
26164,0.013725579
26165,0.016560256
26166,0.047188997
26167,0.13164495
26168,0.020029426
26169,0.011787024
26170,0.1096792
26171,0.03541433
26172,0.018948687
26173,0.054410376
26174,0.37462705
26175,0.021637857
26176,0.011390872
26177,0.025221592
26178,0.06424133
26179,0.010523397
26180,0.034847513
26181,0.18885536
26182,0.07144879
26183,0.013880652
26184,0.014769414
26185,0.061973497
26186,0.16013482
26187,0.121646926
26188,0.06947032
26189,0.074000984
26190,0.036874108
26191,0.04808137
26192,0.017715981
26193,0.06519422
26194,0.21200283
26195,0.22535212
26196,0.011001821
26197,0.044135533
26198,0.020216268
26199,0.012189435
26200,0.012430189
26201,0.012079051
26202,0.018318368
26203,0.012585048
26204,0.010901979
26205,0.015872898
26206,0.011529309
26207,0.021795917
26208,0.04401948
26209,0.05190766
26210,0.13116413
26211,0.10458691
26212,0.011467735
26213,0.27436745
26214,0.021222567
26215,0.013065439
26216,0.03462178
26217,0.01363761
26218,0.012172782
26219,0.010967724
26220,0.016741686
26221,0.029836792
26222,0.014106304
26223,0.015565793
26224,0.023724457
26225,0.011760889
26226,0.011471193
26227,0.07885013
26228,0.03228468
26229,0.041678745
26230,0.013858002
26231,0.04558504
26232,0.017350644
26233,0.011412167
26234,0.0197013
26235,0.010293835
26236,0.13961586
26237,0.026498212
26238,0.053464163
26239,0.011703157
26240,0.011240138
26241,0.030640384
26242,0.011851808
26243,0.01925763
26244,0.091019295
26245,0.015612723
26246,0.012393457
26247,0.013883358
26248,0.29019102
26249,0.064475045
26250,0.080392264
26251,0.07941108
26252,0.009527492
26253,0.0887857
26254,0.031764872
26255,0.11604162
26256,0.022704203
26257,0.1210083
26258,0.14662741
26259,0.017302033
26260,0.01243162
26261,0.036179572
26262,0.0266875
26263,0.010415113
26264,0.013206468
26265,0.011961955
26266,0.014644098
26267,0.0467106
26268,0.012650886
26269,0.09979962
26270,0.071281984
26271,0.025915697
26272,0.17648448
26273,0.016661862
26274,0.018989468
26275,0.009388548
26276,0.015845751
26277,0.019808814
26278,0.056198463
26279,0.022015503
26280,0.039851703
26281,0.047470387
26282,0.011818998
26283,0.011871832
26284,0.028045326
26285,0.025106166
26286,0.24512349
26287,0.19882686
26288,0.011532424
26289,0.10011354
26290,0.013892564
26291,0.023644807
26292,0.07508447
26293,0.02627235
26294,0.028424475
26295,0.027702639
26296,0.03148089
26297,0.03409693
26298,0.057350393
26299,0.010145198
26300,0.031359855
26301,0.022990735
26302,0.1423668
26303,0.033588927
26304,0.04780043
26305,0.102518275
26306,0.3083296
26307,0.021099927
26308,0.027287513
26309,0.025891945
26310,0.18266113
26311,0.04979338
26312,0.15664686
26313,0.05386611
26314,0.13001141
26315,0.034111474
26316,0.02267493
26317,0.060675297
26318,0.0094233565
26319,0.026518874
26320,0.015187863
26321,0.118977204
26322,0.02438298
26323,0.7488459
26324,0.122931495
26325,0.029298266
26326,0.027136227
26327,0.107220575
26328,0.044574898
26329,0.015993265
26330,0.022875978
26331,0.06590156
26332,0.022832138
26333,0.06400897
26334,0.22783893
26335,0.51192147
26336,0.43658864
26337,0.04773358
26338,0.09828396
26339,0.12659316
26340,0.07457061
26341,0.05345519
26342,0.059221838
26343,0.05471809
26344,0.39223096
26345,0.08894763
26346,0.14578891
26347,0.49461907
26348,0.10438402
26349,0.019899147
26350,0.48691618
26351,0.015453212
26352,0.06618124
26353,0.69285774
26354,0.057160825
26355,0.06853408
26356,0.031381845
26357,0.100008026
26358,0.060043342
26359,0.08302641
26360,0.09543805
26361,0.02980847
26362,0.02506223
26363,0.04814021
26364,0.23869747
26365,0.050642673
26366,0.03277108
26367,0.09426585
26368,0.09949277
26369,0.117850006
26370,0.02806948
26371,0.023469657
26372,0.05215843
26373,0.09535627
26374,0.09717207
26375,0.030616337
26376,0.042876452
26377,0.023910569
26378,0.012489028
26379,0.008254715
26380,0.014011449
26381,0.46747002
26382,0.089184694
26383,0.042630717
26384,0.17047697
26385,0.29915577
26386,0.13680957
26387,0.04457477
26388,0.023692401
26389,0.021300612
26390,0.02459132
26391,0.03353467
26392,0.042855836
26393,0.057053078
26394,0.09564442
26395,0.23515862
26396,0.4580963
26397,0.015346909
26398,0.03079924
26399,0.037128642
26400,0.010424433
26401,0.03313244
26402,0.031062266
26403,0.24121864
26404,0.02390233
26405,0.04090927
26406,0.038892716
26407,0.034274545
26408,0.016954692
26409,0.07148028
26410,0.48417974
26411,0.07239538
26412,0.09832173
26413,0.015982421
26414,0.06440297
26415,0.06891358
26416,0.021349441
26417,0.014626786
26418,0.1043464
26419,0.12576035
26420,0.09447488
26421,0.085204616
26422,0.09672789
26423,0.011619656
26424,0.031155672
26425,0.035573322
26426,0.030470543
26427,0.035003506
26428,0.10828758
26429,0.0659087
26430,0.33742303
26431,0.016488716
26432,0.038708128
26433,0.03413866
26434,0.03601407
26435,0.01736417
26436,0.029794997
26437,0.048434988
26438,0.010379087
26439,0.020305054
26440,0.051069744
26441,0.21039788
26442,0.36621326
26443,0.03217215
26444,0.03985792
26445,0.056366064
26446,0.09745987
26447,0.087030955
26448,0.016752401
26449,0.052101962
26450,0.013354588
26451,0.029859683
26452,0.24138829
26453,0.029071819
26454,0.028337197
26455,0.009856386
26456,0.13880116
26457,0.074776664
26458,0.3339266
26459,0.35067827
26460,0.37327057
26461,0.06998271
26462,0.046461295
26463,0.023666674
26464,0.075104564
26465,0.041325152
26466,0.012458924
26467,0.13163978
26468,0.054856263
26469,0.60503906
26470,0.12089311
26471,0.023448486
26472,0.122153446
26473,0.07142574
26474,0.04685561
26475,0.01573806
26476,0.013971801
26477,0.012394117
26478,0.043107875
26479,0.024751095
26480,0.016767226
26481,0.02968785
26482,0.105187565
26483,0.07751676
26484,0.09561419
26485,0.07744491
26486,0.12350162
26487,0.37740332
26488,0.46648735
26489,0.07115222
26490,0.037364982
26491,0.07781877
26492,0.045682922
26493,0.06594392
26494,0.058494292
26495,0.11782338
26496,0.049192507
26497,0.11821992
26498,0.0499469
26499,0.05027009
26500,0.014979808
26501,0.01711342
26502,0.2315543
26503,0.011996005
26504,0.023019146
26505,0.0662004
26506,0.026518041
26507,0.011289241
26508,0.012487653
26509,0.025852578
26510,0.035073392
26511,0.079400145
26512,0.0944284
26513,0.13326012
26514,0.12189938
26515,0.3516691
26516,0.22333476
26517,0.2458261
26518,0.01531405
26519,0.10428661
26520,0.050618656
26521,0.034743425
26522,0.0892846
26523,0.029178768
26524,0.032578956
26525,0.013504555
26526,0.047921613
26527,0.067746356
26528,0.025311142
26529,0.054626714
26530,0.03230047
26531,0.0873308
26532,0.047702372
26533,0.14214772
26534,0.06893874
26535,0.22620252
26536,0.50259006
26537,0.12290696
26538,0.13582197
26539,0.06960441
26540,0.0893277
26541,0.08028669
26542,0.086248726
26543,0.06687304
26544,0.011494214
26545,0.027104175
26546,0.40144256
26547,0.07007916
26548,0.07199456
26549,0.053083804
26550,0.073746234
26551,0.017848002
26552,0.021173302
26553,0.019610785
26554,0.020731514
26555,0.042975217
26556,0.35682824
26557,0.07435836
26558,0.05869246
26559,0.124706104
26560,0.652464
26561,0.11613508
26562,0.022826238
26563,0.32961443
26564,0.06856821
26565,0.25062773
26566,0.29489592
26567,0.06859022
26568,0.022348681
26569,0.05053394
26570,0.047990065
26571,0.10361595
26572,0.18836652
26573,0.05021062
26574,0.15428834
26575,0.068914816
26576,0.08334169
26577,0.012646505
26578,0.018094322
26579,0.068579555
26580,0.08711331
26581,0.016236464
26582,0.13906024
26583,0.14814456
26584,0.25266552
26585,0.10125597
26586,0.043187052
26587,0.12881391
26588,0.17480752
26589,0.34209037
26590,0.060902543
26591,0.06961134
26592,0.054355416
26593,0.08201307
26594,0.6216254
26595,0.12369764
26596,0.38867888
26597,0.14837913
26598,0.014415771
26599,0.025687395
26600,0.015334232
26601,0.054446388
26602,0.08612128
26603,0.3894147
26604,0.3753775
26605,0.012276688
26606,0.10678144
26607,0.109191515
26608,0.14441685
26609,0.21017477
26610,0.14647304
26611,0.19005662
26612,0.37048894
26613,0.10208248
26614,0.06838998
26615,0.0782618
26616,0.07041993
26617,0.21788152
26618,0.980204
26619,0.04410831
26620,0.37708205
26621,0.055763166
26622,0.26297864
26623,0.05466875
26624,0.08525955
26625,0.016276266
26626,0.062354755
26627,0.010867465
26628,0.5556184
26629,0.059545908
26630,0.10422463
26631,0.26616672
26632,0.14137173
26633,0.18399855
26634,0.36187896
26635,0.40668252
26636,0.02453318
26637,0.19294836
26638,0.19451591
26639,0.10777397
26640,0.9894197
26641,0.44838262
26642,0.47004557
26643,0.026831003
26644,0.15165183
26645,0.049602628
26646,0.024091557
26647,0.013976098
26648,0.03035777
26649,0.010546615
26650,0.06148711
26651,0.010626571
26652,0.011928804
26653,0.011738927
26654,0.040186383
26655,0.0734722
26656,0.119105086
26657,0.11299526
26658,0.11834851
26659,0.18091562
26660,0.20331107
26661,0.21325436
26662,0.029912014
26663,0.0874602
26664,0.27919453
26665,0.013785531
26666,0.05073193
26667,0.9841448
26668,0.99210596
26669,0.7752847
26670,0.010529502
26671,0.024572887
26672,0.018431297
26673,0.09909243
26674,0.44541195
26675,0.1020217
26676,0.06866662
26677,0.015048595
26678,0.06355201
26679,0.08933547
26680,0.06964118
26681,0.02482413
26682,0.45555854
26683,0.017759528
26684,0.03154663
26685,0.120339945
26686,0.12691224
26687,0.06410121
26688,0.05587349
26689,0.2510657
26690,0.2915789
26691,0.03222642
26692,0.190376
26693,0.120569825
26694,0.10204435
26695,0.98479944
26696,0.81921947
26697,0.7486342
26698,0.04805821
26699,0.025183659
26700,0.4241177
26701,0.10202387
26702,0.19569443
26703,0.04913852
26704,0.10287105
26705,0.024639029
26706,0.14874265
26707,0.121788695
26708,0.16592804
26709,0.21101278
26710,0.5169963
26711,0.47141442
26712,0.21448629
26713,0.14284624
26714,0.100106396
26715,0.06238953
26716,0.12119995
26717,0.057095062
26718,0.040508945
26719,0.1162051
26720,0.12776442
26721,0.06945475
26722,0.08618535
26723,0.026972985
26724,0.9748906
26725,0.9939935
26726,0.9671946
26727,0.104360275
26728,0.056926016
26729,0.19651312
26730,0.021814862
26731,0.38779917
26732,0.018569576
26733,0.011668922
26734,0.018574154
26735,0.022018252
26736,0.041925527
26737,0.11272069
26738,0.059964105
26739,0.39427587
26740,0.9779562
26741,0.08301073
26742,0.12933677
26743,0.11923347
26744,0.16536166
26745,0.084602796
26746,0.31322408
26747,0.22195111
26748,0.04642564
26749,0.10486639
26750,0.12639412
26751,0.115220256
26752,0.044785894
26753,0.027352855
26754,0.4153543
26755,0.26402292
26756,0.24309161
26757,0.06859494
26758,0.023536816
26759,0.08217729
26760,0.0116391275
26761,0.08982823
26762,0.25649628
26763,0.03417526
26764,0.05078278
26765,0.052180327
26766,0.020233767
26767,0.02352156
26768,0.045785956
26769,0.060389306
26770,0.3573789
26771,0.64143497
26772,0.24839184
26773,0.18735415
26774,0.13877854
26775,0.17562218
26776,0.13148552
26777,0.58083904
26778,0.06398229
26779,0.046836413
26780,0.031053264
26781,0.14557211
26782,0.18099086
26783,0.16545385
26784,0.47400767
26785,0.3638226
26786,0.17892396
26787,1.0
26788,0.12508902
26789,0.016551105
26790,0.22895166
26791,0.2510408
26792,0.018302355
26793,0.25371376
26794,0.0710825
26795,0.03649282
26796,0.04400768
26797,0.05857131
26798,0.13977286
26799,0.38322452
26800,0.28813767
26801,0.4926312
26802,0.27102542
26803,0.15331365
26804,0.14489503
26805,0.36872107
26806,0.014203444
26807,0.025277082
26808,0.15500906
26809,0.073620506
26810,0.045300975
26811,0.47809708
26812,0.18524309
26813,0.0517254
26814,0.55553806
26815,0.35824248
26816,0.07463019
26817,0.13062067
26818,0.09470577
26819,0.03963997
26820,0.012132761
26821,0.0337995
26822,0.06617946
26823,0.106219456
26824,0.11205159
26825,0.13572174
26826,0.42348954
26827,0.777122
26828,0.43037015
26829,0.3498744
26830,0.5472616
26831,0.10724583
26832,0.08535596
26833,0.06612287
26834,0.15408313
26835,0.20396972
26836,0.06944896
26837,0.02376677
26838,0.071966514
26839,0.11946218
26840,0.029102355
26841,0.009556463
26842,0.060106117
26843,0.09160066
26844,0.023284633
26845,0.035509378
26846,0.018395795
26847,0.02042003
26848,0.040092465
26849,0.083938815
26850,0.057505447
26851,0.10546976
26852,0.34953827
26853,0.16206212
26854,0.33705586
26855,0.7331913
26856,0.6468907
26857,0.26520586
26858,0.21512163
26859,0.06014266
26860,0.11199548
26861,0.017426884
26862,0.97892845
26863,0.05074315
26864,0.017187264
26865,0.06652721
26866,0.08149982
26867,0.12159474
26868,0.039490633
26869,0.066350654
26870,0.043971777
26871,0.033014238
26872,0.039019514
26873,0.10056227
26874,0.12293205
26875,0.63486356
26876,0.39919388
26877,0.21592146
26878,0.9944813
26879,0.2674329
26880,0.42633024
26881,0.16071194
26882,0.03645226
26883,0.033402815
26884,0.048753865
26885,0.052724093
26886,0.016709875
26887,0.0374837
26888,0.06958096
26889,0.46564835
26890,0.09563265
26891,0.37709916
26892,0.023634829
26893,0.103739284
26894,0.13410647
26895,0.12464417
26896,0.25234812
26897,0.13268
26898,0.009483665
26899,0.027639145
26900,0.13444619
26901,0.97432244
26902,0.3502897
26903,0.74953264
26904,0.341236
26905,0.26443288
26906,0.15494105
26907,0.22095436
26908,0.04297825
26909,0.019516837
26910,0.012189788
26911,0.029060392
26912,0.027561601
26913,0.11793423
26914,0.13313834
26915,0.059771452
26916,0.22193782
26917,0.022737034
26918,0.07974923
26919,0.35890588
26920,0.036866862
26921,0.10107211
26922,0.12880282
26923,0.17007412
26924,0.033444814
26925,0.20503606
26926,0.1744946
26927,0.11234653
26928,0.12641202
26929,0.025833322
26930,0.10743125
26931,0.08494724
26932,0.033409536
26933,0.13622208
26934,0.11839645
26935,0.03847658
26936,0.018903863
26937,0.013180851
26938,0.21310408
26939,0.011774666
26940,0.011720381
26941,0.21223009
26942,0.03303153
26943,0.034205984
26944,0.12923259
26945,0.046523746
26946,0.05435632
26947,0.05506252
26948,0.18893278
26949,0.37163502
26950,0.59511614
26951,0.1296322
26952,0.014089421
26953,0.017890526
26954,0.021089517
26955,0.023849146
26956,0.05570018
26957,0.066096626
26958,0.13757044
26959,0.013505423
26960,0.023982408
26961,0.015665447
26962,0.035574935
26963,0.020252965
26964,0.013096238
26965,0.017241146
26966,0.097226806
26967,0.115882024
26968,0.43202642
26969,0.016595844
26970,0.021505415
26971,0.040824667
26972,0.09284925
26973,0.12159269
26974,0.41101214
26975,0.12664852
26976,0.015135792
26977,0.23776038
26978,0.039929017
26979,0.015638625
26980,0.085328504
26981,0.14447576
26982,0.07597708
26983,0.011920653
26984,0.019048162
26985,0.012178001
26986,0.20970291
26987,0.022789715
26988,0.03648327
26989,0.13174789
26990,0.07790786
26991,0.04684501
26992,0.024596099
26993,0.03745442
26994,0.06477065
26995,0.36546746
26996,0.040131956
26997,0.02166135
26998,0.038636502
26999,0.043713957
27000,0.05762776
27001,0.28896153
27002,0.06372631
27003,0.2119873
27004,0.090388745
27005,0.026614424
27006,0.0139827365
27007,0.062252488
27008,0.058576807
27009,0.028295636
27010,0.34656587
27011,0.100398555
27012,0.0159163
27013,0.258002
27014,0.019012893
27015,0.120120615
27016,0.07674439
27017,0.0123430705
27018,0.28756592
27019,0.59735775
27020,0.11863649
27021,0.09398995
27022,0.0139392605
27023,0.099829815
27024,0.058235317
27025,0.048356764
27026,0.08014735
27027,0.14666988
27028,0.08761195
27029,1.0
27030,0.09055307
27031,0.01654074
27032,0.07251739
27033,0.0712933
27034,0.022356246
27035,0.03452761
27036,0.102793574
27037,0.33452433
27038,0.07231021
27039,0.21448188
27040,0.023183284
27041,0.12056318
27042,0.033728924
27043,0.10861051
27044,0.039389584
27045,0.031723175
27046,0.053859174
27047,0.0692272
27048,0.023164831
27049,0.079320736
27050,0.17479615
27051,0.04146646
27052,0.05057867
27053,0.03107369
27054,0.08479942
27055,0.106490634
27056,0.021068327
27057,0.036991905
27058,0.98675025
27059,0.05247354
27060,0.15229924
27061,0.054551
27062,0.039109368
27063,0.051497612
27064,0.048371077
27065,0.01594196
27066,0.017826196
27067,0.18078908
27068,0.03337462
27069,0.011460029
27070,0.014577623
27071,0.043172363
27072,0.10718142
27073,0.02000533
27074,0.11884887
27075,0.046317764
27076,0.021053653
27077,0.05362034
27078,0.37023047
27079,0.021162082
27080,0.01917147
27081,0.0113515295
27082,0.013205735
27083,0.059569515
27084,0.036962427
27085,0.17284393
27086,0.066222675
27087,0.01385835
27088,0.014391654
27089,0.015536651
27090,0.07752515
27091,0.20978352
27092,0.12022045
27093,0.06603463
27094,0.07173812
27095,0.03428388
27096,0.05136846
27097,0.06639139
27098,0.26620865
27099,0.22876708
27100,0.046742152
27101,0.021751978
27102,0.013194536
27103,0.012384222
27104,0.012634675
27105,0.021757267
27106,0.011790092
27107,0.016480012
27108,0.010772484
27109,0.01564857
27110,0.014977989
27111,0.022214254
27112,0.052173056
27113,0.05217117
27114,0.11142147
27115,0.012147358
27116,0.12446507
27117,0.011386432
27118,0.29435256
27119,0.014920748
27120,0.012859934
27121,0.01933595
27122,0.013992166
27123,0.014191618
27124,0.012411273
27125,0.029125571
27126,0.013976419
27127,0.015734125
27128,0.011976671
27129,0.012531271
27130,0.11195471
27131,0.028331472
27132,0.03306375
27133,0.015047433
27134,0.05611549
27135,0.016540485
27136,0.02017177
27137,0.011200282
27138,0.13982025
27139,0.028118057
27140,0.05166693
27141,0.012392247
27142,0.0103329
27143,0.039102852
27144,0.012981622
27145,0.09636746
27146,0.018899053
27147,0.099693395
27148,0.012261456
27149,0.012258009
27150,0.30736557
27151,0.0616857
27152,0.06464871
27153,0.078952365
27154,0.012953129
27155,0.009446189
27156,0.011203421
27157,0.07534408
27158,0.029623695
27159,0.012651864
27160,0.11960675
27161,0.021533566
27162,0.113364704
27163,0.010345781
27164,0.18343012
27165,0.016659193
27166,0.028195353
27167,0.039367832
27168,0.038014896
27169,0.02480458
27170,0.010334374
27171,0.011867851
27172,0.013552556
27173,0.049323056
27174,0.012406152
27175,0.0112774465
27176,0.11439329
27177,0.057658464
27178,0.19438232
27179,0.022763018
27180,0.020097801
27181,0.010769444
27182,0.00930781
27183,0.013836946
27184,0.018596964
27185,0.05413989
27186,0.025292061
27187,0.011775721
27188,0.012123376
27189,0.017605089
27190,0.031543896
27191,0.18782486
27192,0.24798644
27193,0.0114511205
27194,0.09958914
27195,0.019026259
27196,0.018032633
27197,0.03360485
27198,0.09017017
27199,0.054392077
27200,0.03924842
27201,0.039606135
27202,0.030505786
27203,0.04125169
27204,0.034092076
27205,0.012147106
27206,0.023205897
27207,0.10943564
27208,0.031450007
27209,0.067664795
27210,0.030997159
27211,0.13732697
27212,0.3431109
27213,0.027295357
27214,0.3714475
27215,0.06674803
27216,0.15210927
27217,0.09775927
27218,0.10071182
27219,0.02242564
27220,0.12416926
27221,0.009886813
27222,0.020523423
27223,0.1404522
27224,0.025140928
27225,0.8261726
27226,0.10720246
27227,0.027285784
27228,0.10493792
27229,0.022403343
27230,0.048244055
27231,0.026636885
27232,0.023161637
27233,0.030823234
27234,0.06512684
27235,0.14492287
27236,0.5471252
27237,0.46153238
27238,0.046397947
27239,0.06317787
27240,0.16183266
27241,0.012731778
27242,0.07786838
27243,0.0565323
27244,0.071333
27245,0.03460327
27246,0.440838
27247,0.18462458
27248,0.11707857
27249,0.554864
27250,0.09432339
27251,0.47420806
27252,0.061555155
27253,0.77524596
27254,0.088686906
27255,0.04413668
27256,0.032649264
27257,0.058166936
27258,0.10264739
27259,0.06528641
27260,0.08893986
27261,0.029427772
27262,0.068728365
27263,0.35979617
27264,0.03641448
27265,0.040137604
27266,0.06250508
27267,0.11416693
27268,0.12005132
27269,0.028949808
27270,0.028209142
27271,0.0246653
27272,0.07105306
27273,0.12524186
27274,0.038148332
27275,0.16651726
27276,0.032977607
27277,0.047298737
27278,0.025044765
27279,0.024107428
27280,0.013855678
27281,0.47987843
27282,0.077016026
27283,0.056251306
27284,0.16493808
27285,0.2559624
27286,0.009328839
27287,0.12363572
27288,0.050572947
27289,0.017352477
27290,0.02129091
27291,0.046805352
27292,0.05185309
27293,0.05990127
27294,0.061712258
27295,0.15231623
27296,0.50365996
27297,0.013183358
27298,0.2799824
27299,0.045021564
27300,0.01022703
27301,0.02783328
27302,0.015933396
27303,0.028417893
27304,0.37199894
27305,0.022126079
27306,0.043076467
27307,0.04056155
27308,0.0405292
27309,0.028166194
27310,0.10210635
27311,0.49398494
27312,0.042176973
27313,0.08240256
27314,0.02173187
27315,0.014517278
27316,0.069651514
27317,0.069977924
27318,0.011842552
27319,0.02458778
27320,0.13012762
27321,0.14383838
27322,0.09645698
27323,0.07961253
27324,0.100195885
27325,0.03212692
27326,0.03195136
27327,0.030983366
27328,0.03117314
27329,0.11646071
27330,0.07903655
27331,0.36672094
27332,0.024316767
27333,0.038181636
27334,0.034889862
27335,0.036650695
27336,0.02119582
27337,0.027740521
27338,0.04576484
27339,0.017721642
27340,0.05176944
27341,0.2123612
27342,0.28190956
27343,0.046631772
27344,0.05376795
27345,0.0362887
27346,0.10272937
27347,0.052139144
27348,0.017947312
27349,0.054367803
27350,0.013171194
27351,0.026245162
27352,0.16458537
27353,0.027703477
27354,0.027764067
27355,0.009867806
27356,0.13989672
27357,0.07728016
27358,0.33619463
27359,0.37046593
27360,0.20399152
27361,0.069674626
27362,0.04790825
27363,0.020705549
27364,0.06053523
27365,0.04380819
27366,0.013525161
27367,0.15180553
27368,0.05116643
27369,0.55190724
27370,0.12303132
27371,0.02569889
27372,0.0143813845
27373,0.12752093
27374,0.07377717
27375,0.038886245
27376,0.017402807
27377,0.010920163
27378,0.04277204
27379,0.024094442
27380,0.021373117
27381,0.029034685
27382,0.09820669
27383,0.06138536
27384,0.09292978
27385,0.071590066
27386,0.11986108
27387,0.22944582
27388,0.43105325
27389,0.07351522
27390,0.035441644
27391,0.073608294
27392,0.015276066
27393,0.045633484
27394,0.010577653
27395,0.08152231
27396,0.060332343
27397,0.10900777
27398,0.039927863
27399,0.10223525
27400,0.037321445
27401,0.057221845
27402,0.029176367
27403,0.014656835
27404,0.017219212
27405,0.17567988
27406,0.012445861
27407,0.027653228
27408,0.0674979
27409,0.011300661
27410,0.011731707
27411,0.025205288
27412,0.037172038
27413,0.07518107
27414,0.09207583
27415,0.12792128
27416,0.122140296
27417,0.34837845
27418,0.20435543
27419,0.24842471
27420,0.013599475
27421,0.11935169
27422,0.05133341
27423,0.032368608
27424,0.09102896
27425,0.028009597
27426,0.045685817
27427,0.03729614
27428,0.0129776355
27429,0.053741615
27430,0.06684555
27431,0.026218627
27432,0.052265152
27433,0.018154083
27434,0.016643832
27435,0.10499315
27436,0.04456928
27437,0.14048535
27438,0.06502168
27439,0.14542265
27440,0.51677716
27441,0.11908835
27442,0.12851742
27443,0.06935961
27444,0.09501065
27445,0.078271404
27446,0.099153325
27447,0.058638513
27448,0.3144271
27449,0.07827175
27450,0.07064512
27451,0.05585024
27452,0.07123436
27453,0.021437136
27454,0.029993009
27455,0.017629407
27456,0.042077117
27457,0.3316189
27458,0.066419184
27459,0.05658825
27460,0.1203359
27461,0.7454118
27462,0.11373973
27463,0.022770192
27464,0.33229592
27465,0.08522186
27466,0.16725245
27467,0.27738142
27468,0.08254783
27469,0.021423887
27470,0.050433315
27471,0.07242125
27472,0.114531346
27473,0.16455983
27474,0.07400015
27475,0.16402148
27476,0.074711815
27477,0.01448607
27478,0.098721534
27479,0.02015949
27480,0.074612014
27481,0.07871308
27482,0.017053237
27483,0.1422322
27484,0.14289193
27485,0.25265482
27486,0.09882771
27487,0.041652773
27488,0.13272968
27489,0.16954756
27490,0.34998193
27491,0.061318677
27492,0.011608072
27493,0.07979528
27494,0.043576542
27495,0.07688329
27496,0.63530904
27497,0.031771764
27498,0.1003462
27499,0.38289514
27500,0.12998088
27501,0.055450507
27502,0.07817274
27503,0.3768866
27504,0.3772987
27505,0.10104237
27506,0.11028078
27507,0.14638117
27508,0.14038788
27509,0.13375212
27510,0.16830853
27511,0.34765834
27512,0.099867016
27513,0.009587669
27514,0.017522326
27515,0.059469834
27516,0.08520906
27517,0.060112894
27518,0.1990061
27519,0.97966635
27520,0.041676685
27521,0.36471862
27522,0.015068121
27523,0.056619678
27524,0.35388106
27525,0.06790265
27526,0.08393926
27527,0.016543439
27528,0.055943143
27529,0.54306024
27530,0.3057508
27531,0.103969865
27532,0.26128823
27533,0.13473292
27534,0.26089597
27535,0.37801862
27536,0.38009414
27537,0.026960395
27538,0.24954079
27539,0.20246843
27540,0.19788775
27541,0.9906284
27542,0.43027544
27543,0.4500481
27544,0.028655851
27545,0.24082075
27546,0.047416836
27547,0.021531593
27548,0.022782905
27549,0.060189087
27550,0.010637991
27551,0.013363884
27552,0.0432949
27553,0.06968961
27554,0.11929758
27555,0.11876891
27556,0.12642832
27557,0.18558037
27558,0.21632414
27559,0.19190209
27560,0.027568199
27561,0.09815498
27562,0.27501297
27563,0.052463807
27564,0.9834964
27565,0.9917389
27566,0.78224796
27567,0.010540922
27568,0.02424754
27569,0.025791064
27570,0.19848888
27571,0.4559516
27572,0.093512386
27573,0.06681602
27574,0.030121014
27575,0.060344744
27576,0.089606516
27577,0.071246736
27578,0.015611754
27579,0.46231186
27580,0.016528234
27581,0.031847488
27582,0.13009693
27583,0.12151616
27584,0.06936057
27585,0.050529007
27586,0.24002264
27587,0.30528653
27588,0.031258304
27589,0.21303733
27590,0.10795476
27591,0.09318702
27592,0.98405725
27593,0.8059987
27594,0.7498479
27595,0.014291823
27596,0.050227743
27597,0.027638566
27598,0.011881064
27599,0.42709035
27600,0.107989915
27601,0.2609499
27602,0.048277464
27603,0.122146666
27604,0.036834884
27605,0.14651404
27606,0.131461
27607,0.15941189
27608,0.18893604
27609,0.51859653
27610,0.442835
27611,0.20489228
27612,0.14102593
27613,0.10126845
27614,0.062557146
27615,0.11854471
27616,0.051592804
27617,0.040977232
27618,0.021318888
27619,0.14013612
27620,0.1693807
27621,0.08406695
27622,0.11305851
27623,0.9869107
27624,0.99546015
27625,0.9671946
27626,0.12189625
27627,0.046675444
27628,0.21644983
27629,0.014700031
27630,0.40302074
27631,0.021893287
27632,0.011598747
27633,0.016786145
27634,0.031743113
27635,0.0421633
27636,0.105244175
27637,0.062952235
27638,0.39428943
27639,0.9785605
27640,0.07270602
27641,0.12797783
27642,0.12009711
27643,0.14779083
27644,0.076873034
27645,0.30985898
27646,0.21953051
27647,0.035758182
27648,0.10689721
27649,0.12995067
27650,0.11922824
27651,0.044599146
27652,0.043636937
27653,0.4497735
27654,0.29371396
27655,0.23374565
27656,0.071426995
27657,0.02574742
27658,0.092443675
27659,0.01167364
27660,0.09921981
27661,0.24882714
27662,0.034225337
27663,0.06908714
27664,0.050101534
27665,0.055392195
27666,0.34022135
27667,0.62768745
27668,0.24312633
27669,0.18327245
27670,0.13054387
27671,0.17027882
27672,0.1341907
27673,0.55282354
27674,0.0681117
27675,0.03670866
27676,0.0322196
27677,0.15603141
27678,0.15513797
27679,0.1367927
27680,0.47011685
27681,0.26063278
27682,0.15720937
27683,1.0
27684,0.11868958
27685,0.016394414
27686,0.13263603
27687,0.25002486
27688,0.019774042
27689,0.045701947
27690,0.19981447
27691,0.07164233
27692,0.03810791
27693,0.052272126
27694,0.056272995
27695,0.13941461
27696,0.39799786
27697,0.20699215
27698,0.28617436
27699,0.26257357
27700,0.14560583
27701,0.13553673
27702,0.3780817
27703,0.026092255
27704,0.16248062
27705,0.0869033
27706,0.045837417
27707,0.5807716
27708,0.26285204
27709,0.05384171
27710,0.5313417
27711,0.36857012
27712,0.010316453
27713,0.16345619
27714,0.14902629
27715,0.10481137
27716,0.038973823
27717,0.0121027855
27718,0.0138508575
27719,0.0120894555
27720,0.032795258
27721,0.064692385
27722,0.105881654
27723,0.11532537
27724,0.13248388
27725,0.4078066
27726,0.7774088
27727,0.41006628
27728,0.3778678
27729,0.5834123
27730,0.1143083
27731,0.075372614
27732,0.064082436
27733,0.23938392
27734,0.21620253
27735,0.09322375
27736,0.023691626
27737,0.07126411
27738,0.11913876
27739,0.021135692
27740,0.053947266
27741,0.09468959
27742,0.023505228
27743,0.017327124
27744,0.0360622
27745,0.018497132
27746,0.015769474
27747,0.0374778
27748,0.088135496
27749,0.05726007
27750,0.10003509
27751,0.3423338
27752,0.14122456
27753,0.3536045
27754,0.74515444
27755,0.6633042
27756,0.26236743
27757,0.20051493
27758,0.023335518
27759,0.05706517
27760,0.12223838
27761,0.025490971
27762,0.032019086
27763,0.9787792
27764,0.0495079
27765,0.018386235
27766,0.06437361
27767,0.08214297
27768,0.13190635
27769,0.03404083
27770,0.05959762
27771,0.022022419
27772,0.054607134
27773,0.016454645
27774,0.036761936
27775,0.10266063
27776,0.12262348
27777,0.63013446
27778,0.4064435
27779,0.22931395
27780,0.9940845
27781,0.3928403
27782,0.45152727
27783,0.14579815
27784,0.040383782
27785,0.034599196
27786,0.02758263
27787,0.053912316
27788,0.050614364
27789,0.01645472
27790,0.038188417
27791,0.06855489
27792,0.44115716
27793,0.10369989
27794,0.35667238
27795,0.027376473
27796,0.112706944
27797,0.1187041
27798,0.13684095
27799,0.17980781
27800,0.080540605
27801,0.0096470555
27802,0.050627343
27803,0.15197578
27804,0.9757983
27805,0.35676977
27806,0.75619155
27807,0.254954
27808,0.26751956
27809,0.14615661
27810,0.2193651
27811,0.049265582
27812,0.014163877
27813,0.01658462
27814,0.031902224
27815,0.029056976
27816,0.11400014
27817,0.13311636
27818,0.07642549
27819,0.2862782
27820,0.022375314
27821,0.07162836
27822,0.35974753
27823,0.03721716
27824,0.12397546
27825,0.22402975
27826,0.03536877
27827,0.010275479
27828,0.2087231
27829,0.17397232
27830,0.09505309
27831,0.19718306
27832,0.02294083
27833,0.10323833
27834,0.07452816
27835,0.03533609
27836,0.14874767
27837,0.11100819
27838,0.038040724
27839,0.018645143
27840,0.012683583
27841,0.21370903
27842,0.011922606
27843,0.13541806
27844,0.031093303
27845,0.14164999
27846,0.049043655
27847,0.05704562
27848,0.014945369
27849,0.05959133
27850,0.1795951
27851,0.3770824
27852,0.6093603
27853,0.12454627
27854,0.02402011
27855,0.054393094
27856,0.064727075
27857,0.16035107
27858,0.013089293
27859,0.024161723
27860,0.015278131
27861,0.03305247
27862,0.018191062
27863,0.013247508
27864,0.019670622
27865,0.10354494
27866,0.11687234
27867,0.43289074
27868,0.01700481
27869,0.017611956
27870,0.04825181
27871,0.1000167
27872,0.109072156
27873,0.4410986
27874,0.12452067
27875,0.015545862
27876,0.017343566
27877,0.24344264
27878,0.04089917
27879,0.019987265
27880,0.089944296
27881,0.1514586
27882,0.06289919
27883,0.012575025
27884,0.018264377
27885,0.012349479
27886,0.20465241
27887,0.022314107
27888,0.034056865
27889,0.1323324
27890,0.085342474
27891,0.05242211
27892,0.020168277
27893,0.031313878
27894,0.06706716
27895,0.37565574
27896,0.045084853
27897,0.029811576
27898,0.049111396
27899,0.042077444
27900,0.05774794
27901,0.19266869
27902,0.06900002
27903,0.20427231
27904,0.0849497
27905,0.02864401
27906,0.014198162
27907,0.059056584
27908,0.06802132
27909,0.030337019
27910,0.3607769
27911,0.096541464
27912,0.015927719
27913,0.24865682
27914,0.018923007
27915,0.10928125
27916,0.07752698
27917,0.012305734
27918,0.27727056
27919,0.5709374
27920,0.11786014
27921,0.08928197
27922,0.015223111
27923,0.11406602
27924,0.04406792
27925,0.057731625
27926,0.17512758
27927,0.145825
27928,0.091442674
27929,1.0
27930,0.016756114
27931,0.11050714
27932,0.090818584
27933,0.06853483
27934,0.024625786
27935,0.03510076
27936,0.08995978
27937,0.2988472
27938,0.080764115
27939,0.23808932
27940,0.024574183
27941,0.017284673
27942,0.063312046
27943,0.013494321
27944,0.02912249
27945,0.103810556
27946,0.046659134
27947,0.030686675
27948,0.056964338
27949,0.07058568
27950,0.026355641
27951,0.018119622
27952,0.08060565
27953,0.16995062
27954,0.038496654
27955,0.04205339
27956,0.015568322
27957,0.029486835
27958,0.08066309
27959,0.11326243
27960,0.041093115
27961,0.98638535
27962,0.05879904
27963,0.1436222
27964,0.06251084
27965,0.055594705
27966,0.05079592
27967,0.053222306
27968,0.021506585
27969,0.0175705
27970,0.19470498
27971,0.036834944
27972,0.009948467
27973,0.013192919
27974,0.05036
27975,0.1588406
27976,0.024552736
27977,0.011904985
27978,0.11548685
27979,0.040459394
27980,0.023215404
27981,0.054045457
27982,0.3935015
27983,0.022583969
27984,0.017375985
27985,0.009883951
27986,0.012742309
27987,0.054014295
27988,0.032736078
27989,0.24440919
27990,0.07228056
27991,0.01464319
27992,0.015980849
27993,0.012572819
27994,0.06508197
27995,0.24489382
27996,0.104309954
27997,0.078656405
27998,0.0701238
27999,0.051478833
28000,0.049542826
28001,0.026983406
28002,0.13082214
28003,0.19630696
28004,0.2431476
28005,0.03491935
28006,0.015834093
28007,0.013164561
28008,0.012311672
28009,0.02462025
28010,0.019955039
28011,0.015525623
28012,0.016734164
28013,0.022094369
28014,0.044379648
28015,0.05530807
28016,0.10977383
28017,0.012369675
28018,0.132729
28019,0.011397852
28020,0.3666946
28021,0.011893639
28022,0.01203203
28023,0.031720687
28024,0.016043164
28025,0.01631492
28026,0.02380185
28027,0.032114737
28028,0.0142574385
28029,0.0096652955
28030,0.014582905
28031,0.011851571
28032,0.011561875
28033,0.10407306
28034,0.029223891
28035,0.03750096
28036,0.05226762
28037,0.02118024
28038,0.016209152
28039,0.011016725
28040,0.12755519
28041,0.042272966
28042,0.050011825
28043,0.010471776
28044,0.011170819
28045,0.029279685
28046,0.011669832
28047,0.09224009
28048,0.014384802
28049,0.096410364
28050,0.015231322
28051,0.014971058
28052,0.38803867
28053,0.06002776
28054,0.08926309
28055,0.07089851
28056,0.06864918
28057,0.032332245
28058,0.012648054
28059,0.12270012
28060,0.019428989
28061,0.10141046
28062,0.23867615
28063,0.020259185
28064,0.036061577
28065,0.03797692
28066,0.025553158
28067,0.013109446
28068,0.012354121
28069,0.04643205
28070,0.0141871385
28071,0.012106965
28072,0.109945565
28073,0.069692954
28074,0.026042273
28075,0.2579002
28076,0.02483743
28077,0.019981232
28078,0.027319347
28079,0.015453482
28080,0.01847122
28081,0.05927689
28082,0.01897129
28083,0.013219623
28084,0.0367379
28085,0.03440291
28086,0.011578324
28087,0.034324676
28088,0.2909247
28089,0.18629646
28090,0.0112537155
28091,0.026824566
28092,0.10173306
28093,0.018709835
28094,0.02893579
28095,0.036650334
28096,0.020619014
28097,0.036315136
28098,0.047085334
28099,0.012564822
28100,0.06921062
28101,0.034090932
28102,0.030742146
28103,0.05531504
28104,0.047121122
28105,0.010201683
28106,0.021014705
28107,0.022588413
28108,0.20230132
28109,0.03349974
28110,0.09794866
28111,0.21634842
28112,0.33066362
28113,0.020641947
28114,0.022061646
28115,0.030351672
28116,0.22720854
28117,0.103955686
28118,0.23563644
28119,0.09887782
28120,0.16682683
28121,0.02940878
28122,0.17689191
28123,0.025283473
28124,0.02259653
28125,0.010677243
28126,0.19945893
28127,0.025975395
28128,0.61710864
28129,0.19450931
28130,0.02875896
28131,0.02742596
28132,0.08424008
28133,0.044776812
28134,0.012961815
28135,0.022641584
28136,0.052785113
28137,0.030352276
28138,0.013683233
28139,0.0135718845
28140,0.09588066
28141,0.17702897
28142,0.5017859
28143,0.5006409
28144,0.024099208
28145,0.04273266
28146,0.020550303
28147,0.077775985
28148,0.15706615
28149,0.08157668
28150,0.05774298
28151,0.06897421
28152,0.06209992
28153,0.030567186
28154,0.42219028
28155,0.13737854
28156,0.12827665
28157,0.50048906
28158,0.06737326
28159,0.019808069
28160,0.5012691
28161,0.021114562
28162,0.066218294
28163,0.7596795
28164,0.10129029
28165,0.048746563
28166,0.035798833
28167,0.045321297
28168,0.063538454
28169,0.06904561
28170,0.093118966
28171,0.027713139
28172,0.029049598
28173,0.099547364
28174,0.21526808
28175,0.037049122
28176,0.03282006
28177,0.04996724
28178,0.10504634
28179,0.13230865
28180,0.025139486
28181,0.03268996
28182,0.026839929
28183,0.025951242
28184,0.022944346
28185,0.043659426
28186,0.12263756
28187,0.035695676
28188,0.23849016
28189,0.019922696
28190,0.026294505
28191,0.039621845
28192,0.021941068
28193,0.020576775
28194,0.014382752
28195,0.49274537
28196,0.1857828
28197,0.064316906
28198,0.16871586
28199,0.3207382
28200,0.10843077
28201,0.060894348
28202,0.016333032
28203,0.05143204
28204,0.011758126
28205,0.054492287
28206,0.05963489
28207,0.08040811
28208,0.1749517
28209,0.45082822
28210,0.28026175
28211,0.048074678
28212,0.01022703
28213,0.028908566
28214,0.019791804
28215,0.028212389
28216,0.3803117
28217,0.017437603
28218,0.05388273
28219,0.011702112
28220,0.046324503
28221,0.08494285
28222,0.021943511
28223,0.12253057
28224,0.44877225
28225,0.034222208
28226,0.21424584
28227,0.02451487
28228,0.016390659
28229,0.07729331
28230,0.06420554
28231,0.023982719
28232,0.14309838
28233,0.18389381
28234,0.120760575
28235,0.08457013
28236,0.07522186
28237,0.030232206
28238,0.032073192
28239,0.03322638
28240,0.12252782
28241,0.06590551
28242,0.33334672
28243,0.019817067
28244,0.040703204
28245,0.035605814
28246,0.03003789
28247,0.019336633
28248,0.03212579
28249,0.045715563
28250,0.023911752
28251,0.044176284
28252,0.23234025
28253,0.3740981
28254,0.0661386
28255,0.049388286
28256,0.034950867
28257,0.09998405
28258,0.06300507
28259,0.014339966
28260,0.053479284
28261,0.015914692
28262,0.014671923
28263,0.02731074
28264,0.1800622
28265,0.024886478
28266,0.02517718
28267,0.033151798
28268,0.009867806
28269,0.14347023
28270,0.07799741
28271,0.3689142
28272,0.324952
28273,0.36620772
28274,0.073780514
28275,0.045696482
28276,0.016991917
28277,0.063183695
28278,0.043341126
28279,0.17455755
28280,0.06966145
28281,0.5977025
28282,0.10892499
28283,0.02395267
28284,0.013342547
28285,0.11142294
28286,0.101525255
28287,0.03969765
28288,0.017395044
28289,0.010960789
28290,0.012382429
28291,0.04452138
28292,0.018978236
28293,0.017955523
28294,0.09918358
28295,0.052236926
28296,0.1668848
28297,0.07309483
28298,0.12673815
28299,0.2183767
28300,0.46955085
28301,0.075959586
28302,0.02673839
28303,0.08849951
28304,0.046751678
28305,0.09963235
28306,0.059270818
28307,0.12659724
28308,0.0360854
28309,0.09283451
28310,0.03961536
28311,0.054076932
28312,0.02590852
28313,0.015455363
28314,0.017187256
28315,0.1484108
28316,0.012419914
28317,0.025177388
28318,0.08883228
28319,0.031348996
28320,0.027156089
28321,0.037366748
28322,0.07502043
28323,0.09236832
28324,0.12799944
28325,0.12340717
28326,0.3667754
28327,0.22217317
28328,0.24684201
28329,0.013939994
28330,0.107150204
28331,0.0519594
28332,0.037598673
28333,0.09100791
28334,0.02896385
28335,0.020251947
28336,0.074566975
28337,0.076254405
28338,0.05589001
28339,0.073129654
28340,0.027147936
28341,0.04970725
28342,0.015781201
28343,0.10073343
28344,0.016216
28345,0.044365585
28346,0.13518687
28347,0.06466995
28348,0.22558303
28349,0.51185966
28350,0.123418644
28351,0.1381455
28352,0.067819096
28353,0.09945097
28354,0.08533576
28355,0.087639384
28356,0.06798312
28357,0.017402828
28358,0.021489076
28359,0.41511488
28360,0.07791345
28361,0.06983582
28362,0.054732982
28363,0.07042223
28364,0.017736332
28365,0.020251136
28366,0.024155214
28367,0.027181905
28368,0.0452579
28369,0.4805621
28370,0.070152804
28371,0.060115445
28372,0.12553129
28373,0.64682186
28374,0.11459021
28375,0.020981561
28376,0.3752385
28377,0.086451665
28378,0.15554741
28379,0.28833047
28380,0.10521161
28381,0.052408524
28382,0.048873015
28383,0.1026811
28384,0.124738425
28385,0.1770886
28386,0.05624437
28387,0.14862837
28388,0.08032735
28389,0.082273096
28390,0.012657925
28391,0.018448178
28392,0.01764253
28393,0.059308343
28394,0.08533332
28395,0.017568326
28396,0.13162804
28397,0.14238879
28398,0.39000195
28399,0.10282092
28400,0.039204154
28401,0.12590349
28402,0.17640829
28403,0.34994614
28404,0.060580604
28405,0.063221924
28406,0.033324525
28407,0.060619008
28408,0.595739
28409,0.037375465
28410,0.10781034
28411,0.39178923
28412,0.23766038
28413,0.019403847
28414,0.053676866
28415,0.05755306
28416,0.37493423
28417,0.37910202
28418,0.012288108
28419,0.10633411
28420,0.10701924
28421,0.14021976
28422,0.13934769
28423,0.13211393
28424,0.14034785
28425,0.37001538
28426,0.10557602
28427,0.01860351
28428,0.05547188
28429,0.09929274
28430,0.073916465
28431,0.23950472
28432,0.8577532
28433,0.042169094
28434,0.36610898
28435,0.016382948
28436,0.06602432
28437,0.26036116
28438,0.017102905
28439,0.06385962
28440,0.080496185
28441,0.017646257
28442,0.0587454
28443,0.010319383
28444,0.5429835
28445,0.06064839
28446,0.10573323
28447,0.26036456
28448,0.13687178
28449,0.25540736
28450,0.36153597
28451,0.39153916
28452,0.24532709
28453,0.20158929
28454,0.111047685
28455,0.9900621
28456,0.4331956
28457,0.4932367
28458,0.010540922
28459,0.0273743
28460,0.23564139
28461,0.069401115
28462,0.02277521
28463,0.027329216
28464,0.018246468
28465,0.057673592
28466,0.010608807
28467,0.011444952
28468,0.012415617
28469,0.038480755
28470,0.14038442
28471,0.119096495
28472,0.11831478
28473,0.119354516
28474,0.110383786
28475,0.23880579
28476,0.20681661
28477,0.029125623
28478,0.10854714
28479,0.2757244
28480,0.015052706
28481,0.04641004
28482,0.9804862
28483,0.97669005
28484,0.81933594
28485,0.010540922
28486,0.02316858
28487,0.029248206
28488,0.13348286
28489,0.46989244
28490,0.10758785
28491,0.017512135
28492,0.06646531
28493,0.029698068
28494,0.011347391
28495,0.013299836
28496,0.060602766
28497,0.08848829
28498,0.07020693
28499,0.012852254
28500,0.46343052
28501,0.016587045
28502,0.031628653
28503,0.12890875
28504,0.12264223
28505,0.06491177
28506,0.055753905
28507,0.2500405
28508,0.15308957
28509,0.032993346
28510,0.18248737
28511,0.10880352
28512,0.10685255
28513,0.9848815
28514,0.8379675
28515,0.7719548
28516,0.013829654
28517,0.04448944
28518,0.027700817
28519,0.46205574
28520,0.104632966
28521,0.27667648
28522,0.046316825
28523,0.10763383
28524,0.032974143
28525,0.1509078
28526,0.11871931
28527,0.1474408
28528,0.20050435
28529,0.5127621
28530,0.47690734
28531,0.20641536
28532,0.14462452
28533,0.102145284
28534,0.0672014
28535,0.12295591
28536,0.06647659
28537,0.045978554
28538,0.11608445
28539,0.18322635
28540,0.08665883
28541,0.08685593
28542,0.026470598
28543,0.98432046
28544,0.99420696
28545,0.9675025
28546,0.12250731
28547,0.04885458
28548,0.18480279
28549,0.013665874
28550,0.39843965
28551,0.02185066
28552,0.012977016
28553,0.024788389
28554,0.030171985
28555,0.04138298
28556,0.101927556
28557,0.06264444
28558,0.4004055
28559,0.9784351
28560,0.083399594
28561,0.13150705
28562,0.109211266
28563,0.16312839
28564,0.077792555
28565,0.31855935
28566,0.20578173
28567,0.04001461
28568,0.11804465
28569,0.112170435
28570,0.11677462
28571,0.03994758
28572,0.26569033
28573,0.37214443
28574,0.20565362
28575,0.07075866
28576,0.022440655
28577,0.091607966
28578,0.011650547
28579,0.07981547
28580,0.24953331
28581,0.045482874
28582,0.05635143
28583,0.046105295
28584,0.055815306
28585,0.38437727
28586,0.6351884
28587,0.2642581
28588,0.24983817
28589,0.13793968
28590,0.1727545
28591,0.15620022
28592,0.5535284
28593,0.06425901
28594,0.032392338
28595,0.041349344
28596,0.032666456
28597,0.2376782
28598,0.12674707
28599,0.24050684
28600,0.4045632
28601,0.2673275
28602,0.21414386
28603,1.0
28604,0.11957206
28605,0.015440639
28606,0.13014084
28607,0.24605945
28608,0.019459056
28609,0.045964003
28610,0.26270694
28611,0.07027679
28612,0.040610183
28613,0.053074293
28614,0.056575112
28615,0.14103639
28616,0.39474684
28617,0.2737991
28618,0.28185624
28619,0.2678409
28620,0.15380664
28621,0.13131055
28622,0.25904983
28623,0.028631948
28624,0.16557486
28625,0.084668525
28626,0.0466704
28627,0.58341885
28628,0.26237956
28629,0.076900385
28630,0.52594936
28631,0.37812737
28632,0.010295832
28633,0.08176104
28634,0.1260727
28635,0.088815026
28636,0.039803613
28637,0.011984122
28638,0.019374235
28639,0.030006148
28640,0.06483494
28641,0.102872394
28642,0.11725119
28643,0.13081664
28644,0.42888686
28645,0.7424371
28646,0.42070118
28647,0.3552655
28648,0.5443466
28649,0.10712284
28650,0.0791068
28651,0.06690295
28652,0.14839579
28653,0.26940838
28654,0.075571015
28655,0.03350847
28656,0.0713106
28657,0.13655062
28658,0.017895764
28659,0.10149317
28660,0.02264492
28661,0.016711006
28662,0.03900285
28663,0.01845035
28664,0.009714041
28665,0.03926971
28666,0.08811795
28667,0.055428818
28668,0.10290466
28669,0.3504276
28670,0.15070017
28671,0.3538282
28672,0.72747785
28673,0.65823925
28674,0.24989228
28675,0.21477497
28676,0.06931951
28677,0.11951626
28678,0.029988218
28679,0.011573858
28680,0.041519508
28681,0.97836214
28682,0.04587263
28683,0.017928958
28684,0.110983625
28685,0.06433972
28686,0.21753815
28687,0.035929974
28688,0.062682696
28689,0.017360324
28690,0.04441746
28691,0.040231436
28692,0.10550077
28693,0.12802388
28694,0.6242568
28695,0.39976487
28696,0.24033567
28697,0.9945634
28698,0.3974935
28699,0.4390629
28700,0.14642768
28701,0.032952376
28702,0.029631037
28703,0.05916183
28704,0.05038123
28705,0.039379977
28706,0.13624851
28707,0.42125148
28708,0.098949544
28709,0.36173326
28710,0.02789723
28711,0.100975215
28712,0.12403004
28713,0.13057001
28714,0.19482364
28715,0.05147084
28716,0.027586414
28717,0.051649965
28718,0.13849944
28719,0.97405696
28720,0.34691626
28721,0.7528856
28722,0.36340755
28723,0.27018005
28724,0.16659598
28725,0.21471222
28726,0.019193446
28727,0.012201208
28728,0.027294807
28729,0.02353404
28730,0.1258471
28731,0.12203688
28732,0.0857405
28733,0.36679134
28734,0.022652177
28735,0.06743926
28736,0.3694147
28737,0.039344188
28738,0.013883173
28739,0.012124941
28740,0.13229501
28741,0.24591827
28742,0.032393496
28743,0.010275479
28744,0.19938245
28745,0.22761412
28746,0.089740425
28747,0.10859633
28748,0.19169624
28749,0.09102651
28750,0.03494097
28751,0.14393398
28752,0.1917517
28753,0.036359984
28754,0.018668858
28755,0.013426738
28756,0.11478128
28757,0.13110673
28758,0.03226837
28759,0.13823782
28760,0.0475955
28761,0.048739962
28762,0.059027907
28763,0.1843469
28764,0.36120155
28765,0.58611953
28766,0.12060603
28767,0.014449338
28768,0.024006926
28769,0.051841985
28770,0.014190606
28771,0.08024513
28772,0.14807492
28773,0.013584554
28774,0.02332329
28775,0.015379634
28776,0.034956302
28777,0.018581888
28778,0.012448748
28779,0.0213941
28780,0.09918288
28781,0.10840406
28782,0.4326299
28783,0.016724693
28784,0.048674718
28785,0.10297103
28786,0.11648555
28787,0.40605053
28788,0.1142953
28789,0.014519487
28790,0.23621315
28791,0.013715276
28792,0.041500486
28793,0.0155723
28794,0.090653576
28795,0.20784995
28796,0.08261908
28797,0.012914275
28798,0.018851774
28799,0.012979967
28800,0.20131059
28801,0.03325377
28802,0.016418649
28803,0.03471178
28804,0.13353096
28805,0.080337875
28806,0.0527788
28807,0.021359896
28808,0.032315534
28809,0.07489106
28810,0.37435842
28811,0.04539678
28812,0.022346688
28813,0.042338718
28814,0.038214132
28815,0.06274498
28816,0.2510651
28817,0.06847832
28818,0.19304653
28819,0.096004575
28820,0.02925558
28821,0.014295404
28822,0.054023586
28823,0.05581141
28824,0.04330135
28825,0.34595713
28826,0.1006769
28827,0.015927719
28828,0.24402681
28829,0.015852837
28830,0.12190073
28831,0.07349538
28832,0.013757547
28833,0.43021736
28834,0.59238803
28835,0.12559846
28836,0.09256838
28837,0.016249195
28838,0.098812126
28839,0.058752462
28840,0.057023507
28841,0.11014714
28842,0.116468444
28843,0.08993614
28844,1.0
28845,0.1090628
28846,0.014679894
28847,0.07463383
28848,0.07058324
28849,0.0182441
28850,0.03447532
28851,0.09352043
28852,0.4283546
28853,0.073888294
28854,0.24407482
28855,0.023117678
28856,0.016174799
28857,0.07197429
28858,0.012532679
28859,0.028400436
28860,0.1051117
28861,0.037910216
28862,0.040357128
28863,0.09994836
28864,0.05973442
28865,0.073691845
28866,0.021298187
28867,0.01658033
28868,0.07362379
28869,0.019685417
28870,0.15511003
28871,0.038411506
28872,0.039895047
28873,0.02955127
28874,0.07239017
28875,0.10942724
28876,0.021463353
28877,0.039411932
28878,0.9864674
28879,0.062137198
28880,0.11299566
28881,0.048981465
28882,0.040301874
28883,0.050911117
28884,0.049774427
28885,0.014721768
28886,0.01664269
28887,0.25405598
28888,0.036787286
28889,0.015734756
28890,0.059174206
28891,0.10478172
28892,0.020858912
28893,0.011926521
28894,0.13195474
28895,0.03951279
28896,0.021874888
28897,0.059047874
28898,0.3724007
28899,0.021311486
28900,0.015496484
28901,0.011362949
28902,0.021153608
28903,0.05364639
28904,0.032156937
28905,0.23774557
28906,0.08423373
28907,0.013660272
28908,0.014322598
28909,0.079992086
28910,0.13643685
28911,0.103271194
28912,0.065036245
28913,0.06150655
28914,0.051562205
28915,0.054886788
28916,0.06803443
28917,0.19677323
28918,0.19149928
28919,0.010711104
28920,0.033247832
28921,0.021276904
28922,0.013204164
28923,0.01227933
28924,0.041528706
28925,0.016122026
28926,0.01586875
28927,0.025678594
28928,0.04169082
28929,0.05639981
28930,0.12127313
28931,0.009821071
28932,0.13450001
28933,0.2924077
28934,0.012149332
28935,0.031088755
28936,0.013343935
28937,0.030450894
28938,0.010898406
28939,0.021820556
28940,0.03182871
28941,0.016272422
28942,0.014774169
28943,0.011912351
28944,0.119654745
28945,0.010338791
28946,0.026955023
28947,0.034759056
28948,0.015841618
28949,0.046523165
28950,0.01751171
28951,0.010180771
28952,0.020074738
28953,0.011273433
28954,0.1071086
28955,0.03664068
28956,0.04849203
28957,0.0314519
28958,0.017338231
28959,0.08938932
28960,0.015363779
28961,0.1005458
28962,0.011818893
28963,0.4057846
28964,0.06423713
28965,0.08624494
28966,0.13733771
28967,0.012589259
28968,0.009457609
28969,0.07607857
28970,0.03180254
28971,0.01239558
28972,0.09368319
28973,0.14480473
28974,0.15403597
28975,0.01657786
28976,0.028566036
28977,0.034437258
28978,0.042248197
28979,0.02519539
28980,0.02248224
28981,0.01517861
28982,0.042245436
28983,0.013251324
28984,0.08890414
28985,0.08529699
28986,0.030277777
28987,0.19461966
28988,0.023591477
28989,0.016668206
28990,0.00931923
28991,0.02266766
28992,0.05926912
28993,0.034907848
28994,0.011627079
28995,0.01661701
28996,0.030080909
28997,0.28948283
28998,0.24778128
28999,0.031496778
29000,0.10214659
29001,0.016442304
29002,0.020199101
29003,0.031065842
29004,0.03037444
29005,0.04348831
29006,0.027753854
29007,0.027296465
29008,0.037037864
29009,0.030804249
29010,0.033347066
29011,0.06663729
29012,0.040491186
29013,0.03107891
29014,0.022996867
29015,0.22103311
29016,0.028190121
29017,0.06285598
29018,0.22704366
29019,0.33477414
29020,0.03143514
29021,0.22338493
29022,0.11531088
29023,0.3524639
29024,0.06818557
29025,0.16680901
29026,0.033313833
29027,0.15332128
29028,0.013554502
29029,0.009434776
29030,0.02228698
29031,0.017892534
29032,0.07417272
29033,0.024353694
29034,0.582261
29035,0.19073859
29036,0.03138885
29037,0.0364664
29038,0.2346998
29039,0.05395989
29040,0.012868266
29041,0.04720289
29042,0.02965503
29043,0.07063894
29044,0.22128221
29045,0.4587749
29046,0.44507214
29047,0.029301964
29048,0.020528711
29049,0.10870158
29050,0.25734836
29051,0.020761166
29052,0.051524263
29053,0.042724673
29054,0.07269892
29055,0.062201194
29056,0.4412773
29057,0.11644276
29058,0.23026499
29059,0.47926795
29060,0.11327452
29061,0.019841455
29062,0.48212922
29063,0.06724038
29064,0.6161236
29065,0.08735779
29066,0.07824616
29067,0.032292217
29068,0.045397364
29069,0.057141013
29070,0.07649039
29071,0.2060821
29072,0.028555106
29073,0.050503656
29074,0.050076053
29075,0.21308313
29076,0.03240735
29077,0.032390054
29078,0.043027386
29079,0.0917869
29080,0.114254214
29081,0.03330019
29082,0.029304452
29083,0.05816088
29084,0.17983262
29085,0.043018702
29086,0.3673597
29087,0.031467304
29088,0.04515262
29089,0.010928104
29090,0.0098015
29091,0.013673869
29092,0.44758904
29093,0.12136019
29094,0.05380191
29095,0.44588137
29096,0.44746792
29097,0.09066216
29098,0.045223165
29099,0.012405813
29100,0.016721122
29101,0.009419681
29102,0.051514678
29103,0.019063666
29104,0.07387866
29105,0.062017396
29106,0.064060435
29107,0.15576075
29108,0.3072255
29109,0.27891624
29110,0.049231816
29111,0.02784021
29112,0.029329738
29113,0.3642552
29114,0.01887317
29115,0.04615808
29116,0.04056545
29117,0.03572579
29118,0.128964
29119,0.45736507
29120,0.009935789
29121,0.035161935
29122,0.11570537
29123,0.016660042
29124,0.020880956
29125,0.04468995
29126,0.059288513
29127,0.010950414
29128,0.10596212
29129,0.1674953
29130,0.09594241
29131,0.074776575
29132,0.0703916
29133,0.033830386
29134,0.042104766
29135,0.035332363
29136,0.12867428
29137,0.06124129
29138,0.18594767
29139,0.016829083
29140,0.038519517
29141,0.036672916
29142,0.03371179
29143,0.017824836
29144,0.03491599
29145,0.046019793
29146,0.023609053
29147,0.052146036
29148,0.5864462
29149,0.262259
29150,0.043522406
29151,0.051633514
29152,0.030516181
29153,0.1017675
29154,0.092603594
29155,0.016587017
29156,0.060086217
29157,0.01599042
29158,0.01195779
29159,0.17127407
29160,0.028257176
29161,0.026057133
29162,0.038754728
29163,0.009867806
29164,0.16262126
29165,0.08733073
29166,0.33628297
29167,0.36398587
29168,0.3674423
29169,0.070796736
29170,0.044870984
29171,0.01835018
29172,0.059594963
29173,0.04430573
29174,0.24227624
29175,0.056557454
29176,0.5958406
29177,0.11293772
29178,0.019817669
29179,0.11200559
29180,0.077519156
29181,0.063133515
29182,0.017370852
29183,0.010867517
29184,0.04199396
29185,0.025764655
29186,0.012651054
29187,0.01803726
29188,0.026480421
29189,0.100703776
29190,0.04764861
29191,0.17457551
29192,0.07415346
29193,0.1222897
29194,0.33179855
29195,0.44820476
29196,0.07249849
29197,0.028027715
29198,0.08996329
29199,0.049200755
29200,0.023360016
29201,0.08654104
29202,0.076793455
29203,0.12862197
29204,0.033247042
29205,0.10301657
29206,0.032240782
29207,0.053275947
29208,0.02731714
29209,0.017003397
29210,0.1273776
29211,0.011434658
29212,0.02371188
29213,0.11401571
29214,0.041978355
29215,0.01195128
29216,0.022273488
29217,0.03861292
29218,0.069988415
29219,0.098398834
29220,0.13575806
29221,0.1219296
29222,0.36619806
29223,0.24015562
29224,0.24610452
29225,0.01384846
29226,0.104544714
29227,0.05892393
29228,0.033242885
29229,0.09076744
29230,0.029276635
29231,0.026422631
29232,0.054372855
29233,0.07374829
29234,0.08062062
29235,0.02546921
29236,0.051313818
29237,0.014239128
29238,0.05010644
29239,0.102941416
29240,0.042318504
29241,0.13785046
29242,0.061997578
29243,0.13426167
29244,0.55382454
29245,0.14237033
29246,0.12611336
29247,0.07240194
29248,0.09408176
29249,0.088754185
29250,0.10176489
29251,0.058218207
29252,0.012321816
29253,0.017464772
29254,0.38273123
29255,0.07305307
29256,0.070669495
29257,0.053204726
29258,0.076753944
29259,0.017876953
29260,0.025757175
29261,0.020784793
29262,0.0440965
29263,0.33815256
29264,0.07432454
29265,0.06425223
29266,0.12624878
29267,0.6631913
29268,0.11597926
29269,0.02493523
29270,0.32480046
29271,0.073382154
29272,0.21929504
29273,0.31835294
29274,0.08318279
29275,0.028674372
29276,0.0593862
29277,0.11042657
29278,0.13378385
29279,0.1580637
29280,0.05867232
29281,0.20154482
29282,0.07146798
29283,0.088658854
29284,0.012657925
29285,0.018444873
29286,0.019174786
29287,0.06976297
29288,0.08452364
29289,0.017009417
29290,0.13015823
29291,0.14554805
29292,0.2601732
29293,0.097669765
29294,0.037321832
29295,0.123512864
29296,0.1764578
29297,0.33015162
29298,0.062381525
29299,0.057866774
29300,0.02455574
29301,0.081309244
29302,0.5620922
29303,0.033285536
29304,0.115778305
29305,0.39182326
29306,0.22914769
29307,0.018119482
29308,0.052507255
29309,0.054073703
29310,0.38388166
29311,0.34807503
29312,0.012288108
29313,0.10562912
29314,0.10812481
29315,0.13918515
29316,0.13315882
29317,0.13849488
29318,0.15525083
29319,0.36325923
29320,0.09819323
29321,0.01661821
29322,0.07129559
29323,0.09908737
29324,0.06109603
29325,0.2161042
29326,0.98338467
29327,0.04415184
29328,0.36551955
29329,0.015766079
29330,0.06482596
29331,0.26277173
29332,0.017149687
29333,0.053762965
29334,0.085600436
29335,0.017159076
29336,0.06859168
29337,0.010319383
29338,0.5748092
29339,0.058757853
29340,0.10225123
29341,0.36252043
29342,0.13923834
29343,0.26076263
29344,0.36791226
29345,0.36568204
29346,0.24092631
29347,0.18696816
29348,0.12682587
29349,0.97573125
29350,0.4245097
29351,0.48355046
29352,0.028600518
29353,0.23332275
29354,0.050913144
29355,0.022593983
29356,0.02736348
29357,0.015441124
29358,0.059616365
29359,0.010608807
29360,0.011500142
29361,0.042473424
29362,0.13973032
29363,0.11643411
29364,0.11855377
29365,0.11985361
29366,0.11984062
29367,0.24218462
29368,0.34313226
29369,0.028582841
29370,0.1184694
29371,0.2764177
29372,0.01793268
29373,0.051190585
29374,0.98122853
29375,0.98809385
29376,0.75892293
29377,0.010540922
29378,0.024523873
29379,0.018537698
29380,0.08850936
29381,0.42334428
29382,0.09561824
29383,0.015269401
29384,0.066408224
29385,0.06231961
29386,0.09043128
29387,0.07226079
29388,0.013515407
29389,0.44401145
29390,0.016548293
29391,0.036084663
29392,0.1243384
29393,0.12705454
29394,0.06418498
29395,0.055986248
29396,0.3500761
29397,0.15673734
29398,0.028743742
29399,0.18158978
29400,0.12558568
29401,0.12139739
29402,0.9848815
29403,0.80927616
29404,0.757442
29405,0.013867326
29406,0.057758547
29407,0.02855852
29408,0.015994819
29409,0.42759618
29410,0.08972501
29411,0.25706685
29412,0.049813304
29413,0.108281285
29414,0.023261698
29415,0.16669768
29416,0.118598804
29417,0.13653734
29418,0.19604738
29419,0.5278912
29420,0.48286214
29421,0.23101087
29422,0.1336687
29423,0.100876674
29424,0.06471187
29425,0.12234727
29426,0.057455093
29427,0.0452749
29428,0.02044898
29429,0.19281222
29430,0.18950355
29431,0.08353032
29432,0.098280594
29433,0.026023712
29434,0.9856069
29435,0.99420696
29436,0.96613544
29437,0.111096725
29438,0.04549583
29439,0.32774702
29440,0.44649202
29441,0.022624003
29442,0.011598747
29443,0.024767227
29444,0.051108632
29445,0.11457325
29446,0.05725549
29447,0.40376633
29448,0.9786426
29449,0.08149412
29450,0.12947698
29451,0.11167732
29452,0.14590679
29453,0.077873506
29454,0.3106726
29455,0.20138247
29456,0.03360386
29457,0.121144645
29458,0.12040916
29459,0.1325703
29460,0.04251007
29461,0.42457008
29462,0.3625592
29463,0.19931571
29464,0.07222031
29465,0.023871511
29466,0.10112364
29467,0.011650547
29468,0.069222495
29469,0.19806634
29470,0.047049493
29471,0.053038485
29472,0.018363751
29473,0.02477296
29474,0.049579807
29475,0.055403046
29476,0.34145972
29477,0.644959
29478,0.26398173
29479,0.25378904
29480,0.1284059
29481,0.15527916
29482,0.12823981
29483,0.5325531
29484,0.06362279
29485,0.047339305
29486,0.03346353
29487,0.13259563
29488,0.15857725
29489,0.16349018
29490,0.47229803
29491,0.27844852
29492,0.14476456
29493,1.0
29494,0.12797444
29495,0.015399243
29496,0.14114316
29497,0.24830033
29498,0.018628133
29499,0.041255206
29500,0.4157548
29501,0.067107804
29502,0.038761865
29503,0.04777015
29504,0.055842776
29505,0.21231838
29506,0.38220522
29507,0.2868885
29508,0.52816474
29509,0.2696521
29510,0.14566192
29511,0.14941235
29512,0.3788887
29513,0.029662604
29514,0.1568901
29515,0.0754236
29516,0.045340758
29517,0.49474293
29518,0.25433487
29519,0.08412731
29520,0.58415604
29521,0.3742757
29522,0.08334515
29523,0.23936929
29524,0.09524232
29525,0.03896511
29526,0.012144181
29527,0.0120894555
29528,0.028380971
29529,0.0638616
29530,0.103786156
29531,0.1137843
29532,0.14206277
29533,0.42326915
29534,0.7435043
29535,0.42561227
29536,0.35141766
29537,0.548211
29538,0.11011006
29539,0.07439832
29540,0.07081151
29541,0.21249624
29542,0.26059085
29543,0.07164879
29544,0.027066957
29545,0.06405957
29546,0.13377902
29547,0.023150908
29548,0.045232795
29549,0.115572326
29550,0.029798338
29551,0.03742924
29552,0.041126113
29553,0.08460374
29554,0.05745542
29555,0.10475794
29556,0.3852626
29557,0.21872447
29558,0.32834807
29559,0.72822183
29560,0.61697483
29561,0.26356128
29562,0.1540392
29563,0.044879865
29564,0.057649117
29565,0.12474747
29566,0.01966014
29567,0.011532462
29568,0.032881908
29569,0.9788613
29570,0.049271625
29571,0.029797683
29572,0.065365046
29573,0.091345735
29574,0.19955565
29575,0.03612608
29576,0.06068131
29577,0.017834583
29578,0.05140666
29579,0.018757634
29580,0.03705908
29581,0.10097839
29582,0.13031508
29583,0.6713902
29584,0.397737
29585,0.23983479
29586,0.99410367
29587,0.38567913
29588,0.44808242
29589,0.17366637
29590,0.037155986
29591,0.039925553
29592,0.028809324
29593,0.067640506
29594,0.049106225
29595,0.041518796
29596,0.067313515
29597,0.4354255
29598,0.120142885
29599,0.37707677
29600,0.021822264
29601,0.10641069
29602,0.13428105
29603,0.1202356
29604,0.18545532
29605,0.05352779
29606,0.02471195
29607,0.051070973
29608,0.1418283
29609,0.97652876
29610,0.366055
29611,0.7504972
29612,0.36818635
29613,0.3658587
29614,0.23817739
29615,0.19475119
29616,0.10399738
29617,0.017589582
29618,0.019316457
29619,0.012201208
29620,0.027547037
29621,0.14883219
29622,0.13301964
29623,0.1356218
29624,0.365297
29625,0.021324513
29626,0.07039412
29627,0.012146645
29628,0.36505085
29629,0.053554263
29630,0.12739511
29631,0.24706352
29632,0.03072187
29633,0.010275479
29634,0.21088687
29635,0.2407611
29636,0.076079994
29637,0.12695281
29638,0.10407444
29639,0.08413803
29640,0.037993442
29641,0.13540632
29642,0.12620074
29643,0.01234919
29644,0.1959851
29645,0.011786086
29646,0.1027608
29647,0.03603651
29648,0.03150347
29649,0.13862048
29650,0.04596147
29651,0.062082924
29652,0.05722956
29653,0.17352681
29654,0.27175134
29655,0.719024
29656,0.09520133
29657,0.014283042
29658,0.023917062
29659,0.046245668
29660,0.07359934
29661,0.139433
29662,0.013263298
29663,0.025503866
29664,0.021967027
29665,0.03855045
29666,0.01794388
29667,0.013214179
29668,0.02027089
29669,0.10205721
29670,0.13895214
29671,0.43108204
29672,0.023842191
29673,0.042804588
29674,0.09042767
29675,0.10920284
29676,0.42651975
29677,0.12863521
29678,0.013969071
29679,0.2179497
29680,0.0134764
29681,0.055970877
29682,0.01571269
29683,0.07319133
29684,0.2320121
29685,0.07957601
29686,0.012691504
29687,0.024919419
29688,0.013273462
29689,0.19696002
29690,0.017082768
29691,0.032896403
29692,0.13931789
29693,0.07379708
29694,0.04918651
29695,0.029054418
29696,0.035777386
29697,0.074008234
29698,0.38315165
29699,0.046258207
29700,0.013735132
29701,0.027546724
29702,0.049215075
29703,0.041370608
29704,0.059936997
29705,0.23602244
29706,0.06427646
29707,0.18354589
29708,0.08003294
29709,0.026695238
29710,0.0145176295
29711,0.065282024
29712,0.0623373
29713,0.042850345
29714,0.34916684
29715,0.1003391
29716,0.13292588
29717,0.01592812
29718,0.11545998
29719,0.09693622
29720,0.014178142
29721,0.26313025
29722,0.5306199
29723,0.123935215
29724,0.087233655
29725,0.014583537
29726,0.0962038
29727,0.055039372
29728,0.060611147
29729,0.13100034
29730,0.11923833
29731,0.10917492
29732,1.0
29733,0.07443278
29734,0.016865432
29735,0.08059166
29736,0.07018554
29737,0.030191213
29738,0.091373235
29739,0.44465557
29740,0.08587875
29741,0.23799323
29742,0.024208
29743,0.017823787
29744,0.07879096
29745,0.030602375
29746,0.10149412
29747,0.034599926
29748,0.0355982
29749,0.0651686
29750,0.08951952
29751,0.027027948
29752,0.07846929
29753,0.13693523
29754,0.042737376
29755,0.041820712
29756,0.031724647
29757,0.08655999
29758,0.110952765
29759,0.026013518
29760,0.061943892
29761,0.9905024
29762,0.054810315
29763,0.1012538
29764,0.04977504
29765,0.03977855
29766,0.05083293
29767,0.05055271
29768,0.014728105
29769,0.02081121
29770,0.40651208
29771,0.038337864
29772,0.0099070715
29773,0.009050506
29774,0.011526505
29775,0.010522793
29776,0.01570253
29777,0.06995181
29778,0.10741538
29779,0.03143856
29780,0.011885125
29781,0.10950282
29782,0.037128337
29783,0.018184867
29784,0.073309325
29785,0.37764072
29786,0.018204471
29787,0.01668572
29788,0.009883951
29789,0.053911395
29790,0.010454078
29791,0.032327604
29792,0.16960382
29793,0.06999429
29794,0.014518449
29795,0.014271911
29796,0.075278565
29797,0.24289924
29798,0.10340913
29799,0.07204968
29800,0.060547605
29801,0.035405736
29802,0.066385075
29803,0.016852336
29804,0.06702036
29805,0.25139883
29806,0.30990738
29807,0.010845769
29808,0.031118965
29809,0.016939396
29810,0.013227271
29811,0.013119494
29812,0.013047848
29813,0.02749786
29814,0.015647208
29815,0.015541736
29816,0.026337633
29817,0.043932978
29818,0.08208911
29819,0.11058001
29820,0.009821071
29821,0.16096863
29822,0.011397852
29823,0.2879899
29824,0.011893639
29825,0.01741512
29826,0.02785102
29827,0.013909299
29828,0.02256092
29829,0.019985626
29830,0.0316339
29831,0.016067501
29832,0.0096652955
29833,0.011854793
29834,0.011561875
29835,0.081780694
29836,0.009586659
29837,0.029181452
29838,0.03414927
29839,0.018868407
29840,0.046626635
29841,0.02490372
29842,0.017623728
29843,0.010161805
29844,0.11604415
29845,0.036096547
29846,0.047969267
29847,0.009353524
29848,0.011170819
29849,0.03158232
29850,0.022861341
29851,0.09988
29852,0.015270506
29853,0.100208
29854,0.4448131
29855,0.063743606
29856,0.069024935
29857,0.0667282
29858,0.08672328
29859,0.03569132
29860,0.013788156
29861,0.11909737
29862,0.13095269
29863,0.1388604
29864,0.015320801
29865,0.030603707
29866,0.042149387
29867,0.02675734
29868,0.021424213
29869,0.047053102
29870,0.010527236
29871,0.08355782
29872,0.108151615
29873,0.30224624
29874,0.016779946
29875,0.022813149
29876,0.00931923
29877,0.016181655
29878,0.058981717
29879,0.032073706
29880,0.034433655
29881,0.016496487
29882,0.033140156
29883,0.012537809
29884,0.012730409
29885,0.027010877
29886,0.24901019
29887,0.24757834
29888,0.020369759
29889,0.099236175
29890,0.016150365
29891,0.012597697
29892,0.030452523
29893,0.031895734
29894,0.028627383
29895,0.044924833
29896,0.026361862
29897,0.027827438
29898,0.035043817
29899,0.02914819
29900,0.07673746
29901,0.029265134
29902,0.14835677
29903,0.032189406
29904,0.0609987
29905,0.26206806
29906,0.3112329
29907,0.031658456
29908,0.2312775
29909,0.071571074
29910,0.23454678
29911,0.04900364
29912,0.2217979
29913,0.036480337
29914,0.021020044
29915,0.13629958
29916,0.01306141
29917,0.02563609
29918,0.02244246
29919,0.22726361
29920,0.025522165
29921,0.7427852
29922,0.20295447
29923,0.035279103
29924,0.23933017
29925,0.0145887025
29926,0.0411344
29927,0.037169762
29928,0.1511291
29929,0.23347336
29930,0.5813949
29931,0.5728784
29932,0.029543832
29933,0.06029696
29934,0.10583538
29935,0.1677503
29936,0.010733432
29937,0.012627156
29938,0.04000141
29939,0.042628583
29940,0.0913948
29941,0.06176674
29942,0.029036809
29943,0.44615346
29944,0.21554548
29945,0.32042328
29946,0.5450303
29947,0.12262497
29948,0.5906984
29949,0.06683472
29950,0.3021959
29951,0.10217808
29952,0.07972923
29953,0.030018046
29954,0.04930429
29955,0.05412223
29956,0.11449108
29957,0.1310216
29958,0.025873637
29959,0.034864385
29960,0.0555062
29961,0.22877772
29962,0.034428436
29963,0.050106477
29964,0.061642904
29965,0.12909015
29966,0.03163821
29967,0.027992837
29968,0.022351637
29969,0.23715773
29970,0.0607357
29971,0.12611794
29972,0.03306169
29973,0.0368295
29974,0.009721018
29975,0.44892198
29976,0.09210872
29977,0.011085789
29978,0.05517235
29979,0.26702076
29980,0.3156736
29981,0.121052496
29982,0.05057531
29983,0.012109629
29984,0.012285995
29985,0.04524535
29986,0.011684046
29987,0.09569405
29988,0.048137166
29989,0.06858302
29990,0.058862373
29991,0.28243688
29992,0.28233638
29993,0.015437366
29994,0.28068912
29995,0.040900696
29996,0.025952509
29997,0.3113506
29998,0.02611342
29999,0.065953806
30000,0.011511983
30001,0.16275235
30002,0.03707592
30003,0.01957607
30004,0.18310003
30005,0.506213
30006,0.15352863
30007,0.016424632
30008,0.013165862
30009,0.039525475
30010,0.059006315
30011,0.016197208
30012,0.024015358
30013,0.13526928
30014,0.15464818
30015,0.100450166
30016,0.08040089
30017,0.10056362
30018,0.008648418
30019,0.011631076
30020,0.0333345
30021,0.037237994
30022,0.042926755
30023,0.041552704
30024,0.12050433
30025,0.06704089
30026,0.1916057
30027,0.019479895
30028,0.038333505
30029,0.0387053
30030,0.03015
30031,0.017246835
30032,0.029619196
30033,0.048430413
30034,0.020687345
30035,0.05107353
30036,0.6467942
30037,0.37137857
30038,0.032132063
30039,0.048592567
30040,0.10474968
30041,0.09294032
30042,0.022610446
30043,0.05680292
30044,0.016115654
30045,0.013855648
30046,0.02767518
30047,0.22940157
30048,0.02710342
30049,0.029226426
30050,0.034414586
30051,0.17147356
30052,0.0735173
30053,0.23102538
30054,0.2065316
30055,0.36739558
30056,0.08607368
30057,0.04315319
30058,0.014704418
30059,0.05936854
30060,0.052183144
30061,0.23064373
30062,0.08035286
30063,0.5304809
30064,0.09119626
30065,0.020228306
30066,0.10730381
30067,0.0927103
30068,0.04021744
30069,0.01724456
30070,0.016629726
30071,0.048879046
30072,0.025263077
30073,0.026720509
30074,0.027770953
30075,0.09748099
30076,0.05491748
30077,0.1059368
30078,0.0763952
30079,0.11977537
30080,0.37896663
30081,0.43652266
30082,0.06895022
30083,0.021652184
30084,0.08180422
30085,0.015999727
30086,0.048736583
30087,0.024006786
30088,0.11287563
30089,0.054378424
30090,0.11207178
30091,0.05212737
30092,0.091877885
30093,0.031007731
30094,0.043958966
30095,0.027032724
30096,0.015601519
30097,0.15455654
30098,0.012826816
30099,0.09947363
30100,0.029986145
30101,0.017530011
30102,0.026799023
30103,0.038908094
30104,0.06898503
30105,0.10212526
30106,0.20672078
30107,0.11762508
30108,0.35329857
30109,0.22281463
30110,0.24278344
30111,0.0142322825
30112,0.09645664
30113,0.051950548
30114,0.034876972
30115,0.07191577
30116,0.02029849
30117,0.0540461
30118,0.040199667
30119,0.05639959
30120,0.079406165
30121,0.030756427
30122,0.052470468
30123,0.018143088
30124,0.0904494
30125,0.017009614
30126,0.053549547
30127,0.14568627
30128,0.06308188
30129,0.21336126
30130,0.5631224
30131,0.11777579
30132,0.12580627
30133,0.0702418
30134,0.091954775
30135,0.0828556
30136,0.09703465
30137,0.060618863
30138,0.01193898
30139,0.02466284
30140,0.26761118
30141,0.07141358
30142,0.07101494
30143,0.050397974
30144,0.07120419
30145,0.017827466
30146,0.0197539
30147,0.019183364
30148,0.044418562
30149,0.33780965
30150,0.077746995
30151,0.06721907
30152,0.12522149
30153,0.63784677
30154,0.11472766
30155,0.024601031
30156,0.2231752
30157,0.07048501
30158,0.2548948
30159,0.3198609
30160,0.08292157
30161,0.05311976
30162,0.088969275
30163,0.105007574
30164,0.15935808
30165,0.046406068
30166,0.15945695
30167,0.079272926
30168,0.062241357
30169,0.014600621
30170,0.012634817
30171,0.017957322
30172,0.030663813
30173,0.07990364
30174,0.10340147
30175,0.01595186
30176,0.1359643
30177,0.15001824
30178,0.25229567
30179,0.10039026
30180,0.042571582
30181,0.1334066
30182,0.18689471
30183,0.35944495
30184,0.07323493
30185,0.058759447
30186,0.024234181
30187,0.066783786
30188,0.58486575
30189,0.036539994
30190,0.1147414
30191,0.39917603
30192,0.24460673
30193,0.015740134
30194,0.01244485
30195,0.01439097
30196,0.045418512
30197,0.05817229
30198,0.4006428
30199,0.3932004
30200,0.012288108
30201,0.10276286
30202,0.10343886
30203,0.14641513
30204,0.15920202
30205,0.13973004
30206,0.18014267
30207,0.36068067
30208,0.095155075
30209,0.017081762
30210,0.100452855
30211,0.08403648
30212,0.05714359
30213,0.27560645
30214,0.9650491
30215,0.039246358
30216,0.3821675
30217,0.015618881
30218,0.05951112
30219,0.3687997
30220,0.009633459
30221,0.05804807
30222,0.08363937
30223,0.017149137
30224,0.073901884
30225,0.010319383
30226,0.5623752
30227,0.056465577
30228,0.102438234
30229,0.3645099
30230,0.14469172
30231,0.26298124
30232,0.36088622
30233,0.3928805
30234,0.1526735
30235,0.10625385
30236,0.10960854
30237,0.975503
30238,0.39403206
30239,0.47541222
30240,0.029662555
30241,0.1446637
30242,0.08057747
30243,0.011988547
30244,0.06312094
30245,0.010608807
30246,0.011344237
30247,0.011590294
30248,0.035974056
30249,0.08804016
30250,0.11329392
30251,0.1192598
30252,0.119678214
30253,0.12283911
30254,0.23473458
30255,0.20032285
30256,0.025904216
30257,0.09976565
30258,0.3598403
30259,0.049230106
30260,0.98397535
30261,0.87067056
30262,0.74750715
30263,0.010511738
30264,0.024264038
30265,0.018364578
30266,0.12998152
30267,0.44553676
30268,0.09493634
30269,0.017794928
30270,0.06062135
30271,0.01280632
30272,0.05964773
30273,0.08747655
30274,0.06862401
30275,0.020282555
30276,0.43313056
30277,0.016217714
30278,0.04274189
30279,0.12465269
30280,0.12272105
30281,0.06924578
30282,0.054824185
30283,0.24819273
30284,0.15844823
30285,0.028488077
30286,0.19706777
30287,0.11776812
30288,0.11617448
30289,0.9848815
30290,0.70983756
30291,0.7871271
30292,0.13001853
30293,0.026987454
30294,0.012184211
30295,0.43055075
30296,0.08636261
30297,0.18776499
30298,0.0501572
30299,0.13654435
30300,0.022720937
30301,0.13977936
30302,0.12030928
30303,0.14065179
30304,0.19377542
30305,0.5186177
30306,0.5273732
30307,0.21959949
30308,0.14396958
30309,0.10758418
30310,0.06056025
30311,0.109454244
30312,0.05578097
30313,0.039941452
30314,0.14824948
30315,0.24541897
30316,0.07250319
30317,0.12644385
30318,0.025606655
30319,0.96965367
30320,0.9940756
30321,0.967618
30322,0.09317553
30323,0.063787684
30324,0.31821457
30325,0.013438421
30326,0.43163598
30327,0.021713788
30328,0.017432055
30329,0.020945149
30330,0.041984454
30331,0.116044596
30332,0.064188555
30333,0.3713648
30334,0.97803825
30335,0.08311276
30336,0.13007666
30337,0.10986181
30338,0.15698195
30339,0.077576354
30340,0.34932515
30341,0.22457807
30342,0.033552617
30343,0.10015448
30344,0.11530448
30345,0.13374478
30346,0.044445787
30347,0.03446997
30348,0.27302712
30349,0.37438166
30350,0.21953452
30351,0.07299047
30352,0.023400106
30353,0.11682399
30354,0.011650547
30355,0.0721951
30356,0.19753593
30357,0.0425082
30358,0.059841227
30359,0.051162954
30360,0.05303736
30361,0.050469518
30362,0.3465503
30363,0.64171237
30364,0.24952538
30365,0.17627779
30366,0.13855535
30367,0.14924268
30368,0.13959464
30369,0.5944808
30370,0.06891492
30371,0.030180106
30372,0.03925617
30373,0.036830958
30374,0.14109027
30375,0.12834883
30376,0.2383407
30377,0.5089918
30378,0.29491207
30379,0.20565349
30380,1.0
30381,0.12322035
30382,0.016489826
30383,0.11501644
30384,0.26107213
30385,0.018146588
30386,0.047554635
30387,0.43936312
30388,0.070038274
30389,0.039662763
30390,0.04948395
30391,0.05504729
30392,0.20518225
30393,0.4028077
30394,0.26820028
30395,0.4899848
30396,0.27013427
30397,0.14863442
30398,0.14661084
30399,0.3888228
30400,0.027646558
30401,0.13782118
30402,0.07039895
30403,0.04770027
30404,0.5036326
30405,0.25169814
30406,0.064329155
30407,0.57760817
30408,0.27612865
30409,0.010295832
30410,0.0927421
30411,0.14420168
30412,0.08681508
30413,0.040958136
30414,0.013633505
30415,0.012009621
30416,0.031114198
30417,0.06505708
30418,0.10643578
30419,0.11167608
30420,0.13198553
30421,0.42045277
30422,0.79169506
30423,0.42949954
30424,0.25803035
30425,0.5541647
30426,0.12238083
30427,0.10128314
30428,0.075806156
30429,0.150931
30430,0.37078136
30431,0.08596747
30432,0.027498405
30433,0.076836295
30434,0.12177854
30435,0.019438133
30436,0.053201202
30437,0.10241564
30438,0.025112608
30439,0.035986926
30440,0.01833708
30441,0.01844856
30442,0.04149751
30443,0.08273657
30444,0.061969366
30445,0.106871575
30446,0.34432372
30447,0.2207604
30448,0.32873195
30449,0.7409594
30450,0.62710214
30451,0.36971617
30452,0.22787553
30453,0.04382703
30454,0.02141067
30455,0.055554334
30456,0.11777099
30457,0.016338268
30458,0.028409857
30459,0.9782765
30460,0.043264627
30461,0.019318683
30462,0.16540219
30463,0.06013223
30464,0.19833028
30465,0.051122002
30466,0.051373396
30467,0.015500191
30468,0.0424585
30469,0.037956193
30470,0.102344245
30471,0.13059679
30472,0.5955551
30473,0.3708428
30474,0.24210006
30475,0.99468845
30476,0.3997887
30477,0.45346388
30478,0.17154494
30479,0.037212517
30480,0.034535747
30481,0.028075578
30482,0.06835359
30483,0.051195927
30484,0.04005381
30485,0.063769616
30486,0.40936464
30487,0.13824223
30488,0.37643984
30489,0.026763672
30490,0.1006876
30491,0.15712243
30492,0.13434811
30493,0.17975545
30494,0.048552666
30495,0.025954206
30496,0.050689086
30497,0.14282553
30498,0.9766443
30499,0.36289692
30500,0.7506893
30501,0.36144525
30502,0.37374493
30503,0.1716152
30504,0.2205156
30505,0.118558206
30506,0.0176015
30507,0.014215782
30508,0.012201208
30509,0.027385842
30510,0.026597153
30511,0.1381779
30512,0.1390142
30513,0.1823757
30514,0.28927615
30515,0.0270693
30516,0.08081531
30517,0.2722002
30518,0.04300079
30519,0.12619042
30520,0.3594256
30521,0.03303999
30522,0.202683
30523,0.24579181
30524,0.08249005
30525,0.14008263
30526,0.12329097
30527,0.07648517
30528,0.036748663
30529,0.13609935
30530,0.12006413
30531,0.039011184
30532,0.014652766
30533,0.18938316
30534,0.09715911
30535,0.03659448
30536,0.03163214
30537,0.14169939
30538,0.047716722
30539,0.055440724
30540,0.05644906
30541,0.16896944
30542,0.370612
30543,0.62121534
30544,0.12017736
30545,0.019774145
30546,0.017689709
30547,0.052783117
30548,0.068725035
30549,0.15650746
30550,0.024735862
30551,0.015706213
30552,0.05630616
30553,0.018895267
30554,0.012281328
30555,0.01782426
30556,0.099602126
30557,0.114695616
30558,0.44478723
30559,0.020834524
30560,0.018233623
30561,0.04142963
30562,0.098278895
30563,0.11044967
30564,0.42501098
30565,0.107564025
30566,0.014162245
30567,0.20904244
30568,0.055332616
30569,0.018513115
30570,0.077254854
30571,0.13207178
30572,0.06449072
30573,0.04509522
30574,0.012270622
30575,0.26347342
30576,0.029607438
30577,0.016328288
30578,0.014288068
30579,0.032764684
30580,0.13273476
30581,0.0758917
30582,0.04933102
30583,0.023899645
30584,0.037442658
30585,0.07281366
30586,0.29465565
30587,0.046255086
30588,0.02656708
30589,0.06607381
30590,0.040347066
30591,0.06698818
30592,0.2327581
30593,0.060733836
30594,0.25364527
30595,0.068008706
30596,0.02735814
30597,0.014335021
30598,0.064774126
30599,0.06510202
30600,0.031170081
30601,0.35473192
30602,0.10224322
30603,0.24916509
30604,0.020424178
30605,0.10265152
30606,0.08037301
30607,0.013822727
30608,0.2678411
30609,0.55175066
30610,0.19704764
30611,0.09442164
30612,0.10151019
30613,0.07454336
30614,0.07340827
30615,0.15671684
30616,0.09222897
30617,0.08612737
30618,1.0
30619,0.01647381
30620,0.07303796
30621,0.014652962
30622,0.07714639
30623,0.08157818
30624,0.017574584
30625,0.037603885
30626,0.109565265
30627,0.49101645
30628,0.085986115
30629,0.23290929
30630,0.024801468
30631,0.08591789
30632,0.028345367
30633,0.113697134
30634,0.03969217
30635,0.047272973
30636,0.056798454
30637,0.07207931
30638,0.02653643
30639,0.019489612
30640,0.07143759
30641,0.013942552
30642,0.15795997
30643,0.046354838
30644,0.052415576
30645,0.07722839
30646,0.11780884
30647,0.019956833
30648,0.021682328
30649,0.04290704
30650,0.98985404
30651,0.05975879
30652,0.12113931
30653,0.046289
30654,0.037004173
30655,0.05771202
30656,0.052427527
30657,0.014340727
30658,0.01664927
30659,0.25461492
30660,0.032018695
30661,0.009877888
30662,0.009050506
30663,0.011952778
30664,0.011134278
30665,0.015831651
30666,0.056301385
30667,0.124051
30668,0.19008136
30669,0.03870721
30670,0.05804644
30671,0.36624712
30672,0.02044631
30673,0.021761043
30674,0.011362949
30675,0.020556228
30676,0.013217155
30677,0.06306351
30678,0.010700357
30679,0.0357703
30680,0.24189976
30681,0.07407955
30682,0.015610859
30683,0.019885417
30684,0.010386868
30685,0.08499169
30686,0.23203336
30687,0.107303314
30688,0.06692168
30689,0.060489256
30690,0.030885145
30691,0.065251015
30692,0.016654948
30693,0.05855494
30694,0.24344113
30695,0.186316
30696,0.012919022
30697,0.02065613
30698,0.01299535
30699,0.022062974
30700,0.011426509
30701,0.015369354
30702,0.017455587
30703,0.012186449
30704,0.030317245
30705,0.058017343
30706,0.0614881
30707,0.10778881
30708,0.14548406
30709,0.011397852
30710,0.26314622
30711,0.011893639
30712,0.023281828
30713,0.0119191995
30714,0.026952187
30715,0.013658734
30716,0.014646915
30717,0.018456932
30718,0.020662932
30719,0.015213644
30720,0.03116518
30721,0.013763869
30722,0.0141427005
30723,0.100659445
30724,0.034991954
30725,0.020190326
30726,0.045455184
30727,0.018837666
30728,0.012416235
30729,0.017301003
30730,0.010161805
30731,0.11945206
30732,0.026630698
30733,0.045853674
30734,0.009416234
30735,0.03791563
30736,0.022749582
30737,0.084214844
30738,0.015155313
30739,0.10139402
30740,0.40207797
30741,0.06020113
30742,0.062739156
30743,0.08577522
30744,0.07099596
30745,0.035729814
30746,0.012434458
30747,0.12224756
30748,0.015298803
30749,0.12289791
30750,0.15997334
30751,0.017985376
30752,0.025481692
30753,0.041583396
30754,0.027459055
30755,0.024950055
30756,0.012254273
30757,0.0419414
30758,0.014139664
30759,0.08514848
30760,0.07014418
30761,0.0294824
30762,0.010731402
30763,0.20102784
30764,0.018245919
30765,0.018851291
30766,0.027028989
30767,0.00931923
30768,0.02362305
30769,0.054446936
30770,0.04869506
30771,0.035854578
30772,0.035275526
30773,0.01254831
30774,0.029525958
30775,0.3658499
30776,0.23927408
30777,0.01146254
30778,0.01862007
30779,0.10438992
30780,0.016980462
30781,0.016093697
30782,0.040969953
30783,0.035482302
30784,0.026060544
30785,0.02939212
30786,0.08685813
30787,0.012515451
30788,0.027891228
30789,0.030984737
30790,0.030227466
30791,0.031482656
30792,0.06804162
30793,0.030327765
30794,0.4062713
30795,0.04029508
30796,0.07442318
30797,0.31861117
30798,0.3274313
30799,0.025613016
30800,0.2198483
30801,0.110598765
30802,0.39871216
30803,0.048313316
30804,0.18342462
30805,0.035075348
30806,0.020747662
30807,0.25532702
30808,0.009429764
30809,0.0238695
30810,0.017005358
30811,0.33347824
30812,0.027196966
30813,0.87150306
30814,0.22845607
30815,0.029732501
30816,0.23931797
30817,0.016935913
30818,0.023013266
30819,0.02599292
30820,0.045246076
30821,0.011013942
30822,0.036604483
30823,0.08148685
30824,0.47318062
30825,0.73671925
30826,0.72252744
30827,0.027274996
30828,0.10797687
30829,0.10613365
30830,0.37573013
30831,0.08341798
30832,0.051452383
30833,0.05642498
30834,0.14912117
30835,0.028782062
30836,0.4594831
30837,0.19188401
30838,0.26021773
30839,0.7355533
30840,0.11942101
30841,0.018994836
30842,0.721806
30843,0.06618406
30844,0.2712938
30845,0.07990369
30846,0.048889853
30847,0.02777287
30848,0.09231608
30849,0.07220962
30850,0.11323313
30851,0.18359841
30852,0.027994322
30853,0.033233546
30854,0.09596105
30855,0.23223719
30856,0.043819245
30857,0.097392775
30858,0.08531778
30859,0.14865871
30860,0.027143467
30861,0.02266398
30862,0.04368704
30863,0.15791406
30864,0.10758092
30865,0.3382338
30866,0.02916494
30867,0.046577144
30868,0.021429596
30869,0.015563158
30870,0.013889935
30871,0.42220762
30872,0.09048097
30873,0.07027185
30874,0.5314015
30875,0.28062803
30876,0.010954704
30877,0.12250951
30878,0.085374966
30879,0.013710946
30880,0.011575507
30881,0.050034065
30882,0.08943025
30883,0.059036214
30884,0.29049635
30885,0.40309116
30886,0.019941108
30887,0.041634414
30888,0.025257053
30889,0.3874689
30890,0.03711866
30891,0.053060587
30892,0.011312388
30893,0.098570436
30894,0.036002703
30895,0.044516243
30896,0.24469532
30897,0.59772736
30898,0.13852796
30899,0.019716416
30900,0.017306687
30901,0.043636993
30902,0.056149524
30903,0.027792959
30904,0.011589622
30905,0.16776225
30906,0.15369582
30907,0.119582504
30908,0.088664405
30909,0.10568492
30910,0.011935402
30911,0.033676654
30912,0.035061255
30913,0.033158965
30914,0.04361774
30915,0.12605514
30916,0.061241075
30917,0.1864542
30918,0.015564151
30919,0.037194658
30920,0.037770495
30921,0.02832658
30922,0.016086776
30923,0.03125056
30924,0.052554756
30925,0.05802361
30926,0.5903427
30927,0.2604414
30928,0.0326259
30929,0.048525006
30930,0.106124274
30931,0.06399874
30932,0.023294345
30933,0.05651713
30934,0.028514445
30935,0.22184077
30936,0.031112596
30937,0.029548112
30938,0.03265307
30939,0.10368376
30940,0.08593086
30941,0.35442758
30942,0.32342064
30943,0.36216962
30944,0.06728704
30945,0.04599856
30946,0.017831545
30947,0.061680082
30948,0.05199103
30949,0.25010654
30950,0.05176218
30951,0.5036012
30952,0.111299135
30953,0.02315955
30954,0.11869853
30955,0.048697297
30956,0.039898757
30957,0.017546544
30958,0.011048951
30959,0.07887987
30960,0.02141288
30961,0.017787619
30962,0.019291952
30963,0.028199045
30964,0.09756339
30965,0.05295884
30966,0.08866124
30967,0.0837682
30968,0.11991203
30969,0.3686939
30970,0.45469213
30971,0.07976703
30972,0.021814765
30973,0.09255079
30974,0.023049602
30975,0.048489463
30976,0.010317724
30977,0.085684285
30978,0.05836411
30979,0.10211428
30980,0.050505243
30981,0.12553959
30982,0.03607466
30983,0.045934506
30984,0.029080305
30985,0.014261633
30986,0.018005075
30987,0.18452445
30988,0.08491822
30989,0.025835047
30990,0.022390613
30991,0.042782895
30992,0.07372234
30993,0.08998182
30994,0.12716176
30995,0.1194251
30996,0.25696865
30997,0.23663808
30998,0.24025184
30999,0.014501826
31000,0.10483231
31001,0.012496829
31002,0.052407965
31003,0.017494017
31004,0.035600793
31005,0.069248155
31006,0.029730275
31007,0.04644431
31008,0.037205342
31009,0.012816923
31010,0.058900416
31011,0.075069204
31012,0.028261838
31013,0.055060476
31014,0.01837005
31015,0.033205394
31016,0.08984229
31017,0.018724605
31018,0.0487832
31019,0.13997751
31020,0.063653864
31021,0.22130011
31022,0.58161277
31023,0.124762945
31024,0.124183774
31025,0.06790078
31026,0.09576004
31027,0.08191604
31028,0.097916834
31029,0.054614794
31030,0.2908991
31031,0.07008231
31032,0.07860463
31033,0.054567944
31034,0.077534564
31035,0.01714985
31036,0.021816146
31037,0.018748416
31038,0.01778524
31039,0.046024747
31040,0.42186505
31041,0.075471774
31042,0.06535064
31043,0.12621118
31044,0.6655139
31045,0.114624955
31046,0.018941863
31047,0.20456022
31048,0.07054219
31049,0.2469527
31050,0.3227976
31051,0.06911128
31052,0.019069543
31053,0.061338186
31054,0.084271505
31055,0.12950599
31056,0.21970576
31057,0.045893874
31058,0.2111006
31059,0.067129396
31060,0.011382317
31061,0.07747441
31062,0.012839358
31063,0.021619676
31064,0.029233014
31065,0.08604008
31066,0.077055894
31067,0.016620746
31068,0.12712039
31069,0.15573327
31070,0.25361255
31071,0.09478051
31072,0.04063109
31073,0.12500797
31074,0.17521267
31075,0.3508003
31076,0.07985086
31077,0.07436289
31078,0.024217175
31079,0.06940045
31080,0.5571621
31081,0.033803012
31082,0.12315464
31083,0.4059213
31084,0.22285435
31085,0.01737898
31086,0.015447379
31087,0.046209957
31088,0.07654013
31089,0.32996535
31090,0.39065447
31091,0.012124904
31092,0.10423645
31093,0.10514837
31094,0.21607031
31095,0.13897614
31096,0.12937458
31097,0.16549698
31098,0.36663058
31099,0.094583176
31100,0.017254455
31101,0.057387725
31102,0.11035448
31103,0.05869695
31104,0.2067144
31105,0.9797877
31106,0.041608825
31107,0.3724637
31108,0.015711056
31109,0.056422383
31110,0.25503725
31111,0.016821621
31112,0.05416101
31113,0.078927875
31114,0.021303477
31115,0.08115261
31116,0.5835448
31117,0.09054335
31118,0.103104346
31119,0.27722973
31120,0.14864261
31121,0.27205977
31122,0.3723343
31123,0.4005797
31124,0.2494348
31125,0.11171427
31126,0.11346933
31127,0.9924403
31128,0.426326
31129,0.47500798
31130,0.029560465
31131,0.12328029
31132,0.09208339
31133,0.023378877
31134,0.020175269
31135,0.015003537
31136,0.064430684
31137,0.010678133
31138,0.011374997
31139,0.013540895
31140,0.0365213
31141,0.07310042
31142,0.11234333
31143,0.11181353
31144,0.122864224
31145,0.1171624
31146,0.21158761
31147,0.20582831
31148,0.026960965
31149,0.09995743
31150,0.3642511
31151,0.016447267
31152,0.05217165
31153,0.9862305
31154,0.99361134
31155,0.7563997
31156,0.010581064
31157,0.024974458
31158,0.11084594
31159,0.42716265
31160,0.094473176
31161,0.0599655
31162,0.03912138
31163,0.013159457
31164,0.06173378
31165,0.08764784
31166,0.07198019
31167,0.02326208
31168,0.44942072
31169,0.016470252
31170,0.033783156
31171,0.11466586
31172,0.119894825
31173,0.062229306
31174,0.05516241
31175,0.35869387
31176,0.1742124
31177,0.024231605
31178,0.21057436
31179,0.13395274
31180,0.13137545
31181,0.985248
31182,0.8350794
31183,0.7656765
31184,0.022533294
31185,0.14294063
31186,0.02774603
31187,0.013494127
31188,0.48815882
31189,0.097816214
31190,0.19737603
31191,0.05636541
31192,0.17160179
31193,0.02440743
31194,0.14088318
31195,0.13171405
31196,0.14428775
31197,0.17169645
31198,0.5318647
31199,0.5303045
31200,0.2060468
31201,0.14528432
31202,0.11280039
31203,0.062151246
31204,0.11735443
31205,0.06565393
31206,0.040164944
31207,0.023445545
31208,0.14505601
31209,0.18195444
31210,0.06313405
31211,0.13895774
31212,0.027026618
31213,0.96886724
31214,0.9923895
31215,0.9677148
31216,0.11780133
31217,0.04973963
31218,0.19382277
31219,0.48728633
31220,0.022474945
31221,0.012161866
31222,0.018170545
31223,0.025039686
31224,0.04240317
31225,0.114943184
31226,0.059494015
31227,0.3686954
31228,0.9772396
31229,0.08566256
31230,0.120520264
31231,0.103513844
31232,0.13983922
31233,0.07585723
31234,0.32186025
31235,0.23610611
31236,0.033561233
31237,0.10795189
31238,0.12406109
31239,0.11957996
31240,0.042283896
31241,0.026380602
31242,0.42963532
31243,0.37453365
31244,0.23165305
31245,0.08376771
31246,0.023815064
31247,0.11377128
31248,0.012822271
31249,0.09260675
31250,0.18284078
31251,0.0349006
31252,0.049436256
31253,0.04623802
31254,0.019984744
31255,0.024195876
31256,0.05349644
31257,0.05456155
31258,0.35681954
31259,0.6424454
31260,0.26334932
31261,0.16732593
31262,0.12914532
31263,0.15230307
31264,0.13241026
31265,0.59623975
31266,0.073562264
31267,0.036050133
31268,0.035127684
31269,0.13503131
31270,0.13681443
31271,0.16707358
31272,0.45225376
31273,0.3134916
31274,0.12184502
31275,1.0
31276,0.14053386
31277,0.016351694
31278,0.11285507
31279,0.24837786
31280,0.020330783
31281,0.062310763
31282,0.4685388
31283,0.06973153
31284,0.036276765
31285,0.052072722
31286,0.055219438
31287,0.13806923
31288,0.37715375
31289,0.26701662
31290,0.48151565
31291,0.26885298
31292,0.1398908
31293,0.12579857
31294,0.2635358
31295,0.023232207
31296,0.17718494
31297,0.085750476
31298,0.049609013
31299,0.5628898
31300,0.35639986
31301,0.06492875
31302,0.61072016
31303,0.37595743
31304,0.09622269
31305,0.13464287
31306,0.09808526
31307,0.047528464
31308,0.012213507
31309,0.013260096
31310,0.011925047
31311,0.031222783
31312,0.063744985
31313,0.10595516
31314,0.10900919
31315,0.13196759
31316,0.4019252
31317,0.78273714
31318,0.43912977
31319,0.25616756
31320,0.54776084
31321,0.10937076
31322,0.077675626
31323,0.0663155
31324,0.14575197
31325,0.34884888
31326,0.07948851
31327,0.026526613
31328,0.066974804
31329,0.13479379
31330,0.018717611
31331,0.047630034
31332,0.09616996
31333,0.021468034
31334,0.02911343
31335,0.037546735
31336,0.018797394
31337,0.01848677
31338,0.040845264
31339,0.096919075
31340,0.05741484
31341,0.10487602
31342,0.38527828
31343,0.22025321
31344,0.34418225
31345,0.7366787
31346,0.6497873
31347,0.27977335
31348,0.22338901
31349,0.053122256
31350,0.022111777
31351,0.050610878
31352,0.1359087
31353,0.016612602
31354,0.9772629
31355,0.05148506
31356,0.018629864
31357,0.08485447
31358,0.06122502
31359,0.19401151
31360,0.05122969
31361,0.04215993
31362,0.039535567
31363,0.10201545
31364,0.12614807
31365,0.6348471
31366,0.40181682
31367,0.2245639
31368,0.99776274
31369,0.3701432
31370,0.45409283
31371,0.14823289
31372,0.033659775
31373,0.032201596
31374,0.057055883
31375,0.06631786
31376,0.016609162
31377,0.057449363
31378,0.41663194
31379,0.12206944
31380,0.34821507
31381,0.025114808
31382,0.1084454
31383,0.1270734
31384,0.13262938
31385,0.24266148
31386,0.055828195
31387,0.027484942
31388,0.012210538
31389,0.05156099
31390,0.13891658
31391,0.97577953
31392,0.36564177
31393,0.6535378
31394,0.36441246
31395,0.3556984
31396,0.16733131
31397,0.18627688
31398,0.13713586
31399,0.018860117
31400,0.014221181
31401,0.014430772
31402,0.031682946
31403,0.025142562
31404,0.14688954
31405,0.1398193
31406,0.12864912
31407,0.3579344
31408,0.021702591
31409,0.096210815
31410,0.34649444
31411,0.04118103
31412,0.12825544
31413,0.24337508
31414,0.03345367
31415,0.010280878
31416,0.20202707
31417,0.22295593
31418,0.08018715
31419,0.14139396
31420,0.10533502
31421,0.08694357
31422,0.036445506
31423,0.14050059
31424,0.11838338
31425,0.013978782
31426,0.20137
31427,0.0117371995
31428,0.11655194
31429,0.03531299
31430,0.03563152
31431,0.12739216
31432,0.047300406
31433,0.049748592
31434,0.0547913
31435,0.1789176
31436,0.37320507
31437,0.7150244
31438,0.15669169
31439,0.016116137
31440,0.0152338445
31441,0.05793829
31442,0.06879569
31443,0.14852789
31444,0.0133817755
31445,0.028661175
31446,0.014561532
31447,0.040770862
31448,0.021579495
31449,0.013341407
31450,0.01668598
31451,0.09968258
31452,0.113305114
31453,0.4493945
31454,0.01880553
31455,0.01755849
31456,0.039124835
31457,0.09471671
31458,0.10320221
31459,0.4348382
31460,0.16743734
31461,0.013763659
31462,0.16582695
31463,0.06430017
31464,0.015237049
31465,0.0725156
31466,0.15598707
31467,0.06309958
31468,0.020768926
31469,0.012338732
31470,0.20591028
31471,0.04217694
31472,0.015872633
31473,0.014193536
31474,0.034669746
31475,0.14505762
31476,0.08176315
31477,0.04654249
31478,0.024981752
31479,0.037095543
31480,0.06875721
31481,0.27507696
31482,0.044008344
31483,0.022320986
31484,0.0420801
31485,0.04132574
31486,0.06089233
31487,0.27034882
31488,0.060506623
31489,0.17951155
31490,0.08967597
31491,0.025469203
31492,0.014409857
31493,0.09490853
31494,0.0696688
31495,0.028464973
31496,0.26263025
31497,0.015900882
31498,0.24402434
31499,0.01808776
31500,0.10162774
31501,0.06715596
31502,0.27970934
31503,0.5803155
31504,0.19502684
31505,0.099194214
31506,0.11000535
31507,0.058947057
31508,0.058167163
31509,0.14264189
31510,0.09680446
31511,0.099818215
31512,0.9992207
31513,0.016533442
31514,0.08671046
31515,0.02236833
31516,0.07655036
31517,0.08690851
31518,0.016022813
31519,0.035974395
31520,0.106316335
31521,0.4533753
31522,0.06869391
31523,0.24060018
31524,0.026604408
31525,0.060413994
31526,0.030298997
31527,0.11343614
31528,0.034607068
31529,0.037436035
31530,0.056594227
31531,0.072705284
31532,0.025543919
31533,0.07317627
31534,0.013778438
31535,0.12079314
31536,0.04239158
31537,0.052131157
31538,0.015574708
31539,0.0428009
31540,0.08912129
31541,0.10813943
31542,0.019698244
31543,0.048487797
31544,0.9873691
31545,0.052184563
31546,0.13138792
31547,0.06501197
31548,0.036516856
31549,0.052910965
31550,0.052474093
31551,0.015710672
31552,0.4021557
31553,0.026259098
31554,0.009984302
31555,0.009156921
31556,0.010629208
31557,0.010712478
31558,0.059585907
31559,0.12620719
31560,0.024752744
31561,0.11250315
31562,0.03623232
31563,0.021276137
31564,0.051885586
31565,0.36348414
31566,0.021392565
31567,0.017439486
31568,0.025425797
31569,0.06625717
31570,0.24087693
31571,0.06595788
31572,0.024236077
31573,0.014695626
31574,0.107316524
31575,0.17027807
31576,0.18976682
31577,0.07941707
31578,0.058196932
31579,0.061474852
31580,0.016601838
31581,0.058326226
31582,0.23996095
31583,0.23020686
31584,0.0106716035
31585,0.033148058
31586,0.013880648
31587,0.013235359
31588,0.013500407
31589,0.013206082
31590,0.014428618
31591,0.028540269
31592,0.054923635
31593,0.074621566
31594,0.122415796
31595,0.105838776
31596,0.013574381
31597,0.1900315
31598,0.011504832
31599,0.29084674
31600,0.031488962
31601,0.013268976
31602,0.0126908645
31603,0.018503368
31604,0.019662434
31605,0.017940233
31606,0.04939699
31607,0.012514275
31608,0.07570851
31609,0.029162738
31610,0.043582283
31611,0.015082893
31612,0.05070201
31613,0.016598517
31614,0.020048285
31615,0.113774136
31616,0.02516371
31617,0.04570574
31618,0.009459939
31619,0.039418586
31620,0.10804111
31621,0.014328489
31622,0.011631702
31623,0.41958225
31624,0.05856657
31625,0.065377906
31626,0.08933378
31627,0.068535335
31628,0.03262154
31629,0.013114007
31630,0.14090297
31631,0.018240862
31632,0.1289662
31633,0.011479768
31634,0.14615254
31635,0.026671167
31636,0.024614878
31637,0.039751075
31638,0.028078416
31639,0.022493655
31640,0.0132126305
31641,0.03459571
31642,0.012017198
31643,0.012703919
31644,0.011770088
31645,0.014566661
31646,0.08568271
31647,0.085925154
31648,0.030867748
31649,0.17778842
31650,0.01869839
31651,0.013677476
31652,0.02636853
31653,0.05775887
31654,0.01319137
31655,0.034594543
31656,0.03774603
31657,0.18415722
31658,0.2226462
31659,0.011528125
31660,0.12054555
31661,0.018218001
31662,0.028516255
31663,0.017780364
31664,0.09127017
31665,0.035766196
31666,0.037142497
31667,0.038501907
31668,0.012560331
31669,0.026909588
31670,0.027128544
31671,0.031314723
31672,0.06284956
31673,0.071680725
31674,0.031241583
31675,0.41222098
31676,0.09006397
31677,0.1924033
31678,0.29596427
31679,0.30083668
31680,0.020106977
31681,0.038453337
31682,0.20681548
31683,0.10153435
31684,0.37830147
31685,0.041157234
31686,0.120163344
31687,0.03316866
31688,0.021990936
31689,0.19427072
31690,0.01507109
31691,0.23036185
31692,0.8241401
31693,0.19459943
31694,0.03828227
31695,0.030589616
31696,0.18432598
31697,0.08558351
31698,0.02339251
31699,0.051715784
31700,0.035342213
31701,0.098658055
31702,0.32199073
31703,0.539978
31704,0.5383156
31705,0.025980962
31706,0.06534007
31707,0.085702196
31708,0.2588452
31709,0.047471453
31710,0.037565287
31711,0.06371766
31712,0.08903881
31713,0.44744903
31714,0.15879631
31715,0.2386535
31716,0.62298214
31717,0.13898604
31718,0.014850812
31719,0.5735395
31720,0.019927772
31721,0.057467256
31722,0.3387948
31723,0.073542126
31724,0.044863038
31725,0.030466497
31726,0.061413832
31727,0.022157667
31728,0.16825616
31729,0.14199704
31730,0.11069331
31731,0.0275892
31732,0.04153833
31733,0.06547371
31734,0.32287115
31735,0.06480584
31736,0.009373621
31737,0.027317973
31738,0.08879111
31739,0.08562209
31740,0.13578232
31741,0.02291439
31742,0.033742633
31743,0.04952168
31744,0.02298269
31745,0.2342418
31746,0.09696206
31747,0.36221898
31748,0.020011254
31749,0.033477694
31750,0.04257872
31751,0.010734755
31752,0.014387784
31753,0.54820293
31754,0.12048475
31755,0.0599872
31756,0.45817795
31757,0.4874648
31758,0.010954704
31759,0.08368706
31760,0.07540434
31761,0.012815331
31762,0.024790086
31763,0.038376905
31764,0.056436427
31765,0.069923855
31766,0.068141975
31767,0.36886242
31768,0.5424687
31769,0.020721784
31770,0.038604647
31771,0.010483015
31772,0.027044142
31773,0.023814702
31774,0.041045442
31775,0.37304837
31776,0.026132023
31777,0.04361435
31778,0.011312388
31779,0.07234598
31780,0.029629532
31781,0.20334344
31782,0.7272589
31783,0.1416118
31784,0.013922813
31785,0.040679224
31786,0.07972697
31787,0.033154666
31788,0.016876461
31789,0.16427553
31790,0.22672349
31791,0.09672204
31792,0.08696563
31793,0.0731375
31794,0.012021934
31795,0.0324558
31796,0.031803787
31797,0.030447995
31798,0.037207708
31799,0.12366891
31800,0.06536177
31801,0.18295631
31802,0.015371816
31803,0.03720586
31804,0.033610012
31805,0.023239655
31806,0.019477634
31807,0.033588592
31808,0.049366754
31809,0.016906476
31810,0.017154679
31811,0.055054475
31812,0.6031076
31813,0.3821075
31814,0.034670252
31815,0.041270226
31816,0.028143052
31817,0.112969376
31818,0.06252022
31819,0.026332684
31820,0.053736072
31821,0.020010196
31822,0.03053477
31823,0.19874266
31824,0.030198118
31825,0.027869504
31826,0.03860767
31827,0.09605975
31828,0.094989434
31829,0.36219504
31830,0.20456105
31831,0.22546515
31832,0.06351926
31833,0.04640168
31834,0.023742987
31835,0.059964847
31836,0.047881544
31837,0.34789896
31838,0.061310746
31839,0.48990145
31840,0.10898449
31841,0.023131335
31842,0.112222366
31843,0.038133226
31844,0.035762157
31845,0.017454851
31846,0.0128716715
31847,0.07479235
31848,0.026296958
31849,0.03672909
31850,0.10429493
31851,0.04758302
31852,0.09079027
31853,0.06987893
31854,0.1178649
31855,0.24197996
31856,0.40279534
31857,0.09705733
31858,0.025483549
31859,0.08788878
31860,0.017562753
31861,0.05219465
31862,0.08018417
31863,0.09128195
31864,0.108050756
31865,0.041220285
31866,0.1274447
31867,0.03871432
31868,0.05569388
31869,0.02703737
31870,0.0172048
31871,0.17835665
31872,0.011846226
31873,0.025512973
31874,0.07213281
31875,0.030059936
31876,0.011482094
31877,0.012211656
31878,0.026799452
31879,0.035584
31880,0.08955173
31881,0.08398816
31882,0.13653171
31883,0.116810724
31884,0.34823126
31885,0.33802935
31886,0.24494885
31887,0.014021858
31888,0.107955694
31889,0.013124213
31890,0.051174052
31891,0.044641603
31892,0.071088254
31893,0.017028501
31894,0.055356935
31895,0.03518885
31896,0.012816923
31897,0.05252835
31898,0.07126228
31899,0.027585464
31900,0.042939074
31901,0.010655197
31902,0.018040162
31903,0.030200444
31904,0.015380716
31905,0.10870799
31906,0.015393483
31907,0.046084926
31908,0.15695748
31909,0.06287445
31910,0.14079988
31911,0.55139524
31912,0.12368978
31913,0.13338967
31914,0.071885735
31915,0.09518177
31916,0.08202361
31917,0.10180916
31918,0.06147773
31919,0.022152117
31920,0.31301883
31921,0.077723764
31922,0.07026039
31923,0.06353231
31924,0.06980989
31925,0.025431331
31926,0.018022941
31927,0.027485786
31928,0.046793137
31929,0.43710127
31930,0.0677824
31931,0.06796712
31932,0.123337016
31933,0.7650945
31934,0.11414265
31935,0.017821822
31936,0.1992437
31937,0.06958948
31938,0.15128525
31939,0.3018727
31940,0.06622189
31941,0.023336943
31942,0.051847707
31943,0.1066841
31944,0.11229122
31945,0.16202873
31946,0.04032371
31947,0.13702144
31948,0.06369045
31949,0.012140649
31950,0.07170449
31951,0.016533956
31952,0.028650573
31953,0.020397862
31954,0.09177977
31955,0.07839277
31956,0.017190317
31957,0.12945494
31958,0.15438512
31959,0.25720003
31960,0.1102287
31961,0.0441253
31962,0.12982486
31963,0.2441682
31964,0.25211498
31965,0.065418184
31966,0.05993195
31967,0.023700692
31968,0.068240106
31969,0.49154222
31970,0.046082497
31971,0.15873829
31972,0.3871798
31973,0.23275001
31974,0.015574701
31975,0.01289447
31976,0.015412604
31977,0.049088508
31978,0.06441757
31979,0.40015
31980,0.35124418
31981,0.101017274
31982,0.11446692
31983,0.2158913
31984,0.23077828
31985,0.14339857
31986,0.18280843
31987,0.3645698
31988,0.09925085
31989,0.054912068
31990,0.0925355
31991,0.060123023
31992,0.29913557
31993,0.9826348
31994,0.10582378
31995,0.039459366
31996,0.3789047
31997,0.0153638115
31998,0.05543183
31999,0.26015604
32000,0.017121099
32001,0.017389368
32002,0.054924607
32003,0.07981764
32004,0.01751345
32005,0.06814193
32006,0.010388709
32007,0.5647438
32008,0.052445184
32009,0.10444401
32010,0.3891639
32011,0.15220934
32012,0.20655891
32013,0.3600495
32014,0.40658525
32015,0.17229486
32016,0.1036228
32017,0.11129937
32018,0.89932996
32019,0.44638917
32020,0.46948364
32021,0.010610248
32022,0.027089382
32023,0.19677244
32024,0.016701488
32025,0.078629784
32026,0.024522884
32027,0.013913577
32028,0.062240787
32029,0.012269201
32030,0.034038447
32031,0.07290363
32032,0.11027507
32033,0.11273099
32034,0.12330669
32035,0.10579682
32036,0.23358351
32037,0.20578189
32038,0.09766432
32039,0.26862034
32040,0.016306292
32041,0.050938528
32042,0.9824898
32043,0.9762691
32044,0.7545902
32045,0.010581064
32046,0.019906197
32047,0.15471229
32048,0.43873364
32049,0.07824316
32050,0.062458273
32051,0.03602837
32052,0.056147743
32053,0.09280629
32054,0.0780574
32055,0.014732502
32056,0.4427711
32057,0.016839841
32058,0.03188177
32059,0.12389133
32060,0.12218748
32061,0.06850712
32062,0.05440134
32063,0.35878026
32064,0.17420198
32065,0.02327817
32066,0.22407426
32067,0.14185974
32068,0.12345324
32069,0.9854594
32070,0.7984596
32071,0.7580069
32072,0.06601396
32073,0.026612524
32074,0.012839307
32075,0.46080264
32076,0.103656866
32077,0.251041
32078,0.055165574
32079,0.13320617
32080,0.023111202
32081,0.12574455
32082,0.11757129
32083,0.1362234
32084,0.1647858
32085,0.5135856
32086,0.5459955
32087,0.23006506
32088,0.13403265
32089,0.10272569
32090,0.061818536
32091,0.119535156
32092,0.05330447
32093,0.03764628
32094,0.21266675
32095,0.17894723
32096,0.063844904
32097,0.13554691
32098,0.0244809
32099,0.96865904
32100,0.99218
32101,0.9678303
32102,0.107429355
32103,0.05382788
32104,0.22425291
32105,0.48848802
32106,0.02223716
32107,0.01850543
32108,0.021837872
32109,0.038570058
32110,0.11613059
32111,0.057187945
32112,0.3614025
32113,0.97725916
32114,0.08017607
32115,0.12908329
32116,0.1204525
32117,0.14816903
32118,0.07387242
32119,0.20038648
32120,0.28232756
32121,0.03483068
32122,0.104733266
32123,0.12453442
32124,0.14297879
32125,0.03965359
32126,0.029060084
32127,0.43396682
32128,0.37724596
32129,0.20367025
32130,0.09558965
32131,0.023202023
32132,0.10391905
32133,0.011487344
32134,0.08241493
32135,0.23968259
32136,0.03408331
32137,0.05369491
32138,0.046660595
32139,0.019475402
32140,0.031008326
32141,0.051114332
32142,0.04968496
32143,0.34739846
32144,0.63961434
32145,0.26145554
32146,0.15635565
32147,0.13014325
32148,0.1605863
32149,0.1289475
32150,0.6175221
32151,0.07090124
32152,0.029859714
32153,0.035668448
32154,0.03451116
32155,0.13200644
32156,0.17413813
32157,0.1686147
32158,0.47330812
32159,0.3833285
32160,0.11602663
32161,1.0
32162,0.14287326
32163,0.015626684
32164,0.19005144
32165,0.13712724
32166,0.020217761
32167,0.06171307
32168,0.4807645
32169,0.06735885
32170,0.042344466
32171,0.041653965
32172,0.05644322
32173,0.140932
32174,0.41682804
32175,0.37743497
32176,0.5085907
32177,0.41605595
32178,0.14973561
32179,0.13611323
32180,0.40414253
32181,0.023464017
32182,0.1453624
32183,0.079297386
32184,0.053654626
32185,0.5685483
32186,0.25630116
32187,0.06258815
32188,0.4970118
32189,0.2926268
32190,0.1295474
32191,0.12889256
32192,0.12618992
32193,0.042628143
32194,0.0121171875
32195,0.03167635
32196,0.064015396
32197,0.10625197
32198,0.11029503
32199,0.12907143
32200,0.42331252
32201,0.7527168
32202,0.39744037
32203,0.3794705
32204,0.5527455
32205,0.10351204
32206,0.076281406
32207,0.06615843
32208,0.23328127
32209,0.34918436
32210,0.07710321
32211,0.023357254
32212,0.0645838
32213,0.12974261
32214,0.017278282
32215,0.04820908
32216,0.088284515
32217,0.021610783
32218,0.01861593
32219,0.018650081
32220,0.040878996
32221,0.08585697
32222,0.05973259
32223,0.10265475
32224,0.38989812
32225,0.22256185
32226,0.34328017
32227,0.7409945
32228,0.64802474
32229,0.35751596
32230,0.2223308
32231,0.010210029
32232,0.048698608
32233,0.023846155
32234,0.05013442
32235,0.12626372
32236,0.016939579
32237,0.031208767
32238,0.9738465
32239,0.061688825
32240,0.016459538
32241,0.08030268
32242,0.06627428
32243,0.14191315
32244,0.04079552
32245,0.055058587
32246,0.01616115
32247,0.03923112
32248,0.03924053
32249,0.10260409
32250,0.16109057
32251,0.62930757
32252,0.40668067
32253,0.23472203
32254,0.99385756
32255,0.38999575
32256,0.4631789
32257,0.13844597
32258,0.045463655
32259,0.04708546
32260,0.041120104
32261,0.05562125
32262,0.051427454
32263,0.046808966
32264,0.058064695
32265,0.42008284
32266,0.12428959
32267,0.3694179
32268,0.024772026
32269,0.11051293
32270,0.12725078
32271,0.18781535
32272,0.19172865
32273,0.060257312
32274,0.024736047
32275,0.04756387
32276,0.14676026
32277,0.9754125
32278,0.35089624
32279,0.7609289
32280,0.34220615
32281,0.36743996
32282,0.17379192
32283,0.22277883
32284,0.066674836
32285,0.017235378
32286,0.0122297
32287,0.03208137
32288,0.023612918
32289,0.13941917
32290,0.12848738
32291,0.11357211
32292,0.26372594
32293,0.02380962
32294,0.08336284
32295,0.3783928
32296,0.042090368
32297,0.10713379
32298,0.013888571
32299,0.013459223
32300,0.13126373
32301,0.35703692
32302,0.030665692
32303,0.2074962
32304,0.14945732
32305,0.07844825
32306,0.12017514
32307,0.10395647
32308,0.07050927
32309,0.040054552
32310,0.13997875
32311,0.117671765
32312,0.04481579
32313,0.0122043835
32314,0.19547787
32315,0.012704492
32316,0.10273055
32317,0.036080055
32318,0.036843307
32319,0.14442784
32320,0.046464786
32321,0.052357495
32322,0.014233492
32323,0.054295734
32324,0.17230792
32325,0.36896124
32326,0.7320101
32327,0.16142544
32328,0.023967694
32329,0.023882166
32330,0.059774656
32331,0.014288152
32332,0.079128325
32333,0.19036393
32334,0.01976194
32335,0.09983883
32336,0.014400637
32337,0.04271002
32338,0.019047016
32339,0.018316396
32340,0.097721316
32341,0.112488285
32342,0.44194764
32343,0.016849134
32344,0.017590372
32345,0.038343888
32346,0.09125347
32347,0.10541783
32348,0.47239527
32349,0.15499455
32350,0.016202249
32351,0.24666546
32352,0.05199625
32353,0.07455713
32354,0.18173325
32355,0.06437667
32356,0.012713704
32357,0.019041473
32358,0.012317416
32359,0.2592995
32360,0.093500145
32361,0.015641246
32362,0.01389735
32363,0.0344083
32364,0.1313876
32365,0.075475566
32366,0.051690087
32367,0.024650889
32368,0.0373347
32369,0.0638524
32370,0.258955
32371,0.043264303
32372,0.020505978
32373,0.039289903
32374,0.04171239
32375,0.061403368
32376,0.25627682
32377,0.07896955
32378,0.24901094
32379,0.15565903
32380,0.027380751
32381,0.01418775
32382,0.058424547
32383,0.07357637
32384,0.030456467
32385,0.34601086
32386,0.1065456
32387,0.15386978
32388,0.017700007
32389,0.10697205
32390,0.059629224
32391,0.012913272
32392,0.26985976
32393,0.5632441
32394,0.20370321
32395,0.10191172
32396,0.09736489
32397,0.054525938
32398,0.06297717
32399,0.14664066
32400,0.09547394
32401,0.08925684
32402,0.99887985
32403,0.016404318
32404,0.08610561
32405,0.018073246
32406,0.106359676
32407,0.070475124
32408,0.01599715
32409,0.14681548
32410,0.42568022
32411,0.06760776
32412,0.20547324
32413,0.02678387
32414,0.0556764
32415,0.032065585
32416,0.10495272
32417,0.03771776
32418,0.00964219
32419,0.04371971
32420,0.066708654
32421,0.07762057
32422,0.020670911
32423,0.016225416
32424,0.060445856
32425,0.16800033
32426,0.040351238
32427,0.05505901
32428,0.015075765
32429,0.03480553
32430,0.07961305
32431,0.117553145
32432,0.021586465
32433,0.022789486
32434,0.05475197
32435,0.9866052
32436,0.051899295
32437,0.13097535
32438,0.06516153
32439,0.042207804
32440,0.05272754
32441,0.05832284
32442,0.013762859
32443,0.017645318
32444,0.41143113
32445,0.022402423
32446,0.019872827
32447,0.23258525
32448,0.02263856
32449,0.13212004
32450,0.03527637
32451,0.017661056
32452,0.051627487
32453,0.33355293
32454,0.022665398
32455,0.019590706
32456,0.034611393
32457,0.056972086
32458,0.010414013
32459,0.03586568
32460,0.31871915
32461,0.06307374
32462,0.013950393
32463,0.11080708
32464,0.12352959
32465,0.12515403
32466,0.0769448
32467,0.05944316
32468,0.030135836
32469,0.0585355
32470,0.01480573
32471,0.05188019
32472,0.23492941
32473,0.2324503
32474,0.04394284
32475,0.013268783
32476,0.012717089
32477,0.024369089
32478,0.012083344
32479,0.024525195
32480,0.06144198
32481,0.07533144
32482,0.09794294
32483,0.009843934
32484,0.13550429
32485,0.011216172
32486,0.2576947
32487,0.012000619
32488,0.027020378
32489,0.01189303
32490,0.03289837
32491,0.013220219
32492,0.01767582
32493,0.021299804
32494,0.010865539
32495,0.014938167
32496,0.0426923
32497,0.011891259
32498,0.031336684
32499,0.042451892
32500,0.014739292
32501,0.0455965
32502,0.0115470765
32503,0.01026822
32504,0.1274847
32505,0.021976545
32506,0.04399214
32507,0.030190023
32508,0.01960671
32509,0.09326263
32510,0.0152044
32511,0.10571514
32512,0.011590305
32513,0.38971332
32514,0.085760646
32515,0.08124125
32516,0.074159265
32517,0.01323159
32518,0.07261229
32519,0.032441277
32520,0.012084666
32521,0.1327351
32522,0.016462522
32523,0.13098277
32524,0.1642499
32525,0.02868262
32526,0.026669122
32527,0.038257707
32528,0.028590089
32529,0.023522884
32530,0.0140780145
32531,0.0111518465
32532,0.013482978
32533,0.011742348
32534,0.011982146
32535,0.042371187
32536,0.011883835
32537,0.012136865
32538,0.012279412
32539,0.10523896
32540,0.0662192
32541,0.010017774
32542,0.21352872
32543,0.02142576
32544,0.013349876
32545,0.026799954
32546,0.05451828
32547,0.02268791
32548,0.03304759
32549,0.052298255
32550,0.012292503
32551,0.013194227
32552,0.028774949
32553,0.28861812
32554,0.2535669
32555,0.1294128
32556,0.01538597
32557,0.015842933
32558,0.011257705
32559,0.02938614
32560,0.017248958
32561,0.035338707
32562,0.02770872
32563,0.021005524
32564,0.028707366
32565,0.038074616
32566,0.035585836
32567,0.027404223
32568,0.033118177
32569,0.02993736
32570,0.10089053
32571,0.070513815
32572,0.03259434
32573,0.025713509
32574,0.41574016
32575,0.03724219
32576,0.09784097
32577,0.032552466
32578,0.19574223
32579,0.33231336
32580,0.020946179
32581,0.03445905
32582,0.1900005
32583,0.11394876
32584,0.39701253
32585,0.058829997
32586,0.30018556
32587,0.13856898
32588,0.0918969
32589,0.78063387
32590,0.13052653
32591,0.051070493
32592,0.042703073
32593,0.2855346
32594,0.09795542
32595,0.023108572
32596,0.043331046
32597,0.015971605
32598,0.030202456
32599,0.101983555
32600,0.3267222
32601,0.7357292
32602,0.5780673
32603,0.032403056
32604,0.09422065
32605,0.094238885
32606,0.19478075
32607,0.08916738
32608,0.0352664
32609,0.07952297
32610,0.09883539
32611,0.024697302
32612,0.44646934
32613,0.122355714
32614,0.2769024
32615,0.6220037
32616,0.08873896
32617,0.019871354
32618,0.5742318
32619,0.06848793
32620,0.33224025
32621,0.0960573
32622,0.044293456
32623,0.02666169
32624,0.10766073
32625,0.07119011
32626,0.20882314
32627,0.18871574
32628,0.036147676
32629,0.03607144
32630,0.058735803
32631,0.25178555
32632,0.06740458
32633,0.025234941
32634,0.05435609
32635,0.07642006
32636,0.12537806
32637,0.025437256
32638,0.054117393
32639,0.009566297
32640,0.031937864
32641,0.0551358
32642,0.25180808
32643,0.064480014
32644,0.34867835
32645,0.034266803
32646,0.044230565
32647,0.021335669
32648,0.010734755
32649,0.4611865
32650,0.12136218
32651,0.08727581
32652,0.42964825
32653,0.6144639
32654,0.08694107
32655,0.06047509
32656,0.013710946
32657,0.01629566
32658,0.047892187
32659,0.08637287
32660,0.14623912
32661,0.26753473
32662,0.49534625
32663,0.020440219
32664,0.0521942
32665,0.028407961
32666,0.020194246
32667,0.039477214
32668,0.28011826
32669,0.021739293
32670,0.04409164
32671,0.011312388
32672,0.011760598
32673,0.0617911
32674,0.030409537
32675,0.049419325
32676,0.3116686
32677,0.61570203
32678,0.14265841
32679,0.0172444
32680,0.059054982
32681,0.072269924
32682,0.033997566
32683,0.1553601
32684,0.18895197
32685,0.09486034
32686,0.10018247
32687,0.058388684
32688,0.03048033
32689,0.03101306
32690,0.035102833
32691,0.120502226
32692,0.06210488
32693,0.18444648
32694,0.01636741
32695,0.036964674
32696,0.038067948
32697,0.023653198
32698,0.0187957
32699,0.03288475
32700,0.050860267
32701,0.02158738
32702,0.05165781
32703,0.577858
32704,0.38125357
32705,0.035374183
32706,0.04017798
32707,0.12126838
32708,0.06362121
32709,0.021043865
32710,0.054488834
32711,0.016397983
32712,0.030624254
32713,0.22032514
32714,0.028685667
32715,0.025160445
32716,0.040347934
32717,0.07230218
32718,0.07311676
32719,0.3650366
32720,0.3211589
32721,0.32284385
32722,0.069413014
32723,0.04645677
32724,0.024307372
32725,0.05615419
32726,0.044336356
32727,0.23700288
32728,0.06272863
32729,0.5649948
32730,0.1184399
32731,0.017411854
32732,0.12152493
32733,0.04430969
32734,0.052240156
32735,0.017220704
32736,0.011048951
32737,0.056390025
32738,0.026402975
32739,0.029847832
32740,0.09620255
32741,0.054746404
32742,0.16339047
32743,0.06866145
32744,0.12372987
32745,0.2343884
32746,0.4350521
32747,0.07625452
32748,0.031796623
32749,0.09186806
32750,0.016005
32751,0.048652567
32752,0.023326652
32753,0.010586375
32754,0.08801861
32755,0.05252805
32756,0.11733259
32757,0.037986424
32758,0.10726059
32759,0.050455857
32760,0.057680536
32761,0.030054387
32762,0.015367637
32763,0.170772
32764,0.097078376
32765,0.03312561
32766,0.0135856895
32767,0.0278623
32768,0.032916754
32769,0.08198915
32770,0.089891635
32771,0.13897958
32772,0.11365365
32773,0.365828
32774,0.22504763
32775,0.24416703
32776,0.013843968
32777,0.1060935
32778,0.05431636
32779,0.055573728
32780,0.09888284
32781,0.08186089
32782,0.035621677
32783,0.012628778
32784,0.048618555
32785,0.070098795
32786,0.03828179
32787,0.041783623
32788,0.010499933
32789,0.11670226
32790,0.015758846
32791,0.05267433
32792,0.16240112
32793,0.06702667
32794,0.13734958
32795,0.54642224
32796,0.11973051
32797,0.19607687
32798,0.0752112
32799,0.09546326
32800,0.0801531
32801,0.10033529
32802,0.057224613
32803,0.012192742
32804,0.020628208
32805,0.26279527
32806,0.09217985
32807,0.07038637
32808,0.05796755
32809,0.06848621
32810,0.029183228
32811,0.015308876
32812,0.025365101
32813,0.046806075
32814,0.5150789
32815,0.06833887
32816,0.062758274
32817,0.12454424
32818,0.7672203
32819,0.11769283
32820,0.01707958
32821,0.20300025
32822,0.06966135
32823,0.13871723
32824,0.3175985
32825,0.06707476
32826,0.021057257
32827,0.061202608
32828,0.12354923
32829,0.10157012
32830,0.24006695
32831,0.037525836
32832,0.21561088
32833,0.08103577
32834,0.011382317
32835,0.07196739
32836,0.023548495
32837,0.11824869
32838,0.07898514
32839,0.01770695
32840,0.13223115
32841,0.1426817
32842,0.25841936
32843,0.09809551
32844,0.04438446
32845,0.12507229
32846,0.16251512
32847,0.22289169
32848,0.06441741
32849,0.013097908
32850,0.057766218
32851,0.023500426
32852,0.09601504
32853,0.5867394
32854,0.036570814
32855,0.14484993
32856,0.3936361
32857,0.21729903
32858,0.022237323
32859,0.0177189
32860,0.014460295
32861,0.045394603
32862,0.05890176
32863,0.3662968
32864,0.37469462
32865,0.102562755
32866,0.10728566
32867,0.1443771
32868,0.14387357
32869,0.13373627
32870,0.1523503
32871,0.36915892
32872,0.09642497
32873,0.053045608
32874,0.09613928
32875,0.07579743
32876,0.2124199
32877,0.89155906
32878,0.05046409
32879,0.38008994
32880,0.0156627
32881,0.050742332
32882,0.26445952
32883,0.020153347
32884,0.05304045
32885,0.087375715
32886,0.017103316
32887,0.059596393
32888,0.5574776
32889,0.051328696
32890,0.10485694
32891,0.39951983
32892,0.13945714
32893,0.19287023
32894,0.36881095
32895,0.36442316
32896,0.024970952
32897,0.19094136
32898,0.096671276
32899,0.13003801
32900,0.9933727
32901,0.47325855
32902,0.50769836
32903,0.027762298
32904,0.22751983
32905,0.0513676
32906,0.023381973
32907,0.019571435
32908,0.013394557
32909,0.013899738
32910,0.06117505
32911,0.011700767
32912,0.034438647
32913,0.0744812
32914,0.1151615
32915,0.11858356
32916,0.118316665
32917,0.10100296
32918,0.2306833
32919,0.19461687
32920,0.025751043
32921,0.09426674
32922,0.25845242
32923,0.020447398
32924,0.06074601
32925,0.9835967
32926,0.89248943
32927,0.7465131
32928,0.010581064
32929,0.018555399
32930,0.13174117
32931,0.44684297
32932,0.09531733
32933,0.062356837
32934,0.057364974
32935,0.09075015
32936,0.070244364
32937,0.012990214
32938,0.44825116
32939,0.016203256
32940,0.031651605
32941,0.12559107
32942,0.12462202
32943,0.06214598
32944,0.055379182
32945,0.34300572
32946,0.17087652
32947,0.025273757
32948,0.11751464
32949,0.11049781
32950,0.09976266
32951,0.9857838
32952,0.8330983
32953,0.75849533
32954,0.011807593
32955,0.0148436185
32956,0.05934831
32957,0.027504988
32958,0.4762821
32959,0.09830619
32960,0.23957893
32961,0.0546313
32962,0.123348475
32963,0.024771025
32964,0.13393438
32965,0.12307915
32966,0.21438202
32967,0.17685086
32968,0.5017367
32969,0.58846754
32970,0.20904559
32971,0.13462447
32972,0.09870294
32973,0.06498333
32974,0.11445277
32975,0.049407784
32976,0.039461926
32977,0.10917242
32978,0.14709301
32979,0.06578961
32980,0.14859255
32981,0.023328511
32982,0.9884368
32983,0.99246174
32984,0.9682506
32985,0.061689045
32986,0.046301696
32987,0.20217277
32988,0.47837323
32989,0.025378415
32990,0.018337948
32991,0.019999683
32992,0.04203209
32993,0.117075846
32994,0.057479583
32995,0.3750163
32996,0.9778909
32997,0.08262621
32998,0.11894138
32999,0.10618348
33000,0.14366339
33001,0.07239077
33002,0.19832064
33003,0.23405202
33004,0.111575045
33005,0.11109448
33006,0.124520145
33007,0.04859619
33008,0.029609233
33009,0.43626723
33010,0.37736538
33011,0.2370016
33012,0.10014871
33013,0.023279874
33014,0.10423515
33015,0.08059047
33016,0.1744839
33017,0.03757129
33018,0.049998347
33019,0.050660897
33020,0.031196825
33021,0.04912387
33022,0.054175816
33023,0.38311622
33024,0.558683
33025,0.24066076
33026,0.15460424
33027,0.13653569
33028,0.14263195
33029,0.1363253
33030,0.5939525
33031,0.07499176
33032,0.026210131
33033,0.033427794
33034,0.03196992
33035,0.13595964
33036,0.17046766
33037,0.13621195
33038,0.4394471
33039,0.26111576
33040,0.13363492
33041,1.0
33042,0.22526559
33043,0.20136607
33044,0.24293987
33045,0.020474987
33046,0.053830344
33047,0.42697233
33048,0.067765765
33049,0.042417776
33050,0.040800296
33051,0.05378064
33052,0.13041049
33053,0.37882745
33054,0.40723407
33055,0.28821295
33056,0.4152946
33057,0.13830647
33058,0.14194441
33059,0.38480267
33060,0.023773847
33061,0.16488862
33062,0.09249309
33063,0.051764287
33064,0.5643304
33065,0.23941809
33066,0.057072807
33067,0.5694566
33068,0.36844
33069,0.14716603
33070,0.1366756
33071,0.103992335
33072,0.012213507
33073,0.015673986
33074,0.027577952
33075,0.06408945
33076,0.106975846
33077,0.10711898
33078,0.1366601
33079,0.4143312
33080,0.76272875
33081,0.43149826
33082,0.23167096
33083,0.54568946
33084,0.11315521
33085,0.076133564
33086,0.0641898
33087,0.14261599
33088,0.36299074
33089,0.09004368
33090,0.024545018
33091,0.071501404
33092,0.11630879
33093,0.017730048
33094,0.046050683
33095,0.082009055
33096,0.021068947
33097,0.01704865
33098,0.09198816
33099,0.060078878
33100,0.10099395
33101,0.35669133
33102,0.2217586
33103,0.35095435
33104,0.72771686
33105,0.6247266
33106,0.26642072
33107,0.22096477
33108,0.04730345
33109,0.021228267
33110,0.047636233
33111,0.12754843
33112,0.03520851
33113,0.9771503
33114,0.0651731
33115,0.017081616
33116,0.07076104
33117,0.060518734
33118,0.1560118
33119,0.03658169
33120,0.04692763
33121,0.017687194
33122,0.04393938
33123,0.019671654
33124,0.019619895
33125,0.039943606
33126,0.102511585
33127,0.11765019
33128,0.65664965
33129,0.40307543
33130,0.37666658
33131,0.9979762
33132,0.39510882
33133,0.43871135
33134,0.15528837
33135,0.039437797
33136,0.036063503
33137,0.032623332
33138,0.05652618
33139,0.05280389
33140,0.045262314
33141,0.060654998
33142,0.41597238
33143,0.101999715
33144,0.3745473
33145,0.024125576
33146,0.13329776
33147,0.12925866
33148,0.21631864
33149,0.23761581
33150,0.06074919
33151,0.027691418
33152,0.052220527
33153,0.16107559
33154,0.9763153
33155,0.34674087
33156,0.7650124
33157,0.34495172
33158,0.26499122
33159,0.16848668
33160,0.23850715
33161,0.042784445
33162,0.020816872
33163,0.026642177
33164,0.023731625
33165,0.13490695
33166,0.11757032
33167,0.110599674
33168,0.28763548
33169,0.022325816
33170,0.079337694
33171,0.2635727
33172,0.046991106
33173,0.013888571
33174,0.13069364
33175,0.340228
33176,0.030394388
33177,0.32966533
33178,0.15281963
33179,0.08145472
33180,0.11937983
33181,0.10725879
33182,0.074724376
33183,0.035573993
33184,0.13362972
33185,0.12552816
33186,0.037410192
33187,0.018286217
33188,0.115569174
33189,0.011884758
33190,0.10707133
33191,0.04063381
33192,0.03565381
33193,0.13716145
33194,0.04837574
33195,0.052326273
33196,0.052030984
33197,0.17761648
33198,0.37287953
33199,0.61809427
33200,0.17221957
33201,0.017576374
33202,0.018899139
33203,0.025577657
33204,0.05532747
33205,0.07138451
33206,0.11743372
33207,0.016102104
33208,0.03318286
33209,0.053953003
33210,0.018164279
33211,0.019069197
33212,0.01088426
33213,0.0991719
33214,0.11080962
33215,0.44956648
33216,0.01711009
33217,0.01786108
33218,0.037554048
33219,0.09689543
33220,0.10924278
33221,0.41766268
33222,0.17077598
33223,0.014013008
33224,0.012718205
33225,0.2347108
33226,0.013481799
33227,0.05021136
33228,0.014897864
33229,0.071525775
33230,0.14232068
33231,0.062018745
33232,0.018022522
33233,0.012317416
33234,0.28824988
33235,0.104426414
33236,0.017069366
33237,0.035759237
33238,0.13031137
33239,0.07603052
33240,0.053357046
33241,0.025491066
33242,0.038474303
33243,0.06394261
33244,0.3645183
33245,0.044875354
33246,0.020596933
33247,0.038869232
33248,0.056012493
33249,0.061300367
33250,0.18987449
33251,0.10428521
33252,0.35334226
33253,0.11084272
33254,0.026716735
33255,0.0149839055
33256,0.053747397
33257,0.100780964
33258,0.028918764
33259,0.373719
33260,0.11059055
33261,0.13225374
33262,0.021239907
33263,0.11768744
33264,0.059270535
33265,0.41528982
33266,0.5967
33267,0.19379564
33268,0.09811622
33269,0.014999939
33270,0.09813427
33271,0.051321007
33272,0.065681085
33273,0.1309821
33274,0.09153603
33275,0.10333918
33276,0.99929297
33277,0.016387785
33278,0.08616397
33279,0.11033866
33280,0.07980192
33281,0.022390233
33282,0.1971572
33283,0.43258464
33284,0.072799906
33285,0.23444709
33286,0.026088148
33287,0.017874341
33288,0.06503628
33289,0.029720621
33290,0.10197134
33291,0.0363899
33292,0.034563243
33293,0.063452184
33294,0.08062549
33295,0.02704456
33296,0.056768507
33297,0.1284879
33298,0.043775737
33299,0.08449739
33300,0.023984559
33301,0.027702732
33302,0.08554112
33303,0.09172867
33304,0.021581344
33305,0.023004299
33306,0.060468465
33307,0.987141
33308,0.050093662
33309,0.1557045
33310,0.059884902
33311,0.039009634
33312,0.054554366
33313,0.054040633
33314,0.0131047135
33315,0.017850678
33316,0.38185117
33317,0.028866526
33318,0.009984302
33319,0.010610561
33320,0.054283686
33321,0.24895956
33322,0.023432162
33323,0.11864629
33324,0.039216287
33325,0.021268195
33326,0.010115655
33327,0.3666615
33328,0.022321343
33329,0.01841315
33330,0.009990366
33331,0.021746363
33332,0.053331148
33333,0.010414013
33334,0.031879857
33335,0.1400893
33336,0.06617343
33337,0.014421135
33338,0.09938912
33339,0.15113884
33340,0.1241844
33341,0.06553577
33342,0.05859396
33343,0.030603668
33344,0.06332314
33345,0.017574355
33346,0.063549235
33347,0.14239898
33348,0.13438243
33349,0.0106716035
33350,0.011088836
33351,0.045105156
33352,0.02289376
33353,0.01206358
33354,0.022735441
33355,0.07995642
33356,0.060624667
33357,0.10848383
33358,0.1705444
33359,0.38044682
33360,0.012000619
33361,0.012183739
33362,0.03321214
33363,0.013253222
33364,0.018675601
33365,0.015600277
33366,0.03266896
33367,0.01175659
33368,0.11118228
33369,0.029290715
33370,0.042126358
33371,0.014503582
33372,0.012904523
33373,0.04603501
33374,0.017679054
33375,0.01663159
33376,0.010174648
33377,0.14776671
33378,0.03406018
33379,0.048026897
33380,0.030063525
33381,0.016929911
33382,0.10699403
33383,0.014894785
33384,0.10919124
33385,0.011631702
33386,0.41582975
33387,0.11678345
33388,0.0617331
33389,0.09237237
33390,0.01326979
33391,0.08826775
33392,0.03276724
33393,0.012699288
33394,0.15618409
33395,0.01731766
33396,0.115375146
33397,0.16255847
33398,0.027039176
33399,0.044010032
33400,0.030371914
33401,0.022594197
33402,0.011193242
33403,0.0118960785
33404,0.048553415
33405,0.017955255
33406,0.011883835
33407,0.010808993
33408,0.11009273
33409,0.06701843
33410,0.263594
33411,0.019644793
33412,0.016152697
33413,0.026872046
33414,0.010722961
33415,0.052170277
33416,0.020053884
33417,0.03454337
33418,0.040231317
33419,0.012576303
33420,0.02941334
33421,0.28751412
33422,0.25029573
33423,0.019921161
33424,0.15587631
33425,0.013462023
33426,0.015353735
33427,0.023663286
33428,0.012230039
33429,0.015882242
33430,0.0312581
33431,0.038059007
33432,0.02104713
33433,0.027089875
33434,0.027597852
33435,0.030294089
33436,0.042814154
33437,0.123902276
33438,0.04038448
33439,0.039348815
33440,0.3834417
33441,0.038346622
33442,0.1042087
33443,0.03472079
33444,0.298458
33445,0.21864505
33446,0.02965512
33447,0.27405044
33448,0.097083
33449,0.41601285
33450,0.15409967
33451,0.07720886
33452,0.0791709
33453,0.019086113
33454,0.29900998
33455,0.8679338
33456,0.2293265
33457,0.044553343
33458,0.09825814
33459,0.32423097
33460,0.09890378
33461,0.01244598
33462,0.027004166
33463,0.05290222
33464,0.0151863275
33465,0.015881661
33466,0.10188243
33467,0.2725851
33468,0.7493352
33469,0.72439384
33470,0.032237634
33471,0.04170636
33472,0.10383409
33473,0.18439654
33474,0.055913616
33475,0.03073999
33476,0.11492844
33477,0.073017105
33478,0.02871709
33479,0.4546909
33480,0.21100198
33481,0.38971624
33482,0.7865285
33483,0.21556227
33484,0.5754722
33485,0.09731874
33486,0.24607895
33487,0.098589614
33488,0.04302338
33489,0.03134652
33490,0.13445844
33491,0.022989312
33492,0.06369325
33493,0.08318874
33494,0.12717357
33495,0.02985199
33496,0.03649942
33497,0.099332266
33498,0.24165498
33499,0.063121915
33500,0.025325168
33501,0.04363483
33502,0.049873624
33503,0.10328402
33504,0.040236805
33505,0.029787917
33506,0.022809155
33507,0.04278093
33508,0.2128511
33509,0.10746133
33510,0.15665625
33511,0.019919299
33512,0.04236849
33513,0.037801173
33514,0.5795953
33515,0.14617527
33516,0.09637595
33517,0.46732724
33518,0.72612405
33519,0.0094296085
33520,0.081457876
33521,0.056804895
33522,0.014165105
33523,0.030805195
33524,0.01712662
33525,0.036336992
33526,0.06048385
33527,0.11173737
33528,0.06625604
33529,0.2650786
33530,0.6109325
33531,0.27816522
33532,0.04817056
33533,0.025581736
33534,0.017833252
33535,0.03335449
33536,0.3140849
33537,0.041275013
33538,0.11378513
33539,0.027475007
33540,0.32048494
33541,0.62569207
33542,0.21671276
33543,0.016446078
33544,0.014131697
33545,0.045069896
33546,0.07155264
33547,0.029860374
33548,0.18239476
33549,0.18557483
33550,0.10647525
33551,0.11976018
33552,0.078605585
33553,0.032151945
33554,0.030458285
33555,0.03118628
33556,0.03713363
33557,0.10770043
33558,0.076269284
33559,0.18080862
33560,0.015514508
33561,0.034154058
33562,0.03546326
33563,0.020318093
33564,0.01758673
33565,0.033573553
33566,0.050495643
33567,0.02026505
33568,0.050100654
33569,0.5634941
33570,0.37495387
33571,0.041379098
33572,0.039820906
33573,0.030441202
33574,0.117679626
33575,0.06280551
33576,0.056404874
33577,0.016092526
33578,0.027222343
33579,0.0110650705
33580,0.22154962
33581,0.03316064
33582,0.030222852
33583,0.031879775
33584,0.00992718
33585,0.068053685
33586,0.0715847
33587,0.36981276
33588,0.3229454
33589,0.36434942
33590,0.07102059
33591,0.04899292
33592,0.015520212
33593,0.06070441
33594,0.041951694
33595,0.21865955
33596,0.05197505
33597,0.55177957
33598,0.10039027
33599,0.020082247
33600,0.12015691
33601,0.046049703
33602,0.052507088
33603,0.017344503
33604,0.011048951
33605,0.012919437
33606,0.09380573
33607,0.0184915
33608,0.028405393
33609,0.100307085
33610,0.043337554
33611,0.092641205
33612,0.07915889
33613,0.121992305
33614,0.23649408
33615,0.45202428
33616,0.07154087
33617,0.028877698
33618,0.09119321
33619,0.01554741
33620,0.047456164
33621,0.021505365
33622,0.09616423
33623,0.061138693
33624,0.101243466
33625,0.046465922
33626,0.12194003
33627,0.058852047
33628,0.033950742
33629,0.015651727
33630,0.021531476
33631,0.159981
33632,0.026678067
33633,0.08776511
33634,0.053199157
33635,0.011873468
33636,0.028551541
33637,0.03612757
33638,0.09037049
33639,0.08582583
33640,0.12827827
33641,0.11367607
33642,0.33631918
33643,0.1554566
33644,0.24566415
33645,0.014043647
33646,0.101882786
33647,0.012919153
33648,0.054592047
33649,0.049303167
33650,0.08906526
33651,0.04767771
33652,0.050647497
33653,0.042818677
33654,0.04595877
33655,0.07347927
33656,0.05877136
33657,0.019553518
33658,0.0279216
33659,0.0938428
33660,0.01631612
33661,0.050100595
33662,0.15469916
33663,0.057895143
33664,0.13277529
33665,0.51843476
33666,0.12257963
33667,0.12155156
33668,0.07182978
33669,0.10991634
33670,0.0853248
33671,0.09520015
33672,0.05397225
33673,0.011423127
33674,0.012261315
33675,0.024772383
33676,0.25921002
33677,0.07049362
33678,0.071716286
33679,0.063571155
33680,0.060350936
33681,0.021317676
33682,0.017983831
33683,0.018851444
33684,0.05050336
33685,0.51715773
33686,0.069149464
33687,0.06419382
33688,0.12446667
33689,0.76995033
33690,0.11342283
33691,0.017246304
33692,0.19928814
33693,0.07124207
33694,0.16521615
33695,0.31995708
33696,0.0712158
33697,0.053218234
33698,0.12266478
33699,0.10125504
33700,0.18982042
33701,0.040128917
33702,0.23451889
33703,0.06679619
33704,0.07440858
33705,0.020333888
33706,0.10585747
33707,0.08161278
33708,0.016120858
33709,0.1320555
33710,0.13392776
33711,0.25408348
33712,0.0910494
33713,0.042020217
33714,0.12292493
33715,0.1485795
33716,0.2500844
33717,0.06351374
33718,0.062470123
33719,0.024437558
33720,0.0845554
33721,0.62907284
33722,0.033869013
33723,0.13154794
33724,0.40779892
33725,0.2060624
33726,0.019443016
33727,0.015757576
33728,0.013092221
33729,0.049314085
33730,0.053496655
33731,0.35944563
33732,0.3700775
33733,0.10411293
33734,0.109301776
33735,0.22450006
33736,0.2268773
33737,0.13297392
33738,0.14762433
33739,0.25954932
33740,0.09547845
33741,0.051629998
33742,0.106842324
33743,0.07758575
33744,0.29367495
33745,0.87018466
33746,0.047021743
33747,0.35925177
33748,0.016379697
33749,0.05269988
33750,0.20442988
33751,0.01697164
33752,0.018619005
33753,0.058755904
33754,0.085662514
33755,0.016859706
33756,0.06119664
33757,0.52019006
33758,0.052729353
33759,0.10249855
33760,0.3833196
33761,0.13843374
33762,0.20115136
33763,0.3792993
33764,0.37458345
33765,0.023232866
33766,0.17336492
33767,0.09084422
33768,0.11823529
33769,0.99305034
33770,0.4704357
33771,0.3263136
33772,0.029506922
33773,0.19858988
33774,0.050085627
33775,0.025513824
33776,0.02575267
33777,0.023291184
33778,0.059343524
33779,0.011333602
33780,0.0135682095
33781,0.03644453
33782,0.07636964
33783,0.11237954
33784,0.11736675
33785,0.122711256
33786,0.094888896
33787,0.14433841
33788,0.11723128
33789,0.09394308
33790,0.26621282
33791,0.016243065
33792,0.057560872
33793,0.9833905
33794,0.8862484
33795,0.83099484
33796,0.025270084
33797,0.12822197
33798,0.40641543
33799,0.0970457
33800,0.06551371
33801,0.011960455
33802,0.056773882
33803,0.09059276
33804,0.07198157
33805,0.013196046
33806,0.4423059
33807,0.016346583
33808,0.031129286
33809,0.12704231
33810,0.12126636
33811,0.06784877
33812,0.056063164
33813,0.34244147
33814,0.099446446
33815,0.024216225
33816,0.10181117
33817,0.1072751
33818,0.089123115
33819,0.9857838
33820,0.8007348
33821,0.7478265
33822,0.058160063
33823,0.025439085
33824,0.49118957
33825,0.097277395
33826,0.22693221
33827,0.047498964
33828,0.10431531
33829,0.028370656
33830,0.11669817
33831,0.1194407
33832,0.13063362
33833,0.19454549
33834,0.5059688
33835,0.55424863
33836,0.13951227
33837,0.13998698
33838,0.101204515
33839,0.06353394
33840,0.11966817
33841,0.051826973
33842,0.038347833
33843,0.022520907
33844,0.11102393
33845,0.1360994
33846,0.061827656
33847,0.15166579
33848,0.026364
33849,0.9890852
33850,0.99246174
33851,0.9683661
33852,0.079357766
33853,0.044994343
33854,0.20668294
33855,0.50635624
33856,0.02307913
33857,0.01959162
33858,0.018570883
33859,0.113603055
33860,0.06276005
33861,0.39816588
33862,0.97731394
33863,0.083233394
33864,0.12921041
33865,0.106176265
33866,0.1499055
33867,0.07292171
33868,0.2002133
33869,0.21372116
33870,0.036945682
33871,0.08076316
33872,0.110774636
33873,0.1098342
33874,0.045335
33875,0.039442364
33876,0.42122987
33877,0.36369365
33878,0.23414677
33879,0.08201442
33880,0.023258751
33881,0.09262159
33882,0.06628803
33883,0.17331852
33884,0.051250543
33885,0.050551344
33886,0.050591547
33887,0.021819795
33888,0.050475586
33889,0.052524403
33890,0.39229268
33891,0.6385154
33892,0.17007273
33893,0.22018094
33894,0.13289127
33895,0.14133129
33896,0.12776254
33897,0.60398066
33898,0.063306905
33899,0.029345307
33900,0.037860505
33901,0.03355394
33902,0.12922701
33903,0.18490258
33904,0.16958089
33905,0.4583573
33906,0.26766184
33907,0.11601431
33908,1.0
33909,0.13734062
33910,0.016483096
33911,0.21994112
33912,0.24751957
33913,0.023115769
33914,0.05220537
33915,0.2587124
33916,0.063377045
33917,0.035155993
33918,0.04122072
33919,0.056120355
33920,0.14144015
33921,0.37950113
33922,0.40038103
33923,0.28979865
33924,0.37845534
33925,0.13719518
33926,0.13333486
33927,0.30348176
33928,0.014518816
33929,0.023370141
33930,0.16831583
33931,0.07506344
33932,0.049501956
33933,0.5540702
33934,0.22688155
33935,0.045814045
33936,0.49828696
33937,0.29031453
33938,0.12730081
33939,0.1115895
33940,0.10452338
33941,0.041019663
33942,0.01271745
33943,0.028999401
33944,0.060802247
33945,0.10591417
33946,0.10797622
33947,0.13544627
33948,0.41191602
33949,0.72892797
33950,0.43204343
33951,0.25519973
33952,0.5724009
33953,0.10444756
33954,0.0736649
33955,0.06440107
33956,0.13639604
33957,0.26857165
33958,0.07749935
33959,0.023554835
33960,0.07034271
33961,0.121460274
33962,0.045568068
33963,0.076027945
33964,0.036005363
33965,0.018809333
33966,0.01570168
33967,0.01362205
33968,0.041858535
33969,0.07727006
33970,0.059431367
33971,0.10231757
33972,0.37473303
33973,0.22220236
33974,0.34667873
33975,0.74313116
33976,0.646122
33977,0.26790056
33978,0.14199634
33979,0.045703415
33980,0.020656658
33981,0.04786245
33982,0.1288533
33983,0.033313997
33984,0.9771211
33985,0.057658065
33986,0.017521452
33987,0.07802714
33988,0.06622019
33989,0.1993671
33990,0.05202092
33991,0.048785686
33992,0.017745875
33993,0.04492078
33994,0.017070018
33995,0.04031542
33996,0.10295118
33997,0.119320534
33998,0.6440055
33999,0.36475202
34000,0.36844343
34001,0.9978388
34002,0.39700302
34003,0.43175817
34004,0.12489109
34005,0.038256533
34006,0.031489037
34007,0.03103902
34008,0.06631789
34009,0.055200517
34010,0.045501288
34011,0.09723417
34012,0.43763986
34013,0.10438113
34014,0.3626114
34015,0.026038492
34016,0.12146752
34017,0.11442401
34018,0.19024418
34019,0.23831743
34020,0.061432976
34021,0.02844073
34022,0.051609177
34023,0.13524385
34024,0.97562593
34025,0.36171022
34026,0.76594263
34027,0.36409375
34028,0.26334897
34029,0.13953038
34030,0.23845433
34031,0.040754836
34032,0.015155437
34033,0.022506377
34034,0.012363725
34035,0.033230975
34036,0.02284055
34037,0.11572868
34038,0.12950563
34039,0.106148146
34040,0.2729905
34041,0.021146432
34042,0.06514641
34043,0.26102984
34044,0.036826108
34045,0.013888571
34046,0.013250406
34047,0.12915637
34048,0.22954112
34049,0.031859823
34050,0.33637986
34051,0.21912408
34052,0.08305964
34053,0.12924783
34054,0.028160064
34055,0.11589079
34056,0.08232493
34057,0.0340919
34058,0.13262077
34059,0.1287065
34060,0.03876036
34061,0.01303189
34062,0.20200406
34063,0.012832
34064,0.09676921
34065,0.03664868
34066,0.13212945
34067,0.0484915
34068,0.05844847
34069,0.052338414
34070,0.17249013
34071,0.26273227
34072,0.63323075
34073,0.16616783
34074,0.0137082795
34075,0.016857011
34076,0.02177634
34077,0.023629028
34078,0.0550576
34079,0.070451714
34080,0.15168886
34081,0.014455711
34082,0.027559528
34083,0.014377545
34084,0.05169722
34085,0.024306117
34086,0.0133937
34087,0.017554317
34088,0.10047301
34089,0.11429735
34090,0.45423308
34091,0.01611266
34092,0.02167201
34093,0.040939912
34094,0.09978844
34095,0.11117919
34096,0.41971478
34097,0.1587548
34098,0.24121514
34099,0.013481799
34100,0.04368198
34101,0.015073767
34102,0.07483723
34103,0.16267407
34104,0.07773361
34105,0.012146286
34106,0.012713704
34107,0.017938096
34108,0.012317416
34109,0.3187888
34110,0.051014926
34111,0.015275672
34112,0.033829745
34113,0.13637717
34114,0.073844604
34115,0.047500007
34116,0.019245928
34117,0.03833147
34118,0.06390415
34119,0.34600797
34120,0.042383645
34121,0.026814617
34122,0.048864406
34123,0.05425269
34124,0.062477674
34125,0.2532543
34126,0.08009686
34127,0.25852972
34128,0.09658034
34129,0.024866285
34130,0.015348449
34131,0.057841163
34132,0.11354925
34133,0.028373629
34134,0.36228916
34135,0.16772889
34136,0.017366204
34137,0.100986846
34138,0.055667203
34139,0.014580666
34140,0.42018145
34141,0.58790505
34142,0.21210188
34143,0.12645021
34144,0.014021038
34145,0.100346446
34146,0.046967946
34147,0.056426946
34148,0.1207345
34149,0.08430599
34150,0.09806054
34151,0.9976044
34152,0.016291905
34153,0.072462514
34154,0.016959416
34155,0.074209765
34156,0.077406794
34157,0.019027496
34158,0.1656787
34159,0.46731728
34160,0.08028218
34161,0.23465104
34162,0.02538299
34163,0.10837948
34164,0.034011573
34165,0.100233756
34166,0.0343141
34167,0.030200716
34168,0.05751708
34169,0.07304643
34170,0.024915738
34171,0.03073875
34172,0.049024783
34173,0.02117973
34174,0.15152116
34175,0.043001592
34176,0.07655931
34177,0.02110046
34178,0.029377263
34179,0.08989185
34180,0.09449203
34181,0.06081555
34182,0.9871863
34183,0.051622294
34184,0.15229125
34185,0.055328697
34186,0.04068104
34187,0.050322503
34188,0.050437763
34189,0.015553983
34190,0.40512186
34191,0.02217487
34192,0.010610561
34193,0.051706012
34194,0.23547263
34195,0.036431585
34196,0.11728355
34197,0.0424183
34198,0.021414023
34199,0.0546381
34200,0.28538638
34201,0.022046115
34202,0.017525403
34203,0.019423315
34204,0.013628335
34205,0.049684502
34206,0.010414013
34207,0.032309826
34208,0.23968337
34209,0.05914069
34210,0.015248723
34211,0.08185772
34212,0.14844258
34213,0.13181092
34214,0.07284974
34215,0.06355067
34216,0.028925028
34217,0.06385077
34218,0.017179506
34219,0.082875036
34220,0.17038243
34221,0.1650272
34222,0.013118704
34223,0.022690743
34224,0.01143502
34225,0.016445987
34226,0.016720232
34227,0.016294964
34228,0.015369179
34229,0.024406737
34230,0.06586749
34231,0.05803886
34232,0.12847647
34233,0.015738968
34234,0.14903244
34235,0.36901337
34236,0.013160039
34237,0.01265062
34238,0.017256694
34239,0.032165125
34240,0.010865539
34241,0.015495585
34242,0.030606734
34243,0.014153008
34244,0.014311973
34245,0.011797985
34246,0.07823007
34247,0.027641859
34248,0.043115057
34249,0.01458225
34250,0.046056278
34251,0.03187877
34252,0.014920519
34253,0.010174648
34254,0.15300435
34255,0.025448184
34256,0.04896835
34257,0.030153438
34258,0.09608797
34259,0.018075474
34260,0.012276637
34261,0.011631702
34262,0.41288236
34263,0.06923266
34264,0.06298647
34265,0.109262876
34266,0.013419392
34267,0.085886925
34268,0.032524627
34269,0.013084311
34270,0.11666493
34271,0.01855012
34272,0.13415276
34273,0.23496151
34274,0.023326073
34275,0.025970181
34276,0.052713044
34277,0.031793524
34278,0.022966554
34279,0.012093356
34280,0.04085391
34281,0.011925229
34282,0.12590143
34283,0.062111728
34284,0.010740658
34285,0.28544793
34286,0.019741654
34287,0.02576582
34288,0.010722961
34289,0.009425645
34290,0.05461257
34291,0.017070215
34292,0.035748202
34293,0.014851335
34294,0.040765926
34295,0.012020607
34296,0.012496491
34297,0.02630087
34298,0.30407783
34299,0.1943969
34300,0.024593718
34301,0.14484641
34302,0.015400516
34303,0.020382723
34304,0.014908299
34305,0.028791767
34306,0.04033438
34307,0.032178674
34308,0.028270867
34309,0.027449332
34310,0.10708653
34311,0.037845317
34312,0.40191284
34313,0.030050676
34314,0.08514448
34315,0.046785865
34316,0.114997536
34317,0.34466475
34318,0.030037515
34319,0.22399503
34320,0.07822753
34321,0.43139347
34322,0.06411191
34323,0.13251267
34324,0.07422749
34325,0.02186499
34326,0.11038934
34327,0.33954772
34328,0.8406454
34329,0.30347
34330,0.06813108
34331,0.035981428
34332,0.34518793
34333,0.072474256
34334,0.011267231
34335,0.02682354
34336,0.024209926
34337,0.01357095
34338,0.018375106
34339,0.074530095
34340,0.3037406
34341,0.62131816
34342,0.60598344
34343,0.033787142
34344,0.040207066
34345,0.10508383
34346,0.23642255
34347,0.05357706
34348,0.03265518
34349,0.1178126
34350,0.116199374
34351,0.031076713
34352,0.4288117
34353,0.21842037
34354,0.2412902
34355,0.62721485
34356,0.10862645
34357,0.023492502
34358,0.59434414
34359,0.08687043
34360,0.24187668
34361,0.057786927
34362,0.07661028
34363,0.026025923
34364,0.14533298
34365,0.06450212
34366,0.11101745
34367,0.07231507
34368,0.029033301
34369,0.045861084
34370,0.08481057
34371,0.28735572
34372,0.046769384
34373,0.039424952
34374,0.046447214
34375,0.10212007
34376,0.0376656
34377,0.028055893
34378,0.021185493
34379,0.046177145
34380,0.16379113
34381,0.09749984
34382,0.1670907
34383,0.017019847
34384,0.03838114
34385,0.03900654
34386,0.019928306
34387,0.015885197
34388,0.5464716
34389,0.12895471
34390,0.16295463
34391,0.49141845
34392,0.60118955
34393,0.08478085
34394,0.055160914
34395,0.016149703
34396,0.025671083
34397,0.03914401
34398,0.011021502
34399,0.10022373
34400,0.07003408
34401,0.06119719
34402,0.18984772
34403,0.56060445
34404,0.015534462
34405,0.27907273
34406,0.044889934
34407,0.025911557
34408,0.023067692
34409,0.29785177
34410,0.019239169
34411,0.041010685
34412,0.113223426
34413,0.022736667
34414,0.38480902
34415,0.5810708
34416,0.1368247
34417,0.016432496
34418,0.01722776
34419,0.049362507
34420,0.07375021
34421,0.17854479
34422,0.18005097
34423,0.101517946
34424,0.13199697
34425,0.07855652
34426,0.008829852
34427,0.01699614
34428,0.05381693
34429,0.030723602
34430,0.029416272
34431,0.037086807
34432,0.11300824
34433,0.078281686
34434,0.18286422
34435,0.0147008635
34436,0.037910033
34437,0.03510632
34438,0.019847935
34439,0.019628076
34440,0.033122025
34441,0.04899299
34442,0.023460858
34443,0.07846135
34444,0.48677504
34445,0.38470942
34446,0.045774955
34447,0.042130332
34448,0.029984944
34449,0.13242424
34450,0.06312372
34451,0.062025223
34452,0.01694354
34453,0.023995297
34454,0.033647846
34455,0.12987939
34456,0.035686474
34457,0.030255932
34458,0.00992718
34459,0.06168775
34460,0.07525762
34461,0.2104552
34462,0.2042474
34463,0.33090985
34464,0.07113603
34465,0.05790578
34466,0.01636087
34467,0.0556523
34468,0.043287918
34469,0.23034799
34470,0.052342806
34471,0.6019086
34472,0.111584656
34473,0.02012168
34474,0.123333484
34475,0.049785335
34476,0.050258983
34477,0.02332217
34478,0.011048951
34479,0.012743194
34480,0.07965581
34481,0.011702171
34482,0.025473889
34483,0.016998852
34484,0.01838409
34485,0.10169582
34486,0.09414472
34487,0.07360415
34488,0.11869266
34489,0.23194627
34490,0.43734545
34491,0.0754516
34492,0.032797042
34493,0.084766746
34494,0.023029145
34495,0.047323857
34496,0.010220002
34497,0.020788364
34498,0.123152256
34499,0.060950916
34500,0.11186722
34501,0.04249006
34502,0.11272271
34503,0.03832697
34504,0.045608804
34505,0.030090246
34506,0.01424755
34507,0.1781853
34508,0.026009679
34509,0.081225246
34510,0.03944766
34511,0.012595532
34512,0.029149763
34513,0.03655036
34514,0.07966673
34515,0.08510438
34516,0.12702231
34517,0.11563778
34518,0.3573893
34519,0.23360835
34520,0.24260241
34521,0.014544499
34522,0.12021498
34523,0.014030511
34524,0.05577655
34525,0.045758273
34526,0.097253524
34527,0.049667146
34528,0.07749148
34529,0.056193065
34530,0.08426002
34531,0.06774311
34532,0.028393412
34533,0.015382056
34534,0.07833321
34535,0.015644824
34536,0.050351426
34537,0.16366978
34538,0.07038894
34539,0.12910801
34540,0.5578143
34541,0.12628885
34542,0.12776764
34543,0.06949748
34544,0.09525975
34545,0.08107574
34546,0.091589645
34547,0.05624362
34548,0.020438902
34549,0.25858918
34550,0.07130526
34551,0.08366876
34552,0.055473678
34553,0.07766149
34554,0.024493825
34555,0.015668698
34556,0.019096341
34557,0.052506402
34558,0.53780025
34559,0.06555815
34560,0.06651979
34561,0.121060275
34562,0.76807576
34563,0.119706236
34564,0.016480014
34565,0.12004088
34566,0.0693387
34567,0.1719367
34568,0.39355266
34569,0.06994673
34570,0.019963069
34571,0.05233273
34572,0.09704575
34573,0.10977007
34574,0.18495266
34575,0.03830603
34576,0.15382218
34577,0.073894896
34578,0.07080821
34579,0.0877636
34580,0.07803633
34581,0.018594217
34582,0.12734494
34583,0.13864073
34584,0.2560364
34585,0.09160653
34586,0.04284839
34587,0.1256803
34588,0.1593309
34589,0.24813826
34590,0.06545093
34591,0.059338577
34592,0.036142908
34593,0.011753432
34594,0.098768026
34595,0.5897602
34596,0.031233234
34597,0.12037324
34598,0.4323054
34599,0.23221737
34600,0.014716204
34601,0.011920451
34602,0.013409459
34603,0.045676038
34604,0.05779157
34605,0.3998341
34606,0.34954572
34607,0.10809518
34608,0.10766389
34609,0.2254176
34610,0.13023806
34611,0.14105202
34612,0.17802364
34613,0.26266465
34614,0.0957269
34615,0.05184617
34616,0.1440025
34617,0.07713538
34618,0.26449332
34619,0.87134033
34620,0.046603806
34621,0.3733289
34622,0.01887764
34623,0.051501505
34624,0.25826916
34625,0.01697164
34626,0.017182928
34627,0.060773384
34628,0.08238828
34629,0.023954937
34630,0.06913072
34631,0.50950557
34632,0.05228292
34633,0.105656564
34634,0.27263868
34635,0.13048562
34636,0.25511077
34637,0.35504526
34638,0.3686933
34639,0.24026261
34640,0.10805263
34641,0.113584355
34642,0.99297607
34643,0.49397063
34644,0.4087749
34645,0.028006244
34646,0.1415714
34647,0.05252683
34648,0.02933657
34649,0.026037538
34650,0.059400298
34651,0.011374997
34652,0.013649422
34653,0.039630655
34654,0.07222074
34655,0.110477775
34656,0.11909632
34657,0.11815656
34658,0.08970025
34659,0.13542536
34660,0.1967784
34661,0.023646742
34662,0.0975208
34663,0.35894483
34664,0.015396259
34665,0.06641261
34666,0.9868818
34667,0.8906251
34668,0.76327974
34669,0.15211487
34670,0.49192786
34671,0.1185799
34672,0.018065015
34673,0.066426724
34674,0.012169278
34675,0.05575422
34676,0.094191656
34677,0.07084289
34678,0.013518662
34679,0.45554015
34680,0.017382009
34681,0.032132454
34682,0.12530257
34683,0.12211264
34684,0.061533332
34685,0.055871192
34686,0.25102273
34687,0.085557096
34688,0.025167603
34689,0.12426499
34690,0.1056153
34691,0.099810615
34692,0.9856683
34693,0.9718246
34694,0.6214075
34695,0.011807593
34696,0.013984492
34697,0.052518006
34698,0.025087392
34699,0.01139998
34700,0.48637196
34701,0.10261779
34702,0.25420627
34703,0.049593896
34704,0.13929215
34705,0.10682237
34706,0.11674059
34707,0.14690077
34708,0.27016395
34709,0.5012089
34710,0.5543136
34711,0.13077025
34712,0.13863924
34713,0.096470885
34714,0.06568057
34715,0.10812876
34716,0.04964715
34717,0.03907739
34718,0.025266834
34719,0.10713684
34720,0.13373329
34721,0.06412731
34722,0.15522686
34723,0.027417038
34724,0.9878765
34725,0.99246174
34726,0.966532
34727,0.060972456
34728,0.04654523
34729,0.20431603
34730,0.013422353
34731,0.44055223
34732,0.019872075
34733,0.016534684
34734,0.018752053
34735,0.041050684
34736,0.10718078
34737,0.05817286
34738,0.39451772
34739,0.9774254
34740,0.0800411
34741,0.13041554
34742,0.11701966
34743,0.14841066
34744,0.07460264
34745,0.22070412
34746,0.106449574
34747,0.07786448
34748,0.11059196
34749,0.11354526
34750,0.058996856
34751,0.027652293
34752,0.44576433
34753,0.35582694
34754,0.20141202
34755,0.06412321
34756,0.023258751
34757,0.10593737
34758,0.06534236
34759,0.24880537
34760,0.04798618
34761,0.05122982
34762,0.0521868
34763,0.021747882
34764,0.050175942
34765,0.053193092
34766,0.344981
34767,0.59771824
34768,0.23093371
34769,0.2361657
34770,0.1378222
34771,0.22505227
34772,0.1481359
34773,0.58742625
34774,0.06497582
34775,0.029442819
34776,0.044071674
34777,0.033276346
34778,0.13700959
34779,0.23115073
34780,0.25644356
34781,0.47896996
34782,0.26346996
34783,0.11427224
34784,1.0
34785,0.21645577
34786,0.01661777
34787,0.21278447
34788,0.19579884
34789,0.030296125
34790,0.06105361
34791,0.18211085
34792,0.06587968
34793,0.03780714
34794,0.038662516
34795,0.054456092
34796,0.14200795
34797,0.40543044
34798,0.3953416
34799,0.27809644
34800,0.26156953
34801,0.12997703
34802,0.1449947
34803,0.38356927
34804,0.02290852
34805,0.18512723
34806,0.0967068
34807,0.06324109
34808,0.48368153
34809,0.35822374
34810,0.05149511
34811,0.508776
34812,0.38823068
34813,0.010365157
34814,0.11464016
34815,0.12004649
34816,0.11082221
34817,0.041941933
34818,0.012053448
34819,0.013533238
34820,0.015595168
34821,0.028604392
34822,0.071879394
34823,0.10772712
34824,0.11353202
34825,0.21367343
34826,0.41599357
34827,0.7754003
34828,0.43600553
34829,0.25973433
34830,0.41772726
34831,0.10415698
34832,0.016942358
34833,0.073029704
34834,0.062417097
34835,0.20687315
34836,0.19541134
34837,0.07538202
34838,0.026200356
34839,0.066572174
34840,0.11686095
34841,0.04512664
34842,0.0751008
34843,0.041865982
34844,0.03852207
34845,0.08160584
34846,0.06449958
34847,0.10116814
34848,0.38151821
34849,0.22135094
34850,0.34536946
34851,0.7322394
34852,0.64790833
34853,0.26467153
34854,0.13823839
34855,0.053539943
34856,0.026012912
34857,0.04532577
34858,0.14007598
34859,0.033261534
34860,0.9750585
34861,0.07302398
34862,0.02107002
34863,0.08126744
34864,0.080214076
34865,0.3154662
34866,0.05451067
34867,0.053329747
34868,0.017714635
34869,0.056239977
34870,0.038481932
34871,0.10229731
34872,0.12348947
34873,0.6642957
34874,0.3576839
34875,0.24673976
34876,0.9978388
34877,0.39581627
34878,0.440336
34879,0.14352588
34880,0.037745237
34881,0.031238412
34882,0.028593663
34883,0.06034489
34884,0.049732614
34885,0.0403711
34886,0.059189256
34887,0.43783674
34888,0.09950979
34889,0.2654012
34890,0.030495306
34891,0.11350908
34892,0.18872216
34893,0.23897897
34894,0.24033105
34895,0.05273707
34896,0.025947087
34897,0.05290882
34898,0.14327373
34899,0.9761998
34900,0.36530384
34901,0.76248133
34902,0.37620386
34903,0.3707924
34904,0.1425737
34905,0.18332514
34906,0.013979787
34907,0.020903766
34908,0.014598421
34909,0.030052472
34910,0.02323296
34911,0.1299905
34912,0.12272554
34913,0.09309386
34914,0.2817911
34915,0.021120928
34916,0.063452676
34917,0.36735028
34918,0.038621724
34919,0.011896604
34920,0.12631905
34921,0.2453572
34922,0.03091706
34923,0.2068066
34924,0.1446237
34925,0.09132405
34926,0.15004347
34927,0.02740771
34928,0.12455518
34929,0.08062201
34930,0.032350533
34931,0.2024178
34932,0.11459614
34933,0.0374025
34934,0.012962955
34935,0.20282105
34936,0.011791484
34937,0.12118757
34938,0.037388492
34939,0.03787323
34940,0.13968
34941,0.047407445
34942,0.060714867
34943,0.051959977
34944,0.17565607
34945,0.26319993
34946,0.8128176
34947,0.15491559
34948,0.014327812
34949,0.018562308
34950,0.018556977
34951,0.026449865
34952,0.051186223
34953,0.06742357
34954,0.151912
34955,0.012985927
34956,0.024074657
34957,0.014676466
34958,0.04089727
34959,0.026583362
34960,0.014995893
34961,0.020691048
34962,0.01088426
34963,0.09804481
34964,0.1166945
34965,0.42049846
34966,0.016154055
34967,0.017830951
34968,0.038760938
34969,0.0924763
34970,0.107946075
34971,0.42811593
34972,0.1755349
34973,0.25193805
34974,0.04075793
34975,0.07603484
34976,0.15229264
34977,0.06198684
34978,0.012146286
34979,0.018017028
34980,0.32409456
34981,0.03875518
34982,0.01700284
34983,0.01389735
34984,0.03514206
34985,0.13704573
34986,0.07275504
34987,0.04997514
34988,0.018763915
34989,0.033274222
34990,0.07535842
34991,0.37385735
34992,0.039697345
34993,0.00960922
34994,0.03845143
34995,0.05159844
34996,0.04366089
34997,0.06442111
34998,0.23758963
34999,0.06735073
35000,0.25322232
35001,0.086865865
35002,0.026396902
35003,0.016190005
35004,0.051185645
35005,0.07185933
35006,0.027042795
35007,0.36884913
35008,0.015900882
35009,0.2496986
35010,0.0161812
35011,0.11406054
35012,0.053957023
35013,0.2752332
35014,0.5314597
35015,0.19523562
35016,0.1191317
35017,0.014457412
35018,0.13347371
35019,0.04611034
35020,0.056196697
35021,0.09951038
35022,0.119834
35023,0.13106574
35024,0.99929297
35025,0.016278382
35026,0.08442894
35027,0.074443266
35028,0.070417516
35029,0.022851842
35030,0.18901475
35031,0.5198619
35032,0.08543962
35033,0.21848366
35034,0.025791092
35035,0.119384974
35036,0.03405202
35037,0.10264296
35038,0.030772844
35039,0.026792701
35040,0.056529168
35041,0.07419618
35042,0.022243444
35043,0.024595091
35044,0.06500321
35045,0.020665456
35046,0.18868004
35047,0.061633848
35048,0.015178061
35049,0.02840016
35050,0.09184432
35051,0.10753899
35052,0.07425284
35053,0.9871863
35054,0.056523893
35055,0.22639535
35056,0.049413335
35057,0.036472853
35058,0.049334057
35059,0.047465753
35060,0.012923788
35061,0.016875684
35062,0.4355241
35063,0.022416836
35064,0.010610561
35065,0.012106923
35066,0.016092217
35067,0.051742673
35068,0.1512507
35069,0.034863733
35070,0.13405785
35071,0.03824971
35072,0.02140066
35073,0.053781886
35074,0.37853554
35075,0.020795587
35076,0.017432282
35077,0.009990366
35078,0.01297637
35079,0.04984102
35080,0.010414013
35081,0.030552333
35082,0.17595349
35083,0.062099017
35084,0.026026627
35085,0.08996681
35086,0.13258405
35087,0.12077255
35088,0.119584695
35089,0.06891193
35090,0.028716946
35091,0.08004154
35092,0.022553595
35093,0.10476551
35094,0.15937725
35095,0.13443464
35096,0.033847865
35097,0.012645239
35098,0.012459634
35099,0.021132644
35100,0.012055116
35101,0.016265739
35102,0.021633286
35103,0.015603718
35104,0.011956894
35105,0.024969973
35106,0.07579471
35107,0.057812873
35108,0.12234858
35109,0.012382324
35110,0.23806821
35111,0.011424997
35112,0.37385422
35113,0.012592167
35114,0.018722571
35115,0.031380635
35116,0.013565546
35117,0.017779795
35118,0.010865539
35119,0.018334545
35120,0.030824412
35121,0.014067668
35122,0.01337652
35123,0.09198395
35124,0.026249131
35125,0.04908311
35126,0.01458225
35127,0.0129672345
35128,0.04513351
35129,0.011132614
35130,0.01574752
35131,0.14849046
35132,0.02600282
35133,0.050016686
35134,0.012183949
35135,0.035371292
35136,0.089979105
35137,0.10804815
35138,0.013248974
35139,0.011962771
35140,0.011631702
35141,0.33118355
35142,0.070276074
35143,0.06325373
35144,0.11553713
35145,0.07361127
35146,0.036396485
35147,0.10376676
35148,0.017253423
35149,0.12698701
35150,0.14217015
35151,0.015366198
35152,0.024965929
35153,0.067922056
35154,0.040003106
35155,0.039867423
35156,0.012548916
35157,0.12959284
35158,0.071724795
35159,0.22667038
35160,0.016716342
35161,0.026025997
35162,0.016346311
35163,0.053202506
35164,0.019447736
35165,0.014615373
35166,0.020103496
35167,0.061140627
35168,0.014798647
35169,0.029522108
35170,0.30949882
35171,0.25585255
35172,0.030767243
35173,0.14719675
35174,0.018503327
35175,0.011491117
35176,0.028810099
35177,0.07720348
35178,0.069314115
35179,0.050031062
35180,0.026273461
35181,0.02742593
35182,0.02927148
35183,0.06787264
35184,0.102330066
35185,0.032090414
35186,0.03330529
35187,0.3922856
35188,0.030291054
35189,0.08466902
35190,0.03665238
35191,0.29874772
35192,0.20275299
35193,0.102128014
35194,0.029294748
35195,0.013374236
35196,0.3176909
35197,0.084876224
35198,0.42980415
35199,0.058076013
35200,0.3476398
35201,0.1057782
35202,0.12727366
35203,0.023489233
35204,0.013408694
35205,0.2411943
35206,0.026321566
35207,0.78586257
35208,0.2789069
35209,0.035017464
35210,0.31922865
35211,0.041627057
35212,0.0146900145
35213,0.03224291
35214,0.032673452
35215,0.01700878
35216,0.011762557
35217,0.10349001
35218,0.41239634
35219,0.595006
35220,0.53273857
35221,0.03115118
35222,0.049225025
35223,0.023428638
35224,0.16844462
35225,0.15511458
35226,0.010393357
35227,0.018681608
35228,0.043717854
35229,0.040842477
35230,0.094054505
35231,0.21420328
35232,0.025463654
35233,0.44296736
35234,0.20408884
35235,0.22384764
35236,0.6498129
35237,0.10397516
35238,0.49445173
35239,0.016510768
35240,0.06843545
35241,0.2274873
35242,0.04312485
35243,0.07459094
35244,0.026968015
35245,0.1216825
35246,0.06655553
35247,0.07187717
35248,0.10813952
35249,0.0280912
35250,0.037087023
35251,0.10652505
35252,0.26258776
35253,0.036954533
35254,0.048794143
35255,0.049896505
35256,0.06669922
35257,0.025324695
35258,0.02707432
35259,0.060396597
35260,0.1240489
35261,0.04683451
35262,0.12624344
35263,0.019742321
35264,0.038195707
35265,0.048197437
35266,0.021625403
35267,0.014372855
35268,0.023696184
35269,0.45709226
35270,0.12016194
35271,0.1716926
35272,0.47013873
35273,0.514812
35274,0.09742749
35275,0.09486764
35276,0.027022641
35277,0.024872702
35278,0.05488379
35279,0.16397017
35280,0.05354667
35281,0.19121917
35282,0.4720234
35283,0.28460598
35284,0.044527154
35285,0.02786831
35286,0.025162056
35287,0.29210672
35288,0.015828345
35289,0.041969348
35290,0.10053035
35291,0.34181914
35292,0.56485915
35293,0.13559225
35294,0.022514088
35295,0.0176751
35296,0.04462406
35297,0.0955068
35298,0.011575575
35299,0.026033776
35300,0.012993377
35301,0.13636915
35302,0.18489885
35303,0.09856081
35304,0.122077726
35305,0.0708769
35306,0.034093674
35307,0.03141816
35308,0.036352195
35309,0.037131585
35310,0.12375003
35311,0.06362698
35312,0.10953658
35313,0.0148265725
35314,0.037085053
35315,0.040230967
35316,0.022066996
35317,0.017960893
35318,0.031290494
35319,0.048120953
35320,0.023057817
35321,0.094932035
35322,0.5356583
35323,0.41656145
35324,0.047306605
35325,0.039970286
35326,0.027424723
35327,0.12575464
35328,0.06255054
35329,0.016622724
35330,0.08177426
35331,0.01434074
35332,0.0501231
35333,0.22909828
35334,0.028223664
35335,0.0269022
35336,0.030952495
35337,0.06144793
35338,0.07582116
35339,0.2304869
35340,0.19905914
35341,0.3658035
35342,0.07299063
35343,0.047716588
35344,0.018358126
35345,0.05747409
35346,0.04467093
35347,0.011326529
35348,0.23445548
35349,0.054875128
35350,0.5533111
35351,0.112610325
35352,0.019440304
35353,0.11930691
35354,0.0462413
35355,0.054073576
35356,0.02034525
35357,0.011048951
35358,0.079679154
35359,0.030865626
35360,0.01939909
35361,0.0960086
35362,0.04411995
35363,0.09316483
35364,0.07023928
35365,0.1170364
35366,0.22872452
35367,0.43645358
35368,0.0676767
35369,0.024536721
35370,0.09109336
35371,0.023108877
35372,0.04815039
35373,0.113303274
35374,0.09321438
35375,0.11552115
35376,0.033563443
35377,0.10473174
35378,0.031049665
35379,0.037372883
35380,0.016068604
35381,0.018306471
35382,0.17830159
35383,0.01182491
35384,0.026974091
35385,0.070724346
35386,0.05025396
35387,0.027279925
35388,0.030841483
35389,0.06754635
35390,0.088348225
35391,0.12693071
35392,0.119561486
35393,0.3762335
35394,0.23373295
35395,0.24422376
35396,0.013834829
35397,0.10579727
35398,0.052761953
35399,0.04750062
35400,0.08924013
35401,0.034242973
35402,0.019064741
35403,0.099882536
35404,0.04324175
35405,0.095486306
35406,0.023823582
35407,0.06218383
35408,0.010569031
35409,0.015707975
35410,0.027581822
35411,0.0883311
35412,0.017626083
35413,0.046108715
35414,0.15865868
35415,0.06306837
35416,0.12808888
35417,0.5652618
35418,0.12714931
35419,0.12723225
35420,0.06927757
35421,0.10549262
35422,0.077844426
35423,0.09485862
35424,0.060135227
35425,0.24757642
35426,0.09574129
35427,0.06972833
35428,0.055030387
35429,0.068267845
35430,0.018017896
35431,0.025317995
35432,0.018960359
35433,0.022499591
35434,0.04600127
35435,0.42848942
35436,0.0670652
35437,0.06425983
35438,0.1277745
35439,0.74505746
35440,0.118424006
35441,0.017699474
35442,0.19475617
35443,0.0685261
35444,0.2458866
35445,0.3053896
35446,0.06828321
35447,0.057581857
35448,0.098222576
35449,0.08945934
35450,0.15566055
35451,0.03948455
35452,0.23189577
35453,0.07012556
35454,0.0770475
35455,0.016082337
35456,0.020137077
35457,0.08059941
35458,0.08002069
35459,0.019031782
35460,0.13178058
35461,0.137128
35462,0.25651425
35463,0.09212321
35464,0.042016152
35465,0.12385434
35466,0.14272305
35467,0.24468543
35468,0.06866261
35469,0.06209778
35470,0.037760466
35471,0.059305023
35472,0.62073123
35473,0.030701056
35474,0.12470732
35475,0.38810295
35476,0.15697025
35477,0.014341467
35478,0.017920997
35479,0.015809882
35480,0.04799954
35481,0.054570645
35482,0.26856452
35483,0.37476665
35484,0.10219919
35485,0.10563997
35486,0.14269798
35487,0.21724376
35488,0.13542971
35489,0.18220873
35490,0.3471761
35491,0.092631646
35492,0.009608136
35493,0.023333985
35494,0.056167047
35495,0.124179795
35496,0.080830954
35497,0.20764418
35498,0.8754032
35499,0.047344416
35500,0.35857686
35501,0.015964001
35502,0.04887911
35503,0.2580287
35504,0.05400464
35505,0.08391572
35506,0.018698247
35507,0.078585744
35508,0.010388709
35509,0.53127277
35510,0.052719407
35511,0.10365156
35512,0.26799273
35513,0.14866474
35514,0.26130828
35515,0.26328316
35516,0.36789
35517,0.02329421
35518,0.18325585
35519,0.15870506
35520,0.10416288
35521,0.9928902
35522,0.4638889
35523,0.41378558
35524,0.028617697
35525,0.12709393
35526,0.06709209
35527,0.042871412
35528,0.024764549
35529,0.013575815
35530,0.013947005
35531,0.06269636
35532,0.011374997
35533,0.013256942
35534,0.03902158
35535,0.073303886
35536,0.11245666
35537,0.11463301
35538,0.12565276
35539,0.08991326
35540,0.21099958
35541,0.11361548
35542,0.022918947
35543,0.11642892
35544,0.27324396
35545,0.014109084
35546,0.06375652
35547,0.9867663
35548,0.990862
35549,0.7471735
35550,0.010581064
35551,0.028210452
35552,0.024988702
35553,0.12105446
35554,0.47906107
35555,0.095404856
35556,0.018339666
35557,0.06418758
35558,0.05671218
35559,0.09262515
35560,0.072393514
35561,0.01371801
35562,0.43562323
35563,0.01800144
35564,0.034088746
35565,0.12764026
35566,0.12399493
35567,0.0629983
35568,0.0533179
35569,0.2513728
35570,0.08654604
35571,0.026838126
35572,0.16033942
35573,0.12164983
35574,0.09718109
35575,0.9849261
35576,0.9800681
35577,0.6103226
35578,0.013821829
35579,0.06355372
35580,0.02519766
35581,0.012959614
35582,0.46808973
35583,0.07330662
35584,0.25676763
35585,0.056789055
35586,0.13691844
35587,0.024986414
35588,0.10190309
35589,0.1215027
35590,0.13870488
35591,0.27587214
35592,0.5039202
35593,0.57376045
35594,0.13916807
35595,0.13410437
35596,0.09342093
35597,0.06703696
35598,0.10883258
35599,0.0514782
35600,0.036473263
35601,0.022219626
35602,0.112124264
35603,0.18303958
35604,0.076259084
35605,0.13279627
35606,0.025370108
35607,0.9891262
35608,0.99246174
35609,0.9682506
35610,0.056373164
35611,0.0629182
35612,0.19561832
35613,0.41759154
35614,0.021901349
35615,0.011923627
35616,0.017062917
35617,0.019385206
35618,0.0414392
35619,0.10192336
35620,0.059621006
35621,0.37531245
35622,0.97727853
35623,0.08291371
35624,0.13250832
35625,0.10613331
35626,0.1444276
35627,0.07176794
35628,0.21152796
35629,0.10177499
35630,0.03270454
35631,0.09288492
35632,0.111421145
35633,0.118130594
35634,0.043368965
35635,0.024639064
35636,0.3277481
35637,0.36555
35638,0.18263248
35639,0.08798359
35640,0.06927438
35641,0.1773678
35642,0.038465638
35643,0.05260227
35644,0.049319346
35645,0.019426411
35646,0.05145969
35647,0.049838167
35648,0.23953582
35649,0.5814762
35650,0.22196393
35651,0.15172598
35652,0.1358889
35653,0.14510314
35654,0.13242751
35655,0.5906946
35656,0.06316025
35657,0.054753516
35658,0.036932852
35659,0.034547385
35660,0.14812542
35661,0.19085364
35662,0.26273692
35663,0.48589188
35664,0.3613727
35665,0.10203682
35666,1.0
35667,0.22404972
35668,0.01674689
35669,0.11588457
35670,0.19439922
35671,0.025694624
35672,0.048032705
35673,0.39858636
35674,0.06303911
35675,0.03811917
35676,0.040463984
35677,0.05620911
35678,0.12922503
35679,0.38425574
35680,0.3945098
35681,0.4652212
35682,0.38677332
35683,0.14582157
35684,0.14452484
35685,0.4113203
35686,0.023813328
35687,0.18451087
35688,0.08711806
35689,0.05923937
35690,0.56664276
35691,0.2715392
35692,0.050905317
35693,0.51828855
35694,0.3972331
35695,0.010365157
35696,0.08834138
35697,0.11044419
35698,0.0812404
35699,0.04492532
35700,0.013112396
35701,0.031638242
35702,0.06521449
35703,0.103769444
35704,0.11164409
35705,0.13961509
35706,0.40676054
35707,0.73561096
35708,0.4270366
35709,0.24699503
35710,0.5382021
35711,0.10392252
35712,0.0746117
35713,0.067662776
35714,0.19944778
35715,0.19963315
35716,0.074380815
35717,0.028592959
35718,0.06939575
35719,0.120983586
35720,0.016510956
35721,0.054770973
35722,0.06380943
35723,0.022595018
35724,0.0161882
35725,0.035344597
35726,0.013598942
35727,0.037618916
35728,0.08314055
35729,0.057018895
35730,0.10420454
35731,0.34777763
35732,0.22056752
35733,0.18405063
35734,0.7237842
35735,0.64332986
35736,0.2603632
35737,0.14095518
35738,0.047026455
35739,0.022889791
35740,0.051806834
35741,0.13663636
35742,0.017991712
35743,0.02900852
35744,0.9777242
35745,0.06394058
35746,0.017851243
35747,0.061062172
35748,0.10513989
35749,0.2085763
35750,0.048416406
35751,0.05927167
35752,0.017685408
35753,0.047461122
35754,0.03657667
35755,0.10125202
35756,0.120545015
35757,0.6539061
35758,0.3664096
35759,0.24591048
35760,0.9979762
35761,0.39146477
35762,0.44088164
35763,0.15526122
35764,0.035421092
35765,0.032856956
35766,0.029586842
35767,0.08527594
35768,0.07230651
35769,0.05413311
35770,0.09172585
35771,0.44616374
35772,0.10279172
35773,0.28917837
35774,0.02629207
35775,0.106584296
35776,0.1215507
35777,0.1481035
35778,0.24239628
35779,0.054351993
35780,0.009564411
35781,0.027650975
35782,0.013158697
35783,0.05023453
35784,0.14174305
35785,0.9762743
35786,0.34744957
35787,0.73989403
35788,0.37411106
35789,0.36791363
35790,0.13810733
35791,0.1693881
35792,0.041049488
35793,0.02101179
35794,0.013650078
35795,0.032560144
35796,0.023579368
35797,0.11223671
35798,0.10320798
35799,0.06897923
35800,0.27875075
35801,0.022100428
35802,0.077749774
35803,0.3899147
35804,0.03936213
35805,0.014511577
35806,0.123212986
35807,0.24564408
35808,0.030843977
35809,0.2061655
35810,0.14560112
35811,0.0869996
35812,0.1535984
35813,0.0249759
35814,0.104688086
35815,0.09145248
35816,0.034976337
35817,0.12473171
35818,0.010220756
35819,0.12666704
35820,0.041650098
35821,0.018565383
35822,0.20829436
35823,0.011750089
35824,0.022658102
35825,0.1371233
35826,0.03929016
35827,0.13750197
35828,0.04750962
35829,0.047733717
35830,0.05121556
35831,0.15911973
35832,0.28055838
35833,0.7659623
35834,0.15631816
35835,0.018336708
35836,0.013701943
35837,0.017576374
35838,0.019021073
35839,0.024412118
35840,0.051487274
35841,0.06380002
35842,0.20955285
35843,0.013881987
35844,0.022053583
35845,0.044927016
35846,0.024867643
35847,0.018231813
35848,0.09711451
35849,0.11725173
35850,0.41974133
35851,0.017376278
35852,0.040156666
35853,0.089923166
35854,0.110595524
35855,0.41992703
35856,0.18954353
35857,0.028837053
35858,0.023800936
35859,0.19342715
35860,0.050516058
35861,0.07459042
35862,0.21735556
35863,0.08062658
35864,0.012833362
35865,0.017985072
35866,0.012310025
35867,0.3871137
35868,0.016879331
35869,0.013958131
35870,0.035238475
35871,0.13805647
35872,0.06388133
35873,0.052073393
35874,0.019295286
35875,0.035979655
35876,0.06875495
35877,0.24263719
35878,0.037315127
35879,0.032376442
35880,0.07030832
35881,0.042019904
35882,0.08266987
35883,0.20952679
35884,0.05996943
35885,0.25351864
35886,0.087619014
35887,0.027401166
35888,0.0149275595
35889,0.054770913
35890,0.0836584
35891,0.02895254
35892,0.26345006
35893,0.31162825
35894,0.017020639
35895,0.09900297
35896,0.0555307
35897,0.014356284
35898,0.26282233
35899,0.5440767
35900,0.19789277
35901,0.11903453
35902,0.10943083
35903,0.054804698
35904,0.07471437
35905,0.13047506
35906,0.08349025
35907,0.1112804
35908,0.99942434
35909,0.086379945
35910,0.0769143
35911,0.07052863
35912,0.025089316
35913,0.16016383
35914,0.45160848
35915,0.066665314
35916,0.23826437
35917,0.02297906
35918,0.15472041
35919,0.02893506
35920,0.100944154
35921,0.03290403
35922,0.029497782
35923,0.06916293
35924,0.0797593
35925,0.027461322
35926,0.10435435
35927,0.013526763
35928,0.023416318
35929,0.25629443
35930,0.046287596
35931,0.05177089
35932,0.015028494
35933,0.026474152
35934,0.11204688
35935,0.12858883
35936,0.9871863
35937,0.06502364
35938,0.20030726
35939,0.06296723
35940,0.03996402
35941,0.047549613
35942,0.048891515
35943,0.016205203
35944,0.44596204
35945,0.022006059
35946,0.009984302
35947,0.010610561
35948,0.022343019
35949,0.012946179
35950,0.07052741
35951,0.13166268
35952,0.033556454
35953,0.120462224
35954,0.045363758
35955,0.021392897
35956,0.010115655
35957,0.05252243
35958,0.36047533
35959,0.025239522
35960,0.009990366
35961,0.018623738
35962,0.022130825
35963,0.046353124
35964,0.033583116
35965,0.18094459
35966,0.067372225
35967,0.013729294
35968,0.017534364
35969,0.082913995
35970,0.14341371
35971,0.13298318
35972,0.07697253
35973,0.06273789
35974,0.025811324
35975,0.066561066
35976,0.02075904
35977,0.08055804
35978,0.17343706
35979,0.22835408
35980,0.0106716035
35981,0.013896357
35982,0.014228383
35983,0.012116147
35984,0.018938929
35985,0.012411675
35986,0.017008958
35987,0.011545073
35988,0.020631013
35989,0.015898151
35990,0.033879515
35991,0.06002698
35992,0.061891824
35993,0.12144759
35994,0.24070372
35995,0.0113836
35996,0.3139796
35997,0.031256877
35998,0.013738255
35999,0.020762186
36000,0.03229355
36001,0.015084515
36002,0.030076774
36003,0.014099136
36004,0.011489643
36005,0.06135166
36006,0.027493129
36007,0.09320956
36008,0.0465879
36009,0.018357938
36010,0.011132614
36011,0.020949185
36012,0.13643327
36013,0.028054744
36014,0.06389066
36015,0.011277234
36016,0.031278886
36017,0.02414819
36018,0.098495744
36019,0.013239601
36020,0.32918552
36021,0.085467644
36022,0.09085427
36023,0.08633894
36024,0.013449486
36025,0.082121596
36026,0.037116393
36027,0.09238288
36028,0.02134269
36029,0.12542471
36030,0.14854646
36031,0.018201254
36032,0.024912281
36033,0.055939723
36034,0.040226772
36035,0.040639915
36036,0.018580962
36037,0.12680621
36038,0.08119362
36039,0.2051928
36040,0.021381184
36041,0.025594585
36042,0.009425645
36043,0.013515438
36044,0.052025314
36045,0.018802717
36046,0.03981578
36047,0.011863485
36048,0.026606077
36049,0.2914456
36050,0.25005683
36051,0.025584487
36052,0.12340804
36053,0.017990733
36054,0.034857355
36055,0.03943463
36056,0.025683505
36057,0.030942159
36058,0.042162307
36059,0.025693212
36060,0.0945111
36061,0.030680554
36062,0.0346002
36063,0.052115746
36064,0.030920157
36065,0.36845276
36066,0.030851899
36067,0.05502962
36068,0.043132715
36069,0.22970837
36070,0.29301316
36071,0.022688845
36072,0.02560602
36073,0.02531136
36074,0.22887625
36075,0.049024634
36076,0.43260938
36077,0.060053214
36078,0.09977778
36079,0.09998746
36080,0.1549122
36081,0.019715331
36082,0.34709096
36083,0.86583096
36084,0.24810311
36085,0.03748364
36086,0.029870382
36087,0.306395
36088,0.047154535
36089,0.0161574
36090,0.05066103
36091,0.023038434
36092,0.015930567
36093,0.07927551
36094,0.23253337
36095,0.62346977
36096,0.5652389
36097,0.057575453
36098,0.09565837
36099,0.1838986
36100,0.12645262
36101,0.020614471
36102,0.048088416
36103,0.038779628
36104,0.0677031
36105,0.10392439
36106,0.44444716
36107,0.17676394
36108,0.17363892
36109,0.6337245
36110,0.10290108
36111,0.020028275
36112,0.45108116
36113,0.016342754
36114,0.06948161
36115,0.17361434
36116,0.03518533
36117,0.08303822
36118,0.037218694
36119,0.10351697
36120,0.15939508
36121,0.09620556
36122,0.11717141
36123,0.026301963
36124,0.031309485
36125,0.12218328
36126,0.2809373
36127,0.045588847
36128,0.025136452
36129,0.050576966
36130,0.060303684
36131,0.09768899
36132,0.03993726
36133,0.06205395
36134,0.053893458
36135,0.21222372
36136,0.041939694
36137,0.12341615
36138,0.068383984
36139,0.054127153
36140,0.015784588
36141,0.4862463
36142,0.18379405
36143,0.08792904
36144,0.43316078
36145,0.44913986
36146,0.087594435
36147,0.06662978
36148,0.016302504
36149,0.02476088
36150,0.054951586
36151,0.06265774
36152,0.063448995
36153,0.056995217
36154,0.2977698
36155,0.49668407
36156,0.28036016
36157,0.068273984
36158,0.010483015
36159,0.019430969
36160,0.037845034
36161,0.31439748
36162,0.019091874
36163,0.03473627
36164,0.011760598
36165,0.0499491
36166,0.019555738
36167,0.34610584
36168,0.58740383
36169,0.11365975
36170,0.018593349
36171,0.022934942
36172,0.06982685
36173,0.102887206
36174,0.015361481
36175,0.025570191
36176,0.01093085
36177,0.13425994
36178,0.1880953
36179,0.114531174
36180,0.13147551
36181,0.055903394
36182,0.0389075
36183,0.030948719
36184,0.032528773
36185,0.035771877
36186,0.12356007
36187,0.06406813
36188,0.106343664
36189,0.014990503
36190,0.040550135
36191,0.035766006
36192,0.020831984
36193,0.019735942
36194,0.030562202
36195,0.046034407
36196,0.020531647
36197,0.073178984
36198,0.5605844
36199,0.4211428
36200,0.04031073
36201,0.04217935
36202,0.029415483
36203,0.12736765
36204,0.09105565
36205,0.016495114
36206,0.10669656
36207,0.0148173105
36208,0.046553485
36209,0.26127392
36210,0.0255656
36211,0.030955534
36212,0.02675715
36213,0.049155604
36214,0.0749706
36215,0.2336102
36216,0.2006729
36217,0.21856737
36218,0.069355965
36219,0.047584027
36220,0.017031856
36221,0.056470282
36222,0.045379486
36223,0.24053006
36224,0.0755182
36225,0.5310759
36226,0.10711266
36227,0.10791299
36228,0.04566283
36229,0.025000278
36230,0.05571619
36231,0.028168188
36232,0.018622912
36233,0.097628646
36234,0.04503445
36235,0.09298076
36236,0.07517139
36237,0.11919322
36238,0.20777184
36239,0.44095057
36240,0.072027385
36241,0.023561629
36242,0.07888223
36243,0.01521666
36244,0.042355526
36245,0.09168437
36246,0.054563772
36247,0.1058526
36248,0.031512752
36249,0.16148235
36250,0.03196607
36251,0.036085427
36252,0.0137650585
36253,0.18379638
36254,0.012879678
36255,0.028270228
36256,0.074130684
36257,0.039475285
36258,0.027407171
36259,0.033405893
36260,0.06720359
36261,0.091752276
36262,0.13003714
36263,0.11375026
36264,0.25430185
36265,0.23428445
36266,0.23925231
36267,0.014021858
36268,0.10487413
36269,0.051126733
36270,0.052229397
36271,0.09396385
36272,0.032240655
36273,0.019534657
36274,0.05659933
36275,0.10277418
36276,0.040075175
36277,0.06628986
36278,0.05344505
36279,0.08778637
36280,0.018572167
36281,0.046087556
36282,0.16698381
36283,0.062308818
36284,0.21054006
36285,0.60134566
36286,0.12399497
36287,0.12717234
36288,0.07389719
36289,0.08955846
36290,0.08073801
36291,0.09585221
36292,0.07159152
36293,0.011835308
36294,0.026944993
36295,0.25775883
36296,0.086425535
36297,0.06716666
36298,0.044202186
36299,0.07290458
36300,0.017824506
36301,0.019615432
36302,0.016137777
36303,0.044161323
36304,0.5019571
36305,0.07076317
36306,0.06608041
36307,0.117866404
36308,0.7761289
36309,0.10951926
36310,0.016828854
36311,0.12267271
36312,0.06970788
36313,0.24873185
36314,0.39523238
36315,0.06831321
36316,0.026250763
36317,0.08820975
36318,0.06425748
36319,0.085803345
36320,0.1606849
36321,0.041769803
36322,0.2004757
36323,0.06203288
36324,0.071024336
36325,0.014447495
36326,0.026456703
36327,0.0609329
36328,0.08216335
36329,0.024619533
36330,0.13520844
36331,0.13927734
36332,0.25399974
36333,0.09256592
36334,0.04093812
36335,0.1251847
36336,0.15252466
36337,0.18072276
36338,0.06478207
36339,0.059433676
36340,0.038994208
36341,0.056787666
36342,0.54703975
36343,0.028830579
36344,0.1190894
36345,0.31862068
36346,0.16239123
36347,0.014579477
36348,0.017791446
36349,0.01295899
36350,0.045853388
36351,0.044811424
36352,0.26049694
36353,0.36720785
36354,0.09805232
36355,0.107722275
36356,0.14546968
36357,0.21312255
36358,0.1427415
36359,0.19530647
36360,0.36497685
36361,0.0926218
36362,0.05423995
36363,0.13116072
36364,0.06469942
36365,0.3172147
36366,0.86876696
36367,0.055816617
36368,0.37158558
36369,0.01579602
36370,0.049498472
36371,0.21406753
36372,0.05259782
36373,0.079612225
36374,0.017496908
36375,0.07101322
36376,0.010388709
36377,0.5418368
36378,0.05071748
36379,0.10182082
36380,0.26467156
36381,0.13455538
36382,0.19606066
36383,0.26214203
36384,0.17700166
36385,0.023263067
36386,0.2376186
36387,0.1883149
36388,0.10372847
36389,0.99260044
36390,0.43744028
36391,0.43869686
36392,0.027896252
36393,0.20344898
36394,0.07049413
36395,0.027068127
36396,0.021721642
36397,0.013309644
36398,0.012720978
36399,0.05919879
36400,0.012484828
36401,0.041633304
36402,0.076525725
36403,0.1118476
36404,0.114566214
36405,0.12523854
36406,0.09284545
36407,0.11976071
36408,0.11132531
36409,0.026321793
36410,0.09343809
36411,0.28782266
36412,0.05932404
36413,0.9862305
36414,0.99361134
36415,0.6376633
36416,0.010581064
36417,0.02730104
36418,0.0986661
36419,0.45728645
36420,0.11415819
36421,0.016998027
36422,0.06150839
36423,0.012800915
36424,0.013783754
36425,0.0579854
36426,0.09187408
36427,0.06983036
36428,0.46109584
36429,0.017607467
36430,0.03391589
36431,0.12818009
36432,0.123312786
36433,0.06320418
36434,0.052076034
36435,0.3464444
36436,0.07340235
36437,0.13453113
36438,0.11136452
36439,0.09789433
36440,0.9851325
36441,0.99003935
36442,0.5517095
36443,0.014919322
36444,0.06395964
36445,0.025098791
36446,0.012938115
36447,0.4252387
36448,0.062255636
36449,0.2522319
36450,0.071559235
36451,0.14633836
36452,0.023921287
36453,0.11578698
36454,0.11927972
36455,0.13737641
36456,0.29150084
36457,0.5148136
36458,0.5816416
36459,0.13818865
36460,0.13262258
36461,0.10896409
36462,0.0661279
36463,0.108152926
36464,0.050663896
36465,0.03957418
36466,0.11833207
36467,0.15147763
36468,0.08250331
36469,0.11052456
36470,0.026426213
36471,0.9885494
36472,0.9909351
36473,0.9654385
36474,0.04643501
36475,0.06829284
36476,0.20489638
36477,0.4317427
36478,0.025084758
36479,0.01884426
36480,0.02815311
36481,0.09488577
36482,0.061715238
36483,0.41024882
36484,0.97571415
36485,0.08178997
36486,0.1296127
36487,0.11676678
36488,0.1466973
36489,0.07040512
36490,0.1987131
36491,0.10327005
36492,0.037670486
36493,0.0967254
36494,0.12592122
36495,0.11058379
36496,0.0411687
36497,0.5169592
36498,0.38376626
36499,0.14322017
36500,0.063554585
36501,0.0895695
36502,0.06950303
36503,0.19481201
36504,0.034264006
36505,0.048526835
36506,0.053076055
36507,0.022213466
36508,0.05043031
36509,0.050269358
36510,0.34414813
36511,0.62274253
36512,0.16262689
36513,0.16493353
36514,0.12670654
36515,0.15059313
36516,0.14871833
36517,0.6230646
36518,0.06921927
36519,0.035774875
36520,0.033145674
36521,0.12816757
36522,0.15571624
36523,0.35348833
36524,0.3293397
36525,0.2613059
36526,0.114265084
36527,1.0
36528,0.21056433
36529,0.016649546
36530,0.097467616
36531,0.17798702
36532,0.021021193
36533,0.047405466
36534,0.4426548
36535,0.06385993
36536,0.03548876
36537,0.041738037
36538,0.0552474
36539,0.13119036
36540,0.38544852
36541,0.26738098
36542,0.5017076
36543,0.39348975
36544,0.13830025
36545,0.12984987
36546,0.2599849
36547,0.02349301
36548,0.17981823
36549,0.07828458
36550,0.06284374
36551,0.4861186
36552,0.28793624
36553,0.061021596
36554,0.50089437
36555,0.3993039
36556,0.010365157
36557,0.087870084
36558,0.11819353
36559,0.082646385
36560,0.04298004
36561,0.013224572
36562,0.03153653
36563,0.065966435
36564,0.10430889
36565,0.1136431
36566,0.14229433
36567,0.4020406
36568,0.78917956
36569,0.42063078
36570,0.25116718
36571,0.54667205
36572,0.10625894
36573,0.020745294
36574,0.073798254
36575,0.0671829
36576,0.20535402
36577,0.2089289
36578,0.0769453
36579,0.029645577
36580,0.05852146
36581,0.120138176
36582,0.02223803
36583,0.0550496
36584,0.093282804
36585,0.016667968
36586,0.037590157
36587,0.0135372095
36588,0.038173515
36589,0.07789786
36590,0.06296446
36591,0.10449934
36592,0.37924886
36593,0.22951202
36594,0.3474987
36595,0.72324365
36596,0.6571361
36597,0.27166635
36598,0.1595888
36599,0.04898824
36600,0.020660566
36601,0.05221074
36602,0.11207949
36603,0.017838966
36604,0.03184578
36605,0.9738465
36606,0.05994738
36607,0.016744478
36608,0.060456734
36609,0.07006415
36610,0.19890319
36611,0.04592622
36612,0.051804557
36613,0.016119178
36614,0.05499768
36615,0.022350468
36616,0.018154738
36617,0.037800103
36618,0.1068057
36619,0.12367483
36620,0.6331067
36621,0.37222713
36622,0.24651374
36623,0.9974404
36624,0.2685933
36625,0.33018938
36626,0.17037167
36627,0.038131457
36628,0.03277383
36629,0.029823638
36630,0.067207254
36631,0.0720743
36632,0.04147931
36633,0.059640568
36634,0.41455856
36635,0.12344418
36636,0.3326067
36637,0.024509996
36638,0.1136149
36639,0.12795901
36640,0.15798184
36641,0.22602147
36642,0.058783222
36643,0.024590127
36644,0.0136071965
36645,0.049763706
36646,0.14141244
36647,0.97577953
36648,0.34653777
36649,0.7709751
36650,0.3586105
36651,0.34817138
36652,0.13833605
36653,0.17031576
36654,0.040569965
36655,0.026055915
36656,0.030133191
36657,0.023516793
36658,0.11611888
36659,0.10174536
36660,0.055292085
36661,0.2652105
36662,0.024818117
36663,0.08440772
36664,0.4009704
36665,0.052130125
36666,0.013888571
36667,0.013459223
36668,0.129068
36669,0.24935903
36670,0.029048378
36671,0.20612723
36672,0.14937183
36673,0.07652805
36674,0.14625193
36675,0.02811586
36676,0.106633484
36677,0.08741079
36678,0.03516244
36679,0.13299398
36680,0.122784905
36681,0.042207606
36682,0.11676478
36683,0.011631416
36684,0.02336188
36685,0.21672925
36686,0.03813357
36687,0.13933629
36688,0.04804193
36689,0.051011477
36690,0.054630168
36691,0.14138342
36692,0.26382563
36693,0.72254413
36694,0.15640384
36695,0.014404439
36696,0.013810045
36697,0.018611472
36698,0.017812125
36699,0.0248176
36700,0.058199264
36701,0.06529665
36702,0.21527621
36703,0.012951433
36704,0.021018367
36705,0.014999747
36706,0.03630581
36707,0.024076644
36708,0.012836552
36709,0.01817819
36710,0.09825583
36711,0.116496615
36712,0.43305042
36713,0.01617537
36714,0.01771045
36715,0.04001847
36716,0.10191609
36717,0.105202176
36718,0.43197453
36719,0.20130089
36720,0.017563727
36721,0.020269232
36722,0.24479166
36723,0.047345497
36724,0.071501456
36725,0.19130102
36726,0.017884627
36727,0.34912223
36728,0.02209871
36729,0.01418563
36730,0.03455018
36731,0.13110112
36732,0.0670196
36733,0.05064998
36734,0.019519353
36735,0.034675837
36736,0.0669627
36737,0.15179187
36738,0.03986533
36739,0.048323553
36740,0.043385867
36741,0.03978968
36742,0.06527292
36743,0.2532462
36744,0.046516303
36745,0.2549684
36746,0.08581615
36747,0.01443547
36748,0.058445744
36749,0.07893911
36750,0.10665207
36751,0.30322734
36752,0.32219625
36753,0.015398169
36754,0.11916234
36755,0.05567216
36756,0.43725798
36757,0.6122942
36758,0.12691247
36759,0.14027958
36760,0.015054976
36761,0.09999185
36762,0.075745314
36763,0.057496026
36764,0.09489044
36765,0.11021585
36766,0.118386924
36767,0.99887985
36768,0.01562082
36769,0.07895521
36770,0.07483925
36771,0.072683774
36772,0.039348803
36773,0.16848099
36774,0.4371573
36775,0.06825612
36776,0.24953556
36777,0.023288094
36778,0.15981214
36779,0.031974368
36780,0.09712344
36781,0.031774063
36782,0.029289305
36783,0.0585124
36784,0.08091666
36785,0.028295018
36786,0.01743058
36787,0.10808222
36788,0.023114223
36789,0.19676317
36790,0.0446256
36791,0.015163141
36792,0.02856638
36793,0.10351376
36794,0.108478725
36795,0.030250374
36796,0.028803641
36797,0.05359362
36798,0.9873691
36799,0.08118723
36800,0.14695466
36801,0.059682526
36802,0.05224683
36803,0.052008316
36804,0.045700625
36805,0.018226271
36806,0.46117246
36807,0.022695383
36808,0.009984302
36809,0.009156921
36810,0.010629208
36811,0.054465048
36812,0.23080601
36813,0.13560206
36814,0.048003424
36815,0.05186677
36816,0.28077722
36817,0.019045478
36818,0.02731819
36819,0.023153603
36820,0.0428207
36821,0.031653736
36822,0.2379344
36823,0.06517997
36824,0.012985548
36825,0.022466183
36826,0.08312983
36827,0.17805646
36828,0.12149583
36829,0.06727665
36830,0.06538316
36831,0.0276313
36832,0.059395023
36833,0.07068806
36834,0.15701535
36835,0.22767764
36836,0.0106716035
36837,0.03187611
36838,0.0144943325
36839,0.013172649
36840,0.017235478
36841,0.016575918
36842,0.015863782
36843,0.036932554
36844,0.060050555
36845,0.06377788
36846,0.10574174
36847,0.02513242
36848,0.20026481
36849,0.011504832
36850,0.31869334
36851,0.02983219
36852,0.016288184
36853,0.025096336
36854,0.0109736305
36855,0.01515982
36856,0.029391259
36857,0.014427892
36858,0.011489643
36859,0.057055656
36860,0.026462752
36861,0.1004115
36862,0.015205066
36863,0.059327
36864,0.019682502
36865,0.15001135
36866,0.031013628
36867,0.053865645
36868,0.011027012
36869,0.04540898
36870,0.011685397
36871,0.025739875
36872,0.1378462
36873,0.379967
36874,0.07907376
36875,0.063580364
36876,0.0643603
36877,0.07308321
36878,0.036749158
36879,0.11345058
36880,0.022267425
36881,0.13564353
36882,0.16403602
36883,0.024665263
36884,0.024355348
36885,0.04217134
36886,0.013250518
36887,0.014960787
36888,0.011786058
36889,0.013464065
36890,0.04025017
36891,0.011925229
36892,0.15129375
36893,0.09909161
36894,0.01083685
36895,0.23124854
36896,0.019949777
36897,0.016077543
36898,0.009425645
36899,0.013481566
36900,0.062980644
36901,0.02465325
36902,0.033888984
36903,0.059113745
36904,0.027458308
36905,0.19033776
36906,0.3508924
36907,0.030028474
36908,0.2186794
36909,0.018219471
36910,0.029758641
36911,0.031661887
36912,0.038503546
36913,0.03578226
36914,0.050006207
36915,0.034224845
36916,0.030595878
36917,0.032671392
36918,0.05917506
36919,0.028719416
36920,0.03060151
36921,0.39932573
36922,0.049769145
36923,0.03396942
36924,0.031399675
36925,0.24801324
36926,0.22050388
36927,0.021153899
36928,0.030180406
36929,0.013527089
36930,0.34188175
36931,0.039316453
36932,0.42791268
36933,0.02679202
36934,0.08562998
36935,0.09603355
36936,0.11363972
36937,0.010643103
36938,0.01034446
36939,0.32635587
36940,0.02679052
36941,0.8645005
36942,0.21206763
36943,0.02995949
36944,0.30658662
36945,0.04022762
36946,0.012381163
36947,0.032175172
36948,0.012509638
36949,0.11151693
36950,0.22458026
36951,0.74606353
36952,0.7091513
36953,0.031992994
36954,0.0868529
36955,0.09845849
36956,0.044305574
36957,0.03305076
36958,0.055059
36959,0.11272589
36960,0.030367756
36961,0.4597311
36962,0.12722075
36963,0.24266408
36964,0.64086723
36965,0.1170769
36966,0.48827252
36967,0.103740126
36968,0.14956054
36969,0.032932676
36970,0.05735405
36971,0.042618126
36972,0.10651391
36973,0.022161014
36974,0.109210305
36975,0.12617835
36976,0.08828066
36977,0.026136667
36978,0.03497195
36979,0.13506547
36980,0.23502035
36981,0.04075538
36982,0.025530482
36983,0.039735
36984,0.06252009
36985,0.03373656
36986,0.022774244
36987,0.042896785
36988,0.1557983
36989,0.058290858
36990,0.23489381
36991,0.05980512
36992,0.043742917
36993,0.02043259
36994,0.012563104
36995,0.478676
36996,0.1865306
36997,0.011107274
36998,0.11115746
36999,0.4355053
37000,0.44628596
37001,0.0093625365
37002,0.099655956
37003,0.104656264
37004,0.01731821
37005,0.025328591
37006,0.040416263
37007,0.054482095
37008,0.07455852
37009,0.0791116
37010,0.314091
37011,0.5482917
37012,0.020902496
37013,0.053103052
37014,0.026222106
37015,0.038798787
37016,0.3168062
37017,0.041738898
37018,0.009894233
37019,0.06112382
37020,0.30554688
37021,0.5880236
37022,0.09610451
37023,0.016148938
37024,0.018599907
37025,0.047344256
37026,0.0678815
37027,0.025701594
37028,0.01197197
37029,0.13286208
37030,0.19433416
37031,0.09446229
37032,0.09232253
37033,0.08440433
37034,0.011670648
37035,0.033360105
37036,0.032233533
37037,0.030856526
37038,0.037186805
37039,0.21274173
37040,0.06537889
37041,0.10874747
37042,0.015345929
37043,0.039405968
37044,0.034347963
37045,0.017646361
37046,0.027676959
37047,0.046317022
37048,0.025174705
37049,0.061493002
37050,0.57188165
37051,0.45839953
37052,0.035893828
37053,0.047769003
37054,0.03203691
37055,0.118468985
37056,0.061554957
37057,0.023714667
37058,0.0935169
37059,0.013632926
37060,0.015676066
37061,0.031147525
37062,0.011151307
37063,0.17115153
37064,0.027282437
37065,0.03164947
37066,0.028572276
37067,0.059084147
37068,0.076822564
37069,0.13409886
37070,0.20480238
37071,0.21809345
37072,0.0661824
37073,0.045544747
37074,0.018571563
37075,0.057787534
37076,0.04610386
37077,0.26788673
37078,0.055634692
37079,0.5469668
37080,0.1181813
37081,0.12345834
37082,0.046376236
37083,0.05382655
37084,0.015695859
37085,0.010814452
37086,0.050225787
37087,0.010907722
37088,0.021400599
37089,0.028025344
37090,0.09880843
37091,0.044770647
37092,0.08799685
37093,0.068860084
37094,0.1204483
37095,0.21336852
37096,0.45140913
37097,0.07122632
37098,0.023129882
37099,0.07649897
37100,0.046933442
37101,0.12151152
37102,0.04757951
37103,0.11137208
37104,0.031037746
37105,0.119145565
37106,0.03471072
37107,0.028024895
37108,0.016222356
37109,0.15194125
37110,0.07357101
37111,0.034712702
37112,0.029110955
37113,0.033731945
37114,0.07477973
37115,0.090111986
37116,0.12649019
37117,0.11628774
37118,0.24541001
37119,0.23610975
37120,0.16280839
37121,0.014240302
37122,0.10336907
37123,0.013101316
37124,0.050383832
37125,0.039627537
37126,0.090620294
37127,0.029308042
37128,0.05332998
37129,0.05916911
37130,0.057979826
37131,0.056359556
37132,0.026123023
37133,0.06668806
37134,0.010461229
37135,0.092679925
37136,0.016056236
37137,0.04391692
37138,0.16488054
37139,0.058135908
37140,0.13958043
37141,0.6092411
37142,0.12200755
37143,0.12523979
37144,0.07519213
37145,0.0885454
37146,0.07684279
37147,0.08755738
37148,0.059922487
37149,0.01139745
37150,0.011568515
37151,0.022039145
37152,0.28842437
37153,0.105586596
37154,0.0647914
37155,0.054712147
37156,0.066428415
37157,0.018054424
37158,0.018001998
37159,0.01855422
37160,0.048347592
37161,0.49047697
37162,0.07287728
37163,0.057715945
37164,0.12258945
37165,0.8309783
37166,0.1096309
37167,0.124442704
37168,0.07441157
37169,0.2213454
37170,0.3765105
37171,0.07193453
37172,0.022407634
37173,0.055305336
37174,0.053888436
37175,0.09797435
37176,0.16903792
37177,0.03955336
37178,0.19522916
37179,0.06361318
37180,0.07551213
37181,0.016338538
37182,0.029552078
37183,0.056971103
37184,0.07534137
37185,0.01826679
37186,0.12897983
37187,0.13569875
37188,0.2531086
37189,0.09437684
37190,0.044352047
37191,0.12509404
37192,0.15765664
37193,0.18211287
37194,0.0669659
37195,0.05808103
37196,0.029791573
37197,0.05449733
37198,0.62957644
37199,0.03187442
37200,0.13402192
37201,0.41062346
37202,0.14685239
37203,0.017614916
37204,0.023575095
37205,0.011800792
37206,0.048263896
37207,0.049831018
37208,0.25750247
37209,0.38071302
37210,0.10887697
37211,0.105944134
37212,0.13512938
37213,0.13990986
37214,0.13307793
37215,0.18123037
37216,0.35010922
37217,0.09001956
37218,0.020402987
37219,0.05362684
37220,0.09084556
37221,0.05966517
37222,0.31356567
37223,0.9656183
37224,0.05534019
37225,0.34583765
37226,0.01567683
37227,0.04384507
37228,0.20262742
37229,0.016200796
37230,0.049591925
37231,0.07633186
37232,0.016886335
37233,0.064762205
37234,0.6080054
37235,0.05095378
37236,0.09920171
37237,0.26031908
37238,0.14282344
37239,0.18257353
37240,0.25898257
37241,0.2486509
37242,0.023147704
37243,0.20631945
37244,0.108695775
37245,0.092826165
37246,0.9898986
37247,0.41263688
37248,0.3222779
37249,0.02713275
37250,0.13567522
37251,0.092147134
37252,0.025260692
37253,0.021199455
37254,0.058516514
37255,0.011539007
37256,0.01262097
37257,0.038709443
37258,0.07091402
37259,0.11454325
37260,0.12261903
37261,0.12854695
37262,0.08925247
37263,0.12647581
37264,0.10194277
37265,0.02318184
37266,0.09677323
37267,0.2865182
37268,0.052275233
37269,0.980977
37270,0.9848116
37271,0.60985315
37272,0.0105553875
37273,0.026371649
37274,0.01785661
37275,0.09888382
37276,0.43956557
37277,0.113888785
37278,0.059828185
37279,0.012367871
37280,0.012907054
37281,0.06242689
37282,0.07365227
37283,0.06942511
37284,0.0140978675
37285,0.48590726
37286,0.017604124
37287,0.032579485
37288,0.20333835
37289,0.1275662
37290,0.063706525
37291,0.051371388
37292,0.25220418
37293,0.07403904
37294,0.13120031
37295,0.104125515
37296,0.09237697
37297,0.98463
37298,0.98992497
37299,0.5190416
37300,0.018888216
37301,0.06338171
37302,0.025199978
37303,0.011766029
37304,0.4271458
37305,0.056002565
37306,0.2457148
37307,0.056968275
37308,0.14437437
37309,0.026854899
37310,0.1276585
37311,0.11936118
37312,0.13231203
37313,0.20578909
37314,0.51569045
37315,0.5967739
37316,0.13896239
37317,0.14474924
37318,0.10223286
37319,0.060231697
37320,0.12044039
37321,0.05219716
37322,0.04184099
37323,0.1195178
37324,0.14692676
37325,0.06294482
37326,0.081019305
37327,0.025079165
37328,0.9562598
37329,0.9934297
37330,0.96626157
37331,0.056010675
37332,0.33916256
37333,0.41755006
37334,0.020949166
37335,0.011642396
37336,0.018556533
37337,0.01998849
37338,0.03962238
37339,0.078039385
37340,0.062339675
37341,0.41135168
37342,0.9777867
37343,0.08109127
37344,0.12730551
37345,0.11494727
37346,0.14616819
37347,0.07160313
37348,0.13850175
37349,0.10034958
37350,0.039410584
37351,0.08434217
37352,0.11023305
37353,0.11153676
37354,0.037057254
37355,0.4686185
37356,0.38409513
37357,0.13982001
37358,0.023260616
37359,0.080286115
37360,0.06326275
37361,0.14467861
37362,0.03275095
37363,0.05199139
37364,0.05173874
37365,0.020129837
37366,0.026394704
37367,0.046807386
37368,0.051047664
37369,0.25118774
37370,0.6010812
37371,0.1544458
37372,0.15081327
37373,0.13404429
37374,0.15391722
37375,0.13388635
37376,0.732931
37377,0.06904048
37378,0.032654993
37379,0.16164665
37380,0.16064839
37381,0.23743597
37382,0.43257228
37383,0.259338
37384,0.10500575
37385,1.0
37386,0.2231001
37387,0.1218728
37388,0.13005479
37389,0.018422589
37390,0.041587647
37391,0.43444726
37392,0.0626182
37393,0.034663137
37394,0.040206302
37395,0.05656666
37396,0.12756677
37397,0.39396173
37398,0.26718414
37399,0.27091485
37400,0.25424415
37401,0.1423655
37402,0.1303171
37403,0.2622955
37404,0.01959323
37405,0.023323266
37406,0.17608114
37407,0.07736361
37408,0.0629563
37409,0.46568662
37410,0.35916898
37411,0.050079416
37412,0.4716548
37413,0.2844041
37414,0.010339481
37415,0.07927247
37416,0.10561359
37417,0.07564873
37418,0.011899371
37419,0.066495776
37420,0.103175096
37421,0.11072344
37422,0.13860944
37423,0.3801225
37424,0.73841554
37425,0.42440504
37426,0.24827108
37427,0.5424426
37428,0.09589086
37429,0.018363252
37430,0.07830814
37431,0.068505794
37432,0.12177239
37433,0.28994712
37434,0.07447417
37435,0.029430363
37436,0.044883355
37437,0.1262484
37438,0.047762543
37439,0.078407
37440,0.020689152
37441,0.032164805
37442,0.018398518
37443,0.013671596
37444,0.04070721
37445,0.08169892
37446,0.06277113
37447,0.097820505
37448,0.37400702
37449,0.15450127
37450,0.34217554
37451,0.74183524
37452,0.62616396
37453,0.2624469
37454,0.1432025
37455,0.050641984
37456,0.052535146
37457,0.108203106
37458,0.015792962
37459,0.03891926
37460,0.9789874
37461,0.06178252
37462,0.059457853
37463,0.06770555
37464,0.22292043
37465,0.04035359
37466,0.049754567
37467,0.054814134
37468,0.018134281
37469,0.01688963
37470,0.038717084
37471,0.104326814
37472,0.12405964
37473,0.6194725
37474,0.36850202
37475,0.24614143
37476,0.9907524
37477,0.39192262
37478,0.31543332
37479,0.154439
37480,0.036877405
37481,0.029220361
37482,0.026109446
37483,0.05608138
37484,0.055643246
37485,0.040028132
37486,0.06595763
37487,0.43468753
37488,0.19918506
37489,0.25487
37490,0.021572802
37491,0.10234045
37492,0.1261522
37493,0.1463102
37494,0.23126751
37495,0.09138546
37496,0.024723142
37497,0.050799605
37498,0.14794844
37499,0.97640336
37500,0.33254686
37501,0.84358674
37502,0.38536575
37503,0.25861138
37504,0.13476086
37505,0.1413801
37506,0.035923447
37507,0.0154595105
37508,0.02231877
37509,0.014218599
37510,0.02385089
37511,0.11365664
37512,0.1167447
37513,0.04926116
37514,0.18660605
37515,0.021813005
37516,0.08142282
37517,0.39237827
37518,0.044561975
37519,0.013183333
37520,0.12999006
37521,0.25183955
37522,0.030669417
37523,0.1282518
37524,0.14402887
37525,0.0760366
37526,0.15219866
37527,0.09398165
37528,0.08409553
37529,0.04418187
37530,0.2215107
37531,0.12502655
37532,0.040512104
37533,0.018374577
37534,0.11470045
37535,0.12352334
37536,0.032905534
37537,0.14006989
37538,0.0470587
37539,0.06022604
37540,0.055251557
37541,0.1478599
37542,0.34892684
37543,0.72341335
37544,0.14200997
37545,0.01332983
37546,0.013835799
37547,0.01597408
37548,0.0249009
37549,0.05951445
37550,0.0144136455
37551,0.067106955
37552,0.1496555
37553,0.013106492
37554,0.023318175
37555,0.014685192
37556,0.012751498
37557,0.01820012
37558,0.1030396
37559,0.11347415
37560,0.4267239
37561,0.016424572
37562,0.017731555
37563,0.039741546
37564,0.09454868
37565,0.10582048
37566,0.44148192
37567,0.19004211
37568,0.01434234
37569,0.013226232
37570,0.24912119
37571,0.015088175
37572,0.0890291
37573,0.24299517
37574,0.059756566
37575,0.012876168
37576,0.01229174
37577,0.26846313
37578,0.019716693
37579,0.034655232
37580,0.14032951
37581,0.06391701
37582,0.05123836
37583,0.036297932
37584,0.06696008
37585,0.1497234
37586,0.035307616
37587,0.057682954
37588,0.037761416
37589,0.04454119
37590,0.06526275
37591,0.2565275
37592,0.05618036
37593,0.2503902
37594,0.09251114
37595,0.030408155
37596,0.014839491
37597,0.04703633
37598,0.09921423
37599,0.026648324
37600,0.36903054
37601,0.32076445
37602,0.015951967
37603,0.10971843
37604,0.055490658
37605,0.01343059
37606,0.43362924
37607,0.61917114
37608,0.12691928
37609,0.14918084
37610,0.09633525
37611,0.098037265
37612,0.05494362
37613,0.07725285
37614,0.0957669
37615,0.098692186
37616,1.0
37617,0.07607152
37618,0.01700911
37619,0.090821505
37620,0.088316046
37621,0.03344622
37622,0.14977436
37623,0.43180135
37624,0.06575004
37625,0.24554099
37626,0.026743894
37627,0.016439099
37628,0.12980832
37629,0.030988164
37630,0.111548506
37631,0.032330707
37632,0.027326947
37633,0.056849666
37634,0.074836
37635,0.021498052
37636,0.07939779
37637,0.20049758
37638,0.045426674
37639,0.04353594
37640,0.028861385
37641,0.09414465
37642,0.10604815
37643,0.025061153
37644,0.027178043
37645,0.058912054
37646,0.98998016
37647,0.06960819
37648,0.13914661
37649,0.096255034
37650,0.06967119
37651,0.05023559
37652,0.046000727
37653,0.012972986
37654,0.33071655
37655,0.025319569
37656,0.009131244
37657,0.010554775
37658,0.049367268
37659,0.30288386
37660,0.012007259
37661,0.1256191
37662,0.021412356
37663,0.010089979
37664,0.05161005
37665,0.26471084
37666,0.021729136
37667,0.022050973
37668,0.021805119
37669,0.0411409
37670,0.034721054
37671,0.16738325
37672,0.0633359
37673,0.013541518
37674,0.08373962
37675,0.23643614
37676,0.099665396
37677,0.08435237
37678,0.062064447
37679,0.024479788
37680,0.056988202
37681,0.07007292
37682,0.252208
37683,0.13213858
37684,0.010792407
37685,0.030415978
37686,0.013230958
37687,0.013284902
37688,0.016074445
37689,0.01668121
37690,0.049344037
37691,0.089613736
37692,0.07138494
37693,0.10688044
37694,0.13629359
37695,0.01127033
37696,0.37258577
37697,0.012864627
37698,0.018818952
37699,0.03169012
37700,0.013544667
37701,0.016144339
37702,0.022161242
37703,0.010979144
37704,0.015256355
37705,0.054292034
37706,0.017272653
37707,0.014502142
37708,0.011482613
37709,0.050970946
37710,0.028462058
37711,0.07563279
37712,0.056380246
37713,0.0112534175
37714,0.01289758
37715,0.14078735
37716,0.036408372
37717,0.050280064
37718,0.06552535
37719,0.012824114
37720,0.023636386
37721,0.116942935
37722,0.33049074
37723,0.076712936
37724,0.059612438
37725,0.06706249
37726,0.07323098
37727,0.034312703
37728,0.119889945
37729,0.031747
37730,0.12746736
37731,0.19334242
37732,0.025381321
37733,0.012624415
37734,0.04094478
37735,0.03107829
37736,0.02511523
37737,0.013648464
37738,0.03966361
37739,0.14145504
37740,0.072877556
37741,0.009459522
37742,0.29561022
37743,0.015756406
37744,0.027163977
37745,0.015917506
37746,0.023876563
37747,0.057450093
37748,0.032234676
37749,0.045840666
37750,0.011837808
37751,0.0126281325
37752,0.22082296
37753,0.25255007
37754,0.02031419
37755,0.13452245
37756,0.014580632
37757,0.02780917
37758,0.030554596
37759,0.033700667
37760,0.050573282
37761,0.0266393
37762,0.027604993
37763,0.029395994
37764,0.030790849
37765,0.026970575
37766,0.053203575
37767,0.03514241
37768,0.030656643
37769,0.030378634
37770,0.3429286
37771,0.030737115
37772,0.03488805
37773,0.2007105
37774,0.120792404
37775,0.021371324
37776,0.030466225
37777,0.22383654
37778,0.05320988
37779,0.4037096
37780,0.059751384
37781,0.07320177
37782,0.0887894
37783,0.11125823
37784,0.15311268
37785,0.02669377
37786,0.89199156
37787,0.09674139
37788,0.031601474
37789,0.25355935
37790,0.04227397
37791,0.015914157
37792,0.030650932
37793,0.03894689
37794,0.105113916
37795,0.11358097
37796,0.7513199
37797,0.51961344
37798,0.03666858
37799,0.14223231
37800,0.16136801
37801,0.009975642
37802,0.04137685
37803,0.047461055
37804,0.049977705
37805,0.010840691
37806,0.106290855
37807,0.039527606
37808,0.43535903
37809,0.10901086
37810,0.22205588
37811,0.6145283
37812,0.20392554
37813,0.019813892
37814,0.59489876
37815,0.013370977
37816,0.0687748
37817,0.1278084
37818,0.03367118
37819,0.08718037
37820,0.037633322
37821,0.058741104
37822,0.02345308
37823,0.11343337
37824,0.10803312
37825,0.10050247
37826,0.11068438
37827,0.33436084
37828,0.038547125
37829,0.025150977
37830,0.04380178
37831,0.04824944
37832,0.060795173
37833,0.03090534
37834,0.022783458
37835,0.048334975
37836,0.17836279
37837,0.03288497
37838,0.27949396
37839,0.10084334
37840,0.036633983
37841,0.018916778
37842,0.44590998
37843,0.3130541
37844,0.10313889
37845,0.45197806
37846,0.4949379
37847,0.009388213
37848,0.08026942
37849,0.09583358
37850,0.03806
37851,0.045383207
37852,0.06965152
37853,0.10240015
37854,0.19575922
37855,0.4716063
37856,0.029615687
37857,0.04697491
37858,0.028546603
37859,0.042215895
37860,0.30099416
37861,0.021418473
37862,0.04101151
37863,0.0129549885
37864,0.19825955
37865,0.030320162
37866,0.24823862
37867,0.7102202
37868,0.09479739
37869,0.0170515
37870,0.046108797
37871,0.06264045
37872,0.022700908
37873,0.12458409
37874,0.18609713
37875,0.103621155
37876,0.12739617
37877,0.055144954
37878,0.03229446
37879,0.03928772
37880,0.02954872
37881,0.03879486
37882,0.22904085
37883,0.0634662
37884,0.10686932
37885,0.014844402
37886,0.04255302
37887,0.032102294
37888,0.022448152
37889,0.021838458
37890,0.031929567
37891,0.053108025
37892,0.02270638
37893,0.08141837
37894,0.55950904
37895,0.4142046
37896,0.030577341
37897,0.03622028
37898,0.11964629
37899,0.05705939
37900,0.014735488
37901,0.057431854
37902,0.016122626
37903,0.16188008
37904,0.02789762
37905,0.034953393
37906,0.033390313
37907,0.067848586
37908,0.07647025
37909,0.1410904
37910,0.14773928
37911,0.21078247
37912,0.06547322
37913,0.04466291
37914,0.018142996
37915,0.058216184
37916,0.04527555
37917,0.012469716
37918,0.25726545
37919,0.054946307
37920,0.56091577
37921,0.10504101
37922,0.020161258
37923,0.10554105
37924,0.046466053
37925,0.059778273
37926,0.01759599
37927,0.011072044
37928,0.012586971
37929,0.07546773
37930,0.024150396
37931,0.018145194
37932,0.017894657
37933,0.10148619
37934,0.04471339
37935,0.09515802
37936,0.061247565
37937,0.119632974
37938,0.14214553
37939,0.4522579
37940,0.07210925
37941,0.024347939
37942,0.08973306
37943,0.01765588
37944,0.04594326
37945,0.010366481
37946,0.12034784
37947,0.053853966
37948,0.11248724
37949,0.030627403
37950,0.12026858
37951,0.03477257
37952,0.03706898
37953,0.028391277
37954,0.13815713
37955,0.011846226
37956,0.06928846
37957,0.028842978
37958,0.029297516
37959,0.047651283
37960,0.07429992
37961,0.088377126
37962,0.13028081
37963,0.11725808
37964,0.24925323
37965,0.23454076
37966,0.19048053
37967,0.014973547
37968,0.10575548
37969,0.012889069
37970,0.056359548
37971,0.03804176
37972,0.08911919
37973,0.029962674
37974,0.03474254
37975,0.05230228
37976,0.035804022
37977,0.04637737
37978,0.05887944
37979,0.024425562
37980,0.06990947
37981,0.009763039
37982,0.098364525
37983,0.01628601
37984,0.059428956
37985,0.23467319
37986,0.05687213
37987,0.1383041
37988,0.6070022
37989,0.1274539
37990,0.12874824
37991,0.0687992
37992,0.092763886
37993,0.08112422
37994,0.09469066
37995,0.06064666
37996,0.011423127
37997,0.01792926
37998,0.27203685
37999,0.08796189
38000,0.055422712
38001,0.0514513
38002,0.06792138
38003,0.018255183
38004,0.021012345
38005,0.018167973
38006,0.025482463
38007,0.04815602
38008,0.5493856
38009,0.0702398
38010,0.06372788
38011,0.11833332
38012,0.7884198
38013,0.110782966
38014,0.017235076
38015,0.11796525
38016,0.07000979
38017,0.2458555
38018,0.36343715
38019,0.06698889
38020,0.0202374
38021,0.0524404
38022,0.04618557
38023,0.1022838
38024,0.1518831
38025,0.045324072
38026,0.13919145
38027,0.062031545
38028,0.08217857
38029,0.016399594
38030,0.030316856
38031,0.073203675
38032,0.07891977
38033,0.01904796
38034,0.13456856
38035,0.13186383
38036,0.2570921
38037,0.09455974
38038,0.042054895
38039,0.120388955
38040,0.1668973
38041,0.2469144
38042,0.06443529
38043,0.06085114
38044,0.024492994
38045,0.051528595
38046,0.62383807
38047,0.03099257
38048,0.13224599
38049,0.3874257
38050,0.134784
38051,0.015651459
38052,0.028979259
38053,0.011867864
38054,0.051584598
38055,0.0475664
38056,0.25640452
38057,0.3588378
38058,0.10872081
38059,0.10587143
38060,0.14090794
38061,0.14412723
38062,0.14425734
38063,0.17095362
38064,0.34290347
38065,0.094868295
38066,0.0575757
38067,0.13455044
38068,0.075844854
38069,0.20056486
38070,0.97082824
38071,0.043325067
38072,0.36439478
38073,0.049248885
38074,0.20144846
38075,0.016591497
38076,0.052978255
38077,0.08100667
38078,0.019696577
38079,0.06937877
38080,0.6433833
38081,0.049900755
38082,0.09884668
38083,0.26042712
38084,0.13540521
38085,0.17701061
38086,0.26391727
38087,0.26012567
38088,0.02336462
38089,0.12251139
38090,0.13594095
38091,0.11074713
38092,0.98986125
38093,0.40469095
38094,0.38318807
38095,0.028186165
38096,0.12603185
38097,0.08340163
38098,0.01717753
38099,0.05819443
38100,0.011564683
38101,0.01279728
38102,0.04028988
38103,0.07977557
38104,0.101330675
38105,0.11765767
38106,0.124538
38107,0.08773863
38108,0.12238456
38109,0.118002094
38110,0.0236756
38111,0.08817326
38112,0.18920356
38113,0.020514797
38114,0.052434307
38115,0.98386014
38116,0.9920728
38117,0.6183043
38118,0.010581064
38119,0.024444481
38120,0.01766207
38121,0.106861904
38122,0.47004554
38123,0.079689965
38124,0.07707175
38125,0.0111336745
38126,0.012219415
38127,0.0602352
38128,0.08978148
38129,0.060339857
38130,0.013220425
38131,0.53746635
38132,0.017350499
38133,0.032747928
38134,0.12552106
38135,0.1272172
38136,0.06789171
38137,0.054012954
38138,0.26207754
38139,0.08941583
38140,0.115220405
38141,0.10387348
38142,0.08176489
38143,0.9838279
38144,0.98230475
38145,0.48216516
38146,0.06490918
38147,0.02748978
38148,0.45463154
38149,0.07279149
38150,0.2469534
38151,0.06797181
38152,0.11726591
38153,0.02474408
38154,0.11856563
38155,0.11736261
38156,0.13524222
38157,0.21198782
38158,0.5234785
38159,0.62888557
38160,0.13711852
38161,0.13585709
38162,0.1061382
38163,0.059558596
38164,0.11739652
38165,0.055568054
38166,0.04310228
38167,0.020520153
38168,0.115735315
38169,0.14448252
38170,0.063739106
38171,0.093444064
38172,0.023656283
38173,0.96669173
38174,0.99354106
38175,0.96690416
38176,0.0623543
38177,0.20093016
38178,0.43493897
38179,0.022521213
38180,0.011626678
38181,0.038439028
38182,0.10152124
38183,0.05827895
38184,0.36610267
38185,0.97792304
38186,0.08162966
38187,0.12098581
38188,0.119592465
38189,0.14663489
38190,0.07022194
38191,0.13273843
38192,0.092008285
38193,0.039566386
38194,0.07687456
38195,0.11259999
38196,0.11290895
38197,0.037296463
38198,0.036444753
38199,0.47073823
38200,0.26432592
38201,0.15692449
38202,0.06341256
38203,0.023668991
38204,0.1012685
38205,0.06499272
38206,0.15760148
38207,0.031191982
38208,0.049664594
38209,0.04855009
38210,0.020247309
38211,0.021596244
38212,0.048686635
38213,0.05484047
38214,0.22452602
38215,0.6133491
38216,0.15375835
38217,0.21963592
38218,0.12998378
38219,0.15069579
38220,0.13016057
38221,0.7641504
38222,0.06667912
38223,0.03406877
38224,0.14622134
38225,0.15783061
38226,0.36290234
38227,0.44333905
38228,0.2598574
38229,0.10026346
38230,1.0
38231,0.22309698
38232,0.124047525
38233,0.22535111
38234,0.02286754
38235,0.041298997
38236,0.41368115
38237,0.066762686
38238,0.03936713
38239,0.042573683
38240,0.0544546
38241,0.12194553
38242,0.4100199
38243,0.26638228
38244,0.48961574
38245,0.24097838
38246,0.1451645
38247,0.12511522
38248,0.26960376
38249,0.019966956
38250,0.15436555
38251,0.089584336
38252,0.06163097
38253,0.46824777
38254,0.26332912
38255,0.0505426
38256,0.50668305
38257,0.2889869
38258,0.0776137
38259,0.103606194
38260,0.07631519
38261,0.048782364
38262,0.033275448
38263,0.06435343
38264,0.100714795
38265,0.112942
38266,0.13493706
38267,0.4086754
38268,0.7452412
38269,0.40019694
38270,0.25535974
38271,0.54998183
38272,0.10182594
38273,0.018141415
38274,0.074499376
38275,0.063120574
38276,0.1447402
38277,0.26216173
38278,0.07571447
38279,0.02673633
38280,0.043526623
38281,0.12140887
38282,0.022442993
38283,0.039192263
38284,0.08739366
38285,0.020717785
38286,0.017279696
38287,0.032827117
38288,0.013439725
38289,0.03930116
38290,0.0790018
38291,0.05928559
38292,0.09959677
38293,0.2609456
38294,0.22024213
38295,0.36006832
38296,0.7424817
38297,0.6491692
38298,0.26410806
38299,0.11825847
38300,0.045372073
38301,0.019917224
38302,0.05486568
38303,0.119893916
38304,0.040733367
38305,0.9786246
38306,0.053102847
38307,0.015693758
38308,0.060843065
38309,0.088445805
38310,0.33561936
38311,0.037815608
38312,0.047056857
38313,0.017642384
38314,0.047216415
38315,0.019665616
38316,0.036942776
38317,0.10148752
38318,0.12646648
38319,0.6599185
38320,0.36380458
38321,0.25052044
38322,0.99482584
38323,0.3911059
38324,0.32659292
38325,0.16436566
38326,0.038074855
38327,0.029318294
38328,0.027081685
38329,0.053404316
38330,0.0548082
38331,0.03168104
38332,0.067758165
38333,0.4080869
38334,0.1825423
38335,0.2750825
38336,0.025149578
38337,0.19708483
38338,0.13187745
38339,0.14481461
38340,0.12433128
38341,0.062429834
38342,0.02444526
38343,0.046737827
38344,0.1415478
38345,0.9767912
38346,0.34603414
38347,0.86576974
38348,0.4217438
38349,0.25256327
38350,0.13734357
38351,0.11679861
38352,0.014753976
38353,0.019031318
38354,0.014244275
38355,0.012165211
38356,0.10735862
38357,0.11027304
38358,0.044587307
38359,0.25790107
38360,0.021235865
38361,0.06542656
38362,0.3184649
38363,0.048775103
38364,0.013888571
38365,0.013459223
38366,0.1273691
38367,0.25045562
38368,0.028848013
38369,0.13172989
38370,0.16529174
38371,0.07398983
38372,0.16115247
38373,0.030829329
38374,0.12432304
38375,0.07222454
38376,0.036478505
38377,0.19837737
38378,0.11206153
38379,0.049458355
38380,0.0130493725
38381,0.10454913
38382,0.01263779
38383,0.12727608
38384,0.035842743
38385,0.037653897
38386,0.13703993
38387,0.04897762
38388,0.055106748
38389,0.05612175
38390,0.1587063
38391,0.2473953
38392,0.7506182
38393,0.14747755
38394,0.0137082795
38395,0.023450809
38396,0.025788428
38397,0.058054794
38398,0.014437501
38399,0.084568106
38400,0.11340584
38401,0.012951433
38402,0.019225352
38403,0.018549671
38404,0.023102852
38405,0.10152371
38406,0.11287234
38407,0.43207866
38408,0.01617537
38409,0.01771045
38410,0.040199254
38411,0.092024885
38412,0.100942425
38413,0.46014398
38414,0.19286716
38415,0.012716192
38416,0.24942797
38417,0.079742216
38418,0.1917092
38419,0.05218228
38420,0.01281374
38421,0.27589962
38422,0.031568717
38423,0.1393423
38424,0.07552399
38425,0.05221217
38426,0.01914573
38427,0.034831688
38428,0.07374813
38429,0.2563266
38430,0.037154086
38431,0.03141643
38432,0.037957937
38433,0.038915493
38434,0.0779093
38435,0.23340195
38436,0.05643077
38437,0.19248357
38438,0.09219783
38439,0.028160468
38440,0.046184737
38441,0.033524767
38442,0.37140894
38443,0.38392046
38444,0.018066352
38445,0.11349118
38446,0.054751664
38447,0.013313336
38448,0.4357593
38449,0.66546446
38450,0.12519738
38451,0.11001657
38452,0.014642514
38453,0.090016924
38454,0.05770976
38455,0.07888488
38456,0.09336548
38457,0.1069494
38458,0.101521745
38459,1.0
38460,0.07114031
38461,0.017034786
38462,0.103566766
38463,0.07838107
38464,0.025674641
38465,0.037575193
38466,0.15925863
38467,0.51676744
38468,0.06306254
38469,0.23850083
38470,0.023729976
38471,0.14624682
38472,0.012496735
38473,0.027528811
38474,0.097084895
38475,0.035585456
38476,0.026755184
38477,0.05728332
38478,0.07852158
38479,0.023994882
38480,0.077995315
38481,0.013949221
38482,0.018669121
38483,0.20122811
38484,0.047055155
38485,0.053947773
38486,0.08911866
38487,0.086920306
38488,0.024984637
38489,0.044222582
38490,0.9905133
38491,0.062118635
38492,0.14505236
38493,0.08165889
38494,0.046117626
38495,0.052323833
38496,0.048784677
38497,0.013950359
38498,0.4047379
38499,0.023887893
38500,0.010629208
38501,0.016106216
38502,0.04631523
38503,0.3044506
38504,0.019332666
38505,0.115018986
38506,0.044261787
38507,0.05499271
38508,0.36900395
38509,0.022371426
38510,0.021993535
38511,0.020124078
38512,0.043270264
38513,0.039199848
38514,0.15134518
38515,0.06657937
38516,0.01620016
38517,0.06597079
38518,0.22799829
38519,0.08608765
38520,0.07937294
38521,0.07200646
38522,0.026208205
38523,0.06264633
38524,0.01664256
38525,0.083036415
38526,0.18043754
38527,0.2060304
38528,0.010818084
38529,0.031894628
38530,0.013096576
38531,0.013333686
38532,0.018402733
38533,0.015026736
38534,0.01446434
38535,0.032399107
38536,0.10356736
38537,0.103274904
38538,0.09098089
38539,0.14065708
38540,0.29365453
38541,0.032430664
38542,0.015690643
38543,0.018895527
38544,0.022609418
38545,0.011984979
38546,0.013386677
38547,0.048749167
38548,0.028206108
38549,0.06192084
38550,0.051949218
38551,0.01619174
38552,0.13702713
38553,0.036029194
38554,0.053335354
38555,0.011966395
38556,0.04112212
38557,0.018476775
38558,0.11605383
38559,0.32288757
38560,0.06230637
38561,0.072334625
38562,0.086717494
38563,0.069585465
38564,0.048907354
38565,0.10558276
38566,0.022933425
38567,0.101464085
38568,0.16019303
38569,0.019192286
38570,0.024244774
38571,0.039440565
38572,0.02820335
38573,0.025739973
38574,0.015599985
38575,0.034551524
38576,0.1347923
38577,0.104447976
38578,0.027350945
38579,0.19727562
38580,0.021465788
38581,0.053970516
38582,0.03359962
38583,0.05177086
38584,0.027190788
38585,0.20105474
38586,0.19046235
38587,0.018846354
38588,0.106095254
38589,0.015432753
38590,0.014655849
38591,0.024333138
38592,0.016771315
38593,0.02896394
38594,0.03509602
38595,0.026365723
38596,0.02897683
38597,0.028958164
38598,0.029865561
38599,0.029346056
38600,0.05424748
38601,0.029558435
38602,0.02587324
38603,0.39806685
38604,0.031120596
38605,0.04048492
38606,0.23011829
38607,0.22264658
38608,0.021290975
38609,0.030673843
38610,0.22252189
38611,0.07820999
38612,0.3718176
38613,0.06209513
38614,0.20782837
38615,0.06032335
38616,0.010643103
38617,0.014685865
38618,0.011625266
38619,0.13828056
38620,0.95869213
38621,0.17843093
38622,0.028665666
38623,0.3023455
38624,0.0586474
38625,0.02596773
38626,0.015899433
38627,0.1087536
38628,0.112455264
38629,0.7439199
38630,0.49660748
38631,0.030199371
38632,0.03516493
38633,0.21857668
38634,0.1649638
38635,0.03343602
38636,0.033022005
38637,0.0613412
38638,0.010815014
38639,0.10359007
38640,0.3841255
38641,0.20292008
38642,0.20462152
38643,0.6001397
38644,0.14698815
38645,0.019965684
38646,0.4982588
38647,0.07434723
38648,0.11095873
38649,0.047381237
38650,0.044812657
38651,0.0387959
38652,0.06254483
38653,0.065154724
38654,0.102554284
38655,0.108800665
38656,0.025949195
38657,0.121142805
38658,0.35502723
38659,0.03790599
38660,0.03998786
38661,0.04722035
38662,0.061776273
38663,0.027968543
38664,0.071491584
38665,0.18631347
38666,0.2469933
38667,0.06823437
38668,0.097047515
38669,0.046298046
38670,0.020871399
38671,0.44375443
38672,0.11530822
38673,0.05642153
38674,0.46413216
38675,0.42473772
38676,0.065404624
38677,0.10183964
38678,0.022353023
38679,0.017456546
38680,0.03280817
38681,0.075497545
38682,0.10598452
38683,0.34444997
38684,0.49604812
38685,0.02128648
38686,0.0577851
38687,0.010498734
38688,0.039026737
38689,0.29351094
38690,0.01917356
38691,0.0672724
38692,0.12218996
38693,0.029878536
38694,0.018031204
38695,0.22827391
38696,0.48006687
38697,0.110471316
38698,0.023074482
38699,0.05192369
38700,0.06669724
38701,0.010659965
38702,0.0154121565
38703,0.022279188
38704,0.113157086
38705,0.17567903
38706,0.09452797
38707,0.09210726
38708,0.04686476
38709,0.048876096
38710,0.045050032
38711,0.23559189
38712,0.06772073
38713,0.10531232
38714,0.015310773
38715,0.047102164
38716,0.03548023
38717,0.03452654
38718,0.02159908
38719,0.030769126
38720,0.053725846
38721,0.028710565
38722,0.08704557
38723,0.5552227
38724,0.4194635
38725,0.030660195
38726,0.035811
38727,0.031624697
38728,0.10412403
38729,0.048308782
38730,0.054913945
38731,0.014867827
38732,0.030360216
38733,0.13774991
38734,0.031727716
38735,0.033570427
38736,0.042665534
38737,0.06085589
38738,0.07786259
38739,0.13774166
38740,0.22910759
38741,0.20065656
38742,0.0626759
38743,0.047956377
38744,0.026853528
38745,0.0638212
38746,0.048367787
38747,0.012372084
38748,0.29092434
38749,0.04895792
38750,0.56134504
38751,0.08594412
38752,0.106948815
38753,0.05930034
38754,0.043863107
38755,0.058616612
38756,0.023735913
38757,0.018876292
38758,0.028449103
38759,0.021430079
38760,0.10240609
38761,0.038616795
38762,0.09288699
38763,0.0680101
38764,0.11701787
38765,0.1470973
38766,0.45880505
38767,0.072704546
38768,0.023775607
38769,0.09591639
38770,0.020773148
38771,0.044862177
38772,0.12116095
38773,0.05303736
38774,0.103436336
38775,0.025786923
38776,0.098523565
38777,0.033591297
38778,0.028451717
38779,0.017094687
38780,0.118992284
38781,0.011590416
38782,0.027421394
38783,0.057009872
38784,0.026664224
38785,0.028359698
38786,0.047030956
38787,0.06384895
38788,0.09160368
38789,0.13246877
38790,0.120128006
38791,0.17775242
38792,0.22693247
38793,0.2618888
38794,0.013840935
38795,0.10661451
38796,0.05418619
38797,0.035424102
38798,0.07510175
38799,0.05161973
38800,0.032767333
38801,0.047687538
38802,0.05224306
38803,0.02524299
38804,0.0523843
38805,0.10991903
38806,0.022630764
38807,0.047053967
38808,0.26669174
38809,0.06511912
38810,0.13791516
38811,0.5190135
38812,0.12936011
38813,0.12941757
38814,0.0707974
38815,0.08974866
38816,0.079222366
38817,0.09610532
38818,0.05681783
38819,0.01139745
38820,0.018678127
38821,0.26344708
38822,0.071602836
38823,0.06462409
38824,0.050618783
38825,0.055916704
38826,0.021258587
38827,0.020859677
38828,0.0556888
38829,0.5634144
38830,0.06968141
38831,0.054246332
38832,0.123356804
38833,0.8715843
38834,0.109190814
38835,0.017144218
38836,0.12456337
38837,0.07012254
38838,0.16934991
38839,0.39357072
38840,0.0736775
38841,0.019498803
38842,0.050947692
38843,0.038392436
38844,0.10175919
38845,0.15148929
38846,0.043999366
38847,0.13111758
38848,0.06334001
38849,0.07622122
38850,0.0148734255
38851,0.024472175
38852,0.0759751
38853,0.07803728
38854,0.018972026
38855,0.13055252
38856,0.13678344
38857,0.25591332
38858,0.09003305
38859,0.04420117
38860,0.12373249
38861,0.13671528
38862,0.15616682
38863,0.06368477
38864,0.063138895
38865,0.023547132
38866,0.012624785
38867,0.05641511
38868,0.5986066
38869,0.030751485
38870,0.13255943
38871,0.38518032
38872,0.12251764
38873,0.01767354
38874,0.0118421875
38875,0.04994861
38876,0.04573087
38877,0.3634411
38878,0.25980127
38879,0.100859754
38880,0.106950775
38881,0.14441901
38882,0.13971801
38883,0.14265573
38884,0.18291686
38885,0.35925153
38886,0.090029314
38887,0.051288348
38888,0.11297102
38889,0.0579154
38890,0.25841856
38891,0.8335549
38892,0.26501215
38893,0.015596152
38894,0.05735549
38895,0.19481617
38896,0.026013587
38897,0.017295554
38898,0.05065148
38899,0.07545609
38900,0.017118232
38901,0.057547458
38902,0.6418811
38903,0.048867818
38904,0.10345199
38905,0.27046493
38906,0.1358899
38907,0.1754955
38908,0.36270505
38909,0.19860412
38910,0.02498701
38911,0.13229452
38912,0.1342173
38913,0.10199902
38914,0.9903097
38915,0.31262517
38916,0.29160604
38917,0.026412822
38918,0.12502392
38919,0.07484905
38920,0.019397575
38921,0.012904102
38922,0.066491276
38923,0.011518192
38924,0.012047854
38925,0.053323764
38926,0.08598936
38927,0.10982557
38928,0.118285514
38929,0.11896276
38930,0.08438111
38931,0.1243162
38932,0.11790098
38933,0.080067925
38934,0.25622132
38935,0.016395492
38936,0.04782083
38937,0.98374957
38938,0.9674858
38939,0.5976556
38940,0.017618032
38941,0.10945178
38942,0.5558714
38943,0.09056124
38944,0.063502304
38945,0.06491567
38946,0.08746374
38947,0.06827007
38948,0.013852425
38949,0.5300727
38950,0.023117475
38951,0.03341172
38952,0.12541695
38953,0.12384807
38954,0.063373536
38955,0.05526072
38956,0.24661258
38957,0.0998647
38958,0.19243394
38959,0.10303412
38960,0.07667275
38961,0.98484635
38962,0.87327975
38963,0.46365306
38964,0.065479994
38965,0.028247522
38966,0.496776
38967,0.09373625
38968,0.24033102
38969,0.07230786
38970,0.12819023
38971,0.027063612
38972,0.121298954
38973,0.117709614
38974,0.12550217
38975,0.18412639
38976,0.53187144
38977,0.74532515
38978,0.12821938
38979,0.1349917
38980,0.10342141
38981,0.0626396
38982,0.11630428
38983,0.05408726
38984,0.038455192
38985,0.11128933
38986,0.13760643
38987,0.06282951
38988,0.113814615
38989,0.024161654
38990,0.97734344
38991,0.9934506
38992,0.9676286
38993,0.028263748
38994,0.07574076
38995,0.20695859
38996,0.013626162
38997,0.46267566
38998,0.021887492
38999,0.017166363
39000,0.040975977
39001,0.1108218
39002,0.05997327
39003,0.41926685
39004,0.97839105
39005,0.08371042
39006,0.13238679
39007,0.109049946
39008,0.1480583
39009,0.07474331
39010,0.21605219
39011,0.0914119
39012,0.0376008
39013,0.08892663
39014,0.122637734
39015,0.120918795
39016,0.035511713
39017,0.035209574
39018,0.29655522
39019,0.2859597
39020,0.13768329
39021,0.09785354
39022,0.06416002
39023,0.14463365
39024,0.03531082
39025,0.04267825
39026,0.026447646
39027,0.047693897
39028,0.050297152
39029,0.3489743
39030,0.60249275
39031,0.18159047
39032,0.14912975
39033,0.21562642
39034,0.15100858
39035,0.1302653
39036,0.7665666
39037,0.063944906
39038,0.041562326
39039,0.03457865
39040,0.1433073
39041,0.1564657
39042,0.36499
39043,0.3005339
39044,0.19924577
39045,0.100952946
39046,1.0
39047,0.14647767
39048,0.18972014
39049,0.18986791
39050,0.019814769
39051,0.037321128
39052,0.32680282
39053,0.066027395
39054,0.03755622
39055,0.042700764
39056,0.05456518
39057,0.13409266
39058,0.40052292
39059,0.264955
39060,0.27776468
39061,0.26638836
39062,0.13777228
39063,0.13572831
39064,0.2639038
39065,0.024564642
39066,0.15408757
39067,0.09013994
39068,0.05791913
39069,0.53367496
39070,0.25629282
39071,0.04436445
39072,0.504516
39073,0.2520973
39074,0.08776926
39075,0.110569626
39076,0.073091544
39077,0.0411356
39078,0.032382708
39079,0.06697333
39080,0.10149359
39081,0.11407544
39082,0.13467576
39083,0.40015528
39084,0.7836489
39085,0.3951833
39086,0.3568214
39087,0.41556734
39088,0.104654804
39089,0.015639503
39090,0.072644696
39091,0.068961516
39092,0.1232649
39093,0.26073614
39094,0.07231528
39095,0.036546927
39096,0.058252607
39097,0.13433285
39098,0.037188023
39099,0.05941458
39100,0.021043949
39101,0.034334976
39102,0.018540781
39103,0.014608952
39104,0.036772676
39105,0.06751447
39106,0.056383707
39107,0.07448023
39108,0.39653024
39109,0.22168767
39110,0.35587513
39111,0.73423046
39112,0.6459344
39113,0.25641358
39114,0.12772451
39115,0.04411064
39116,0.018418306
39117,0.056487463
39118,0.10668642
39119,0.03272177
39120,0.9788851
39121,0.058254924
39122,0.017458154
39123,0.06169295
39124,0.06481923
39125,0.3219496
39126,0.0422969
39127,0.04672413
39128,0.01620522
39129,0.046119586
39130,0.018359566
39131,0.018263733
39132,0.03811945
39133,0.100336306
39134,0.12721166
39135,0.638923
39136,0.36122513
39137,0.35435602
39138,0.99092364
39139,0.36310646
39140,0.33126456
39141,0.12740853
39142,0.029452667
39143,0.029116116
39144,0.050389796
39145,0.049740396
39146,0.03700856
39147,0.06452141
39148,0.40292135
39149,0.12675536
39150,0.27541703
39151,0.02450424
39152,0.13703527
39153,0.12403054
39154,0.1153182
39155,0.12292848
39156,0.060510714
39157,0.024419583
39158,0.012393684
39159,0.049547214
39160,0.1433864
39161,0.9767704
39162,0.35459945
39163,0.96626294
39164,0.41657668
39165,0.2465383
39166,0.14030148
39167,0.09804947
39168,0.014707528
39169,0.025102213
39170,0.014218599
39171,0.031065429
39172,0.112454414
39173,0.1164563
39174,0.040676292
39175,0.17442201
39176,0.023132283
39177,0.078966826
39178,0.28490558
39179,0.051066037
39180,0.12855145
39181,0.25114328
39182,0.13204311
39183,0.15097477
39184,0.07490469
39185,0.17741725
39186,0.12697992
39187,0.06616965
39188,0.03298234
39189,0.10327978
39190,0.1026514
39191,0.013374596
39192,0.10617329
39193,0.011765808
39194,0.1309703
39195,0.03307536
39196,0.033176158
39197,0.13842452
39198,0.04850711
39199,0.053263072
39200,0.058805313
39201,0.17470013
39202,0.2490504
39203,0.7486082
39204,0.15066604
39205,0.013721655
39206,0.019658642
39207,0.020453168
39208,0.023957003
39209,0.058242623
39210,0.09991539
39211,0.13869599
39212,0.020715827
39213,0.045532823
39214,0.01811146
39215,0.021270582
39216,0.048361834
39217,0.10027649
39218,0.11353619
39219,0.4380723
39220,0.016445892
39221,0.017684773
39222,0.040956356
39223,0.09438938
39224,0.10040248
39225,0.49816677
39226,0.19016278
39227,0.013840552
39228,0.24463668
39229,0.053177055
39230,0.01972425
39231,0.08835686
39232,0.16181579
39233,0.013242458
39234,0.26871145
39235,0.031485617
39236,0.13237569
39237,0.075372204
39238,0.04862906
39239,0.019994507
39240,0.035637956
39241,0.07474408
39242,0.38150424
39243,0.042869236
39244,0.02076155
39245,0.034530595
39246,0.041895565
39247,0.062181886
39248,0.19546674
39249,0.056472115
39250,0.24349867
39251,0.08434345
39252,0.029725736
39253,0.040832892
39254,0.05832267
39255,0.029956058
39256,0.26852655
39257,0.36332735
39258,0.11755955
39259,0.06084742
39260,0.4766312
39261,0.7593046
39262,0.14354336
39263,0.12921979
39264,0.014178932
39265,0.087782316
39266,0.06416487
39267,0.091171734
39268,0.09784813
39269,0.09082564
39270,0.100562856
39271,1.0
39272,0.085997604
39273,0.10545538
39274,0.06943809
39275,0.033714596
39276,0.105555885
39277,0.4461906
39278,0.06515698
39279,0.18189944
39280,0.02320434
39281,0.13721012
39282,0.028599907
39283,0.112670526
39284,0.032315154
39285,0.009616514
39286,0.025504302
39287,0.06953172
39288,0.09012665
39289,0.024906097
39290,0.059823252
39291,0.013469789
39292,0.016390633
39293,0.1960222
39294,0.04725579
39295,0.056346804
39296,0.026344845
39297,0.08622326
39298,0.09509366
39299,0.045413516
39300,0.98695844
39301,0.05820077
39302,0.13754557
39303,0.05666275
39304,0.038124867
39305,0.050118186
39306,0.048086904
39307,0.013599714
39308,0.018947374
39309,0.39136368
39310,0.023167277
39311,0.011482619
39312,0.013126484
39313,0.137641
39314,0.019576116
39315,0.12936324
39316,0.039044112
39317,0.052578643
39318,0.3741126
39319,0.02257569
39320,0.017731117
39321,0.015808148
39322,0.04407227
39323,0.039376993
39324,0.1513964
39325,0.06567182
39326,0.014094468
39327,0.010467607
39328,0.06086906
39329,0.22960894
39330,0.087597065
39331,0.06887505
39332,0.061177235
39333,0.027663488
39334,0.05619879
39335,0.06818234
39336,0.24391106
39337,0.11554118
39338,0.01320785
39339,0.013651661
39340,0.0129692415
39341,0.012350498
39342,0.018616892
39343,0.01344447
39344,0.01594739
39345,0.040994745
39346,0.091624014
39347,0.06862338
39348,0.10283721
39349,0.17266902
39350,0.2621494
39351,0.017047342
39352,0.029763106
39353,0.022306824
39354,0.028858196
39355,0.021383567
39356,0.015331321
39357,0.033854164
39358,0.014680864
39359,0.01426388
39360,0.0117723085
39361,0.0401492
39362,0.059751924
39363,0.016303556
39364,0.058165126
39365,0.12728433
39366,0.048544496
39367,0.03411681
39368,0.016976167
39369,0.09551607
39370,0.012568899
39371,0.40693405
39372,0.053777244
39373,0.061144117
39374,0.080816045
39375,0.013362132
39376,0.08781377
39377,0.037960596
39378,0.013225845
39379,0.11145697
39380,0.020330587
39381,0.12696329
39382,0.18584478
39383,0.024753034
39384,0.0374973
39385,0.026614187
39386,0.014311115
39387,0.014207172
39388,0.04099498
39389,0.010847973
39390,0.14648221
39391,0.116983175
39392,0.21058671
39393,0.018322056
39394,0.025727898
39395,0.054180294
39396,0.031605504
39397,0.01680158
39398,0.04899649
39399,0.02864294
39400,0.31654468
39401,0.24859989
39402,0.021282835
39403,0.1132621
39404,0.015407076
39405,0.01818275
39406,0.028469037
39407,0.01738425
39408,0.03251955
39409,0.029834274
39410,0.039436456
39411,0.027015885
39412,0.024459418
39413,0.034533687
39414,0.031703953
39415,0.057015613
39416,0.027888292
39417,0.028629912
39418,0.027398922
39419,0.22472705
39420,0.027174309
39421,0.09913112
39422,0.03504541
39423,0.14513133
39424,0.24270439
39425,0.02383334
39426,0.03030665
39427,0.22171769
39428,0.09282267
39429,0.23440391
39430,0.16464154
39431,0.095292665
39432,0.025408907
39433,0.0083098225
39434,0.013174372
39435,0.014711541
39436,0.13494672
39437,0.02427454
39438,0.97504497
39439,0.07933767
39440,0.029540662
39441,0.21243781
39442,0.08204784
39443,0.012536003
39444,0.023115946
39445,0.1070073
39446,0.09634993
39447,0.6100847
39448,0.49632347
39449,0.03372659
39450,0.046606436
39451,0.13763721
39452,0.23741175
39453,0.01049937
39454,0.038618222
39455,0.03414019
39456,0.047551133
39457,0.103576064
39458,0.375445
39459,0.10054192
39460,0.22944272
39461,0.7171811
39462,0.19102746
39463,0.019970234
39464,0.4737139
39465,0.088720545
39466,0.1032917
39467,0.03153576
39468,0.030381657
39469,0.036109276
39470,0.09823488
39471,0.06473773
39472,0.07950964
39473,0.10563375
39474,0.1914028
39475,0.3478039
39476,0.038298547
39477,0.027242467
39478,0.055716924
39479,0.045746468
39480,0.059671834
39481,0.030139096
39482,0.028732758
39483,0.022772223
39484,0.09937794
39485,0.17816047
39486,0.18260862
39487,0.035904687
39488,0.01258878
39489,0.4693686
39490,0.10981162
39491,0.1652012
39492,0.43422374
39493,0.4300349
39494,0.009388213
39495,0.06814862
39496,0.064869426
39497,0.016361542
39498,0.02966256
39499,0.05240198
39500,0.053373642
39501,0.08591419
39502,0.22859873
39503,0.43988913
39504,0.015446885
39505,0.020150913
39506,0.082347564
39507,0.09206397
39508,0.31340855
39509,0.043223944
39510,0.1290793
39511,0.029906992
39512,0.15627472
39513,0.53837895
39514,0.1166931
39515,0.013887501
39516,0.024966268
39517,0.04066038
39518,0.059910487
39519,0.015484612
39520,0.022367643
39521,0.12125127
39522,0.12584387
39523,0.09440603
39524,0.120618135
39525,0.051035173
39526,0.029843055
39527,0.035190884
39528,0.03057496
39529,0.03608271
39530,0.13864422
39531,0.06847372
39532,0.10994516
39533,0.015068013
39534,0.05384491
39535,0.038647026
39536,0.020945279
39537,0.03016854
39538,0.050440077
39539,0.031985678
39540,0.0631975
39541,0.50844777
39542,0.45047295
39543,0.033292525
39544,0.031119885
39545,0.09058149
39546,0.044247378
39547,0.016332809
39548,0.07861102
39549,0.027546072
39550,0.164759
39551,0.042621218
39552,0.041035384
39553,0.03946859
39554,0.00992718
39555,0.058756072
39556,0.07145669
39557,0.21042913
39558,0.3560713
39559,0.20948316
39560,0.07280392
39561,0.047608502
39562,0.027694214
39563,0.056388807
39564,0.05406873
39565,0.012379925
39566,0.37014437
39567,0.046038907
39568,0.58280927
39569,0.08936371
39570,0.011257638
39571,0.09568577
39572,0.049250115
39573,0.039782956
39574,0.011378251
39575,0.048358906
39576,0.025642272
39577,0.017857844
39578,0.028324585
39579,0.02831266
39580,0.1000726
39581,0.04389018
39582,0.09040841
39583,0.06894451
39584,0.1199248
39585,0.22986971
39586,0.4584161
39587,0.07028403
39588,0.102858804
39589,0.01822274
39590,0.039028957
39591,0.12502344
39592,0.07369651
39593,0.07318125
39594,0.030474035
39595,0.097980656
39596,0.03324933
39597,0.015727406
39598,0.016320514
39599,0.1429505
39600,0.012035811
39601,0.05757792
39602,0.027838904
39603,0.033488713
39604,0.03505547
39605,0.062958695
39606,0.089250736
39607,0.13361287
39608,0.11524789
39609,0.23004137
39610,0.21372664
39611,0.17180514
39612,0.014061476
39613,0.105643235
39614,0.012886209
39615,0.051991776
39616,0.044699807
39617,0.0713836
39618,0.027179644
39619,0.017898759
39620,0.043502495
39621,0.02881681
39622,0.012656859
39623,0.061593484
39624,0.052193534
39625,0.08025025
39626,0.04724734
39627,0.30693763
39628,0.080824085
39629,0.13500786
39630,0.52616304
39631,0.121835016
39632,0.1292241
39633,0.08034391
39634,0.09118076
39635,0.08188565
39636,0.09727298
39637,0.05581798
39638,0.019695263
39639,0.25757197
39640,0.067519195
39641,0.06687014
39642,0.0544962
39643,0.07685658
39644,0.021128727
39645,0.021036843
39646,0.07443815
39647,0.611424
39648,0.08683817
39649,0.054551724
39650,0.11736938
39651,0.94147015
39652,0.11652889
39653,0.01702733
39654,0.12580095
39655,0.06860118
39656,0.25225028
39657,0.39804196
39658,0.07156922
39659,0.020474033
39660,0.05337566
39661,0.040170167
39662,0.08793384
39663,0.22961578
39664,0.053351346
39665,0.12700671
39666,0.052964635
39667,0.06287562
39668,0.028742211
39669,0.06932408
39670,0.07635281
39671,0.017742803
39672,0.13445368
39673,0.14246503
39674,0.27290002
39675,0.09486852
39676,0.04389748
39677,0.12573501
39678,0.14419113
39679,0.24929078
39680,0.06897763
39681,0.024765216
39682,0.011710202
39683,0.06149668
39684,0.6125548
39685,0.029876933
39686,0.15192094
39687,0.40512124
39688,0.10984386
39689,0.019723065
39690,0.011867864
39691,0.050362088
39692,0.049959578
39693,0.4001589
39694,0.25391755
39695,0.10661302
39696,0.10546543
39697,0.14076298
39698,0.14363512
39699,0.13346486
39700,0.17856361
39701,0.25953484
39702,0.0973934
39703,0.053612243
39704,0.11922014
39705,0.056564335
39706,0.19963795
39707,0.7939141
39708,0.043240514
39709,0.2786427
39710,0.04947223
39711,0.20186312
39712,0.016804352
39713,0.051576696
39714,0.081614085
39715,0.016640482
39716,0.058739554
39717,0.60025764
39718,0.051254343
39719,0.10432114
39720,0.2626733
39721,0.14006054
39722,0.17097689
39723,0.26087898
39724,0.19077219
39725,0.02194804
39726,0.13369174
39727,0.10953277
39728,0.087278575
39729,0.99259806
39730,0.43022388
39731,0.32282358
39732,0.026866829
39733,0.14971592
39734,0.048752233
39735,0.024158174
39736,0.016563091
39737,0.017289491
39738,0.058909837
39739,0.011748197
39740,0.014882574
39741,0.07582145
39742,0.08817693
39743,0.09879056
39744,0.11543867
39745,0.12467728
39746,0.08503514
39747,0.12747218
39748,0.11054832
39749,0.07896939
39750,0.18723081
39751,0.016460579
39752,0.052578088
39753,0.9865038
39754,0.99320877
39755,0.6235116
39756,0.023450797
39757,0.01715618
39758,0.108350985
39759,0.53073174
39760,0.09376268
39761,0.011156423
39762,0.07269206
39763,0.08520064
39764,0.070551634
39765,0.50596654
39766,0.02630886
39767,0.03293346
39768,0.12579606
39769,0.12034079
39770,0.06777628
39771,0.051178098
39772,0.36592475
39773,0.08962451
39774,0.110412635
39775,0.099151984
39776,0.08151419
39777,0.98550665
39778,0.8837722
39779,0.45503524
39780,0.051669277
39781,0.025076266
39782,0.011512482
39783,0.49760565
39784,0.076987594
39785,0.19710276
39786,0.06467949
39787,0.12975785
39788,0.026064733
39789,0.11533124
39790,0.1189896
39791,0.14048038
39792,0.19715728
39793,0.56531656
39794,0.6380717
39795,0.1384069
39796,0.14067122
39797,0.09696745
39798,0.06170846
39799,0.10654038
39800,0.055011343
39801,0.040938403
39802,0.026136672
39803,0.112953916
39804,0.13559072
39805,0.1224614
39806,0.023217453
39807,0.8822992
39808,0.9920959
39809,0.9672695
39810,0.054191127
39811,0.14197323
39812,0.013961267
39813,0.45335925
39814,0.022048833
39815,0.018879818
39816,0.028404053
39817,0.040600806
39818,0.10612808
39819,0.06191214
39820,0.4225157
39821,0.9769005
39822,0.08240416
39823,0.12901488
39824,0.105979756
39825,0.14770816
39826,0.071039155
39827,0.12223516
39828,0.0945304
39829,0.037969563
39830,0.09755627
39831,0.096228175
39832,0.1186778
39833,0.28675675
39834,0.2605254
39835,0.13156003
39836,0.0637531
39837,0.07956919
39838,0.06825702
39839,0.15137333
39840,0.033663645
39841,0.047904816
39842,0.053624947
39843,0.018127384
39844,0.022133302
39845,0.04963827
39846,0.054314885
39847,0.2544938
39848,0.59829485
39849,0.15174423
39850,0.14412141
39851,0.1349116
39852,0.14626935
39853,0.12723738
39854,0.84716576
39855,0.0671045
39856,0.04025666
39857,0.16163297
39858,0.12485023
39859,0.23737456
39860,0.43116197
39861,0.22286713
39862,0.098192476
39863,1.0
39864,0.122146055
39865,0.016575037
39866,0.1875709
39867,0.16492157
39868,0.019865794
39869,0.5531579
39870,0.064913005
39871,0.03943262
39872,0.03945854
39873,0.056715146
39874,0.13771693
39875,0.37997118
39876,0.2664153
39877,0.2781569
39878,0.26039234
39879,0.1461358
39880,0.14223748
39881,0.26567867
39882,0.024398742
39883,0.12597705
39884,0.10546445
39885,0.061715778
39886,0.47346514
39887,0.26765433
39888,0.4746066
39889,0.26473266
39890,0.08095559
39891,0.105506904
39892,0.09344521
39893,0.04033797
39894,0.015671415
39895,0.03159926
39896,0.06802832
39897,0.0985738
39898,0.113841645
39899,0.20668365
39900,0.43112123
39901,0.7877846
39902,0.4179877
39903,0.24685928
39904,0.55315316
39905,0.10367423
39906,0.076213144
39907,0.06274574
39908,0.12556836
39909,0.30253902
39910,0.07079403
39911,0.030936178
39912,0.058963478
39913,0.13416646
39914,0.042739112
39915,0.067317195
39916,0.02127381
39917,0.013536232
39918,0.035983123
39919,0.06771586
39920,0.056121886
39921,0.103079475
39922,0.25913393
39923,0.21721552
39924,0.35021207
39925,0.73743844
39926,0.6359088
39927,0.26170933
39928,0.12508573
39929,0.05223671
39930,0.021266392
39931,0.058875155
39932,0.11535044
39933,0.041678462
39934,0.97661215
39935,0.051493105
39936,0.0152526405
39937,0.06903651
39938,0.06577948
39939,0.35438004
39940,0.056259353
39941,0.05231375
39942,0.018815516
39943,0.042580035
39944,0.017503876
39945,0.017769044
39946,0.035539232
39947,0.0966001
39948,0.1294779
39949,0.6767673
39950,0.39881045
39951,0.37860602
39952,0.99752367
39953,0.39331803
39954,0.3481056
39955,0.14298607
39956,0.027453275
39957,0.029352242
39958,0.040692776
39959,0.050014675
39960,0.029752541
39961,0.06558253
39962,0.41143557
39963,0.10638688
39964,0.26365712
39965,0.024431119
39966,0.12250019
39967,0.117189184
39968,0.12546441
39969,0.14048186
39970,0.05827359
39971,0.024565646
39972,0.052608594
39973,0.14835915
39974,0.97557026
39975,0.35781896
39976,0.96426547
39977,0.43600026
39978,0.24082316
39979,0.1301093
39980,0.095786855
39981,0.027343916
39982,0.02833231
39983,0.023561338
39984,0.09583048
39985,0.08950748
39986,0.18689261
39987,0.024553291
39988,0.076361455
39989,0.27108222
39990,0.045265876
39991,0.13011587
39992,0.17028771
39993,0.03072048
39994,0.1364129
39995,0.14389749
39996,0.07723954
39997,0.16276823
39998,0.027286291
39999,0.124930464
40000,0.081896335
40001,0.033690415
40002,0.10676659
40003,0.10591916
40004,0.10577127
40005,0.011750089
40006,0.12033832
40007,0.03628487
40008,0.03455342
40009,0.13703232
40010,0.047511443
40011,0.047796015
40012,0.05522319
40013,0.18015942
40014,0.25776222
40015,0.762759
40016,0.1571077
40017,0.020361882
40018,0.018081136
40019,0.024628455
40020,0.06134727
40021,0.06961021
40022,0.15037932
40023,0.012913971
40024,0.04686902
40025,0.019848907
40026,0.098954655
40027,0.11181256
40028,0.42037115
40029,0.01617537
40030,0.01771045
40031,0.041837335
40032,0.097782224
40033,0.09803187
40034,0.4681782
40035,0.18404539
40036,0.18078868
40037,0.03898402
40038,0.015319756
40039,0.08447419
40040,0.23915045
40041,0.05304106
40042,0.26090237
40043,0.021228801
40044,0.03150988
40045,0.12943055
40046,0.07919784
40047,0.049333263
40048,0.032824337
40049,0.06825344
40050,0.32064703
40051,0.04103996
40052,0.018830765
40053,0.032940727
40054,0.037102874
40055,0.060944054
40056,0.28543285
40057,0.05106135
40058,0.17050457
40059,0.089693606
40060,0.029490774
40061,0.0141069135
40062,0.045349598
40063,0.04953914
40064,0.026574837
40065,0.29177636
40066,0.24330512
40067,0.018123994
40068,0.10404223
40069,0.055027887
40070,0.0124121485
40071,0.47169012
40072,0.8452199
40073,0.13258678
40074,0.1439592
40075,0.013812521
40076,0.09650479
40077,0.09430662
40078,0.0626584
40079,0.09887123
40080,0.08343757
40081,0.1020212
40082,1.0
40083,0.10919745
40084,0.08706409
40085,0.069727585
40086,0.018739153
40087,0.051225502
40088,0.12235863
40089,0.43065673
40090,0.081999205
40091,0.19683497
40092,0.02491352
40093,0.119372614
40094,0.02959199
40095,0.09900756
40096,0.032506302
40097,0.00964219
40098,0.029272184
40099,0.067232795
40100,0.07527139
40101,0.022062978
40102,0.016682446
40103,0.07911402
40104,0.013798733
40105,0.19812557
40106,0.055865616
40107,0.046567377
40108,0.01972906
40109,0.035314813
40110,0.0913698
40111,0.09996512
40112,0.020833809
40113,0.038561575
40114,0.9874114
40115,0.07978958
40116,0.08977122
40117,0.035361864
40118,0.05634258
40119,0.015398042
40120,0.32570457
40121,0.022325464
40122,0.009984302
40123,0.009156921
40124,0.010610561
40125,0.15554549
40126,0.10990073
40127,0.3560853
40128,0.020164032
40129,0.015638335
40130,0.013546339
40131,0.044519797
40132,0.04347321
40133,0.122989945
40134,0.06181207
40135,0.00977171
40136,0.016845768
40137,0.056630947
40138,0.1479728
40139,0.083798535
40140,0.0719518
40141,0.049439255
40142,0.027731799
40143,0.06365529
40144,0.08118006
40145,0.11598501
40146,0.16636974
40147,0.0120860245
40148,0.013060352
40149,0.01247757
40150,0.016811356
40151,0.017834999
40152,0.0142087
40153,0.015773557
40154,0.015971774
40155,0.022396415
40156,0.06756168
40157,0.0781253
40158,0.08710591
40159,0.0130223725
40160,0.115010686
40161,0.2916364
40162,0.012592167
40163,0.027658504
40164,0.017136583
40165,0.010865539
40166,0.017741052
40167,0.027719013
40168,0.014239791
40169,0.039438087
40170,0.01458225
40171,0.048789486
40172,0.12166508
40173,0.025666086
40174,0.047691975
40175,0.011966395
40176,0.03075551
40177,0.01710585
40178,0.107136264
40179,0.38604137
40180,0.054577697
40181,0.0608219
40182,0.07166289
40183,0.06983498
40184,0.034957092
40185,0.012595267
40186,0.10154764
40187,0.018633576
40188,0.102625296
40189,0.15318108
40190,0.017541587
40191,0.024813177
40192,0.025727618
40193,0.04143956
40194,0.026755175
40195,0.014617436
40196,0.046291728
40197,0.010734368
40198,0.13336778
40199,0.08654678
40200,0.20406958
40201,0.014354342
40202,0.019290976
40203,0.02608455
40204,0.0151125165
40205,0.053724788
40206,0.030465929
40207,0.06551355
40208,0.23374237
40209,0.24400154
40210,0.09916341
40211,0.016685633
40212,0.028872494
40213,0.017240364
40214,0.029111218
40215,0.031453613
40216,0.02651883
40217,0.033815037
40218,0.030310825
40219,0.023240946
40220,0.02823342
40221,0.02390305
40222,0.04526753
40223,0.025168054
40224,0.03863557
40225,0.028708775
40226,0.029581467
40227,0.02380703
40228,0.19377042
40229,0.028795885
40230,0.07762686
40231,0.12534913
40232,0.12734357
40233,0.030322097
40234,0.13031447
40235,0.39756578
40236,0.06289388
40237,0.072434604
40238,0.03958128
40239,0.022832077
40240,0.020566177
40241,0.014758325
40242,0.10739452
40243,0.8518461
40244,0.097610645
40245,0.028968593
40246,0.10054357
40247,0.09879152
40248,0.07367994
40249,0.022606473
40250,0.028430013
40251,0.11117939
40252,0.08515126
40253,0.5381969
40254,0.438442
40255,0.029299684
40256,0.04466535
40257,0.08992103
40258,0.24596296
40259,0.039403968
40260,0.04767082
40261,0.13650051
40262,0.031065598
40263,0.34126657
40264,0.09087225
40265,0.16619544
40266,0.6050847
40267,0.21749626
40268,0.019873086
40269,0.5203563
40270,0.052715898
40271,0.08945316
40272,0.03798835
40273,0.036005598
40274,0.10168883
40275,0.057653185
40276,0.09905849
40277,0.10589637
40278,0.026154013
40279,0.10299292
40280,0.34594658
40281,0.040648013
40282,0.0490775
40283,0.07327839
40284,0.029311527
40285,0.025225962
40286,0.07320655
40287,0.15952282
40288,0.18714768
40289,0.039194956
40290,0.27378073
40291,0.21698065
40292,0.119311765
40293,0.39965677
40294,0.42249197
40295,0.009388213
40296,0.09977361
40297,0.06212671
40298,0.021368597
40299,0.023597075
40300,0.009414668
40301,0.032220088
40302,0.051223047
40303,0.07013715
40304,0.090812
40305,0.18199748
40306,0.43821684
40307,0.019181589
40308,0.057357635
40309,0.039143797
40310,0.38957775
40311,0.044373758
40312,0.06765768
40313,0.027783727
40314,0.02568041
40315,0.13714279
40316,0.54741573
40317,0.111911945
40318,0.013118983
40319,0.0150764445
40320,0.04956824
40321,0.053234052
40322,0.015484612
40323,0.11501136
40324,0.16923444
40325,0.096270815
40326,0.111936465
40327,0.05493046
40328,0.0352122
40329,0.03689602
40330,0.03339609
40331,0.15768857
40332,0.07623432
40333,0.10764662
40334,0.01522387
40335,0.05300245
40336,0.036605883
40337,0.021918073
40338,0.03325607
40339,0.02528834
40340,0.04731762
40341,0.07916454
40342,0.5857455
40343,0.42440477
40344,0.031260803
40345,0.041771855
40346,0.031280898
40347,0.06825986
40348,0.060762282
40349,0.016282212
40350,0.07682743
40351,0.02597182
40352,0.24061202
40353,0.030816507
40354,0.03659145
40355,0.033517092
40356,0.06216134
40357,0.08245816
40358,0.14492954
40359,0.21535954
40360,0.20184375
40361,0.06604506
40362,0.047544744
40363,0.026858957
40364,0.058221444
40365,0.046915572
40366,0.27068397
40367,0.050237443
40368,0.57217497
40369,0.09095433
40370,0.10187561
40371,0.0443275
40372,0.047167767
40373,0.02824562
40374,0.09589094
40375,0.09358297
40376,0.075202204
40377,0.12552072
40378,0.2133583
40379,0.4548215
40380,0.08256749
40381,0.031192444
40382,0.08824443
40383,0.015496717
40384,0.12721904
40385,0.04242619
40386,0.09935185
40387,0.03010279
40388,0.097247064
40389,0.03169607
40390,0.028855102
40391,0.028600603
40392,0.015162356
40393,0.16869442
40394,0.012351148
40395,0.05298282
40396,0.026492052
40397,0.030096354
40398,0.03437247
40399,0.06672359
40400,0.091835655
40401,0.13342626
40402,0.11618772
40403,0.24930838
40404,0.13837598
40405,0.18520626
40406,0.013980935
40407,0.103762306
40408,0.054331597
40409,0.034898203
40410,0.067158416
40411,0.02930114
40412,0.041845743
40413,0.026276868
40414,0.042333245
40415,0.06335509
40416,0.025705548
40417,0.049772285
40418,0.072315566
40419,0.047296844
40420,0.17659213
40421,0.07181349
40422,0.13482079
40423,0.63230824
40424,0.12464979
40425,0.12840167
40426,0.07324364
40427,0.09595747
40428,0.08117267
40429,0.10005574
40430,0.056384545
40431,0.016753975
40432,0.2580738
40433,0.07541319
40434,0.06549849
40435,0.05715004
40436,0.0687884
40437,0.020341713
40438,0.056560162
40439,0.4020821
40440,0.07844721
40441,0.05661121
40442,0.12235368
40443,0.98899597
40444,0.11468166
40445,0.016557503
40446,0.12321615
40447,0.077167906
40448,0.17165987
40449,0.31731534
40450,0.067142904
40451,0.024084805
40452,0.050443456
40453,0.03848708
40454,0.08765724
40455,0.19997765
40456,0.044351365
40457,0.11960206
40458,0.060946606
40459,0.065747924
40460,0.0177664
40461,0.017625421
40462,0.022130344
40463,0.07110124
40464,0.0756362
40465,0.019570833
40466,0.13390832
40467,0.1428278
40468,0.26881275
40469,0.09520642
40470,0.042372018
40471,0.123595364
40472,0.16228741
40473,0.24837221
40474,0.07209756
40475,0.058683455
40476,0.011616932
40477,0.057129364
40478,0.5399267
40479,0.032308858
40480,0.17269184
40481,0.41655663
40482,0.11069865
40483,0.04919222
40484,0.05109009
40485,0.25807813
40486,0.25087744
40487,0.09620345
40488,0.1032243
40489,0.13909431
40490,0.13930568
40491,0.13268335
40492,0.14723979
40493,0.2682116
40494,0.08259587
40495,0.049784083
40496,0.115460806
40497,0.056577794
40498,0.15626614
40499,0.8507753
40500,0.04562944
40501,0.2588665
40502,0.015539201
40503,0.04824285
40504,0.17776087
40505,0.052614655
40506,0.09574786
40507,0.01668334
40508,0.054549314
40509,0.6174725
40510,0.047987964
40511,0.10074945
40512,0.19581108
40513,0.14411499
40514,0.18892261
40515,0.27247173
40516,0.19343436
40517,0.022961494
40518,0.15262166
40519,0.10845632
40520,0.086244605
40521,0.9897052
40522,0.41165802
40523,0.33089048
40524,0.032051686
40525,0.18047206
40526,0.011697313
40527,0.043880157
40528,0.01736418
40529,0.05587717
40530,0.014781802
40531,0.012682287
40532,0.0573257
40533,0.0797829
40534,0.10772903
40535,0.11548844
40536,0.12413587
40537,0.08339361
40538,0.12576546
40539,0.10810438
40540,0.023508284
40541,0.09960174
40542,0.2497339
40543,0.04485512
40544,0.9867663
40545,0.9940316
40546,0.7191255
40547,0.02651446
40548,0.14214662
40549,0.4603161
40550,0.111584865
40551,0.06320735
40552,0.011156423
40553,0.060769238
40554,0.09185635
40555,0.06819731
40556,0.01246914
40557,0.47383836
40558,0.023900174
40559,0.03222503
40560,0.12619402
40561,0.117315285
40562,0.06252147
40563,0.05025276
40564,0.17598885
40565,0.073612094
40566,0.14970724
40567,0.08987513
40568,0.0995259
40569,0.98588467
40570,0.88775855
40571,0.47025016
40572,0.051295158
40573,0.025477929
40574,0.011512482
40575,0.5435775
40576,0.07648334
40577,0.27134213
40578,0.05204064
40579,0.12096078
40580,0.1128414
40581,0.12021816
40582,0.14208081
40583,0.17718007
40584,0.5303064
40585,0.7341719
40586,0.13290519
40587,0.13738753
40588,0.10367277
40589,0.058318514
40590,0.10625641
40591,0.057655632
40592,0.041643657
40593,0.02341063
40594,0.10967517
40595,0.11986439
40596,0.061495617
40597,0.087601654
40598,0.023323992
40599,0.9847407
40600,0.99128026
40601,0.9683661
40602,0.051700544
40603,0.11942189
40604,0.013171498
40605,0.41378057
40606,0.021969134
40607,0.018713417
40608,0.037277095
40609,0.10554259
40610,0.061329044
40611,0.4077516
40612,0.97727853
40613,0.081938475
40614,0.12688553
40615,0.111996576
40616,0.14035478
40617,0.07368212
40618,0.12011062
40619,0.08993076
40620,0.032735292
40621,0.09528392
40622,0.09197996
40623,0.1097782
40624,0.037223756
40625,0.2706287
40626,0.18326373
40627,0.1290482
40628,0.06187241
40629,0.02699074
40630,0.06561705
40631,0.06403936
40632,0.1267257
40633,0.033588216
40634,0.046500362
40635,0.059370603
40636,0.01802388
40637,0.02525174
40638,0.04685034
40639,0.05391802
40640,0.22405995
40641,0.61720276
40642,0.14760746
40643,0.21809348
40644,0.13180123
40645,0.13951585
40646,0.1270184
40647,0.83132833
40648,0.07038988
40649,0.035392914
40650,0.032770805
40651,0.16830048
40652,0.12896223
40653,0.23819971
40654,0.46294796
40655,0.1609138
40656,0.11512036
40657,1.0
40658,0.14683348
40659,0.01674689
40660,0.11623188
40661,0.23383102
40662,0.017556338
40663,0.037854943
40664,0.60203975
40665,0.064523324
40666,0.038018897
40667,0.03754602
40668,0.05538944
40669,0.13085698
40670,0.40306768
40671,0.39410877
40672,0.27261847
40673,0.25967616
40674,0.14098865
40675,0.12566386
40676,0.2614723
40677,0.12380754
40678,0.0984143
40679,0.054855984
40680,0.52167577
40681,0.2591103
40682,0.045307357
40683,0.44124332
40684,0.2800168
40685,0.08005388
40686,0.11084473
40687,0.08635914
40688,0.03763379
40689,0.015671415
40690,0.031247638
40691,0.06939148
40692,0.10350527
40693,0.107401304
40694,0.13105948
40695,0.4286388
40696,0.77519983
40697,0.24287656
40698,0.26047668
40699,0.5579875
40700,0.10190993
40701,0.018030003
40702,0.07242619
40703,0.06617664
40704,0.14771228
40705,0.26298457
40706,0.07353956
40707,0.029004991
40708,0.05480317
40709,0.13153322
40710,0.034538094
40711,0.06387654
40712,0.02101833
40713,0.03604992
40714,0.01847783
40715,0.019196237
40716,0.013600734
40717,0.03663924
40718,0.07491977
40719,0.052535184
40720,0.10003156
40721,0.25957966
40722,0.14251275
40723,0.33457008
40724,0.7255955
40725,0.6266483
40726,0.26265308
40727,0.13010973
40728,0.05243481
40729,0.021696396
40730,0.05742056
40731,0.09752584
40732,0.9777987
40733,0.04877445
40734,0.021225179
40735,0.06284274
40736,0.055458896
40737,0.1971481
40738,0.051137425
40739,0.047039725
40740,0.017855614
40741,0.041868225
40742,0.03765282
40743,0.094763026
40744,0.12734312
40745,0.6141721
40746,0.3927252
40747,0.3752863
40748,0.9972781
40749,0.26017952
40750,0.31188074
40751,0.1596472
40752,0.029499575
40753,0.042265777
40754,0.052684996
40755,0.035614017
40756,0.068034664
40757,0.42082357
40758,0.1105636
40759,0.25655764
40760,0.022670304
40761,0.1102901
40762,0.109344654
40763,0.11633296
40764,0.20338963
40765,0.0600733
40766,0.024706436
40767,0.052942988
40768,0.1476281
40769,0.9737017
40770,0.35210183
40771,0.9816852
40772,0.4479357
40773,0.15035774
40774,0.12832636
40775,0.0886302
40776,0.034155414
40777,0.014926755
40778,0.036858205
40779,0.011974078
40780,0.02730519
40781,0.10963658
40782,0.09773108
40783,0.046942282
40784,0.13937214
40785,0.021254502
40786,0.07095514
40787,0.26151565
40788,0.040280078
40789,0.1273618
40790,0.17711125
40791,0.028579481
40792,0.010280878
40793,0.13632146
40794,0.1454995
40795,0.07791901
40796,0.1677242
40797,0.12228159
40798,0.07330142
40799,0.04487815
40800,0.108751476
40801,0.10899198
40802,0.05262105
40803,0.011399963
40804,0.107302986
40805,0.011791484
40806,0.09552468
40807,0.0356908
40808,0.13324271
40809,0.04784048
40810,0.054038767
40811,0.055473067
40812,0.1539321
40813,0.26280755
40814,0.8433909
40815,0.18606338
40816,0.023745283
40817,0.061782517
40818,0.01856539
40819,0.06582685
40820,0.11604047
40821,0.013035599
40822,0.024295235
40823,0.01774173
40824,0.01300911
40825,0.01913153
40826,0.09843762
40827,0.111761734
40828,0.4020802
40829,0.01617537
40830,0.017618516
40831,0.037468325
40832,0.09361066
40833,0.10453479
40834,0.33239573
40835,0.29056942
40836,0.014104934
40837,0.24941933
40838,0.041867603
40839,0.015409234
40840,0.07222523
40841,0.22771412
40842,0.057750843
40843,0.17447868
40844,0.028757768
40845,0.12814142
40846,0.072642945
40847,0.047287043
40848,0.024054818
40849,0.033562936
40850,0.07377371
40851,0.21825995
40852,0.045388404
40853,0.019024206
40854,0.035512045
40855,0.03703975
40856,0.057967138
40857,0.2598705
40858,0.055113543
40859,0.21540846
40860,0.08427282
40861,0.025342442
40862,0.045873724
40863,0.02857043
40864,0.28357112
40865,0.11001649
40866,0.21600628
40867,0.017155118
40868,0.113287926
40869,0.055287667
40870,0.012332314
40871,0.51397765
40872,0.865668
40873,0.11723384
40874,0.12795596
40875,0.015018169
40876,0.098717205
40877,0.06073189
40878,0.06035896
40879,0.09488962
40880,0.08239944
40881,0.10737046
40882,1.0
40883,0.08826391
40884,0.016873429
40885,0.07170404
40886,0.06670541
40887,0.016725805
40888,0.040709056
40889,0.10719443
40890,0.32109952
40891,0.056500856
40892,0.18647942
40893,0.21425587
40894,0.032985136
40895,0.1014799
40896,0.030695634
40897,0.04228481
40898,0.06664144
40899,0.09194154
40900,0.026848014
40901,0.06008703
40902,0.013713775
40903,0.25563553
40904,0.051693887
40905,0.05555622
40906,0.019354805
40907,0.027993904
40908,0.075149566
40909,0.1049365
40910,0.020912228
40911,0.033605933
40912,0.9877894
40913,0.069873095
40914,0.091721304
40915,0.052795988
40916,0.037106294
40917,0.0477584
40918,0.044321734
40919,0.0147471195
40920,0.017926358
40921,0.2828325
40922,0.022633232
40923,0.009984302
40924,0.010569165
40925,0.18284017
40926,0.018755658
40927,0.112339675
40928,0.044843096
40929,0.05093971
40930,0.2631288
40931,0.018211609
40932,0.02073132
40933,0.018746411
40934,0.04262313
40935,0.037312567
40936,0.13979238
40937,0.064995445
40938,0.013884599
40939,0.0158406
40940,0.060722314
40941,0.119287334
40942,0.08262858
40943,0.069809474
40944,0.051666163
40945,0.027946068
40946,0.062337205
40947,0.016732296
40948,0.068685725
40949,0.13438046
40950,0.14224008
40951,0.012449465
40952,0.022381583
40953,0.05784583
40954,0.05744281
40955,0.10588612
40956,0.016585799
40957,0.1316195
40958,0.28971353
40959,0.018939018
40960,0.026330933
40961,0.022242036
40962,0.030175585
40963,0.05068762
40964,0.025659142
40965,0.039982386
40966,0.014459173
40967,0.048444465
40968,0.10363871
40969,0.035050523
40970,0.04976909
40971,0.011684003
40972,0.0305093
40973,0.080071054
40974,0.318628
40975,0.057403326
40976,0.044558775
40977,0.06571738
40978,0.07010521
40979,0.03115603
40980,0.012771761
40981,0.10439484
40982,0.016553344
40983,0.112575226
40984,0.010268381
40985,0.15059
40986,0.017676018
40987,0.051661633
40988,0.013626482
40989,0.01194075
40990,0.040928572
40991,0.1265717
40992,0.09266651
40993,0.19563164
40994,0.017263198
40995,0.056579575
40996,0.032848623
40997,0.04426072
40998,0.31903046
40999,0.24708731
41000,0.09937442
41001,0.028516255
41002,0.020438867
41003,0.028321117
41004,0.03800081
41005,0.026638586
41006,0.028852975
41007,0.029356703
41008,0.11015774
41009,0.028963367
41010,0.030948188
41011,0.13827942
41012,0.106641285
41013,0.02110063
41014,0.030322097
41015,0.102217324
41016,0.17194504
41017,0.06203253
41018,0.07299735
41019,0.040329568
41020,0.014711541
41021,0.10014367
41022,0.026028993
41023,0.74461436
41024,0.108572945
41025,0.17801586
41026,0.0854778
41027,0.027905019
41028,0.029891169
41029,0.015991662
41030,0.040943768
41031,0.44424617
41032,0.43286574
41033,0.029207088
41034,0.057832353
41035,0.018851588
41036,0.11047301
41037,0.16462487
41038,0.025741445
41039,0.028134804
41040,0.044867586
41041,0.07196365
41042,0.2096778
41043,0.09779641
41044,0.11380311
41045,0.43248
41046,0.20887044
41047,0.43803528
41048,0.055620782
41049,0.06968284
41050,0.02469465
41051,0.03607028
41052,0.090965375
41053,0.056756545
41054,0.07014409
41055,0.06875118
41056,0.0259823
41057,0.027557226
41058,0.036949497
41059,0.21425337
41060,0.04551612
41061,0.027435705
41062,0.08502477
41063,0.045867197
41064,0.028666036
41065,0.053163346
41066,0.14728196
41067,0.16140397
41068,0.03966438
41069,0.014484303
41070,0.1624277
41071,0.11538791
41072,0.09613272
41073,0.34951583
41074,0.4290864
41075,0.08057684
41076,0.04847483
41077,0.031788252
41078,0.031233653
41079,0.05527835
41080,0.07361074
41081,0.14801948
41082,0.43825892
41083,0.014661219
41084,0.046865903
41085,0.0315944
41086,0.01974022
41087,0.034738787
41088,0.19255336
41089,0.043222167
41090,0.04342926
41091,0.033143423
41092,0.105836146
41093,0.46791887
41094,0.11379411
41095,0.016146267
41096,0.017425524
41097,0.04328428
41098,0.074266255
41099,0.11562033
41100,0.14046873
41101,0.112253204
41102,0.11314392
41103,0.054691
41104,0.043801416
41105,0.04049131
41106,0.041486017
41107,0.03668167
41108,0.13371134
41109,0.07778316
41110,0.10679426
41111,0.014836064
41112,0.045135517
41113,0.036081128
41114,0.030810231
41115,0.034040187
41116,0.024533762
41117,0.04661741
41118,0.021299208
41119,0.06666397
41120,0.71658087
41121,0.4425154
41122,0.030523425
41123,0.033689965
41124,0.09251959
41125,0.05355831
41126,0.012811069
41127,0.07707948
41128,0.01607992
41129,0.027157096
41130,0.24832249
41131,0.025554877
41132,0.035097055
41133,0.04299557
41134,0.058922555
41135,0.06933403
41136,0.13226767
41137,0.22744477
41138,0.19659802
41139,0.069677785
41140,0.045597013
41141,0.019202512
41142,0.055144202
41143,0.043073192
41144,0.3736415
41145,0.04581319
41146,0.5430784
41147,0.109757826
41148,0.07503843
41149,0.040692706
41150,0.035171896
41151,0.06335371
41152,0.017321482
41153,0.021340182
41154,0.09714886
41155,0.044629138
41156,0.09279411
41157,0.07514256
41158,0.11744824
41159,0.12535027
41160,0.44725266
41161,0.09093819
41162,0.028171305
41163,0.08891442
41164,0.023100205
41165,0.039002288
41166,0.13549046
41167,0.03662169
41168,0.09404849
41169,0.030358301
41170,0.07973911
41171,0.02732662
41172,0.03898351
41173,0.01712243
41174,0.14194626
41175,0.056217406
41176,0.026409151
41177,0.025847238
41178,0.03674101
41179,0.06363874
41180,0.08880085
41181,0.13464692
41182,0.12098752
41183,0.24949555
41184,0.1348783
41185,0.23871924
41186,0.013883586
41187,0.106329165
41188,0.050703455
41189,0.037525464
41190,0.070755385
41191,0.026388854
41192,0.02424572
41193,0.03335461
41194,0.058313143
41195,0.0254654
41196,0.06328483
41197,0.010434364
41198,0.07178292
41199,0.047212705
41200,0.13272375
41201,0.062675975
41202,0.12605704
41203,0.7556497
41204,0.12726821
41205,0.1296906
41206,0.072140716
41207,0.08904915
41208,0.078429654
41209,0.09672611
41210,0.060356505
41211,0.011594191
41212,0.25453517
41213,0.06436482
41214,0.066242896
41215,0.06389577
41216,0.06622476
41217,0.01762204
41218,0.04719806
41219,0.26535937
41220,0.075901076
41221,0.055742677
41222,0.122890495
41223,0.9781317
41224,0.11677665
41225,0.017101526
41226,0.11919469
41227,0.072973505
41228,0.16944203
41229,0.31884995
41230,0.07721541
41231,0.025320357
41232,0.04992658
41233,0.044505317
41234,0.109584145
41235,0.120175414
41236,0.054221947
41237,0.202603
41238,0.057181027
41239,0.054118916
41240,0.023847612
41241,0.030794097
41242,0.08201081
41243,0.079767786
41244,0.024757776
41245,0.13206594
41246,0.15143165
41247,0.24248496
41248,0.09846304
41249,0.04243025
41250,0.12539862
41251,0.13797642
41252,0.2476179
41253,0.064698875
41254,0.05962546
41255,0.011616932
41256,0.05469621
41257,0.54695815
41258,0.19035584
41259,0.42460233
41260,0.10236858
41261,0.013933382
41262,0.015520175
41263,0.0504635
41264,0.05203827
41265,0.35469005
41266,0.24628456
41267,0.10150153
41268,0.10671614
41269,0.14995235
41270,0.13341756
41271,0.1404353
41272,0.17189059
41273,0.2551965
41274,0.08676394
41275,0.05050203
41276,0.1123967
41277,0.0585678
41278,0.14448373
41279,0.79489994
41280,0.04687119
41281,0.3690745
41282,0.049974862
41283,0.16292405
41284,0.017673675
41285,0.060964294
41286,0.076246165
41287,0.016379122
41288,0.05489123
41289,0.5728016
41290,0.04791395
41291,0.10071293
41292,0.18168153
41293,0.14001524
41294,0.15744475
41295,0.2730628
41296,0.18650486
41297,0.023284191
41298,0.20575821
41299,0.11159599
41300,0.08299226
41301,0.98895246
41302,0.42078987
41303,0.32852554
41304,0.029893076
41305,0.24367861
41306,0.047421064
41307,0.020151474
41308,0.055208962
41309,0.04896348
41310,0.074925184
41311,0.09669124
41312,0.117543735
41313,0.12549986
41314,0.0848148
41315,0.12048119
41316,0.110298924
41317,0.023589587
41318,0.078993306
41319,0.31818178
41320,0.01631826
41321,0.063690856
41322,0.98651475
41323,0.9735766
41324,0.7155223
41325,0.10260626
41326,0.50136495
41327,0.113365695
41328,0.065160796
41329,0.059800733
41330,0.08994805
41331,0.06901771
41332,0.012447824
41333,0.45086816
41334,0.01904157
41335,0.032902054
41336,0.12559505
41337,0.117688574
41338,0.059555627
41339,0.04871367
41340,0.16547747
41341,0.07202024
41342,0.023171814
41343,0.11391094
41344,0.10353787
41345,0.08409652
41346,0.9856733
41347,0.87626195
41348,0.5775784
41349,0.052200694
41350,0.025273183
41351,0.011448734
41352,0.5481169
41353,0.07375328
41354,0.31163132
41355,0.053732265
41356,0.111623876
41357,0.02506594
41358,0.09976435
41359,0.118773624
41360,0.14069624
41361,0.1746692
41362,0.52644575
41363,0.7297965
41364,0.13514277
41365,0.13607371
41366,0.10568123
41367,0.06067781
41368,0.10629305
41369,0.056727126
41370,0.04431931
41371,0.022292327
41372,0.122349694
41373,0.12898193
41374,0.047384236
41375,0.095087096
41376,0.023287429
41377,0.98690546
41378,0.99128026
41379,0.9642529
41380,0.06277473
41381,0.11947564
41382,0.50288665
41383,0.024497155
41384,0.023765663
41385,0.039723568
41386,0.11345013
41387,0.059036415
41388,0.40900266
41389,0.97727853
41390,0.081878774
41391,0.12680864
41392,0.108166374
41393,0.14597644
41394,0.07094844
41395,0.12264827
41396,0.086358756
41397,0.033170275
41398,0.08549336
41399,0.11316453
41400,0.13408975
41401,0.036088794
41402,0.263314
41403,0.27393588
41404,0.11661279
41405,0.06146532
41406,0.057990734
41407,0.06399508
41408,0.20330703
41409,0.034921836
41410,0.04775842
41411,0.051358506
41412,0.020114118
41413,0.024593268
41414,0.049718745
41415,0.055277392
41416,0.23540701
41417,0.65695286
41418,0.14837636
41419,0.1455528
41420,0.1284224
41421,0.14026202
41422,0.1312314
41423,0.71669006
41424,0.06876039
41425,0.031050866
41426,0.11974734
41427,0.13726471
41428,0.23490493
41429,0.49007946
41430,0.21865384
41431,0.11700449
41432,1.0
41433,0.15459988
41434,0.01683883
41435,0.1228051
41436,0.1915246
41437,0.019053387
41438,0.04245276
41439,0.76263475
41440,0.06852129
41441,0.038853806
41442,0.038868513
41443,0.05605038
41444,0.12883215
41445,0.39801064
41446,0.26278773
41447,0.27605286
41448,0.23584825
41449,0.1456194
41450,0.13351335
41451,0.2681526
41452,0.023611134
41453,0.15165485
41454,0.075495616
41455,0.05021655
41456,0.62620646
41457,0.25979742
41458,0.04016333
41459,0.30961773
41460,0.38220894
41461,0.07814519
41462,0.116936125
41463,0.11217568
41464,0.015671415
41465,0.031700626
41466,0.0630875
41467,0.10099603
41468,0.10648961
41469,0.13895947
41470,0.40048087
41471,0.76509595
41472,0.40342203
41473,0.18309037
41474,0.54773
41475,0.10149272
41476,0.016615534
41477,0.07604007
41478,0.08501698
41479,0.13110177
41480,0.25819534
41481,0.071763806
41482,0.028146828
41483,0.054315537
41484,0.11389098
41485,0.04227782
41486,0.059542697
41487,0.019526325
41488,0.015725823
41489,0.035824846
41490,0.01847783
41491,0.017087838
41492,0.0134619875
41493,0.036245186
41494,0.07603901
41495,0.053261388
41496,0.100887746
41497,0.25757772
41498,0.14659563
41499,0.36135638
41500,0.74182147
41501,0.6119994
41502,0.20120765
41503,0.13156308
41504,0.059087217
41505,0.09186411
41506,0.016556367
41507,0.033147637
41508,0.9777987
41509,0.049498197
41510,0.06160701
41511,0.04983941
41512,0.20459369
41513,0.04478719
41514,0.017846487
41515,0.043211468
41516,0.017308472
41517,0.03769546
41518,0.09712898
41519,0.126044
41520,0.63053024
41521,0.3737045
41522,0.23628695
41523,0.9974794
41524,0.26359433
41525,0.34327388
41526,0.1533904
41527,0.036553342
41528,0.029457944
41529,0.026519211
41530,0.0462421
41531,0.04674254
41532,0.062146366
41533,0.41160157
41534,0.07704662
41535,0.37196547
41536,0.022633784
41537,0.12507154
41538,0.18242218
41539,0.11928594
41540,0.13953672
41541,0.062746145
41542,0.05246404
41543,0.14776944
41544,0.97252166
41545,0.36915576
41546,0.97124666
41547,0.4161894
41548,0.17096156
41549,0.12954855
41550,0.08518886
41551,0.03556099
41552,0.022367692
41553,0.012206607
41554,0.026442109
41555,0.09282618
41556,0.113258585
41557,0.047436714
41558,0.16348402
41559,0.06834239
41560,0.30614978
41561,0.043551948
41562,0.013459223
41563,0.12690781
41564,0.1914494
41565,0.031591844
41566,0.010280878
41567,0.20361102
41568,0.14343314
41569,0.07856177
41570,0.16983658
41571,0.10545765
41572,0.08170888
41573,0.033283383
41574,0.09947952
41575,0.11223562
41576,0.04466247
41577,0.011426757
41578,0.111314915
41579,0.011791484
41580,0.08544497
41581,0.036677327
41582,0.1335222
41583,0.045566183
41584,0.051516
41585,0.012170791
41586,0.055078916
41587,0.17895807
41588,0.26208442
41589,0.86518115
41590,0.16957347
41591,0.017590312
41592,0.024395946
41593,0.049255036
41594,0.014675543
41595,0.06816871
41596,0.12086244
41597,0.012913971
41598,0.024324311
41599,0.015367891
41600,0.012237051
41601,0.017729087
41602,0.09724887
41603,0.11209435
41604,0.37795538
41605,0.01617537
41606,0.01771045
41607,0.038140904
41608,0.09221368
41609,0.10033276
41610,0.46054375
41611,0.3065515
41612,0.013985167
41613,0.25033855
41614,0.035023287
41615,0.015438934
41616,0.068632275
41617,0.15151417
41618,0.059791215
41619,0.20299965
41620,0.016466118
41621,0.020281311
41622,0.031287774
41623,0.13648342
41624,0.072841726
41625,0.049058802
41626,0.024731956
41627,0.03671369
41628,0.06384134
41629,0.32456714
41630,0.048879657
41631,0.013601026
41632,0.017177843
41633,0.038444504
41634,0.07438777
41635,0.272342
41636,0.05661009
41637,0.21123262
41638,0.079936445
41639,0.014027379
41640,0.055690546
41641,0.050597947
41642,0.027516887
41643,0.36844137
41644,0.24061224
41645,0.01775021
41646,0.1140546
41647,0.055182707
41648,0.013733913
41649,0.40493363
41650,0.860886
41651,0.12088595
41652,0.16538917
41653,0.016651103
41654,0.096752726
41655,0.05464105
41656,0.060553707
41657,0.08613694
41658,0.0896918
41659,0.1479706
41660,0.99876684
41661,0.070572376
41662,0.054874122
41663,0.063185215
41664,0.10051111
41665,0.3250125
41666,0.054590065
41667,0.24831976
41668,0.16312693
41669,0.032012973
41670,0.0982665
41671,0.031570263
41672,0.033126403
41673,0.06455036
41674,0.10091846
41675,0.028229736
41676,0.056863308
41677,0.01572276
41678,0.2594526
41679,0.06690504
41680,0.059997752
41681,0.01526115
41682,0.026611047
41683,0.07108174
41684,0.093381666
41685,0.035067137
41686,0.987141
41687,0.058417853
41688,0.11940193
41689,0.046869013
41690,0.03818286
41691,0.050418396
41692,0.04796882
41693,0.013747693
41694,0.017530153
41695,0.2643668
41696,0.028386913
41697,0.012907256
41698,0.1725194
41699,0.10099699
41700,0.037048906
41701,0.05206776
41702,0.2683806
41703,0.04097231
41704,0.04232715
41705,0.2613431
41706,0.0639021
41707,0.013759113
41708,0.015033571
41709,0.06614617
41710,0.1434362
41711,0.060849804
41712,0.06849042
41713,0.053016935
41714,0.05522427
41715,0.12611605
41716,0.2039886
41717,0.01295864
41718,0.013237151
41719,0.01330431
41720,0.017040757
41721,0.01890666
41722,0.012365029
41723,0.015061454
41724,0.022667093
41725,0.048288934
41726,0.05026439
41727,0.09897398
41728,0.14931236
41729,0.2632897
41730,0.018982153
41731,0.01605711
41732,0.016488465
41733,0.020422282
41734,0.017621387
41735,0.028037222
41736,0.010344187
41737,0.014261107
41738,0.011797985
41739,0.046390932
41740,0.027603822
41741,0.042386506
41742,0.016383674
41743,0.10513297
41744,0.051800396
41745,0.029274957
41746,0.08064248
41747,0.0121261645
41748,0.4193907
41749,0.063016325
41750,0.056752283
41751,0.07143614
41752,0.07168756
41753,0.03216026
41754,0.068367
41755,0.016047215
41756,0.12757501
41757,0.14923675
41758,0.017424507
41759,0.0124244895
41760,0.024473641
41761,0.038860746
41762,0.0095203705
41763,0.024524936
41764,0.022870017
41765,0.11104759
41766,0.078315936
41767,0.025800169
41768,0.18534699
41769,0.018835956
41770,0.025908893
41771,0.05155068
41772,0.03948542
41773,0.30658093
41774,0.14453577
41775,0.014719304
41776,0.10163885
41777,0.018095324
